batter_id,batter_name,opportunities,recognized,not_recognized,raw_recognition_rate,expected_recognized,expected_recognition_rate,recognized_above_expected,raw_minus_expected_rate,posterior_log_odds_effect,adjusted_recognition_rate,adjusted_effect,uncertainty_lower,uncertainty_upper,adjusted_rate_lower,adjusted_rate_upper,uncertainty_width,publication_eligible,ranking_support_eligible,shrinkage_method,support_classification,temporal_support,rank_eligible
457705,Andrew McCutchen,5,3,2,0.6,1.22502943182,0.245005886364,1.77497056818,0.354994113636,0.74808813814,0.331581965623,0.0865760792592,-0.0491161824477,0.289944346693,0.195889703916,0.534950233057,0.339060529141,False,False,NORMAL_RANDOM_EFFECT_EMPIRICAL_BAYES,ALL_OBSERVED_BATTERS,2 active months; 5/0 split-half opportunities,False
467793,Carlos Santana,2,0,2,0,0.320851853461,0.160425926731,-0.320851853461,-0.160425926731,-0.182465149022,0.137364637667,-0.0230612890638,-0.123167157398,0.224225977907,0.0372587693326,0.384651904637,0.347393135305,False,False,NORMAL_RANDOM_EFFECT_EMPIRICAL_BAYES,ALL_OBSERVED_BATTERS,1 active months; 2/0 split-half opportunities,False
500743,Miguel Rojas,20,6,14,0.3,3.2317175455,0.161585877275,2.7682824545,0.138414122725,0.576106552735,0.243596300174,0.0820104228992,-0.0371739541873,0.242434388198,0.124411923088,0.404020265473,0.279608342386,True,False,NORMAL_RANDOM_EFFECT_EMPIRICAL_BAYES,PUBLICATION_ELIGIBLE,6 active months; 12/8 split-half opportunities,False
502671,Paul Goldschmidt,36,1,35,0.0277777777778,6.94176289888,0.192826747191,-5.94176289888,-0.165048969413,-1.15780284923,0.0776008575738,-0.115225889617,-0.161525030336,-0.0309796772941,0.0313017168548,0.161847069897,0.130545353042,True,True,NORMAL_RANDOM_EFFECT_EMPIRICAL_BAYES,RANKING_ELIGIBLE,6 active months; 18/18 split-half opportunities,True
506702,Sandy León,4,0,4,0,1.05466179303,0.263665448259,-1.05466179303,-0.263665448259,-0.481813414039,0.197099510845,-0.0665659374133,-0.190176566307,0.136818134796,0.0734888819515,0.400483583055,0.326994701103,False,False,NORMAL_RANDOM_EFFECT_EMPIRICAL_BAYES,ALL_OBSERVED_BATTERS,2 active months; 4/0 split-half opportunities,False
514888,Jose Altuve,43,20,23,0.46511627907,9.0624105601,0.210753733956,10.9375894399,0.254362545114,1.22103480264,0.414643648059,0.203889914103,0.0899492416948,0.327280939696,0.300702975651,0.538034673651,0.237331698001,True,True,NORMAL_RANDOM_EFFECT_EMPIRICAL_BAYES,RANKING_ELIGIBLE,6 active months; 21/22 split-half opportunities,True
516782,Starling Marte,11,2,9,0.181818181818,3.59054748453,0.326413407685,-1.59054748453,-0.144595225867,-0.484065521989,0.252118121263,-0.0742952864221,-0.20630590531,0.0962153257792,0.120107502375,0.422628733464,0.302521231089,False,False,NORMAL_RANDOM_EFFECT_EMPIRICAL_BAYES,ALL_OBSERVED_BATTERS,5 active months; 6/5 split-half opportunities,False
518595,Travis d'Arnaud,2,0,2,0,0.216730432775,0.108365216387,-0.216730432775,-0.108365216387,-0.130063650261,0.0969165581814,-0.0114486582059,-0.0826803701769,0.175465811117,0.0256848462104,0.283831027505,0.258146181294,False,False,NORMAL_RANDOM_EFFECT_EMPIRICAL_BAYES,ALL_OBSERVED_BATTERS,2 active months; 1/1 split-half opportunities,False
518692,Freddie Freeman,35,5,30,0.142857142857,6.21408602388,0.177545314968,-1.21408602388,-0.0346881721109,-0.240862028784,0.149010385007,-0.0285349299614,-0.102234985615,0.0822729033447,0.0753103293526,0.259818218313,0.18450788896,True,True,NORMAL_RANDOM_EFFECT_EMPIRICAL_BAYES,RANKING_ELIGIBLE,7 active months; 21/14 split-half opportunities,True
519317,Giancarlo Stanton,4,1,3,0.25,0.532146534954,0.133036633738,0.467853465046,0.116963366262,0.199403469276,0.153203723632,0.0201670898938,-0.080816933567,0.198787094856,0.0522197001715,0.331823728594,0.279604028423,False,False,NORMAL_RANDOM_EFFECT_EMPIRICAL_BAYES,ALL_OBSERVED_BATTERS,2 active months; 4/0 split-half opportunities,False
521692,Salvador Perez,26,8,18,0.307692307692,3.45434088753,0.132859264905,4.54565911247,0.174833042787,0.843183452439,0.246240159455,0.11338089455,0.00161723943682,0.259502542951,0.134476504342,0.392361807856,0.257885303514,True,False,NORMAL_RANDOM_EFFECT_EMPIRICAL_BAYES,PUBLICATION_ELIGIBLE,6 active months; 8/18 split-half opportunities,False
542303,Marcell Ozuna,33,12,21,0.363636363636,5.99603165387,0.181697928905,6.00396834613,0.181938434731,0.879093560555,0.313857983298,0.132160054393,0.0193003550127,0.269467623465,0.200998283918,0.45116555237,0.250167268452,True,True,NORMAL_RANDOM_EFFECT_EMPIRICAL_BAYES,RANKING_ELIGIBLE,5 active months; 22/11 split-half opportunities,True
543309,Kyle Higashioka,13,2,11,0.153846153846,2.89099785958,0.222384450737,-0.890997859584,-0.0685382968911,-0.301512200942,0.186147271909,-0.0362371788282,-0.134263185249,0.113508773894,0.0881212654878,0.335893224632,0.247771959144,False,False,NORMAL_RANDOM_EFFECT_EMPIRICAL_BAYES,ALL_OBSERVED_BATTERS,5 active months; 8/5 split-half opportunities,False
543510,James McCann,12,1,11,0.0833333333333,1.42906684091,0.119088903409,-0.429066840911,-0.035755570076,-0.196859647647,0.100902532032,-0.0181863713772,-0.0856910973852,0.122543950977,0.0333978060241,0.241632854386,0.208235048362,False,False,NORMAL_RANDOM_EFFECT_EMPIRICAL_BAYES,ALL_OBSERVED_BATTERS,4 active months; 1/11 split-half opportunities,False
543760,Marcus Semien,27,9,18,0.333333333333,4.59942515856,0.170349079947,4.40057484144,0.162984253387,0.742175312784,0.280989391466,0.110640311519,-0.00741830971786,0.259495839868,0.162930770229,0.429844919815,0.266914149586,True,False,NORMAL_RANDOM_EFFECT_EMPIRICAL_BAYES,PUBLICATION_ELIGIBLE,7 active months; 13/14 split-half opportunities,False
543807,George Springer,36,4,32,0.111111111111,7.9782199534,0.221617220928,-3.9782199534,-0.110506109817,-0.71138271607,0.140250034868,-0.08136718606,-0.147761177912,0.016915174146,0.0738560430158,0.238532395074,0.164676352058,True,True,NORMAL_RANDOM_EFFECT_EMPIRICAL_BAYES,RANKING_ELIGIBLE,7 active months; 19/17 split-half opportunities,True
543877,Christian Vázquez,17,5,12,0.294117647059,2.48048751351,0.145911030206,2.51951248649,0.148206616852,0.592284947179,0.225918950918,0.0800079207118,-0.0384987161926,0.250538435243,0.107412314014,0.396449465449,0.289037151436,False,False,NORMAL_RANDOM_EFFECT_EMPIRICAL_BAYES,ALL_OBSERVED_BATTERS,6 active months; 8/9 split-half opportunities,False
545121,Ildemaro Vargas,27,2,25,0.0740740740741,5.3927392584,0.199731083645,-3.3927392584,-0.125657009571,-0.770382095627,0.117508229941,-0.0822228537032,-0.147711583795,0.0219811001845,0.0520194998499,0.221712183829,0.169692683979,True,False,NORMAL_RANDOM_EFFECT_EMPIRICAL_BAYES,PUBLICATION_ELIGIBLE,6 active months; 12/15 split-half opportunities,False
545341,Randal Grichuk,15,6,9,0.4,2.58163017949,0.172108678633,3.41836982051,0.227891321367,0.841722071146,0.296738147666,0.124629469033,-0.0143613951288,0.30426241183,0.157747283504,0.476371090463,0.318623806959,False,False,NORMAL_RANDOM_EFFECT_EMPIRICAL_BAYES,ALL_OBSERVED_BATTERS,6 active months; 3/12 split-half opportunities,False
545361,Mike Trout,73,8,65,0.109589041096,16.1898405762,0.22177863803,-8.1898405762,-0.112189596934,-0.815919155471,0.125775888597,-0.0960027494331,-0.149218740086,-0.0227988743763,0.0725598979438,0.198979763654,0.12641986571,True,True,NORMAL_RANDOM_EFFECT_EMPIRICAL_BAYES,RANKING_ELIGIBLE,7 active months; 36/37 split-half opportunities,True
547180,Bryce Harper,31,21,10,0.677419354839,6.39389642759,0.206254723471,14.6061035724,0.471164631368,1.89577344616,0.572937494039,0.366682770568,0.223057591853,0.502491251722,0.429312315323,0.708745975193,0.27943365987,True,True,NORMAL_RANDOM_EFFECT_EMPIRICAL_BAYES,RANKING_ELIGIBLE,6 active months; 13/18 split-half opportunities,True
553869,Elias Díaz,11,0,11,0,2.18061614547,0.198237831406,-2.18061614547,-0.198237831406,-0.759718542121,0.108053262061,-0.090184569345,-0.162478595875,0.0609764547641,0.0357592355313,0.25921428617,0.223455050639,False,False,NORMAL_RANDOM_EFFECT_EMPIRICAL_BAYES,ALL_OBSERVED_BATTERS,5 active months; 2/9 split-half opportunities,False
553993,Eugenio Suárez,44,5,39,0.113636363636,9.27239439166,0.210736236174,-4.27239439166,-0.0970998725378,-0.646377534908,0.134523131635,-0.0762131045391,-0.140988429988,0.0170554034989,0.0697478061863,0.227791639673,0.158043833487,True,True,NORMAL_RANDOM_EFFECT_EMPIRICAL_BAYES,RANKING_ELIGIBLE,7 active months; 17/27 split-half opportunities,True
571448,Nolan Arenado,38,8,30,0.210526315789,7.91594915452,0.208314451435,0.0840508454781,0.00221186435469,-0.0112994505702,0.206828172128,-0.00148627930724,-0.0867491719779,0.111047459167,0.121565279457,0.319361910602,0.197796631145,True,True,NORMAL_RANDOM_EFFECT_EMPIRICAL_BAYES,RANKING_ELIGIBLE,6 active months; 13/25 split-half opportunities,True
571771,Enrique Hernández,6,0,6,0,0.730426235736,0.121737705956,-0.730426235736,-0.121737705956,-0.35684277332,0.0894039547079,-0.032333751248,-0.0962510526653,0.129387714642,0.0254866532907,0.251125420598,0.225638767307,False,False,NORMAL_RANDOM_EFFECT_EMPIRICAL_BAYES,ALL_OBSERVED_BATTERS,4 active months; 1/5 split-half opportunities,False
571912,Luke Maile,4,0,4,0,0.543525704266,0.135881426066,-0.543525704266,-0.135881426066,-0.282496341034,0.107753046673,-0.0281283793933,-0.104789665816,0.15375563351,0.0310917602502,0.289637059577,0.258545299326,False,False,NORMAL_RANDOM_EFFECT_EMPIRICAL_BAYES,ALL_OBSERVED_BATTERS,2 active months; 0/4 split-half opportunities,False
571970,Max Muncy,29,3,26,0.103448275862,6.61847839098,0.228223392792,-3.61847839098,-0.12477511693,-0.74433344167,0.142824230047,-0.085399162745,-0.158044789685,0.0204739683207,0.0701786031079,0.248697361113,0.178518758005,True,False,NORMAL_RANDOM_EFFECT_EMPIRICAL_BAYES,PUBLICATION_ELIGIBLE,6 active months; 15/14 split-half opportunities,False
572233,Christian Walker,27,11,16,0.407407407407,4.47123527928,0.16560130664,6.52876472072,0.241806100767,1.08600361389,0.334303430877,0.168702124237,0.0417450820383,0.318055890675,0.207346388678,0.483657197316,0.276310808637,True,False,NORMAL_RANDOM_EFFECT_EMPIRICAL_BAYES,PUBLICATION_ELIGIBLE,7 active months; 13/14 split-half opportunities,False
573262,Mike Yastrzemski,19,1,18,0.0526315789474,2.74776620696,0.144619274051,-1.74776620696,-0.0919876951034,-0.531400654981,0.0916136721909,-0.0530056018598,-0.112487354793,0.0703041046331,0.0321319192575,0.214923378684,0.182791459426,False,False,NORMAL_RANDOM_EFFECT_EMPIRICAL_BAYES,ALL_OBSERVED_BATTERS,6 active months; 10/9 split-half opportunities,False
575929,Willson Contreras,30,8,22,0.266666666667,6.95923431234,0.231974477078,1.04076568766,0.0346921895885,0.151848355158,0.254062446483,0.0220879694048,-0.0815653927872,0.150852185379,0.150409084291,0.382826662457,0.232417578166,True,True,NORMAL_RANDOM_EFFECT_EMPIRICAL_BAYES,RANKING_ELIGIBLE,5 active months; 18/12 split-half opportunities,True
592206,Nick Castellanos,5,0,5,0,0.913743298811,0.182748659762,-0.913743298811,-0.182748659762,-0.424769474845,0.13510268997,-0.0476459697922,-0.138402555034,0.128110012492,0.0443461047278,0.310858672254,0.266512567527,False,False,NORMAL_RANDOM_EFFECT_EMPIRICAL_BAYES,ALL_OBSERVED_BATTERS,3 active months; 5/0 split-half opportunities,False
592450,Aaron Judge,23,6,17,0.260869565217,5.81022117045,0.252618311759,0.189778829546,0.00825125345851,0.0171808542851,0.255020326899,0.00240201514002,-0.104821859481,0.139484698634,0.147796452278,0.392103010393,0.244306558115,True,False,NORMAL_RANDOM_EFFECT_EMPIRICAL_BAYES,PUBLICATION_ELIGIBLE,3 active months; 23/0 split-half opportunities,False
592518,Manny Machado,32,10,22,0.3125,5.54379796421,0.173243686382,4.45620203579,0.139256313618,0.688125466604,0.271253773497,0.0980100871153,-0.00908060217899,0.230229481531,0.164163084203,0.403473167913,0.23931008371,True,True,NORMAL_RANDOM_EFFECT_EMPIRICAL_BAYES,RANKING_ELIGIBLE,6 active months; 21/11 split-half opportunities,True
592626,Joc Pederson,16,3,13,0.1875,4.07200923409,0.25450057713,-1.07200923409,-0.0670005771304,-0.322964445475,0.216335150266,-0.0381654268647,-0.133670380166,0.0973157171542,0.120830196965,0.351816294285,0.23098609732,False,False,NORMAL_RANDOM_EFFECT_EMPIRICAL_BAYES,ALL_OBSERVED_BATTERS,5 active months; 7/9 split-half opportunities,False
592663,J.T. Realmuto,29,2,27,0.0689655172414,4.87663533857,0.168159839261,-2.87663533857,-0.0991943220196,-0.664848525518,0.102259360907,-0.0659004783538,-0.124044763146,0.0329944742243,0.0441150761147,0.201154313485,0.157039237371,True,False,NORMAL_RANDOM_EFFECT_EMPIRICAL_BAYES,PUBLICATION_ELIGIBLE,5 active months; 9/20 split-half opportunities,False
592885,Christian Yelich,41,6,35,0.146341463415,9.48083784101,0.231239947342,-3.48083784101,-0.0848984839271,-0.510030226238,0.163139370648,-0.068100576694,-0.143136799033,0.0356369685528,0.0881031483087,0.266876915894,0.178773767586,True,True,NORMAL_RANDOM_EFFECT_EMPIRICAL_BAYES,RANKING_ELIGIBLE,7 active months; 15/26 split-half opportunities,True
593428,Xander Bogaerts,55,18,37,0.327272727273,11.7798500395,0.214179091628,6.22014996047,0.113093635645,0.557526713744,0.307402102969,0.0932230113408,-0.00449540938319,0.205816888186,0.209683682245,0.419995979814,0.21031229757,True,True,NORMAL_RANDOM_EFFECT_EMPIRICAL_BAYES,RANKING_ELIGIBLE,6 active months; 24/31 split-half opportunities,True
593871,Jorge Polanco,11,4,7,0.363636363636,2.81769406449,0.256154005863,1.18230593551,0.107482357774,0.32012797141,0.307735405364,0.0515813995016,-0.0999355029403,0.241269718673,0.156218502922,0.497423724536,0.341205221614,False,False,NORMAL_RANDOM_EFFECT_EMPIRICAL_BAYES,ALL_OBSERVED_BATTERS,3 active months; 2/9 split-half opportunities,False
595879,Javier Báez,8,4,4,0.5,1.71027835793,0.213784794741,2.28972164207,0.286215205259,0.769435546325,0.325622874456,0.111838079715,-0.0435880077543,0.321154315265,0.170196786987,0.534939110006,0.364742323019,False,False,NORMAL_RANDOM_EFFECT_EMPIRICAL_BAYES,ALL_OBSERVED_BATTERS,3 active months; 4/4 split-half opportunities,False
595978,Austin Hedges,13,1,12,0.0769230769231,3.12398084697,0.240306218998,-2.12398084697,-0.163383142075,-0.64513079367,0.153534324968,-0.0867718940303,-0.180428009188,0.0670150924697,0.0598782098099,0.307321311468,0.247443101658,False,False,NORMAL_RANDOM_EFFECT_EMPIRICAL_BAYES,ALL_OBSERVED_BATTERS,5 active months; 5/8 split-half opportunities,False
596019,Francisco Lindor,36,0,36,0,5.17999969797,0.143888880499,-5.17999969797,-0.143888880499,-1.21068288875,0.0529596080279,-0.0909292724711,-0.124758809199,-0.02175674621,0.0191300713001,0.122132134289,0.103002062989,True,True,NORMAL_RANDOM_EFFECT_EMPIRICAL_BAYES,RANKING_ELIGIBLE,6 active months; 6/30 split-half opportunities,True
596103,Austin Slater,5,1,4,0.2,0.806658374135,0.161331674827,0.193341625865,0.038668325173,0.0574551229195,0.16814125156,0.00680957673289,-0.102814087707,0.202560606058,0.0585175871196,0.363892280885,0.305374693765,False,False,NORMAL_RANDOM_EFFECT_EMPIRICAL_BAYES,ALL_OBSERVED_BATTERS,1 active months; 5/0 split-half opportunities,False
596115,Trevor Story,17,2,15,0.117647058824,3.36261279883,0.197800752872,-1.36261279883,-0.0801536940487,-0.408772828733,0.152573003903,-0.0452277489689,-0.129139964884,0.0843236959195,0.0686607879884,0.282124448792,0.213463660803,False,False,NORMAL_RANDOM_EFFECT_EMPIRICAL_BAYES,ALL_OBSERVED_BATTERS,5 active months; 14/3 split-half opportunities,False
596117,Garrett Stubbs,2,1,1,0.5,0.347660582474,0.173830291237,0.652339417526,0.326169708763,0.313454664837,0.216569726576,0.0427394353391,-0.101753702385,0.278588097016,0.0720765888522,0.452418388253,0.380341799401,False,False,NORMAL_RANDOM_EFFECT_EMPIRICAL_BAYES,ALL_OBSERVED_BATTERS,2 active months; 0/2 split-half opportunities,False
596142,Gary Sánchez,24,14,10,0.583333333333,5.06132755417,0.210888648091,8.93867244583,0.372444685243,1.47618108404,0.476902424265,0.266013776174,0.11561862304,0.417645406903,0.326507271131,0.628534054993,0.302026783863,True,False,NORMAL_RANDOM_EFFECT_EMPIRICAL_BAYES,PUBLICATION_ELIGIBLE,6 active months; 14/10 split-half opportunities,False
596146,Max Kepler,6,2,4,0.333333333333,0.97528820529,0.162548034215,1.02471179471,0.170785299118,0.359199395904,0.215177320554,0.0526292863393,-0.0855153365088,0.290332830684,0.0770326977062,0.452880864899,0.375848167193,False,False,NORMAL_RANDOM_EFFECT_EMPIRICAL_BAYES,ALL_OBSERVED_BATTERS,2 active months; 0/6 split-half opportunities,False
602104,Ramón Urías,4,2,2,0.5,1.04182860241,0.260457150603,0.958171397586,0.239542849397,0.382306049358,0.325249086593,0.0647919359894,-0.119176758403,0.315493349443,0.141280392201,0.575950500046,0.434670107845,False,False,NORMAL_RANDOM_EFFECT_EMPIRICAL_BAYES,ALL_OBSERVED_BATTERS,2 active months; 3/1 split-half opportunities,False
605137,Josh Bell,30,12,18,0.4,6.44852661029,0.21495088701,5.55147338971,0.18504911299,0.763275120515,0.353166179253,0.138215292243,0.00716208108231,0.287267801233,0.222112968092,0.502218688242,0.28010572015,True,True,NORMAL_RANDOM_EFFECT_EMPIRICAL_BAYES,RANKING_ELIGIBLE,7 active months; 16/14 split-half opportunities,True
605141,Mookie Betts,47,10,37,0.212765957447,7.09687294147,0.150997296627,2.90312705853,0.0617686608198,0.351009751656,0.1956747804,0.0446774837733,-0.0363378979811,0.153274798472,0.114659398646,0.304272095099,0.189612696453,True,True,NORMAL_RANDOM_EFFECT_EMPIRICAL_BAYES,RANKING_ELIGIBLE,6 active months; 15/32 split-half opportunities,True
605170,Victor Caratini,27,3,24,0.111111111111,5.89040018813,0.218162969931,-2.89040018813,-0.10705185882,-0.606493102379,0.143777286274,-0.0743856836566,-0.151024271418,0.0407938555855,0.0671386985131,0.258956825516,0.191818127003,True,False,NORMAL_RANDOM_EFFECT_EMPIRICAL_BAYES,PUBLICATION_ELIGIBLE,5 active months; 17/10 split-half opportunities,False
605244,Aramis Garcia,1,0,1,0,0.146244383269,0.146244383269,-0.146244383269,-0.146244383269,-0.0907141089538,0.135277547218,-0.0109668360513,-0.110716545059,0.249008160313,0.0355278382103,0.395252543582,0.359724705372,False,False,NORMAL_RANDOM_EFFECT_EMPIRICAL_BAYES,ALL_OBSERVED_BATTERS,1 active months; 1/0 split-half opportunities,False
606115,Orlando Arcia,1,0,1,0,0.128748189127,0.128748189127,-0.128748189127,-0.128748189127,-0.0813158773504,0.119898842603,-0.00884934652424,-0.0979486298127,0.235314046911,0.0307995593143,0.364062236038,0.333262676723,False,False,NORMAL_RANDOM_EFFECT_EMPIRICAL_BAYES,ALL_OBSERVED_BATTERS,1 active months; 1/0 split-half opportunities,False
606192,Teoscar Hernández,27,11,16,0.407407407407,5.17099283637,0.191518253199,5.82900716363,0.215889154209,0.916313506319,0.345270926241,0.153752673042,0.0217269441371,0.305416489315,0.213245197336,0.496934742514,0.283689545178,True,False,NORMAL_RANDOM_EFFECT_EMPIRICAL_BAYES,PUBLICATION_ELIGIBLE,6 active months; 13/14 split-half opportunities,False
606466,Ketel Marte,34,5,29,0.147058823529,6.24518551439,0.183681926894,-1.24518551439,-0.0366231033644,-0.241250480258,0.153466846627,-0.0302150802667,-0.10724044733,0.0836465346427,0.076441479564,0.267328461537,0.190886981973,True,True,NORMAL_RANDOM_EFFECT_EMPIRICAL_BAYES,RANKING_ELIGIBLE,7 active months; 16/18 split-half opportunities,True
606992,Eric Haase,4,0,4,0,0.757107815989,0.189276953997,-0.757107815989,-0.189276953997,-0.36567810235,0.142969587617,-0.0463073663797,-0.145404321844,0.159230998539,0.0438726321528,0.348507952536,0.304635320383,False,False,NORMAL_RANDOM_EFFECT_EMPIRICAL_BAYES,ALL_OBSERVED_BATTERS,1 active months; 2/2 split-half opportunities,False
607043,Brandon Nimmo,27,3,24,0.111111111111,4.35067341832,0.16113605253,-1.35067341832,-0.0500249414194,-0.333604010551,0.125953045136,-0.035183007394,-0.105011575281,0.0774504337293,0.0561244772495,0.23858648626,0.18246200901,True,False,NORMAL_RANDOM_EFFECT_EMPIRICAL_BAYES,PUBLICATION_ELIGIBLE,7 active months; 11/16 split-half opportunities,False
607208,Trea Turner,31,10,21,0.322580645161,5.79573285831,0.186959124462,4.20426714169,0.1356215207,0.637780546665,0.282903413934,0.0959442894723,-0.0153734314489,0.234143959253,0.171585693013,0.421103083714,0.249517390702,True,True,NORMAL_RANDOM_EFFECT_EMPIRICAL_BAYES,RANKING_ELIGIBLE,6 active months; 12/19 split-half opportunities,True
608070,José Ramírez,34,0,34,0,6.17267975159,0.181549404458,-6.17267975159,-0.181549404458,-1.37275995311,0.0648888588297,-0.116660545629,-0.156114405919,-0.041817631028,0.0254349985397,0.13973177343,0.114296774891,True,True,NORMAL_RANDOM_EFFECT_EMPIRICAL_BAYES,RANKING_ELIGIBLE,7 active months; 23/11 split-half opportunities,True
608324,Alex Bregman,54,13,41,0.240740740741,8.27635280203,0.15326579263,4.72364719797,0.0874749481105,0.52113065519,0.220479405635,0.0672136130046,-0.0146189820808,0.171456508629,0.138646810549,0.32472230126,0.18607549071,True,True,NORMAL_RANDOM_EFFECT_EMPIRICAL_BAYES,RANKING_ELIGIBLE,7 active months; 22/32 split-half opportunities,True
608348,Carson Kelly,30,3,27,0.1,5.8207306829,0.194024356097,-2.8207306829,-0.0940243560967,-0.608737405312,0.129100856696,-0.0649234994004,-0.130040953729,0.0392521513931,0.0639834023676,0.23327650749,0.169293105122,True,True,NORMAL_RANDOM_EFFECT_EMPIRICAL_BAYES,RANKING_ELIGIBLE,7 active months; 9/21 split-half opportunities,True
608369,Corey Seager,25,5,20,0.2,4.77758141448,0.191103256579,0.222418585516,0.00889674342065,0.0101020975648,0.192500440072,0.00139718349266,-0.0951188153816,0.140162930225,0.0959844411977,0.331266186805,0.235281745607,True,False,NORMAL_RANDOM_EFFECT_EMPIRICAL_BAYES,PUBLICATION_ELIGIBLE,6 active months; 17/8 split-half opportunities,False
608701,Rob Refsnyder,18,3,15,0.166666666667,4.89682105111,0.272045613951,-1.89682105111,-0.105378947284,-0.497064437033,0.208634073464,-0.0634115404865,-0.160518579009,0.0728747712209,0.111527034942,0.344920385172,0.23339335023,False,False,NORMAL_RANDOM_EFFECT_EMPIRICAL_BAYES,ALL_OBSERVED_BATTERS,4 active months; 17/1 split-half opportunities,False
608841,Joey Meneses,1,0,1,0,0.433445663261,0.433445663261,-0.433445663261,-0.433445663261,-0.226194865639,0.378951390842,-0.0544942724187,-0.304602119686,0.278302239431,0.128843543575,0.711747902693,0.582904359118,False,False,NORMAL_RANDOM_EFFECT_EMPIRICAL_BAYES,ALL_OBSERVED_BATTERS,1 active months; 0/1 split-half opportunities,False
609280,Miguel Andujar,8,1,7,0.125,1.47038183313,0.183797729141,-0.470381833132,-0.0587977291415,-0.207088355105,0.156083492105,-0.0277142370365,-0.130233215684,0.168710820316,0.0535645134572,0.352508549457,0.298944036,False,False,NORMAL_RANDOM_EFFECT_EMPIRICAL_BAYES,ALL_OBSERVED_BATTERS,3 active months; 8/0 split-half opportunities,False
620443,Luis Torrens,18,0,18,0,3.49453676237,0.194140931243,-3.49453676237,-0.194140931243,-0.999892982823,0.0874542731008,-0.106686658142,-0.163832631756,0.00865417097551,0.0303082994867,0.202795102218,0.172486802732,False,False,NORMAL_RANDOM_EFFECT_EMPIRICAL_BAYES,ALL_OBSERVED_BATTERS,6 active months; 6/12 split-half opportunities,False
621020,Dansby Swanson,18,1,17,0.0555555555556,2.90349192021,0.161305106678,-1.90349192021,-0.105749551123,-0.572651327794,0.101392029891,-0.0599130767874,-0.124380961041,0.0652761432393,0.0369241456377,0.226581249918,0.18965710428,False,False,NORMAL_RANDOM_EFFECT_EMPIRICAL_BAYES,ALL_OBSERVED_BATTERS,5 active months; 13/5 split-half opportunities,False
621043,Carlos Correa,7,2,5,0.285714285714,1.81961364511,0.259944806444,0.18038635489,0.02576947927,0.0358724573047,0.26613849406,0.00619368761612,-0.149617837142,0.23298155238,0.110326969302,0.492926358825,0.382599389522,False,False,NORMAL_RANDOM_EFFECT_EMPIRICAL_BAYES,ALL_OBSERVED_BATTERS,2 active months; 7/0 split-half opportunities,False
621438,Tyrone Taylor,14,2,12,0.142857142857,3.10502530081,0.221787521487,-1.10502530081,-0.0789303786296,-0.339323370346,0.176329316391,-0.0454582050954,-0.146534945622,0.111254836827,0.0752525758644,0.333042358313,0.257789782449,False,False,NORMAL_RANDOM_EFFECT_EMPIRICAL_BAYES,ALL_OBSERVED_BATTERS,4 active months; 6/8 split-half opportunities,False
621439,Byron Buxton,25,6,19,0.24,5.60255951017,0.224102380407,0.397440489831,0.0158976195933,0.0501261124059,0.231458894286,0.00735651387939,-0.0996664273783,0.145052423186,0.124435953028,0.369154803592,0.244718850564,True,False,NORMAL_RANDOM_EFFECT_EMPIRICAL_BAYES,PUBLICATION_ELIGIBLE,6 active months; 13/12 split-half opportunities,False
621493,Taylor Ward,51,8,43,0.156862745098,10.0125318075,0.196324153088,-2.01253180747,-0.0394614079895,-0.277784427251,0.16234585204,-0.0339783010477,-0.102984629956,0.0589648798713,0.0933395231312,0.255289032959,0.161949509828,True,True,NORMAL_RANDOM_EFFECT_EMPIRICAL_BAYES,RANKING_ELIGIBLE,6 active months; 31/20 split-half opportunities,True
621566,Matt Olson,19,6,13,0.315789473684,2.58926084992,0.136276886838,3.41073915008,0.179512586846,0.736742717791,0.241127772794,0.104850885956,-0.0193955970683,0.278191661915,0.11688128977,0.414468548754,0.297587258984,False,False,NORMAL_RANDOM_EFFECT_EMPIRICAL_BAYES,ALL_OBSERVED_BATTERS,5 active months; 8/11 split-half opportunities,False
622268,Donovan Walton,6,2,4,0.333333333333,1.2938301856,0.215638364267,0.706169814397,0.117694969066,0.25839319001,0.249501157493,0.0338627932262,-0.101454741481,0.234679592902,0.114183622786,0.450317957169,0.336134334382,False,False,NORMAL_RANDOM_EFFECT_EMPIRICAL_BAYES,ALL_OBSERVED_BATTERS,2 active months; 2/4 split-half opportunities,False
622761,Jorge Mateo,12,3,9,0.25,2.4531814715,0.204431789291,0.546818528504,0.0455682107087,0.129141262388,0.223265671691,0.0188338823994,-0.10571159546,0.198122838411,0.0987201938311,0.402554627702,0.303834433871,False,False,NORMAL_RANDOM_EFFECT_EMPIRICAL_BAYES,ALL_OBSERVED_BATTERS,6 active months; 6/6 split-half opportunities,False
623168,Tyler Heineman,4,1,3,0.25,0.698524475762,0.17463111894,0.301475524238,0.0753688810596,0.104598874921,0.18925749364,0.0146263746998,-0.113059146251,0.250384663967,0.0615719726898,0.425015782907,0.363443810217,False,False,NORMAL_RANDOM_EFFECT_EMPIRICAL_BAYES,ALL_OBSERVED_BATTERS,3 active months; 1/3 split-half opportunities,False
623205,Andrew Velazquez,1,0,1,0,0.0770938813122,0.0770938813122,-0.0770938813122,-0.0770938813122,-0.0518351847832,0.0734856909239,-0.00360819038829,-0.0591814457467,0.175928654982,0.0179124355655,0.253022536294,0.235110100728,False,False,NORMAL_RANDOM_EFFECT_EMPIRICAL_BAYES,ALL_OBSERVED_BATTERS,1 active months; 0/1 split-half opportunities,False
624413,Pete Alonso,64,8,56,0.125,12.7381210714,0.199033141741,-4.73812107142,-0.0740331417409,-0.528373569158,0.135691117586,-0.0633420241545,-0.122259485815,0.0170451836483,0.0767736559263,0.216078325389,0.139304669463,True,True,NORMAL_RANDOM_EFFECT_EMPIRICAL_BAYES,RANKING_ELIGIBLE,7 active months; 38/26 split-half opportunities,True
624424,Michael Conforto,19,5,14,0.263157894737,5.04220465597,0.26537919242,-0.0422046559717,-0.00222129768272,-0.0320669579308,0.260295512015,-0.00508368040478,-0.125915527416,0.152844611954,0.139463665004,0.418223804374,0.27876013937,False,False,NORMAL_RANDOM_EFFECT_EMPIRICAL_BAYES,ALL_OBSERVED_BATTERS,6 active months; 8/11 split-half opportunities,False
624428,Adam Frazier,7,2,5,0.285714285714,1.87769506855,0.26824215265,0.122304931453,0.0174721330647,0.0114621193471,0.270425693487,0.00218354083738,-0.16092072636,0.247908748043,0.10732142629,0.516150900692,0.408829474402,False,False,NORMAL_RANDOM_EFFECT_EMPIRICAL_BAYES,ALL_OBSERVED_BATTERS,4 active months; 6/1 split-half opportunities,False
624431,Jose Trevino,14,0,14,0,2.90156435433,0.207254596738,-2.90156435433,-0.207254596738,-0.917147766648,0.104060879735,-0.103193717003,-0.170371569943,0.0269338361419,0.0368830267952,0.23418843288,0.197305406085,False,False,NORMAL_RANDOM_EFFECT_EMPIRICAL_BAYES,ALL_OBSERVED_BATTERS,7 active months; 4/10 split-half opportunities,False
624512,Reese McGuire,2,0,2,0,0.1153439042,0.0576719521002,-0.1153439042,-0.0576719521002,-0.0764281699356,0.0536786985103,-0.00399325358985,-0.0446182286314,0.131680043967,0.0130537234688,0.189351996067,0.176298272598,False,False,NORMAL_RANDOM_EFFECT_EMPIRICAL_BAYES,ALL_OBSERVED_BATTERS,2 active months; 2/0 split-half opportunities,False
624585,Jorge Soler,15,3,12,0.2,3.32724062954,0.221816041969,-0.32724062954,-0.0218160419693,-0.114479873618,0.205433290813,-0.0163827511565,-0.128916285427,0.147290134933,0.092899756542,0.369106176902,0.27620642036,False,False,NORMAL_RANDOM_EFFECT_EMPIRICAL_BAYES,ALL_OBSERVED_BATTERS,5 active months; 11/4 split-half opportunities,False
624641,Edmundo Sosa,11,4,7,0.363636363636,1.33503932261,0.121367211146,2.66496067739,0.24226915249,0.832403744247,0.222408668791,0.101041457645,-0.0236349353786,0.295717356869,0.0977322757679,0.417084568015,0.319352292247,False,False,NORMAL_RANDOM_EFFECT_EMPIRICAL_BAYES,ALL_OBSERVED_BATTERS,7 active months; 6/5 split-half opportunities,False
630105,Jake Cronenworth,16,2,14,0.125,3.24872310962,0.203045194351,-1.24872310962,-0.0780451943515,-0.39414682381,0.160753048169,-0.0422921461827,-0.126801123351,0.0885200680212,0.0762440710001,0.291565262373,0.215321191373,False,False,NORMAL_RANDOM_EFFECT_EMPIRICAL_BAYES,ALL_OBSERVED_BATTERS,5 active months; 4/12 split-half opportunities,False
640459,Brian Navarreto,4,0,4,0,0.869829016079,0.21745725402,-0.869829016079,-0.21745725402,-0.406435530123,0.159603505713,-0.0578537483064,-0.167981528444,0.166844884229,0.0494757255755,0.384302138249,0.334826412673,False,False,NORMAL_RANDOM_EFFECT_EMPIRICAL_BAYES,ALL_OBSERVED_BATTERS,3 active months; 0/4 split-half opportunities,False
640492,José Azócar,1,0,1,0,0.135230226694,0.135230226694,-0.135230226694,-0.135230226694,-0.0848271480154,0.125613611219,-0.00961661547532,-0.102695865177,0.242031319365,0.0325343615172,0.377261546059,0.344727184541,False,False,NORMAL_RANDOM_EFFECT_EMPIRICAL_BAYES,ALL_OBSERVED_BATTERS,1 active months; 1/0 split-half opportunities,False
640902,Jhonny Pereda,13,0,13,0,2.84132244515,0.218563265011,-2.84132244515,-0.218563265011,-0.902361208617,0.109951219626,-0.108612045386,-0.17984129744,0.0313595837647,0.0387219675715,0.249922848776,0.211200881204,False,False,NORMAL_RANDOM_EFFECT_EMPIRICAL_BAYES,ALL_OBSERVED_BATTERS,3 active months; 10/3 split-half opportunities,False
641343,Jake Bauers,43,8,35,0.186046511628,9.15805272877,0.212977970437,-1.15805272877,-0.0269314588087,-0.174819316046,0.188721470553,-0.0242564998831,-0.105071978132,0.0831313867827,0.107905992305,0.296109357219,0.188203364915,True,True,NORMAL_RANDOM_EFFECT_EMPIRICAL_BAYES,RANKING_ELIGIBLE,6 active months; 19/24 split-half opportunities,True
641355,Cody Bellinger,17,1,16,0.0588235294118,3.34846186406,0.196968344944,-2.34846186406,-0.138144815533,-0.681920882012,0.119857173336,-0.0771111716085,-0.149946749537,0.0506414500407,0.0470215954072,0.247609794985,0.200588199578,False,False,NORMAL_RANDOM_EFFECT_EMPIRICAL_BAYES,ALL_OBSERVED_BATTERS,6 active months; 9/8 split-half opportunities,False
641487,J.P. Crawford,18,2,16,0.111111111111,3.89107192907,0.216170662726,-1.89107192907,-0.105059551615,-0.501491894937,0.151190157629,-0.0649805050977,-0.152555827356,0.0750387001763,0.0636148353698,0.291209362903,0.227594527533,False,False,NORMAL_RANDOM_EFFECT_EMPIRICAL_BAYES,ALL_OBSERVED_BATTERS,5 active months; 12/6 split-half opportunities,False
641555,J.C. Escarra,2,0,2,0,0.223360384068,0.111680192034,-0.223360384068,-0.111680192034,-0.135070787507,0.0990561187104,-0.0126240733236,-0.0859549235292,0.192742784076,0.0257252685049,0.30442297611,0.278697707605,False,False,NORMAL_RANDOM_EFFECT_EMPIRICAL_BAYES,ALL_OBSERVED_BATTERS,2 active months; 2/0 split-half opportunities,False
641584,Jake Fraley,6,4,2,0.666666666667,1.01525260043,0.169208766739,2.98474739957,0.497457899928,1.0519933913,0.355959975754,0.186751209015,-0.0139924914866,0.436573344258,0.155216275252,0.605782110997,0.450565835744,False,False,NORMAL_RANDOM_EFFECT_EMPIRICAL_BAYES,ALL_OBSERVED_BATTERS,2 active months; 6/0 split-half opportunities,False
641598,Mitch Garver,11,1,10,0.0909090909091,2.59162166337,0.235601969397,-1.59162166337,-0.144692878488,-0.560365028988,0.170514438175,-0.065087531222,-0.156396624308,0.0835330297926,0.0792053450894,0.31913499919,0.239929654101,False,False,NORMAL_RANDOM_EFFECT_EMPIRICAL_BAYES,ALL_OBSERVED_BATTERS,6 active months; 6/5 split-half opportunities,False
641680,Jonah Heim,14,2,12,0.142857142857,1.85517790191,0.132512707279,0.144822098088,0.0103444355777,0.00243292448049,0.132760360668,0.000247653388226,-0.0808972088925,0.148051352582,0.051615498387,0.280564059861,0.228948561475,False,False,NORMAL_RANDOM_EFFECT_EMPIRICAL_BAYES,ALL_OBSERVED_BATTERS,5 active months; 5/9 split-half opportunities,False
641857,Ryan McMahon,24,6,18,0.25,5.68395018939,0.236831257891,0.316049810608,0.0131687421087,0.0360546134257,0.2422627031,0.00543144520837,-0.10484683634,0.148821078172,0.131984421551,0.385652336063,0.253667914512,True,False,NORMAL_RANDOM_EFFECT_EMPIRICAL_BAYES,PUBLICATION_ELIGIBLE,6 active months; 13/11 split-half opportunities,False
641933,Tyler O'Neill,28,6,22,0.214285714286,5.04983715591,0.180351326997,0.950162844091,0.033934387289,0.16949857797,0.199458051297,0.0191067243007,-0.0686461816224,0.13434880333,0.111705145374,0.314700130327,0.202994984952,True,False,NORMAL_RANDOM_EFFECT_EMPIRICAL_BAYES,PUBLICATION_ELIGIBLE,6 active months; 15/13 split-half opportunities,False
642086,Dominic Smith,16,5,11,0.3125,4.0259413592,0.25162133495,0.974058640804,0.0608786650502,0.211816209271,0.283019576396,0.0313982414464,-0.093098925987,0.199883414943,0.158522408963,0.451504749892,0.29298234093,False,False,NORMAL_RANDOM_EFFECT_EMPIRICAL_BAYES,ALL_OBSERVED_BATTERS,5 active months; 7/9 split-half opportunities,False
642133,Rowdy Tellez,1,0,1,0,0.302010482191,0.302010482191,-0.302010482191,-0.302010482191,-0.166805683774,0.268048162089,-0.0339623201025,-0.221505690192,0.299086176803,0.0805047919988,0.601096658994,0.520591866995,False,False,NORMAL_RANDOM_EFFECT_EMPIRICAL_BAYES,ALL_OBSERVED_BATTERS,1 active months; 0/1 split-half opportunities,False
642201,Eli White,13,2,11,0.153846153846,2.79665785905,0.215127527619,-0.796657859052,-0.0612813737733,-0.278484923024,0.183566056635,-0.031561470984,-0.125970329311,0.113131071586,0.0891571983088,0.328258599206,0.239101400897,False,False,NORMAL_RANDOM_EFFECT_EMPIRICAL_BAYES,ALL_OBSERVED_BATTERS,5 active months; 8/5 split-half opportunities,False
642215,Weston Wilson,14,1,13,0.0714285714286,2.42280345737,0.173057389812,-1.42280345737,-0.101628818383,-0.46918777214,0.119055295317,-0.0540020944955,-0.130596612211,0.0909980834551,0.042460777601,0.264055473267,0.221594695666,False,False,NORMAL_RANDOM_EFFECT_EMPIRICAL_BAYES,ALL_OBSERVED_BATTERS,6 active months; 2/12 split-half opportunities,False
642350,Jose Siri,16,1,15,0.0625,1.92863877261,0.120539923288,-0.928638772609,-0.058039923288,-0.342291840879,0.089521489235,-0.0310184340531,-0.0906321059037,0.0956705185034,0.0299078173844,0.216210441791,0.186302624407,False,False,NORMAL_RANDOM_EFFECT_EMPIRICAL_BAYES,ALL_OBSERVED_BATTERS,5 active months; 4/12 split-half opportunities,False
642708,Amed Rosario,8,0,8,0,1.27357703382,0.159197129227,-1.27357703382,-0.159197129227,-0.53231051992,0.102495121733,-0.0567020074943,-0.127905946959,0.103148668619,0.0312911822683,0.262345797847,0.231054615578,False,False,NORMAL_RANDOM_EFFECT_EMPIRICAL_BAYES,ALL_OBSERVED_BATTERS,4 active months; 3/5 split-half opportunities,False
642715,Willy Adames,34,7,27,0.205882352941,6.04977760502,0.177934635442,0.950222394976,0.0279477174993,0.123743635231,0.194465642901,0.0165310074589,-0.0734335931867,0.139377429388,0.104501042255,0.31731206483,0.212811022575,True,True,NORMAL_RANDOM_EFFECT_EMPIRICAL_BAYES,RANKING_ELIGIBLE,5 active months; 22/12 split-half opportunities,True
642851,Austin Wynns,8,0,8,0,1.41693115648,0.177116394561,-1.41693115648,-0.177116394561,-0.575556822512,0.112008048502,-0.0651083460588,-0.14162803659,0.0971560870809,0.0354883579705,0.274272481642,0.238784123671,False,False,NORMAL_RANDOM_EFFECT_EMPIRICAL_BAYES,ALL_OBSERVED_BATTERS,4 active months; 4/4 split-half opportunities,False
643217,Andrew Benintendi,16,0,16,0,2.64955354171,0.165597096357,-2.64955354171,-0.165597096357,-0.880519200067,0.087927680651,-0.0776694157058,-0.133706263468,0.0284521681559,0.0318908328891,0.194049264513,0.162158431624,False,False,NORMAL_RANDOM_EFFECT_EMPIRICAL_BAYES,ALL_OBSERVED_BATTERS,5 active months; 9/7 split-half opportunities,False
643289,Mauricio Dubón,43,7,36,0.162790697674,6.54492998838,0.152207674148,0.455070011621,0.0105830235261,0.0431660883258,0.15667495426,0.00446728011176,-0.0643158116055,0.101337716061,0.0878918625429,0.253545390209,0.165653527667,True,True,NORMAL_RANDOM_EFFECT_EMPIRICAL_BAYES,RANKING_ELIGIBLE,7 active months; 19/24 split-half opportunities,True
643376,Danny Jansen,9,0,9,0,1.66939913769,0.185488793077,-1.66939913769,-0.185488793077,-0.643855304466,0.111963917235,-0.0735248758418,-0.149012353186,0.0827291385543,0.0364764398902,0.268217931631,0.231741491741,False,False,NORMAL_RANDOM_EFFECT_EMPIRICAL_BAYES,ALL_OBSERVED_BATTERS,3 active months; 9/0 split-half opportunities,False
643396,Isiah Kiner-Falefa,11,3,8,0.272727272727,2.06403828435,0.187639844032,0.935961715646,0.0850874286951,0.298659506277,0.219692409286,0.0320525652541,-0.0763968995727,0.182603557789,0.111242944459,0.370243401821,0.259000457361,False,False,NORMAL_RANDOM_EFFECT_EMPIRICAL_BAYES,ALL_OBSERVED_BATTERS,4 active months; 8/3 split-half opportunities,False
643446,Jeff McNeil,19,6,13,0.315789473684,2.7937235282,0.147038080432,3.2062764718,0.168751393252,0.681609860311,0.246341393256,0.0993033128241,-0.0252131317304,0.271218656075,0.121824948701,0.418256736507,0.296431787805,False,False,NORMAL_RANDOM_EFFECT_EMPIRICAL_BAYES,ALL_OBSERVED_BATTERS,6 active months; 15/4 split-half opportunities,False
644433,Chadwick Tromp,2,0,2,0,0.682633785195,0.341316892598,-0.682633785195,-0.341316892598,-0.33605012316,0.275179987443,-0.0661369051547,-0.247924236726,0.223159478913,0.0933926558712,0.564476371511,0.47108371564,False,False,NORMAL_RANDOM_EFFECT_EMPIRICAL_BAYES,ALL_OBSERVED_BATTERS,2 active months; 1/1 split-half opportunities,False
645277,Ozzie Albies,28,4,24,0.142857142857,5.103045575,0.182251627679,-1.103045575,-0.0393944848214,-0.252734248354,0.151897587592,-0.0303540400863,-0.109270635318,0.0911579521254,0.0729809923608,0.273409579804,0.200428587443,True,False,NORMAL_RANDOM_EFFECT_EMPIRICAL_BAYES,PUBLICATION_ELIGIBLE,7 active months; 15/13 split-half opportunities,False
645302,Victor Robles,10,1,9,0.1,1.64054494175,0.164054494175,-0.640544941755,-0.0640544941755,-0.265039008576,0.13620562876,-0.0278488654155,-0.112549941354,0.124340406776,0.051504552821,0.288394900952,0.236890348131,False,False,NORMAL_RANDOM_EFFECT_EMPIRICAL_BAYES,ALL_OBSERVED_BATTERS,5 active months; 5/5 split-half opportunities,False
645305,Ali Sánchez,2,0,2,0,0.138833352148,0.069416676074,-0.138833352148,-0.069416676074,-0.0902038179317,0.0638145353698,-0.00560214070426,-0.0536202683126,0.149274792686,0.0157964077614,0.21869146876,0.202895060998,False,False,NORMAL_RANDOM_EFFECT_EMPIRICAL_BAYES,ALL_OBSERVED_BATTERS,1 active months; 1/1 split-half opportunities,False
646240,Rafael Devers,22,3,19,0.136363636364,3.82820069001,0.174009122273,-0.82820069001,-0.0376454859095,-0.230591939476,0.147764628477,-0.0262444937964,-0.107468339674,0.100321825383,0.0665407825987,0.274330947656,0.207790165057,True,False,NORMAL_RANDOM_EFFECT_EMPIRICAL_BAYES,PUBLICATION_ELIGIBLE,7 active months; 9/13 split-half opportunities,False
647304,Josh Naylor,24,6,18,0.25,3.55574968217,0.148156236757,2.44425031783,0.101843763243,0.448821509461,0.210491106664,0.0623348699071,-0.0447180908602,0.215015115926,0.103438145897,0.363171352683,0.259733206786,True,False,NORMAL_RANDOM_EFFECT_EMPIRICAL_BAYES,PUBLICATION_ELIGIBLE,5 active months; 14/10 split-half opportunities,False
649966,Luis Urías,6,0,6,0,1.01911317785,0.169852196309,-1.01911317785,-0.169852196309,-0.455098182323,0.116111805147,-0.0537403911622,-0.13501578962,0.134824166034,0.0348364066887,0.304676362343,0.269839955654,False,False,NORMAL_RANDOM_EFFECT_EMPIRICAL_BAYES,ALL_OBSERVED_BATTERS,3 active months; 0/6 split-half opportunities,False
650333,Luis Arraez,42,3,39,0.0714285714286,5.63674321965,0.134208171896,-2.63674321965,-0.0627796004679,-0.526807529416,0.0878469035362,-0.0463612683602,-0.0956385218769,0.0362810328045,0.0385696500196,0.170489204701,0.131919554681,True,True,NORMAL_RANDOM_EFFECT_EMPIRICAL_BAYES,RANKING_ELIGIBLE,7 active months; 20/22 split-half opportunities,True
650391,Eloy Jiménez,4,0,4,0,0.657047979522,0.16426199488,-0.657047979522,-0.16426199488,-0.32789579378,0.124773004909,-0.0394889899717,-0.128496179538,0.171211452911,0.0357658153422,0.335473447792,0.29970763245,False,False,NORMAL_RANDOM_EFFECT_EMPIRICAL_BAYES,ALL_OBSERVED_BATTERS,1 active months; 4/0 split-half opportunities,False
650402,Gleyber Torres,38,5,33,0.131578947368,6.23970327356,0.164202717725,-1.23970327356,-0.0326237703569,-0.237987106943,0.136845717148,-0.0273570005775,-0.0972394407646,0.0777422942622,0.0669632769607,0.241945011988,0.174981735027,True,True,NORMAL_RANDOM_EFFECT_EMPIRICAL_BAYES,RANKING_ELIGIBLE,6 active months; 16/22 split-half opportunities,True
650489,Willi Castro,25,6,19,0.24,3.47860294093,0.139144117637,2.52139705907,0.100855882363,0.474404092685,0.200410812757,0.0612666951199,-0.0401830733609,0.20530862241,0.0989610442764,0.344452740048,0.245491695771,True,False,NORMAL_RANDOM_EFFECT_EMPIRICAL_BAYES,PUBLICATION_ELIGIBLE,5 active months; 9/16 split-half opportunities,False
650490,Yandy Díaz,51,0,51,0,8.27894509646,0.162332256793,-8.27894509646,-0.162332256793,-1.50182556887,0.0468578015599,-0.115474455233,-0.14433346679,-0.057335654,0.0179987900035,0.104996602793,0.0869978127898,True,True,NORMAL_RANDOM_EFFECT_EMPIRICAL_BAYES,RANKING_ELIGIBLE,7 active months; 22/29 split-half opportunities,True
650559,Bryan De La Cruz,3,0,3,0,0.803422323632,0.267807441211,-0.803422323632,-0.267807441211,-0.381176201019,0.200005761464,-0.0678016797469,-0.206188729718,0.20847451464,0.061618711493,0.476281955851,0.414663244358,False,False,NORMAL_RANDOM_EFFECT_EMPIRICAL_BAYES,ALL_OBSERVED_BATTERS,3 active months; 0/3 split-half opportunities,False
650859,Luis Rengifo,22,2,20,0.0909090909091,3.70554213774,0.168433733533,-1.70554213774,-0.0775246426244,-0.455086618759,0.118873048475,-0.0495606850581,-0.119808055755,0.0709274827389,0.048625677778,0.239361216272,0.190735538494,True,False,NORMAL_RANDOM_EFFECT_EMPIRICAL_BAYES,PUBLICATION_ELIGIBLE,5 active months; 13/9 split-half opportunities,False
650968,Yohel Pozo,5,2,3,0.4,1.18072622136,0.236145244272,0.819273778638,0.163854755728,0.302772190486,0.285157831605,0.0490125873323,-0.11672348664,0.284824845127,0.119421757632,0.520970089399,0.401548331767,False,False,NORMAL_RANDOM_EFFECT_EMPIRICAL_BAYES,ALL_OBSERVED_BATTERS,3 active months; 3/2 split-half opportunities,False
655316,Andruw Monasterio,29,1,28,0.0344827586207,5.68240810268,0.195945106989,-4.68240810268,-0.161462348368,-1.02125224375,0.0887632305422,-0.107181876447,-0.160638222627,-0.0102472437058,0.0353068843619,0.185697863283,0.150390978921,True,False,NORMAL_RANDOM_EFFECT_EMPIRICAL_BAYES,PUBLICATION_ELIGIBLE,5 active months; 12/17 split-half opportunities,False
656305,Matt Chapman,25,4,21,0.16,5.26717935589,0.210687174236,-1.26717935589,-0.0506871742356,-0.296765670967,0.174634064171,-0.0360531100643,-0.120626985732,0.086420961041,0.0900601885036,0.297108135277,0.207047946773,True,False,NORMAL_RANDOM_EFFECT_EMPIRICAL_BAYES,PUBLICATION_ELIGIBLE,4 active months; 20/5 split-half opportunities,False
656413,Stuart Fairchild,4,4,0,1,1.08417110689,0.271042776723,2.91582889311,0.728957223277,1.15487378085,0.498997981815,0.227955205092,-0.0129188435093,0.469428130551,0.258123933213,0.740470907273,0.48234697406,False,False,NORMAL_RANDOM_EFFECT_EMPIRICAL_BAYES,ALL_OBSERVED_BATTERS,1 active months; 2/2 split-half opportunities,False
656484,Tristan Gray,11,3,8,0.272727272727,3.10863322629,0.282603020572,-0.108633226287,-0.00987574784431,-0.049493829867,0.274515809797,-0.00808721077492,-0.152383004433,0.176034340743,0.130220016138,0.458637361315,0.328417345176,False,False,NORMAL_RANDOM_EFFECT_EMPIRICAL_BAYES,ALL_OBSERVED_BATTERS,5 active months; 8/3 split-half opportunities,False
656537,Derek Hill,11,2,9,0.181818181818,3.33239708017,0.302945189107,-1.33239708017,-0.121127007288,-0.408438173443,0.239272315898,-0.0636728732088,-0.193894088632,0.112430302444,0.109051100475,0.415375491551,0.306324391076,False,False,NORMAL_RANDOM_EFFECT_EMPIRICAL_BAYES,ALL_OBSERVED_BATTERS,5 active months; 6/5 split-half opportunities,False
656555,Rhys Hoskins,20,7,13,0.35,4.37753264621,0.21887663231,2.62246735379,0.13112336769,0.506220601122,0.30128449784,0.0824078655294,-0.0494046760553,0.247953309158,0.169471956255,0.466829941468,0.297357985213,True,False,NORMAL_RANDOM_EFFECT_EMPIRICAL_BAYES,PUBLICATION_ELIGIBLE,5 active months; 16/4 split-half opportunities,False
656577,Alex Jackson,2,0,2,0,0.133482425849,0.0667412129243,-0.133482425849,-0.0667412129243,-0.0866130826052,0.0616076811918,-0.0051335317325,-0.0514334273525,0.142380830438,0.0153077855718,0.209122043363,0.193814257791,False,False,NORMAL_RANDOM_EFFECT_EMPIRICAL_BAYES,ALL_OBSERVED_BATTERS,2 active months; 1/1 split-half opportunities,False
656582,Connor Joe,3,1,2,0.333333333333,0.325886427821,0.108628809274,0.674113572179,0.22470452406,0.308336368154,0.139961829615,0.0313330203417,-0.0673507507225,0.242505999228,0.0412780585511,0.351134808501,0.30985674995,False,False,NORMAL_RANDOM_EFFECT_EMPIRICAL_BAYES,ALL_OBSERVED_BATTERS,2 active months; 3/0 split-half opportunities,False
656716,Zach McKinstry,16,4,12,0.25,3.13944908439,0.196215567774,0.860550915611,0.0537844322257,0.188303430177,0.222157046777,0.0259414790028,-0.0883718060474,0.18937922806,0.107843761727,0.385594795834,0.277751034107,False,False,NORMAL_RANDOM_EFFECT_EMPIRICAL_BAYES,ALL_OBSERVED_BATTERS,4 active months; 7/9 split-half opportunities,False
656775,Cedric Mullins,32,10,22,0.3125,6.32499535903,0.19765610497,3.67500464097,0.11484389503,0.549630071298,0.27886664359,0.0812105386204,-0.0266229449082,0.213693319054,0.171033160061,0.411349424024,0.240316263962,True,True,NORMAL_RANDOM_EFFECT_EMPIRICAL_BAYES,RANKING_ELIGIBLE,7 active months; 15/17 split-half opportunities,True
656811,Ryan O'Hearn,25,8,17,0.32,5.86500305985,0.234600122394,2.13499694015,0.0853998776058,0.348777825775,0.291060941893,0.0564608194991,-0.0638779355603,0.205941595997,0.170722186834,0.440541718391,0.269819531558,True,False,NORMAL_RANDOM_EFFECT_EMPIRICAL_BAYES,PUBLICATION_ELIGIBLE,5 active months; 14/11 split-half opportunities,False
656941,Kyle Schwarber,43,12,31,0.279069767442,8.65430456117,0.201262896771,3.34569543883,0.0778068706705,0.388870075622,0.259808589863,0.0585456930915,-0.0370062587607,0.176348236818,0.164256638011,0.377611133589,0.213354495578,True,True,NORMAL_RANDOM_EFFECT_EMPIRICAL_BAYES,RANKING_ELIGIBLE,7 active months; 26/17 split-half opportunities,True
656976,Pavin Smith,4,1,3,0.25,1.14719570528,0.286798926321,-0.147195705284,-0.0367989263211,-0.079369633171,0.278143744228,-0.00865518209305,-0.136098520625,0.163431022741,0.150700405696,0.450229949062,0.299529543366,False,False,NORMAL_RANDOM_EFFECT_EMPIRICAL_BAYES,ALL_OBSERVED_BATTERS,3 active months; 3/1 split-half opportunities,False
657041,Lane Thomas,32,4,28,0.125,5.78769535825,0.180865479945,-1.78769535825,-0.0558654799454,-0.351242351372,0.137436097233,-0.0434293827129,-0.117349719007,0.0724919593139,0.0635157609385,0.253357439259,0.189841678321,True,True,NORMAL_RANDOM_EFFECT_EMPIRICAL_BAYES,RANKING_ELIGIBLE,7 active months; 14/18 split-half opportunities,True
657136,Connor Wong,17,3,14,0.176470588235,3.28913250181,0.193478382459,-0.289132501809,-0.017007794224,-0.108003441995,0.178656124011,-0.0148222584488,-0.115550661715,0.1425750058,0.0779277207448,0.336053388259,0.258125667514,False,False,NORMAL_RANDOM_EFFECT_EMPIRICAL_BAYES,ALL_OBSERVED_BATTERS,5 active months; 8/9 split-half opportunities,False
657656,Ramón Laureano,9,2,7,0.222222222222,1.26933937404,0.141037708227,0.730660625956,0.0811845139951,0.223186638766,0.167509702927,0.0264719947003,-0.0790683127151,0.214314273527,0.0619693955121,0.355351981754,0.293382586242,False,False,NORMAL_RANDOM_EFFECT_EMPIRICAL_BAYES,ALL_OBSERVED_BATTERS,2 active months; 9/0 split-half opportunities,False
657757,Gavin Sheets,33,2,31,0.0606060606061,4.80074489178,0.145477117933,-2.80074489178,-0.0848710573267,-0.630564280436,0.0874327036523,-0.0580444142805,-0.109575492257,0.0349793776145,0.0359016256753,0.180456495547,0.144554869872,True,True,NORMAL_RANDOM_EFFECT_EMPIRICAL_BAYES,RANKING_ELIGIBLE,6 active months; 18/15 split-half opportunities,True
660162,Yoán Moncada,10,0,10,0,3.15204550546,0.315204550546,-3.15204550546,-0.315204550546,-1.00957692988,0.164625572793,-0.150578977753,-0.251450458334,0.0192040882623,0.0637540922118,0.334408638808,0.270654546596,False,False,NORMAL_RANDOM_EFFECT_EMPIRICAL_BAYES,ALL_OBSERVED_BATTERS,3 active months; 10/0 split-half opportunities,False
660271,Shohei Ohtani,25,6,19,0.24,4.41874739359,0.176749895744,1.58125260641,0.0632501042564,0.269276274983,0.215056626442,0.0383067306988,-0.06632587095,0.183151644454,0.110424024794,0.359901540198,0.249477515404,True,False,NORMAL_RANDOM_EFFECT_EMPIRICAL_BAYES,PUBLICATION_ELIGIBLE,7 active months; 8/17 split-half opportunities,False
660670,Ronald Acuña Jr.,34,10,24,0.294117647059,7.5450088098,0.221912023818,2.4549911902,0.0722056232412,0.340046674162,0.273443915993,0.0515318921757,-0.0537009288683,0.178759097326,0.168211094949,0.400671121143,0.232460026194,True,True,NORMAL_RANDOM_EFFECT_EMPIRICAL_BAYES,RANKING_ELIGIBLE,7 active months; 20/14 split-half opportunities,True
660688,Keibert Ruiz,11,0,11,0,1.96503323625,0.178639385114,-1.96503323625,-0.178639385114,-0.709854633705,0.100399651751,-0.078239733363,-0.146149302803,0.0671701466874,0.0324900823102,0.245809531801,0.213319449491,False,False,NORMAL_RANDOM_EFFECT_EMPIRICAL_BAYES,ALL_OBSERVED_BATTERS,6 active months; 8/3 split-half opportunities,False
660710,Rodolfo Durán,11,0,11,0,2.44851880761,0.222592618873,-2.44851880761,-0.222592618873,-0.822044747241,0.117963006312,-0.104629612561,-0.182392868471,0.0506012244958,0.0401997504024,0.273193843369,0.232994092967,False,False,NORMAL_RANDOM_EFFECT_EMPIRICAL_BAYES,ALL_OBSERVED_BATTERS,3 active months; 7/4 split-half opportunities,False
660821,Jesús Sánchez,17,5,12,0.294117647059,3.75848956175,0.221087621279,1.24151043825,0.0730300257795,0.261471774343,0.261129565547,0.0400419442673,-0.0864981467005,0.207529110433,0.134589474579,0.428616731712,0.294027257133,False,False,NORMAL_RANDOM_EFFECT_EMPIRICAL_BAYES,ALL_OBSERVED_BATTERS,4 active months; 9/8 split-half opportunities,False
660844,Leo Rivas,13,2,11,0.153846153846,2.45375967917,0.188750744552,-0.45375967917,-0.0349045907054,-0.173058321401,0.168008756479,-0.020741988073,-0.116194801829,0.134056124765,0.072555942723,0.322806869316,0.250250926593,False,False,NORMAL_RANDOM_EFFECT_EMPIRICAL_BAYES,ALL_OBSERVED_BATTERS,4 active months; 11/2 split-half opportunities,False
661388,William Contreras,44,6,38,0.136363636364,6.61798393455,0.150408725785,-0.617983934548,-0.0140450894216,-0.126299890698,0.136230321979,-0.0141784038062,-0.0810350090983,0.0839414562645,0.0693737166869,0.23435018205,0.164976465363,True,True,NORMAL_RANDOM_EFFECT_EMPIRICAL_BAYES,RANKING_ELIGIBLE,6 active months; 14/30 split-half opportunities,True
661531,Brian Serven,6,0,6,0,1.71185600306,0.285309333843,-1.71185600306,-0.285309333843,-0.69150152299,0.190786846294,-0.09452248755,-0.212335223927,0.0834902147357,0.072974109916,0.368799548579,0.295825438663,False,False,NORMAL_RANDOM_EFFECT_EMPIRICAL_BAYES,ALL_OBSERVED_BATTERS,2 active months; 0/6 split-half opportunities,False
662139,Daulton Varsho,28,5,23,0.178571428571,4.9710352781,0.177536974218,0.0289647218961,0.00103445435343,-0.0271652366768,0.17402255479,-0.00351441942756,-0.0919735987095,0.123631529539,0.0855633755085,0.301168503757,0.215605128249,True,False,NORMAL_RANDOM_EFFECT_EMPIRICAL_BAYES,PUBLICATION_ELIGIBLE,6 active months; 14/14 split-half opportunities,False
663330,Jahmai Jones,9,4,5,0.444444444444,2.0099332034,0.223325911489,1.9900667966,0.221118532956,0.587937342539,0.323690335298,0.100364423809,-0.0674492664413,0.321753861501,0.155876645047,0.54507977299,0.389203127942,False,False,NORMAL_RANDOM_EFFECT_EMPIRICAL_BAYES,ALL_OBSERVED_BATTERS,5 active months; 5/4 split-half opportunities,False
663368,Blake Perkins,9,0,9,0,1.48518381634,0.165020424037,-1.48518381634,-0.165020424037,-0.597166355889,0.10404940949,-0.0609710145476,-0.131173401274,0.0844553255922,0.0338470227631,0.24947574963,0.215628726866,False,False,NORMAL_RANDOM_EFFECT_EMPIRICAL_BAYES,ALL_OBSERVED_BATTERS,3 active months; 6/3 split-half opportunities,False
663457,Lars Nootbaar,14,1,13,0.0714285714286,2.76178707752,0.197270505537,-1.76178707752,-0.125841934109,-0.546137761193,0.128236092606,-0.0690344129316,-0.150780875219,0.0832439650865,0.0464896303187,0.280514470624,0.234024840305,False,False,NORMAL_RANDOM_EFFECT_EMPIRICAL_BAYES,ALL_OBSERVED_BATTERS,4 active months; 3/11 split-half opportunities,False
663494,Bryan Torres,14,4,10,0.285714285714,2.74698547347,0.196213248105,1.25301452653,0.0895010376096,0.318382631857,0.2382397968,0.0420265486955,-0.0740193042961,0.21167824961,0.122193943809,0.407891497714,0.285697553906,False,False,NORMAL_RANDOM_EFFECT_EMPIRICAL_BAYES,ALL_OBSERVED_BATTERS,4 active months; 4/10 split-half opportunities,False
663538,Nico Hoerner,35,11,24,0.314285714286,6.37791367685,0.182226105053,4.62208632315,0.132059609233,0.621956735645,0.279743418161,0.0975173131082,-0.0120432632783,0.231689941409,0.170182841775,0.413916046462,0.243733204687,True,True,NORMAL_RANDOM_EFFECT_EMPIRICAL_BAYES,RANKING_ELIGIBLE,7 active months; 20/15 split-half opportunities,True
663584,Hayden Senger,1,0,1,0,0.474561914973,0.474561914973,-0.474561914973,-0.474561914973,-0.244672679497,0.414228276831,-0.0603336381419,-0.327830842494,0.267102575631,0.146731072479,0.741664490603,0.594933418124,False,False,NORMAL_RANDOM_EFFECT_EMPIRICAL_BAYES,ALL_OBSERVED_BATTERS,1 active months; 1/0 split-half opportunities,False
663586,Austin Riley,34,1,33,0.0294117647059,7.61710120993,0.224032388527,-6.61710120993,-0.194620623822,-1.27135849076,0.0884786164413,-0.135553772086,-0.186701802383,-0.0466589610736,0.0373305861448,0.177373427454,0.140042841309,True,True,NORMAL_RANDOM_EFFECT_EMPIRICAL_BAYES,RANKING_ELIGIBLE,7 active months; 16/18 split-half opportunities,True
663604,Brandon Lockridge,6,0,6,0,0.811634010836,0.135272335139,-0.811634010836,-0.135272335139,-0.385727773054,0.0977956399309,-0.0374766952085,-0.106546431203,0.126717432162,0.0287259039363,0.261989767302,0.233263863365,False,False,NORMAL_RANDOM_EFFECT_EMPIRICAL_BAYES,ALL_OBSERVED_BATTERS,3 active months; 5/1 split-half opportunities,False
663611,Nick Madrigal,6,4,2,0.666666666667,1.94541437772,0.324235729621,2.05458562228,0.342430937046,0.719276959567,0.45651032164,0.132274592019,-0.0714867058648,0.356437916285,0.252749023756,0.680673645906,0.42792462215,False,False,NORMAL_RANDOM_EFFECT_EMPIRICAL_BAYES,ALL_OBSERVED_BATTERS,1 active months; 6/0 split-half opportunities,False
663616,Trevor Larnach,17,7,10,0.411764705882,2.9059054431,0.1709356143,4.0940945569,0.240829091583,0.941114440307,0.311079923238,0.140144308938,0.00185686977066,0.312563100403,0.17279248407,0.483498714703,0.310706230632,False,False,NORMAL_RANDOM_EFFECT_EMPIRICAL_BAYES,ALL_OBSERVED_BATTERS,5 active months; 5/12 split-half opportunities,False
663624,Ryan Mountcastle,1,1,0,1,0.421382143723,0.421382143723,0.578617856277,0.578617856277,0.292425282278,0.493831101993,0.0724489582699,-0.22796068591,0.37631522493,0.193421457813,0.797697368653,0.60427591084,False,False,NORMAL_RANDOM_EFFECT_EMPIRICAL_BAYES,ALL_OBSERVED_BATTERS,1 active months; 1/0 split-half opportunities,False
663647,Ke'Bryan Hayes,18,3,15,0.166666666667,4.56521152871,0.253622862706,-1.56521152871,-0.0869561960396,-0.398063405754,0.198130645592,-0.0554922171147,-0.156966116358,0.0896556855172,0.0966567463485,0.343278548223,0.246621801875,False,False,NORMAL_RANDOM_EFFECT_EMPIRICAL_BAYES,ALL_OBSERVED_BATTERS,5 active months; 13/5 split-half opportunities,False
663656,Kyle Tucker,28,6,22,0.214285714286,6.11250545806,0.218303766359,-0.112505458061,-0.00401805207361,-0.0492979676732,0.211571268567,-0.00673249779207,-0.100048813874,0.123008590345,0.118254952485,0.341312356704,0.223057404219,True,False,NORMAL_RANDOM_EFFECT_EMPIRICAL_BAYES,PUBLICATION_ELIGIBLE,7 active months; 15/13 split-half opportunities,False
663662,Daz Cameron,4,3,1,0.75,1.48659629755,0.371649074388,1.51340370245,0.378350925612,0.576176513761,0.500884090927,0.129235016539,-0.12502229711,0.385479182632,0.246626777278,0.75712825702,0.510501479742,False,False,NORMAL_RANDOM_EFFECT_EMPIRICAL_BAYES,ALL_OBSERVED_BATTERS,1 active months; 0/4 split-half opportunities,False
663697,Jonathan India,6,0,6,0,0.810589423929,0.135098237321,-0.810589423929,-0.135098237321,-0.385508795941,0.0978108634095,-0.037287373912,-0.106267554673,0.126204553404,0.0288306826484,0.261302790726,0.232472108077,False,False,NORMAL_RANDOM_EFFECT_EMPIRICAL_BAYES,ALL_OBSERVED_BATTERS,2 active months; 6/0 split-half opportunities,False
663698,Joey Bart,6,0,6,0,1.49856093063,0.249760155106,-1.49856093063,-0.249760155106,-0.602719671176,0.158982514922,-0.0907776401836,-0.197195437324,0.118546516705,0.0525647177823,0.368306671811,0.315741954028,False,False,NORMAL_RANDOM_EFFECT_EMPIRICAL_BAYES,ALL_OBSERVED_BATTERS,4 active months; 3/3 split-half opportunities,False
663728,Cal Raleigh,25,12,13,0.48,8.07366390702,0.322946556281,3.92633609298,0.157053443719,0.626432986473,0.436214664839,0.113268108558,-0.0258891380449,0.255369212072,0.297057418236,0.578315768353,0.281258350117,True,False,NORMAL_RANDOM_EFFECT_EMPIRICAL_BAYES,PUBLICATION_ELIGIBLE,7 active months; 7/18 split-half opportunities,False
663743,Nick Fortes,20,4,16,0.2,4.3889592321,0.219447961605,-0.388959232097,-0.0194479616048,-0.114673759698,0.203293422356,-0.0161545392484,-0.120837080181,0.131215882181,0.0986108814236,0.350663843786,0.252052962362,True,False,NORMAL_RANDOM_EFFECT_EMPIRICAL_BAYES,PUBLICATION_ELIGIBLE,6 active months; 11/9 split-half opportunities,False
663757,Trent Grisham,29,8,21,0.275862068966,6.77814449924,0.233729120664,1.22185550076,0.042132948302,0.182357721701,0.261126078578,0.0273969579144,-0.0803092944297,0.16016225402,0.153419826234,0.393891374684,0.24047154845,True,False,NORMAL_RANDOM_EFFECT_EMPIRICAL_BAYES,PUBLICATION_ELIGIBLE,6 active months; 18/11 split-half opportunities,False
663837,Matt Vierling,23,1,22,0.0434782608696,4.00725836992,0.174228624779,-3.00725836992,-0.13075036391,-0.777726962237,0.0942916089533,-0.0799370158261,-0.138071304465,0.0289245090127,0.0361573203141,0.203153133792,0.166995813478,True,False,NORMAL_RANDOM_EFFECT_EMPIRICAL_BAYES,PUBLICATION_ELIGIBLE,5 active months; 15/8 split-half opportunities,False
663853,Romy Gonzalez,1,1,0,1,0.255266542417,0.255266542417,0.744733457583,0.744733457583,0.376492342894,0.333093689276,0.0778271468589,-0.146699433146,0.415057153705,0.108567109271,0.670323696122,0.561756586851,False,False,NORMAL_RANDOM_EFFECT_EMPIRICAL_BAYES,ALL_OBSERVED_BATTERS,1 active months; 0/1 split-half opportunities,False
663886,Tyler Stephenson,31,6,25,0.193548387097,7.58891394139,0.244803675529,-1.58891394139,-0.0512552884319,-0.269701189927,0.203111884102,-0.0416917914265,-0.136850373798,0.0896096627961,0.107953301731,0.334413338325,0.226460036594,True,True,NORMAL_RANDOM_EFFECT_EMPIRICAL_BAYES,RANKING_ELIGIBLE,7 active months; 16/15 split-half opportunities,True
663967,César Salazar,5,2,3,0.4,1.24621573285,0.24924314657,0.753784267152,0.15075685343,0.289561733982,0.293176544368,0.0439333977985,-0.119860840138,0.255471960609,0.129382306431,0.504715107178,0.375332800747,False,False,NORMAL_RANDOM_EFFECT_EMPIRICAL_BAYES,ALL_OBSERVED_BATTERS,1 active months; 5/0 split-half opportunities,False
663968,Jake Mangum,22,4,18,0.181818181818,4.37470197579,0.198850089809,-0.374701975795,-0.0170319079907,-0.110995899766,0.184209034687,-0.0146410551221,-0.110723178832,0.123421830393,0.0881269109772,0.322271920202,0.234145009225,True,False,NORMAL_RANDOM_EFFECT_EMPIRICAL_BAYES,PUBLICATION_ELIGIBLE,4 active months; 5/17 split-half opportunities,False
663993,Nathaniel Lowe,33,3,30,0.0909090909091,5.82201707212,0.176424759761,-2.82201707212,-0.0855156688521,-0.553765663867,0.113294640692,-0.063130119069,-0.126929631798,0.0419647502819,0.0494951279629,0.218389510043,0.16889438208,True,True,NORMAL_RANDOM_EFFECT_EMPIRICAL_BAYES,RANKING_ELIGIBLE,6 active months; 19/14 split-half opportunities,True
664023,Ian Happ,41,5,36,0.121951219512,7.98168465801,0.194675235561,-2.98168465801,-0.0727240160491,-0.512401646394,0.138998517514,-0.0556767180475,-0.119852129218,0.0381572744854,0.0748231063429,0.232832510047,0.158009403704,True,True,NORMAL_RANDOM_EFFECT_EMPIRICAL_BAYES,RANKING_ELIGIBLE,6 active months; 15/26 split-half opportunities,True
664034,Ty France,26,1,25,0.0384615384615,5.03349900303,0.193596115501,-4.03349900303,-0.15513457704,-0.95368580717,0.0952910947678,-0.0983050207335,-0.155351988942,0.00199609383085,0.0382441265589,0.195592209332,0.157348082773,True,False,NORMAL_RANDOM_EFFECT_EMPIRICAL_BAYES,PUBLICATION_ELIGIBLE,6 active months; 9/17 split-half opportunities,False
664040,Brandon Lowe,33,1,32,0.030303030303,7.03551951425,0.213197561038,-6.03551951425,-0.182894530735,-1.20954065895,0.0880383253242,-0.125159235714,-0.176699816024,-0.0372068138976,0.0364977450139,0.17599074714,0.139493002126,True,True,NORMAL_RANDOM_EFFECT_EMPIRICAL_BAYES,RANKING_ELIGIBLE,6 active months; 17/16 split-half opportunities,True
664056,Harrison Bader,5,1,4,0.2,0.706278902726,0.141255780545,0.293721097274,0.0587442194549,0.0921696608975,0.152305293011,0.0110495124661,-0.0932890838708,0.227078064016,0.0479666966743,0.368333844561,0.320367147887,False,False,NORMAL_RANDOM_EFFECT_EMPIRICAL_BAYES,ALL_OBSERVED_BATTERS,3 active months; 5/0 split-half opportunities,False
664059,Sam Haggerty,1,0,1,0,0.137062746563,0.137062746563,-0.137062746563,-0.137062746563,-0.0858133877438,0.127225452437,-0.00983729412605,-0.10403435688,0.240284468242,0.0330283896829,0.377347214805,0.344318825122,False,False,NORMAL_RANDOM_EFFECT_EMPIRICAL_BAYES,ALL_OBSERVED_BATTERS,1 active months; 1/0 split-half opportunities,False
664238,Dylan Moore,2,1,1,0.5,0.592616490517,0.296308245258,0.407383509483,0.203691754742,0.177442994752,0.333221158463,0.0369129132048,-0.177917241985,0.345497677585,0.118391003273,0.641805922843,0.52341491957,False,False,NORMAL_RANDOM_EFFECT_EMPIRICAL_BAYES,ALL_OBSERVED_BATTERS,1 active months; 2/0 split-half opportunities,False
664702,Myles Straw,24,9,15,0.375,4.33689434714,0.180703931131,4.66310565286,0.194296068869,0.891460794,0.305992009906,0.125288078775,0.00529950585653,0.274055079753,0.186003436988,0.454759010884,0.268755573896,True,False,NORMAL_RANDOM_EFFECT_EMPIRICAL_BAYES,PUBLICATION_ELIGIBLE,6 active months; 9/15 split-half opportunities,False
664728,Kyle Isbel,16,0,16,0,2.39402136824,0.149626335515,-2.39402136824,-0.149626335515,-0.79391967367,0.0767603015232,-0.072866033992,-0.12444599384,0.0413597530537,0.0251803416754,0.190986088569,0.165805746893,False,False,NORMAL_RANDOM_EFFECT_EMPIRICAL_BAYES,ALL_OBSERVED_BATTERS,4 active months; 8/8 split-half opportunities,False
664731,P.J. Higgins,2,0,2,0,0.28095503888,0.14047751944,-0.28095503888,-0.14047751944,-0.161857004454,0.122877396615,-0.0176001228249,-0.106556159732,0.197137062486,0.0339213597075,0.337614581926,0.303693222219,False,False,NORMAL_RANDOM_EFFECT_EMPIRICAL_BAYES,ALL_OBSERVED_BATTERS,2 active months; 2/0 split-half opportunities,False
664761,Alec Bohm,38,11,27,0.289473684211,8.50305511131,0.223764608192,2.49694488869,0.0657090760183,0.311875253222,0.27177482555,0.0480102173582,-0.0543463670112,0.169969077553,0.169418241181,0.393733685745,0.224315444564,True,True,NORMAL_RANDOM_EFFECT_EMPIRICAL_BAYES,RANKING_ELIGIBLE,7 active months; 19/19 split-half opportunities,True
664770,Nathan Lukes,13,0,13,0,1.66194244823,0.127841726787,-1.66194244823,-0.127841726787,-0.633240386603,0.0746637449306,-0.053177981856,-0.104539257044,0.0650269986354,0.0233024697428,0.192868725422,0.169566255679,False,False,NORMAL_RANDOM_EFFECT_EMPIRICAL_BAYES,ALL_OBSERVED_BATTERS,5 active months; 3/10 split-half opportunities,False
664774,LaMonte Wade Jr.,11,1,10,0.0909090909091,1.21892692775,0.110811538886,-0.218926927748,-0.0199024479771,-0.126607116186,0.0994209099334,-0.0113906289527,-0.0789523467395,0.134237227591,0.0318591921466,0.245048766477,0.21318957433,False,False,NORMAL_RANDOM_EFFECT_EMPIRICAL_BAYES,ALL_OBSERVED_BATTERS,4 active months; 2/9 split-half opportunities,False
664954,Brett Sullivan,8,1,7,0.125,1.888607403,0.236075925375,-0.888607402998,-0.111075925375,-0.348728058008,0.190308439054,-0.0457674863203,-0.156017547462,0.13491863354,0.0800583779124,0.370994558915,0.290936181003,False,False,NORMAL_RANDOM_EFFECT_EMPIRICAL_BAYES,ALL_OBSERVED_BATTERS,4 active months; 3/5 split-half opportunities,False
664983,Jake McCarthy,25,4,21,0.16,4.0572942911,0.162291771644,-0.0572942910999,-0.002291771644,-0.0490645053767,0.156465707915,-0.00582606372899,-0.0891571184381,0.121596220447,0.0731346532059,0.283887992091,0.210753338886,True,False,NORMAL_RANDOM_EFFECT_EMPIRICAL_BAYES,PUBLICATION_ELIGIBLE,7 active months; 11/14 split-half opportunities,False
665019,Kody Clemens,22,5,17,0.227272727273,3.00046867561,0.136384939801,1.99953132439,0.0908877874721,0.424344219156,0.18685392739,0.0504689875895,-0.0464243419227,0.19395540477,0.0899605978779,0.33034034457,0.240379746692,True,False,NORMAL_RANDOM_EFFECT_EMPIRICAL_BAYES,PUBLICATION_ELIGIBLE,7 active months; 12/10 split-half opportunities,False
665052,Griffin Conine,12,4,8,0.333333333333,2.76479188268,0.230399323557,1.23520811732,0.102934009776,0.320266104959,0.27989482222,0.0494954986634,-0.0904214234312,0.237561093847,0.139977900126,0.467960417404,0.327982517279,False,False,NORMAL_RANDOM_EFFECT_EMPIRICAL_BAYES,ALL_OBSERVED_BATTERS,3 active months; 0/12 split-half opportunities,False
665161,Jeremy Peña,15,2,13,0.133333333333,1.99982333156,0.133321555437,0.000176668440224,1.17778960149e-05,-0.0457110721617,0.128403599741,-0.0049179556966,-0.0859407845786,0.144279502237,0.0473807708587,0.277601057674,0.230220286816,False,False,NORMAL_RANDOM_EFFECT_EMPIRICAL_BAYES,ALL_OBSERVED_BATTERS,6 active months; 7/8 split-half opportunities,False
665487,Fernando Tatis Jr.,30,4,26,0.133333333333,6.05706984703,0.201902328234,-2.05706984703,-0.0685689949012,-0.410617345508,0.150990176419,-0.0509121518152,-0.128707107407,0.0642364146492,0.0731952208278,0.266138742884,0.192943522056,True,True,NORMAL_RANDOM_EFFECT_EMPIRICAL_BAYES,RANKING_ELIGIBLE,7 active months; 13/17 split-half opportunities,True
665489,Vladimir Guerrero Jr.,36,8,28,0.222222222222,5.53643083213,0.153789745337,2.46356916787,0.0684324768852,0.368063609058,0.199778161648,0.0459884163112,-0.0427768337429,0.164770943569,0.111012911594,0.318560688906,0.207547777311,True,True,NORMAL_RANDOM_EFFECT_EMPIRICAL_BAYES,RANKING_ELIGIBLE,6 active months; 18/18 split-half opportunities,True
665506,Cristian Pache,2,0,2,0,0.165484083826,0.0827420419128,-0.165484083826,-0.0827420419128,-0.104676571954,0.0751911961336,-0.0075508457792,-0.0638731266381,0.16430343129,0.0188689152747,0.247045473203,0.228176557928,False,False,NORMAL_RANDOM_EFFECT_EMPIRICAL_BAYES,ALL_OBSERVED_BATTERS,1 active months; 0/2 split-half opportunities,False
665561,Rafael Marchán,10,1,9,0.1,1.64074672096,0.164074672096,-0.640746720959,-0.0640746720959,-0.26379152753,0.136226481342,-0.0278481907536,-0.113441916263,0.123234464888,0.0506327558328,0.287309136984,0.236676381151,False,False,NORMAL_RANDOM_EFFECT_EMPIRICAL_BAYES,ALL_OBSERVED_BATTERS,4 active months; 7/3 split-half opportunities,False
665742,Juan Soto,27,10,17,0.37037037037,5.62701537462,0.208407976838,4.37298462538,0.161962393532,0.736271093847,0.319556183806,0.111148206968,-0.00791026267722,0.253861729316,0.200497714161,0.462269706153,0.261771991993,True,False,NORMAL_RANDOM_EFFECT_EMPIRICAL_BAYES,PUBLICATION_ELIGIBLE,6 active months; 9/18 split-half opportunities,False
665750,Leody Taveras,32,8,24,0.25,7.92208879786,0.247565274933,0.0779112021407,0.0024347250669,-0.0111289590719,0.245822415459,-0.00174285947422,-0.103554565802,0.130588547255,0.144010709132,0.378153822188,0.234143113056,True,True,NORMAL_RANDOM_EFFECT_EMPIRICAL_BAYES,RANKING_ELIGIBLE,6 active months; 17/15 split-half opportunities,True
665804,Miguel Amaya,18,4,14,0.222222222222,2.31636369838,0.128686872132,1.68363630162,0.0935353500898,0.380383504819,0.176065807128,0.0473789349959,-0.0534480316643,0.210262987993,0.0752388404682,0.338949860125,0.263711019657,False,False,NORMAL_RANDOM_EFFECT_EMPIRICAL_BAYES,ALL_OBSERVED_BATTERS,5 active months; 11/7 split-half opportunities,False
665828,Oswaldo Cabrera,1,0,1,0,0.31514822233,0.31514822233,-0.31514822233,-0.31514822233,-0.172838231982,0.279086459676,-0.0360617626538,-0.229965452801,0.297012252598,0.0851827695288,0.612160474928,0.526977705399,False,False,NORMAL_RANDOM_EFFECT_EMPIRICAL_BAYES,ALL_OBSERVED_BATTERS,1 active months; 0/1 split-half opportunities,False
665833,Oneil Cruz,26,1,25,0.0384615384615,6.75513121962,0.259812739216,-5.75513121962,-0.221351200755,-1.16825768333,0.108853491105,-0.150959248112,-0.215190199161,-0.0390087266827,0.0446225400554,0.220804012534,0.176181472478,True,False,NORMAL_RANDOM_EFFECT_EMPIRICAL_BAYES,PUBLICATION_ELIGIBLE,6 active months; 20/6 split-half opportunities,False
665861,Sebastián Rivero,2,0,2,0,0.391072180496,0.195536090248,-0.391072180496,-0.195536090248,-0.210626217483,0.168253648085,-0.0272824421631,-0.143443935501,0.188406867235,0.0520921547463,0.383942957482,0.331850802736,False,False,NORMAL_RANDOM_EFFECT_EMPIRICAL_BAYES,ALL_OBSERVED_BATTERS,1 active months; 2/0 split-half opportunities,False
665862,Jazz Chisholm Jr.,21,8,13,0.380952380952,3.75818689022,0.178961280487,4.24181310978,0.201991100466,0.836809810681,0.306702879699,0.127741599212,-0.00377519365472,0.292620892933,0.175186086832,0.47158217342,0.296396086588,True,False,NORMAL_RANDOM_EFFECT_EMPIRICAL_BAYES,PUBLICATION_ELIGIBLE,5 active months; 12/9 split-half opportunities,False
665877,José Fermín,26,2,24,0.0769230769231,5.32440147149,0.204784671981,-3.32440147149,-0.127861595057,-0.739883301765,0.119233419093,-0.0855512528878,-0.153298199657,0.0265704489998,0.0514864723231,0.23135512098,0.179868648657,True,False,NORMAL_RANDOM_EFFECT_EMPIRICAL_BAYES,PUBLICATION_ELIGIBLE,6 active months; 8/18 split-half opportunities,False
665923,Esteury Ruiz,22,12,10,0.545454545455,5.79442455694,0.263382934406,6.20557544306,0.282071611048,1.06448149116,0.461037996212,0.197655061806,0.0439682941648,0.355083903113,0.307351228571,0.618466837519,0.311115608948,True,False,NORMAL_RANDOM_EFFECT_EMPIRICAL_BAYES,PUBLICATION_ELIGIBLE,4 active months; 4/18 split-half opportunities,False
665926,Andrés Giménez,22,4,18,0.181818181818,3.91959130566,0.178163241166,0.0804086943398,0.00365494065181,-0.0161170127336,0.176381992802,-0.00178124836459,-0.086684177677,0.126352907392,0.0914790634893,0.304516148559,0.213037085069,True,False,NORMAL_RANDOM_EFFECT_EMPIRICAL_BAYES,PUBLICATION_ELIGIBLE,7 active months; 13/9 split-half opportunities,False
665953,Andrés Chaparro,15,1,14,0.0666666666667,1.60517199475,0.107011466316,-0.605171994746,-0.0403447996497,-0.253876056477,0.0876611627729,-0.0193503035435,-0.0758669748514,0.0935586966737,0.031144491465,0.20057016299,0.169425671525,False,False,NORMAL_RANDOM_EFFECT_EMPIRICAL_BAYES,ALL_OBSERVED_BATTERS,7 active months; 5/10 split-half opportunities,False
665966,Carlos Narváez,14,2,12,0.142857142857,2.00647668641,0.143319763315,-0.00647668641413,-0.000462620458152,-0.0425253906499,0.1389114225,-0.00440834081537,-0.0877411850689,0.140891420856,0.0555785782464,0.284211184171,0.228632605925,False,False,NORMAL_RANDOM_EFFECT_EMPIRICAL_BAYES,ALL_OBSERVED_BATTERS,6 active months; 7/7 split-half opportunities,False
666018,Jonathan Aranda,43,9,34,0.209302325581,8.79190339873,0.204462869738,0.208096601268,0.00483945584344,0.00241303940168,0.204816430182,0.00035356044363,-0.0866694022199,0.113284699728,0.117793467518,0.317747569466,0.199954101948,True,True,NORMAL_RANDOM_EFFECT_EMPIRICAL_BAYES,RANKING_ELIGIBLE,7 active months; 18/25 split-half opportunities,True
666023,Freddy Fermin,10,2,8,0.2,2.30869711367,0.230869711367,-0.308697113665,-0.0308697113665,-0.125905048172,0.210965086831,-0.019904624536,-0.14614678599,0.180015593788,0.0847229253762,0.410885305155,0.326162379779,False,False,NORMAL_RANDOM_EFFECT_EMPIRICAL_BAYES,ALL_OBSERVED_BATTERS,5 active months; 7/3 split-half opportunities,False
666126,Carlos Cortes,32,5,27,0.15625,5.51176865507,0.172242770471,-0.511768655066,-0.0159927704708,-0.123706914642,0.156763313542,-0.0154794569291,-0.0955667861315,0.10261406455,0.0766759843393,0.27485683502,0.198180850681,True,True,NORMAL_RANDOM_EFFECT_EMPIRICAL_BAYES,RANKING_ELIGIBLE,6 active months; 17/15 split-half opportunities,True
666139,Josh Lowe,11,0,11,0,2.22310240502,0.202100218639,-2.22310240502,-0.202100218639,-0.793410121812,0.115356565025,-0.086743653614,-0.160442063901,0.0525668677897,0.0416581547379,0.254667086428,0.21300893169,False,False,NORMAL_RANDOM_EFFECT_EMPIRICAL_BAYES,ALL_OBSERVED_BATTERS,5 active months; 6/5 split-half opportunities,False
666152,David Hamilton,22,1,21,0.0454545454545,4.54426579992,0.20655753636,-3.54426579992,-0.161102990906,-0.875349831944,0.106529917199,-0.100027619161,-0.164889635679,0.0155416673958,0.0416679006817,0.222099203756,0.180431303074,True,False,NORMAL_RANDOM_EFFECT_EMPIRICAL_BAYES,PUBLICATION_ELIGIBLE,6 active months; 10/12 split-half opportunities,False
666160,Mickey Moniak,11,2,9,0.181818181818,1.64222254817,0.149292958925,0.35777745183,0.0325252228937,0.0770602594754,0.158564567532,0.00927160860739,-0.0899438351594,0.183260429249,0.0593491237651,0.332553388174,0.273204264408,False,False,NORMAL_RANDOM_EFFECT_EMPIRICAL_BAYES,ALL_OBSERVED_BATTERS,4 active months; 2/9 split-half opportunities,False
666163,Ben Rortvedt,1,0,1,0,0.187455507362,0.187455507362,-0.187455507362,-0.187455507362,-0.111976472225,0.170993050621,-0.0164624567417,-0.140869298694,0.273130708147,0.0465862086687,0.46058621551,0.414000006841,False,False,NORMAL_RANDOM_EFFECT_EMPIRICAL_BAYES,ALL_OBSERVED_BATTERS,1 active months; 0/1 split-half opportunities,False
666176,Jo Adell,30,3,27,0.1,6.16587162184,0.205529054061,-3.16587162184,-0.105529054061,-0.682421747531,0.134201696621,-0.0713273574405,-0.138087943517,0.0291534226213,0.0674411105448,0.234682476683,0.167241366138,True,True,NORMAL_RANDOM_EFFECT_EMPIRICAL_BAYES,RANKING_ELIGIBLE,6 active months; 14/16 split-half opportunities,True
666181,Will Benson,8,3,5,0.375,1.8568214076,0.23210267595,1.1431785924,0.14289732405,0.348787689683,0.29099370669,0.0588910307403,-0.103379130832,0.280045750439,0.128723545118,0.512148426389,0.383424881271,False,False,NORMAL_RANDOM_EFFECT_EMPIRICAL_BAYES,ALL_OBSERVED_BATTERS,2 active months; 8/0 split-half opportunities,False
666182,Bo Bichette,38,8,30,0.210526315789,5.51386202357,0.145101632199,2.48613797643,0.0654246835903,0.364413251743,0.18924122573,0.0441395935305,-0.0399411168675,0.158181037156,0.105160515332,0.303282669355,0.198122154023,True,True,NORMAL_RANDOM_EFFECT_EMPIRICAL_BAYES,RANKING_ELIGIBLE,7 active months; 17/21 split-half opportunities,True
666185,Dylan Carlson,1,0,1,0,0.150438551044,0.150438551044,-0.150438551044,-0.150438551044,-0.0929310363329,0.138943038173,-0.0114955128707,-0.113755373037,0.252776762162,0.0366831780076,0.403215313206,0.366532135199,False,False,NORMAL_RANDOM_EFFECT_EMPIRICAL_BAYES,ALL_OBSERVED_BATTERS,1 active months; 1/0 split-half opportunities,False
666211,Taylor Trammell,15,7,8,0.466666666667,3.22677614407,0.215118409605,3.77322385593,0.251548257062,0.884287897348,0.360763368397,0.145644958793,-0.00851432007674,0.324547431403,0.206604089528,0.539665841008,0.33306175148,False,False,NORMAL_RANDOM_EFFECT_EMPIRICAL_BAYES,ALL_OBSERVED_BATTERS,6 active months; 4/11 split-half opportunities,False
666310,Bo Naylor,9,1,8,0.111111111111,2.27904483237,0.253227203597,-1.27904483237,-0.142116092486,-0.45814462449,0.189880851238,-0.0633463523586,-0.175441902129,0.113510169194,0.0777853014677,0.366737372791,0.288952071323,False,False,NORMAL_RANDOM_EFFECT_EMPIRICAL_BAYES,ALL_OBSERVED_BATTERS,3 active months; 9/0 split-half opportunities,False
666397,Edouard Julien,18,9,9,0.5,3.76195713041,0.208997618356,5.23804286959,0.291002381644,1.03472337333,0.397911822347,0.188914203991,0.0285955418301,0.367208696292,0.237593160186,0.576206314648,0.338613154462,False,False,NORMAL_RANDOM_EFFECT_EMPIRICAL_BAYES,ALL_OBSERVED_BATTERS,3 active months; 13/5 split-half opportunities,False
666464,Jerar Encarnacion,1,1,0,1,0.0950693035815,0.0950693035815,0.904930696419,0.904930696419,0.481450920366,0.145318462097,0.0502491585156,-0.0569118077874,0.318034242586,0.038157495794,0.413103546168,0.374946050373,False,False,NORMAL_RANDOM_EFFECT_EMPIRICAL_BAYES,ALL_OBSERVED_BATTERS,1 active months; 1/0 split-half opportunities,False
666624,Christopher Morel,10,2,8,0.2,2.96546345006,0.296546345006,-0.965463450055,-0.0965463450055,-0.308304703425,0.245002105116,-0.0515442398895,-0.189101068555,0.142745152656,0.10744527645,0.439291497662,0.331846221211,False,False,NORMAL_RANDOM_EFFECT_EMPIRICAL_BAYES,ALL_OBSERVED_BATTERS,2 active months; 8/2 split-half opportunities,False
666969,Adolis García,21,4,17,0.190476190476,4.7211903655,0.224818588833,-0.721190365502,-0.0343423983572,-0.183098963332,0.198897759228,-0.0259208296058,-0.126923840066,0.119597774747,0.0978947487674,0.344416363581,0.246521614813,True,False,NORMAL_RANDOM_EFFECT_EMPIRICAL_BAYES,PUBLICATION_ELIGIBLE,3 active months; 21/0 split-half opportunities,False
666971,Lourdes Gurriel Jr.,9,1,8,0.111111111111,1.32500894943,0.147223216603,-0.325008949431,-0.0361121054924,-0.158674364648,0.130142730139,-0.0170804864642,-0.10241582464,0.14677249562,0.0448073919632,0.293995712223,0.24918832026,False,False,NORMAL_RANDOM_EFFECT_EMPIRICAL_BAYES,ALL_OBSERVED_BATTERS,3 active months; 2/7 split-half opportunities,False
667452,Corey Julks,1,0,1,0,0.413322008801,0.413322008801,-0.413322008801,-0.413322008801,-0.217173331454,0.36183179069,-0.0514902181108,-0.29183768582,0.284439842452,0.121484322981,0.697761851253,0.576277528272,False,False,NORMAL_RANDOM_EFFECT_EMPIRICAL_BAYES,ALL_OBSERVED_BATTERS,1 active months; 0/1 split-half opportunities,False
667472,Dane Myers,25,5,20,0.2,4.88983487882,0.195593395153,0.110165121178,0.00440660484713,-0.0103978293136,0.194221015408,-0.00137237974489,-0.0946402987672,0.13376732531,0.100953096386,0.329360720463,0.228407624077,True,False,NORMAL_RANDOM_EFFECT_EMPIRICAL_BAYES,PUBLICATION_ELIGIBLE,7 active months; 10/15 split-half opportunities,False
667670,Brent Rooker,19,7,12,0.368421052632,3.27901209207,0.172579583793,3.72098790793,0.195841468838,0.760171284156,0.293347877727,0.120768293934,-0.015423852342,0.293872521813,0.157155731451,0.466452105606,0.309296374155,False,False,NORMAL_RANDOM_EFFECT_EMPIRICAL_BAYES,ALL_OBSERVED_BATTERS,4 active months; 19/0 split-half opportunities,False
668227,Randy Arozarena,48,10,38,0.208333333333,7.4190807656,0.154564182617,2.5809192344,0.0537691507167,0.298819597057,0.193476719487,0.0389125368704,-0.0420767833151,0.146456295006,0.112487399302,0.301020477622,0.188533078321,True,True,NORMAL_RANDOM_EFFECT_EMPIRICAL_BAYES,RANKING_ELIGIBLE,7 active months; 20/28 split-half opportunities,True
668670,Jake Rogers,8,1,7,0.125,2.19812179155,0.274765223944,-1.19812179155,-0.149765223944,-0.426289703843,0.205711404969,-0.0690538189744,-0.195932371958,0.134658031419,0.0788328519859,0.409423255363,0.330590403377,False,False,NORMAL_RANDOM_EFFECT_EMPIRICAL_BAYES,ALL_OBSERVED_BATTERS,3 active months; 4/4 split-half opportunities,False
668709,JJ Bleday,31,15,16,0.483870967742,8.68976849236,0.280315112657,6.31023150764,0.203555855085,0.850094575134,0.435128986477,0.15481387382,0.0228654536116,0.295117929449,0.303180566268,0.575433042106,0.272252475838,True,True,NORMAL_RANDOM_EFFECT_EMPIRICAL_BAYES,RANKING_ELIGIBLE,4 active months; 12/19 split-half opportunities,True
668715,Spencer Steer,28,4,24,0.142857142857,5.86668790156,0.209524567913,-1.86668790156,-0.0666674250556,-0.394473100921,0.161580039443,-0.0479445284699,-0.128484804773,0.0688020084629,0.0810397631397,0.278326576376,0.197286813236,True,False,NORMAL_RANDOM_EFFECT_EMPIRICAL_BAYES,PUBLICATION_ELIGIBLE,5 active months; 18/10 split-half opportunities,False
668723,Ryan Vilade,15,4,11,0.266666666667,3.15123353678,0.210082235785,0.848766463223,0.0565844308815,0.192444014308,0.238012507361,0.0279302715761,-0.0952953443374,0.19330052327,0.114786891448,0.403382759055,0.288595867607,False,False,NORMAL_RANDOM_EFFECT_EMPIRICAL_BAYES,ALL_OBSERVED_BATTERS,7 active months; 7/8 split-half opportunities,False
668800,Andrew Knizner,3,0,3,0,0.519246658794,0.173082219598,-0.519246658794,-0.173082219598,-0.27040055009,0.140823524266,-0.0322586953315,-0.130797726312,0.17587805213,0.0422844932858,0.348960271728,0.306675778442,False,False,NORMAL_RANDOM_EFFECT_EMPIRICAL_BAYES,ALL_OBSERVED_BATTERS,1 active months; 0/3 split-half opportunities,False
668804,Bryan Reynolds,38,11,27,0.289473684211,8.83361104168,0.232463448465,2.16638895832,0.0570102357451,0.279926243174,0.273191929124,0.0407284806588,-0.0570249684284,0.159116254371,0.175438480037,0.391579702836,0.216141222799,True,True,NORMAL_RANDOM_EFFECT_EMPIRICAL_BAYES,RANKING_ELIGIBLE,7 active months; 29/9 split-half opportunities,True
668885,Austin Martin,24,10,14,0.416666666667,4.59114872077,0.191297863365,5.40885127923,0.225368803301,0.938007538813,0.345471026618,0.154173163253,0.0190183790382,0.310697382716,0.210316242404,0.501995246081,0.291679003678,True,False,NORMAL_RANDOM_EFFECT_EMPIRICAL_BAYES,PUBLICATION_ELIGIBLE,5 active months; 17/7 split-half opportunities,False
668901,Mark Vientos,21,13,8,0.619047619048,3.81750301068,0.181785857651,9.18249698932,0.437261761396,1.69627236324,0.478112870711,0.29632701306,0.138733761978,0.462992920633,0.320519619629,0.644778778284,0.324259158655,True,False,NORMAL_RANDOM_EFFECT_EMPIRICAL_BAYES,PUBLICATION_ELIGIBLE,5 active months; 13/8 split-half opportunities,False
668904,Royce Lewis,28,3,25,0.107142857143,5.5561278996,0.198433139272,-2.5561278996,-0.0912902821287,-0.560478041299,0.135874970585,-0.0625581686867,-0.13306457803,0.0458005592005,0.065368561242,0.244233698472,0.17886513723,True,False,NORMAL_RANDOM_EFFECT_EMPIRICAL_BAYES,PUBLICATION_ELIGIBLE,7 active months; 9/19 split-half opportunities,False
668930,Brice Turang,31,3,28,0.0967741935484,5.16888108309,0.166738099454,-2.16888108309,-0.069963905906,-0.466331745779,0.116367351317,-0.0503707481372,-0.114992106477,0.0564370030331,0.0517459929778,0.223175102488,0.17142910951,True,True,NORMAL_RANDOM_EFFECT_EMPIRICAL_BAYES,RANKING_ELIGIBLE,6 active months; 14/17 split-half opportunities,True
668939,Adley Rutschman,25,2,23,0.08,5.65603143505,0.226241257402,-3.65603143505,-0.146241257402,-0.822548777672,0.130469082551,-0.0957721748508,-0.165772858205,0.0154028186233,0.0604683991967,0.241644076025,0.181175676829,True,False,NORMAL_RANDOM_EFFECT_EMPIRICAL_BAYES,PUBLICATION_ELIGIBLE,7 active months; 12/13 split-half opportunities,False
668942,Josh Rojas,6,1,5,0.166666666667,0.968162438589,0.161360406431,0.031837561411,0.00530626023517,-0.0221111571703,0.158594944375,-0.00276546205685,-0.108054505156,0.203121044503,0.0533059012751,0.364481450934,0.311175549659,False,False,NORMAL_RANDOM_EFFECT_EMPIRICAL_BAYES,ALL_OBSERVED_BATTERS,2 active months; 0/6 split-half opportunities,False
668952,Ryan Kreidler,10,2,8,0.2,1.90195036941,0.190195036941,0.098049630593,0.0098049630593,0.000568325828155,0.190268676356,7.36394151634e-05,-0.111599307336,0.17661254004,0.0785957296044,0.366807576981,0.288211847376,False,False,NORMAL_RANDOM_EFFECT_EMPIRICAL_BAYES,ALL_OBSERVED_BATTERS,4 active months; 1/9 split-half opportunities,False
669003,Garrett Mitchell,34,2,32,0.0588235294118,8.00885713878,0.235554621729,-6.00885713878,-0.176731092317,-1.10797793087,0.109724601509,-0.12583002022,-0.185305935571,-0.0316196026892,0.0502486861583,0.20393501904,0.153686332881,True,True,NORMAL_RANDOM_EFFECT_EMPIRICAL_BAYES,RANKING_ELIGIBLE,7 active months; 12/22 split-half opportunities,True
669004,MJ Melendez,6,1,5,0.166666666667,1.42432911235,0.237388185391,-0.424329112348,-0.0707215187247,-0.187775275664,0.210827232827,-0.0265609525645,-0.155407430401,0.170815822855,0.0819807549904,0.408204008247,0.326223253256,False,False,NORMAL_RANDOM_EFFECT_EMPIRICAL_BAYES,ALL_OBSERVED_BATTERS,3 active months; 6/0 split-half opportunities,False
669016,Brandon Marsh,26,2,24,0.0769230769231,4.19375043928,0.161298093819,-2.19375043928,-0.0843750168954,-0.532708935834,0.104780294031,-0.0565177997871,-0.119084093498,0.0551512688796,0.0422140003206,0.216449362698,0.174235362377,True,False,NORMAL_RANDOM_EFFECT_EMPIRICAL_BAYES,PUBLICATION_ELIGIBLE,7 active months; 8/18 split-half opportunities,False
669065,Kyle Stowers,25,4,21,0.16,4.77040360197,0.190816144079,-0.770403601974,-0.030816144079,-0.186498191161,0.165429875017,-0.0253862690624,-0.114718912103,0.112606574864,0.0760972319761,0.303422718943,0.227325486967,True,False,NORMAL_RANDOM_EFFECT_EMPIRICAL_BAYES,PUBLICATION_ELIGIBLE,5 active months; 12/13 split-half opportunities,False
669127,Shea Langeliers,12,0,12,0,1.85629882888,0.154691569073,-1.85629882888,-0.154691569073,-0.684701046072,0.0886290709139,-0.0660624981594,-0.126247118509,0.0633600859672,0.0284444505641,0.218051655041,0.189607204476,False,False,NORMAL_RANDOM_EFFECT_EMPIRICAL_BAYES,ALL_OBSERVED_BATTERS,5 active months; 7/5 split-half opportunities,False
669134,Luis Campusano,12,3,9,0.25,2.36570496025,0.197142080021,0.634295039749,0.0528579199791,0.150944389476,0.219066269029,0.0219241890079,-0.101386251637,0.206362964016,0.0957558283842,0.403505044037,0.307749215653,False,False,NORMAL_RANDOM_EFFECT_EMPIRICAL_BAYES,ALL_OBSERVED_BATTERS,4 active months; 2/10 split-half opportunities,False
669208,Ryan Bliss,1,0,1,0,0.211496652012,0.211496652012,-0.211496652012,-0.211496652012,-0.123919269865,0.191569080759,-0.0199275712536,-0.158509320463,0.282879071019,0.0529873315488,0.494375723032,0.441388391483,False,False,NORMAL_RANDOM_EFFECT_EMPIRICAL_BAYES,ALL_OBSERVED_BATTERS,1 active months; 1/0 split-half opportunities,False
669221,Sean Murphy,5,1,4,0.2,0.930978859256,0.186195771851,0.0690211407442,0.0138042281488,-0.00180139263613,0.185941318757,-0.000254453094437,-0.123849471643,0.226020648933,0.0623463002081,0.412216420784,0.349870120576,False,False,NORMAL_RANDOM_EFFECT_EMPIRICAL_BAYES,ALL_OBSERVED_BATTERS,2 active months; 0/5 split-half opportunities,False
669224,Austin Wells,13,4,9,0.307692307692,2.05112283838,0.157778679875,1.94887716162,0.149913627817,0.522965573572,0.22992453306,0.0721458531849,-0.0548416880066,0.254059013533,0.102936991868,0.411837693408,0.30890070154,False,False,NORMAL_RANDOM_EFFECT_EMPIRICAL_BAYES,ALL_OBSERVED_BATTERS,6 active months; 8/5 split-half opportunities,False
669236,Jeremiah Jackson,7,1,6,0.142857142857,1.39014395277,0.198591993253,-0.390143952771,-0.0557348503959,-0.177957969603,0.177224418029,-0.0213675752237,-0.128905894457,0.154837289239,0.0696860987963,0.353429282492,0.283743183696,False,False,NORMAL_RANDOM_EFFECT_EMPIRICAL_BAYES,ALL_OBSERVED_BATTERS,5 active months; 5/2 split-half opportunities,False
669242,Tommy Edman,16,3,13,0.1875,3.57809235204,0.223630772002,-0.578092352036,-0.0361307720022,-0.176068038611,0.198742508965,-0.0248882630371,-0.13253580744,0.134038056097,0.0910949645624,0.357668828099,0.266573863537,False,False,NORMAL_RANDOM_EFFECT_EMPIRICAL_BAYES,ALL_OBSERVED_BATTERS,3 active months; 0/16 split-half opportunities,False
669257,Will Smith,15,1,14,0.0666666666667,2.93729393209,0.195819595472,-1.93729393209,-0.129152928806,-0.603160976358,0.127695002762,-0.0681245927101,-0.145893226931,0.0657864279821,0.049926368541,0.261606023454,0.211679654913,False,False,NORMAL_RANDOM_EFFECT_EMPIRICAL_BAYES,ALL_OBSERVED_BATTERS,4 active months; 14/1 split-half opportunities,False
669288,Daniel Johnson,1,0,1,0,0.234019685718,0.234019685718,-0.234019685718,-0.234019685718,-0.134860982323,0.210716455131,-0.0233032305873,-0.174106936141,0.289079205131,0.0599127495768,0.523098890849,0.463186141272,False,False,NORMAL_RANDOM_EFFECT_EMPIRICAL_BAYES,ALL_OBSERVED_BATTERS,1 active months; 1/0 split-half opportunities,False
669289,Santiago Espinal,4,0,4,0,1.23969897141,0.309924742852,-1.23969897141,-0.309924742852,-0.554125781187,0.229743484867,-0.0801812579845,-0.216026846324,0.126184695664,0.0938978965281,0.436109438516,0.342211541988,False,False,NORMAL_RANDOM_EFFECT_EMPIRICAL_BAYES,ALL_OBSERVED_BATTERS,1 active months; 4/0 split-half opportunities,False
669326,Bryce Teodosio,3,0,3,0,0.754132536321,0.251377512107,-0.754132536321,-0.251377512107,-0.364517638954,0.193696420334,-0.0576810917733,-0.189182509245,0.189087323694,0.0621950028616,0.440464835801,0.378269832939,False,False,NORMAL_RANDOM_EFFECT_EMPIRICAL_BAYES,ALL_OBSERVED_BATTERS,1 active months; 3/0 split-half opportunities,False
669357,Nolan Gorman,12,1,11,0.0833333333333,2.16435245763,0.180362704802,-1.16435245763,-0.097029371469,-0.414144337649,0.133543002313,-0.0468197024894,-0.13048354847,0.102133830134,0.0498791563326,0.282496534936,0.232617378604,False,False,NORMAL_RANDOM_EFFECT_EMPIRICAL_BAYES,ALL_OBSERVED_BATTERS,4 active months; 8/4 split-half opportunities,False
669364,Xavier Edwards,51,9,42,0.176470588235,9.64091257452,0.189037501461,-0.640912574522,-0.0125669132259,-0.103839310939,0.176369702101,-0.0126677993598,-0.0852285077077,0.0818022452566,0.103808993753,0.270839746718,0.167030752964,True,True,NORMAL_RANDOM_EFFECT_EMPIRICAL_BAYES,RANKING_ELIGIBLE,6 active months; 26/25 split-half opportunities,True
669369,Bryce Johnson,2,0,2,0,0.202868319783,0.101434159892,-0.202868319783,-0.101434159892,-0.124688379747,0.0906659867308,-0.0107681731609,-0.077993235825,0.185014565656,0.0234409240667,0.286448725548,0.263007801481,False,False,NORMAL_RANDOM_EFFECT_EMPIRICAL_BAYES,ALL_OBSERVED_BATTERS,2 active months; 2/0 split-half opportunities,False
669384,Raynel Delgado,2,1,1,0.5,0.239096982218,0.119548491109,0.760903017782,0.380451508891,0.367051886293,0.162961282549,0.0434127914398,-0.0730368055516,0.303469708202,0.0465116855573,0.423018199311,0.376506513754,False,False,NORMAL_RANDOM_EFFECT_EMPIRICAL_BAYES,ALL_OBSERVED_BATTERS,1 active months; 0/2 split-half opportunities,False
669392,Samad Taylor,9,1,8,0.111111111111,1.43359621068,0.159288467853,-0.433596210681,-0.0481773567424,-0.196248437497,0.136405420969,-0.0228830468841,-0.112034274013,0.15302828637,0.0472541938407,0.312316754223,0.265062560383,False,False,NORMAL_RANDOM_EFFECT_EMPIRICAL_BAYES,ALL_OBSERVED_BATTERS,2 active months; 2/7 split-half opportunities,False
669394,Jake Burger,41,10,31,0.243902439024,9.32615308184,0.227467148338,0.673846918156,0.0164352906867,0.0687688478689,0.237447172403,0.00998002406518,-0.0814787268008,0.124157860277,0.145988421537,0.351625008615,0.205636587078,True,True,NORMAL_RANDOM_EFFECT_EMPIRICAL_BAYES,RANKING_ELIGIBLE,7 active months; 25/16 split-half opportunities,True
669397,Nick Allen,5,2,3,0.4,0.721133325225,0.144226665045,1.27886667478,0.255773334955,0.502308881371,0.21221453558,0.0679878705353,-0.0699412782557,0.303913095759,0.0742853867892,0.448139760804,0.373854374015,False,False,NORMAL_RANDOM_EFFECT_EMPIRICAL_BAYES,ALL_OBSERVED_BATTERS,2 active months; 0/5 split-half opportunities,False
669398,Gage Workman,2,1,1,0.5,0.900750178946,0.450375089473,0.0992498210535,0.0496249105268,0.0442662282978,0.459474653325,0.00909956385205,-0.240145041592,0.273719054593,0.210230047882,0.724094144066,0.513864096184,False,False,NORMAL_RANDOM_EFFECT_EMPIRICAL_BAYES,ALL_OBSERVED_BATTERS,1 active months; 2/0 split-half opportunities,False
669477,Casey Schmitt,20,4,16,0.2,3.36585765755,0.168292882878,0.634142342448,0.0317071171224,0.116824159138,0.182680627732,0.0143877448547,-0.081789912503,0.157212752945,0.0865029703746,0.325505635822,0.239002665448,True,False,NORMAL_RANDOM_EFFECT_EMPIRICAL_BAYES,PUBLICATION_ELIGIBLE,5 active months; 15/5 split-half opportunities,False
669699,Braden Shewmake,4,0,4,0,0.399226838751,0.0998067096877,-0.399226838751,-0.0998067096877,-0.222076103316,0.0820254158289,-0.0177812938587,-0.0775979028208,0.145378805436,0.0222088068669,0.245185515124,0.222976708257,False,False,NORMAL_RANDOM_EFFECT_EMPIRICAL_BAYES,ALL_OBSERVED_BATTERS,3 active months; 2/2 split-half opportunities,False
669701,Josh Smith,8,2,6,0.25,1.55132868645,0.193916085806,0.448671313555,0.0560839141944,0.123846255462,0.211979313316,0.0180632275102,-0.110884667891,0.224309071155,0.0830314179147,0.418225156961,0.335193739046,False,False,NORMAL_RANDOM_EFFECT_EMPIRICAL_BAYES,ALL_OBSERVED_BATTERS,5 active months; 3/5 split-half opportunities,False
669707,Jared Triolo,28,2,26,0.0714285714286,5.62637238742,0.200941870979,-3.62637238742,-0.129513299551,-0.804349111517,0.115225466135,-0.0857164048447,-0.149703605808,0.0159887896766,0.0512382651717,0.216930660656,0.165692395484,True,False,NORMAL_RANDOM_EFFECT_EMPIRICAL_BAYES,PUBLICATION_ELIGIBLE,6 active months; 7/21 split-half opportunities,False
669720,Austin Hays,7,1,6,0.142857142857,1.12252814711,0.160361163873,-0.122528147109,-0.0175040210156,-0.0820926979359,0.150667650108,-0.00969351376467,-0.10819579304,0.174701543705,0.0521653708331,0.335062707578,0.282897336745,False,False,NORMAL_RANDOM_EFFECT_EMPIRICAL_BAYES,ALL_OBSERVED_BATTERS,5 active months; 4/3 split-half opportunities,False
669743,Alex Call,12,4,8,0.333333333333,2.34359024785,0.195299187321,1.65640975215,0.138034146013,0.455087390904,0.260752369818,0.0654531824979,-0.0690752882756,0.24742302472,0.126223899045,0.442722212041,0.316498312996,False,False,NORMAL_RANDOM_EFFECT_EMPIRICAL_BAYES,ALL_OBSERVED_BATTERS,6 active months; 8/4 split-half opportunities,False
669899,Ryan Ward,6,0,6,0,1.21433942443,0.202389904072,-1.21433942443,-0.202389904072,-0.515306450353,0.132736941236,-0.0696529628361,-0.161718605202,0.134408746783,0.0406712988702,0.336798650855,0.296127351985,False,False,NORMAL_RANDOM_EFFECT_EMPIRICAL_BAYES,ALL_OBSERVED_BATTERS,2 active months; 5/1 split-half opportunities,False
669911,Michael Toglia,1,0,1,0,0.339914491818,0.339914491818,-0.339914491818,-0.339914491818,-0.184124206432,0.299894666339,-0.0400198254794,-0.246839807176,0.2950721589,0.0930746846424,0.634986650718,0.541911966076,False,False,NORMAL_RANDOM_EFFECT_EMPIRICAL_BAYES,ALL_OBSERVED_BATTERS,1 active months; 0/1 split-half opportunities,False
670032,Nicky Lopez,16,2,14,0.125,4.30234171094,0.268896356934,-2.30234171094,-0.143896356934,-0.619947140186,0.185075090124,-0.0838212668094,-0.182417083678,0.0604980430241,0.0864792732554,0.329394399958,0.242915126702,False,False,NORMAL_RANDOM_EFFECT_EMPIRICAL_BAYES,ALL_OBSERVED_BATTERS,4 active months; 4/12 split-half opportunities,False
670042,Luke Raley,21,3,18,0.142857142857,4.58848174293,0.218499130616,-1.58848174293,-0.0756419877587,-0.37721654239,0.166211645194,-0.0522874854222,-0.144121679366,0.089582177425,0.0743774512503,0.308081308041,0.233703856791,True,False,NORMAL_RANDOM_EFFECT_EMPIRICAL_BAYES,PUBLICATION_ELIGIBLE,5 active months; 15/6 split-half opportunities,False
670097,Zack Short,4,0,4,0,0.873356418413,0.218339104603,-0.873356418413,-0.218339104603,-0.411398697858,0.165584449288,-0.0527546553151,-0.161766983591,0.145452461851,0.0565721210121,0.363791566454,0.307219445442,False,False,NORMAL_RANDOM_EFFECT_EMPIRICAL_BAYES,ALL_OBSERVED_BATTERS,2 active months; 3/1 split-half opportunities,False
670156,Miles Mastrobuoni,1,0,1,0,0.142669158967,0.142669158967,-0.142669158967,-0.142669158967,-0.0888137407107,0.132146788059,-0.0105223709078,-0.108119400646,0.245689770574,0.0345497583208,0.388358929542,0.353809171221,False,False,NORMAL_RANDOM_EFFECT_EMPIRICAL_BAYES,ALL_OBSERVED_BATTERS,1 active months; 1/0 split-half opportunities,False
670224,Kameron Misner,3,0,3,0,1.01819211199,0.339397370663,-1.01819211199,-0.339397370663,-0.47344870726,0.263195128135,-0.0762022425279,-0.235110462127,0.154857363567,0.104286908536,0.49425473423,0.389967825694,False,False,NORMAL_RANDOM_EFFECT_EMPIRICAL_BAYES,ALL_OBSERVED_BATTERS,1 active months; 2/1 split-half opportunities,False
670231,John Rave,5,0,5,0,1.00106105643,0.200212211286,-1.00106105643,-0.200212211286,-0.456879673284,0.145928825404,-0.054283385882,-0.150424212283,0.128645107259,0.0497879990028,0.328857318544,0.279069319541,False,False,NORMAL_RANDOM_EFFECT_EMPIRICAL_BAYES,ALL_OBSERVED_BATTERS,3 active months; 1/4 split-half opportunities,False
670242,Matt Wallner,3,1,2,0.333333333333,0.36921846154,0.123072820513,0.63078153846,0.21026051282,0.273975105806,0.155816259191,0.032743438677,-0.0782513382851,0.286421033693,0.0448214822283,0.409493854207,0.364672371978,False,False,NORMAL_RANDOM_EFFECT_EMPIRICAL_BAYES,ALL_OBSERVED_BATTERS,3 active months; 3/0 split-half opportunities,False
670541,Yordan Alvarez,23,1,22,0.0434782608696,3.45544556091,0.150236763518,-2.45544556091,-0.106758502648,-0.674061762094,0.0863515310204,-0.0638852324973,-0.118561418925,0.0431791995714,0.0316753445924,0.193415963089,0.161740618497,True,False,NORMAL_RANDOM_EFFECT_EMPIRICAL_BAYES,PUBLICATION_ELIGIBLE,6 active months; 11/12 split-half opportunities,False
670623,Isaac Paredes,46,11,35,0.239130434783,8.66309069488,0.188328058584,2.33690930512,0.0508023761983,0.267383645526,0.225402493731,0.0370744351468,-0.0497342689157,0.147410696982,0.138593789669,0.335738755567,0.197144965898,True,True,NORMAL_RANDOM_EFFECT_EMPIRICAL_BAYES,RANKING_ELIGIBLE,7 active months; 24/22 split-half opportunities,True
670764,Taylor Walls,24,8,16,0.333333333333,4.14480030674,0.172700012781,3.85519969326,0.160633320552,0.699638095337,0.277805575705,0.105105562924,-0.016719412967,0.258664265876,0.155980599814,0.431364278657,0.275383678843,True,False,NORMAL_RANDOM_EFFECT_EMPIRICAL_BAYES,PUBLICATION_ELIGIBLE,5 active months; 7/17 split-half opportunities,False
670770,TJ Friedl,16,1,15,0.0625,3.99578807646,0.249736754779,-2.99578807646,-0.187236754779,-0.839632889901,0.145725322517,-0.104011432262,-0.187861330569,0.0298268945731,0.0618754242095,0.279563649352,0.217688225143,False,False,NORMAL_RANDOM_EFFECT_EMPIRICAL_BAYES,ALL_OBSERVED_BATTERS,6 active months; 10/6 split-half opportunities,False
671056,Iván Herrera,43,11,32,0.255813953488,6.92180687568,0.160972252923,4.07819312432,0.0948417005655,0.538160737976,0.230459201525,0.0694869486023,-0.0196841595298,0.181449965624,0.141288093393,0.342422218547,0.201134125154,True,True,NORMAL_RANDOM_EFFECT_EMPIRICAL_BAYES,RANKING_ELIGIBLE,7 active months; 25/18 split-half opportunities,True
671083,Buddy Kennedy,5,0,5,0,1.35114891617,0.270229783234,-1.35114891617,-0.270229783234,-0.571505244094,0.185145390912,-0.085084392322,-0.205223250617,0.121239083399,0.0650065326178,0.391468866633,0.326462334015,False,False,NORMAL_RANDOM_EFFECT_EMPIRICAL_BAYES,ALL_OBSERVED_BATTERS,1 active months; 0/5 split-half opportunities,False
671218,Heliot Ramos,25,10,15,0.4,4.77964126917,0.191185650767,5.22035873083,0.208814349233,0.904892884757,0.333939441111,0.142753790344,0.0143631250579,0.292536891967,0.205548775825,0.483722542733,0.278173766909,True,False,NORMAL_RANDOM_EFFECT_EMPIRICAL_BAYES,PUBLICATION_ELIGIBLE,6 active months; 10/15 split-half opportunities,False
671277,Luis García Jr.,23,5,18,0.217391304348,5.41325035087,0.235358710907,-0.41325035087,-0.0179674065596,-0.116129782495,0.219492977893,-0.0158657330147,-0.113292112461,0.125080499027,0.122066598446,0.360439209935,0.238372611488,True,False,NORMAL_RANDOM_EFFECT_EMPIRICAL_BAYES,PUBLICATION_ELIGIBLE,5 active months; 9/14 split-half opportunities,False
671286,Johnathan Rodríguez,2,1,1,0.5,0.599060047263,0.299530023631,0.400939952737,0.200469976369,0.186857555168,0.331698339296,0.032168315665,-0.166159044918,0.282699575878,0.133370978713,0.58222959951,0.448858620797,False,False,NORMAL_RANDOM_EFFECT_EMPIRICAL_BAYES,ALL_OBSERVED_BATTERS,1 active months; 2/0 split-half opportunities,False
671289,Tyler Freeman,18,4,14,0.222222222222,3.39739856872,0.188744364929,0.602601431282,0.0334778572935,0.111025749816,0.20407839502,0.0153340300916,-0.0924651281479,0.17222012724,0.0962792367809,0.360964492168,0.264685255388,False,False,NORMAL_RANDOM_EFFECT_EMPIRICAL_BAYES,ALL_OBSERVED_BATTERS,5 active months; 12/6 split-half opportunities,False
671655,George Valera,1,0,1,0,0.0908710456582,0.0908710456582,-0.0908710456582,-0.0908710456582,-0.0599931601898,0.0860349528093,-0.00483609284894,-0.0695127882802,0.194430262687,0.021358257378,0.285301308346,0.263943050967,False,False,NORMAL_RANDOM_EFFECT_EMPIRICAL_BAYES,ALL_OBSERVED_BATTERS,1 active months; 1/0 split-half opportunities,False
671732,Lawrence Butler,28,11,17,0.392857142857,5.88483573701,0.210172704893,5.11516426299,0.182684437964,0.81387424009,0.339498145452,0.129325440559,0.00629481491955,0.273757882058,0.216467519813,0.483930586951,0.267463067138,True,False,NORMAL_RANDOM_EFFECT_EMPIRICAL_BAYES,PUBLICATION_ELIGIBLE,7 active months; 13/15 split-half opportunities,False
671739,Michael Harris II,14,4,10,0.285714285714,2.96572691399,0.211837636714,1.03427308601,0.0738766490005,0.248551718157,0.247771482835,0.0359338461215,-0.0891830853957,0.210375680657,0.122654551318,0.422213317371,0.299558766053,False,False,NORMAL_RANDOM_EFFECT_EMPIRICAL_BAYES,ALL_OBSERVED_BATTERS,5 active months; 6/8 split-half opportunities,False
671976,Tristan Peters,10,5,5,0.5,2.2168254991,0.22168254991,2.7831745009,0.27831745009,0.800120366431,0.356811497803,0.135128947894,-0.0360351117493,0.338078761956,0.18564743816,0.559761311866,0.374113873706,False,False,NORMAL_RANDOM_EFFECT_EMPIRICAL_BAYES,ALL_OBSERVED_BATTERS,6 active months; 2/8 split-half opportunities,False
672012,Tyler Black,3,0,3,0,0.590332380946,0.196777460315,-0.590332380946,-0.196777460315,-0.3000399735,0.156191931503,-0.0405855288125,-0.149718551563,0.189616806446,0.0470589087527,0.386394266761,0.339335358008,False,False,NORMAL_RANDOM_EFFECT_EMPIRICAL_BAYES,ALL_OBSERVED_BATTERS,1 active months; 3/0 split-half opportunities,False
672016,Denzel Clarke,5,1,4,0.2,1.34489402562,0.268978805124,-0.34489402562,-0.068978805124,-0.158414362075,0.242378878221,-0.0265999269031,-0.176980322832,0.208592720796,0.0919984822916,0.47757152592,0.385573043628,False,False,NORMAL_RANDOM_EFFECT_EMPIRICAL_BAYES,ALL_OBSERVED_BATTERS,3 active months; 4/1 split-half opportunities,False
672275,Patrick Bailey,20,3,17,0.15,4.35189346556,0.217594673278,-1.35189346556,-0.0675946732778,-0.333641420873,0.171205342176,-0.0463893311022,-0.141515160758,0.0992696716153,0.0760795125195,0.316864344893,0.240784832374,True,False,NORMAL_RANDOM_EFFECT_EMPIRICAL_BAYES,PUBLICATION_ELIGIBLE,7 active months; 9/11 split-half opportunities,False
672284,Jarred Kelenic,4,1,3,0.25,0.813428922185,0.203357230546,0.186571077815,0.0466427694538,0.0622778571891,0.211816718458,0.00845948791175,-0.125451630636,0.224177054951,0.0779055999097,0.427534285497,0.349628685587,False,False,NORMAL_RANDOM_EFFECT_EMPIRICAL_BAYES,ALL_OBSERVED_BATTERS,2 active months; 3/1 split-half opportunities,False
672356,Gabriel Arias,13,0,13,0,2.00313337084,0.154087182372,-2.00313337084,-0.154087182372,-0.725007137278,0.0874667395896,-0.0666204427826,-0.124973431003,0.0535610612838,0.0291137513689,0.207648243656,0.178534492287,False,False,NORMAL_RANDOM_EFFECT_EMPIRICAL_BAYES,ALL_OBSERVED_BATTERS,5 active months; 4/9 split-half opportunities,False
672386,Alejandro Kirk,20,6,14,0.3,3.59951699475,0.179975849737,2.40048300525,0.120024150263,0.487171049595,0.251469817209,0.0714939674716,-0.0493850727945,0.23155500384,0.130590776943,0.411530853577,0.280940076634,True,False,NORMAL_RANDOM_EFFECT_EMPIRICAL_BAYES,PUBLICATION_ELIGIBLE,4 active months; 2/18 split-half opportunities,False
672515,Gabriel Moreno,49,13,36,0.265306122449,8.5145514041,0.173766355186,4.4854485959,0.0915397672633,0.506321631915,0.244095311032,0.0703289558465,-0.0179182172952,0.180770773352,0.155848137891,0.354537128537,0.198688990647,True,True,NORMAL_RANDOM_EFFECT_EMPIRICAL_BAYES,RANKING_ELIGIBLE,7 active months; 19/30 split-half opportunities,True
672569,Gustavo Campero,1,0,1,0,0.0392744010324,0.0392744010324,-0.0392744010324,-0.0392744010324,-0.0279830013826,0.0382320550406,-0.00104234599172,-0.030293029772,0.108581396941,0.00898137126031,0.147855797974,0.138874426713,False,False,NORMAL_RANDOM_EFFECT_EMPIRICAL_BAYES,ALL_OBSERVED_BATTERS,1 active months; 0/1 split-half opportunities,False
672580,Maikel Garcia,39,12,27,0.307692307692,8.19280009452,0.210071797295,3.80719990548,0.0976205103969,0.462179456111,0.28385208721,0.0737802899142,-0.031328163671,0.200106287719,0.178743633624,0.410178085015,0.23143445139,True,True,NORMAL_RANDOM_EFFECT_EMPIRICAL_BAYES,RANKING_ELIGIBLE,5 active months; 37/2 split-half opportunities,True
672613,Eliezer Alfonzo,2,0,2,0,0.283218115902,0.141609057951,-0.283218115902,-0.141609057951,-0.164708781631,0.122794170226,-0.0188148877246,-0.108741567897,0.215026041911,0.0328674900541,0.356635099862,0.323767609808,False,False,NORMAL_RANDOM_EFFECT_EMPIRICAL_BAYES,ALL_OBSERVED_BATTERS,2 active months; 0/2 split-half opportunities,False
672640,Otto Lopez,52,8,44,0.153846153846,9.96609557105,0.191655684059,-1.96609557105,-0.0378095302124,-0.265137790663,0.15877118209,-0.0328845019681,-0.102637723972,0.0593567499877,0.0890179600863,0.251012434046,0.16199447396,True,True,NORMAL_RANDOM_EFFECT_EMPIRICAL_BAYES,RANKING_ELIGIBLE,7 active months; 26/26 split-half opportunities,True
672642,Steward Berroa,1,0,1,0,0.253050354308,0.253050354308,-0.253050354308,-0.253050354308,-0.143948529691,0.226819530537,-0.0262308237709,-0.187977323132,0.291973982188,0.0650730311758,0.545024336495,0.479951305319,False,False,NORMAL_RANDOM_EFFECT_EMPIRICAL_BAYES,ALL_OBSERVED_BATTERS,1 active months; 1/0 split-half opportunities,False
672695,Geraldo Perdomo,53,16,37,0.301886792453,11.1143046902,0.209703862078,4.88569530985,0.0921829303745,0.476761363751,0.283730319951,0.0740264578732,-0.0186646954687,0.182431524613,0.19103916661,0.392135386691,0.201096220082,True,True,NORMAL_RANDOM_EFFECT_EMPIRICAL_BAYES,RANKING_ELIGIBLE,6 active months; 24/29 split-half opportunities,True
672724,Oswald Peraza,20,4,16,0.2,4.32368081159,0.216184040579,-0.323680811588,-0.0161840405794,-0.102606154899,0.202212723865,-0.0139713167144,-0.115200545283,0.130392677679,0.100983495296,0.346576718259,0.245593222962,True,False,NORMAL_RANDOM_EFFECT_EMPIRICAL_BAYES,PUBLICATION_ELIGIBLE,5 active months; 11/9 split-half opportunities,False
672761,Wenceel Pérez,11,2,9,0.181818181818,2.23389584902,0.20308144082,-0.233895849018,-0.0212632590017,-0.10296555972,0.190583035888,-0.0124984049318,-0.119692962029,0.145622798233,0.0833884787911,0.348704239052,0.265315760261,False,False,NORMAL_RANDOM_EFFECT_EMPIRICAL_BAYES,ALL_OBSERVED_BATTERS,3 active months; 11/0 split-half opportunities,False
672820,Lenyn Sosa,13,1,12,0.0769230769231,1.41814639646,0.109088184343,-0.418146396456,-0.0321651074197,-0.193695217395,0.0926815326311,-0.0164066517117,-0.078451087407,0.115386110511,0.0306370969357,0.224474294854,0.193837197918,False,False,NORMAL_RANDOM_EFFECT_EMPIRICAL_BAYES,ALL_OBSERVED_BATTERS,3 active months; 13/0 split-half opportunities,False
672960,Kazuma Okamoto,45,2,43,0.0444444444444,9.40323932476,0.208960873884,-7.40323932476,-0.164516429439,-1.19922069849,0.0857159747233,-0.12324489916,-0.170568814961,-0.0447810866664,0.0383920589227,0.164179787217,0.125787728295,True,True,NORMAL_RANDOM_EFFECT_EMPIRICAL_BAYES,RANKING_ELIGIBLE,7 active months; 28/17 split-half opportunities,True
673237,Yainer Diaz,6,2,4,0.333333333333,1.13301926259,0.188836543765,0.866980737411,0.144496789568,0.308814227805,0.234032081808,0.0451955380431,-0.0988161812888,0.259355717355,0.090020362476,0.44819226112,0.358171898644,False,False,NORMAL_RANDOM_EFFECT_EMPIRICAL_BAYES,ALL_OBSERVED_BATTERS,4 active months; 2/4 split-half opportunities,False
673357,Luis Robert Jr.,12,3,9,0.25,3.73830166839,0.311525139033,-0.738301668393,-0.0615251390327,-0.212912953194,0.273338833652,-0.0381863053806,-0.182818521553,0.153867630611,0.128706617479,0.465392769644,0.336686152164,False,False,NORMAL_RANDOM_EFFECT_EMPIRICAL_BAYES,ALL_OBSERVED_BATTERS,3 active months; 5/7 split-half opportunities,False
673490,Ha-Seong Kim,14,3,11,0.214285714286,3.27196813718,0.233712009799,-0.271968137182,-0.019426295513,-0.100365761248,0.217791182899,-0.0159208268998,-0.137117587457,0.163210853995,0.096594422342,0.396922863794,0.300328441452,False,False,NORMAL_RANDOM_EFFECT_EMPIRICAL_BAYES,ALL_OBSERVED_BATTERS,3 active months; 7/7 split-half opportunities,False
673548,Seiya Suzuki,51,11,40,0.21568627451,10.2502041907,0.200984395896,0.749795809321,0.0147018786141,0.0608842569139,0.209857805221,0.0088734093255,-0.0744364004796,0.114248361825,0.126547995416,0.315232757721,0.188684762305,True,True,NORMAL_RANDOM_EFFECT_EMPIRICAL_BAYES,RANKING_ELIGIBLE,6 active months; 21/30 split-half opportunities,True
673962,Josh Jung,29,4,25,0.137931034483,6.15712668851,0.212314713397,-2.15712668851,-0.0743836789143,-0.417929192267,0.156430881135,-0.0558838322618,-0.137161999957,0.0663177052021,0.0751527134399,0.278632418599,0.203479705159,True,False,NORMAL_RANDOM_EFFECT_EMPIRICAL_BAYES,PUBLICATION_ELIGIBLE,5 active months; 19/10 split-half opportunities,False
675659,Greg Jones,1,0,1,0,0.0684248878395,0.0684248878395,-0.0684248878395,-0.0684248878395,-0.0465706544764,0.0655153422437,-0.00290954559574,-0.0526404725734,0.161065132575,0.0157844152661,0.229490020414,0.213705605148,False,False,NORMAL_RANDOM_EFFECT_EMPIRICAL_BAYES,ALL_OBSERVED_BATTERS,1 active months; 1/0 split-half opportunities,False
675961,Alika Williams,9,1,8,0.111111111111,1.91324172711,0.212582414124,-0.913241727114,-0.101471303013,-0.344968178023,0.166273586806,-0.0463088273176,-0.150836967883,0.134000898663,0.0617454462405,0.346583312786,0.284837866546,False,False,NORMAL_RANDOM_EFFECT_EMPIRICAL_BAYES,ALL_OBSERVED_BATTERS,4 active months; 2/7 split-half opportunities,False
676356,Jonny DeLuca,24,4,20,0.166666666667,5.5803491519,0.232514547996,-1.5803491519,-0.0658478813291,-0.345959152196,0.185123712145,-0.0473908358504,-0.139315073477,0.0872419842452,0.093199474519,0.319756532241,0.226557057722,True,False,NORMAL_RANDOM_EFFECT_EMPIRICAL_BAYES,PUBLICATION_ELIGIBLE,6 active months; 11/13 split-half opportunities,False
676369,Nelson Velázquez,7,3,4,0.428571428571,1.14709516824,0.16387073832,1.85290483176,0.264700690251,0.635081270941,0.260557862383,0.0966871240629,-0.0579524681662,0.329572053237,0.105918270154,0.493442791557,0.387524521403,False,False,NORMAL_RANDOM_EFFECT_EMPIRICAL_BAYES,ALL_OBSERVED_BATTERS,4 active months; 2/5 split-half opportunities,False
676391,Ernie Clement,24,8,16,0.333333333333,3.07385951878,0.128077479949,4.92614048122,0.205255853384,0.924806144156,0.260654426057,0.132576946108,0.0100958306438,0.292300510819,0.138173310593,0.420377990768,0.282204680175,True,False,NORMAL_RANDOM_EFFECT_EMPIRICAL_BAYES,PUBLICATION_ELIGIBLE,6 active months; 9/15 split-half opportunities,False
676439,Hunter Feduccia,20,4,16,0.2,4.90479946327,0.245239973163,-0.904799463268,-0.0452399731634,-0.216585007491,0.21159874764,-0.033641225523,-0.142717560091,0.121764170314,0.102522413073,0.367004143478,0.264481730405,True,False,NORMAL_RANDOM_EFFECT_EMPIRICAL_BAYES,PUBLICATION_ELIGIBLE,7 active months; 7/13 split-half opportunities,False
676475,Alec Burleson,37,5,32,0.135135135135,6.1126836938,0.1652076674,-1.1126836938,-0.0300725322648,-0.230950809441,0.140451302738,-0.0247563646623,-0.0923097735679,0.0778246999313,0.072897893832,0.243032367331,0.170134473499,True,True,NORMAL_RANDOM_EFFECT_EMPIRICAL_BAYES,RANKING_ELIGIBLE,7 active months; 20/17 split-half opportunities,True
676551,Brewer Hicklen,1,0,1,0,0.0487531677462,0.0487531677462,-0.0487531677462,-0.0487531677462,-0.0341922189846,0.0471917034252,-0.00156146432105,-0.0375186729883,0.127691613725,0.011234494758,0.176444781472,0.165210286714,False,False,NORMAL_RANDOM_EFFECT_EMPIRICAL_BAYES,ALL_OBSERVED_BATTERS,1 active months; 0/1 split-half opportunities,False
676572,Eric Wagaman,9,3,6,0.333333333333,1.56808649738,0.174231833042,1.43191350262,0.159101500291,0.417620260929,0.240815875093,0.0665840420508,-0.078390626678,0.29475494768,0.0958412063641,0.468986780722,0.373145574358,False,False,NORMAL_RANDOM_EFFECT_EMPIRICAL_BAYES,ALL_OBSERVED_BATTERS,3 active months; 2/7 split-half opportunities,False
676609,José Caballero,32,17,15,0.53125,6.20949808619,0.194046815193,10.7905019138,0.337203184807,1.43717062515,0.452736003286,0.258689188093,0.123642322081,0.401018554854,0.317689137274,0.595065370047,0.277376232773,True,True,NORMAL_RANDOM_EFFECT_EMPIRICAL_BAYES,RANKING_ELIGIBLE,7 active months; 22/10 split-half opportunities,True
676694,Jake Meyers,6,0,6,0,0.648520562877,0.10808676048,-0.648520562877,-0.10808676048,-0.326708936667,0.080711088482,-0.0273756719975,-0.0855704482422,0.128115944121,0.0225163122373,0.236202704601,0.213686392363,False,False,NORMAL_RANDOM_EFFECT_EMPIRICAL_BAYES,ALL_OBSERVED_BATTERS,3 active months; 5/1 split-half opportunities,False
676724,Jared Young,20,2,18,0.1,3.84875567886,0.192437783943,-1.84875567886,-0.0924377839432,-0.485674446963,0.133968798403,-0.0584689855398,-0.137425557507,0.0738214774,0.0550122264364,0.266259261343,0.211247034907,True,False,NORMAL_RANDOM_EFFECT_EMPIRICAL_BAYES,PUBLICATION_ELIGIBLE,6 active months; 9/11 split-half opportunities,False
676914,Davis Schneider,22,13,9,0.590909090909,3.9880892104,0.181276782291,9.0119107896,0.409632308618,1.56425495043,0.467144577245,0.285867794954,0.125061287145,0.451666695806,0.306338069436,0.632943478097,0.326605408661,True,False,NORMAL_RANDOM_EFFECT_EMPIRICAL_BAYES,PUBLICATION_ELIGIBLE,5 active months; 15/7 split-half opportunities,False
677060,Chad Stevens,1,1,0,1,0.244374265115,0.244374265115,0.755625734885,0.755625734885,0.382603094241,0.321640662559,0.0772663974446,-0.141306054859,0.412979160951,0.103068210256,0.657353426066,0.55428521581,False,False,NORMAL_RANDOM_EFFECT_EMPIRICAL_BAYES,ALL_OBSERVED_BATTERS,1 active months; 1/0 split-half opportunities,False
677347,Kyren Paris,2,0,2,0,0.151154702181,0.0755773510903,-0.151154702181,-0.0755773510903,-0.0971013046007,0.0690721303496,-0.00650522074069,-0.0582869672458,0.15907986797,0.0172903838445,0.23465721906,0.217366835216,False,False,NORMAL_RANDOM_EFFECT_EMPIRICAL_BAYES,ALL_OBSERVED_BATTERS,1 active months; 0/2 split-half opportunities,False
677587,Brayan Rocchio,41,8,33,0.19512195122,6.31783776427,0.154093604007,1.68216223573,0.0410283472129,0.237622460043,0.180729758723,0.0266361547168,-0.0498683096163,0.130516908285,0.10422529439,0.284610512292,0.180385217902,True,True,NORMAL_RANDOM_EFFECT_EMPIRICAL_BAYES,RANKING_ELIGIBLE,7 active months; 21/20 split-half opportunities,True
677588,José Tena,14,2,12,0.142857142857,2.39406601633,0.171004715452,-0.394066016332,-0.0281475725951,-0.154137954122,0.152648053368,-0.0183566620839,-0.109510320293,0.134267310672,0.061494395159,0.305272026124,0.243777630965,False,False,NORMAL_RANDOM_EFFECT_EMPIRICAL_BAYES,ALL_OBSERVED_BATTERS,6 active months; 7/7 split-half opportunities,False
677592,Everson Pereira,1,1,0,1,0.53597904378,0.53597904378,0.46402095622,0.46402095622,0.239925153556,0.594859301965,0.0588802581845,-0.269451553723,0.320651468975,0.266527490058,0.856630512756,0.590103022698,False,False,NORMAL_RANDOM_EFFECT_EMPIRICAL_BAYES,ALL_OBSERVED_BATTERS,1 active months; 0/1 split-half opportunities,False
677594,Julio Rodríguez,37,2,35,0.0540540540541,6.87179032086,0.185724062726,-4.87179032086,-0.131670008672,-0.899903218423,0.0900165897433,-0.0957074729826,-0.147814565476,-0.00415025874928,0.0379094972499,0.181573803977,0.143664306727,True,True,NORMAL_RANDOM_EFFECT_EMPIRICAL_BAYES,RANKING_ELIGIBLE,6 active months; 21/16 split-half opportunities,True
677595,Ronny Mauricio,3,1,2,0.333333333333,0.711080710189,0.237026903396,0.288919289811,0.0963064299371,0.115242381173,0.25512850488,0.0181016014835,-0.141995174269,0.264768724681,0.095031729127,0.501795628077,0.40676389895,False,False,NORMAL_RANDOM_EFFECT_EMPIRICAL_BAYES,ALL_OBSERVED_BATTERS,2 active months; 2/1 split-half opportunities,False
677649,Ezequiel Duran,32,3,29,0.09375,4.73697530187,0.148030478184,-1.73697530187,-0.0542804781836,-0.389540643511,0.108256180626,-0.0397742975576,-0.101554424282,0.0644549493199,0.0464760539016,0.212485427503,0.166009373602,True,True,NORMAL_RANDOM_EFFECT_EMPIRICAL_BAYES,RANKING_ELIGIBLE,5 active months; 9/23 split-half opportunities,True
677800,Wilyer Abreu,41,6,35,0.146341463415,9.67477921043,0.235970224645,-3.67477921043,-0.0896287612299,-0.551584333527,0.16533854304,-0.0706316816048,-0.144472346049,0.0293526604513,0.0914978785952,0.265322885096,0.173825006501,True,True,NORMAL_RANDOM_EFFECT_EMPIRICAL_BAYES,RANKING_ELIGIBLE,7 active months; 22/19 split-half opportunities,True
677870,Leo Jiménez,24,2,22,0.0833333333333,4.92204024656,0.205085010273,-2.92204024656,-0.12175167694,-0.686050050864,0.125930155336,-0.0791548549375,-0.150436760706,0.037219937746,0.0546482495678,0.242304948019,0.187656698452,True,False,NORMAL_RANDOM_EFFECT_EMPIRICAL_BAYES,PUBLICATION_ELIGIBLE,5 active months; 14/10 split-half opportunities,False
677942,Blaze Alexander,25,5,20,0.2,4.55161620285,0.182064648114,0.448383797153,0.0179353518861,0.0600353167955,0.189797800635,0.00773315252093,-0.0866314419584,0.140756414655,0.0954332061555,0.322821062769,0.227387856613,True,False,NORMAL_RANDOM_EFFECT_EMPIRICAL_BAYES,PUBLICATION_ELIGIBLE,7 active months; 13/12 split-half opportunities,False
677950,Alek Thomas,8,3,5,0.375,1.38118080839,0.172647601048,1.61881919161,0.202352398952,0.51162861067,0.253052236081,0.0804046350327,-0.069977326052,0.307735448625,0.102670274996,0.480383049673,0.377712774677,False,False,NORMAL_RANDOM_EFFECT_EMPIRICAL_BAYES,ALL_OBSERVED_BATTERS,3 active months; 8/0 split-half opportunities,False
677951,Bobby Witt Jr.,42,6,36,0.142857142857,7.44676897326,0.177304023173,-1.44676897326,-0.0344468803157,-0.264977327816,0.14972114059,-0.0275828825824,-0.0944665951049,0.0640858915385,0.082837428068,0.241389914711,0.158552486643,True,True,NORMAL_RANDOM_EFFECT_EMPIRICAL_BAYES,RANKING_ELIGIBLE,6 active months; 27/15 split-half opportunities,True
677956,Rece Hinds,1,0,1,0,0.11072304728,0.11072304728,-0.11072304728,-0.11072304728,-0.0713518886985,0.10389017982,-0.00683286745958,-0.0846459623586,0.21802273065,0.0260770849209,0.32874577793,0.302668693009,False,False,NORMAL_RANDOM_EFFECT_EMPIRICAL_BAYES,ALL_OBSERVED_BATTERS,1 active months; 1/0 split-half opportunities,False
678009,Parker Meadows,2,0,2,0,0.501092721001,0.2505463605,-0.501092721001,-0.2505463605,-0.26099535875,0.205670371064,-0.0448759894363,-0.188540538553,0.241909548157,0.0620058219476,0.492455908658,0.43045008671,False,False,NORMAL_RANDOM_EFFECT_EMPIRICAL_BAYES,ALL_OBSERVED_BATTERS,1 active months; 2/0 split-half opportunities,False
678011,Anthony Seigler,15,6,9,0.4,2.7918564506,0.186123763374,3.2081435494,0.213876236626,0.786324400819,0.303680393444,0.11755663007,-0.0222324078792,0.295042523493,0.163891355494,0.481166286867,0.317274931372,False,False,NORMAL_RANDOM_EFFECT_EMPIRICAL_BAYES,ALL_OBSERVED_BATTERS,3 active months; 1/14 split-half opportunities,False
678218,Brandon Valenzuela,16,7,9,0.4375,4.12567446994,0.257854654371,2.87432553006,0.179645345629,0.639278771222,0.365301379396,0.107446725025,-0.0425175102461,0.278887363828,0.215337144125,0.536742018199,0.321404874074,False,False,NORMAL_RANDOM_EFFECT_EMPIRICAL_BAYES,ALL_OBSERVED_BATTERS,5 active months; 5/11 split-half opportunities,False
678246,Miguel Vargas,47,12,35,0.255319148936,10.788467461,0.229541860873,1.21153253896,0.025777288063,0.119164673244,0.247606475621,0.0180646147476,-0.0717055211348,0.129308689766,0.157836339738,0.35885055064,0.201014210901,True,True,NORMAL_RANDOM_EFFECT_EMPIRICAL_BAYES,RANKING_ELIGIBLE,7 active months; 19/28 split-half opportunities,True
678391,Jorbit Vivas,19,3,16,0.157894736842,3.22399899461,0.169684157611,-0.223998994612,-0.011789420769,-0.0942463457089,0.158946387371,-0.0107377702402,-0.0969764746384,0.12450370917,0.0727076829727,0.294187866781,0.221480183808,False,False,NORMAL_RANDOM_EFFECT_EMPIRICAL_BAYES,ALL_OBSERVED_BATTERS,7 active months; 9/10 split-half opportunities,False
678489,Jorge Barrosa,15,2,13,0.133333333333,3.41902437046,0.22793495803,-1.41902437046,-0.094601624697,-0.411411455616,0.17280756887,-0.0551273891604,-0.154248293565,0.0975605445452,0.0736866644654,0.325495502576,0.25180883811,False,False,NORMAL_RANDOM_EFFECT_EMPIRICAL_BAYES,ALL_OBSERVED_BATTERS,6 active months; 12/3 split-half opportunities,False
678545,Osleivis Basabe,12,0,12,0,1.39596142303,0.116330118585,-1.39596142303,-0.116330118585,-0.562849527209,0.0709149071761,-0.0454152114094,-0.0950990520239,0.076419803458,0.0212310665615,0.192749922043,0.171518855482,False,False,NORMAL_RANDOM_EFFECT_EMPIRICAL_BAYES,ALL_OBSERVED_BATTERS,2 active months; 0/12 split-half opportunities,False
678554,Curtis Mead,32,3,29,0.09375,6.08093260573,0.190029143929,-3.08093260573,-0.0962791439289,-0.644204735755,0.123257065301,-0.0667720786279,-0.130247349169,0.031163766931,0.05978179476,0.22119291086,0.1614111161,True,True,NORMAL_RANDOM_EFFECT_EMPIRICAL_BAYES,RANKING_ELIGIBLE,4 active months; 21/11 split-half opportunities,True
678577,Junior Perez,2,0,2,0,0.748336730018,0.374168365009,-0.748336730018,-0.374168365009,-0.369644995623,0.314883082521,-0.0592852824885,-0.244897913231,0.162838173576,0.129270451778,0.537006538585,0.407736086806,False,False,NORMAL_RANDOM_EFFECT_EMPIRICAL_BAYES,ALL_OBSERVED_BATTERS,2 active months; 0/2 split-half opportunities,False
678662,Ezequiel Tovar,28,3,25,0.107142857143,4.66489792352,0.166603497269,-1.66489792352,-0.0594606401257,-0.384389177387,0.124319446941,-0.0422840503277,-0.112074599852,0.0690616984036,0.0545288974166,0.235665195672,0.181136298256,True,False,NORMAL_RANDOM_EFFECT_EMPIRICAL_BAYES,PUBLICATION_ELIGIBLE,6 active months; 22/6 split-half opportunities,False
678882,Ceddanne Rafaela,28,6,22,0.214285714286,5.00721130707,0.178828975253,0.992788692929,0.0354567390332,0.153858688893,0.198955078428,0.0201261031752,-0.0741039478883,0.150179445598,0.104725027364,0.32900842085,0.224283393486,True,False,NORMAL_RANDOM_EFFECT_EMPIRICAL_BAYES,PUBLICATION_ELIGIBLE,5 active months; 15/13 split-half opportunities,False
679529,Spencer Torkelson,48,10,38,0.208333333333,8.48957467374,0.176866139036,1.51042532626,0.0314671942971,0.159838561296,0.198543172408,0.0216770333719,-0.059712442769,0.126986714831,0.117153696267,0.303852853867,0.1866991576,True,True,NORMAL_RANDOM_EFFECT_EMPIRICAL_BAYES,RANKING_ELIGIBLE,7 active months; 20/28 split-half opportunities,True
679822,Justin Foscue,19,7,12,0.368421052632,3.45172056119,0.18166950322,3.54827943881,0.186751549411,0.720298059428,0.297458547414,0.115789044194,-0.0216996080227,0.287793421855,0.159969895198,0.469462925075,0.309493029877,False,False,NORMAL_RANDOM_EFFECT_EMPIRICAL_BAYES,ALL_OBSERVED_BATTERS,4 active months; 10/9 split-half opportunities,False
679845,Nick Loftin,29,10,19,0.344827586207,4.83585781802,0.166753717863,5.16414218198,0.178073868344,0.876545694081,0.28832737051,0.121573652647,0.0105626675201,0.259376887904,0.177316385383,0.426130605767,0.248814220384,True,False,NORMAL_RANDOM_EFFECT_EMPIRICAL_BAYES,PUBLICATION_ELIGIBLE,5 active months; 9/20 split-half opportunities,False
680474,Max Schuemann,9,7,2,0.777777777778,2.67225479008,0.296917198897,4.32774520992,0.480860578881,1.21260128676,0.546568610259,0.249651411362,0.0344360196438,0.453067721013,0.331353218541,0.74998491991,0.418631701369,False,False,NORMAL_RANDOM_EFFECT_EMPIRICAL_BAYES,ALL_OBSERVED_BATTERS,3 active months; 4/5 split-half opportunities,False
680574,Matt McLain,50,6,44,0.12,11.0309335537,0.220618671075,-5.03093355374,-0.100618671075,-0.671851703707,0.139219990773,-0.0813986803019,-0.144937343596,0.00645455129957,0.0756813274786,0.227073222374,0.151391894896,True,True,NORMAL_RANDOM_EFFECT_EMPIRICAL_BAYES,RANKING_ELIGIBLE,7 active months; 30/20 split-half opportunities,True
680664,Eduardo Valencia,1,0,1,0,0.0960085777088,0.0960085777088,-0.0960085777088,-0.0960085777088,-0.0629750931026,0.0906802321639,-0.00532834554489,-0.0733448273774,0.201821564627,0.0226637503313,0.297830142335,0.275166392004,False,False,NORMAL_RANDOM_EFFECT_EMPIRICAL_BAYES,ALL_OBSERVED_BATTERS,1 active months; 0/1 split-half opportunities,False
680700,Richie Palacios,24,2,22,0.0833333333333,5.35193441306,0.222997267211,-3.35193441306,-0.139663933878,-0.755230407147,0.130966120906,-0.0920311463054,-0.166396531619,0.0270485863759,0.0566007355922,0.250045853587,0.193445117995,True,False,NORMAL_RANDOM_EFFECT_EMPIRICAL_BAYES,PUBLICATION_ELIGIBLE,7 active months; 18/6 split-half opportunities,False
680718,Addison Barger,1,0,1,0,0.0346996435501,0.0346996435501,-0.0346996435501,-0.0346996435501,-0.0249216973882,0.0338744881553,-0.000825155394739,-0.0267934776944,0.0976763322406,0.00790616585571,0.132375975791,0.124469809935,False,False,NORMAL_RANDOM_EFFECT_EMPIRICAL_BAYES,ALL_OBSERVED_BATTERS,1 active months; 1/0 split-half opportunities,False
680728,Adrian Del Castillo,11,2,9,0.181818181818,2.66564954332,0.242331776665,-0.665649543319,-0.0605135948472,-0.228270979389,0.209729585823,-0.0326021908426,-0.151874653321,0.138870942023,0.0904571233445,0.381202718689,0.290745595344,False,False,NORMAL_RANDOM_EFFECT_EMPIRICAL_BAYES,ALL_OBSERVED_BATTERS,6 active months; 7/4 split-half opportunities,False
680737,Michael Helman,1,0,1,0,0.0843772726184,0.0843772726184,-0.0843772726184,-0.0843772726184,-0.0561782939081,0.0801371809994,-0.00424009161899,-0.0646530794437,0.184647520598,0.0197241931747,0.269024793216,0.249300600041,False,False,NORMAL_RANDOM_EFFECT_EMPIRICAL_BAYES,ALL_OBSERVED_BATTERS,1 active months; 1/0 split-half opportunities,False
680757,Steven Kwan,54,9,45,0.166666666667,9.45738744285,0.175136804497,-0.457387442849,-0.00847013783054,-0.078417991667,0.165126497648,-0.0100103068494,-0.080998222293,0.08690737495,0.0941385822042,0.262044179447,0.167905597243,True,True,NORMAL_RANDOM_EFFECT_EMPIRICAL_BAYES,RANKING_ELIGIBLE,7 active months; 25/29 split-half opportunities,True
680776,Jarren Duran,25,4,21,0.16,5.03513564842,0.201405425937,-1.03513564842,-0.0414054259367,-0.241107350028,0.169883297422,-0.0315221285149,-0.119041486581,0.0995881878959,0.0823639393555,0.300993613833,0.218629674477,True,False,NORMAL_RANDOM_EFFECT_EMPIRICAL_BAYES,PUBLICATION_ELIGIBLE,6 active months; 13/12 split-half opportunities,False
680777,Ryan Jeffers,29,8,21,0.275862068966,7.68809487292,0.265106719756,0.311905127081,0.0107553492097,0.0295804205497,0.270027925341,0.00492120558543,-0.108463215704,0.142071651794,0.156643504052,0.40717837155,0.250534867498,True,False,NORMAL_RANDOM_EFFECT_EMPIRICAL_BAYES,PUBLICATION_ELIGIBLE,6 active months; 17/12 split-half opportunities,False
680779,Henry Davis,11,0,11,0,1.5539574907,0.141268862791,-1.5539574907,-0.141268862791,-0.608678480138,0.0852873261977,-0.0559815365936,-0.11447289193,0.0761154640153,0.0267959708617,0.217384326807,0.190588355945,False,False,NORMAL_RANDOM_EFFECT_EMPIRICAL_BAYES,ALL_OBSERVED_BATTERS,5 active months; 4/7 split-half opportunities,False
680869,Zack Gelof,29,8,21,0.275862068966,7.12263449795,0.245608086136,0.877365502049,0.0302539828293,0.120089976213,0.264449307547,0.0188412214111,-0.0912314896504,0.154948230409,0.154376596486,0.400556316546,0.24617972006,True,False,NORMAL_RANDOM_EFFECT_EMPIRICAL_BAYES,PUBLICATION_ELIGIBLE,6 active months; 13/16 split-half opportunities,False
680977,Brendan Donovan,16,4,12,0.25,2.49040000795,0.155650000497,1.50959999205,0.0943499995031,0.372693097945,0.202258560684,0.0466085601872,-0.0620494857374,0.204202703594,0.0936005147595,0.359852704091,0.266252189331,False,False,NORMAL_RANDOM_EFFECT_EMPIRICAL_BAYES,ALL_OBSERVED_BATTERS,3 active months; 7/9 split-half opportunities,False
681047,Christian Franklin,10,0,10,0,1.82880567193,0.182880567193,-1.82880567193,-0.182880567193,-0.707974571976,0.113933683489,-0.0689468837032,-0.140370628,0.0624374858647,0.0425099391931,0.245318053057,0.202808113864,False,False,NORMAL_RANDOM_EFFECT_EMPIRICAL_BAYES,ALL_OBSERVED_BATTERS,1 active months; 0/10 split-half opportunities,False
681082,Bryson Stott,43,3,40,0.0697674418605,8.34252384718,0.194012182493,-5.34252384718,-0.124244740632,-0.893282624681,0.100802588099,-0.0932095943932,-0.146742731368,-0.00784465387131,0.0472694511249,0.186167528621,0.138898077496,True,True,NORMAL_RANDOM_EFFECT_EMPIRICAL_BAYES,RANKING_ELIGIBLE,6 active months; 13/30 split-half opportunities,True
681146,Jonah Bride,1,0,1,0,0.0695396801234,0.0695396801234,-0.0695396801234,-0.0695396801234,-0.0472537255492,0.0665436778835,-0.00299600223981,-0.0534833200793,0.163034113513,0.0160563600441,0.232573793637,0.216517433592,False,False,NORMAL_RANDOM_EFFECT_EMPIRICAL_BAYES,ALL_OBSERVED_BATTERS,1 active months; 0/1 split-half opportunities,False
681198,TJ Rumfield,27,7,20,0.259259259259,4.6325156385,0.171574653278,2.3674843615,0.0876846059814,0.40422982385,0.227942728182,0.0563680749045,-0.0492648230591,0.197023064771,0.122309830219,0.368597718049,0.24628788783,True,False,NORMAL_RANDOM_EFFECT_EMPIRICAL_BAYES,PUBLICATION_ELIGIBLE,5 active months; 12/15 split-half opportunities,False
681230,BJ Murray Jr.,1,0,1,0,0.13158455537,0.13158455537,-0.13158455537,-0.13158455537,-0.0828567372669,0.12240206569,-0.00918248968,-0.100028315546,0.238297255916,0.0315562398241,0.369881811285,0.338325571461,False,False,NORMAL_RANDOM_EFFECT_EMPIRICAL_BAYES,ALL_OBSERVED_BATTERS,1 active months; 0/1 split-half opportunities,False
681297,Colton Cowser,21,6,15,0.285714285714,5.99675045876,0.285559545655,0.00324954123661,0.000154740058886,-0.0182819220024,0.282940840149,-0.00261870550643,-0.11743532094,0.139479647006,0.168124224715,0.425039192662,0.256914967947,True,False,NORMAL_RANDOM_EFFECT_EMPIRICAL_BAYES,PUBLICATION_ELIGIBLE,6 active months; 11/10 split-half opportunities,False
681351,Logan O'Hoppe,20,2,18,0.1,4.60484058262,0.230242029131,-2.60484058262,-0.130242029131,-0.632469778827,0.146829127216,-0.083412901915,-0.167301434441,0.0517533342742,0.0629405946904,0.281995363405,0.219054768715,True,False,NORMAL_RANDOM_EFFECT_EMPIRICAL_BAYES,PUBLICATION_ELIGIBLE,6 active months; 14/6 split-half opportunities,False
681393,Connor Norby,23,4,19,0.173913043478,4.47185374031,0.194428423492,-0.471853740309,-0.0205153800134,-0.136880913356,0.176977829779,-0.017450593713,-0.107341637364,0.118092332302,0.0870867861274,0.312520755794,0.225433969667,True,False,NORMAL_RANDOM_EFFECT_EMPIRICAL_BAYES,PUBLICATION_ELIGIBLE,4 active months; 16/7 split-half opportunities,False
681481,Kerry Carpenter,14,2,12,0.142857142857,1.72668697601,0.123334784001,0.273313023992,0.0195223588566,0.0432827465846,0.127617198647,0.00428241464685,-0.0746371427359,0.151249970725,0.0486976412647,0.274584754725,0.22588711346,False,False,NORMAL_RANDOM_EFFECT_EMPIRICAL_BAYES,ALL_OBSERVED_BATTERS,5 active months; 10/4 split-half opportunities,False
681508,Mickey Gasper,13,2,11,0.153846153846,2.89877519588,0.222982707375,-0.898775195879,-0.0691365535291,-0.305614974794,0.185755651965,-0.03722705541,-0.132842101177,0.118106851057,0.0901406061987,0.341089558433,0.250948952234,False,False,NORMAL_RANDOM_EFFECT_EMPIRICAL_BAYES,ALL_OBSERVED_BATTERS,4 active months; 8/5 split-half opportunities,False
681546,James Outman,11,3,8,0.272727272727,1.89228321872,0.172025747157,1.10771678128,0.100701525571,0.331526074117,0.211466063209,0.0394403160521,-0.0721476879716,0.214382920684,0.099878059185,0.386408667841,0.286530608656,False,False,NORMAL_RANDOM_EFFECT_EMPIRICAL_BAYES,ALL_OBSERVED_BATTERS,4 active months; 6/5 split-half opportunities,False
681624,Andy Pages,45,11,34,0.244444444444,7.80713428192,0.173491872931,3.19286571808,0.0709525715129,0.39259393674,0.225602037448,0.0521101645165,-0.03537966214,0.163318701902,0.138112210792,0.336810574834,0.198698364042,True,True,NORMAL_RANDOM_EFFECT_EMPIRICAL_BAYES,RANKING_ELIGIBLE,6 active months; 20/25 split-half opportunities,True
681715,Heriberto Hernández,42,3,39,0.0714285714286,8.71679462474,0.20754272916,-5.71679462474,-0.136114157732,-0.960967046048,0.106297780643,-0.101244948518,-0.156409085118,-0.0156829707302,0.0511336440427,0.19185975843,0.140726114388,True,True,NORMAL_RANDOM_EFFECT_EMPIRICAL_BAYES,RANKING_ELIGIBLE,6 active months; 14/28 split-half opportunities,True
681807,David Fry,17,2,15,0.117647058824,3.13062911506,0.184154653827,-1.13062911506,-0.0665075950037,-0.348356469189,0.146513327071,-0.0376413267566,-0.120952580803,0.0895368114859,0.0632020730245,0.273691465313,0.210489392289,False,False,NORMAL_RANDOM_EFFECT_EMPIRICAL_BAYES,ALL_OBSERVED_BATTERS,5 active months; 11/6 split-half opportunities,False
681987,Nate Eaton,2,0,2,0,0.457958121909,0.228979060954,-0.457958121909,-0.228979060954,-0.241496077703,0.19265892802,-0.0363201329343,-0.169436639551,0.211990325118,0.0595424214033,0.440969386072,0.381426964669,False,False,NORMAL_RANDOM_EFFECT_EMPIRICAL_BAYES,ALL_OBSERVED_BATTERS,2 active months; 0/2 split-half opportunities,False
682177,Daniel Schneemann,10,2,8,0.2,1.74511028585,0.174511028585,0.254889714154,0.0254889714154,0.0479618000181,0.180889920979,0.00637889239398,-0.105147302006,0.191260291415,0.0693637265782,0.36577132,0.296407593421,False,False,NORMAL_RANDOM_EFFECT_EMPIRICAL_BAYES,ALL_OBSERVED_BATTERS,5 active months; 7/3 split-half opportunities,False
682515,Logan Porter,1,0,1,0,0.18550521479,0.18550521479,-0.18550521479,-0.18550521479,-0.110994184138,0.169316485284,-0.0161887295056,-0.139486695235,0.271888662625,0.0460185195552,0.457393877415,0.41137535786,False,False,NORMAL_RANDOM_EFFECT_EMPIRICAL_BAYES,ALL_OBSERVED_BATTERS,1 active months; 1/0 split-half opportunities,False
682622,Noelvi Marte,6,0,6,0,1.24037028614,0.206728381023,-1.24037028614,-0.206728381023,-0.558061000836,0.154487939534,-0.0522404414893,-0.142178038223,0.08358047957,0.0645503428003,0.290308860593,0.225758517793,False,False,NORMAL_RANDOM_EFFECT_EMPIRICAL_BAYES,ALL_OBSERVED_BATTERS,4 active months; 1/5 split-half opportunities,False
682626,Francisco Alvarez,29,10,19,0.344827586207,4.97944940843,0.171705152015,5.02055059157,0.173122434192,0.784329752516,0.293834426284,0.12212927427,0.00196090326635,0.269705339172,0.173666055281,0.441410491187,0.267744435906,True,False,NORMAL_RANDOM_EFFECT_EMPIRICAL_BAYES,PUBLICATION_ELIGIBLE,7 active months; 11/18 split-half opportunities,False
682634,Kevin Alcántara,3,0,3,0,0.484233775551,0.161411258517,-0.484233775551,-0.161411258517,-0.256977322153,0.130212587961,-0.0311986705558,-0.124781239461,0.191515027867,0.0366300190555,0.352926286384,0.316296267328,False,False,NORMAL_RANDOM_EFFECT_EMPIRICAL_BAYES,ALL_OBSERVED_BATTERS,3 active months; 0/3 split-half opportunities,False
682641,Luis Matos,1,0,1,0,0.372568740434,0.372568740434,-0.372568740434,-0.372568740434,-0.198876433593,0.327373386321,-0.0451953541139,-0.266751350032,0.291374360562,0.105817390403,0.663943100996,0.558125710594,False,False,NORMAL_RANDOM_EFFECT_EMPIRICAL_BAYES,ALL_OBSERVED_BATTERS,1 active months; 1/0 split-half opportunities,False
682657,Angel Martínez,22,3,19,0.136363636364,3.78747498741,0.172157953973,-0.787474987413,-0.0357943176097,-0.226799178268,0.147488003227,-0.0246699507464,-0.1039497298,0.0974936318412,0.0682082241729,0.269651585814,0.201443361642,True,False,NORMAL_RANDOM_EFFECT_EMPIRICAL_BAYES,PUBLICATION_ELIGIBLE,5 active months; 13/9 split-half opportunities,False
682663,Agustín Ramírez,3,0,3,0,0.369061434956,0.123020478319,-0.369061434956,-0.123020478319,-0.206500637676,0.103086326426,-0.0199341518925,-0.0948992863534,0.172382435457,0.0281211919653,0.295402913776,0.267281721811,False,False,NORMAL_RANDOM_EFFECT_EMPIRICAL_BAYES,ALL_OBSERVED_BATTERS,2 active months; 2/1 split-half opportunities,False
682668,Luisangel Acuña,12,0,12,0,1.28211133272,0.10684261106,-1.28211133272,-0.10684261106,-0.532454685984,0.0669929073287,-0.039849703731,-0.0866909817354,0.0767785172051,0.0201516293243,0.183621128265,0.163469498941,False,False,NORMAL_RANDOM_EFFECT_EMPIRICAL_BAYES,ALL_OBSERVED_BATTERS,6 active months; 8/4 split-half opportunities,False
682674,Victor Bericoto,7,0,7,0,0.965669829932,0.137952832847,-0.965669829932,-0.137952832847,-0.440723946885,0.0978321737381,-0.0401206591093,-0.107295704542,0.106055273993,0.0306571283053,0.244008106841,0.213350978535,False,False,NORMAL_RANDOM_EFFECT_EMPIRICAL_BAYES,ALL_OBSERVED_BATTERS,4 active months; 2/5 split-half opportunities,False
682729,Jonatan Clase,1,0,1,0,0.0471835081433,0.0471835081433,-0.0471835081433,-0.0471835081433,-0.0331758542597,0.045714221043,-0.00146928710034,-0.0363245092225,0.124321670933,0.0108589989208,0.171505179076,0.160646180155,False,False,NORMAL_RANDOM_EFFECT_EMPIRICAL_BAYES,ALL_OBSERVED_BATTERS,1 active months; 0/1 split-half opportunities,False
682818,Yohendrick Piñango,6,0,6,0,1.08888193525,0.181480322541,-1.08888193525,-0.181480322541,-0.479951950996,0.124933575427,-0.0565467471142,-0.142385747001,0.122341044164,0.0390945755403,0.303821366705,0.264726791165,False,False,NORMAL_RANDOM_EFFECT_EMPIRICAL_BAYES,ALL_OBSERVED_BATTERS,3 active months; 5/1 split-half opportunities,False
682829,Elly De La Cruz,41,7,34,0.170731707317,8.22330522778,0.20056842019,-1.22330522778,-0.0298367128726,-0.195502834258,0.17389158456,-0.0266768356299,-0.105489199955,0.0839955999329,0.0950792202348,0.284564020123,0.189484799888,True,True,NORMAL_RANDOM_EFFECT_EMPIRICAL_BAYES,RANKING_ELIGIBLE,7 active months; 16/25 split-half opportunities,True
682848,Endy Rodríguez,5,1,4,0.2,0.763402076391,0.152680415278,0.236597923609,0.0473195847218,0.0718635952955,0.161344799706,0.00866438442758,-0.0992109859069,0.213784565665,0.0534694293712,0.366464980943,0.312995551572,False,False,NORMAL_RANDOM_EFFECT_EMPIRICAL_BAYES,ALL_OBSERVED_BATTERS,3 active months; 3/2 split-half opportunities,False
682877,Juan Brito,7,0,7,0,0.939921012468,0.134274430353,-0.939921012468,-0.134274430353,-0.429486975693,0.0933045950503,-0.0409698353023,-0.106717940328,0.116015705573,0.0275564900242,0.250290135926,0.222733645902,False,False,NORMAL_RANDOM_EFFECT_EMPIRICAL_BAYES,ALL_OBSERVED_BATTERS,2 active months; 5/2 split-half opportunities,False
682927,Ronny Simon,4,1,3,0.25,0.548895031568,0.137223757892,0.451104968432,0.112776242108,0.179417373157,0.157907738611,0.0206839807189,-0.0867375748197,0.232961538772,0.0504861830723,0.370185296664,0.319699113592,False,False,NORMAL_RANDOM_EFFECT_EMPIRICAL_BAYES,ALL_OBSERVED_BATTERS,1 active months; 0/4 split-half opportunities,False
682928,CJ Abrams,34,12,22,0.352941176471,6.78168566635,0.199461343128,5.21831433365,0.153479833343,0.729014948537,0.313005498923,0.113544155795,0,0.244626595638,0.199461343128,0.444087938766,0.244626595638,True,True,NORMAL_RANDOM_EFFECT_EMPIRICAL_BAYES,RANKING_ELIGIBLE,7 active months; 19/15 split-half opportunities,True
682985,Riley Greene,32,8,24,0.25,7.66141562289,0.239419238215,0.33858437711,0.0105807617847,0.0304567661618,0.244167366579,0.0047481283639,-0.0985282721799,0.135299229281,0.140890966035,0.374718467497,0.233827501461,True,True,NORMAL_RANDOM_EFFECT_EMPIRICAL_BAYES,RANKING_ELIGIBLE,6 active months; 17/15 split-half opportunities,True
682987,Spencer Jones,9,1,8,0.111111111111,1.66824867809,0.185360964232,-0.668248678087,-0.0742498531207,-0.271304057359,0.152386975761,-0.0329739884708,-0.129470134594,0.138544829176,0.0558908296381,0.323905793408,0.268014963769,False,False,NORMAL_RANDOM_EFFECT_EMPIRICAL_BAYES,ALL_OBSERVED_BATTERS,4 active months; 3/6 split-half opportunities,False
682988,Tyler Locklear,2,0,2,0,0.435154710965,0.217577355482,-0.435154710965,-0.217577355482,-0.233132240874,0.180857329415,-0.0367200260676,-0.165286660351,0.24006735501,0.0522906951311,0.457644710493,0.405354015362,False,False,NORMAL_RANDOM_EFFECT_EMPIRICAL_BAYES,ALL_OBSERVED_BATTERS,2 active months; 0/2 split-half opportunities,False
682997,Tyler Callihan,4,1,3,0.25,0.752501208349,0.188125302087,0.247498791651,0.0618746979126,0.0866914183514,0.199825553513,0.0117002514258,-0.117553546791,0.232071394604,0.0705717552965,0.420196696692,0.349624941395,False,False,NORMAL_RANDOM_EFFECT_EMPIRICAL_BAYES,ALL_OBSERVED_BATTERS,2 active months; 1/3 split-half opportunities,False
682998,Corbin Carroll,34,6,28,0.176470588235,5.0555428134,0.148692435688,0.9444571866,0.0277781525471,0.122720868086,0.164033619599,0.015341183911,-0.0668592662923,0.136263844185,0.081833169396,0.284956279873,0.203123110477,True,True,NORMAL_RANDOM_EFFECT_EMPIRICAL_BAYES,RANKING_ELIGIBLE,7 active months; 15/19 split-half opportunities,True
683002,Gunnar Henderson,26,6,20,0.230769230769,4.51706872743,0.173733412593,1.48293127257,0.0570358181759,0.252370985891,0.207642099699,0.0339086871058,-0.0655652539997,0.172918600647,0.108168158594,0.346652013241,0.238483854647,True,False,NORMAL_RANDOM_EFFECT_EMPIRICAL_BAYES,PUBLICATION_ELIGIBLE,7 active months; 15/11 split-half opportunities,False
683011,Anthony Volpe,17,5,12,0.294117647059,3.12342775528,0.183731044428,1.87657224472,0.110386602631,0.412120163705,0.244861458421,0.0611304139925,-0.0630731024092,0.234127734648,0.120657942019,0.417858779076,0.297200837057,False,False,NORMAL_RANDOM_EFFECT_EMPIRICAL_BAYES,ALL_OBSERVED_BATTERS,3 active months; 3/14 split-half opportunities,False
683021,Michael Stefanic,1,0,1,0,0.370284996001,0.370284996001,-0.370284996001,-0.370284996001,-0.197848245581,0.325448757988,-0.0448362380126,-0.265389599152,0.29147207237,0.104895396849,0.66175706837,0.556861671521,False,False,NORMAL_RANDOM_EFFECT_EMPIRICAL_BAYES,ALL_OBSERVED_BATTERS,1 active months; 0/1 split-half opportunities,False
683083,Nasim Nuñez,37,3,34,0.0810810810811,5.67363897764,0.15334159399,-2.67363897764,-0.0722605129092,-0.529193814022,0.0997244643127,-0.0536171296776,-0.10979060701,0.0418685018279,0.0435509869806,0.195210095818,0.151659108838,True,True,NORMAL_RANDOM_EFFECT_EMPIRICAL_BAYES,RANKING_ELIGIBLE,5 active months; 18/19 split-half opportunities,True
683146,Brett Baty,19,3,16,0.157894736842,3.82072736847,0.20109091413,-0.820727368473,-0.0431961772881,-0.234255588504,0.172317109699,-0.0287738044312,-0.120880505981,0.109023677552,0.0802104081496,0.310114591682,0.229904183532,False,False,NORMAL_RANDOM_EFFECT_EMPIRICAL_BAYES,ALL_OBSERVED_BATTERS,6 active months; 12/7 split-half opportunities,False
683227,Cody Freeman,9,1,8,0.111111111111,1.54524871243,0.171694301381,-0.545248712429,-0.0605831902699,-0.232209261686,0.14500898389,-0.0266853174906,-0.118863072757,0.139398259148,0.0528312286241,0.311092560529,0.258261331905,False,False,NORMAL_RANDOM_EFFECT_EMPIRICAL_BAYES,ALL_OBSERVED_BATTERS,3 active months; 3/6 split-half opportunities,False
683357,Owen Caissie,25,6,19,0.24,6.05463152693,0.242185261077,-0.0546315269335,-0.00218526107734,-0.0366385419801,0.237203024865,-0.00498223621204,-0.103811549309,0.127674288539,0.138373711768,0.369859549617,0.231485837849,True,False,NORMAL_RANDOM_EFFECT_EMPIRICAL_BAYES,PUBLICATION_ELIGIBLE,5 active months; 17/8 split-half opportunities,False
683679,Jesus Rodriguez,5,1,4,0.2,0.933142702725,0.186628540545,0.0668572972747,0.0133714594549,0.0175601398057,0.188135289878,0.00150674933283,-0.0968941442557,0.145055843934,0.0897343962894,0.331684384479,0.24194998819,False,False,NORMAL_RANDOM_EFFECT_EMPIRICAL_BAYES,ALL_OBSERVED_BATTERS,2 active months; 3/2 split-half opportunities,False
683734,Andrew Vaughn,33,0,33,0,6.4815432833,0.196410402524,-6.4815432833,-0.196410402524,-1.36391867647,0.0656693847115,-0.130741017813,-0.171680452759,-0.0495566441257,0.0247299497658,0.146853758399,0.122123808633,True,True,NORMAL_RANDOM_EFFECT_EMPIRICAL_BAYES,RANKING_ELIGIBLE,5 active months; 9/24 split-half opportunities,True
683737,Michael Busch,32,6,26,0.1875,4.87187937386,0.152246230433,1.12812062614,0.0352537695669,0.172802515105,0.172755201069,0.0205089706363,-0.0637204927012,0.139542206011,0.0885257377319,0.291788436444,0.203262698712,True,True,NORMAL_RANDOM_EFFECT_EMPIRICAL_BAYES,RANKING_ELIGIBLE,6 active months; 15/17 split-half opportunities,True
683748,Victor Mesa Jr.,12,2,10,0.166666666667,1.93081027686,0.160900856405,0.069189723141,0.00576581026175,-0.0181861184148,0.158642378602,-0.0022584778032,-0.100763560352,0.168889082414,0.0601372960533,0.329789938819,0.269652642766,False,False,NORMAL_RANDOM_EFFECT_EMPIRICAL_BAYES,ALL_OBSERVED_BATTERS,5 active months; 5/7 split-half opportunities,False
683766,Christian Koss,10,2,8,0.2,3.01835903798,0.301835903798,-1.01835903798,-0.101835903798,-0.320220343391,0.24754560575,-0.0542902980474,-0.194859325975,0.138373062734,0.106976577822,0.440208966532,0.33323238871,False,False,NORMAL_RANDOM_EFFECT_EMPIRICAL_BAYES,ALL_OBSERVED_BATTERS,3 active months; 0/10 split-half opportunities,False
683953,Travis Bazzana,26,8,18,0.307692307692,7.33959634695,0.28229216719,0.660403653052,0.025400140502,0.095350202146,0.297882999324,0.0155908321338,-0.104478965601,0.156193865444,0.177813201589,0.438486032635,0.260672831046,True,False,NORMAL_RANDOM_EFFECT_EMPIRICAL_BAYES,PUBLICATION_ELIGIBLE,5 active months; 9/17 split-half opportunities,False
685133,Wade Meckler,25,5,20,0.2,5.53013044366,0.221205217746,-0.530130443661,-0.0212052177464,-0.133664604875,0.204303296959,-0.0169019207879,-0.109982847679,0.10941549886,0.111222370068,0.330620716606,0.219398346538,True,False,NORMAL_RANDOM_EFFECT_EMPIRICAL_BAYES,PUBLICATION_ELIGIBLE,5 active months; 3/22 split-half opportunities,False
686217,Sal Frelick,25,2,23,0.08,4.45494996231,0.178197998492,-2.45494996231,-0.0981979984923,-0.579867117563,0.112427232661,-0.0657707658317,-0.132606129604,0.0512150167578,0.045591868888,0.22941301525,0.183821146362,True,False,NORMAL_RANDOM_EFFECT_EMPIRICAL_BAYES,PUBLICATION_ELIGIBLE,7 active months; 20/5 split-half opportunities,False
686452,Drew Millas,13,0,13,0,2.28015217044,0.175396320803,-2.28015217044,-0.175396320803,-0.823134609173,0.102685001483,-0.0727113193201,-0.136462367239,0.0396083374369,0.0389339535649,0.21500465824,0.176070704675,False,False,NORMAL_RANDOM_EFFECT_EMPIRICAL_BAYES,ALL_OBSERVED_BATTERS,4 active months; 12/1 split-half opportunities,False
686469,Vinnie Pasquantino,23,4,19,0.173913043478,4.10769288954,0.178595343024,-0.107692889542,-0.0046822995453,-0.0588201439051,0.171113376752,-0.00748196627194,-0.0976799756256,0.129257040697,0.0809153673979,0.307852383721,0.226937016323,True,False,NORMAL_RANDOM_EFFECT_EMPIRICAL_BAYES,PUBLICATION_ELIGIBLE,7 active months; 16/7 split-half opportunities,False
686475,Tyler Tolbert,7,0,7,0,0.839903243139,0.119986177591,-0.839903243139,-0.119986177591,-0.397188963689,0.0879426983153,-0.032043479276,-0.0927671944801,0.101846046555,0.0272189831112,0.221832224146,0.194613241035,False,False,NORMAL_RANDOM_EFFECT_EMPIRICAL_BAYES,ALL_OBSERVED_BATTERS,2 active months; 1/6 split-half opportunities,False
686527,Dominic Canzone,23,5,18,0.217391304348,4.13302102108,0.179696566134,0.866978978919,0.0376947382139,0.160300488239,0.199695518818,0.019998952684,-0.0776478238628,0.155441825155,0.102048742271,0.335138391289,0.233089649018,True,False,NORMAL_RANDOM_EFFECT_EMPIRICAL_BAYES,PUBLICATION_ELIGIBLE,5 active months; 10/13 split-half opportunities,False
686554,Oliver Dunn,1,0,1,0,0.220997742412,0.220997742412,-0.220997742412,-0.220997742412,-0.128561634043,0.199659620587,-0.0213381218247,-0.165125489052,0.287393461962,0.0558722533601,0.508391204374,0.452518951013,False,False,NORMAL_RANDOM_EFFECT_EMPIRICAL_BAYES,ALL_OBSERVED_BATTERS,1 active months; 1/0 split-half opportunities,False
686555,Isaac Collins,35,11,24,0.314285714286,5.96000746729,0.170285927637,5.03999253271,0.143999786649,0.694796350677,0.27600490738,0.105718979743,-0.00385750343025,0.239982294012,0.166428424207,0.410268221649,0.243839797442,True,True,NORMAL_RANDOM_EFFECT_EMPIRICAL_BAYES,RANKING_ELIGIBLE,6 active months; 15/20 split-half opportunities,True
686611,Dylan Crews,23,4,19,0.173913043478,5.28477618502,0.229772877609,-1.28477618502,-0.0558598341311,-0.302485235319,0.190340048294,-0.0394328293158,-0.13125334373,0.0929512865545,0.0985195338794,0.322724164164,0.224204630285,True,False,NORMAL_RANDOM_EFFECT_EMPIRICAL_BAYES,PUBLICATION_ELIGIBLE,5 active months; 2/21 split-half opportunities,False
686668,Brenton Doyle,7,0,7,0,1.75713237454,0.251018910649,-1.75713237454,-0.251018910649,-0.669736951002,0.151168806855,-0.0998501037937,-0.200443394417,0.100861446605,0.0505755162322,0.351880357254,0.301304841021,False,False,NORMAL_RANDOM_EFFECT_EMPIRICAL_BAYES,ALL_OBSERVED_BATTERS,3 active months; 5/2 split-half opportunities,False
686681,Michael Massey,20,6,14,0.3,4.49966732053,0.224983366027,1.50033267947,0.0750166339733,0.28807871634,0.269760134977,0.04477676895,-0.0782977777998,0.203992658918,0.146685588227,0.428976024945,0.282290436718,True,False,NORMAL_RANDOM_EFFECT_EMPIRICAL_BAYES,PUBLICATION_ELIGIBLE,6 active months; 9/11 split-half opportunities,False
686765,Nick Sogard,25,9,16,0.36,5.83219494249,0.2332877977,3.16780505751,0.1267122023,0.560181380609,0.316812877503,0.0835250798038,-0.0344833662502,0.22899874994,0.198804431449,0.46228654764,0.263482116191,True,False,NORMAL_RANDOM_EFFECT_EMPIRICAL_BAYES,PUBLICATION_ELIGIBLE,3 active months; 4/21 split-half opportunities,False
686780,Pedro Pagés,14,0,14,0,2.36651683498,0.169036916784,-2.36651683498,-0.169036916784,-0.797276627188,0.0889883223686,-0.0800485944157,-0.139464320573,0.0438062540664,0.0295725962118,0.212843170851,0.183270574639,False,False,NORMAL_RANDOM_EFFECT_EMPIRICAL_BAYES,ALL_OBSERVED_BATTERS,5 active months; 10/4 split-half opportunities,False
686797,Brooks Lee,25,4,21,0.16,3.74675675427,0.149870270171,0.253243245734,0.0101297298294,0.0166563154587,0.151771889361,0.00190161918995,-0.0804287909181,0.129602546318,0.0694414792526,0.279472816489,0.210031337236,True,False,NORMAL_RANDOM_EFFECT_EMPIRICAL_BAYES,PUBLICATION_ELIGIBLE,6 active months; 12/13 split-half opportunities,False
686823,Will Brennan,2,0,2,0,0.467539219557,0.233769609778,-0.467539219557,-0.233769609778,-0.246569202813,0.194009101407,-0.0397605083714,-0.175885226727,0.232634874377,0.0578843830519,0.466404484155,0.408520101104,False,False,NORMAL_RANDOM_EFFECT_EMPIRICAL_BAYES,ALL_OBSERVED_BATTERS,2 active months; 2/0 split-half opportunities,False
686894,Joey Wiemer,5,0,5,0,0.834392471738,0.166878494348,-0.834392471738,-0.166878494348,-0.395043259604,0.12410799408,-0.0427705002677,-0.127563448764,0.132066750829,0.0393150455835,0.298945245176,0.259630199593,False,False,NORMAL_RANDOM_EFFECT_EMPIRICAL_BAYES,ALL_OBSERVED_BATTERS,3 active months; 5/0 split-half opportunities,False
686948,Drake Baldwin,24,1,23,0.0416666666667,4.31682720027,0.179867800011,-3.31682720027,-0.138201133345,-0.813773587566,0.0923035288639,-0.0875642711474,-0.145310852153,0.0239663123603,0.0345569478588,0.203834112372,0.169277164513,True,False,NORMAL_RANDOM_EFFECT_EMPIRICAL_BAYES,PUBLICATION_ELIGIBLE,7 active months; 11/13 split-half opportunities,False
687093,Vaughn Grissom,27,7,20,0.259259259259,6.49308323889,0.240484564403,0.506916761114,0.0187746948561,0.0696192381516,0.250367527204,0.00988296280063,-0.0934392730376,0.142336300156,0.147045291366,0.38282086456,0.235775573194,True,False,NORMAL_RANDOM_EFFECT_EMPIRICAL_BAYES,PUBLICATION_ELIGIBLE,5 active months; 13/14 split-half opportunities,False
687221,Dalton Rushing,11,3,8,0.272727272727,2.61063764165,0.237330694695,0.389362358351,0.0353965780319,0.0850465978541,0.251065943056,0.0137352483602,-0.124607829009,0.206987950597,0.112722865686,0.444318645292,0.331595779606,False,False,NORMAL_RANDOM_EFFECT_EMPIRICAL_BAYES,ALL_OBSERVED_BATTERS,4 active months; 5/6 split-half opportunities,False
687231,Darell Hernaiz,15,5,10,0.333333333333,3.67362599155,0.244908399437,1.32637400845,0.0884249338966,0.296762069953,0.293709645178,0.048801245741,-0.0914112257614,0.2252250748,0.153497173675,0.470133474236,0.316636300561,False,False,NORMAL_RANDOM_EFFECT_EMPIRICAL_BAYES,ALL_OBSERVED_BATTERS,4 active months; 11/4 split-half opportunities,False
687263,Zach Neto,43,12,31,0.279069767442,7.76659044317,0.180618382399,4.23340955683,0.0984513850426,0.540406608902,0.253592121819,0.0729737394199,-0.0189576319692,0.186742865669,0.16166075043,0.367361248069,0.205700497639,True,True,NORMAL_RANDOM_EFFECT_EMPIRICAL_BAYES,RANKING_ELIGIBLE,7 active months; 25/18 split-half opportunities,True
687282,Gabriel Rincones Jr.,8,6,2,0.75,0.847312006698,0.105914000837,5.1526879933,0.644085999163,1.69673888114,0.372966116147,0.26705211531,0.071704913904,0.49887135486,0.177618914741,0.604785355697,0.427166440956,False,False,NORMAL_RANDOM_EFFECT_EMPIRICAL_BAYES,ALL_OBSERVED_BATTERS,2 active months; 1/7 split-half opportunities,False
687363,Victor Scott II,12,3,9,0.25,2.53768632762,0.211473860635,0.46231367238,0.038526139365,0.107710508439,0.226860872068,0.0153870114329,-0.108837500694,0.190870755829,0.102636359941,0.402344616464,0.299708256523,False,False,NORMAL_RANDOM_EFFECT_EMPIRICAL_BAYES,ALL_OBSERVED_BATTERS,3 active months; 12/0 split-half opportunities,False
687401,Joey Ortiz,27,3,24,0.111111111111,4.28281880532,0.158622918715,-1.28281880532,-0.0475118076044,-0.315637098821,0.124482843338,-0.034140075377,-0.104212464006,0.0794738418761,0.0544104547091,0.238096760592,0.183686305883,True,False,NORMAL_RANDOM_EFFECT_EMPIRICAL_BAYES,PUBLICATION_ELIGIBLE,7 active months; 14/13 split-half opportunities,False
687462,Spencer Horwitz,34,4,30,0.117647058824,5.94249610108,0.174779297091,-1.94249610108,-0.0571322382671,-0.401594656699,0.132509219207,-0.0422700778834,-0.10786619047,0.0579894149112,0.0669131066209,0.232768712002,0.165855605381,True,True,NORMAL_RANDOM_EFFECT_EMPIRICAL_BAYES,RANKING_ELIGIBLE,5 active months; 24/10 split-half opportunities,True
687515,Colby Thomas,3,2,1,0.666666666667,1.09431522691,0.364771742305,0.905684773085,0.301894924362,0.40812237763,0.429995583417,0.0652238411126,-0.134771360553,0.278197127503,0.230000381752,0.642968869808,0.412968488055,False,False,NORMAL_RANDOM_EFFECT_EMPIRICAL_BAYES,ALL_OBSERVED_BATTERS,3 active months; 2/1 split-half opportunities,False
687529,Grant McCray,4,2,2,0.5,1.06714872417,0.266787181042,0.932851275832,0.233212818958,0.375770010973,0.331251424397,0.0644642433546,-0.124545662668,0.299526804777,0.142241518374,0.566313985819,0.424072467444,False,False,NORMAL_RANDOM_EFFECT_EMPIRICAL_BAYES,ALL_OBSERVED_BATTERS,3 active months; 0/4 split-half opportunities,False
687551,Drew Gilbert,26,7,19,0.269230769231,5.25869396153,0.202257460059,1.74130603847,0.0669733091718,0.300119200162,0.243544118876,0.0412866588173,-0.0623189405583,0.18113769661,0.139938519501,0.383395156669,0.243456637168,True,False,NORMAL_RANDOM_EFFECT_EMPIRICAL_BAYES,PUBLICATION_ELIGIBLE,6 active months; 8/18 split-half opportunities,False
687597,Jordan Beck,14,4,10,0.285714285714,3.88159690195,0.277256921568,0.118403098048,0.00845736414631,0.00658610806005,0.27831683747,0.00105991590206,-0.133115403125,0.178468208802,0.144141518443,0.45572513037,0.311583611927,False,False,NORMAL_RANDOM_EFFECT_EMPIRICAL_BAYES,ALL_OBSERVED_BATTERS,3 active months; 9/5 split-half opportunities,False
687605,Andrew Pinckney,4,0,4,0,0.829168816646,0.207292204162,-0.829168816646,-0.207292204162,-0.391492653506,0.15310677011,-0.0541854340519,-0.160413765429,0.166415493326,0.0468784387327,0.373707697488,0.326829258755,False,False,NORMAL_RANDOM_EFFECT_EMPIRICAL_BAYES,ALL_OBSERVED_BATTERS,1 active months; 0/4 split-half opportunities,False
687637,Dylan Beavers,23,1,22,0.0434782608696,4.10055705481,0.178285089339,-3.10055705481,-0.13480682847,-0.795113217715,0.0956531452404,-0.082631944099,-0.14141902285,0.026972360013,0.0368660664894,0.205257449352,0.168391382863,True,False,NORMAL_RANDOM_EFFECT_EMPIRICAL_BAYES,PUBLICATION_ELIGIBLE,5 active months; 8/15 split-half opportunities,False
687749,Jase Bowen,7,1,6,0.142857142857,1.28141431986,0.183059188551,-0.281414319859,-0.0402020456941,-0.141223446674,0.163992960445,-0.0190662281058,-0.12725348438,0.183645227048,0.0558057041713,0.366704415599,0.310898711428,False,False,NORMAL_RANDOM_EFFECT_EMPIRICAL_BAYES,ALL_OBSERVED_BATTERS,4 active months; 2/5 split-half opportunities,False
687859,Troy Johnston,15,0,15,0,2.1125422938,0.14083615292,-2.1125422938,-0.14083615292,-0.733461310965,0.0750696352132,-0.0657665177065,-0.116726313668,0.0514035271383,0.0241098392518,0.192239680058,0.168129840806,False,False,NORMAL_RANDOM_EFFECT_EMPIRICAL_BAYES,ALL_OBSERVED_BATTERS,5 active months; 14/1 split-half opportunities,False
687952,Christian Encarnacion-Strand,10,0,10,0,1.52146378974,0.152146378974,-1.52146378974,-0.152146378974,-0.602081377652,0.0932482758727,-0.0588981031012,-0.122655794402,0.0818906051615,0.0294905845721,0.234036984135,0.204546399563,False,False,NORMAL_RANDOM_EFFECT_EMPIRICAL_BAYES,ALL_OBSERVED_BATTERS,3 active months; 0/10 split-half opportunities,False
687957,Dustin Harris,8,1,7,0.125,2.25505148512,0.28188143564,-1.25505148512,-0.15688143564,-0.444414573275,0.210288771228,-0.0715926644125,-0.19981348229,0.129401877528,0.0820679533502,0.411283313169,0.329215359818,False,False,NORMAL_RANDOM_EFFECT_EMPIRICAL_BAYES,ALL_OBSERVED_BATTERS,4 active months; 4/4 split-half opportunities,False
688363,Graham Pauley,15,1,14,0.0666666666667,2.62081944597,0.174721296398,-1.62081944597,-0.108054629731,-0.513969111868,0.115935982493,-0.0587853139049,-0.132965671606,0.0833589548207,0.0417556247923,0.258080251219,0.216324626426,False,False,NORMAL_RANDOM_EFFECT_EMPIRICAL_BAYES,ALL_OBSERVED_BATTERS,5 active months; 11/4 split-half opportunities,False
689414,Liam Hicks,32,7,25,0.21875,6.04967016616,0.189052192693,0.950329833835,0.0296978073073,0.125745830911,0.206378749261,0.0173265565687,-0.0756064050605,0.145066770813,0.113445787632,0.334118963506,0.220673175874,True,True,NORMAL_RANDOM_EFFECT_EMPIRICAL_BAYES,RANKING_ELIGIBLE,6 active months; 18/14 split-half opportunities,True
690022,Ryan Ritter,1,0,1,0,0.179088200443,0.179088200443,-0.179088200443,-0.179088200443,-0.107746749867,0.163791459969,-0.0152967404739,-0.134923195265,0.267641981966,0.0441650051773,0.446730182409,0.402565177232,False,False,NORMAL_RANDOM_EFFECT_EMPIRICAL_BAYES,ALL_OBSERVED_BATTERS,1 active months; 1/0 split-half opportunities,False
690924,Braxton Fulford,6,1,5,0.166666666667,1.07457543864,0.17909590644,-0.0745754386394,-0.0124292397732,-0.0595180692883,0.171786038378,-0.007309868062,-0.116554863476,0.188111983134,0.0625410429639,0.367207889574,0.30466684661,False,False,NORMAL_RANDOM_EFFECT_EMPIRICAL_BAYES,ALL_OBSERVED_BATTERS,3 active months; 2/4 split-half opportunities,False
690976,Alex Freeland,28,3,25,0.107142857143,5.72194485418,0.204355173364,-2.72194485418,-0.0972123162208,-0.570008628172,0.136191038326,-0.0681641350379,-0.141941673332,0.0440149439771,0.0624135000316,0.248370117341,0.185956617309,True,False,NORMAL_RANDOM_EFFECT_EMPIRICAL_BAYES,PUBLICATION_ELIGIBLE,5 active months; 18/10 split-half opportunities,False
690984,Petey Halpin,9,0,9,0,1.59534533581,0.177260592868,-1.59534533581,-0.177260592868,-0.626606702047,0.109100048905,-0.0681605439626,-0.141261117667,0.0838798406568,0.0359994752014,0.261140433525,0.225140958323,False,False,NORMAL_RANDOM_EFFECT_EMPIRICAL_BAYES,ALL_OBSERVED_BATTERS,4 active months; 2/7 split-half opportunities,False
690993,Colt Keith,32,9,23,0.28125,6.20262290159,0.193831965675,2.79737709841,0.0874180343253,0.421727791155,0.254261368178,0.0604294025031,-0.0437587531074,0.188866605502,0.150073212567,0.382698571177,0.232625358609,True,True,NORMAL_RANDOM_EFFECT_EMPIRICAL_BAYES,RANKING_ELIGIBLE,6 active months; 12/20 split-half opportunities,True
691002,Yohandy Morales,4,0,4,0,0.834188065472,0.208547016368,-0.834188065472,-0.208547016368,-0.407100782218,0.171347483481,-0.0371995328872,-0.137821934871,0.098792603913,0.0707250814974,0.307339620281,0.236614538784,False,False,NORMAL_RANDOM_EFFECT_EMPIRICAL_BAYES,ALL_OBSERVED_BATTERS,1 active months; 0/4 split-half opportunities,False
691011,Drew Romo,7,3,4,0.428571428571,1.95173457796,0.278819225422,1.04826542204,0.149752203149,0.376721467694,0.326847817762,0.0480285923393,-0.0828259634297,0.239102857483,0.195993261993,0.517922082905,0.321928820912,False,False,NORMAL_RANDOM_EFFECT_EMPIRICAL_BAYES,ALL_OBSERVED_BATTERS,3 active months; 3/4 split-half opportunities,False
691016,Tyler Soderstrom,29,4,25,0.137931034483,5.66796852431,0.195447190494,-1.66796852431,-0.0575161560108,-0.337374870123,0.15125839088,-0.0441887996141,-0.124185291359,0.0783696448418,0.0712618991349,0.273816835335,0.2025549362,True,False,NORMAL_RANDOM_EFFECT_EMPIRICAL_BAYES,PUBLICATION_ELIGIBLE,6 active months; 18/11 split-half opportunities,False
691019,Kyle Teel,7,0,7,0,1.09809648598,0.156870926569,-1.09809648598,-0.156870926569,-0.479450846455,0.104621138284,-0.052249788285,-0.125474999565,0.117709266446,0.0313959270043,0.274580193015,0.243184266011,False,False,NORMAL_RANDOM_EFFECT_EMPIRICAL_BAYES,ALL_OBSERVED_BATTERS,3 active months; 0/7 split-half opportunities,False
691023,Jordan Walker,34,7,27,0.205882352941,6.49116788667,0.190916702549,0.508832113325,0.0149656503919,0.0508867764936,0.198020593009,0.00710389046014,-0.0838229766626,0.130170125953,0.107093725887,0.321086828502,0.213993102616,True,True,NORMAL_RANDOM_EFFECT_EMPIRICAL_BAYES,RANKING_ELIGIBLE,7 active months; 15/19 split-half opportunities,True
691026,Masyn Winn,42,6,36,0.142857142857,8.34317325871,0.19864698235,-2.34317325871,-0.055789839493,-0.378740928101,0.154136378549,-0.0445106038011,-0.114402319386,0.0527154819744,0.0842446629637,0.251362464325,0.167117801361,True,True,NORMAL_RANDOM_EFFECT_EMPIRICAL_BAYES,RANKING_ELIGIBLE,6 active months; 28/14 split-half opportunities,True
691176,Jasson Domínguez,14,3,11,0.214285714286,2.80652880251,0.200466343037,0.193471197487,0.0138193712491,0.0260526509394,0.20372241054,0.00325606750338,-0.103294077119,0.15929988423,0.0971722659172,0.359766227266,0.262593961349,False,False,NORMAL_RANDOM_EFFECT_EMPIRICAL_BAYES,ALL_OBSERVED_BATTERS,5 active months; 4/10 split-half opportunities,False
691182,Adael Amador,4,1,3,0.25,1.00606796382,0.251516990954,-0.00606796381767,-0.00151699095442,-0.0293528979876,0.246133246374,-0.00538374458067,-0.166919087896,0.27001621432,0.0845979030589,0.521533205274,0.436935302215,False,False,NORMAL_RANDOM_EFFECT_EMPIRICAL_BAYES,ALL_OBSERVED_BATTERS,2 active months; 0/4 split-half opportunities,False
691373,Jhostynxon Garcia,2,1,1,0.5,0.202884824419,0.10144241221,0.797115175581,0.39855758779,0.392896307331,0.141885379656,0.0404429674468,-0.0616761381765,0.276445141913,0.039766274033,0.377887554123,0.33812128009,False,False,NORMAL_RANDOM_EFFECT_EMPIRICAL_BAYES,ALL_OBSERVED_BATTERS,1 active months; 2/0 split-half opportunities,False
691406,Junior Caminero,44,9,35,0.204545454545,8.21664663617,0.186741969004,0.783353363831,0.0178034855416,0.0813696647687,0.19739688834,0.0106549193366,-0.0712905451663,0.117470664864,0.115451423838,0.304212633867,0.18876121003,True,True,NORMAL_RANDOM_EFFECT_EMPIRICAL_BAYES,RANKING_ELIGIBLE,6 active months; 21/23 split-half opportunities,True
691458,Blaze Jordan,8,0,8,0,1.43595086874,0.179493858592,-1.43595086874,-0.179493858592,-0.593626230368,0.118098879037,-0.0613949795554,-0.137920777422,0.0871267293483,0.0415730811706,0.266620587941,0.22504750677,False,False,NORMAL_RANDOM_EFFECT_EMPIRICAL_BAYES,ALL_OBSERVED_BATTERS,3 active months; 2/6 split-half opportunities,False
691594,Javier Sanoja,23,3,20,0.130434782609,3.98530427275,0.173274098815,-0.985304272752,-0.0428393162066,-0.2620620966,0.142942083544,-0.0303320152714,-0.110052099381,0.0951011861453,0.0632219994343,0.268375284961,0.205153285526,True,False,NORMAL_RANDOM_EFFECT_EMPIRICAL_BAYES,PUBLICATION_ELIGIBLE,5 active months; 3/20 split-half opportunities,False
691718,Pete Crow-Armstrong,24,9,15,0.375,5.64468265387,0.235195110578,3.35531734613,0.139804889422,0.609396878421,0.327743113387,0.0925480028096,-0.0303686531429,0.235931693168,0.204826457435,0.471126803746,0.266300346311,True,False,NORMAL_RANDOM_EFFECT_EMPIRICAL_BAYES,PUBLICATION_ELIGIBLE,5 active months; 5/19 split-half opportunities,False
691720,Kyle Karros,43,9,34,0.209302325581,10.7317794182,0.24957626554,-1.73177941823,-0.0402739399588,-0.240080041032,0.215770439628,-0.0338058259123,-0.119378090629,0.0709561663707,0.130198174911,0.320532431911,0.190334257,True,True,NORMAL_RANDOM_EFFECT_EMPIRICAL_BAYES,RANKING_ELIGIBLE,7 active months; 25/18 split-half opportunities,True
691723,Coby Mayo,38,10,28,0.263157894737,9.74766876733,0.25651759914,0.252331232672,0.00664029559663,0.0148832630809,0.258730449407,0.0022128502672,-0.0932370277803,0.119580430816,0.16328057136,0.376098029956,0.212817458596,True,True,NORMAL_RANDOM_EFFECT_EMPIRICAL_BAYES,RANKING_ELIGIBLE,6 active months; 20/18 split-half opportunities,True
691728,Zac Veen,2,0,2,0,0.201800819751,0.100900409875,-0.201800819751,-0.100900409875,-0.124128548706,0.0902301413315,-0.0106702685439,-0.0775911552886,0.184296601815,0.0233092545867,0.285197011691,0.261887757104,False,False,NORMAL_RANDOM_EFFECT_EMPIRICAL_BAYES,ALL_OBSERVED_BATTERS,1 active months; 0/2 split-half opportunities,False
691740,Daniel Susac,9,1,8,0.111111111111,1.72572931029,0.191747701143,-0.72572931029,-0.0806365900322,-0.287150514193,0.153539875865,-0.0382078252782,-0.137541701404,0.146977414964,0.0542059997389,0.338725116108,0.284519116369,False,False,NORMAL_RANDOM_EFFECT_EMPIRICAL_BAYES,ALL_OBSERVED_BATTERS,4 active months; 4/5 split-half opportunities,False
691777,Max Muncy,21,2,19,0.0952380952381,4.1403659266,0.197160282219,-2.1403659266,-0.101922186981,-0.540770311038,0.131910374556,-0.0652499076634,-0.142475242935,0.0623347510264,0.0546850392845,0.259495033246,0.204809993961,True,False,NORMAL_RANDOM_EFFECT_EMPIRICAL_BAYES,PUBLICATION_ELIGIBLE,6 active months; 7/14 split-half opportunities,False
691781,Brady House,18,5,13,0.277777777778,5.514399814,0.306355545222,-0.514399814,-0.0285777674444,-0.133607411414,0.284809547367,-0.0215459978549,-0.146276959569,0.139003543317,0.160078585653,0.445359088539,0.285280502886,False,False,NORMAL_RANDOM_EFFECT_EMPIRICAL_BAYES,ALL_OBSERVED_BATTERS,4 active months; 14/4 split-half opportunities,False
691783,Jordan Lawlar,11,0,11,0,3.09824183013,0.281658348193,-3.09824183013,-0.281658348193,-0.963871461468,0.14033643063,-0.141321917563,-0.231287423961,0.0252205446579,0.0503709242327,0.306878892851,0.256507968618,False,False,NORMAL_RANDOM_EFFECT_EMPIRICAL_BAYES,ALL_OBSERVED_BATTERS,4 active months; 3/8 split-half opportunities,False
691785,Marcelo Mayer,16,1,15,0.0625,2.78334625019,0.173959140637,-1.78334625019,-0.111459140637,-0.55695356036,0.113873546865,-0.0600855937719,-0.13114957774,0.0708710426996,0.0428095628965,0.244830183336,0.20202062044,False,False,NORMAL_RANDOM_EFFECT_EMPIRICAL_BAYES,ALL_OBSERVED_BATTERS,3 active months; 13/3 split-half opportunities,False
691788,Joe Mack,18,2,16,0.111111111111,3.98529648438,0.221405360243,-1.98529648438,-0.110294249132,-0.517357202484,0.152435593801,-0.0689697664419,-0.15775343365,0.0749775488881,0.0636519265928,0.296382909131,0.232730982538,False,False,NORMAL_RANDOM_EFFECT_EMPIRICAL_BAYES,ALL_OBSERVED_BATTERS,5 active months; 9/9 split-half opportunities,False
691858,Jared Serna,1,1,0,1,0.104398643275,0.104398643275,0.895601356725,0.895601356725,0.47407651598,0.157731821893,0.0533331786178,-0.0622364685794,0.334119907148,0.0421621746955,0.438518550423,0.396356375728,False,False,NORMAL_RANDOM_EFFECT_EMPIRICAL_BAYES,ALL_OBSERVED_BATTERS,1 active months; 0/1 split-half opportunities,False
691907,Tsung-Che Cheng,5,1,4,0.2,1.49615735773,0.299231471546,-0.496157357729,-0.0992314715459,-0.211685954436,0.263496025175,-0.0357354463711,-0.193766992637,0.189570881179,0.105464478909,0.488802352725,0.383337873816,False,False,NORMAL_RANDOM_EFFECT_EMPIRICAL_BAYES,ALL_OBSERVED_BATTERS,2 active months; 0/5 split-half opportunities,False
693304,Nick Gonzales,36,7,29,0.194444444444,6.33078027233,0.175855007565,0.669219727671,0.0185894368797,0.0800910076666,0.185957030075,0.0101020225099,-0.0747455626491,0.123789904249,0.101109444916,0.299644911814,0.198535466898,True,True,NORMAL_RANDOM_EFFECT_EMPIRICAL_BAYES,RANKING_ELIGIBLE,7 active months; 14/22 split-half opportunities,True
693307,Dillon Dingler,40,7,33,0.175,7.47056198082,0.18676404952,-0.470561980817,-0.0117640495204,-0.0950241203286,0.174198271931,-0.0125657775895,-0.0925446265429,0.0975495151478,0.0942194229775,0.284313564668,0.190094141691,True,True,NORMAL_RANDOM_EFFECT_EMPIRICAL_BAYES,RANKING_ELIGIBLE,6 active months; 20/20 split-half opportunities,True
693409,César Prieto,3,1,2,0.333333333333,0.527268567581,0.175756189194,0.472731432419,0.15757714414,0.190816445524,0.204620029767,0.0288638405733,-0.112165096327,0.302866093708,0.063591092867,0.478622282902,0.415031190035,False,False,NORMAL_RANDOM_EFFECT_EMPIRICAL_BAYES,ALL_OBSERVED_BATTERS,3 active months; 1/2 split-half opportunities,False
694025,Felix Reyes,3,0,3,0,0.532349561591,0.177449853864,-0.532349561591,-0.177449853864,-0.276052435097,0.142286997042,-0.0351628568217,-0.136153863797,0.187212497548,0.0412959900663,0.364662351411,0.323366361345,False,False,NORMAL_RANDOM_EFFECT_EMPIRICAL_BAYES,ALL_OBSERVED_BATTERS,1 active months; 3/0 split-half opportunities,False
694192,Jackson Chourio,31,0,31,0,5.78231128383,0.186526170446,-5.78231128383,-0.186526170446,-1.2981256631,0.066541618213,-0.119984552233,-0.161564423601,-0.037153442972,0.0249617468452,0.149372727474,0.124410980629,True,True,NORMAL_RANDOM_EFFECT_EMPIRICAL_BAYES,RANKING_ELIGIBLE,5 active months; 11/20 split-half opportunities,True
694197,Angel Genao,18,0,18,0,3.61616619808,0.200898122115,-3.61616619808,-0.200898122115,-1.05941251801,0.0945768874643,-0.106321234651,-0.1654518731,0.00196603174928,0.035446249015,0.202864153865,0.16741790485,False,False,NORMAL_RANDOM_EFFECT_EMPIRICAL_BAYES,ALL_OBSERVED_BATTERS,2 active months; 0/18 split-half opportunities,False
694203,Denzer Guzman,9,2,7,0.222222222222,2.42396045666,0.269328939629,-0.423960456658,-0.0471067174065,-0.160637476392,0.245009995497,-0.0243189441314,-0.158653687922,0.164869649967,0.110675251707,0.434198589595,0.323523337889,False,False,NORMAL_RANDOM_EFFECT_EMPIRICAL_BAYES,ALL_OBSERVED_BATTERS,3 active months; 4/5 split-half opportunities,False
694208,Moisés Ballesteros,15,3,12,0.2,3.16763493837,0.211175662558,-0.167634938365,-0.0111756625577,-0.0766779729677,0.200056789895,-0.0111188726631,-0.122312814676,0.158465066162,0.088862847882,0.369640728719,0.280777880837,False,False,NORMAL_RANDOM_EFFECT_EMPIRICAL_BAYES,ALL_OBSERVED_BATTERS,5 active months; 9/6 split-half opportunities,False
694212,Samuel Basallo,19,8,11,0.421052631579,3.83085675747,0.201624039867,4.16914324253,0.219428591712,0.82796403466,0.341769634199,0.140145594332,-0.00647176360212,0.312480318707,0.195152276265,0.514104358574,0.318952082309,False,False,NORMAL_RANDOM_EFFECT_EMPIRICAL_BAYES,ALL_OBSERVED_BATTERS,7 active months; 15/4 split-half opportunities,False
694224,Gabriel Gonzalez,1,0,1,0,0.126402851149,0.126402851149,-0.126402851149,-0.126402851149,-0.0800364495086,0.117825854763,-0.00857699638588,-0.0962261515105,0.232794720544,0.0301766996384,0.359197571693,0.329020872055,False,False,NORMAL_RANDOM_EFFECT_EMPIRICAL_BAYES,ALL_OBSERVED_BATTERS,1 active months; 0/1 split-half opportunities,False
694249,Cole Carrigg,19,9,10,0.473684210526,3.07608173787,0.161899038835,5.92391826213,0.311785171691,1.18525705137,0.361987476243,0.200088437407,0.0465399696983,0.378256528907,0.208439008534,0.540155567743,0.331716559209,False,False,NORMAL_RANDOM_EFFECT_EMPIRICAL_BAYES,ALL_OBSERVED_BATTERS,4 active months; 3/16 split-half opportunities,False
694362,Blake Dunn,9,3,6,0.333333333333,1.376141699,0.152904633222,1.623858301,0.180428700111,0.497755924574,0.225364358897,0.072459725675,-0.0643559395195,0.292607888327,0.0885486937023,0.445512521548,0.356963827846,False,False,NORMAL_RANDOM_EFFECT_EMPIRICAL_BAYES,ALL_OBSERVED_BATTERS,2 active months; 8/1 split-half opportunities,False
694371,Tommy Troy,10,1,9,0.1,2.44601211814,0.244601211814,-1.44601211814,-0.144601211814,-0.513503231516,0.180850812214,-0.0637503995995,-0.166792538683,0.094080625551,0.0778086731303,0.338681837365,0.260873164234,False,False,NORMAL_RANDOM_EFFECT_EMPIRICAL_BAYES,ALL_OBSERVED_BATTERS,4 active months; 5/5 split-half opportunities,False
694374,Tim Tawa,24,1,23,0.0416666666667,4.23254085503,0.176355868959,-3.23254085503,-0.134689202293,-0.834854061241,0.0950522310927,-0.0813036378667,-0.138280590111,0.021195320295,0.0380752788488,0.197551189254,0.159475910406,True,False,NORMAL_RANDOM_EFFECT_EMPIRICAL_BAYES,PUBLICATION_ELIGIBLE,6 active months; 8/16 split-half opportunities,False
694376,Shay Whitcomb,6,1,5,0.166666666667,1.03445108871,0.172408514785,-0.0344510887091,-0.00574184811818,-0.0482097093148,0.165987468909,-0.00642104587561,-0.117621282704,0.205362268365,0.054787232081,0.377770783149,0.322983551068,False,False,NORMAL_RANDOM_EFFECT_EMPIRICAL_BAYES,ALL_OBSERVED_BATTERS,4 active months; 3/3 split-half opportunities,False
694377,Nick Yorke,11,1,10,0.0909090909091,2.30262691674,0.209329719704,-1.30262691674,-0.118420628795,-0.451430379499,0.151402355968,-0.0579273637355,-0.151840583106,0.107678121283,0.0574891365979,0.317007840987,0.259518704389,False,False,NORMAL_RANDOM_EFFECT_EMPIRICAL_BAYES,ALL_OBSERVED_BATTERS,3 active months; 9/2 split-half opportunities,False
694378,Jacob Gonzalez,7,0,7,0,0.924003113914,0.132000444845,-0.924003113914,-0.132000444845,-0.42410694935,0.0917870438032,-0.0402134010417,-0.105219459256,0.11645770841,0.0267809855889,0.248458153255,0.221677167666,False,False,NORMAL_RANDOM_EFFECT_EMPIRICAL_BAYES,ALL_OBSERVED_BATTERS,4 active months; 2/5 split-half opportunities,False
694384,Nolan Schanuel,39,20,19,0.512820512821,7.49159351855,0.192092141501,12.5084064815,0.320728371319,1.43525783648,0.44822297055,0.256130829049,0.130520525904,0.387471142492,0.322612667405,0.579563283993,0.256950616588,True,True,NORMAL_RANDOM_EFFECT_EMPIRICAL_BAYES,RANKING_ELIGIBLE,6 active months; 15/24 split-half opportunities,True
694388,Joey Loperfido,8,1,7,0.125,1.65803554182,0.207254442727,-0.658035541819,-0.0822544427273,-0.265854844945,0.169043677975,-0.0382107647526,-0.147713255271,0.161286002258,0.0595411874564,0.368540444986,0.308999257529,False,False,NORMAL_RANDOM_EFFECT_EMPIRICAL_BAYES,ALL_OBSERVED_BATTERS,3 active months; 6/2 split-half opportunities,False
694410,LuJames Groover,5,0,5,0,1.04756026003,0.209512052006,-1.04756026003,-0.209512052006,-0.466526496936,0.14620992338,-0.063302128626,-0.163513753857,0.143896331897,0.0459982981496,0.353408383903,0.307410085754,False,False,NORMAL_RANDOM_EFFECT_EMPIRICAL_BAYES,ALL_OBSERVED_BATTERS,1 active months; 2/3 split-half opportunities,False
694497,Evan Carter,38,4,34,0.105263157895,9.13584860856,0.240417068646,-5.13584860856,-0.135153910752,-0.837897480093,0.1384237689,-0.101993299746,-0.168906878572,-0.00442589476432,0.0715101900742,0.235991173882,0.164480983808,True,True,NORMAL_RANDOM_EFFECT_EMPIRICAL_BAYES,RANKING_ELIGIBLE,7 active months; 20/18 split-half opportunities,True
694514,Sterlin Thompson,6,1,5,0.166666666667,0.942152480567,0.157025413428,0.0578475194333,0.00964125323888,-0.00921054348996,0.155908069153,-0.0011173442743,-0.105147126607,0.197440345404,0.0518782868207,0.354465758832,0.302587472011,False,False,NORMAL_RANDOM_EFFECT_EMPIRICAL_BAYES,ALL_OBSERVED_BATTERS,2 active months; 5/1 split-half opportunities,False
694671,Wyatt Langford,36,10,26,0.277777777778,5.85633296897,0.162675915805,4.14366703103,0.115101861973,0.626830126269,0.243732962813,0.0810570470085,-0.0147988861534,0.202176111062,0.147877029651,0.364852026867,0.216974997216,True,True,NORMAL_RANDOM_EFFECT_EMPIRICAL_BAYES,RANKING_ELIGIBLE,6 active months; 17/19 split-half opportunities,True
694673,Abimelec Ortiz,6,2,4,0.333333333333,1.0023840635,0.167064010583,0.997615936502,0.16626932275,0.359598599518,0.217505693656,0.0504416830734,-0.0864420062434,0.273165779266,0.0806220043396,0.440229789849,0.359607785509,False,False,NORMAL_RANDOM_EFFECT_EMPIRICAL_BAYES,ALL_OBSERVED_BATTERS,3 active months; 0/6 split-half opportunities,False
694728,Brice Matthews,16,0,16,0,1.93175092911,0.12073443307,-1.93175092911,-0.12073443307,-0.692111007864,0.0659670040748,-0.0547674289947,-0.0999465078148,0.0516108440983,0.0207879252547,0.172345277168,0.151557351913,False,False,NORMAL_RANDOM_EFFECT_EMPIRICAL_BAYES,ALL_OBSERVED_BATTERS,5 active months; 12/4 split-half opportunities,False
695020,Tanner Murray,3,0,3,0,0.172798850624,0.0575996168745,-0.172798850624,-0.0575996168745,-0.110679469093,0.0518876519854,-0.00571196488915,-0.0447999079638,0.123950846401,0.0127997089107,0.181550463275,0.168750754365,False,False,NORMAL_RANDOM_EFFECT_EMPIRICAL_BAYES,ALL_OBSERVED_BATTERS,1 active months; 3/0 split-half opportunities,False
695238,Will Wagner,6,0,6,0,1.55092096682,0.258486827803,-1.55092096682,-0.258486827803,-0.647244616338,0.177460851442,-0.0810259763607,-0.188171399983,0.0901062853631,0.0703154278196,0.348593113166,0.278277685346,False,False,NORMAL_RANDOM_EFFECT_EMPIRICAL_BAYES,ALL_OBSERVED_BATTERS,1 active months; 4/2 split-half opportunities,False
695336,Thomas Saggese,4,2,2,0.5,0.722709457268,0.180677364317,1.27729054273,0.319322635683,0.572194338244,0.245086442382,0.0644090780652,-0.0695931569791,0.254441508078,0.111084207338,0.435118872395,0.324034665057,False,False,NORMAL_RANDOM_EFFECT_EMPIRICAL_BAYES,ALL_OBSERVED_BATTERS,3 active months; 4/0 split-half opportunities,False
695490,Edwin Arroyo,4,0,4,0,0.699226055858,0.174806513964,-0.699226055858,-0.174806513964,-0.343541953194,0.132023332421,-0.0427831815438,-0.136342250065,0.168770863778,0.038464263899,0.343577377742,0.305113113843,False,False,NORMAL_RANDOM_EFFECT_EMPIRICAL_BAYES,ALL_OBSERVED_BATTERS,3 active months; 2/2 split-half opportunities,False
695491,Joshua Báez,7,2,5,0.285714285714,1.79200515635,0.256000736621,0.20799484365,0.0297135490929,0.0587823742714,0.264674809197,0.00867407257565,-0.137641263946,0.201509235979,0.118359472676,0.457509972601,0.339150499925,False,False,NORMAL_RANDOM_EFFECT_EMPIRICAL_BAYES,ALL_OBSERVED_BATTERS,2 active months; 0/7 split-half opportunities,False
695506,Jac Caglianone,19,5,14,0.263157894737,5.77045383005,0.303708096319,-0.770453830053,-0.0405502015817,-0.17175593164,0.272975221062,-0.0307328752561,-0.161666258179,0.135668794013,0.14204183814,0.439376890331,0.297335052192,False,False,NORMAL_RANDOM_EFFECT_EMPIRICAL_BAYES,ALL_OBSERVED_BATTERS,5 active months; 9/10 split-half opportunities,False
695508,Cam Cauley,3,0,3,0,0.748786698517,0.249595566172,-0.748786698517,-0.249595566172,-0.363665272602,0.197465597599,-0.0521299685734,-0.181654799236,0.165723207408,0.0679407669363,0.41531877358,0.347378006644,False,False,NORMAL_RANDOM_EFFECT_EMPIRICAL_BAYES,ALL_OBSERVED_BATTERS,3 active months; 0/3 split-half opportunities,False
695578,James Wood,40,7,33,0.175,8.21460205416,0.205365051354,-1.21460205416,-0.030365051354,-0.201192008293,0.179434384574,-0.0259306667804,-0.105552944938,0.0793989771647,0.0998121064161,0.284764028519,0.184951922103,True,True,NORMAL_RANDOM_EFFECT_EMPIRICAL_BAYES,RANKING_ELIGIBLE,7 active months; 22/18 split-half opportunities,True
695600,Carter Jensen,44,7,37,0.159090909091,9.74154448,0.221398738182,-2.74154448,-0.0623078290908,-0.386517324254,0.170050749207,-0.0513479889752,-0.127381823273,0.0514402822027,0.094016914909,0.272839020384,0.178822105475,True,True,NORMAL_RANDOM_EFFECT_EMPIRICAL_BAYES,RANKING_ELIGIBLE,6 active months; 19/25 split-half opportunities,True
695657,Colson Montgomery,20,2,18,0.1,4.71618339617,0.235809169808,-2.71618339617,-0.135809169808,-0.708114040878,0.154994190194,-0.0808149796146,-0.160236856152,0.0404802652653,0.0755723136569,0.276289435074,0.200717121417,True,False,NORMAL_RANDOM_EFFECT_EMPIRICAL_BAYES,PUBLICATION_ELIGIBLE,7 active months; 9/11 split-half opportunities,False
695670,Harry Ford,7,1,6,0.142857142857,1.35876833582,0.194109762259,-0.358768335816,-0.0512526194023,-0.166993807341,0.173063394656,-0.0210463676038,-0.129356059836,0.165643934168,0.0647537024236,0.359753696427,0.294999994004,False,False,NORMAL_RANDOM_EFFECT_EMPIRICAL_BAYES,ALL_OBSERVED_BATTERS,3 active months; 0/7 split-half opportunities,False
695681,Christian Moore,5,0,5,0,1.2204088762,0.244081775241,-1.2204088762,-0.244081775241,-0.53101805567,0.172429916266,-0.0716518589751,-0.183716126367,0.118757186031,0.0603656488741,0.362838961272,0.302473312398,False,False,NORMAL_RANDOM_EFFECT_EMPIRICAL_BAYES,ALL_OBSERVED_BATTERS,2 active months; 0/5 split-half opportunities,False
695720,Tommy White,12,0,12,0,2.25093149756,0.187577624797,-2.25093149756,-0.187577624797,-0.812229657364,0.109496352095,-0.0780812727013,-0.146595104559,0.042978587134,0.0409825202373,0.230556211931,0.189573691693,False,False,NORMAL_RANDOM_EFFECT_EMPIRICAL_BAYES,ALL_OBSERVED_BATTERS,2 active months; 0/12 split-half opportunities,False
695731,Braden Montgomery,22,5,17,0.227272727273,5.87019959801,0.266827254455,-0.870199598008,-0.0395545271822,-0.193073432193,0.237081391907,-0.0297458625475,-0.140922400524,0.116411195054,0.125904853931,0.383238449509,0.257333595578,True,False,NORMAL_RANDOM_EFFECT_EMPIRICAL_BAYES,PUBLICATION_ELIGIBLE,4 active months; 4/18 split-half opportunities,False
695734,Daylen Lile,30,2,28,0.0666666666667,4.54893720626,0.151631240209,-2.54893720626,-0.084964573542,-0.583849099948,0.093236155921,-0.0583950842876,-0.114610172852,0.0445205566426,0.0370210673564,0.196151796851,0.159130729495,True,True,NORMAL_RANDOM_EFFECT_EMPIRICAL_BAYES,RANKING_ELIGIBLE,6 active months; 18/12 split-half opportunities,True
696030,Alejandro Osuna,19,5,14,0.263157894737,3.47596971008,0.182945774215,1.52403028992,0.080212120522,0.326573734662,0.226590385367,0.0436446111518,-0.0671003478434,0.198667161102,0.115845426371,0.381612935317,0.265767508945,False,False,NORMAL_RANDOM_EFFECT_EMPIRICAL_BAYES,ALL_OBSERVED_BATTERS,4 active months; 12/7 split-half opportunities,False
696100,Hunter Goodman,26,5,21,0.192307692308,4.65051974455,0.178866144021,0.349480255448,0.0134415482864,0.0362966103392,0.183529361747,0.00466321772608,-0.0868685284552,0.137654159406,0.091997615566,0.316520303427,0.224522687861,True,False,NORMAL_RANDOM_EFFECT_EMPIRICAL_BAYES,PUBLICATION_ELIGIBLE,7 active months; 13/13 split-half opportunities,False
696135,Kahlil Watson,2,0,2,0,0.164873955474,0.0824369777372,-0.164873955474,-0.0824369777372,-0.104685767594,0.0748572113995,-0.00757976633773,-0.0637624015281,0.167077797374,0.0186745762091,0.249514775111,0.230840198902,False,False,NORMAL_RANDOM_EFFECT_EMPIRICAL_BAYES,ALL_OBSERVED_BATTERS,2 active months; 0/2 split-half opportunities,False
696285,Jacob Young,47,5,42,0.106382978723,9.49826847787,0.202090818678,-4.49826847787,-0.0957078399547,-0.699148221849,0.128093185974,-0.0739976327044,-0.132806438424,0.00958957323955,0.0692843802543,0.211680391918,0.142396011663,True,True,NORMAL_RANDOM_EFFECT_EMPIRICAL_BAYES,RANKING_ELIGIBLE,6 active months; 25/22 split-half opportunities,True
699013,Esmerlyn Valdez,28,9,19,0.321428571429,5.98417131005,0.21372040393,3.01582868995,0.107708167498,0.480715821052,0.287490197883,0.0737697939532,-0.0412125264263,0.21625723009,0.172507877504,0.42997763402,0.257469756516,True,False,NORMAL_RANDOM_EFFECT_EMPIRICAL_BAYES,PUBLICATION_ELIGIBLE,5 active months; 1/27 split-half opportunities,False
699024,Leo Bernal,2,0,2,0,0.739188981601,0.369594490801,-0.739188981601,-0.369594490801,-0.357970905764,0.293479623699,-0.0761148671022,-0.270476987024,0.228885828407,0.0991175037763,0.598480319207,0.499362815431,False,False,NORMAL_RANDOM_EFFECT_EMPIRICAL_BAYES,ALL_OBSERVED_BATTERS,1 active months; 0/2 split-half opportunities,False
699302,Héctor Rodríguez,5,0,5,0,0.800804307243,0.160160861449,-0.800804307243,-0.160160861449,-0.381417860717,0.116235020761,-0.0439258406877,-0.126220888512,0.151047014665,0.0339399729367,0.311207876114,0.277267903177,False,False,NORMAL_RANDOM_EFFECT_EMPIRICAL_BAYES,ALL_OBSERVED_BATTERS,2 active months; 0/5 split-half opportunities,False
699393,Pedro Ramírez,13,3,10,0.230769230769,2.32896647168,0.179151267053,0.671033528315,0.0516179637166,0.178451829327,0.198837687443,0.0196864203899,-0.079480793291,0.173306800568,0.0996704737616,0.35245806762,0.252787593859,False,False,NORMAL_RANDOM_EFFECT_EMPIRICAL_BAYES,ALL_OBSERVED_BATTERS,3 active months; 0/13 split-half opportunities,False
699625,Jimmy Crooks,9,0,9,0,1.49985690958,0.166650767731,-1.49985690958,-0.166650767731,-0.597217072011,0.102973044821,-0.0636777229108,-0.134025351098,0.0885998859157,0.0326254166331,0.255250653647,0.222625237014,False,False,NORMAL_RANDOM_EFFECT_EMPIRICAL_BAYES,ALL_OBSERVED_BATTERS,3 active months; 4/5 split-half opportunities,False
699912,Jose Fernandez,15,2,13,0.133333333333,3.65022606823,0.243348404549,-1.65022606823,-0.110015071216,-0.484238708024,0.182531517343,-0.060816887206,-0.158507695563,0.0812871408491,0.0848407089856,0.324635545398,0.239794836412,False,False,NORMAL_RANDOM_EFFECT_EMPIRICAL_BAYES,ALL_OBSERVED_BATTERS,5 active months; 11/4 split-half opportunities,False
700246,Carson Williams,2,0,2,0,0.18387297389,0.0919364869449,-0.18387297389,-0.0919364869449,-0.1148215037,0.0828064569616,-0.00913002998335,-0.0709071817578,0.176774566935,0.0210293051871,0.26871105388,0.247681748693,False,False,NORMAL_RANDOM_EFFECT_EMPIRICAL_BAYES,ALL_OBSERVED_BATTERS,2 active months; 1/1 split-half opportunities,False
700250,Ben Rice,35,11,24,0.314285714286,6.5537385412,0.187249672606,4.4462614588,0.12703604168,0.627058142375,0.279906578084,0.0926569054787,-0.0134607242877,0.221680386473,0.173788948318,0.408930059078,0.23514111076,True,True,NORMAL_RANDOM_EFFECT_EMPIRICAL_BAYES,RANKING_ELIGIBLE,7 active months; 17/18 split-half opportunities,True
700337,Edgar Quero,12,0,12,0,1.56497707114,0.130414755929,-1.56497707114,-0.130414755929,-0.609978031005,0.0780193046237,-0.0523954513049,-0.106114584252,0.0699105118329,0.0243001716763,0.200325267761,0.176025096085,False,False,NORMAL_RANDOM_EFFECT_EMPIRICAL_BAYES,ALL_OBSERVED_BATTERS,4 active months; 9/3 split-half opportunities,False
700932,Kyle Manzardo,17,2,15,0.117647058824,3.25705774354,0.191591631973,-1.25705774354,-0.0739445731495,-0.359871743903,0.144628171499,-0.0469634604736,-0.133856975011,0.104413152933,0.057734656962,0.296004784906,0.238270127944,False,False,NORMAL_RANDOM_EFFECT_EMPIRICAL_BAYES,ALL_OBSERVED_BATTERS,4 active months; 12/5 split-half opportunities,False
701162,Ben Malgeri,8,1,7,0.125,1.74350071947,0.217937589934,-0.743500719474,-0.0929375899343,-0.298738194761,0.181856137677,-0.0360814522577,-0.144743171097,0.124787984068,0.0731944188373,0.342725574003,0.269531155165,False,False,NORMAL_RANDOM_EFFECT_EMPIRICAL_BAYES,ALL_OBSERVED_BATTERS,4 active months; 0/8 split-half opportunities,False
701305,Zach Dezenzo,6,1,5,0.166666666667,1.02155600317,0.170259333862,-0.0215560031718,-0.0035926671953,-0.0387679928747,0.165623765021,-0.00463556884118,-0.110939533026,0.187637452209,0.0593198008363,0.357896786071,0.298576985234,False,False,NORMAL_RANDOM_EFFECT_EMPIRICAL_BAYES,ALL_OBSERVED_BATTERS,1 active months; 6/0 split-half opportunities,False
701350,Roman Anthony,8,2,6,0.25,2.19590461053,0.274488076316,-0.195904610527,-0.0244880763159,-0.0890548161607,0.260160712674,-0.0143273636414,-0.158637280879,0.193654911026,0.115850795437,0.468142987342,0.352292191906,False,False,NORMAL_RANDOM_EFFECT_EMPIRICAL_BAYES,ALL_OBSERVED_BATTERS,3 active months; 6/2 split-half opportunities,False
701358,Cam Smith,27,10,17,0.37037037037,4.31532874372,0.159826990508,5.68467125628,0.210543379862,0.941251649824,0.305605971376,0.145778980868,0.0212886632054,0.300195136977,0.181115653714,0.460022127486,0.278906473772,True,False,NORMAL_RANDOM_EFFECT_EMPIRICAL_BAYES,PUBLICATION_ELIGIBLE,6 active months; 15/12 split-half opportunities,False
701398,Sal Stewart,49,27,22,0.551020408163,12.8615615934,0.262480848845,14.1384384066,0.288539559319,1.30285340447,0.504871717139,0.242390868294,0.127913963853,0.357767850253,0.390394812697,0.620248699097,0.2298538864,True,True,NORMAL_RANDOM_EFFECT_EMPIRICAL_BAYES,RANKING_ELIGIBLE,6 active months; 32/17 split-half opportunities,True
701538,Jackson Merrill,20,3,17,0.15,3.78962252837,0.189481126418,-0.789622528369,-0.0394811264185,-0.227410589244,0.162899779602,-0.0265813468161,-0.113527649918,0.105142442279,0.0759534765007,0.294623568697,0.218670092197,True,False,NORMAL_RANDOM_EFFECT_EMPIRICAL_BAYES,PUBLICATION_ELIGIBLE,7 active months; 8/12 split-half opportunities,False
701649,James Triantos,1,0,1,0,0.19174959769,0.19174959769,-0.19174959769,-0.19174959769,-0.114131775849,0.174680304659,-0.0170692930305,-0.143906222512,0.275787301034,0.0478433751781,0.467536898724,0.419693523546,False,False,NORMAL_RANDOM_EFFECT_EMPIRICAL_BAYES,ALL_OBSERVED_BATTERS,1 active months; 0/1 split-half opportunities,False
701675,Nathan Church,19,0,19,0,3.21162707077,0.169033003725,-3.21162707077,-0.169033003725,-0.958171583369,0.0794835668324,-0.0895494368925,-0.141410991852,0.0152620156493,0.0276220118725,0.184295019374,0.156673007502,False,False,NORMAL_RANDOM_EFFECT_EMPIRICAL_BAYES,ALL_OBSERVED_BATTERS,7 active months; 9/10 split-half opportunities,False
701678,Hao-Yu Lee,21,3,18,0.142857142857,3.0992897341,0.147585225433,-0.0992897340959,-0.004728082576,-0.0667898143601,0.139857751226,-0.00772747420688,-0.0896357103608,0.130258941903,0.0579495150724,0.277844167336,0.219894652264,True,False,NORMAL_RANDOM_EFFECT_EMPIRICAL_BAYES,PUBLICATION_ELIGIBLE,5 active months; 10/11 split-half opportunities,False
701762,Nick Kurtz,39,9,30,0.230769230769,10.3821170696,0.26620812999,-1.38211706962,-0.0354388992211,-0.206845561573,0.236598108595,-0.0296100213949,-0.119819666197,0.0823892992704,0.146388463793,0.348597429261,0.202208965467,True,True,NORMAL_RANDOM_EFFECT_EMPIRICAL_BAYES,RANKING_ELIGIBLE,5 active months; 33/6 split-half opportunities,True
701785,Kaelen Culpepper,8,1,7,0.125,1.65672421916,0.207090527395,-0.656724219159,-0.0820905273949,-0.269065232876,0.174249447828,-0.0328410795666,-0.139044932017,0.134816361924,0.068045595378,0.341906889319,0.273861293941,False,False,NORMAL_RANDOM_EFFECT_EMPIRICAL_BAYES,ALL_OBSERVED_BATTERS,2 active months; 0/8 split-half opportunities,False
701807,Carson Benge,33,6,27,0.181818181818,6.98188874492,0.21157238621,-0.981888744916,-0.0297542043914,-0.180602363365,0.185718068479,-0.0258543177302,-0.115300519732,0.0973800405434,0.0962718664778,0.308952426753,0.212680560275,True,True,NORMAL_RANDOM_EFFECT_EMPIRICAL_BAYES,RANKING_ELIGIBLE,7 active months; 15/18 split-half opportunities,True
701852,Drew Cavanaugh,8,2,6,0.25,1.61728822774,0.202161028468,0.382711772255,0.0478389715319,0.115608746027,0.216745566043,0.0145845375746,-0.107078619546,0.193558123373,0.0950824089222,0.395719151841,0.300636742919,False,False,NORMAL_RANDOM_EFFECT_EMPIRICAL_BAYES,ALL_OBSERVED_BATTERS,3 active months; 0/8 split-half opportunities,False
702176,Alan Roden,5,0,5,0,0.430005401287,0.0860010802575,-0.430005401287,-0.0860010802575,-0.238053903559,0.0690919426176,-0.0169091376399,-0.0678103042068,0.132522898883,0.0181907760507,0.218523979141,0.20033320309,False,False,NORMAL_RANDOM_EFFECT_EMPIRICAL_BAYES,ALL_OBSERVED_BATTERS,2 active months; 0/5 split-half opportunities,False
702222,Justin Crawford,20,3,17,0.15,3.63525522061,0.18176276103,-0.635255220606,-0.0317627610303,-0.186890314946,0.158453160758,-0.0233096002722,-0.111731323123,0.11500502147,0.0700314379076,0.2967677825,0.226736344593,True,False,NORMAL_RANDOM_EFFECT_EMPIRICAL_BAYES,PUBLICATION_ELIGIBLE,6 active months; 12/8 split-half opportunities,False
702284,Cole Young,39,6,33,0.153846153846,7.458372626,0.191240323744,-1.458372626,-0.0373941698974,-0.252177735585,0.160054261578,-0.0311860621655,-0.105909583632,0.0743976279547,0.0853307401113,0.265637951698,0.180307211587,True,True,NORMAL_RANDOM_EFFECT_EMPIRICAL_BAYES,RANKING_ELIGIBLE,6 active months; 14/25 split-half opportunities,True
702332,Caleb Durbin,38,15,23,0.394736842105,8.18379070366,0.215362913254,6.81620929634,0.179373928851,0.83308160825,0.354379194567,0.139016281313,0.0246695218947,0.270924368153,0.240032435149,0.486287281407,0.246254846258,True,True,NORMAL_RANDOM_EFFECT_EMPIRICAL_BAYES,RANKING_ELIGIBLE,6 active months; 15/23 split-half opportunities,True
702616,Jackson Holliday,19,2,17,0.105263157895,3.49837940054,0.184125231607,-1.49837940054,-0.0788620737127,-0.430503099945,0.137633816288,-0.0464914153195,-0.124663829413,0.0773304228547,0.0594614021947,0.261455654462,0.201994252268,False,False,NORMAL_RANDOM_EFFECT_EMPIRICAL_BAYES,ALL_OBSERVED_BATTERS,4 active months; 8/11 split-half opportunities,False
703520,Brett Bateman,7,2,5,0.285714285714,1.29351236772,0.184787481104,0.706487632275,0.100926804611,0.267246580471,0.209934833882,0.0251473527787,-0.073409587568,0.193802213989,0.111377893536,0.378589695092,0.267211801557,False,False,NORMAL_RANDOM_EFFECT_EMPIRICAL_BAYES,ALL_OBSERVED_BATTERS,2 active months; 0/7 split-half opportunities,False
703601,Max Clark,8,1,7,0.125,1.22341326957,0.152926658696,-0.22341326957,-0.0279266586962,-0.120021690861,0.139723905562,-0.0132027531344,-0.104041197708,0.155158334703,0.0488854609886,0.308084993399,0.25919953241,False,False,NORMAL_RANDOM_EFFECT_EMPIRICAL_BAYES,ALL_OBSERVED_BATTERS,2 active months; 0/8 split-half opportunities,False
703607,Henry Bolte,27,6,21,0.222222222222,4.45108035583,0.164854827994,1.54891964417,0.0573673942287,0.268316204817,0.198979487337,0.0341246593433,-0.060747601299,0.166333818993,0.104107226695,0.331188646986,0.227081420292,True,False,NORMAL_RANDOM_EFFECT_EMPIRICAL_BAYES,PUBLICATION_ELIGIBLE,5 active months; 6/21 split-half opportunities,False
800050,Chase DeLauter,31,7,24,0.225806451613,5.88626040271,0.189879367829,1.11373959729,0.0359270837837,0.159978343001,0.211568616446,0.0216892486173,-0.0732100324746,0.148763186409,0.116669335355,0.338642554238,0.221973218883,True,True,NORMAL_RANDOM_EFFECT_EMPIRICAL_BAYES,RANKING_ELIGIBLE,6 active months; 13/18 split-half opportunities,True
800325,Luis Lara,16,2,14,0.125,2.2294781458,0.139342384112,-0.2294781458,-0.0143423841125,-0.110451571583,0.127515681909,-0.0118267022038,-0.0908658961638,0.129755610169,0.0484764879487,0.269097994282,0.220621506333,False,False,NORMAL_RANDOM_EFFECT_EMPIRICAL_BAYES,ALL_OBSERVED_BATTERS,3 active months; 0/16 split-half opportunities,False
801126,Brock Rodden,4,0,4,0,0.547550212192,0.136887553048,-0.547550212192,-0.136887553048,-0.28461335692,0.107519917895,-0.0293676351534,-0.106584990531,0.159862335387,0.0303025625166,0.296749888435,0.266447325918,False,False,NORMAL_RANDOM_EFFECT_EMPIRICAL_BAYES,ALL_OBSERVED_BATTERS,2 active months; 0/4 split-half opportunities,False
801501,Nate Furman,2,0,2,0,0.520721735164,0.260360867582,-0.520721735164,-0.260360867582,-0.268463597834,0.217485662009,-0.0428752055732,-0.189531478673,0.208270782764,0.0708293889083,0.468631650345,0.397802261437,False,False,NORMAL_RANDOM_EFFECT_EMPIRICAL_BAYES,ALL_OBSERVED_BATTERS,2 active months; 0/2 split-half opportunities,False
802139,JJ Wetherholt,42,5,37,0.119047619048,6.41138909663,0.152652121348,-1.41138909663,-0.0336045023008,-0.262011697077,0.124532500144,-0.0281196212048,-0.0915874728649,0.0692982141112,0.0610646484835,0.22195033546,0.160885686976,True,True,NORMAL_RANDOM_EFFECT_EMPIRICAL_BAYES,RANKING_ELIGIBLE,5 active months; 18/24 split-half opportunities,True
802415,Chandler Simpson,27,0,27,0,5.4245843286,0.200910530689,-5.4245843286,-0.200910530689,-1.30209741374,0.0776367028581,-0.123273827831,-0.170636454236,-0.0352042291524,0.0302740764526,0.165706301537,0.135432225084,True,False,NORMAL_RANDOM_EFFECT_EMPIRICAL_BAYES,PUBLICATION_ELIGIBLE,6 active months; 16/11 split-half opportunities,False
803011,Sam Antonacci,37,12,25,0.324324324324,7.48876426878,0.202399034291,4.51123573122,0.121925290033,0.566913780295,0.294369524739,0.0919704904474,-0.0168973932676,0.223034291264,0.185501641024,0.425433325555,0.239931684531,True,True,NORMAL_RANDOM_EFFECT_EMPIRICAL_BAYES,RANKING_ELIGIBLE,6 active months; 18/19 split-half opportunities,True
804606,Konnor Griffin,9,2,7,0.222222222222,1.96096940421,0.217885489357,0.0390305957889,0.00433673286543,-0.016418927488,0.215518481587,-0.00236700777008,-0.127579751996,0.191557057652,0.0903057373604,0.409442547009,0.319136809648,False,False,NORMAL_RANDOM_EFFECT_EMPIRICAL_BAYES,ALL_OBSERVED_BATTERS,3 active months; 8/1 split-half opportunities,False
804668,Rafael Flores Jr.,2,0,2,0,0.87543751655,0.437718758275,-0.87543751655,-0.437718758275,-0.415180915579,0.348075629651,-0.089643128624,-0.306695434475,0.205554985076,0.1310233238,0.643273743351,0.512250419551,False,False,NORMAL_RANDOM_EFFECT_EMPIRICAL_BAYES,ALL_OBSERVED_BATTERS,2 active months; 0/2 split-half opportunities,False
805249,Otto Kemp,1,0,1,0,0.0974565763763,0.0974565763763,-0.0974565763763,-0.0974565763763,-0.0638099885861,0.0919862941131,-0.00547028226316,-0.0744228263565,0.20385088688,0.0230337500198,0.301307463256,0.278273713236,False,False,NORMAL_RANDOM_EFFECT_EMPIRICAL_BAYES,ALL_OBSERVED_BATTERS,1 active months; 1/0 split-half opportunities,False
805300,Jakob Marsee,37,7,30,0.189189189189,8.43438765192,0.227956423025,-1.43438765192,-0.0387672338358,-0.22790742078,0.195224855251,-0.032731567774,-0.119729218866,0.0828083340115,0.108227204159,0.310764757036,0.202537552877,True,True,NORMAL_RANDOM_EFFECT_EMPIRICAL_BAYES,RANKING_ELIGIBLE,7 active months; 19/18 split-half opportunities,True
805347,Jim Jarvis,8,0,8,0,1.50318212526,0.187897765657,-1.50318212526,-0.187897765657,-0.596366627233,0.115476854111,-0.0724209115464,-0.151828596151,0.10016928859,0.0360691695066,0.288067054247,0.25199788474,False,False,NORMAL_RANDOM_EFFECT_EMPIRICAL_BAYES,ALL_OBSERVED_BATTERS,2 active months; 0/8 split-half opportunities,False
805367,Chase Meidroth,60,4,56,0.0666666666667,7.59812532007,0.126635422001,-3.59812532007,-0.0599687553345,-0.565123756517,0.0785215733673,-0.0481138486338,-0.0904318189492,0.0216834911621,0.036203603052,0.148318913163,0.112115310111,True,True,NORMAL_RANDOM_EFFECT_EMPIRICAL_BAYES,RANKING_ELIGIBLE,6 active months; 32/28 split-half opportunities,True
805672,Collin Price,2,0,2,0,0.365364623398,0.182682311699,-0.365364623398,-0.182682311699,-0.20254529095,0.154550194628,-0.0281321170713,-0.139739117612,0.23338334355,0.0429431940869,0.416065655249,0.373122461163,False,False,NORMAL_RANDOM_EFFECT_EMPIRICAL_BAYES,ALL_OBSERVED_BATTERS,1 active months; 2/0 split-half opportunities,False
805779,Jacob Wilson,22,2,20,0.0909090909091,3.81632612057,0.173469369117,-1.81632612057,-0.0825602782079,-0.470818257165,0.11988965414,-0.0535797149773,-0.125109854039,0.0712121362404,0.0483595150782,0.244681505357,0.196321990279,True,False,NORMAL_RANDOM_EFFECT_EMPIRICAL_BAYES,PUBLICATION_ELIGIBLE,6 active months; 16/6 split-half opportunities,False
805805,Walker Jenkins,4,2,2,0.5,0.780107731289,0.195026932822,1.21989226871,0.304973067178,0.512117422377,0.268574587476,0.0735476546533,-0.085541265068,0.305289796364,0.109485667754,0.500316729186,0.390831061432,False,False,NORMAL_RANDOM_EFFECT_EMPIRICAL_BAYES,ALL_OBSERVED_BATTERS,1 active months; 0/4 split-half opportunities,False
805808,Kevin McGonigle,51,18,33,0.352941176471,11.8011070345,0.231394255578,6.19889296552,0.121546920892,0.624005180195,0.329909727514,0.0985154719361,0,0.206415093616,0.231394255578,0.437809349195,0.206415093616,True,True,NORMAL_RANDOM_EFFECT_EMPIRICAL_BAYES,RANKING_ELIGIBLE,7 active months; 32/19 split-half opportunities,True
805811,Bryce Eldridge,33,13,20,0.393939393939,9.46032961789,0.286676655087,3.53967038211,0.107262738852,0.476274577481,0.366646118341,0.0799694632533,-0.0368778291653,0.213160748547,0.249798825922,0.499837403634,0.250038577712,True,True,NORMAL_RANDOM_EFFECT_EMPIRICAL_BAYES,RANKING_ELIGIBLE,5 active months; 16/17 split-half opportunities,True
805904,Zach Cole,6,3,3,0.5,1.31128447369,0.218547412282,1.68871552631,0.281452587718,0.587385327827,0.321683379876,0.103135967594,-0.0792578290653,0.348268990139,0.139289583217,0.566816402421,0.427526819204,False,False,NORMAL_RANDOM_EFFECT_EMPIRICAL_BAYES,ALL_OBSERVED_BATTERS,1 active months; 6/0 split-half opportunities,False
805999,A.J. Ewing,35,12,23,0.342857142857,8.2144770315,0.234699343757,3.7855229685,0.1081577991,0.521091959043,0.313962296604,0.0792629528465,-0.0282465114214,0.207539113663,0.206452832336,0.44223845742,0.235785625084,True,True,NORMAL_RANDOM_EFFECT_EMPIRICAL_BAYES,RANKING_ELIGIBLE,5 active months; 13/22 split-half opportunities,True
806068,Colt Emerson,7,2,5,0.285714285714,2.4269124129,0.346701773271,-0.426912412896,-0.0609874875566,-0.165397303067,0.319219003038,-0.0274827702332,-0.186250341956,0.181161923552,0.160451431315,0.527863696822,0.367412265507,False,False,NORMAL_RANDOM_EFFECT_EMPIRICAL_BAYES,ALL_OBSERVED_BATTERS,3 active months; 1/6 split-half opportunities,False
806146,George Lombard Jr.,14,7,7,0.5,4.48711668199,0.320508334428,2.51288331801,0.179491665572,0.595230150899,0.424971552044,0.104463217616,-0.0587993131822,0.279288490491,0.261709021246,0.599796824919,0.338087803673,False,False,NORMAL_RANDOM_EFFECT_EMPIRICAL_BAYES,ALL_OBSERVED_BATTERS,2 active months; 0/14 split-half opportunities,False
806198,Cooper Pratt,14,2,12,0.142857142857,3.59534385809,0.256810275578,-1.59534385809,-0.113953132721,-0.472320968909,0.194542395377,-0.0622678802014,-0.167311214277,0.0863403396702,0.0894990613007,0.343150615248,0.253651553948,False,False,NORMAL_RANDOM_EFFECT_EMPIRICAL_BAYES,ALL_OBSERVED_BATTERS,4 active months; 0/14 split-half opportunities,False
806367,Turner Hill,4,0,4,0,0.592597284624,0.148149321156,-0.592597284624,-0.148149321156,-0.302720629846,0.114865603216,-0.0332837179401,-0.11551200799,0.16295025422,0.0326373131656,0.311099575376,0.278462262211,False,False,NORMAL_RANDOM_EFFECT_EMPIRICAL_BAYES,ALL_OBSERVED_BATTERS,2 active months; 0/4 split-half opportunities,False
807712,Luke Keaschall,48,16,32,0.333333333333,10.1068075188,0.210558489975,5.89319248121,0.122774843359,0.617748762387,0.308643409681,0.0980849197064,-0.00213123132966,0.211240570828,0.208427258645,0.421799060803,0.213371802158,True,True,NORMAL_RANDOM_EFFECT_EMPIRICAL_BAYES,RANKING_ELIGIBLE,7 active months; 19/29 split-half opportunities,True
807713,Matt Shaw,12,1,11,0.0833333333333,1.32559939392,0.11046661616,-0.325599393919,-0.0271332828266,-0.163777310406,0.0959361036007,-0.0145305125592,-0.0792482817962,0.126508976374,0.0312183343637,0.236975592534,0.20575725817,False,False,NORMAL_RANDOM_EFFECT_EMPIRICAL_BAYES,ALL_OBSERVED_BATTERS,5 active months; 8/4 split-half opportunities,False
807726,John Peck,1,0,1,0,0.527905395651,0.527905395651,-0.527905395651,-0.527905395651,-0.268899548462,0.46079020958,-0.0671151860714,-0.354561619863,0.249913166969,0.173343775789,0.77781856262,0.604474786832,False,False,NORMAL_RANDOM_EFFECT_EMPIRICAL_BAYES,ALL_OBSERVED_BATTERS,1 active months; 0/1 split-half opportunities,False
807727,Charles McAdoo,4,1,3,0.25,0.942035082158,0.23550877054,0.0579649178415,0.0144912294604,0.0171370034114,0.237238994948,0.00173022440877,-0.117939994693,0.162065845488,0.117568775847,0.397574616027,0.28000584018,False,False,NORMAL_RANDOM_EFFECT_EMPIRICAL_BAYES,ALL_OBSERVED_BATTERS,2 active months; 2/2 split-half opportunities,False
807799,Masataka Yoshida,18,2,16,0.111111111111,2.81499750377,0.156388750209,-0.814997503768,-0.0452776390982,-0.261697413011,0.127419131942,-0.0289696182675,-0.106038034742,0.105888996031,0.0503507154675,0.26227774624,0.211927030772,False,False,NORMAL_RANDOM_EFFECT_EMPIRICAL_BAYES,ALL_OBSERVED_BATTERS,5 active months; 8/10 split-half opportunities,False
808959,Munetaka Murakami,34,14,20,0.411764705882,6.30039855153,0.185305839751,7.69960144847,0.226458866132,1.02780891323,0.35720527696,0.17189943721,0.0490367331738,0.309495339717,0.234342572925,0.494801179468,0.260458606544,True,True,NORMAL_RANDOM_EFFECT_EMPIRICAL_BAYES,RANKING_ELIGIBLE,6 active months; 21/13 split-half opportunities,True
808975,Hyeseong Kim,10,0,10,0,1.31523818742,0.131523818742,-1.31523818742,-0.131523818742,-0.544530149827,0.0836908632542,-0.0478329554883,-0.105635316736,0.0826463731878,0.025888502006,0.21417019193,0.188281689924,False,False,NORMAL_RANDOM_EFFECT_EMPIRICAL_BAYES,ALL_OBSERVED_BATTERS,2 active months; 10/0 split-half opportunities,False
808982,Jung Hoo Lee,41,5,36,0.121951219512,6.1108188674,0.14904436262,-1.1108188674,-0.0270931431074,-0.217579581299,0.125837481828,-0.0232068807915,-0.0874518463316,0.0746570751489,0.0615925162881,0.223701437769,0.16210892148,True,True,NORMAL_RANDOM_EFFECT_EMPIRICAL_BAYES,RANKING_ELIGIBLE,7 active months; 23/18 split-half opportunities,True
810938,Ben Williamson,27,3,24,0.111111111111,5.21067743024,0.192988052972,-2.21067743024,-0.0818769418607,-0.494049263424,0.136617331383,-0.0563707215887,-0.129636747748,0.057658102251,0.0633513052243,0.250646155223,0.187294849999,True,False,NORMAL_RANDOM_EFFECT_EMPIRICAL_BAYES,PUBLICATION_ELIGIBLE,6 active months; 17/10 split-half opportunities,False
811965,Joshua Kuroda-Grauer,4,0,4,0,0.487204093985,0.121801023496,-0.487204093985,-0.121801023496,-0.259708171686,0.0974406479468,-0.0243603755494,-0.0947854339086,0.152835592011,0.0270155895876,0.274636615507,0.24762102592,False,False,NORMAL_RANDOM_EFFECT_EMPIRICAL_BAYES,ALL_OBSERVED_BATTERS,2 active months; 0/4 split-half opportunities,False
813841,Jonah Cox,9,1,8,0.111111111111,1.93026043501,0.214473381668,-0.930260435011,-0.103362270557,-0.35081336574,0.167452413334,-0.0470209683335,-0.151350863622,0.134174485807,0.0631225180464,0.348647867475,0.285525349428,False,False,NORMAL_RANDOM_EFFECT_EMPIRICAL_BAYES,ALL_OBSERVED_BATTERS,3 active months; 2/7 split-half opportunities,False
814430,Brett Callahan,2,0,2,0,0.535702909201,0.267851454601,-0.535702909201,-0.267851454601,-0.275285066738,0.219899969434,-0.0479514851664,-0.199107078378,0.232342484823,0.0687443762224,0.500193939423,0.431449563201,False,False,NORMAL_RANDOM_EFFECT_EMPIRICAL_BAYES,ALL_OBSERVED_BATTERS,1 active months; 0/2 split-half opportunities,False
814439,Ryan Waldschmidt,22,6,16,0.272727272727,7.06961484436,0.321346129289,-1.06961484436,-0.048618856562,-0.219850373798,0.285740759324,-0.0356053699654,-0.154747235808,0.110649980978,0.166598893481,0.431996110267,0.265397216786,True,False,NORMAL_RANDOM_EFFECT_EMPIRICAL_BAYES,PUBLICATION_ELIGIBLE,5 active months; 9/13 split-half opportunities,False
815873,Sean Keys,2,0,2,0,0.273388390759,0.136694195379,-0.273388390759,-0.136694195379,-0.159663098427,0.11910961926,-0.0175845761198,-0.104863351194,0.210269622727,0.0318308441852,0.346963818106,0.315132973921,False,False,NORMAL_RANDOM_EFFECT_EMPIRICAL_BAYES,ALL_OBSERVED_BATTERS,2 active months; 0/2 split-half opportunities,False
823550,Sung-Mun Song,11,2,9,0.181818181818,1.57021341478,0.142746674071,0.429786585217,0.039071507747,0.101435982569,0.154637888088,0.0118912140171,-0.0856093088587,0.185309625867,0.0571373652125,0.328056299939,0.270918934726,False,False,NORMAL_RANDOM_EFFECT_EMPIRICAL_BAYES,ALL_OBSERVED_BATTERS,4 active months; 6/5 split-half opportunities,False
828599,Lucas Spence,5,0,5,0,1.0326777651,0.206535553019,-1.0326777651,-0.206535553019,-0.463246579627,0.146686333091,-0.0598492199282,-0.159164323938,0.13549627081,0.0473712290812,0.342031823829,0.294660594748,False,False,NORMAL_RANDOM_EFFECT_EMPIRICAL_BAYES,ALL_OBSERVED_BATTERS,1 active months; 0/5 split-half opportunities,False
