called_pitches,dimension,incorrect_calls,incorrect_with_challenge_available,name,population,rate_per_available_incorrect_call,rate_per_called_pitch,rate_per_incorrect_call,survived_recognition,value
19960,base_state,1277,1194,,ALL,0.7554438860971524,0.04519038076152305,0.706342991386061,902,000
764,base_state,55,48,,ALL,0.6458333333333334,0.04057591623036649,0.5636363636363636,31,001
2436,base_state,153,135,,ALL,0.6666666666666666,0.03694581280788178,0.5882352941176471,90,010
684,base_state,52,47,,ALL,0.6595744680851063,0.04532163742690058,0.5961538461538461,31,011
6833,base_state,482,433,,ALL,0.7020785219399538,0.044489975120737595,0.6307053941908713,304,100
994,base_state,57,50,,ALL,0.66,0.03319919517102616,0.5789473684210527,33,101
2362,base_state,144,130,,ALL,0.7076923076923077,0.03895004233700254,0.6388888888888888,92,110
834,base_state,49,42,,ALL,0.5,0.025179856115107913,0.42857142857142855,21,111
50,batter,2,2,Miguel Rojas,ALL,1.0,0.04,1.0,2,500743
46,batter,1,1,Tommy Pham,ALL,0.0,0.0,0.0,0,502054
39,batter,3,2,Paul Goldschmidt,ALL,1.0,0.05128205128205128,0.6666666666666666,2,502671
109,batter,5,4,Jose Altuve,ALL,0.75,0.027522935779816515,0.6,3,514888
16,batter,2,2,Travis d'Arnaud,ALL,1.0,0.125,1.0,2,518595
124,batter,9,9,Freddie Freeman,ALL,0.7777777777777778,0.056451612903225805,0.7777777777777778,7,518692
90,batter,2,1,Salvador Perez,ALL,1.0,0.011111111111111112,0.5,1,521692
24,batter,2,2,James McCann,ALL,1.0,0.08333333333333333,1.0,2,543510
120,batter,11,11,Marcus Semien,ALL,0.6363636363636364,0.058333333333333334,0.6363636363636364,7,543760
108,batter,10,10,George Springer,ALL,0.9,0.08333333333333333,0.9,9,543807
14,batter,2,2,Christian Vázquez,ALL,1.0,0.14285714285714285,1.0,2,543877
56,batter,5,4,Ildemaro Vargas,ALL,0.75,0.05357142857142857,0.6,3,545121
69,batter,2,2,Randal Grichuk,ALL,1.0,0.028985507246376812,1.0,2,545341
195,batter,10,10,Mike Trout,ALL,0.8,0.041025641025641026,0.8,8,545361
105,batter,6,6,Bryce Harper,ALL,0.8333333333333334,0.047619047619047616,0.8333333333333334,5,547180
55,batter,5,5,Elias Díaz,ALL,0.4,0.03636363636363636,0.4,2,553869
93,batter,4,4,Eugenio Suárez,ALL,0.75,0.03225806451612903,0.75,3,553993
105,batter,6,6,Nolan Arenado,ALL,0.6666666666666666,0.0380952380952381,0.6666666666666666,4,571448
4,batter,0,0,Kyle Farmer,ALL,,0.0,,0,571657
43,batter,4,4,Enrique Hernández,ALL,1.0,0.09302325581395349,1.0,4,571771
23,batter,0,0,Luke Maile,ALL,,0.0,,0,571912
120,batter,7,7,Max Muncy,ALL,0.5714285714285714,0.03333333333333333,0.5714285714285714,4,571970
107,batter,5,5,Christian Walker,ALL,0.4,0.018691588785046728,0.4,2,572233
112,batter,5,5,Mike Yastrzemski,ALL,1.0,0.044642857142857144,1.0,5,573262
32,batter,5,5,Willson Contreras,ALL,0.6,0.09375,0.6,3,575929
37,batter,2,2,Aaron Judge,ALL,0.5,0.02702702702702703,0.5,1,592450
136,batter,11,11,Manny Machado,ALL,0.9090909090909091,0.07352941176470588,0.9090909090909091,10,592518
9,batter,1,1,Joc Pederson,ALL,1.0,0.1111111111111111,1.0,1,592626
112,batter,12,10,J.T. Realmuto,ALL,0.4,0.03571428571428571,0.3333333333333333,4,592663
111,batter,6,5,Christian Yelich,ALL,1.0,0.04504504504504504,0.8333333333333334,5,592885
133,batter,4,4,Xander Bogaerts,ALL,0.5,0.015037593984962405,0.5,2,593428
34,batter,3,2,Javier Báez,ALL,1.0,0.058823529411764705,0.6666666666666666,2,595879
55,batter,3,1,Austin Hedges,ALL,0.0,0.0,0.0,0,595978
177,batter,14,14,Francisco Lindor,ALL,0.9285714285714286,0.07344632768361582,0.9285714285714286,13,596019
90,batter,7,7,Trevor Story,ALL,0.8571428571428571,0.06666666666666667,0.8571428571428571,6,596115
11,batter,1,1,Garrett Stubbs,ALL,1.0,0.09090909090909091,1.0,1,596117
49,batter,3,3,Gary Sánchez,ALL,1.0,0.061224489795918366,1.0,3,596142
5,batter,1,0,Ramón Urías,ALL,,0.0,0.0,0,602104
139,batter,8,8,Josh Bell,ALL,0.5,0.02877697841726619,0.5,4,605137
174,batter,13,12,Mookie Betts,ALL,0.5833333333333334,0.040229885057471264,0.5384615384615384,7,605141
62,batter,7,7,Victor Caratini,ALL,0.7142857142857143,0.08064516129032258,0.7142857142857143,5,605170
8,batter,0,0,Vimael Machín,ALL,,0.0,,0,605353
106,batter,8,8,Teoscar Hernández,ALL,1.0,0.07547169811320754,1.0,8,606192
131,batter,3,3,Ketel Marte,ALL,1.0,0.022900763358778626,1.0,3,606466
108,batter,7,7,Brandon Nimmo,ALL,1.0,0.06481481481481481,1.0,7,607043
139,batter,8,8,Trea Turner,ALL,0.625,0.03597122302158273,0.625,5,607208
137,batter,8,7,José Ramírez,ALL,0.8571428571428571,0.043795620437956206,0.75,6,608070
95,batter,8,8,Alex Bregman,ALL,0.75,0.06315789473684211,0.75,6,608324
59,batter,2,2,Carson Kelly,ALL,1.0,0.03389830508474576,1.0,2,608348
100,batter,9,9,Corey Seager,ALL,0.7777777777777778,0.07,0.7777777777777778,7,608369
51,batter,2,1,Luis Torrens,ALL,1.0,0.0196078431372549,0.5,1,620443
59,batter,4,4,Dansby Swanson,ALL,0.75,0.05084745762711865,0.75,3,621020
32,batter,1,1,Tyrone Taylor,ALL,1.0,0.03125,1.0,1,621438
35,batter,6,6,Taylor Ward,ALL,0.6666666666666666,0.11428571428571428,0.6666666666666666,4,621493
100,batter,7,7,Matt Olson,ALL,0.7142857142857143,0.05,0.7142857142857143,5,621566
82,batter,8,7,Donovan Walton,ALL,0.8571428571428571,0.07317073170731707,0.75,6,622268
35,batter,3,3,Jorge Mateo,ALL,0.6666666666666666,0.05714285714285714,0.6666666666666666,2,622761
21,batter,0,0,Tyler Heineman,ALL,,0.0,,0,623168
140,batter,9,9,Pete Alonso,ALL,0.8888888888888888,0.05714285714285714,0.8888888888888888,8,624413
88,batter,4,4,Michael Conforto,ALL,0.75,0.03409090909090909,0.75,3,624424
15,batter,1,1,Adam Frazier,ALL,1.0,0.06666666666666667,1.0,1,624428
27,batter,2,2,Jose Trevino,ALL,1.0,0.07407407407407407,1.0,2,624431
11,batter,1,1,Edmundo Sosa,ALL,1.0,0.09090909090909091,1.0,1,624641
130,batter,6,6,Jake Cronenworth,ALL,0.6666666666666666,0.03076923076923077,0.6666666666666666,4,630105
8,batter,0,0,Brian Navarreto,ALL,,0.0,,0,640459
36,batter,2,1,Jhonny Pereda,ALL,1.0,0.027777777777777776,0.5,1,640902
129,batter,11,8,Jake Bauers,ALL,0.5,0.031007751937984496,0.36363636363636365,4,641343
101,batter,8,8,Cody Bellinger,ALL,0.625,0.04950495049504951,0.625,5,641355
153,batter,11,9,J.P. Crawford,ALL,0.7777777777777778,0.0457516339869281,0.6363636363636364,7,641487
15,batter,2,2,Jake Fraley,ALL,0.5,0.06666666666666667,0.5,1,641584
77,batter,5,3,Jonah Heim,ALL,0.6666666666666666,0.025974025974025976,0.4,2,641680
76,batter,4,4,Ryan McMahon,ALL,0.75,0.039473684210526314,0.75,3,641857
27,batter,5,4,Dominic Smith,ALL,0.75,0.1111111111111111,0.6,3,642086
71,batter,6,6,Weston Wilson,ALL,1.0,0.08450704225352113,1.0,6,642215
91,batter,4,3,Jose Siri,ALL,0.6666666666666666,0.02197802197802198,0.5,2,642350
17,batter,2,2,Amed Rosario,ALL,0.5,0.058823529411764705,0.5,1,642708
73,batter,5,3,Andrew Benintendi,ALL,1.0,0.0410958904109589,0.6,3,643217
106,batter,4,4,Mauricio Dubón,ALL,0.5,0.018867924528301886,0.5,2,643289
95,batter,5,5,Danny Jansen,ALL,0.8,0.042105263157894736,0.8,4,643376
69,batter,3,3,Isiah Kiner-Falefa,ALL,1.0,0.043478260869565216,1.0,3,643396
68,batter,5,4,Jeff McNeil,ALL,0.25,0.014705882352941176,0.2,1,643446
117,batter,6,6,Ozzie Albies,ALL,0.6666666666666666,0.03418803418803419,0.6666666666666666,4,645277
1,batter,0,0,Victor Robles,ALL,,0.0,,0,645302
15,batter,1,1,Ali Sánchez,ALL,1.0,0.06666666666666667,1.0,1,645305
23,batter,1,0,Rafael Devers,ALL,,0.0,0.0,0,646240
103,batter,8,8,Josh Naylor,ALL,0.625,0.04854368932038835,0.625,5,647304
109,batter,8,8,Luis Arraez,ALL,0.75,0.05504587155963303,0.75,6,650333
115,batter,6,6,Gleyber Torres,ALL,0.5,0.02608695652173913,0.5,3,650402
115,batter,6,6,Yandy Díaz,ALL,0.8333333333333334,0.043478260869565216,0.8333333333333334,5,650490
55,batter,1,1,Bryan De La Cruz,ALL,1.0,0.01818181818181818,1.0,1,650559
21,batter,0,0,Yohel Pozo,ALL,,0.0,,0,650968
50,batter,0,0,Andruw Monasterio,ALL,,0.0,,0,655316
24,batter,1,1,Derek Hill,ALL,1.0,0.041666666666666664,1.0,1,656537
3,batter,0,0,Alex Jackson,ALL,,0.0,,0,656577
76,batter,7,6,Zach McKinstry,ALL,1.0,0.07894736842105263,0.8571428571428571,6,656716
63,batter,7,5,Cedric Mullins,ALL,0.6,0.047619047619047616,0.42857142857142855,3,656775
105,batter,7,7,Ryan O'Hearn,ALL,0.7142857142857143,0.047619047619047616,0.7142857142857143,5,656811
178,batter,7,7,Kyle Schwarber,ALL,0.8571428571428571,0.033707865168539325,0.8571428571428571,6,656941
68,batter,12,11,Pavin Smith,ALL,0.8181818181818182,0.1323529411764706,0.75,9,656976
10,batter,0,0,Connor Wong,ALL,,0.0,,0,657136
7,batter,1,1,Rudy Martin Jr.,ALL,1.0,0.14285714285714285,1.0,1,657675
19,batter,1,1,Gavin Sheets,ALL,1.0,0.05263157894736842,1.0,1,657757
46,batter,2,2,Shohei Ohtani,ALL,0.0,0.0,0.0,0,660271
102,batter,10,10,Ronald Acuña Jr.,ALL,0.4,0.0392156862745098,0.4,4,660670
35,batter,1,1,Keibert Ruiz,ALL,1.0,0.02857142857142857,1.0,1,660688
26,batter,3,3,Jesús Sánchez,ALL,1.0,0.11538461538461539,1.0,3,660821
21,batter,3,3,Leo Rivas,ALL,1.0,0.14285714285714285,1.0,3,660844
82,batter,9,9,William Contreras,ALL,0.7777777777777778,0.08536585365853659,0.7777777777777778,7,661388
29,batter,3,2,Brian Serven,ALL,1.0,0.06896551724137931,0.6666666666666666,2,661531
39,batter,6,6,Daulton Varsho,ALL,0.6666666666666666,0.10256410256410256,0.6666666666666666,4,662139
62,batter,5,5,Jahmai Jones,ALL,1.0,0.08064516129032258,1.0,5,663330
150,batter,10,9,Lars Nootbaar,ALL,0.6666666666666666,0.04,0.6,6,663457
61,batter,6,4,Bryan Torres,ALL,0.75,0.04918032786885246,0.5,3,663494
90,batter,4,4,Nico Hoerner,ALL,0.75,0.03333333333333333,0.75,3,663538
121,batter,6,6,Austin Riley,ALL,0.8333333333333334,0.04132231404958678,0.8333333333333334,5,663586
2,batter,0,0,Brandon Lockridge,ALL,,0.0,,0,663604
10,batter,1,1,Nick Madrigal,ALL,1.0,0.1,1.0,1,663611
6,batter,1,1,Trevor Larnach,ALL,0.0,0.0,0.0,0,663616
46,batter,1,1,Ke'Bryan Hayes,ALL,1.0,0.021739130434782608,1.0,1,663647
117,batter,7,7,Kyle Tucker,ALL,1.0,0.05982905982905983,1.0,7,663656
129,batter,11,9,Cal Raleigh,ALL,0.5555555555555556,0.03875968992248062,0.45454545454545453,5,663728
54,batter,2,2,Nick Fortes,ALL,0.5,0.018518518518518517,0.5,1,663743
84,batter,5,5,Tyler Stephenson,ALL,1.0,0.05952380952380952,1.0,5,663886
66,batter,4,4,Jake Mangum,ALL,0.5,0.030303030303030304,0.5,2,663968
62,batter,7,7,Nathaniel Lowe,ALL,0.8571428571428571,0.0967741935483871,0.8571428571428571,6,663993
128,batter,7,7,Ian Happ,ALL,0.42857142857142855,0.0234375,0.42857142857142855,3,664023
83,batter,4,4,Ty France,ALL,0.75,0.03614457831325301,0.75,3,664034
100,batter,6,6,Brandon Lowe,ALL,0.8333333333333334,0.05,0.8333333333333334,5,664040
89,batter,7,7,Myles Straw,ALL,0.8571428571428571,0.06741573033707865,0.8571428571428571,6,664702
59,batter,4,4,Kyle Isbel,ALL,0.75,0.05084745762711865,0.75,3,664728
135,batter,11,10,Alec Bohm,ALL,0.6,0.044444444444444446,0.5454545454545454,6,664761
86,batter,2,2,Nathan Lukes,ALL,0.5,0.011627906976744186,0.5,1,664770
48,batter,3,3,LaMonte Wade Jr.,ALL,1.0,0.0625,1.0,3,664774
35,batter,1,1,Brett Sullivan,ALL,1.0,0.02857142857142857,1.0,1,664954
94,batter,6,6,Jake McCarthy,ALL,0.6666666666666666,0.0425531914893617,0.6666666666666666,4,664983
114,batter,9,9,Kody Clemens,ALL,0.7777777777777778,0.06140350877192982,0.7777777777777778,7,665019
90,batter,3,3,Griffin Conine,ALL,1.0,0.03333333333333333,1.0,3,665052
102,batter,6,5,Jeremy Peña,ALL,0.6,0.029411764705882353,0.5,3,665161
149,batter,8,8,Fernando Tatis Jr.,ALL,1.0,0.053691275167785234,1.0,8,665487
96,batter,10,10,Vladimir Guerrero Jr.,ALL,0.8,0.08333333333333333,0.8,8,665489
145,batter,7,6,Juan Soto,ALL,0.8333333333333334,0.034482758620689655,0.7142857142857143,5,665742
46,batter,4,3,Leody Taveras,ALL,0.6666666666666666,0.043478260869565216,0.5,2,665750
26,batter,1,1,Miguel Amaya,ALL,1.0,0.038461538461538464,1.0,1,665804
25,batter,2,2,Oswaldo Cabrera,ALL,1.0,0.08,1.0,2,665828
137,batter,9,9,Oneil Cruz,ALL,0.7777777777777778,0.051094890510948905,0.7777777777777778,7,665833
21,batter,1,1,Jazz Chisholm Jr.,ALL,0.0,0.0,0.0,0,665862
96,batter,9,8,José Fermín,ALL,0.75,0.0625,0.6666666666666666,6,665877
98,batter,5,5,Esteury Ruiz,ALL,0.8,0.04081632653061224,0.8,4,665923
50,batter,3,3,Andrés Giménez,ALL,0.6666666666666666,0.04,0.6666666666666666,2,665926
72,batter,3,3,Andrés Chaparro,ALL,1.0,0.041666666666666664,1.0,3,665953
24,batter,1,1,Carlos Narváez,ALL,1.0,0.041666666666666664,1.0,1,665966
147,batter,6,4,Jonathan Aranda,ALL,1.0,0.027210884353741496,0.6666666666666666,4,666018
31,batter,1,1,Freddy Fermin,ALL,0.0,0.0,0.0,0,666023
71,batter,3,3,Carlos Cortes,ALL,0.6666666666666666,0.028169014084507043,0.6666666666666666,2,666126
71,batter,2,2,Josh Lowe,ALL,0.5,0.014084507042253521,0.5,1,666139
64,batter,3,3,David Hamilton,ALL,1.0,0.046875,1.0,3,666152
43,batter,0,0,Mickey Moniak,ALL,,0.0,,0,666160
119,batter,6,5,Jo Adell,ALL,0.8,0.03361344537815126,0.6666666666666666,4,666176
122,batter,12,11,Bo Bichette,ALL,0.6363636363636364,0.05737704918032787,0.5833333333333334,7,666182
70,batter,3,2,Taylor Trammell,ALL,0.5,0.014285714285714285,0.3333333333333333,1,666211
14,batter,0,0,Bo Naylor,ALL,,0.0,,0,666310
20,batter,2,2,Christopher Morel,ALL,0.5,0.05,0.5,1,666624
2,batter,0,0,Lourdes Gurriel Jr.,ALL,,0.0,,0,666971
92,batter,3,2,Dane Myers,ALL,0.5,0.010869565217391304,0.3333333333333333,1,667472
151,batter,13,11,Randy Arozarena,ALL,0.8181818181818182,0.059602649006622516,0.6923076923076923,9,668227
25,batter,2,2,Jake Rogers,ALL,0.5,0.04,0.5,1,668670
123,batter,8,8,JJ Bleday,ALL,0.75,0.04878048780487805,0.75,6,668709
83,batter,6,3,Ryan Vilade,ALL,0.6666666666666666,0.024096385542168676,0.3333333333333333,2,668723
60,batter,3,3,Andrew Knizner,ALL,0.6666666666666666,0.03333333333333333,0.6666666666666666,2,668800
119,batter,7,7,Bryan Reynolds,ALL,0.7142857142857143,0.04201680672268908,0.7142857142857143,5,668804
55,batter,6,6,Austin Martin,ALL,0.6666666666666666,0.07272727272727272,0.6666666666666666,4,668885
54,batter,4,4,Mark Vientos,ALL,0.5,0.037037037037037035,0.5,2,668901
111,batter,10,8,Royce Lewis,ALL,0.5,0.036036036036036036,0.4,4,668904
165,batter,14,11,Brice Turang,ALL,0.7272727272727273,0.048484848484848485,0.5714285714285714,8,668930
120,batter,6,6,Adley Rutschman,ALL,1.0,0.05,1.0,6,668939
20,batter,1,1,Josh Rojas,ALL,0.0,0.0,0.0,0,668942
69,batter,6,6,Ryan Kreidler,ALL,0.8333333333333334,0.07246376811594203,0.8333333333333334,5,668952
119,batter,11,10,Garrett Mitchell,ALL,0.7,0.058823529411764705,0.6363636363636364,7,669003
71,batter,3,3,Brandon Marsh,ALL,0.3333333333333333,0.014084507042253521,0.3333333333333333,1,669016
85,batter,3,3,Kyle Stowers,ALL,0.6666666666666666,0.023529411764705882,0.6666666666666666,2,669065
104,batter,5,5,Shea Langeliers,ALL,0.8,0.038461538461538464,0.8,4,669127
79,batter,7,7,Luis Campusano,ALL,0.5714285714285714,0.05063291139240506,0.5714285714285714,4,669134
79,batter,1,1,Sean Murphy,ALL,1.0,0.012658227848101266,1.0,1,669221
80,batter,3,3,Austin Wells,ALL,0.6666666666666666,0.025,0.6666666666666666,2,669224
95,batter,6,6,Jeremiah Jackson,ALL,1.0,0.06315789473684211,1.0,6,669236
122,batter,6,5,Tommy Edman,ALL,0.8,0.03278688524590164,0.6666666666666666,4,669242
118,batter,9,8,Will Smith,ALL,0.625,0.0423728813559322,0.5555555555555556,5,669257
26,batter,3,3,Bryce Teodosio,ALL,1.0,0.11538461538461539,1.0,3,669326
71,batter,4,4,Nolan Gorman,ALL,0.75,0.04225352112676056,0.75,3,669357
50,batter,4,4,Xavier Edwards,ALL,0.75,0.06,0.75,3,669364
91,batter,13,11,Samad Taylor,ALL,0.9090909090909091,0.10989010989010989,0.7692307692307693,10,669392
131,batter,12,12,Jake Burger,ALL,0.5833333333333334,0.05343511450381679,0.5833333333333334,7,669394
25,batter,2,1,Nick Allen,ALL,1.0,0.04,0.5,1,669397
91,batter,9,8,Josh Smith,ALL,0.75,0.06593406593406594,0.6666666666666666,6,669701
41,batter,4,3,Jared Triolo,ALL,0.6666666666666666,0.04878048780487805,0.5,2,669707
27,batter,0,0,Austin Hays,ALL,,0.0,,0,669720
32,batter,0,0,Alex Call,ALL,,0.0,,0,669743
41,batter,3,2,Nicky Lopez,ALL,1.0,0.04878048780487805,0.6666666666666666,2,670032
112,batter,9,7,John Rave,ALL,0.2857142857142857,0.017857142857142856,0.2222222222222222,2,670231
120,batter,4,4,Yordan Alvarez,ALL,1.0,0.03333333333333333,1.0,4,670541
175,batter,12,10,Isaac Paredes,ALL,0.8,0.045714285714285714,0.6666666666666666,8,670623
49,batter,4,4,Taylor Walls,ALL,0.5,0.04081632653061224,0.5,2,670764
13,batter,2,2,TJ Friedl,ALL,0.5,0.07692307692307693,0.5,1,670770
146,batter,13,13,Iván Herrera,ALL,0.7692307692307693,0.0684931506849315,0.7692307692307693,10,671056
110,batter,2,1,Heliot Ramos,ALL,1.0,0.00909090909090909,0.5,1,671218
85,batter,6,6,Luis García Jr.,ALL,0.8333333333333334,0.058823529411764705,0.8333333333333334,5,671277
152,batter,9,8,Lawrence Butler,ALL,0.5,0.02631578947368421,0.4444444444444444,4,671732
79,batter,6,6,Michael Harris II,ALL,0.5,0.0379746835443038,0.5,3,671739
95,batter,10,9,Tristan Peters,ALL,0.5555555555555556,0.05263157894736842,0.5,5,671976
41,batter,3,3,Denzel Clarke,ALL,0.6666666666666666,0.04878048780487805,0.6666666666666666,2,672016
69,batter,3,3,Patrick Bailey,ALL,1.0,0.043478260869565216,1.0,3,672275
4,batter,0,0,Gabriel Arias,ALL,,0.0,,0,672356
101,batter,5,5,Alejandro Kirk,ALL,0.6,0.0297029702970297,0.6,3,672386
151,batter,15,14,Gabriel Moreno,ALL,0.6428571428571429,0.059602649006622516,0.6,9,672515
96,batter,5,4,Maikel Garcia,ALL,0.5,0.020833333333333332,0.4,2,672580
132,batter,11,11,Otto Lopez,ALL,0.5454545454545454,0.045454545454545456,0.5454545454545454,6,672640
175,batter,8,7,Geraldo Perdomo,ALL,0.7142857142857143,0.02857142857142857,0.625,5,672695
39,batter,3,1,Oswald Peraza,ALL,0.0,0.0,0.0,0,672724
145,batter,11,11,Kazuma Okamoto,ALL,1.0,0.07586206896551724,1.0,11,672960
85,batter,2,1,Yainer Diaz,ALL,1.0,0.011764705882352941,0.5,1,673237
84,batter,9,7,Ha-Seong Kim,ALL,1.0,0.08333333333333333,0.7777777777777778,7,673490
150,batter,10,10,Seiya Suzuki,ALL,0.4,0.02666666666666667,0.4,4,673548
70,batter,4,4,Josh Jung,ALL,1.0,0.05714285714285714,1.0,4,673962
55,batter,2,2,Alika Williams,ALL,1.0,0.03636363636363636,1.0,2,675961
93,batter,5,4,Jonny DeLuca,ALL,1.0,0.043010752688172046,0.8,4,676356
18,batter,2,0,Nelson Velázquez,ALL,,0.0,0.0,0,676369
64,batter,1,1,Ernie Clement,ALL,1.0,0.015625,1.0,1,676391
63,batter,7,7,Hunter Feduccia,ALL,1.0,0.1111111111111111,1.0,7,676439
79,batter,4,4,Alec Burleson,ALL,1.0,0.05063291139240506,1.0,4,676475
7,batter,0,0,José Barrero,ALL,,0.0,,0,676480
27,batter,2,2,Brewer Hicklen,ALL,0.5,0.037037037037037035,0.5,1,676551
67,batter,3,2,José Caballero,ALL,0.5,0.014925373134328358,0.3333333333333333,1,676609
44,batter,1,1,Jared Young,ALL,1.0,0.022727272727272728,1.0,1,676724
41,batter,5,5,Davis Schneider,ALL,0.8,0.0975609756097561,0.8,4,676914
20,batter,2,2,Heston Kjerstad,ALL,1.0,0.1,1.0,2,677008
18,batter,0,0,Kyren Paris,ALL,,0.0,,0,677347
107,batter,4,2,Brayan Rocchio,ALL,0.0,0.0,0.0,0,677587
27,batter,1,1,José Tena,ALL,0.0,0.0,0.0,0,677588
108,batter,4,3,Julio Rodríguez,ALL,1.0,0.027777777777777776,0.75,3,677594
24,batter,2,1,Ronny Mauricio,ALL,1.0,0.041666666666666664,0.5,1,677595
99,batter,9,8,Ezequiel Duran,ALL,0.875,0.0707070707070707,0.7777777777777778,7,677649
136,batter,9,9,Wilyer Abreu,ALL,0.8888888888888888,0.058823529411764705,0.8888888888888888,8,677800
19,batter,1,1,Will Banfield,ALL,1.0,0.05263157894736842,1.0,1,677943
95,batter,2,2,Bobby Witt Jr.,ALL,1.0,0.021052631578947368,1.0,2,677951
37,batter,2,1,Rece Hinds,ALL,1.0,0.02702702702702703,0.5,1,677956
3,batter,0,0,Anthony Seigler,ALL,,0.0,,0,678011
37,batter,3,3,Brandon Valenzuela,ALL,1.0,0.08108108108108109,1.0,3,678218
160,batter,11,10,Miguel Vargas,ALL,0.7,0.04375,0.6363636363636364,7,678246
84,batter,4,4,Jorbit Vivas,ALL,0.5,0.023809523809523808,0.5,2,678391
39,batter,3,3,Jorge Barrosa,ALL,0.3333333333333333,0.02564102564102564,0.3333333333333333,1,678489
53,batter,5,5,Osleivis Basabe,ALL,0.8,0.07547169811320754,0.8,4,678545
64,batter,3,2,Ezequiel Tovar,ALL,0.5,0.015625,0.3333333333333333,1,678662
15,batter,1,1,Ceddanne Rafaela,ALL,1.0,0.06666666666666667,1.0,1,678882
171,batter,7,7,Spencer Torkelson,ALL,0.8571428571428571,0.03508771929824561,0.8571428571428571,6,679529
48,batter,3,3,Justin Foscue,ALL,0.6666666666666666,0.041666666666666664,0.6666666666666666,2,679822
74,batter,4,3,Nick Loftin,ALL,0.6666666666666666,0.02702702702702703,0.5,2,679845
84,batter,3,3,Matt McLain,ALL,1.0,0.03571428571428571,1.0,3,680574
5,batter,0,0,DaShawn Keirsey Jr.,ALL,,0.0,,0,680577
94,batter,6,4,Eduardo Valencia,ALL,0.5,0.02127659574468085,0.3333333333333333,2,680664
73,batter,5,4,Richie Palacios,ALL,0.25,0.0136986301369863,0.2,1,680700
4,batter,0,0,Adrian Del Castillo,ALL,,0.0,,0,680728
195,batter,18,16,Steven Kwan,ALL,0.875,0.07179487179487179,0.7777777777777778,14,680757
68,batter,3,3,Jarren Duran,ALL,0.6666666666666666,0.029411764705882353,0.6666666666666666,2,680776
93,batter,6,6,Ryan Jeffers,ALL,0.8333333333333334,0.053763440860215055,0.8333333333333334,5,680777
57,batter,3,3,Henry Davis,ALL,1.0,0.05263157894736842,1.0,3,680779
114,batter,11,11,Zack Gelof,ALL,0.36363636363636365,0.03508771929824561,0.36363636363636365,4,680869
34,batter,1,1,Christian Franklin,ALL,1.0,0.029411764705882353,1.0,1,681047
151,batter,10,8,Bryson Stott,ALL,0.875,0.046357615894039736,0.7,7,681082
109,batter,6,6,TJ Rumfield,ALL,0.5,0.027522935779816515,0.5,3,681198
2,batter,0,0,BJ Murray Jr.,ALL,,0.0,,0,681230
94,batter,5,5,Colton Cowser,ALL,0.8,0.0425531914893617,0.8,4,681297
1,batter,0,0,Logan O'Hoppe,ALL,,0.0,,0,681351
71,batter,4,3,Connor Norby,ALL,0.6666666666666666,0.028169014084507043,0.5,2,681393
84,batter,6,6,Mickey Gasper,ALL,0.6666666666666666,0.047619047619047616,0.6666666666666666,4,681508
63,batter,3,3,Andy Pages,ALL,0.6666666666666666,0.031746031746031744,0.6666666666666666,2,681624
158,batter,12,12,Heriberto Hernández,ALL,0.6666666666666666,0.05063291139240506,0.6666666666666666,8,681715
45,batter,2,2,David Fry,ALL,1.0,0.044444444444444446,1.0,2,681807
41,batter,1,1,Nate Eaton,ALL,1.0,0.024390243902439025,1.0,1,681987
4,batter,0,0,Daniel Schneemann,ALL,,0.0,,0,682177
94,batter,4,4,Francisco Alvarez,ALL,0.75,0.031914893617021274,0.75,3,682626
61,batter,2,2,Angel Martínez,ALL,1.0,0.03278688524590164,1.0,2,682657
92,batter,3,3,Agustín Ramírez,ALL,0.6666666666666666,0.021739130434782608,0.6666666666666666,2,682663
27,batter,1,1,Luisangel Acuña,ALL,1.0,0.037037037037037035,1.0,1,682668
64,batter,3,3,Victor Bericoto,ALL,1.0,0.046875,1.0,3,682674
214,batter,7,7,Elly De La Cruz,ALL,0.5714285714285714,0.018691588785046728,0.5714285714285714,4,682829
65,batter,3,3,Juan Brito,ALL,1.0,0.046153846153846156,1.0,3,682877
58,batter,3,2,Ronny Simon,ALL,0.5,0.017241379310344827,0.3333333333333333,1,682927
96,batter,7,3,CJ Abrams,ALL,1.0,0.03125,0.42857142857142855,3,682928
161,batter,11,10,Riley Greene,ALL,0.5,0.031055900621118012,0.45454545454545453,5,682985
103,batter,6,6,Spencer Jones,ALL,0.5,0.02912621359223301,0.5,3,682987
114,batter,6,6,Corbin Carroll,ALL,0.6666666666666666,0.03508771929824561,0.6666666666666666,4,682998
133,batter,6,6,Gunnar Henderson,ALL,0.5,0.022556390977443608,0.5,3,683002
89,batter,8,8,Anthony Volpe,ALL,0.875,0.07865168539325842,0.875,7,683011
28,batter,1,1,Michael Stefanic,ALL,0.0,0.0,0.0,0,683021
66,batter,2,2,Nasim Nuñez,ALL,1.0,0.030303030303030304,1.0,2,683083
11,batter,2,2,Matthew Lugo,ALL,1.0,0.18181818181818182,1.0,2,683090
98,batter,5,5,Brett Baty,ALL,0.8,0.04081632653061224,0.8,4,683146
10,batter,0,0,Cody Freeman,ALL,,0.0,,0,683227
6,batter,0,0,Owen Caissie,ALL,,0.0,,0,683357
29,batter,2,2,Andrew Vaughn,ALL,1.0,0.06896551724137931,1.0,2,683734
145,batter,11,11,Michael Busch,ALL,0.6363636363636364,0.04827586206896552,0.6363636363636364,7,683737
76,batter,2,0,Victor Mesa Jr.,ALL,,0.0,0.0,0,683748
89,batter,3,3,Christian Koss,ALL,0.6666666666666666,0.02247191011235955,0.6666666666666666,2,683766
121,batter,11,11,Travis Bazzana,ALL,0.7272727272727273,0.06611570247933884,0.7272727272727273,8,683953
123,batter,9,9,Wade Meckler,ALL,0.7777777777777778,0.056910569105691054,0.7777777777777778,7,685133
58,batter,6,6,Sal Frelick,ALL,0.6666666666666666,0.06896551724137931,0.6666666666666666,4,686217
100,batter,7,7,Vinnie Pasquantino,ALL,0.7142857142857143,0.05,0.7142857142857143,5,686469
26,batter,2,2,Tyler Tolbert,ALL,1.0,0.07692307692307693,1.0,2,686475
132,batter,9,8,Dominic Canzone,ALL,0.875,0.05303030303030303,0.7777777777777778,7,686527
111,batter,9,9,Isaac Collins,ALL,0.5555555555555556,0.04504504504504504,0.5555555555555556,5,686555
102,batter,10,9,Dylan Crews,ALL,0.6666666666666666,0.058823529411764705,0.6,6,686611
60,batter,4,4,Brenton Doyle,ALL,0.75,0.05,0.75,3,686668
80,batter,3,2,Michael Massey,ALL,1.0,0.025,0.6666666666666666,2,686681
128,batter,13,13,Nick Sogard,ALL,0.6923076923076923,0.0703125,0.6923076923076923,9,686765
35,batter,6,5,Pedro Pagés,ALL,0.4,0.05714285714285714,0.3333333333333333,2,686780
116,batter,4,4,Brooks Lee,ALL,0.75,0.02586206896551724,0.75,3,686797
119,batter,9,9,Drake Baldwin,ALL,0.5555555555555556,0.04201680672268908,0.5555555555555556,5,686948
132,batter,9,9,Vaughn Grissom,ALL,0.5555555555555556,0.03787878787878788,0.5555555555555556,5,687093
11,batter,1,1,Dalton Rushing,ALL,0.0,0.0,0.0,0,687221
167,batter,16,16,Zach Neto,ALL,0.5,0.04790419161676647,0.5,8,687263
10,batter,0,0,Victor Scott II,ALL,,0.0,,0,687363
92,batter,8,7,Joey Ortiz,ALL,0.7142857142857143,0.05434782608695652,0.625,5,687401
80,batter,7,6,Spencer Horwitz,ALL,0.3333333333333333,0.025,0.2857142857142857,2,687462
37,batter,1,1,Grant McCray,ALL,0.0,0.0,0.0,0,687529
93,batter,9,8,Drew Gilbert,ALL,0.75,0.06451612903225806,0.6666666666666666,6,687551
58,batter,3,3,Jordan Beck,ALL,1.0,0.05172413793103448,1.0,3,687597
8,batter,0,0,Andrew Pinckney,ALL,,0.0,,0,687605
140,batter,14,13,Dylan Beavers,ALL,0.8461538461538461,0.07857142857142857,0.7857142857142857,11,687637
18,batter,0,0,Jase Bowen,ALL,,0.0,,0,687749
47,batter,4,4,Troy Johnston,ALL,0.75,0.06382978723404255,0.75,3,687859
77,batter,9,9,Christian Encarnacion-Strand,ALL,0.7777777777777778,0.09090909090909091,0.7777777777777778,7,687952
120,batter,8,8,Dustin Harris,ALL,0.75,0.05,0.75,6,687957
28,batter,2,2,Graham Pauley,ALL,1.0,0.07142857142857142,1.0,2,688363
94,batter,5,4,Liam Hicks,ALL,1.0,0.0425531914893617,0.8,4,689414
4,batter,0,0,Jace Jung,ALL,,0.0,,0,690291
15,batter,1,1,Braxton Fulford,ALL,1.0,0.06666666666666667,1.0,1,690924
63,batter,5,4,Alex Freeland,ALL,0.5,0.031746031746031744,0.4,2,690976
34,batter,2,2,Petey Halpin,ALL,0.5,0.029411764705882353,0.5,1,690984
50,batter,4,4,Colt Keith,ALL,0.25,0.02,0.25,1,690993
54,batter,4,4,Yohandy Morales,ALL,0.75,0.05555555555555555,0.75,3,691002
4,batter,0,0,Drew Romo,ALL,,0.0,,0,691011
150,batter,9,8,Kyle Teel,ALL,0.75,0.04,0.6666666666666666,6,691019
101,batter,7,7,Jordan Walker,ALL,0.42857142857142855,0.0297029702970297,0.42857142857142855,3,691023
114,batter,12,11,Masyn Winn,ALL,0.8181818181818182,0.07894736842105263,0.75,9,691026
91,batter,8,7,Emmanuel Rodriguez,ALL,0.7142857142857143,0.054945054945054944,0.625,5,691181
106,batter,6,3,Adael Amador,ALL,0.6666666666666666,0.018867924528301886,0.3333333333333333,2,691182
54,batter,0,0,Deyvison De Los Santos,ALL,,0.0,,0,691277
125,batter,13,12,Junior Caminero,ALL,0.8333333333333334,0.08,0.7692307692307693,10,691406
83,batter,8,8,Javier Sanoja,ALL,0.875,0.08433734939759036,0.875,7,691594
127,batter,9,9,Pete Crow-Armstrong,ALL,0.5555555555555556,0.03937007874015748,0.5555555555555556,5,691718
132,batter,14,13,Kyle Karros,ALL,0.6923076923076923,0.06818181818181818,0.6428571428571429,9,691720
158,batter,14,13,Coby Mayo,ALL,0.6153846153846154,0.05063291139240506,0.5714285714285714,8,691723
51,batter,4,4,Zac Veen,ALL,0.5,0.0392156862745098,0.5,2,691728
18,batter,0,0,Max Muncy,ALL,,0.0,,0,691777
85,batter,3,3,Brady House,ALL,0.3333333333333333,0.011764705882352941,0.3333333333333333,1,691781
80,batter,10,10,Jordan Lawlar,ALL,0.8,0.1,0.8,8,691783
49,batter,3,3,Marcelo Mayer,ALL,0.3333333333333333,0.02040816326530612,0.3333333333333333,1,691785
61,batter,5,5,Joe Mack,ALL,1.0,0.08196721311475409,1.0,5,691788
36,batter,2,2,Jared Serna,ALL,1.0,0.05555555555555555,1.0,2,691858
74,batter,3,2,Nick Gonzales,ALL,1.0,0.02702702702702703,0.6666666666666666,2,693304
9,batter,1,1,Aaron Sabato,ALL,1.0,0.1111111111111111,1.0,1,693306
88,batter,8,7,Dillon Dingler,ALL,0.8571428571428571,0.06818181818181818,0.75,6,693307
7,batter,0,0,César Prieto,ALL,,0.0,,0,693409
131,batter,5,5,Jackson Chourio,ALL,1.0,0.03816793893129771,1.0,5,694192
51,batter,5,4,Angel Genao,ALL,0.5,0.0392156862745098,0.4,2,694197
107,batter,6,6,Denzer Guzman,ALL,0.6666666666666666,0.037383177570093455,0.6666666666666666,4,694203
89,batter,2,2,Moisés Ballesteros,ALL,0.5,0.011235955056179775,0.5,1,694208
47,batter,4,4,Samuel Basallo,ALL,0.5,0.0425531914893617,0.5,2,694212
97,batter,7,6,Cole Carrigg,ALL,0.5,0.030927835051546393,0.42857142857142855,3,694249
3,batter,0,0,Tommy Troy,ALL,,0.0,,0,694371
103,batter,6,6,Tim Tawa,ALL,0.8333333333333334,0.04854368932038835,0.8333333333333334,5,694374
91,batter,6,6,Shay Whitcomb,ALL,1.0,0.06593406593406594,1.0,6,694376
28,batter,3,3,Jacob Gonzalez,ALL,1.0,0.10714285714285714,1.0,3,694378
1,batter,1,1,Joey Loperfido,ALL,1.0,1.0,1.0,1,694388
70,batter,6,6,Evan Carter,ALL,0.5,0.04285714285714286,0.5,3,694497
167,batter,13,10,Wyatt Langford,ALL,0.8,0.04790419161676647,0.6153846153846154,8,694671
63,batter,5,5,Abimelec Ortiz,ALL,0.8,0.06349206349206349,0.8,4,694673
10,batter,0,0,Brice Matthews,ALL,,0.0,,0,694728
11,batter,0,0,Billy Cook,ALL,,0.0,,0,695257
100,batter,2,2,Thomas Saggese,ALL,0.5,0.01,0.5,1,695336
84,batter,5,5,Brett Harris,ALL,1.0,0.05952380952380952,1.0,5,695391
22,batter,0,0,Joshua Báez,ALL,,0.0,,0,695491
66,batter,2,1,Jac Caglianone,ALL,0.0,0.0,0.0,0,695506
161,batter,14,12,James Wood,ALL,0.8333333333333334,0.062111801242236024,0.7142857142857143,10,695578
114,batter,5,5,Carter Jensen,ALL,0.4,0.017543859649122806,0.4,2,695600
122,batter,5,5,Colson Montgomery,ALL,1.0,0.040983606557377046,1.0,5,695657
60,batter,7,6,Harry Ford,ALL,0.8333333333333334,0.08333333333333333,0.7142857142857143,5,695670
100,batter,7,5,Christian Moore,ALL,0.6,0.03,0.42857142857142855,3,695681
61,batter,3,3,Tommy White,ALL,0.6666666666666666,0.03278688524590164,0.6666666666666666,2,695720
94,batter,6,3,Braden Montgomery,ALL,0.6666666666666666,0.02127659574468085,0.3333333333333333,2,695731
59,batter,2,1,Daylen Lile,ALL,1.0,0.01694915254237288,0.5,1,695734
15,batter,0,0,Alejandro Osuna,ALL,,0.0,,0,696030
85,batter,6,6,Hunter Goodman,ALL,0.5,0.03529411764705882,0.5,3,696100
69,batter,5,5,Jacob Young,ALL,0.8,0.057971014492753624,0.8,4,696285
11,batter,0,0,Esmerlyn Valdez,ALL,,0.0,,0,699013
140,batter,6,5,Leo Bernal,ALL,0.6,0.02142857142857143,0.5,3,699024
66,batter,0,0,Carlos Jorge,ALL,,0.0,,0,699115
73,batter,4,4,Héctor Rodríguez,ALL,0.75,0.0410958904109589,0.75,3,699302
95,batter,5,4,Pedro Ramírez,ALL,0.75,0.031578947368421054,0.6,3,699393
34,batter,0,0,Jose Fernandez,ALL,,0.0,,0,699912
177,batter,13,13,Ben Rice,ALL,0.6923076923076923,0.05084745762711865,0.6923076923076923,9,700250
7,batter,0,0,Edgar Quero,ALL,,0.0,,0,700337
45,batter,0,0,Ben Malgeri,ALL,,0.0,,0,701162
118,batter,4,4,Roman Anthony,ALL,0.75,0.025423728813559324,0.75,3,701350
137,batter,8,7,Cam Smith,ALL,0.8571428571428571,0.043795620437956206,0.75,6,701358
116,batter,9,9,Sal Stewart,ALL,0.5555555555555556,0.04310344827586207,0.5555555555555556,5,701398
88,batter,2,2,Jackson Merrill,ALL,0.5,0.011363636363636364,0.5,1,701538
111,batter,6,4,Nathan Church,ALL,0.5,0.018018018018018018,0.3333333333333333,2,701675
148,batter,10,7,Hao-Yu Lee,ALL,0.8571428571428571,0.04054054054054054,0.6,6,701678
24,batter,1,1,Kaelen Culpepper,ALL,1.0,0.041666666666666664,1.0,1,701785
158,batter,12,11,Carson Benge,ALL,0.9090909090909091,0.06329113924050633,0.8333333333333334,10,701807
72,batter,6,5,Drew Cavanaugh,ALL,0.6,0.041666666666666664,0.5,3,701852
38,batter,2,2,Alan Roden,ALL,1.0,0.05263157894736842,1.0,2,702176
67,batter,9,8,Justin Crawford,ALL,0.875,0.1044776119402985,0.7777777777777778,7,702222
107,batter,7,5,Cole Young,ALL,0.8,0.037383177570093455,0.5714285714285714,4,702284
105,batter,6,6,Caleb Durbin,ALL,0.5,0.02857142857142857,0.5,3,702332
27,batter,0,0,Jackson Holliday,ALL,,0.0,,0,702616
98,batter,8,8,Lazaro Montes,ALL,0.875,0.07142857142857142,0.875,7,703155
51,batter,4,3,Michael Arroyo,ALL,0.6666666666666666,0.0392156862745098,0.5,2,703197
43,batter,4,4,Nick Morabito,ALL,0.75,0.06976744186046512,0.75,3,703492
136,batter,12,12,Brett Bateman,ALL,0.5,0.04411764705882353,0.5,6,703520
145,batter,15,12,Max Clark,ALL,0.6666666666666666,0.05517241379310345,0.5333333333333333,8,703601
111,batter,8,8,Henry Bolte,ALL,0.875,0.06306306306306306,0.875,7,703607
121,batter,6,5,Chase DeLauter,ALL,0.4,0.01652892561983471,0.3333333333333333,2,800050
82,batter,6,6,Luis Lara,ALL,1.0,0.07317073170731707,1.0,6,800325
107,batter,6,5,Josue De Paula,ALL,0.4,0.018691588785046728,0.3333333333333333,2,800543
22,batter,0,0,Brock Rodden,ALL,,0.0,,0,801126
13,batter,0,0,Nate Furman,ALL,,0.0,,0,801501
66,batter,5,5,JJ Wetherholt,ALL,0.6,0.045454545454545456,0.6,3,802139
56,batter,6,6,Chandler Simpson,ALL,0.8333333333333334,0.08928571428571429,0.8333333333333334,5,802415
82,batter,3,3,Sam Antonacci,ALL,0.6666666666666666,0.024390243902439025,0.6666666666666666,2,803011
121,batter,11,10,Konnor Griffin,ALL,0.6,0.049586776859504134,0.5454545454545454,6,804606
99,batter,3,3,Rafael Flores Jr.,ALL,0.6666666666666666,0.020202020202020204,0.6666666666666666,2,804668
106,batter,8,7,Jakob Marsee,ALL,0.42857142857142855,0.02830188679245283,0.375,3,805300
39,batter,1,1,Ben Ross,ALL,1.0,0.02564102564102564,1.0,1,805346
129,batter,12,11,Chase Meidroth,ALL,0.7272727272727273,0.06201550387596899,0.6666666666666666,8,805367
91,batter,6,3,Walker Jenkins,ALL,0.6666666666666666,0.02197802197802198,0.3333333333333333,2,805805
168,batter,11,10,Kevin McGonigle,ALL,0.6,0.03571428571428571,0.5454545454545454,6,805808
66,batter,1,1,Bryce Eldridge,ALL,1.0,0.015151515151515152,1.0,1,805811
124,batter,6,5,A.J. Ewing,ALL,0.6,0.024193548387096774,0.5,3,805999
102,batter,8,5,George Lombard Jr.,ALL,0.8,0.0392156862745098,0.5,4,806146
87,batter,7,7,Cooper Pratt,ALL,0.42857142857142855,0.034482758620689655,0.42857142857142855,3,806198
111,batter,10,9,Turner Hill,ALL,1.0,0.08108108108108109,0.9,9,806367
54,batter,5,4,Ethan Salas,ALL,0.75,0.05555555555555555,0.6,3,806956
140,batter,7,6,Luke Keaschall,ALL,0.5,0.02142857142857143,0.42857142857142855,3,807712
48,batter,3,3,Matt Shaw,ALL,1.0,0.0625,1.0,3,807713
85,batter,6,6,John Peck,ALL,0.6666666666666666,0.047058823529411764,0.6666666666666666,4,807726
41,batter,3,3,Charles McAdoo,ALL,1.0,0.07317073170731707,1.0,3,807727
163,batter,10,7,Munetaka Murakami,ALL,0.5714285714285714,0.024539877300613498,0.4,4,808959
77,batter,3,3,Jung Hoo Lee,ALL,0.6666666666666666,0.025974025974025976,0.6666666666666666,2,808982
35,batter,5,5,Ben Williamson,ALL,1.0,0.14285714285714285,1.0,5,810938
16,batter,2,2,Joshua Kuroda-Grauer,ALL,0.5,0.0625,0.5,1,811965
120,batter,3,2,Jonah Cox,ALL,0.5,0.008333333333333333,0.3333333333333333,1,813841
61,batter,5,5,Scott Bandura,ALL,0.6,0.04918032786885246,0.6,3,814154
50,batter,3,2,Brett Callahan,ALL,1.0,0.04,0.6666666666666666,2,814430
31,batter,2,1,Ryan Waldschmidt,ALL,0.0,0.0,0.0,0,814439
36,batter,1,0,Bo Davidson,ALL,,0.0,0.0,0,815589
32,batter,6,6,Sean Keys,ALL,1.0,0.1875,1.0,6,815873
31,batter,0,0,Sung-Mun Song,ALL,,0.0,,0,823550
55,batter,4,3,Lucas Spence,ALL,0.6666666666666666,0.03636363636363636,0.5,2,828599
216,catcher,14,14,Travis d'Arnaud,ALL,1.0,0.06481481481481481,1.0,14,518595
321,catcher,21,21,James McCann,ALL,0.7142857142857143,0.04672897196261682,0.7142857142857143,15,543510
195,catcher,14,14,Christian Vázquez,ALL,0.6428571428571429,0.046153846153846156,0.6428571428571429,9,543877
268,catcher,24,23,Elias Díaz,ALL,0.7391304347826086,0.06343283582089553,0.7083333333333334,17,553869
178,catcher,13,13,Luke Maile,ALL,0.8461538461538461,0.06179775280898876,0.8461538461538461,11,571912
1027,catcher,80,72,J.T. Realmuto,ALL,0.6944444444444444,0.04868549172346641,0.625,50,592663
436,catcher,28,27,Austin Hedges,ALL,0.5925925925925926,0.03669724770642202,0.5714285714285714,16,595978
87,catcher,5,1,Garrett Stubbs,ALL,1.0,0.011494252873563218,0.2,1,596117
284,catcher,14,14,Gary Sánchez,ALL,0.6428571428571429,0.03169014084507042,0.6428571428571429,9,596142
466,catcher,28,23,Victor Caratini,ALL,0.5652173913043478,0.027896995708154508,0.4642857142857143,13,605170
669,catcher,41,40,Carson Kelly,ALL,0.775,0.04633781763826607,0.7560975609756098,31,608348
463,catcher,37,37,Luis Torrens,ALL,0.7837837837837838,0.06263498920086392,0.7837837837837838,29,620443
392,catcher,31,21,Tyler Heineman,ALL,0.6666666666666666,0.03571428571428571,0.45161290322580644,14,623168
368,catcher,36,33,Jose Trevino,ALL,0.9393939393939394,0.08423913043478261,0.8611111111111112,31,624431
182,catcher,10,10,Brian Navarreto,ALL,0.8,0.04395604395604396,0.8,8,640459
220,catcher,14,14,Jhonny Pereda,ALL,0.7142857142857143,0.045454545454545456,0.7142857142857143,10,640902
834,catcher,45,41,Jonah Heim,ALL,0.7073170731707317,0.03477218225419664,0.6444444444444445,29,641680
837,catcher,49,47,Danny Jansen,ALL,0.7659574468085106,0.043010752688172046,0.7346938775510204,36,643376
361,catcher,28,27,Ali Sánchez,ALL,0.7777777777777778,0.05817174515235457,0.75,21,645305
309,catcher,18,18,Yohel Pozo,ALL,0.7222222222222222,0.042071197411003236,0.7222222222222222,13,650968
268,catcher,15,13,Connor Wong,ALL,0.6153846153846154,0.029850746268656716,0.5333333333333333,8,657136
672,catcher,40,38,Keibert Ruiz,ALL,0.7894736842105263,0.044642857142857144,0.75,30,660688
735,catcher,48,44,William Contreras,ALL,0.5454545454545454,0.0326530612244898,0.5,24,661388
389,catcher,25,22,Brian Serven,ALL,0.8636363636363636,0.04884318766066838,0.76,19,661531
874,catcher,52,50,Cal Raleigh,ALL,0.6,0.034324942791762014,0.5769230769230769,30,663728
523,catcher,34,24,Nick Fortes,ALL,0.75,0.03441682600382409,0.5294117647058824,18,663743
583,catcher,37,36,Tyler Stephenson,ALL,0.7777777777777778,0.048027444253859346,0.7567567567567568,28,663886
499,catcher,21,21,Brett Sullivan,ALL,0.7142857142857143,0.03006012024048096,0.7142857142857143,15,664954
6,catcher,0,0,Rafael Marchán,ALL,,0.0,,0,665561
422,catcher,25,25,Miguel Amaya,ALL,0.72,0.04265402843601896,0.72,18,665804
343,catcher,24,22,Carlos Narváez,ALL,0.8181818181818182,0.052478134110787174,0.75,18,665966
431,catcher,23,21,Freddy Fermin,ALL,0.9047619047619048,0.04408352668213457,0.8260869565217391,19,666023
88,catcher,8,8,Bo Naylor,ALL,0.5,0.045454545454545456,0.5,4,666310
213,catcher,16,16,Jake Rogers,ALL,0.8125,0.06103286384976526,0.8125,13,668670
756,catcher,53,50,Andrew Knizner,ALL,0.7,0.046296296296296294,0.660377358490566,35,668800
740,catcher,53,52,Adley Rutschman,ALL,0.6730769230769231,0.0472972972972973,0.660377358490566,35,668939
367,catcher,23,23,Luis Campusano,ALL,0.7391304347826086,0.04632152588555858,0.7391304347826086,17,669134
684,catcher,32,32,Sean Murphy,ALL,0.65625,0.03070175438596491,0.65625,21,669221
870,catcher,60,60,Austin Wells,ALL,0.75,0.05172413793103448,0.75,45,669224
675,catcher,31,30,Will Smith,ALL,0.8666666666666667,0.03851851851851852,0.8387096774193549,26,669257
139,catcher,6,6,Iván Herrera,ALL,0.5,0.02158273381294964,0.5,3,671056
613,catcher,36,35,Patrick Bailey,ALL,0.6,0.03425774877650897,0.5833333333333334,21,672275
785,catcher,47,45,Alejandro Kirk,ALL,0.7555555555555555,0.04331210191082802,0.723404255319149,34,672386
759,catcher,46,44,Gabriel Moreno,ALL,0.7954545454545454,0.0461133069828722,0.7608695652173914,35,672515
892,catcher,62,52,Yainer Diaz,ALL,0.7115384615384616,0.04147982062780269,0.5967741935483871,37,673237
433,catcher,24,19,Hunter Feduccia,ALL,0.7368421052631579,0.03233256351039261,0.5833333333333334,14,676439
366,catcher,23,21,Will Banfield,ALL,0.7619047619047619,0.04371584699453552,0.6956521739130435,16,677943
403,catcher,36,36,Brandon Valenzuela,ALL,0.7222222222222222,0.06451612903225806,0.7222222222222222,26,678218
455,catcher,33,24,Eduardo Valencia,ALL,0.75,0.03956043956043956,0.5454545454545454,18,680664
8,catcher,0,0,Adrian Del Castillo,ALL,,0.0,,0,680728
787,catcher,55,50,Ryan Jeffers,ALL,0.64,0.04066073697585769,0.5818181818181818,32,680777
545,catcher,35,28,Henry Davis,ALL,0.5357142857142857,0.027522935779816515,0.42857142857142855,15,680779
6,catcher,0,0,Logan O'Hoppe,ALL,,0.0,,0,681351
44,catcher,4,4,Mickey Gasper,ALL,1.0,0.09090909090909091,1.0,4,681508
73,catcher,3,3,David Fry,ALL,0.6666666666666666,0.0273972602739726,0.6666666666666666,2,681807
658,catcher,49,41,Francisco Alvarez,ALL,0.8048780487804879,0.05015197568389058,0.673469387755102,33,682626
310,catcher,23,17,Agustín Ramírez,ALL,0.7058823529411765,0.03870967741935484,0.5217391304347826,12,682663
303,catcher,20,20,Pedro Pagés,ALL,0.85,0.056105610561056105,0.85,17,686780
395,catcher,23,23,Drake Baldwin,ALL,0.7391304347826086,0.043037974683544304,0.7391304347826086,17,686948
589,catcher,36,33,Liam Hicks,ALL,0.7878787878787878,0.044142614601018676,0.7222222222222222,26,689414
95,catcher,8,8,Braxton Fulford,ALL,0.75,0.06315789473684211,0.75,6,690924
57,catcher,2,2,Drew Romo,ALL,1.0,0.03508771929824561,1.0,2,691011
961,catcher,72,55,Kyle Teel,ALL,0.6,0.03433922996878252,0.4583333333333333,33,691019
715,catcher,41,40,Joe Mack,ALL,0.575,0.032167832167832165,0.5609756097560976,23,691788
737,catcher,46,37,Dillon Dingler,ALL,0.7837837837837838,0.03934871099050204,0.6304347826086957,29,693307
629,catcher,45,41,Moisés Ballesteros,ALL,0.7073170731707317,0.046104928457869634,0.6444444444444445,29,694208
417,catcher,43,39,Samuel Basallo,ALL,0.7948717948717948,0.07434052757793765,0.7209302325581395,31,694212
999,catcher,77,73,Carter Jensen,ALL,0.7945205479452054,0.05805805805805806,0.7532467532467533,58,695600
480,catcher,25,19,Harry Ford,ALL,0.5789473684210527,0.022916666666666665,0.44,11,695670
623,catcher,41,40,Hunter Goodman,ALL,0.75,0.048154093097913325,0.7317073170731707,30,696100
798,catcher,43,35,Leo Bernal,ALL,0.6571428571428571,0.02882205513784461,0.5348837209302325,23,699024
15,catcher,2,2,Kenny Piper,ALL,1.0,0.13333333333333333,1.0,2,700652
427,catcher,28,28,Drew Cavanaugh,ALL,0.7857142857142857,0.05152224824355972,0.7857142857142857,22,701852
630,catcher,35,34,Rafael Flores Jr.,ALL,0.7058823529411765,0.0380952380952381,0.6857142857142857,24,804668
470,catcher,30,28,Ethan Salas,ALL,0.6785714285714286,0.04042553191489362,0.6333333333333333,19,806956
3018,challenges_remaining,187,0,,ALL,,0.0,0.0,0,0
9807,challenges_remaining,629,629,,ALL,0.7710651828298887,0.049454471296013054,0.7710651828298887,485,1
22042,challenges_remaining,1453,1450,,ALL,0.7027586206896552,0.04622992468922965,0.7013076393668273,1019,2
11602,count,902,825,,ALL,0.8024242424242424,0.05705912773659714,0.7339246119733924,662,0-0
4355,count,255,240,,ALL,0.7083333333333334,0.03903559127439724,0.6666666666666666,170,0-1
2253,count,56,54,,ALL,0.5370370370370371,0.01287172658677319,0.5178571428571429,29,0-2
3707,count,290,265,,ALL,0.8150943396226416,0.058268141354194766,0.7448275862068966,216,1-0
2928,count,181,160,,ALL,0.69375,0.03790983606557377,0.6132596685082873,111,1-1
2833,count,98,90,,ALL,0.5666666666666667,0.018002117896223083,0.5204081632653061,51,1-2
1349,count,112,104,,ALL,0.8461538461538461,0.06523350630096368,0.7857142857142857,88,2-0
1425,count,104,95,,ALL,0.631578947368421,0.042105263157894736,0.5769230769230769,60,2-1
2007,count,91,81,,ALL,0.4074074074074074,0.016442451420029897,0.3626373626373626,33,2-2
663,count,58,53,,ALL,0.7547169811320755,0.06033182503770739,0.6896551724137931,40,3-0
695,count,60,55,,ALL,0.5818181818181818,0.0460431654676259,0.5333333333333333,32,3-1
1050,count,62,57,,ALL,0.21052631578947367,0.011428571428571429,0.1935483870967742,12,3-2
4197,inning,293,293,,ALL,0.7406143344709898,0.051703597807958065,0.7406143344709898,217,1
211,inning,16,15,,ALL,0.4666666666666667,0.03317535545023697,0.4375,7,10
117,inning,8,6,,ALL,0.6666666666666666,0.03418803418803419,0.5,4,11
29,inning,2,2,,ALL,0.0,0.0,0.0,0,12
9,inning,1,1,,ALL,1.0,0.1111111111111111,1.0,1,13
3899,inning,259,258,,ALL,0.7441860465116279,0.04924339574249808,0.7413127413127413,192,2
3985,inning,263,259,,ALL,0.7258687258687259,0.047176913425345045,0.714828897338403,188,3
3839,inning,247,239,,ALL,0.7573221757322176,0.04714769471216462,0.7327935222672065,181,4
3889,inning,265,251,,ALL,0.7450199203187251,0.04808434044741579,0.7056603773584905,187,5
3826,inning,248,223,,ALL,0.695067264573991,0.04051228437009932,0.625,155,6
4056,inning,234,198,,ALL,0.702020202020202,0.034270216962524656,0.594017094017094,139,7
3945,inning,242,186,,ALL,0.7473118279569892,0.03523447401774398,0.5743801652892562,139,8
2865,inning,191,148,,ALL,0.6351351351351351,0.03280977312390925,0.49214659685863876,94,9
11796,outs,792,739,,ALL,0.7469553450608931,0.04679552390640895,0.696969696969697,552,0
11727,outs,749,681,,ALL,0.7224669603524229,0.04195446405730366,0.6568758344459279,492,1
11344,outs,728,659,,ALL,0.6980273141122914,0.04055007052186178,0.6318681318681318,460,2
3701,pitch_type,171,163,,ALL,0.6809815950920245,0.029991894082680357,0.6491228070175439,111,CH
3,pitch_type,0,0,,ALL,,0.0,,0,CS
2722,pitch_type,163,148,,ALL,0.75,0.040778839088905214,0.6809815950920245,111,CU
4,pitch_type,0,0,,ALL,,0.0,,0,EP
18,pitch_type,3,0,,ALL,,0.0,0.0,0,FA
2837,pitch_type,231,209,,ALL,0.7320574162679426,0.053930207966161436,0.6623376623376623,153,FC
10805,pitch_type,735,679,,ALL,0.7231222385861561,0.045441925034706156,0.6680272108843538,491,FF
22,pitch_type,1,1,,ALL,1.0,0.045454545454545456,1.0,1,FO
1074,pitch_type,41,35,,ALL,0.7142857142857143,0.023277467411545624,0.6097560975609756,25,FS
457,pitch_type,22,21,,ALL,0.8095238095238095,0.037199124726477024,0.7727272727272727,17,KC
2,pitch_type,0,0,,ALL,,0.0,,0,KN
5,pitch_type,0,0,,ALL,,0.0,,0,PO
5881,pitch_type,513,465,,ALL,0.7247311827956989,0.05730317973133821,0.6569200779727096,337,SI
4224,pitch_type,229,210,,ALL,0.7285714285714285,0.03622159090909091,0.6681222707423581,153,SL
2907,pitch_type,155,143,,ALL,0.6993006993006993,0.03439972480220158,0.6451612903225806,100,ST
190,pitch_type,5,5,,ALL,1.0,0.02631578947368421,1.0,5,SV
15,pitch_type,0,0,,ALL,,0.0,,0,UNKNOWN
44,pitcher,3,2,Justin Verlander,ALL,1.0,0.045454545454545456,0.6666666666666666,2,434378
36,pitcher,1,0,Kenley Jansen,ALL,,0.0,0.0,0,445276
179,pitcher,18,18,Max Scherzer,ALL,0.6666666666666666,0.0670391061452514,0.6666666666666666,12,453286
21,pitcher,2,2,Kirby Yates,ALL,1.0,0.09523809523809523,1.0,2,489446
69,pitcher,4,4,Jose Quintana,ALL,0.75,0.043478260869565216,0.75,3,500779
121,pitcher,11,11,Merrill Kelly,ALL,0.7272727272727273,0.06611570247933884,0.7272727272727273,8,518876
22,pitcher,1,1,Craig Kimbrel,ALL,1.0,0.045454545454545456,1.0,1,518886
90,pitcher,6,6,Chris Sale,ALL,0.8333333333333334,0.05555555555555555,0.8333333333333334,5,519242
103,pitcher,3,3,Martín Pérez,ALL,1.0,0.02912621359223301,1.0,3,527048
15,pitcher,0,0,Alexander Cornielle,ALL,,0.0,,0,529017
13,pitcher,0,0,Shawn Armstrong,ALL,,0.0,,0,542888
145,pitcher,13,13,Gerrit Cole,ALL,0.7692307692307693,0.06896551724137931,0.7692307692307693,10,543037
108,pitcher,6,6,Nathan Eovaldi,ALL,0.5,0.027777777777777776,0.5,3,543135
51,pitcher,5,4,Anthony Gose,ALL,0.5,0.0392156862745098,0.4,2,543238
130,pitcher,4,4,Sonny Gray,ALL,1.0,0.03076923076923077,1.0,4,543243
26,pitcher,2,2,Albert Suárez,ALL,1.0,0.07692307692307693,1.0,2,544150
41,pitcher,2,2,Michael Lorenzen,ALL,1.0,0.04878048780487805,1.0,2,547179
31,pitcher,5,5,Aroldis Chapman,ALL,0.6,0.0967741935483871,0.6,3,547973
36,pitcher,4,2,Brooks Raley,ALL,1.0,0.05555555555555555,0.5,2,548384
28,pitcher,3,2,Andrew Kittredge,ALL,0.5,0.03571428571428571,0.3333333333333333,1,552640
125,pitcher,7,7,Zack Wheeler,ALL,0.5714285714285714,0.032,0.5714285714285714,4,554430
116,pitcher,5,5,Matthew Boyd,ALL,1.0,0.04310344827586207,1.0,5,571510
19,pitcher,1,0,Derek Law,ALL,,0.0,0.0,0,571882
52,pitcher,6,3,Steven Matz,ALL,0.6666666666666666,0.038461538461538464,0.3333333333333333,2,571927
32,pitcher,4,4,Hoby Milner,ALL,0.5,0.0625,0.5,2,571948
56,pitcher,6,4,Pierce Johnson,ALL,0.75,0.05357142857142857,0.5,3,572955
32,pitcher,2,2,Joe Mantiply,ALL,1.0,0.0625,1.0,2,573009
68,pitcher,5,4,Taylor Rogers,ALL,0.75,0.04411764705882353,0.6,3,573124
24,pitcher,2,2,Caleb Thielbar,ALL,1.0,0.08333333333333333,1.0,2,573204
190,pitcher,9,9,Yusei Kikuchi,ALL,0.8888888888888888,0.042105263157894736,0.8888888888888888,8,579328
20,pitcher,0,0,Jason Adam,ALL,,0.0,,0,592094
25,pitcher,3,3,Cam Booser,ALL,0.6666666666666666,0.08,0.6666666666666666,2,592155
83,pitcher,6,6,Kevin Gausman,ALL,0.6666666666666666,0.04819277108433735,0.6666666666666666,4,592332
147,pitcher,8,8,Robbie Ray,ALL,0.875,0.047619047619047616,0.875,7,592662
47,pitcher,4,2,Ryne Stanek,ALL,0.5,0.02127659574468085,0.25,1,592773
40,pitcher,3,3,Brock Stewart,ALL,1.0,0.075,1.0,3,592779
47,pitcher,3,3,Trevor Williams,ALL,1.0,0.06382978723404255,1.0,3,592866
129,pitcher,12,12,Eduardo Rodriguez,ALL,0.75,0.06976744186046512,0.75,9,593958
54,pitcher,2,2,Wandy Peralta,ALL,1.0,0.037037037037037035,1.0,2,593974
12,pitcher,0,0,Tyron Guerrero,ALL,,0.0,,0,594027
127,pitcher,3,3,Jacob deGrom,ALL,1.0,0.023622047244094488,1.0,3,594798
46,pitcher,2,2,Blake Treinen,ALL,1.0,0.043478260869565216,1.0,2,595014
63,pitcher,6,5,Jakob Junis,ALL,0.6,0.047619047619047616,0.5,3,596001
3,pitcher,0,0,Garrett Stubbs,ALL,,0.0,,0,596117
36,pitcher,1,1,Luke Weaver,ALL,1.0,0.027777777777777776,1.0,1,596133
119,pitcher,9,9,Nick Pivetta,ALL,0.6666666666666666,0.05042016806722689,0.6666666666666666,6,601713
143,pitcher,17,17,Chris Bassitt,ALL,0.8823529411764706,0.1048951048951049,0.8823529411764706,15,605135
51,pitcher,4,4,Michael Fulmer,ALL,0.5,0.0392156862745098,0.5,2,605242
162,pitcher,11,11,Clay Holmes,ALL,0.6363636363636364,0.043209876543209874,0.6363636363636364,7,605280
150,pitcher,14,14,Aaron Nola,ALL,0.8571428571428571,0.08,0.8571428571428571,12,605400
60,pitcher,2,2,Jordan Romano,ALL,1.0,0.03333333333333333,1.0,2,605447
101,pitcher,5,5,Blake Snell,ALL,0.6,0.0297029702970297,0.6,3,605483
129,pitcher,5,5,Jeffrey Springs,ALL,0.6,0.023255813953488372,0.6,3,605488
47,pitcher,0,0,Kyle Hart,ALL,,0.0,,0,606996
15,pitcher,0,0,Colin Rea,ALL,,0.0,,0,607067
153,pitcher,6,6,Carlos Rodón,ALL,0.6666666666666666,0.026143790849673203,0.6666666666666666,4,607074
166,pitcher,10,10,Tyler Glasnow,ALL,0.8,0.04819277108433735,0.8,8,607192
94,pitcher,7,7,Erick Fedde,ALL,0.8571428571428571,0.06382978723404255,0.8571428571428571,6,607200
99,pitcher,5,4,Nick Martinez,ALL,0.75,0.030303030303030304,0.6,3,607259
83,pitcher,2,2,Kyle Freeland,ALL,1.0,0.024096385542168676,1.0,2,607536
139,pitcher,9,9,Seth Lugo,ALL,0.7777777777777778,0.050359712230215826,0.7777777777777778,7,607625
99,pitcher,11,11,Max Fried,ALL,0.8181818181818182,0.09090909090909091,0.8181818181818182,9,608331
118,pitcher,7,7,Tomoyuki Sugano,ALL,0.5714285714285714,0.03389830508474576,0.5714285714285714,4,608372
144,pitcher,10,10,Michael Wacha,ALL,1.0,0.06944444444444445,1.0,10,608379
45,pitcher,5,5,Brent Suter,ALL,1.0,0.1111111111111111,1.0,5,608718
43,pitcher,5,5,Cal Quantrill,ALL,0.6,0.06976744186046512,0.6,3,615698
61,pitcher,3,3,Jose Cuas,ALL,0.6666666666666666,0.03278688524590164,0.6666666666666666,2,621016
63,pitcher,4,4,Michael Rucker,ALL,0.75,0.047619047619047616,0.75,3,621074
67,pitcher,6,4,Jacob Waguespack,ALL,1.0,0.05970149253731343,0.6666666666666666,4,621097
140,pitcher,6,6,Walker Buehler,ALL,0.6666666666666666,0.02857142857142857,0.6666666666666666,4,621111
60,pitcher,4,4,Paul Blackburn,ALL,1.0,0.06666666666666667,1.0,4,621112
67,pitcher,4,3,José Alvarado,ALL,0.3333333333333333,0.014925373134328358,0.25,1,621237
45,pitcher,4,2,Edwin Díaz,ALL,1.0,0.044444444444444446,0.5,2,621242
58,pitcher,5,4,A.J. Minter,ALL,0.75,0.05172413793103448,0.6,3,621345
64,pitcher,4,4,Tanner Banks,ALL,0.5,0.03125,0.5,2,621383
51,pitcher,5,5,Tejay Antone,ALL,0.8,0.0784313725490196,0.8,4,622088
51,pitcher,1,0,Luis Castillo,ALL,,0.0,0.0,0,622491
60,pitcher,3,3,Seranthony Domínguez,ALL,1.0,0.05,1.0,3,622554
41,pitcher,3,3,Antonio Senzatela,ALL,0.3333333333333333,0.024390243902439025,0.3333333333333333,1,622608
6,pitcher,0,0,Elieser Hernández,ALL,,0.0,,0,622694
40,pitcher,3,3,Paul Sewald,ALL,1.0,0.075,1.0,3,623149
27,pitcher,1,0,Huascar Brazobán,ALL,,0.0,0.0,0,623211
33,pitcher,2,2,Josh Hader,ALL,1.0,0.06060606060606061,1.0,2,623352
82,pitcher,6,6,Drew Anderson,ALL,0.8333333333333334,0.06097560975609756,0.8333333333333334,5,623454
39,pitcher,4,4,Evan Phillips,ALL,1.0,0.10256410256410256,1.0,4,623465
57,pitcher,5,5,Jimmy Herget,ALL,0.6,0.05263157894736842,0.6,3,623474
162,pitcher,13,13,Ranger Suarez,ALL,0.6923076923076923,0.05555555555555555,0.6923076923076923,9,624133
6,pitcher,0,0,Jose Trevino,ALL,,0.0,,0,624431
37,pitcher,3,3,Reynaldo López,ALL,0.3333333333333333,0.02702702702702703,0.3333333333333333,1,625643
35,pitcher,1,1,Raisel Iglesias,ALL,1.0,0.02857142857142857,1.0,1,628452
22,pitcher,1,1,Kyle Finnegan,ALL,1.0,0.045454545454545456,1.0,1,640448
127,pitcher,12,12,Sean Manaea,ALL,0.8333333333333334,0.07874015748031496,0.8333333333333334,10,640455
82,pitcher,5,5,Tyler Alexander,ALL,0.4,0.024390243902439025,0.4,2,641302
49,pitcher,3,3,Bryan Baker,ALL,0.6666666666666666,0.04081632653061224,0.6666666666666666,2,641329
6,pitcher,0,0,Connor Brogdon,ALL,,0.0,,0,641401
137,pitcher,9,9,Anthony Kay,ALL,0.7777777777777778,0.051094890510948905,0.7777777777777778,7,641743
45,pitcher,7,5,Tyler Kinley,ALL,0.8,0.08888888888888889,0.5714285714285714,4,641755
164,pitcher,7,7,Tyler Mahle,ALL,0.5714285714285714,0.024390243902439025,0.5714285714285714,4,641816
59,pitcher,3,3,Tim Mayza,ALL,0.6666666666666666,0.03389830508474576,0.6666666666666666,2,641835
105,pitcher,8,7,Bailey Ober,ALL,0.2857142857142857,0.01904761904761905,0.25,2,641927
47,pitcher,2,0,Emilio Pagán,ALL,,0.0,0.0,0,641941
36,pitcher,1,0,Tayler Saucedo,ALL,,0.0,0.0,0,642048
38,pitcher,5,5,Gabe Speier,ALL,0.8,0.10526315789473684,0.8,4,642100
60,pitcher,4,3,Cole Sulser,ALL,1.0,0.05,0.75,3,642121
14,pitcher,0,0,Devin Williams,ALL,,0.0,,0,642207
69,pitcher,4,4,Ryan Yarbrough,ALL,0.5,0.028985507246376812,0.5,2,642232
66,pitcher,5,4,Jefry Yan,ALL,1.0,0.06060606060606061,0.8,4,642376
77,pitcher,7,7,Gregory Soto,ALL,0.5714285714285714,0.05194805194805195,0.5714285714285714,4,642397
46,pitcher,4,4,Jonathan Loáisiga,ALL,0.75,0.06521739130434782,0.75,3,642528
137,pitcher,7,7,Freddy Peralta,ALL,0.5714285714285714,0.029197080291970802,0.5714285714285714,4,642547
16,pitcher,2,2,Félix Bautista,ALL,1.0,0.125,1.0,2,642585
49,pitcher,3,3,Dennis Santana,ALL,1.0,0.061224489795918366,1.0,3,642701
105,pitcher,8,8,Griffin Jax,ALL,0.875,0.06666666666666667,0.875,7,643377
31,pitcher,5,5,Tyler Rogers,ALL,1.0,0.16129032258064516,1.0,5,643511
112,pitcher,6,6,Sandy Alcantara,ALL,0.8333333333333334,0.044642857142857144,0.8333333333333334,5,645261
125,pitcher,3,3,Michael Soroka,ALL,1.0,0.024,1.0,3,647336
28,pitcher,2,2,Bryan Abreu,ALL,1.0,0.07142857142857142,1.0,2,650556
149,pitcher,13,13,Michael King,ALL,0.8461538461538461,0.0738255033557047,0.8461538461538461,11,650633
86,pitcher,4,3,Aaron Civale,ALL,1.0,0.03488372093023256,0.75,3,650644
145,pitcher,8,8,Cristopher Sánchez,ALL,0.75,0.041379310344827586,0.75,6,650911
5,pitcher,0,0,Daniel Duarte,ALL,,0.0,,0,650960
31,pitcher,3,3,Manuel Rodríguez,ALL,0.6666666666666666,0.06451612903225806,0.6666666666666666,2,655889
65,pitcher,7,7,Scott Blewett,ALL,0.5714285714285714,0.06153846153846154,0.5714285714285714,4,656240
38,pitcher,2,2,Brock Burke,ALL,0.5,0.02631578947368421,0.5,1,656271
75,pitcher,3,2,Griffin Canning,ALL,0.5,0.013333333333333334,0.3333333333333333,1,656288
99,pitcher,6,6,Dylan Cease,ALL,0.6666666666666666,0.04040404040404041,0.6666666666666666,4,656302
10,pitcher,0,0,Jack Flaherty,ALL,,0.0,,0,656427
67,pitcher,5,5,Kevin Ginkel,ALL,0.6,0.04477611940298507,0.6,3,656464
89,pitcher,7,7,Foster Griffin,ALL,0.5714285714285714,0.0449438202247191,0.5714285714285714,4,656492
42,pitcher,2,2,Sam Hentges,ALL,0.5,0.023809523809523808,0.5,1,656529
56,pitcher,0,0,Jeff Hoffman,ALL,,0.0,,0,656546
110,pitcher,2,2,Grant Holmes,ALL,0.0,0.0,0.0,0,656550
26,pitcher,1,1,Tanner Houck,ALL,1.0,0.038461538461538464,1.0,1,656557
61,pitcher,6,6,Alex Lange,ALL,1.0,0.09836065573770492,1.0,6,656638
50,pitcher,4,4,Jacob Latz,ALL,1.0,0.08,1.0,4,656641
28,pitcher,2,1,Trevor Megill,ALL,1.0,0.03571428571428571,0.5,1,656730
80,pitcher,5,4,Jordan Montgomery,ALL,1.0,0.05,0.8,4,656756
78,pitcher,4,4,Sean Newcomb,ALL,0.5,0.02564102564102564,0.5,2,656794
66,pitcher,2,1,Michael Petersen,ALL,0.0,0.0,0.0,0,656848
133,pitcher,12,12,David Peterson,ALL,0.8333333333333334,0.07518796992481203,0.8333333333333334,10,656849
148,pitcher,11,11,Drew Rasmussen,ALL,0.9090909090909091,0.06756756756756757,0.9090909090909091,10,656876
41,pitcher,1,1,Tanner Scott,ALL,1.0,0.024390243902439025,1.0,1,656945
50,pitcher,1,1,Bennett Sousa,ALL,0.0,0.0,0.0,0,656986
47,pitcher,2,2,Jacob Webb,ALL,0.5,0.02127659574468085,0.5,1,657097
45,pitcher,2,2,Logan Webb,ALL,1.0,0.044444444444444446,1.0,2,657277
15,pitcher,1,1,Clarke Schmidt,ALL,1.0,0.06666666666666667,1.0,1,657376
46,pitcher,6,6,Brennan Bernardino,ALL,0.8333333333333334,0.10869565217391304,0.8333333333333334,5,657514
34,pitcher,4,4,Tim Hill,ALL,0.5,0.058823529411764705,0.5,2,657612
141,pitcher,12,12,Joe Ryan,ALL,0.8333333333333334,0.07092198581560284,0.8333333333333334,10,657746
28,pitcher,0,0,Yerry De los Santos,ALL,,0.0,,0,660787
47,pitcher,3,3,Eduard Bazardo,ALL,0.3333333333333333,0.02127659574468085,0.3333333333333333,1,660825
41,pitcher,3,3,Enyel De Los Santos,ALL,1.0,0.07317073170731707,1.0,3,660853
42,pitcher,3,1,Jhoan Duran,ALL,0.0,0.0,0.0,0,661395
53,pitcher,6,6,Luis Gil,ALL,0.8333333333333334,0.09433962264150944,0.8333333333333334,5,661563
22,pitcher,0,0,Andrés Muñoz,ALL,,0.0,,0,662253
7,pitcher,2,2,Robert Suarez,ALL,1.0,0.2857142857142857,1.0,2,663158
86,pitcher,3,3,Ryan Feltner,ALL,1.0,0.03488372093023256,1.0,3,663372
3,pitcher,1,1,Trent Thornton,ALL,1.0,0.3333333333333333,1.0,1,663423
91,pitcher,6,6,Davis Martin,ALL,0.6666666666666666,0.04395604395604396,0.6666666666666666,4,663436
26,pitcher,1,1,Kris Bubic,ALL,1.0,0.038461538461538464,1.0,1,663460
47,pitcher,1,0,Bryan Hudson,ALL,,0.0,0.0,0,663542
125,pitcher,12,12,Casey Mize,ALL,0.8333333333333334,0.08,0.8333333333333334,10,663554
40,pitcher,2,2,Jovani Morán,ALL,0.5,0.025,0.5,1,663558
10,pitcher,0,0,Bailey Falter,ALL,,0.0,,0,663559
135,pitcher,13,13,Peter Lambert,ALL,0.6923076923076923,0.06666666666666667,0.6923076923076923,9,663567
30,pitcher,2,2,Tony Santillan,ALL,0.5,0.03333333333333333,0.5,1,663574
142,pitcher,7,7,Jake Irvin,ALL,0.8571428571428571,0.04225352112676056,0.8571428571428571,6,663623
67,pitcher,4,2,Hogan Harris,ALL,0.5,0.014925373134328358,0.25,1,663687
116,pitcher,12,12,Daniel Lynch IV,ALL,0.75,0.07758620689655173,0.75,9,663738
15,pitcher,0,0,Jake Woodford,ALL,,0.0,,0,663765
56,pitcher,6,5,Chase Shugart,ALL,1.0,0.08928571428571429,0.8333333333333334,5,663767
126,pitcher,9,9,Patrick Sandoval,ALL,0.6666666666666666,0.047619047619047616,0.6666666666666666,6,663776
33,pitcher,5,3,Justin Hagenman,ALL,0.6666666666666666,0.06060606060606061,0.4,2,663795
58,pitcher,2,0,Jordan Hicks,ALL,,0.0,0.0,0,663855
80,pitcher,4,4,Nate Pearson,ALL,0.0,0.0,0.0,0,663878
39,pitcher,3,3,Brendon Little,ALL,1.0,0.07692307692307693,1.0,3,663893
152,pitcher,10,10,Brady Singer,ALL,0.8,0.05263157894736842,0.8,8,663903
33,pitcher,2,2,Tristan Beck,ALL,1.0,0.06060606060606061,1.0,2,663941
28,pitcher,0,0,Tyler Holton,ALL,,0.0,,0,663947
109,pitcher,8,8,Tyler Phillips,ALL,1.0,0.07339449541284404,1.0,8,663969
49,pitcher,4,4,Richard Lovelady,ALL,1.0,0.08163265306122448,1.0,4,663992
41,pitcher,4,4,Tony Gonsolin,ALL,0.75,0.07317073170731707,0.75,3,664062
19,pitcher,0,0,Pete Fairbanks,ALL,,0.0,,0,664126
62,pitcher,5,4,Geoff Hartlieb,ALL,1.0,0.06451612903225806,0.8,4,664129
65,pitcher,5,5,Taylor Clarke,ALL,0.6,0.046153846153846156,0.6,3,664199
143,pitcher,12,12,Framber Valdez,ALL,0.8333333333333334,0.06993006993006994,0.8333333333333334,10,664285
73,pitcher,6,6,Cristian Javier,ALL,0.5,0.0410958904109589,0.5,3,664299
55,pitcher,9,7,José Urquidy,ALL,0.8571428571428571,0.10909090909090909,0.6666666666666666,6,664353
49,pitcher,4,3,Grant Wolfram,ALL,0.3333333333333333,0.02040816326530612,0.25,1,664991
133,pitcher,12,9,Dean Kremer,ALL,0.6666666666666666,0.045112781954887216,0.5,6,665152
64,pitcher,2,2,Luis Medina,ALL,0.5,0.015625,0.5,1,665622
67,pitcher,4,4,Elvis Alvarado,ALL,1.0,0.05970149253731343,1.0,4,665660
8,pitcher,1,0,Reiver Sanmartin,ALL,,0.0,0.0,0,665665
39,pitcher,0,0,Edward Cabrera,ALL,,0.0,,0,665795
55,pitcher,2,2,Javier Assad,ALL,0.5,0.01818181818181818,0.5,1,665871
16,pitcher,3,0,Carlos Cortes,ALL,,0.0,0.0,0,666126
43,pitcher,5,5,Braxton Garrett,ALL,0.6,0.06976744186046512,0.6,3,666129
160,pitcher,15,14,Nick Lodolo,ALL,0.8571428571428571,0.075,0.8,12,666157
41,pitcher,2,2,Ryan Zeferjahn,ALL,0.5,0.024390243902439025,0.5,1,666171
1,pitcher,0,0,Jesús Luzardo,ALL,,0.0,,0,666200
48,pitcher,2,2,George Soriano,ALL,0.5,0.020833333333333332,0.5,1,666277
47,pitcher,1,1,Juan Morillo,ALL,1.0,0.02127659574468085,1.0,1,666661
42,pitcher,2,2,Camilo Doval,ALL,0.0,0.0,0.0,0,666808
40,pitcher,2,2,Yennier Cano,ALL,0.5,0.025,0.5,1,666974
52,pitcher,4,2,Tommy Nance,ALL,1.0,0.038461538461538464,0.5,2,667297
96,pitcher,12,11,Jack Ralston,ALL,0.5454545454545454,0.0625,0.5,6,667652
113,pitcher,7,6,José Soriano,ALL,0.6666666666666666,0.035398230088495575,0.5714285714285714,4,667755
40,pitcher,3,2,Lucas Erceg,ALL,1.0,0.05,0.6666666666666666,2,668674
39,pitcher,2,2,Zac Gallen,ALL,0.5,0.02564102564102564,0.5,1,668678
40,pitcher,4,4,Garrett Stallings,ALL,0.75,0.075,0.75,3,668831
8,pitcher,0,0,Easton McGee,ALL,,0.0,,0,668834
137,pitcher,11,10,Gavin Williams,ALL,0.8,0.058394160583941604,0.7272727272727273,8,668909
61,pitcher,5,4,Graham Ashcraft,ALL,1.0,0.06557377049180328,0.8,4,668933
56,pitcher,1,1,JoJo Romero,ALL,1.0,0.017857142857142856,1.0,1,668941
46,pitcher,2,1,Tobias Myers,ALL,0.0,0.0,0.0,0,668964
5,pitcher,1,1,Gavin Hollowell,ALL,1.0,0.2,1.0,1,668970
60,pitcher,3,0,Casey Legumina,ALL,,0.0,0.0,0,668984
58,pitcher,3,3,Ryan Rolison,ALL,0.6666666666666666,0.034482758620689655,0.6666666666666666,2,669020
138,pitcher,9,9,MacKenzie Gore,ALL,0.5555555555555556,0.036231884057971016,0.5555555555555556,5,669022
13,pitcher,2,0,Bryse Wilson,ALL,,0.0,0.0,0,669060
67,pitcher,5,3,Erik Miller,ALL,0.0,0.0,0.0,0,669062
87,pitcher,7,6,DL Hall,ALL,0.8333333333333334,0.05747126436781609,0.7142857142857143,5,669084
127,pitcher,11,11,Dustin May,ALL,0.5454545454545454,0.047244094488188976,0.5454545454545454,6,669160
10,pitcher,0,0,Kyle Hurt,ALL,,0.0,,0,669165
41,pitcher,2,2,Ryne Nelson,ALL,1.0,0.04878048780487805,1.0,2,669194
79,pitcher,3,3,Lake Bachar,ALL,1.0,0.0379746835443038,1.0,3,669199
73,pitcher,2,2,Corbin Burnes,ALL,1.0,0.0273972602739726,1.0,2,669203
79,pitcher,5,5,Joel Kuhnel,ALL,0.6,0.0379746835443038,0.6,3,669270
37,pitcher,0,0,Dylan Lee,ALL,,0.0,,0,669276
118,pitcher,9,9,Logan Gilbert,ALL,0.6666666666666666,0.05084745762711865,0.6666666666666666,6,669302
36,pitcher,1,1,CJ Van Eyk,ALL,0.0,0.0,0.0,0,669310
11,pitcher,1,1,Tyler Wells,ALL,0.0,0.0,0.0,0,669330
85,pitcher,10,10,Shane Baz,ALL,0.9,0.10588235294117647,0.9,9,669358
116,pitcher,3,3,Tarik Skubal,ALL,1.0,0.02586206896551724,1.0,3,669373
97,pitcher,6,3,Carmen Mlodzinski,ALL,0.3333333333333333,0.010309278350515464,0.16666666666666666,1,669387
109,pitcher,10,10,Trevor Rogers,ALL,0.8,0.07339449541284404,0.8,8,669432
41,pitcher,4,4,Mason Englert,ALL,0.75,0.07317073170731707,0.75,3,669438
130,pitcher,8,8,Matthew Liberatore,ALL,0.875,0.05384615384615385,0.875,7,669461
152,pitcher,9,9,Andre Pallante,ALL,0.6666666666666666,0.039473684210526314,0.6666666666666666,6,669467
55,pitcher,6,6,Brady Basso,ALL,0.6666666666666666,0.07272727272727272,0.6666666666666666,4,669620
44,pitcher,1,1,Chris Murphy,ALL,0.0,0.0,0.0,0,669684
48,pitcher,2,2,Greg Weissert,ALL,1.0,0.041666666666666664,1.0,2,669711
113,pitcher,9,9,Hayden Wesneski,ALL,0.4444444444444444,0.035398230088495575,0.4444444444444444,4,669713
48,pitcher,4,1,Ronel Blanco,ALL,0.0,0.0,0.0,0,669854
150,pitcher,1,1,George Kirby,ALL,1.0,0.006666666666666667,1.0,1,669923
21,pitcher,0,0,Jesse Scholtens,ALL,,0.0,,0,669947
38,pitcher,6,5,Matt Festa,ALL,0.2,0.02631578947368421,0.16666666666666666,1,670036
36,pitcher,2,2,Julian Garcia,ALL,1.0,0.05555555555555555,1.0,2,670062
42,pitcher,4,4,Raymond Burgos,ALL,0.5,0.047619047619047616,0.5,2,670103
36,pitcher,4,4,John Schreiber,ALL,0.75,0.08333333333333333,0.75,3,670167
43,pitcher,4,1,Ryan Watson,ALL,0.0,0.0,0.0,0,670245
57,pitcher,4,3,David Bednar,ALL,0.6666666666666666,0.03508771929824561,0.5,2,670280
41,pitcher,4,3,Rico Garcia,ALL,1.0,0.07317073170731707,0.75,3,670329
101,pitcher,4,3,Trevor Richards,ALL,0.6666666666666666,0.019801980198019802,0.5,2,670950
47,pitcher,1,1,Adrian Morejon,ALL,1.0,0.02127659574468085,1.0,1,670970
66,pitcher,1,1,Yohan Ramírez,ALL,1.0,0.015151515151515152,1.0,1,670990
141,pitcher,14,14,Andrew Abbott,ALL,0.8571428571428571,0.0851063829787234,0.8571428571428571,12,671096
102,pitcher,11,8,Sammy Peralta,ALL,1.0,0.0784313725490196,0.7272727272727273,8,671111
73,pitcher,1,1,Connor Thomas,ALL,1.0,0.0136986301369863,1.0,1,671162
76,pitcher,3,3,Jason Foley,ALL,0.6666666666666666,0.02631578947368421,0.6666666666666666,2,671345
161,pitcher,5,5,Taj Bradley,ALL,0.8,0.024844720496894408,0.8,4,671737
53,pitcher,2,2,Cade Smith,ALL,1.0,0.03773584905660377,1.0,2,671922
31,pitcher,1,1,Adam Macko,ALL,1.0,0.03225806451612903,1.0,1,671936
135,pitcher,12,12,Reid Detmers,ALL,1.0,0.08888888888888889,1.0,12,672282
43,pitcher,1,1,Cionel Pérez,ALL,1.0,0.023255813953488372,1.0,1,672335
41,pitcher,1,0,Yovanny Cruz,ALL,,0.0,0.0,0,672442
84,pitcher,5,5,Keider Montero,ALL,1.0,0.05952380952380952,1.0,5,672456
71,pitcher,8,8,Yoendrys Gómez,ALL,0.375,0.04225352112676056,0.375,3,672782
58,pitcher,3,1,Carlos Vargas,ALL,1.0,0.017241379310344827,0.3333333333333333,1,672841
22,pitcher,3,2,Dedniel Núñez,ALL,1.0,0.09090909090909091,0.6666666666666666,2,673380
63,pitcher,2,2,Yuki Matsui,ALL,1.0,0.031746031746031744,1.0,2,673513
52,pitcher,1,1,Kodai Senga,ALL,1.0,0.019230769230769232,1.0,1,673540
81,pitcher,7,7,Cody Bradford,ALL,1.0,0.08641975308641975,1.0,7,674003
61,pitcher,9,9,Jack Weisenburger,ALL,0.7777777777777778,0.11475409836065574,0.7777777777777778,7,674073
25,pitcher,1,1,Steven Cruz,ALL,1.0,0.04,1.0,1,674444
158,pitcher,11,11,Andrew Alvarez,ALL,0.7272727272727273,0.05063291139240506,0.7272727272727273,8,674841
92,pitcher,2,1,Troy Melton,ALL,0.0,0.0,0.0,0,675512
35,pitcher,4,4,Xzavion Curry,ALL,0.75,0.08571428571428572,0.75,3,675540
89,pitcher,2,2,Shane Drohan,ALL,1.0,0.02247191011235955,1.0,2,675660
75,pitcher,2,1,Juan Mejia,ALL,1.0,0.013333333333333334,0.5,1,675848
3,pitcher,0,0,Seth Lonsway,ALL,,0.0,,0,675920
99,pitcher,6,6,Janson Junk,ALL,0.8333333333333334,0.050505050505050504,0.8333333333333334,5,676083
57,pitcher,4,3,Jack Dreyer,ALL,0.6666666666666666,0.03508771929824561,0.5,2,676263
49,pitcher,2,0,Bobby Miller,ALL,,0.0,0.0,0,676272
118,pitcher,9,9,Joey Cantillo,ALL,0.3333333333333333,0.025423728813559324,0.3333333333333333,3,676282
63,pitcher,5,4,Robert Garcia,ALL,1.0,0.06349206349206349,0.8,4,676395
75,pitcher,7,5,Brant Hurter,ALL,0.8,0.05333333333333334,0.5714285714285714,4,676428
137,pitcher,6,6,Tanner Bibee,ALL,0.6666666666666666,0.029197080291970802,0.6666666666666666,4,676440
63,pitcher,5,5,Brendan Cellucci,ALL,0.6,0.047619047619047616,0.6,3,676454
35,pitcher,3,3,Colton Gordon,ALL,0.3333333333333333,0.02857142857142857,0.3333333333333333,1,676467
27,pitcher,1,1,Garrett Whitlock,ALL,0.0,0.0,0.0,0,676477
44,pitcher,1,1,Nolan Hoffman,ALL,1.0,0.022727272727272728,1.0,1,676510
66,pitcher,2,2,Calvin Faucher,ALL,0.5,0.015151515151515152,0.5,1,676534
54,pitcher,6,5,Tyler Zuber,ALL,1.0,0.09259259259259259,0.8333333333333334,5,676604
45,pitcher,2,1,Riley O'Brien,ALL,0.0,0.0,0.0,0,676617
47,pitcher,2,2,Blake Weiman,ALL,0.0,0.0,0.0,0,676620
13,pitcher,2,2,Max Lazar,ALL,0.5,0.07692307692307693,0.5,1,676661
43,pitcher,2,2,Cam Sanders,ALL,0.5,0.023255813953488372,0.5,1,676742
87,pitcher,5,5,Aaron Ashby,ALL,0.2,0.011494252873563218,0.2,1,676879
82,pitcher,2,2,Cade Cavalli,ALL,0.5,0.012195121951219513,0.5,1,676917
69,pitcher,3,1,Josh Walker,ALL,1.0,0.014492753623188406,0.3333333333333333,1,677020
58,pitcher,4,3,Justin Bruihl,ALL,1.0,0.05172413793103448,0.75,3,677865
36,pitcher,2,2,Slade Cecconi,ALL,0.5,0.027777777777777776,0.5,1,677944
40,pitcher,0,0,Jaden Hill,ALL,,0.0,,0,677955
111,pitcher,9,9,Kumar Rocker,ALL,0.6666666666666666,0.05405405405405406,0.6666666666666666,6,677958
108,pitcher,15,15,Randy Dobnak,ALL,0.8666666666666667,0.12037037037037036,0.8666666666666667,13,677976
28,pitcher,0,0,Seth Halvorsen,ALL,,0.0,,0,678020
130,pitcher,5,5,Jack Perkins,ALL,0.8,0.03076923076923077,0.8,4,678022
40,pitcher,2,2,Ray Kerr,ALL,0.0,0.0,0.0,0,678061
74,pitcher,8,7,Brayan Bello,ALL,0.7142857142857143,0.06756756756756757,0.625,5,678394
56,pitcher,4,4,José A. Ferrer,ALL,0.25,0.017857142857142856,0.25,1,678606
63,pitcher,0,0,Justin Martinez,ALL,,0.0,,0,679885
147,pitcher,10,9,Grayson Rodriguez,ALL,0.5555555555555556,0.034013605442176874,0.5,5,680570
28,pitcher,0,0,Blas Castaño,ALL,,0.0,,0,680604
32,pitcher,1,1,Josiah Gray,ALL,1.0,0.03125,1.0,1,680686
28,pitcher,0,0,Kyle Bradish,ALL,,0.0,,0,680694
40,pitcher,1,1,Drew Rom,ALL,0.0,0.0,0.0,0,680723
139,pitcher,14,11,Sean Burke,ALL,0.6363636363636364,0.050359712230215826,0.5,7,680732
63,pitcher,6,5,Justin Wrobleski,ALL,0.6,0.047619047619047616,0.5,3,680736
28,pitcher,2,2,Jonathan Bowlan,ALL,0.5,0.03571428571428571,0.5,1,680742
56,pitcher,6,1,Ty Madden,ALL,1.0,0.017857142857142856,0.16666666666666666,1,680744
64,pitcher,2,2,Braydon Fisher,ALL,1.0,0.03125,1.0,2,680755
83,pitcher,3,2,Victor Vodnik,ALL,0.5,0.012048192771084338,0.3333333333333333,1,680767
16,pitcher,0,0,Grant Holman,ALL,,0.0,,0,680880
80,pitcher,2,2,Erik Tolman,ALL,0.0,0.0,0.0,0,680899
14,pitcher,0,0,Franco Aleman,ALL,,0.0,,0,680916
82,pitcher,4,4,Christian Scott,ALL,0.75,0.036585365853658534,0.75,3,681035
70,pitcher,5,5,Randy Vásquez,ALL,1.0,0.07142857142857142,1.0,5,681190
52,pitcher,3,3,Chase Silseth,ALL,1.0,0.057692307692307696,1.0,3,681217
89,pitcher,9,9,Spencer Arrighetti,ALL,0.6666666666666666,0.06741573033707865,0.6666666666666666,6,681293
48,pitcher,4,2,Nate Lavender,ALL,0.5,0.020833333333333332,0.25,1,681320
7,pitcher,1,1,Gus Varland,ALL,1.0,0.14285714285714285,1.0,1,681402
76,pitcher,4,3,Kyle Leahy,ALL,0.6666666666666666,0.02631578947368421,0.5,2,681517
34,pitcher,1,1,Wyatt Olds,ALL,1.0,0.029411764705882353,1.0,1,681544
64,pitcher,2,2,Austin Warren,ALL,1.0,0.03125,1.0,2,681810
73,pitcher,8,8,Cooper Criswell,ALL,0.5,0.0547945205479452,0.5,4,681867
59,pitcher,2,2,Erik Sabrowski,ALL,0.5,0.01694915254237288,0.5,1,681870
44,pitcher,2,1,Kody Funderburk,ALL,1.0,0.022727272727272728,0.5,1,681892
28,pitcher,2,0,Evan Sisk,ALL,,0.0,0.0,0,681895
45,pitcher,1,1,Alex Vesia,ALL,1.0,0.022222222222222223,1.0,1,681911
65,pitcher,2,2,Dylan Smith,ALL,1.0,0.03076923076923077,1.0,2,681916
20,pitcher,1,1,Josh Hendrickson,ALL,1.0,0.05,1.0,1,681973
141,pitcher,9,8,Jacob Lopez,ALL,1.0,0.05673758865248227,0.8888888888888888,8,682052
65,pitcher,4,4,Tim Herrin,ALL,0.5,0.03076923076923077,0.5,2,682120
127,pitcher,14,14,Brandon Williamson,ALL,0.8571428571428571,0.09448818897637795,0.8571428571428571,12,682227
130,pitcher,8,8,Bryce Miller,ALL,0.75,0.046153846153846156,0.75,6,682243
65,pitcher,7,4,Mason Montgomery,ALL,0.5,0.03076923076923077,0.2857142857142857,2,682254
30,pitcher,1,1,Yaramil Hiraldo,ALL,1.0,0.03333333333333333,1.0,1,682274
6,pitcher,0,0,Peyton Gray,ALL,,0.0,,0,682608
78,pitcher,3,3,Luis Mey,ALL,0.6666666666666666,0.02564102564102564,0.6666666666666666,2,682825
55,pitcher,1,1,Abner Uribe,ALL,0.0,0.0,0.0,0,682842
46,pitcher,3,3,Daniel Espino,ALL,0.3333333333333333,0.021739130434782608,0.3333333333333333,1,682982
49,pitcher,3,3,Victor Mederos,ALL,1.0,0.061224489795918366,1.0,3,682989
108,pitcher,2,2,Riley Cornelio,ALL,1.0,0.018518518518518517,1.0,2,683000
104,pitcher,6,6,Jared Jones,ALL,0.8333333333333334,0.04807692307692308,0.8333333333333334,5,683003
26,pitcher,2,2,Joey Estes,ALL,1.0,0.07692307692307693,1.0,2,683155
29,pitcher,1,1,Connor Phillips,ALL,1.0,0.034482758620689655,1.0,1,683175
89,pitcher,8,8,Matt Wilkinson,ALL,1.0,0.0898876404494382,1.0,8,683363
17,pitcher,1,1,Edgardo Henriquez,ALL,0.0,0.0,0.0,0,683618
119,pitcher,6,6,Anthony Molina,ALL,0.8333333333333334,0.04201680672268908,0.8333333333333334,5,683627
63,pitcher,2,2,Hunter Gaddis,ALL,0.5,0.015873015873015872,0.5,1,683769
141,pitcher,9,9,Shota Imanaga,ALL,0.7777777777777778,0.04964539007092199,0.7777777777777778,7,684007
10,pitcher,1,1,Hancel Rincon,ALL,1.0,0.1,1.0,1,684516
56,pitcher,4,4,Luke Murphy,ALL,0.5,0.03571428571428571,0.5,2,684665
39,pitcher,3,3,Craig Yoho,ALL,1.0,0.07692307692307693,1.0,3,684974
36,pitcher,3,3,Zach McCambley,ALL,0.6666666666666666,0.05555555555555555,0.6666666666666666,2,685112
45,pitcher,4,4,Brandon Eisert,ALL,0.75,0.06666666666666667,0.75,3,685126
137,pitcher,11,11,Tanner Gordon,ALL,0.9090909090909091,0.072992700729927,0.9090909090909091,10,685299
76,pitcher,2,1,Cade Winquest,ALL,0.0,0.0,0.0,0,685464
79,pitcher,1,1,Emmet Sheehan,ALL,1.0,0.012658227848101266,1.0,1,686218
16,pitcher,2,2,Gavin Collyer,ALL,1.0,0.125,1.0,2,686560
162,pitcher,9,6,Hunter Brown,ALL,0.5,0.018518518518518517,0.3333333333333333,3,686613
36,pitcher,0,0,Carson Spiers,ALL,,0.0,,0,686730
82,pitcher,6,6,Seth Johnson,ALL,0.6666666666666666,0.04878048780487805,0.6666666666666666,4,686751
96,pitcher,3,3,Mason Barnett,ALL,1.0,0.03125,1.0,3,686930
65,pitcher,5,3,Alex McFarlane,ALL,0.3333333333333333,0.015384615384615385,0.2,1,686934
43,pitcher,2,1,Louis Varland,ALL,0.0,0.0,0.0,0,686973
155,pitcher,11,11,Brandon Young,ALL,0.5454545454545454,0.03870967741935484,0.5454545454545454,6,687064
44,pitcher,5,2,Bradley Blalock,ALL,1.0,0.045454545454545456,0.4,2,687134
144,pitcher,8,7,Quinn Mathews,ALL,0.5714285714285714,0.027777777777777776,0.5,4,687273
116,pitcher,6,5,Cooper Hjerpe,ALL,0.6,0.02586206896551724,0.5,3,687309
82,pitcher,4,4,Gabriel Hughes,ALL,0.5,0.024390243902439025,0.5,2,687312
31,pitcher,0,0,Kevin Kelly,ALL,,0.0,,0,687330
66,pitcher,4,4,Brent Headrick,ALL,0.75,0.045454545454545456,0.75,3,687396
135,pitcher,10,10,Ryan Gusto,ALL,0.5,0.037037037037037035,0.5,5,687473
72,pitcher,7,7,Jake Bennett,ALL,0.7142857142857143,0.06944444444444445,0.7142857142857143,5,687562
116,pitcher,7,7,Connor Prielipp,ALL,0.5714285714285714,0.034482758620689655,0.5714285714285714,4,687570
61,pitcher,2,2,DJ Herz,ALL,0.5,0.01639344262295082,0.5,1,687792
61,pitcher,2,1,Bryan King,ALL,1.0,0.01639344262295082,0.5,1,687911
29,pitcher,1,1,Julian Aguiar,ALL,1.0,0.034482758620689655,1.0,1,687924
45,pitcher,3,3,Alec Gamboa,ALL,1.0,0.06666666666666667,1.0,3,687941
153,pitcher,11,11,Robert Gasser,ALL,0.45454545454545453,0.032679738562091505,0.45454545454545453,5,688107
63,pitcher,3,3,David Morgan,ALL,0.3333333333333333,0.015873015873015872,0.3333333333333333,1,688158
77,pitcher,4,4,Chris Roycroft,ALL,1.0,0.05194805194805195,1.0,4,688297
76,pitcher,3,3,Zach Agnos,ALL,1.0,0.039473684210526314,1.0,3,688642
21,pitcher,3,3,Jared Simpson,ALL,1.0,0.14285714285714285,1.0,3,688692
30,pitcher,1,1,Landon Knack,ALL,1.0,0.03333333333333333,1.0,1,689017
58,pitcher,4,3,Orion Kerkering,ALL,0.6666666666666666,0.034482758620689655,0.5,2,689147
40,pitcher,1,1,Chad Dallas,ALL,1.0,0.025,1.0,1,689149
81,pitcher,8,7,Beau Brieske,ALL,0.5714285714285714,0.04938271604938271,0.5,4,689225
44,pitcher,1,1,Mason Fluharty,ALL,1.0,0.022727272727272728,1.0,1,689254
26,pitcher,2,2,Dylan Dodd,ALL,0.0,0.0,0.0,0,689266
47,pitcher,2,2,Anthony Nunez,ALL,1.0,0.0425531914893617,1.0,2,689296
123,pitcher,10,9,David Sandlin,ALL,0.5555555555555556,0.04065040650406504,0.5,5,689818
50,pitcher,1,1,River Ryan,ALL,0.0,0.0,0.0,0,689981
128,pitcher,15,15,Mason Adams,ALL,0.6666666666666666,0.078125,0.6666666666666666,10,690279
33,pitcher,3,3,Bradley Hanner,ALL,0.6666666666666666,0.06060606060606061,0.6666666666666666,2,690440
45,pitcher,4,3,Ben Joyce,ALL,0.6666666666666666,0.044444444444444446,0.5,2,690829
6,pitcher,0,0,Clayton Beeter,ALL,,0.0,,0,690925
70,pitcher,4,4,Dax Fulton,ALL,0.5,0.02857142857142857,0.5,2,690978
66,pitcher,4,4,Kyle Harrison,ALL,0.5,0.030303030303030304,0.5,2,690986
137,pitcher,10,10,Nolan McLean,ALL,0.9,0.06569343065693431,0.9,9,690997
55,pitcher,6,4,Luis Perales,ALL,0.75,0.05454545454545454,0.5,3,691384
143,pitcher,5,5,Eury Pérez,ALL,0.2,0.006993006993006993,0.2,1,691587
137,pitcher,10,9,Andrew Painter,ALL,0.6666666666666666,0.043795620437956206,0.6,6,691725
30,pitcher,4,4,Philip Abner,ALL,0.5,0.06666666666666667,0.5,2,691769
73,pitcher,9,8,Grant Taylor,ALL,0.75,0.0821917808219178,0.6666666666666666,6,691799
38,pitcher,1,1,José Rodríguez,ALL,1.0,0.02631578947368421,1.0,1,692064
67,pitcher,3,3,Nick Frasso,ALL,0.6666666666666666,0.029850746268656716,0.6666666666666666,2,693308
53,pitcher,2,0,Carson Seymour,ALL,,0.0,0.0,0,693313
127,pitcher,9,9,Bryan Woo,ALL,0.6666666666666666,0.047244094488188976,0.6666666666666666,6,693433
133,pitcher,10,10,Cam Schlittler,ALL,0.9,0.06766917293233082,0.9,9,693645
83,pitcher,7,7,Spencer Miles,ALL,0.8571428571428571,0.07228915662650602,0.8571428571428571,6,693686
97,pitcher,5,5,Ian Seymour,ALL,1.0,0.05154639175257732,1.0,5,693855
40,pitcher,1,1,Daniel Palencia,ALL,1.0,0.025,1.0,1,694037
125,pitcher,12,11,Brandon Pfaadt,ALL,0.8181818181818182,0.072,0.75,9,694297
53,pitcher,4,4,Brendan Beck,ALL,1.0,0.07547169811320754,1.0,4,694341
50,pitcher,2,2,Trey Gibson,ALL,1.0,0.04,1.0,2,694346
29,pitcher,1,1,Ricky Tiedemann,ALL,0.0,0.0,0.0,0,694357
65,pitcher,4,4,Chad Patrick,ALL,0.25,0.015384615384615385,0.25,1,694477
64,pitcher,4,2,Ty Johnson,ALL,0.5,0.015625,0.25,1,694494
16,pitcher,1,1,Trevor Martin,ALL,1.0,0.0625,1.0,1,694680
52,pitcher,4,4,Landen Roupp,ALL,0.75,0.057692307692307696,0.75,3,694738
100,pitcher,9,9,Khristian Curtis,ALL,0.5555555555555556,0.05,0.5555555555555556,5,694753
54,pitcher,2,2,Josh Ekness,ALL,0.5,0.018518518518518517,0.5,1,694795
84,pitcher,5,5,Jacob Misiorowski,ALL,0.8,0.047619047619047616,0.8,4,694819
33,pitcher,3,3,Braxton Roxby,ALL,0.6666666666666666,0.06060606060606061,0.6666666666666666,2,694820
82,pitcher,5,5,Blade Tidwell,ALL,0.8,0.04878048780487805,0.8,4,694918
130,pitcher,4,4,Paul Skenes,ALL,0.75,0.023076923076923078,0.75,3,694973
134,pitcher,7,7,Rhett Lowder,ALL,0.8571428571428571,0.04477611940298507,0.8571428571428571,6,695076
13,pitcher,0,0,Robby Ahlstrom,ALL,,0.0,,0,695239
84,pitcher,5,2,Mason Miller,ALL,1.0,0.023809523809523808,0.4,2,695243
54,pitcher,2,1,Jack Sinclair,ALL,1.0,0.018518518518518517,0.5,1,695378
36,pitcher,4,3,Alex Hoppe,ALL,0.6666666666666666,0.05555555555555555,0.5,2,695380
57,pitcher,5,3,Brad Lord,ALL,0.6666666666666666,0.03508771929824561,0.4,2,695418
12,pitcher,3,3,Chase Lee,ALL,1.0,0.25,1.0,3,695445
70,pitcher,4,4,Chase Burns,ALL,1.0,0.05714285714285714,1.0,4,695505
140,pitcher,9,8,Jackson Jobe,ALL,0.75,0.04285714285714286,0.6666666666666666,6,695549
23,pitcher,2,2,Gage Jump,ALL,0.5,0.043478260869565216,0.5,1,695611
77,pitcher,1,1,Wilber Dotel,ALL,0.0,0.0,0.0,0,696062
98,pitcher,10,7,Hagen Smith,ALL,0.2857142857142857,0.02040816326530612,0.2,2,696146
40,pitcher,2,2,Sam Bachman,ALL,0.5,0.025,0.5,1,696147
155,pitcher,12,12,Bubba Chandler,ALL,0.5833333333333334,0.04516129032258064,0.5833333333333334,7,696149
122,pitcher,14,14,Ryan Johnson,ALL,0.7142857142857143,0.08196721311475409,0.7142857142857143,10,696270
13,pitcher,1,1,Samy Natera Jr.,ALL,0.0,0.0,0.0,0,696519
11,pitcher,0,0,Joe Rock,ALL,,0.0,,0,697812
74,pitcher,5,5,Antwone Kelly,ALL,0.4,0.02702702702702703,0.4,2,699008
67,pitcher,6,6,Miguel Ullola,ALL,1.0,0.08955223880597014,1.0,6,699044
65,pitcher,7,7,Bradgley Rodriguez,ALL,0.42857142857142855,0.046153846153846156,0.42857142857142855,3,699134
34,pitcher,2,2,Jedixson Paez,ALL,1.0,0.058823529411764705,1.0,2,699151
5,pitcher,1,1,Tyler Davis,ALL,1.0,0.2,1.0,1,699823
29,pitcher,0,0,Troy Taylor,ALL,,0.0,,0,700187
147,pitcher,10,10,Michael McGreevy,ALL,0.7,0.047619047619047616,0.7,7,700241
39,pitcher,5,5,Cade Povich,ALL,0.8,0.10256410256410256,0.8,4,700249
10,pitcher,0,0,Yilber Díaz,ALL,,0.0,,0,700270
80,pitcher,4,4,AJ Smith-Shawver,ALL,0.5,0.025,0.5,2,700363
67,pitcher,3,3,Gordon Graceffo,ALL,0.6666666666666666,0.029850746268656716,0.6666666666666666,2,700669
126,pitcher,6,4,Walbert Ureña,ALL,1.0,0.031746031746031744,0.6666666666666666,4,700712
49,pitcher,3,0,Logan VanWey,ALL,,0.0,0.0,0,701121
48,pitcher,6,6,Duncan Davitt,ALL,0.8333333333333334,0.10416666666666667,0.8333333333333334,5,701474
74,pitcher,5,5,Travis Adams,ALL,0.4,0.02702702702702703,0.4,2,701519
131,pitcher,6,6,Will Warren,ALL,0.6666666666666666,0.030534351145038167,0.6666666666666666,4,701542
81,pitcher,5,5,Logan Henderson,ALL,0.8,0.04938271604938271,0.8,4,701656
91,pitcher,5,3,Will Dion,ALL,0.6666666666666666,0.02197802197802198,0.4,2,702021
15,pitcher,0,0,Alex Cook,ALL,,0.0,,0,702047
37,pitcher,2,2,Trey Yesavage,ALL,0.5,0.02702702702702703,0.5,1,702056
134,pitcher,12,10,Noah Cameron,ALL,0.9,0.06716417910447761,0.75,9,702070
74,pitcher,2,1,Andrew Morris,ALL,1.0,0.013513513513513514,0.5,1,702193
53,pitcher,8,5,Noah Schultz,ALL,0.8,0.07547169811320754,0.5,4,702273
126,pitcher,10,10,JR Ritchie,ALL,0.7,0.05555555555555555,0.7,7,702275
30,pitcher,3,3,Spencer Bivens,ALL,0.6666666666666666,0.06666666666666667,0.6666666666666666,2,702352
46,pitcher,3,3,Owen Murphy,ALL,1.0,0.06521739130434782,1.0,3,702566
32,pitcher,4,3,Jonathan Pintaro,ALL,0.6666666666666666,0.0625,0.5,2,702752
123,pitcher,13,13,Cesar Perdomo,ALL,0.6153846153846154,0.06504065040650407,0.6153846153846154,8,702885
21,pitcher,1,1,Jose Cabrera,ALL,1.0,0.047619047619047616,1.0,1,703615
60,pitcher,1,1,Luis Gastelum,ALL,1.0,0.016666666666666666,1.0,1,703725
165,pitcher,7,7,Parker Messick,ALL,0.8571428571428571,0.03636363636363636,0.8571428571428571,6,800048
68,pitcher,2,2,Didier Fuentes,ALL,1.0,0.029411764705882353,1.0,2,800311
88,pitcher,8,8,Jackson Kent,ALL,0.625,0.056818181818181816,0.625,5,800600
82,pitcher,5,5,Payton Tolle,ALL,0.6,0.036585365853658534,0.6,3,801139
35,pitcher,1,1,Luis De León,ALL,1.0,0.02857142857142857,1.0,1,801725
64,pitcher,5,5,Brycen Mautz,ALL,1.0,0.078125,1.0,5,802408
116,pitcher,10,10,Zac Thornton,ALL,0.8,0.06896551724137931,0.8,8,804267
36,pitcher,2,2,John Klein,ALL,0.5,0.027777777777777776,0.5,1,804619
138,pitcher,10,10,Jonah Tong,ALL,0.7,0.050724637681159424,0.7,7,804636
44,pitcher,3,3,Austin Peterson,ALL,0.6666666666666666,0.045454545454545456,0.6666666666666666,2,804926
132,pitcher,8,8,Yunior Marte,ALL,0.75,0.045454545454545456,0.75,6,805074
71,pitcher,3,3,AJ Blubaugh,ALL,0.6666666666666666,0.028169014084507043,0.6666666666666666,2,805123
58,pitcher,3,3,Brandyn Garcia,ALL,0.6666666666666666,0.034482758620689655,0.6666666666666666,2,805299
12,pitcher,2,2,Tyler Schweitzer,ALL,1.0,0.16666666666666666,1.0,2,805326
50,pitcher,3,3,Trent Harris,ALL,0.6666666666666666,0.04,0.6666666666666666,2,805345
45,pitcher,3,1,Drew Sommers,ALL,0.0,0.0,0.0,0,805427
100,pitcher,8,8,Zebby Matthews,ALL,0.5,0.04,0.5,4,805673
57,pitcher,3,3,Cade Gibson,ALL,0.3333333333333333,0.017543859649122806,0.3333333333333333,1,806188
91,pitcher,5,5,Kade Anderson,ALL,0.4,0.02197802197802198,0.4,2,807739
82,pitcher,2,2,Andrew Sears,ALL,0.5,0.012195121951219513,0.5,1,808825
26,pitcher,2,2,Roki Sasaki,ALL,0.5,0.038461538461538464,0.5,1,808963
84,pitcher,4,4,Yoshinobu Yamamoto,ALL,1.0,0.047619047619047616,1.0,4,808967
66,pitcher,5,2,Brody Hopkins,ALL,1.0,0.030303030303030304,0.4,2,811315
20,pitcher,3,3,Connelly Early,ALL,0.3333333333333333,0.05,0.3333333333333333,1,813349
72,pitcher,2,2,Yunior Tur,ALL,0.5,0.013888888888888888,0.5,1,814305
114,pitcher,7,7,Ethan Pecko,ALL,0.7142857142857143,0.043859649122807015,0.7142857142857143,5,814490
65,pitcher,3,3,Mark Manfredi,ALL,0.3333333333333333,0.015384615384615385,0.3333333333333333,1,815081
80,pitcher,4,4,Mitch Farris,ALL,0.75,0.0375,0.75,3,815083
39,pitcher,5,2,José Fermin,ALL,0.5,0.02564102564102564,0.2,1,820862
22,pitcher,5,5,Tatsuya Imai,ALL,1.0,0.22727272727272727,1.0,5,837227
287,umpire,15,15,Lance Barksdale,ALL,0.8,0.041811846689895474,0.8,12,427013
465,umpire,39,29,Laz Diaz,ALL,0.6551724137931034,0.04086021505376344,0.48717948717948717,19,427113
452,umpire,33,33,Rob Drake,ALL,0.6060606060606061,0.04424778761061947,0.6060606060606061,20,427128
330,umpire,33,21,Bruce Dreckman,ALL,0.8095238095238095,0.051515151515151514,0.5151515151515151,17,427129
316,umpire,22,21,Doug Eddings,ALL,0.8571428571428571,0.056962025316455694,0.8181818181818182,18,427139
631,umpire,43,40,Andy Fletcher,ALL,0.75,0.04754358161648178,0.6976744186046512,30,427164
141,umpire,7,7,Chris Guccione,ALL,1.0,0.04964539007092199,1.0,7,427197
319,umpire,23,23,Marvin Hudson,ALL,0.7391304347826086,0.05329153605015674,0.7391304347826086,17,427243
316,umpire,21,21,Dan Iassogna,ALL,0.8095238095238095,0.05379746835443038,0.8095238095238095,17,427248
412,umpire,24,24,Ron Kulpa,ALL,0.7916666666666666,0.04611650485436893,0.7916666666666666,19,427292
364,umpire,27,19,Alfonso Márquez,ALL,0.7368421052631579,0.038461538461538464,0.5185185185185185,14,427315
271,umpire,29,29,Bill Miller,ALL,0.6896551724137931,0.07380073800738007,0.6896551724137931,20,427344
581,umpire,51,45,Mark Wegner,ALL,0.8222222222222222,0.06368330464716007,0.7254901960784313,37,427533
164,umpire,16,16,Hunter Wendelstedt,ALL,0.75,0.07317073170731707,0.75,12,427537
313,umpire,26,26,Jim Wolf,ALL,0.8076923076923077,0.0670926517571885,0.8076923076923077,21,427554
490,umpire,36,33,James Hoye,ALL,0.5454545454545454,0.036734693877551024,0.5,18,428442
313,umpire,23,20,Todd Tichenor,ALL,0.5,0.03194888178913738,0.43478260869565216,10,429805
304,umpire,25,22,Chad Fairchild,ALL,0.9090909090909091,0.06578947368421052,0.8,20,431232
491,umpire,30,30,Scott Barry,ALL,0.7333333333333333,0.04480651731160896,0.7333333333333333,22,482608
280,umpire,20,20,Mike Estabrook,ALL,0.65,0.04642857142857143,0.65,13,482631
159,umpire,14,14,Adrian Johnson,ALL,0.8571428571428571,0.07547169811320754,0.8571428571428571,12,482641
464,umpire,29,28,David Rackley,ALL,0.5714285714285714,0.034482758620689655,0.5517241379310345,16,482663
584,umpire,32,31,D.J. Reyburn,ALL,0.7741935483870968,0.0410958904109589,0.75,24,482666
397,umpire,22,21,Lance Barrett,ALL,0.7142857142857143,0.037783375314861464,0.6818181818181818,15,483561
607,umpire,49,49,Dan Bellino,ALL,0.7551020408163265,0.060955518945634266,0.7551020408163265,37,483564
139,umpire,12,12,Vic Carapazza,ALL,0.4166666666666667,0.03597122302158273,0.4166666666666667,5,483569
631,umpire,35,34,John Tumpane,ALL,0.7352941176470589,0.039619651347068144,0.7142857142857143,25,483630
157,umpire,12,12,Mike Muchlinski,ALL,0.75,0.05732484076433121,0.75,9,483912
410,umpire,25,19,Mark Ripperger,ALL,0.7894736842105263,0.036585365853658534,0.6,15,483919
574,umpire,37,34,Cory Blaser,ALL,0.6764705882352942,0.04006968641114982,0.6216216216216216,23,484183
397,umpire,20,20,Alan Porter,ALL,0.7,0.03526448362720403,0.7,14,484198
275,umpire,12,10,Manny Gonzalez,ALL,0.8,0.02909090909090909,0.6666666666666666,8,484499
188,umpire,7,6,Jonathan Parra,ALL,0.6666666666666666,0.02127659574468085,0.5714285714285714,4,485856
280,umpire,22,20,Chad Whitson,ALL,0.85,0.060714285714285714,0.7727272727272727,17,489985
569,umpire,32,32,Jordan Baker,ALL,0.65625,0.03690685413005272,0.65625,21,490319
413,umpire,25,25,Adam Hamari,ALL,0.56,0.03389830508474576,0.56,14,503077
301,umpire,30,26,Chris Segal,ALL,0.6538461538461539,0.05647840531561462,0.5666666666666667,17,503490
612,umpire,44,36,Sean Barber,ALL,0.75,0.04411764705882353,0.6136363636363636,27,503493
519,umpire,31,22,Ryan Blakney,ALL,0.8636363636363636,0.036608863198458574,0.6129032258064516,19,503502
456,umpire,24,24,Tripp Gibson,ALL,0.7916666666666666,0.041666666666666664,0.7916666666666666,19,503586
140,umpire,9,6,Will Little,ALL,0.6666666666666666,0.02857142857142857,0.4444444444444444,4,504381
492,umpire,25,21,Quinn Wolcott,ALL,0.6190476190476191,0.026422764227642278,0.52,13,511890
561,umpire,50,50,Nick Mahrley,ALL,0.68,0.06060606060606061,0.68,34,521051
523,umpire,27,25,Ben May,ALL,0.76,0.036328871892925434,0.7037037037037037,19,521251
606,umpire,41,37,Stu Scheurwater,ALL,0.7027027027027027,0.0429042904290429,0.6341463414634146,26,521889
694,umpire,38,34,Nic Lentz,ALL,0.5588235294117647,0.027377521613832854,0.5,19,544728
295,umpire,27,27,John Bacon,ALL,0.7037037037037037,0.06440677966101695,0.7037037037037037,19,545402
624,umpire,44,32,Carlos Torres,ALL,0.625,0.03205128205128205,0.45454545454545453,20,547380
625,umpire,37,34,Edwin Moscoso,ALL,0.8235294117647058,0.0448,0.7567567567567568,28,554242
331,umpire,18,18,Gabe Morales,ALL,0.7222222222222222,0.03927492447129909,0.7222222222222222,13,573597
417,umpire,31,31,Shane Livensparger,ALL,0.7096774193548387,0.05275779376498801,0.7096774193548387,22,575629
336,umpire,25,19,Roberto Ortiz,ALL,0.7368421052631579,0.041666666666666664,0.56,14,577468
512,umpire,35,30,Ramon De Jesus,ALL,0.7,0.041015625,0.6,21,594151
478,umpire,25,25,Jansen Visconti,ALL,0.76,0.0397489539748954,0.76,19,596740
581,umpire,32,32,John Libka,ALL,0.78125,0.043029259896729774,0.78125,25,596805
308,umpire,24,22,Ryan Additon,ALL,0.8181818181818182,0.05844155844155844,0.75,18,596809
388,umpire,33,31,Nestor Ceja,ALL,0.7419354838709677,0.059278350515463915,0.696969696969697,23,598411
319,umpire,21,15,Dan Merzel,ALL,0.5333333333333333,0.025078369905956112,0.38095238095238093,8,605670
332,umpire,14,14,Charlie Ramos,ALL,0.6428571428571429,0.02710843373493976,0.6428571428571429,9,605671
307,umpire,15,11,Jeremie Rehak,ALL,0.5454545454545454,0.019543973941368076,0.4,6,605672
539,umpire,23,22,Alex Tosi,ALL,0.7727272727272727,0.03153988868274583,0.7391304347826086,17,605673
342,umpire,21,16,Ryan Wills,ALL,0.625,0.029239766081871343,0.47619047619047616,10,605674
545,umpire,40,40,Paul Clemons,ALL,0.8,0.05871559633027523,0.8,32,607884
478,umpire,23,23,Junior Valentine,ALL,0.7391304347826086,0.03556485355648536,0.7391304347826086,17,608093
457,umpire,30,27,Nate Tomlinson,ALL,0.7407407407407407,0.0437636761487965,0.6666666666666666,20,608158
429,umpire,23,21,Emil Jimenez,ALL,0.8095238095238095,0.039627039627039624,0.7391304347826086,17,621660
506,umpire,27,21,Erich Bacchus,ALL,0.7619047619047619,0.03162055335968379,0.5925925925925926,16,623938
236,umpire,9,9,Alex MacKay,ALL,0.6666666666666666,0.025423728813559324,0.6666666666666666,6,623945
289,umpire,28,28,Malachi Moore,ALL,0.6785714285714286,0.0657439446366782,0.6785714285714286,19,623946
470,umpire,33,26,Clint Vondrak,ALL,0.7307692307692307,0.04042553191489362,0.5757575757575758,19,623949
455,umpire,31,31,Brennan Miller,ALL,0.7096774193548387,0.04835164835164835,0.7096774193548387,22,639723
456,umpire,32,32,Adam Beck,ALL,0.78125,0.05482456140350877,0.78125,25,644760
302,umpire,18,18,Jacob Metz,ALL,0.6666666666666666,0.039735099337748346,0.6666666666666666,12,658082
418,umpire,33,33,Derek Thomas,ALL,0.7878787878787878,0.06220095693779904,0.7878787878787878,26,658292
310,umpire,19,17,Tyler Jones,ALL,0.5882352941176471,0.03225806451612903,0.5263157894736842,10,658325
473,umpire,26,26,Austin Jones,ALL,0.7307692307692307,0.040169133192389,0.7307692307692307,19,658536
658,umpire,41,41,Edwin Jimenez,ALL,0.7073170731707317,0.044072948328267476,0.7073170731707317,29,664263
423,umpire,32,27,Brian Walsh,ALL,0.6666666666666666,0.0425531914893617,0.5625,18,665281
506,umpire,22,17,Tom Hanahan,ALL,0.7058823529411765,0.023715415019762844,0.5454545454545454,12,665297
307,umpire,19,19,Louie Krupa,ALL,0.7894736842105263,0.048859934853420196,0.7894736842105263,15,665299
318,umpire,21,20,Dillon Wilson,ALL,0.8,0.050314465408805034,0.7619047619047619,16,665302
341,umpire,13,11,Brock Ballou,ALL,0.45454545454545453,0.01466275659824047,0.38461538461538464,5,665576
162,umpire,7,6,Jen Pawol,ALL,0.8333333333333334,0.030864197530864196,0.7142857142857143,5,668921
303,umpire,14,12,Steven Jaschinski,ALL,0.8333333333333334,0.033003300330033,0.7142857142857143,10,676580
619,umpire,37,34,James Jean,ALL,0.7941176470588235,0.04361873990306947,0.7297297297297297,27,676581
150,umpire,12,12,Felix Neon,ALL,0.8333333333333334,0.06666666666666667,0.8333333333333334,10,681849
134,umpire,7,7,Willie Traynor,ALL,0.8571428571428571,0.04477611940298507,0.8571428571428571,6,691042
6254,base_state,715,663,,OFFENSE,0.8295625942684767,0.08794371602174608,0.7692307692307693,550,000
195,base_state,29,26,,OFFENSE,0.7307692307692307,0.09743589743589744,0.6551724137931034,19,001
709,base_state,71,62,,OFFENSE,0.7903225806451613,0.0691114245416079,0.6901408450704225,49,010
174,base_state,18,17,,OFFENSE,0.7058823529411765,0.06896551724137931,0.6666666666666666,12,011
2176,base_state,242,214,,OFFENSE,0.8037383177570093,0.07904411764705882,0.7107438016528925,172,100
252,base_state,27,22,,OFFENSE,0.7272727272727273,0.06349206349206349,0.5925925925925926,16,101
724,base_state,83,74,,OFFENSE,0.7702702702702703,0.0787292817679558,0.6867469879518072,57,110
233,base_state,26,22,,OFFENSE,0.5454545454545454,0.05150214592274678,0.46153846153846156,12,111
11,batter,1,1,Miguel Rojas,OFFENSE,1.0,0.09090909090909091,1.0,1,500743
13,batter,0,0,Tommy Pham,OFFENSE,,0.0,,0,502054
12,batter,2,1,Paul Goldschmidt,OFFENSE,1.0,0.08333333333333333,0.5,1,502671
32,batter,2,2,Jose Altuve,OFFENSE,0.5,0.03125,0.5,1,514888
6,batter,1,1,Travis d'Arnaud,OFFENSE,1.0,0.16666666666666666,1.0,1,518595
38,batter,2,2,Freddie Freeman,OFFENSE,1.0,0.05263157894736842,1.0,2,518692
26,batter,2,1,Salvador Perez,OFFENSE,1.0,0.038461538461538464,0.5,1,521692
6,batter,0,0,James McCann,OFFENSE,,0.0,,0,543510
40,batter,7,7,Marcus Semien,OFFENSE,0.7142857142857143,0.125,0.7142857142857143,5,543760
31,batter,5,5,George Springer,OFFENSE,1.0,0.16129032258064516,1.0,5,543807
6,batter,1,1,Christian Vázquez,OFFENSE,1.0,0.16666666666666666,1.0,1,543877
20,batter,4,4,Ildemaro Vargas,OFFENSE,0.75,0.15,0.75,3,545121
22,batter,1,1,Randal Grichuk,OFFENSE,1.0,0.045454545454545456,1.0,1,545341
57,batter,7,7,Mike Trout,OFFENSE,0.8571428571428571,0.10526315789473684,0.8571428571428571,6,545361
20,batter,1,1,Bryce Harper,OFFENSE,1.0,0.05,1.0,1,547180
17,batter,4,4,Elias Díaz,OFFENSE,0.5,0.11764705882352941,0.5,2,553869
26,batter,2,2,Eugenio Suárez,OFFENSE,0.5,0.038461538461538464,0.5,1,553993
33,batter,5,5,Nolan Arenado,OFFENSE,0.6,0.09090909090909091,0.6,3,571448
1,batter,0,0,Kyle Farmer,OFFENSE,,0.0,,0,571657
12,batter,2,2,Enrique Hernández,OFFENSE,1.0,0.16666666666666666,1.0,2,571771
7,batter,0,0,Luke Maile,OFFENSE,,0.0,,0,571912
40,batter,3,3,Max Muncy,OFFENSE,0.6666666666666666,0.05,0.6666666666666666,2,571970
28,batter,4,4,Christian Walker,OFFENSE,0.5,0.07142857142857142,0.5,2,572233
38,batter,3,3,Mike Yastrzemski,OFFENSE,1.0,0.07894736842105263,1.0,3,573262
9,batter,5,5,Willson Contreras,OFFENSE,0.6,0.3333333333333333,0.6,3,575929
13,batter,1,1,Aaron Judge,OFFENSE,1.0,0.07692307692307693,1.0,1,592450
40,batter,4,4,Manny Machado,OFFENSE,1.0,0.1,1.0,4,592518
2,batter,0,0,Joc Pederson,OFFENSE,,0.0,,0,592626
39,batter,6,6,J.T. Realmuto,OFFENSE,0.5,0.07692307692307693,0.5,3,592663
29,batter,3,2,Christian Yelich,OFFENSE,1.0,0.06896551724137931,0.6666666666666666,2,592885
42,batter,3,3,Xander Bogaerts,OFFENSE,0.3333333333333333,0.023809523809523808,0.3333333333333333,1,593428
10,batter,2,1,Javier Báez,OFFENSE,1.0,0.1,0.5,1,595879
11,batter,1,0,Austin Hedges,OFFENSE,,0.0,0.0,0,595978
54,batter,8,8,Francisco Lindor,OFFENSE,1.0,0.14814814814814814,1.0,8,596019
31,batter,3,3,Trevor Story,OFFENSE,1.0,0.0967741935483871,1.0,3,596115
5,batter,1,1,Garrett Stubbs,OFFENSE,1.0,0.2,1.0,1,596117
20,batter,1,1,Gary Sánchez,OFFENSE,1.0,0.05,1.0,1,596142
2,batter,1,0,Ramón Urías,OFFENSE,,0.0,0.0,0,602104
37,batter,3,3,Josh Bell,OFFENSE,0.6666666666666666,0.05405405405405406,0.6666666666666666,2,605137
56,batter,6,6,Mookie Betts,OFFENSE,0.6666666666666666,0.07142857142857142,0.6666666666666666,4,605141
22,batter,4,4,Victor Caratini,OFFENSE,1.0,0.18181818181818182,1.0,4,605170
3,batter,0,0,Vimael Machín,OFFENSE,,0.0,,0,605353
41,batter,5,5,Teoscar Hernández,OFFENSE,1.0,0.12195121951219512,1.0,5,606192
41,batter,2,2,Ketel Marte,OFFENSE,1.0,0.04878048780487805,1.0,2,606466
26,batter,3,3,Brandon Nimmo,OFFENSE,1.0,0.11538461538461539,1.0,3,607043
35,batter,5,5,Trea Turner,OFFENSE,0.6,0.08571428571428572,0.6,3,607208
50,batter,7,7,José Ramírez,OFFENSE,0.8571428571428571,0.12,0.8571428571428571,6,608070
35,batter,7,7,Alex Bregman,OFFENSE,0.7142857142857143,0.14285714285714285,0.7142857142857143,5,608324
18,batter,1,1,Carson Kelly,OFFENSE,1.0,0.05555555555555555,1.0,1,608348
17,batter,5,5,Corey Seager,OFFENSE,1.0,0.29411764705882354,1.0,5,608369
15,batter,2,1,Luis Torrens,OFFENSE,1.0,0.06666666666666667,0.5,1,620443
18,batter,3,3,Dansby Swanson,OFFENSE,0.6666666666666666,0.1111111111111111,0.6666666666666666,2,621020
15,batter,0,0,Tyrone Taylor,OFFENSE,,0.0,,0,621438
13,batter,4,4,Taylor Ward,OFFENSE,1.0,0.3076923076923077,1.0,4,621493
22,batter,1,1,Matt Olson,OFFENSE,1.0,0.045454545454545456,1.0,1,621566
24,batter,5,4,Donovan Walton,OFFENSE,0.75,0.125,0.6,3,622268
14,batter,2,2,Jorge Mateo,OFFENSE,0.5,0.07142857142857142,0.5,1,622761
9,batter,0,0,Tyler Heineman,OFFENSE,,0.0,,0,623168
47,batter,6,6,Pete Alonso,OFFENSE,1.0,0.1276595744680851,1.0,6,624413
25,batter,2,2,Michael Conforto,OFFENSE,0.5,0.04,0.5,1,624424
5,batter,1,1,Adam Frazier,OFFENSE,1.0,0.2,1.0,1,624428
13,batter,1,1,Jose Trevino,OFFENSE,1.0,0.07692307692307693,1.0,1,624431
4,batter,0,0,Edmundo Sosa,OFFENSE,,0.0,,0,624641
41,batter,3,3,Jake Cronenworth,OFFENSE,1.0,0.07317073170731707,1.0,3,630105
3,batter,0,0,Brian Navarreto,OFFENSE,,0.0,,0,640459
9,batter,2,1,Jhonny Pereda,OFFENSE,1.0,0.1111111111111111,0.5,1,640902
38,batter,4,3,Jake Bauers,OFFENSE,0.3333333333333333,0.02631578947368421,0.25,1,641343
29,batter,2,2,Cody Bellinger,OFFENSE,0.5,0.034482758620689655,0.5,1,641355
60,batter,1,0,J.P. Crawford,OFFENSE,,0.0,0.0,0,641487
4,batter,1,1,Jake Fraley,OFFENSE,0.0,0.0,0.0,0,641584
32,batter,1,0,Jonah Heim,OFFENSE,,0.0,0.0,0,641680
23,batter,2,2,Ryan McMahon,OFFENSE,1.0,0.08695652173913043,1.0,2,641857
8,batter,1,0,Dominic Smith,OFFENSE,,0.0,0.0,0,642086
21,batter,5,5,Weston Wilson,OFFENSE,1.0,0.23809523809523808,1.0,5,642215
29,batter,3,2,Jose Siri,OFFENSE,1.0,0.06896551724137931,0.6666666666666666,2,642350
4,batter,1,1,Amed Rosario,OFFENSE,1.0,0.25,1.0,1,642708
17,batter,4,2,Andrew Benintendi,OFFENSE,1.0,0.11764705882352941,0.5,2,643217
34,batter,2,2,Mauricio Dubón,OFFENSE,0.5,0.029411764705882353,0.5,1,643289
25,batter,2,2,Danny Jansen,OFFENSE,1.0,0.08,1.0,2,643376
23,batter,3,3,Isiah Kiner-Falefa,OFFENSE,1.0,0.13043478260869565,1.0,3,643396
13,batter,4,4,Jeff McNeil,OFFENSE,0.25,0.07692307692307693,0.25,1,643446
23,batter,1,1,Ozzie Albies,OFFENSE,1.0,0.043478260869565216,1.0,1,645277
7,batter,0,0,Ali Sánchez,OFFENSE,,0.0,,0,645305
8,batter,0,0,Rafael Devers,OFFENSE,,0.0,,0,646240
25,batter,3,3,Josh Naylor,OFFENSE,0.6666666666666666,0.08,0.6666666666666666,2,647304
44,batter,3,3,Luis Arraez,OFFENSE,1.0,0.06818181818181818,1.0,3,650333
32,batter,6,6,Gleyber Torres,OFFENSE,0.5,0.09375,0.5,3,650402
36,batter,3,3,Yandy Díaz,OFFENSE,1.0,0.08333333333333333,1.0,3,650490
14,batter,1,1,Bryan De La Cruz,OFFENSE,1.0,0.07142857142857142,1.0,1,650559
8,batter,0,0,Yohel Pozo,OFFENSE,,0.0,,0,650968
18,batter,0,0,Andruw Monasterio,OFFENSE,,0.0,,0,655316
5,batter,0,0,Derek Hill,OFFENSE,,0.0,,0,656537
1,batter,0,0,Alex Jackson,OFFENSE,,0.0,,0,656577
27,batter,3,2,Zach McKinstry,OFFENSE,1.0,0.07407407407407407,0.6666666666666666,2,656716
17,batter,5,3,Cedric Mullins,OFFENSE,0.6666666666666666,0.11764705882352941,0.4,2,656775
33,batter,1,1,Ryan O'Hearn,OFFENSE,1.0,0.030303030303030304,1.0,1,656811
44,batter,2,2,Kyle Schwarber,OFFENSE,0.5,0.022727272727272728,0.5,1,656941
26,batter,7,7,Pavin Smith,OFFENSE,1.0,0.2692307692307692,1.0,7,656976
6,batter,0,0,Connor Wong,OFFENSE,,0.0,,0,657136
3,batter,0,0,Rudy Martin Jr.,OFFENSE,,0.0,,0,657675
6,batter,1,1,Gavin Sheets,OFFENSE,1.0,0.16666666666666666,1.0,1,657757
14,batter,0,0,Shohei Ohtani,OFFENSE,,0.0,,0,660271
22,batter,5,5,Ronald Acuña Jr.,OFFENSE,0.4,0.09090909090909091,0.4,2,660670
16,batter,1,1,Keibert Ruiz,OFFENSE,1.0,0.0625,1.0,1,660688
7,batter,2,2,Jesús Sánchez,OFFENSE,1.0,0.2857142857142857,1.0,2,660821
7,batter,2,2,Leo Rivas,OFFENSE,1.0,0.2857142857142857,1.0,2,660844
23,batter,2,2,William Contreras,OFFENSE,1.0,0.08695652173913043,1.0,2,661388
9,batter,2,2,Brian Serven,OFFENSE,1.0,0.2222222222222222,1.0,2,661531
16,batter,5,5,Daulton Varsho,OFFENSE,0.8,0.25,0.8,4,662139
16,batter,5,5,Jahmai Jones,OFFENSE,1.0,0.3125,1.0,5,663330
55,batter,3,2,Lars Nootbaar,OFFENSE,1.0,0.03636363636363636,0.6666666666666666,2,663457
22,batter,4,2,Bryan Torres,OFFENSE,0.5,0.045454545454545456,0.25,1,663494
34,batter,2,2,Nico Hoerner,OFFENSE,0.5,0.029411764705882353,0.5,1,663538
33,batter,3,3,Austin Riley,OFFENSE,1.0,0.09090909090909091,1.0,3,663586
1,batter,0,0,Brandon Lockridge,OFFENSE,,0.0,,0,663604
1,batter,1,1,Nick Madrigal,OFFENSE,1.0,1.0,1.0,1,663611
13,batter,1,1,Ke'Bryan Hayes,OFFENSE,1.0,0.07692307692307693,1.0,1,663647
26,batter,4,4,Kyle Tucker,OFFENSE,1.0,0.15384615384615385,1.0,4,663656
31,batter,5,3,Cal Raleigh,OFFENSE,0.3333333333333333,0.03225806451612903,0.2,1,663728
19,batter,2,2,Nick Fortes,OFFENSE,0.5,0.05263157894736842,0.5,1,663743
25,batter,4,4,Tyler Stephenson,OFFENSE,1.0,0.16,1.0,4,663886
18,batter,2,2,Jake Mangum,OFFENSE,1.0,0.1111111111111111,1.0,2,663968
16,batter,4,4,Nathaniel Lowe,OFFENSE,1.0,0.25,1.0,4,663993
36,batter,2,2,Ian Happ,OFFENSE,0.5,0.027777777777777776,0.5,1,664023
17,batter,2,2,Ty France,OFFENSE,1.0,0.11764705882352941,1.0,2,664034
29,batter,2,2,Brandon Lowe,OFFENSE,1.0,0.06896551724137931,1.0,2,664040
36,batter,4,4,Myles Straw,OFFENSE,0.75,0.08333333333333333,0.75,3,664702
27,batter,2,2,Kyle Isbel,OFFENSE,0.5,0.037037037037037035,0.5,1,664728
44,batter,6,6,Alec Bohm,OFFENSE,0.5,0.06818181818181818,0.5,3,664761
27,batter,1,1,Nathan Lukes,OFFENSE,1.0,0.037037037037037035,1.0,1,664770
13,batter,0,0,LaMonte Wade Jr.,OFFENSE,,0.0,,0,664774
11,batter,0,0,Brett Sullivan,OFFENSE,,0.0,,0,664954
21,batter,3,3,Jake McCarthy,OFFENSE,1.0,0.14285714285714285,1.0,3,664983
36,batter,5,5,Kody Clemens,OFFENSE,1.0,0.1388888888888889,1.0,5,665019
23,batter,2,2,Griffin Conine,OFFENSE,1.0,0.08695652173913043,1.0,2,665052
35,batter,5,4,Jeremy Peña,OFFENSE,0.75,0.08571428571428572,0.6,3,665161
43,batter,3,3,Fernando Tatis Jr.,OFFENSE,1.0,0.06976744186046512,1.0,3,665487
36,batter,5,5,Vladimir Guerrero Jr.,OFFENSE,0.8,0.1111111111111111,0.8,4,665489
52,batter,4,3,Juan Soto,OFFENSE,1.0,0.057692307692307696,0.75,3,665742
15,batter,2,2,Leody Taveras,OFFENSE,1.0,0.13333333333333333,1.0,2,665750
10,batter,1,1,Miguel Amaya,OFFENSE,1.0,0.1,1.0,1,665804
5,batter,2,2,Oswaldo Cabrera,OFFENSE,1.0,0.4,1.0,2,665828
47,batter,3,3,Oneil Cruz,OFFENSE,1.0,0.06382978723404255,1.0,3,665833
5,batter,0,0,Jazz Chisholm Jr.,OFFENSE,,0.0,,0,665862
36,batter,6,6,José Fermín,OFFENSE,1.0,0.16666666666666666,1.0,6,665877
29,batter,4,4,Esteury Ruiz,OFFENSE,0.75,0.10344827586206896,0.75,3,665923
18,batter,1,1,Andrés Giménez,OFFENSE,1.0,0.05555555555555555,1.0,1,665926
19,batter,2,2,Andrés Chaparro,OFFENSE,1.0,0.10526315789473684,1.0,2,665953
7,batter,1,1,Carlos Narváez,OFFENSE,1.0,0.14285714285714285,1.0,1,665966
49,batter,4,3,Jonathan Aranda,OFFENSE,1.0,0.061224489795918366,0.75,3,666018
8,batter,0,0,Freddy Fermin,OFFENSE,,0.0,,0,666023
20,batter,1,1,Carlos Cortes,OFFENSE,1.0,0.05,1.0,1,666126
24,batter,2,2,Josh Lowe,OFFENSE,0.5,0.041666666666666664,0.5,1,666139
25,batter,3,3,David Hamilton,OFFENSE,1.0,0.12,1.0,3,666152
13,batter,0,0,Mickey Moniak,OFFENSE,,0.0,,0,666160
32,batter,3,3,Jo Adell,OFFENSE,1.0,0.09375,1.0,3,666176
43,batter,8,7,Bo Bichette,OFFENSE,0.8571428571428571,0.13953488372093023,0.75,6,666182
16,batter,1,1,Taylor Trammell,OFFENSE,1.0,0.0625,1.0,1,666211
4,batter,0,0,Bo Naylor,OFFENSE,,0.0,,0,666310
4,batter,0,0,Christopher Morel,OFFENSE,,0.0,,0,666624
2,batter,0,0,Lourdes Gurriel Jr.,OFFENSE,,0.0,,0,666971
28,batter,1,0,Dane Myers,OFFENSE,,0.0,0.0,0,667472
50,batter,9,7,Randy Arozarena,OFFENSE,0.8571428571428571,0.12,0.6666666666666666,6,668227
8,batter,2,2,Jake Rogers,OFFENSE,0.5,0.125,0.5,1,668670
38,batter,6,6,JJ Bleday,OFFENSE,0.8333333333333334,0.13157894736842105,0.8333333333333334,5,668709
29,batter,5,2,Ryan Vilade,OFFENSE,0.5,0.034482758620689655,0.2,1,668723
25,batter,2,2,Andrew Knizner,OFFENSE,0.5,0.04,0.5,1,668800
29,batter,2,2,Bryan Reynolds,OFFENSE,0.5,0.034482758620689655,0.5,1,668804
14,batter,2,2,Austin Martin,OFFENSE,0.5,0.07142857142857142,0.5,1,668885
17,batter,2,2,Mark Vientos,OFFENSE,0.0,0.0,0.0,0,668901
34,batter,4,2,Royce Lewis,OFFENSE,1.0,0.058823529411764705,0.5,2,668904
53,batter,8,6,Brice Turang,OFFENSE,0.6666666666666666,0.07547169811320754,0.5,4,668930
38,batter,2,2,Adley Rutschman,OFFENSE,1.0,0.05263157894736842,1.0,2,668939
6,batter,1,1,Josh Rojas,OFFENSE,0.0,0.0,0.0,0,668942
23,batter,5,5,Ryan Kreidler,OFFENSE,1.0,0.21739130434782608,1.0,5,668952
37,batter,6,5,Garrett Mitchell,OFFENSE,0.8,0.10810810810810811,0.6666666666666666,4,669003
23,batter,1,1,Brandon Marsh,OFFENSE,1.0,0.043478260869565216,1.0,1,669016
13,batter,1,1,Kyle Stowers,OFFENSE,1.0,0.07692307692307693,1.0,1,669065
30,batter,3,3,Shea Langeliers,OFFENSE,0.6666666666666666,0.06666666666666667,0.6666666666666666,2,669127
23,batter,3,3,Luis Campusano,OFFENSE,0.6666666666666666,0.08695652173913043,0.6666666666666666,2,669134
24,batter,1,1,Sean Murphy,OFFENSE,1.0,0.041666666666666664,1.0,1,669221
23,batter,2,2,Austin Wells,OFFENSE,0.5,0.043478260869565216,0.5,1,669224
31,batter,5,5,Jeremiah Jackson,OFFENSE,1.0,0.16129032258064516,1.0,5,669236
34,batter,3,3,Tommy Edman,OFFENSE,0.6666666666666666,0.058823529411764705,0.6666666666666666,2,669242
31,batter,4,4,Will Smith,OFFENSE,1.0,0.12903225806451613,1.0,4,669257
9,batter,2,2,Bryce Teodosio,OFFENSE,1.0,0.2222222222222222,1.0,2,669326
21,batter,3,3,Nolan Gorman,OFFENSE,1.0,0.14285714285714285,1.0,3,669357
12,batter,1,1,Xavier Edwards,OFFENSE,1.0,0.08333333333333333,1.0,1,669364
33,batter,6,4,Samad Taylor,OFFENSE,1.0,0.12121212121212122,0.6666666666666666,4,669392
41,batter,5,5,Jake Burger,OFFENSE,0.6,0.07317073170731707,0.6,3,669394
7,batter,0,0,Nick Allen,OFFENSE,,0.0,,0,669397
36,batter,6,6,Josh Smith,OFFENSE,0.8333333333333334,0.1388888888888889,0.8333333333333334,5,669701
16,batter,3,2,Jared Triolo,OFFENSE,1.0,0.125,0.6666666666666666,2,669707
7,batter,0,0,Austin Hays,OFFENSE,,0.0,,0,669720
10,batter,0,0,Alex Call,OFFENSE,,0.0,,0,669743
16,batter,2,1,Nicky Lopez,OFFENSE,1.0,0.0625,0.5,1,670032
37,batter,4,4,John Rave,OFFENSE,0.5,0.05405405405405406,0.5,2,670231
26,batter,1,1,Yordan Alvarez,OFFENSE,1.0,0.038461538461538464,1.0,1,670541
53,batter,9,7,Isaac Paredes,OFFENSE,1.0,0.1320754716981132,0.7777777777777778,7,670623
14,batter,1,1,Taylor Walls,OFFENSE,1.0,0.07142857142857142,1.0,1,670764
2,batter,1,1,TJ Friedl,OFFENSE,1.0,0.5,1.0,1,670770
52,batter,7,7,Iván Herrera,OFFENSE,0.8571428571428571,0.11538461538461539,0.8571428571428571,6,671056
37,batter,2,1,Heliot Ramos,OFFENSE,1.0,0.02702702702702703,0.5,1,671218
22,batter,4,4,Luis García Jr.,OFFENSE,1.0,0.18181818181818182,1.0,4,671277
45,batter,5,5,Lawrence Butler,OFFENSE,0.2,0.022222222222222223,0.2,1,671732
27,batter,0,0,Michael Harris II,OFFENSE,,0.0,,0,671739
30,batter,5,4,Tristan Peters,OFFENSE,0.5,0.06666666666666667,0.4,2,671976
13,batter,2,2,Denzel Clarke,OFFENSE,0.5,0.07692307692307693,0.5,1,672016
26,batter,2,2,Patrick Bailey,OFFENSE,1.0,0.07692307692307693,1.0,2,672275
1,batter,0,0,Gabriel Arias,OFFENSE,,0.0,,0,672356
40,batter,3,3,Alejandro Kirk,OFFENSE,0.3333333333333333,0.025,0.3333333333333333,1,672386
60,batter,12,12,Gabriel Moreno,OFFENSE,0.6666666666666666,0.13333333333333333,0.6666666666666666,8,672515
33,batter,3,3,Maikel Garcia,OFFENSE,0.3333333333333333,0.030303030303030304,0.3333333333333333,1,672580
48,batter,9,9,Otto Lopez,OFFENSE,0.4444444444444444,0.08333333333333333,0.4444444444444444,4,672640
59,batter,2,2,Geraldo Perdomo,OFFENSE,1.0,0.03389830508474576,1.0,2,672695
7,batter,1,0,Oswald Peraza,OFFENSE,,0.0,0.0,0,672724
48,batter,8,8,Kazuma Okamoto,OFFENSE,1.0,0.16666666666666666,1.0,8,672960
23,batter,0,0,Yainer Diaz,OFFENSE,,0.0,,0,673237
33,batter,3,1,Ha-Seong Kim,OFFENSE,1.0,0.030303030303030304,0.3333333333333333,1,673490
52,batter,1,1,Seiya Suzuki,OFFENSE,0.0,0.0,0.0,0,673548
20,batter,4,4,Josh Jung,OFFENSE,1.0,0.2,1.0,4,673962
19,batter,1,1,Alika Williams,OFFENSE,1.0,0.05263157894736842,1.0,1,675961
28,batter,3,2,Jonny DeLuca,OFFENSE,1.0,0.07142857142857142,0.6666666666666666,2,676356
4,batter,1,0,Nelson Velázquez,OFFENSE,,0.0,0.0,0,676369
19,batter,1,1,Ernie Clement,OFFENSE,1.0,0.05263157894736842,1.0,1,676391
24,batter,6,6,Hunter Feduccia,OFFENSE,1.0,0.25,1.0,6,676439
17,batter,2,2,Alec Burleson,OFFENSE,1.0,0.11764705882352941,1.0,2,676475
3,batter,0,0,José Barrero,OFFENSE,,0.0,,0,676480
7,batter,1,1,Brewer Hicklen,OFFENSE,1.0,0.14285714285714285,1.0,1,676551
15,batter,2,1,José Caballero,OFFENSE,1.0,0.06666666666666667,0.5,1,676609
10,batter,1,1,Jared Young,OFFENSE,1.0,0.1,1.0,1,676724
11,batter,3,3,Davis Schneider,OFFENSE,0.6666666666666666,0.18181818181818182,0.6666666666666666,2,676914
8,batter,2,2,Heston Kjerstad,OFFENSE,1.0,0.25,1.0,2,677008
6,batter,0,0,Kyren Paris,OFFENSE,,0.0,,0,677347
33,batter,2,1,Brayan Rocchio,OFFENSE,0.0,0.0,0.0,0,677587
11,batter,1,1,José Tena,OFFENSE,0.0,0.0,0.0,0,677588
38,batter,4,3,Julio Rodríguez,OFFENSE,1.0,0.07894736842105263,0.75,3,677594
7,batter,2,1,Ronny Mauricio,OFFENSE,1.0,0.14285714285714285,0.5,1,677595
28,batter,5,5,Ezequiel Duran,OFFENSE,1.0,0.17857142857142858,1.0,5,677649
53,batter,9,9,Wilyer Abreu,OFFENSE,0.8888888888888888,0.1509433962264151,0.8888888888888888,8,677800
2,batter,0,0,Will Banfield,OFFENSE,,0.0,,0,677943
23,batter,2,2,Bobby Witt Jr.,OFFENSE,1.0,0.08695652173913043,1.0,2,677951
9,batter,1,0,Rece Hinds,OFFENSE,,0.0,0.0,0,677956
2,batter,0,0,Anthony Seigler,OFFENSE,,0.0,,0,678011
5,batter,0,0,Brandon Valenzuela,OFFENSE,,0.0,,0,678218
42,batter,9,8,Miguel Vargas,OFFENSE,0.875,0.16666666666666666,0.7777777777777778,7,678246
21,batter,2,2,Jorbit Vivas,OFFENSE,1.0,0.09523809523809523,1.0,2,678391
8,batter,0,0,Jorge Barrosa,OFFENSE,,0.0,,0,678489
17,batter,3,3,Osleivis Basabe,OFFENSE,1.0,0.17647058823529413,1.0,3,678545
12,batter,0,0,Ezequiel Tovar,OFFENSE,,0.0,,0,678662
3,batter,1,1,Ceddanne Rafaela,OFFENSE,1.0,0.3333333333333333,1.0,1,678882
54,batter,7,7,Spencer Torkelson,OFFENSE,0.8571428571428571,0.1111111111111111,0.8571428571428571,6,679529
16,batter,2,2,Justin Foscue,OFFENSE,1.0,0.125,1.0,2,679822
27,batter,3,2,Nick Loftin,OFFENSE,1.0,0.07407407407407407,0.6666666666666666,2,679845
29,batter,2,2,Matt McLain,OFFENSE,1.0,0.06896551724137931,1.0,2,680574
1,batter,0,0,DaShawn Keirsey Jr.,OFFENSE,,0.0,,0,680577
29,batter,3,2,Eduardo Valencia,OFFENSE,0.5,0.034482758620689655,0.3333333333333333,1,680664
26,batter,4,3,Richie Palacios,OFFENSE,0.3333333333333333,0.038461538461538464,0.25,1,680700
1,batter,0,0,Adrian Del Castillo,OFFENSE,,0.0,,0,680728
69,batter,7,6,Steven Kwan,OFFENSE,1.0,0.08695652173913043,0.8571428571428571,6,680757
17,batter,1,1,Jarren Duran,OFFENSE,0.0,0.0,0.0,0,680776
38,batter,4,4,Ryan Jeffers,OFFENSE,1.0,0.10526315789473684,1.0,4,680777
11,batter,0,0,Henry Davis,OFFENSE,,0.0,,0,680779
35,batter,4,4,Zack Gelof,OFFENSE,0.25,0.02857142857142857,0.25,1,680869
10,batter,0,0,Christian Franklin,OFFENSE,,0.0,,0,681047
51,batter,5,4,Bryson Stott,OFFENSE,1.0,0.0784313725490196,0.8,4,681082
25,batter,0,0,TJ Rumfield,OFFENSE,,0.0,,0,681198
34,batter,3,3,Colton Cowser,OFFENSE,1.0,0.08823529411764706,1.0,3,681297
14,batter,2,1,Connor Norby,OFFENSE,1.0,0.07142857142857142,0.5,1,681393
34,batter,3,3,Mickey Gasper,OFFENSE,0.6666666666666666,0.058823529411764705,0.6666666666666666,2,681508
21,batter,2,2,Andy Pages,OFFENSE,1.0,0.09523809523809523,1.0,2,681624
42,batter,6,6,Heriberto Hernández,OFFENSE,0.8333333333333334,0.11904761904761904,0.8333333333333334,5,681715
14,batter,1,1,David Fry,OFFENSE,1.0,0.07142857142857142,1.0,1,681807
8,batter,0,0,Nate Eaton,OFFENSE,,0.0,,0,681987
2,batter,0,0,Daniel Schneemann,OFFENSE,,0.0,,0,682177
30,batter,1,1,Francisco Alvarez,OFFENSE,1.0,0.03333333333333333,1.0,1,682626
19,batter,0,0,Angel Martínez,OFFENSE,,0.0,,0,682657
21,batter,1,1,Agustín Ramírez,OFFENSE,1.0,0.047619047619047616,1.0,1,682663
6,batter,1,1,Luisangel Acuña,OFFENSE,1.0,0.16666666666666666,1.0,1,682668
18,batter,3,3,Victor Bericoto,OFFENSE,1.0,0.16666666666666666,1.0,3,682674
68,batter,4,4,Elly De La Cruz,OFFENSE,1.0,0.058823529411764705,1.0,4,682829
17,batter,2,2,Juan Brito,OFFENSE,1.0,0.11764705882352941,1.0,2,682877
20,batter,2,1,Ronny Simon,OFFENSE,0.0,0.0,0.0,0,682927
25,batter,5,3,CJ Abrams,OFFENSE,1.0,0.12,0.6,3,682928
41,batter,4,4,Riley Greene,OFFENSE,0.75,0.07317073170731707,0.75,3,682985
27,batter,3,3,Spencer Jones,OFFENSE,0.6666666666666666,0.07407407407407407,0.6666666666666666,2,682987
33,batter,3,3,Corbin Carroll,OFFENSE,1.0,0.09090909090909091,1.0,3,682998
40,batter,3,3,Gunnar Henderson,OFFENSE,0.3333333333333333,0.025,0.3333333333333333,1,683002
29,batter,5,5,Anthony Volpe,OFFENSE,1.0,0.1724137931034483,1.0,5,683011
8,batter,1,1,Michael Stefanic,OFFENSE,0.0,0.0,0.0,0,683021
18,batter,2,2,Nasim Nuñez,OFFENSE,1.0,0.1111111111111111,1.0,2,683083
4,batter,2,2,Matthew Lugo,OFFENSE,1.0,0.5,1.0,2,683090
24,batter,1,1,Brett Baty,OFFENSE,1.0,0.041666666666666664,1.0,1,683146
4,batter,0,0,Cody Freeman,OFFENSE,,0.0,,0,683227
1,batter,0,0,Owen Caissie,OFFENSE,,0.0,,0,683357
13,batter,2,2,Andrew Vaughn,OFFENSE,1.0,0.15384615384615385,1.0,2,683734
48,batter,6,6,Michael Busch,OFFENSE,0.8333333333333334,0.10416666666666667,0.8333333333333334,5,683737
18,batter,2,0,Victor Mesa Jr.,OFFENSE,,0.0,0.0,0,683748
28,batter,2,2,Christian Koss,OFFENSE,0.5,0.03571428571428571,0.5,1,683766
32,batter,4,4,Travis Bazzana,OFFENSE,1.0,0.125,1.0,4,683953
43,batter,6,6,Wade Meckler,OFFENSE,0.8333333333333334,0.11627906976744186,0.8333333333333334,5,685133
19,batter,2,2,Sal Frelick,OFFENSE,1.0,0.10526315789473684,1.0,2,686217
28,batter,3,3,Vinnie Pasquantino,OFFENSE,1.0,0.10714285714285714,1.0,3,686469
9,batter,2,2,Tyler Tolbert,OFFENSE,1.0,0.2222222222222222,1.0,2,686475
51,batter,3,2,Dominic Canzone,OFFENSE,1.0,0.0392156862745098,0.6666666666666666,2,686527
35,batter,3,3,Isaac Collins,OFFENSE,0.6666666666666666,0.05714285714285714,0.6666666666666666,2,686555
29,batter,6,5,Dylan Crews,OFFENSE,0.8,0.13793103448275862,0.6666666666666666,4,686611
21,batter,3,3,Brenton Doyle,OFFENSE,0.6666666666666666,0.09523809523809523,0.6666666666666666,2,686668
29,batter,2,2,Michael Massey,OFFENSE,1.0,0.06896551724137931,1.0,2,686681
51,batter,7,7,Nick Sogard,OFFENSE,0.8571428571428571,0.11764705882352941,0.8571428571428571,6,686765
9,batter,1,1,Pedro Pagés,OFFENSE,1.0,0.1111111111111111,1.0,1,686780
35,batter,3,3,Brooks Lee,OFFENSE,0.6666666666666666,0.05714285714285714,0.6666666666666666,2,686797
34,batter,5,5,Drake Baldwin,OFFENSE,1.0,0.14705882352941177,1.0,5,686948
35,batter,3,3,Vaughn Grissom,OFFENSE,0.6666666666666666,0.05714285714285714,0.6666666666666666,2,687093
4,batter,0,0,Dalton Rushing,OFFENSE,,0.0,,0,687221
53,batter,10,10,Zach Neto,OFFENSE,0.4,0.07547169811320754,0.4,4,687263
3,batter,0,0,Victor Scott II,OFFENSE,,0.0,,0,687363
36,batter,5,5,Joey Ortiz,OFFENSE,0.8,0.1111111111111111,0.8,4,687401
22,batter,3,2,Spencer Horwitz,OFFENSE,0.5,0.045454545454545456,0.3333333333333333,1,687462
13,batter,0,0,Grant McCray,OFFENSE,,0.0,,0,687529
31,batter,3,3,Drew Gilbert,OFFENSE,1.0,0.0967741935483871,1.0,3,687551
15,batter,1,1,Jordan Beck,OFFENSE,1.0,0.06666666666666667,1.0,1,687597
2,batter,0,0,Andrew Pinckney,OFFENSE,,0.0,,0,687605
50,batter,9,9,Dylan Beavers,OFFENSE,0.8888888888888888,0.16,0.8888888888888888,8,687637
6,batter,0,0,Jase Bowen,OFFENSE,,0.0,,0,687749
16,batter,1,1,Troy Johnston,OFFENSE,1.0,0.0625,1.0,1,687859
23,batter,6,6,Christian Encarnacion-Strand,OFFENSE,1.0,0.2608695652173913,1.0,6,687952
37,batter,3,3,Dustin Harris,OFFENSE,1.0,0.08108108108108109,1.0,3,687957
11,batter,2,2,Graham Pauley,OFFENSE,1.0,0.18181818181818182,1.0,2,688363
25,batter,2,1,Liam Hicks,OFFENSE,1.0,0.04,0.5,1,689414
1,batter,0,0,Jace Jung,OFFENSE,,0.0,,0,690291
4,batter,1,1,Braxton Fulford,OFFENSE,1.0,0.25,1.0,1,690924
17,batter,2,2,Alex Freeland,OFFENSE,0.5,0.058823529411764705,0.5,1,690976
9,batter,1,1,Petey Halpin,OFFENSE,0.0,0.0,0.0,0,690984
20,batter,2,2,Colt Keith,OFFENSE,0.0,0.0,0.0,0,690993
16,batter,3,3,Yohandy Morales,OFFENSE,1.0,0.1875,1.0,3,691002
1,batter,0,0,Drew Romo,OFFENSE,,0.0,,0,691011
45,batter,5,4,Kyle Teel,OFFENSE,0.5,0.044444444444444446,0.4,2,691019
28,batter,3,3,Jordan Walker,OFFENSE,1.0,0.10714285714285714,1.0,3,691023
49,batter,8,7,Masyn Winn,OFFENSE,0.8571428571428571,0.12244897959183673,0.75,6,691026
33,batter,5,4,Emmanuel Rodriguez,OFFENSE,0.75,0.09090909090909091,0.6,3,691181
20,batter,3,2,Adael Amador,OFFENSE,0.5,0.05,0.3333333333333333,1,691182
19,batter,0,0,Deyvison De Los Santos,OFFENSE,,0.0,,0,691277
35,batter,4,4,Junior Caminero,OFFENSE,1.0,0.11428571428571428,1.0,4,691406
32,batter,4,4,Javier Sanoja,OFFENSE,1.0,0.125,1.0,4,691594
34,batter,3,3,Pete Crow-Armstrong,OFFENSE,0.6666666666666666,0.058823529411764705,0.6666666666666666,2,691718
44,batter,10,9,Kyle Karros,OFFENSE,0.7777777777777778,0.1590909090909091,0.7,7,691720
49,batter,6,6,Coby Mayo,OFFENSE,0.6666666666666666,0.08163265306122448,0.6666666666666666,4,691723
13,batter,1,1,Zac Veen,OFFENSE,0.0,0.0,0.0,0,691728
7,batter,0,0,Max Muncy,OFFENSE,,0.0,,0,691777
24,batter,3,3,Brady House,OFFENSE,0.3333333333333333,0.041666666666666664,0.3333333333333333,1,691781
26,batter,5,5,Jordan Lawlar,OFFENSE,1.0,0.19230769230769232,1.0,5,691783
18,batter,2,2,Marcelo Mayer,OFFENSE,0.5,0.05555555555555555,0.5,1,691785
18,batter,3,3,Joe Mack,OFFENSE,1.0,0.16666666666666666,1.0,3,691788
10,batter,1,1,Jared Serna,OFFENSE,1.0,0.1,1.0,1,691858
24,batter,3,2,Nick Gonzales,OFFENSE,1.0,0.08333333333333333,0.6666666666666666,2,693304
3,batter,1,1,Aaron Sabato,OFFENSE,1.0,0.3333333333333333,1.0,1,693306
29,batter,5,4,Dillon Dingler,OFFENSE,1.0,0.13793103448275862,0.8,4,693307
1,batter,0,0,César Prieto,OFFENSE,,0.0,,0,693409
41,batter,2,2,Jackson Chourio,OFFENSE,1.0,0.04878048780487805,1.0,2,694192
15,batter,2,2,Angel Genao,OFFENSE,1.0,0.13333333333333333,1.0,2,694197
18,batter,2,2,Denzer Guzman,OFFENSE,1.0,0.1111111111111111,1.0,2,694203
20,batter,0,0,Moisés Ballesteros,OFFENSE,,0.0,,0,694208
13,batter,2,2,Samuel Basallo,OFFENSE,0.5,0.07692307692307693,0.5,1,694212
25,batter,6,5,Cole Carrigg,OFFENSE,0.4,0.08,0.3333333333333333,2,694249
1,batter,0,0,Tommy Troy,OFFENSE,,0.0,,0,694371
27,batter,5,5,Tim Tawa,OFFENSE,0.8,0.14814814814814814,0.8,4,694374
32,batter,2,2,Shay Whitcomb,OFFENSE,1.0,0.0625,1.0,2,694376
9,batter,2,2,Jacob Gonzalez,OFFENSE,1.0,0.2222222222222222,1.0,2,694378
1,batter,1,1,Joey Loperfido,OFFENSE,1.0,1.0,1.0,1,694388
23,batter,3,3,Evan Carter,OFFENSE,0.3333333333333333,0.043478260869565216,0.3333333333333333,1,694497
50,batter,7,6,Wyatt Langford,OFFENSE,1.0,0.12,0.8571428571428571,6,694671
18,batter,2,2,Abimelec Ortiz,OFFENSE,1.0,0.1111111111111111,1.0,2,694673
2,batter,0,0,Brice Matthews,OFFENSE,,0.0,,0,694728
5,batter,0,0,Billy Cook,OFFENSE,,0.0,,0,695257
35,batter,0,0,Thomas Saggese,OFFENSE,,0.0,,0,695336
28,batter,5,5,Brett Harris,OFFENSE,1.0,0.17857142857142858,1.0,5,695391
10,batter,0,0,Joshua Báez,OFFENSE,,0.0,,0,695491
15,batter,0,0,Jac Caglianone,OFFENSE,,0.0,,0,695506
57,batter,6,5,James Wood,OFFENSE,0.8,0.07017543859649122,0.6666666666666666,4,695578
34,batter,3,3,Carter Jensen,OFFENSE,0.3333333333333333,0.029411764705882353,0.3333333333333333,1,695600
41,batter,4,4,Colson Montgomery,OFFENSE,1.0,0.0975609756097561,1.0,4,695657
17,batter,2,2,Harry Ford,OFFENSE,1.0,0.11764705882352941,1.0,2,695670
28,batter,3,2,Christian Moore,OFFENSE,1.0,0.07142857142857142,0.6666666666666666,2,695681
21,batter,2,2,Tommy White,OFFENSE,1.0,0.09523809523809523,1.0,2,695720
25,batter,5,3,Braden Montgomery,OFFENSE,0.6666666666666666,0.08,0.4,2,695731
14,batter,1,0,Daylen Lile,OFFENSE,,0.0,0.0,0,695734
6,batter,0,0,Alejandro Osuna,OFFENSE,,0.0,,0,696030
15,batter,1,1,Hunter Goodman,OFFENSE,1.0,0.06666666666666667,1.0,1,696100
27,batter,3,3,Jacob Young,OFFENSE,0.6666666666666666,0.07407407407407407,0.6666666666666666,2,696285
3,batter,0,0,Esmerlyn Valdez,OFFENSE,,0.0,,0,699013
42,batter,3,2,Leo Bernal,OFFENSE,0.5,0.023809523809523808,0.3333333333333333,1,699024
16,batter,0,0,Carlos Jorge,OFFENSE,,0.0,,0,699115
23,batter,4,4,Héctor Rodríguez,OFFENSE,0.75,0.13043478260869565,0.75,3,699302
30,batter,2,2,Pedro Ramírez,OFFENSE,1.0,0.06666666666666667,1.0,2,699393
13,batter,0,0,Jose Fernandez,OFFENSE,,0.0,,0,699912
57,batter,6,6,Ben Rice,OFFENSE,0.6666666666666666,0.07017543859649122,0.6666666666666666,4,700250
1,batter,0,0,Edgar Quero,OFFENSE,,0.0,,0,700337
15,batter,0,0,Ben Malgeri,OFFENSE,,0.0,,0,701162
45,batter,1,1,Roman Anthony,OFFENSE,1.0,0.022222222222222223,1.0,1,701350
36,batter,4,4,Cam Smith,OFFENSE,1.0,0.1111111111111111,1.0,4,701358
29,batter,3,3,Sal Stewart,OFFENSE,0.6666666666666666,0.06896551724137931,0.6666666666666666,2,701398
20,batter,1,1,Jackson Merrill,OFFENSE,1.0,0.05,1.0,1,701538
27,batter,2,1,Nathan Church,OFFENSE,1.0,0.037037037037037035,0.5,1,701675
50,batter,6,5,Hao-Yu Lee,OFFENSE,0.8,0.08,0.6666666666666666,4,701678
10,batter,1,1,Kaelen Culpepper,OFFENSE,1.0,0.1,1.0,1,701785
42,batter,5,4,Carson Benge,OFFENSE,0.75,0.07142857142857142,0.6,3,701807
24,batter,2,2,Drew Cavanaugh,OFFENSE,1.0,0.08333333333333333,1.0,2,701852
12,batter,1,1,Alan Roden,OFFENSE,1.0,0.08333333333333333,1.0,1,702176
19,batter,5,5,Justin Crawford,OFFENSE,1.0,0.2631578947368421,1.0,5,702222
32,batter,5,4,Cole Young,OFFENSE,0.75,0.09375,0.6,3,702284
34,batter,3,3,Caleb Durbin,OFFENSE,0.3333333333333333,0.029411764705882353,0.3333333333333333,1,702332
9,batter,0,0,Jackson Holliday,OFFENSE,,0.0,,0,702616
27,batter,3,3,Lazaro Montes,OFFENSE,1.0,0.1111111111111111,1.0,3,703155
10,batter,4,3,Michael Arroyo,OFFENSE,0.6666666666666666,0.2,0.5,2,703197
15,batter,2,2,Nick Morabito,OFFENSE,1.0,0.13333333333333333,1.0,2,703492
46,batter,5,5,Brett Bateman,OFFENSE,0.8,0.08695652173913043,0.8,4,703520
50,batter,6,4,Max Clark,OFFENSE,0.5,0.04,0.3333333333333333,2,703601
35,batter,8,8,Henry Bolte,OFFENSE,0.875,0.2,0.875,7,703607
36,batter,3,3,Chase DeLauter,OFFENSE,0.6666666666666666,0.05555555555555555,0.6666666666666666,2,800050
24,batter,3,3,Luis Lara,OFFENSE,1.0,0.125,1.0,3,800325
26,batter,2,2,Josue De Paula,OFFENSE,0.5,0.038461538461538464,0.5,1,800543
5,batter,0,0,Brock Rodden,OFFENSE,,0.0,,0,801126
3,batter,0,0,Nate Furman,OFFENSE,,0.0,,0,801501
20,batter,1,1,JJ Wetherholt,OFFENSE,1.0,0.05,1.0,1,802139
20,batter,3,3,Chandler Simpson,OFFENSE,1.0,0.15,1.0,3,802415
34,batter,2,2,Sam Antonacci,OFFENSE,0.5,0.029411764705882353,0.5,1,803011
38,batter,4,3,Konnor Griffin,OFFENSE,0.3333333333333333,0.02631578947368421,0.25,1,804606
32,batter,2,2,Rafael Flores Jr.,OFFENSE,1.0,0.0625,1.0,2,804668
31,batter,3,3,Jakob Marsee,OFFENSE,0.6666666666666666,0.06451612903225806,0.6666666666666666,2,805300
14,batter,1,1,Ben Ross,OFFENSE,1.0,0.07142857142857142,1.0,1,805346
53,batter,8,7,Chase Meidroth,OFFENSE,0.8571428571428571,0.11320754716981132,0.75,6,805367
29,batter,2,0,Walker Jenkins,OFFENSE,,0.0,0.0,0,805805
53,batter,6,6,Kevin McGonigle,OFFENSE,0.8333333333333334,0.09433962264150944,0.8333333333333334,5,805808
18,batter,1,1,Bryce Eldridge,OFFENSE,1.0,0.05555555555555555,1.0,1,805811
42,batter,4,3,A.J. Ewing,OFFENSE,0.6666666666666666,0.047619047619047616,0.5,2,805999
27,batter,4,2,George Lombard Jr.,OFFENSE,1.0,0.07407407407407407,0.5,2,806146
30,batter,5,5,Cooper Pratt,OFFENSE,0.4,0.06666666666666667,0.4,2,806198
41,batter,7,6,Turner Hill,OFFENSE,1.0,0.14634146341463414,0.8571428571428571,6,806367
20,batter,3,2,Ethan Salas,OFFENSE,1.0,0.1,0.6666666666666666,2,806956
42,batter,4,3,Luke Keaschall,OFFENSE,0.3333333333333333,0.023809523809523808,0.25,1,807712
16,batter,3,3,Matt Shaw,OFFENSE,1.0,0.1875,1.0,3,807713
19,batter,4,4,John Peck,OFFENSE,1.0,0.21052631578947367,1.0,4,807726
12,batter,3,3,Charles McAdoo,OFFENSE,1.0,0.25,1.0,3,807727
55,batter,6,3,Munetaka Murakami,OFFENSE,0.3333333333333333,0.01818181818181818,0.16666666666666666,1,808959
26,batter,3,3,Jung Hoo Lee,OFFENSE,0.6666666666666666,0.07692307692307693,0.6666666666666666,2,808982
13,batter,2,2,Ben Williamson,OFFENSE,1.0,0.15384615384615385,1.0,2,810938
5,batter,1,1,Joshua Kuroda-Grauer,OFFENSE,1.0,0.2,1.0,1,811965
41,batter,2,2,Jonah Cox,OFFENSE,0.5,0.024390243902439025,0.5,1,813841
21,batter,2,2,Scott Bandura,OFFENSE,1.0,0.09523809523809523,1.0,2,814154
10,batter,2,1,Brett Callahan,OFFENSE,1.0,0.1,0.5,1,814430
11,batter,1,1,Ryan Waldschmidt,OFFENSE,0.0,0.0,0.0,0,814439
16,batter,1,0,Bo Davidson,OFFENSE,,0.0,0.0,0,815589
10,batter,3,3,Sean Keys,OFFENSE,1.0,0.3,1.0,3,815873
11,batter,0,0,Sung-Mun Song,OFFENSE,,0.0,,0,823550
11,batter,1,0,Lucas Spence,OFFENSE,,0.0,0.0,0,828599
81,catcher,7,7,Travis d'Arnaud,OFFENSE,1.0,0.08641975308641975,1.0,7,518595
86,catcher,12,12,James McCann,OFFENSE,0.75,0.10465116279069768,0.75,9,543510
61,catcher,6,6,Christian Vázquez,OFFENSE,0.8333333333333334,0.08196721311475409,0.8333333333333334,5,543877
92,catcher,17,17,Elias Díaz,OFFENSE,0.8235294117647058,0.15217391304347827,0.8235294117647058,14,553869
49,catcher,8,8,Luke Maile,OFFENSE,1.0,0.16326530612244897,1.0,8,571912
311,catcher,40,32,J.T. Realmuto,OFFENSE,0.78125,0.08038585209003216,0.625,25,592663
135,catcher,17,16,Austin Hedges,OFFENSE,0.5625,0.06666666666666667,0.5294117647058824,9,595978
32,catcher,4,0,Garrett Stubbs,OFFENSE,,0.0,0.0,0,596117
90,catcher,9,9,Gary Sánchez,OFFENSE,0.6666666666666666,0.06666666666666667,0.6666666666666666,6,596142
146,catcher,16,12,Victor Caratini,OFFENSE,0.6666666666666666,0.0547945205479452,0.5,8,605170
186,catcher,20,20,Carson Kelly,OFFENSE,0.9,0.0967741935483871,0.9,18,608348
141,catcher,21,21,Luis Torrens,OFFENSE,0.9523809523809523,0.14184397163120568,0.9523809523809523,20,620443
118,catcher,18,8,Tyler Heineman,OFFENSE,0.75,0.05084745762711865,0.3333333333333333,6,623168
110,catcher,22,21,Jose Trevino,OFFENSE,0.9523809523809523,0.18181818181818182,0.9090909090909091,20,624431
53,catcher,4,4,Brian Navarreto,OFFENSE,1.0,0.07547169811320754,1.0,4,640459
60,catcher,6,6,Jhonny Pereda,OFFENSE,0.8333333333333334,0.08333333333333333,0.8333333333333334,5,640902
232,catcher,22,19,Jonah Heim,OFFENSE,0.6842105263157895,0.05603448275862069,0.5909090909090909,13,641680
256,catcher,25,23,Danny Jansen,OFFENSE,0.782608695652174,0.0703125,0.72,18,643376
119,catcher,22,21,Ali Sánchez,OFFENSE,0.8095238095238095,0.14285714285714285,0.7727272727272727,17,645305
102,catcher,8,8,Yohel Pozo,OFFENSE,0.75,0.058823529411764705,0.75,6,650968
81,catcher,5,5,Connor Wong,OFFENSE,0.6,0.037037037037037035,0.6,3,657136
191,catcher,20,20,Keibert Ruiz,OFFENSE,0.9,0.09424083769633508,0.9,18,660688
233,catcher,19,16,William Contreras,OFFENSE,0.6875,0.04721030042918455,0.5789473684210527,11,661388
114,catcher,13,10,Brian Serven,OFFENSE,0.9,0.07894736842105263,0.6923076923076923,9,661531
243,catcher,27,27,Cal Raleigh,OFFENSE,0.6666666666666666,0.07407407407407407,0.6666666666666666,18,663728
138,catcher,16,13,Nick Fortes,OFFENSE,0.7692307692307693,0.07246376811594203,0.625,10,663743
181,catcher,16,16,Tyler Stephenson,OFFENSE,0.875,0.07734806629834254,0.875,14,663886
144,catcher,9,9,Brett Sullivan,OFFENSE,0.6666666666666666,0.041666666666666664,0.6666666666666666,6,664954
2,catcher,0,0,Rafael Marchán,OFFENSE,,0.0,,0,665561
133,catcher,20,20,Miguel Amaya,OFFENSE,0.75,0.11278195488721804,0.75,15,665804
110,catcher,12,10,Carlos Narváez,OFFENSE,0.8,0.07272727272727272,0.6666666666666666,8,665966
118,catcher,11,11,Freddy Fermin,OFFENSE,1.0,0.09322033898305085,1.0,11,666023
31,catcher,5,5,Bo Naylor,OFFENSE,0.6,0.0967741935483871,0.6,3,666310
71,catcher,13,13,Jake Rogers,OFFENSE,0.8461538461538461,0.15492957746478872,0.8461538461538461,11,668670
239,catcher,24,22,Andrew Knizner,OFFENSE,0.8636363636363636,0.0794979079497908,0.7916666666666666,19,668800
235,catcher,26,25,Adley Rutschman,OFFENSE,0.8,0.0851063829787234,0.7692307692307693,20,668939
107,catcher,13,13,Luis Campusano,OFFENSE,0.9230769230769231,0.11214953271028037,0.9230769230769231,12,669134
190,catcher,16,16,Sean Murphy,OFFENSE,0.9375,0.07894736842105263,0.9375,15,669221
277,catcher,33,33,Austin Wells,OFFENSE,0.8484848484848485,0.10108303249097472,0.8484848484848485,28,669224
215,catcher,17,16,Will Smith,OFFENSE,0.8125,0.06046511627906977,0.7647058823529411,13,669257
37,catcher,2,2,Iván Herrera,OFFENSE,0.0,0.0,0.0,0,671056
198,catcher,21,20,Patrick Bailey,OFFENSE,0.7,0.0707070707070707,0.6666666666666666,14,672275
249,catcher,25,23,Alejandro Kirk,OFFENSE,0.8695652173913043,0.08032128514056225,0.8,20,672386
229,catcher,27,25,Gabriel Moreno,OFFENSE,0.84,0.09170305676855896,0.7777777777777778,21,672515
266,catcher,35,29,Yainer Diaz,OFFENSE,0.7586206896551724,0.08270676691729323,0.6285714285714286,22,673237
140,catcher,19,14,Hunter Feduccia,OFFENSE,1.0,0.1,0.7368421052631579,14,676439
117,catcher,6,6,Will Banfield,OFFENSE,0.6666666666666666,0.03418803418803419,0.6666666666666666,4,677943
127,catcher,23,23,Brandon Valenzuela,OFFENSE,0.782608695652174,0.14173228346456693,0.782608695652174,18,678218
156,catcher,22,14,Eduardo Valencia,OFFENSE,0.8571428571428571,0.07692307692307693,0.5454545454545454,12,680664
3,catcher,0,0,Adrian Del Castillo,OFFENSE,,0.0,,0,680728
241,catcher,24,23,Ryan Jeffers,OFFENSE,0.8260869565217391,0.07883817427385892,0.7916666666666666,19,680777
180,catcher,16,11,Henry Davis,OFFENSE,0.7272727272727273,0.044444444444444446,0.5,8,680779
1,catcher,0,0,Logan O'Hoppe,OFFENSE,,0.0,,0,681351
19,catcher,3,3,Mickey Gasper,OFFENSE,1.0,0.15789473684210525,1.0,3,681508
23,catcher,3,3,David Fry,OFFENSE,0.6666666666666666,0.08695652173913043,0.6666666666666666,2,681807
197,catcher,30,30,Francisco Alvarez,OFFENSE,0.8666666666666667,0.1319796954314721,0.8666666666666667,26,682626
104,catcher,10,7,Agustín Ramírez,OFFENSE,0.7142857142857143,0.04807692307692308,0.5,5,682663
97,catcher,16,16,Pedro Pagés,OFFENSE,0.8125,0.13402061855670103,0.8125,13,686780
113,catcher,9,9,Drake Baldwin,OFFENSE,0.8888888888888888,0.07079646017699115,0.8888888888888888,8,686948
203,catcher,25,22,Liam Hicks,OFFENSE,0.8636363636363636,0.09359605911330049,0.76,19,689414
30,catcher,3,3,Braxton Fulford,OFFENSE,1.0,0.1,1.0,3,690924
12,catcher,1,1,Drew Romo,OFFENSE,1.0,0.08333333333333333,1.0,1,691011
301,catcher,38,34,Kyle Teel,OFFENSE,0.7941176470588235,0.08970099667774087,0.7105263157894737,27,691019
213,catcher,19,19,Joe Mack,OFFENSE,0.631578947368421,0.056338028169014086,0.631578947368421,12,691788
264,catcher,32,24,Dillon Dingler,OFFENSE,0.75,0.06818181818181818,0.5625,18,693307
184,catcher,23,20,Moisés Ballesteros,OFFENSE,0.8,0.08695652173913043,0.6956521739130435,16,694208
130,catcher,18,17,Samuel Basallo,OFFENSE,0.7647058823529411,0.1,0.7222222222222222,13,694212
321,catcher,45,44,Carter Jensen,OFFENSE,0.8409090909090909,0.11526479750778816,0.8222222222222222,37,695600
151,catcher,12,8,Harry Ford,OFFENSE,0.75,0.039735099337748346,0.5,6,695670
195,catcher,20,19,Hunter Goodman,OFFENSE,0.8421052631578947,0.08205128205128205,0.8,16,696100
252,catcher,23,20,Leo Bernal,OFFENSE,0.85,0.06746031746031746,0.7391304347826086,17,699024
3,catcher,1,1,Kenny Piper,OFFENSE,1.0,0.3333333333333333,1.0,1,700652
126,catcher,13,13,Drew Cavanaugh,OFFENSE,0.7692307692307693,0.07936507936507936,0.7692307692307693,10,701852
180,catcher,15,15,Rafael Flores Jr.,OFFENSE,0.6,0.05,0.6,9,804668
142,catcher,13,12,Ethan Salas,OFFENSE,0.9166666666666666,0.07746478873239436,0.8461538461538461,11,806956
880,challenges_remaining,109,0,,OFFENSE,,0.0,0.0,0,0
2961,challenges_remaining,345,345,,OFFENSE,0.8405797101449275,0.09793988517392772,0.8405797101449275,290,1
6876,challenges_remaining,757,755,,OFFENSE,0.7907284768211921,0.0868237347294939,0.7886393659180978,597,2
4979,count,522,475,,OFFENSE,0.888421052631579,0.08475597509540068,0.8084291187739464,422,0-0
950,count,89,85,,OFFENSE,0.788235294117647,0.07052631578947369,0.7528089887640449,67,0-1
156,count,21,21,,OFFENSE,0.8095238095238095,0.10897435897435898,0.8095238095238095,17,0-2
1462,count,181,164,,OFFENSE,0.8719512195121951,0.09781121751025992,0.7900552486187845,143,1-0
699,count,86,74,,OFFENSE,0.7702702702702703,0.0815450643776824,0.6627906976744186,57,1-1
259,count,42,37,,OFFENSE,0.5945945945945946,0.08494208494208494,0.5238095238095238,22,1-2
627,count,70,62,,OFFENSE,0.8870967741935484,0.08771929824561403,0.7857142857142857,55,2-0
409,count,64,57,,OFFENSE,0.6140350877192983,0.08557457212713937,0.546875,35,2-1
255,count,46,42,,OFFENSE,0.40476190476190477,0.06666666666666667,0.3695652173913043,17,2-2
422,count,38,36,,OFFENSE,0.8611111111111112,0.07345971563981042,0.8157894736842105,31,3-0
269,count,17,16,,OFFENSE,0.75,0.04460966542750929,0.7058823529411765,12,3-1
230,count,35,31,,OFFENSE,0.2903225806451613,0.0391304347826087,0.2571428571428571,9,3-2
1306,inning,126,126,,OFFENSE,0.8253968253968254,0.07963246554364471,0.8253968253968254,104,1
60,inning,9,9,,OFFENSE,0.5555555555555556,0.08333333333333333,0.5555555555555556,5,10
33,inning,6,5,,OFFENSE,0.8,0.12121212121212122,0.6666666666666666,4,11
9,inning,1,1,,OFFENSE,0.0,0.0,0.0,0,12
3,inning,1,1,,OFFENSE,1.0,0.3333333333333333,1.0,1,13
1248,inning,132,131,,OFFENSE,0.8320610687022901,0.08733974358974358,0.8257575757575758,109,2
1188,inning,121,118,,OFFENSE,0.8220338983050848,0.08164983164983165,0.8016528925619835,97,3
1162,inning,146,141,,OFFENSE,0.8723404255319149,0.10585197934595525,0.8424657534246576,123,4
1198,inning,142,132,,OFFENSE,0.7878787878787878,0.08681135225375626,0.7323943661971831,104,5
1208,inning,133,120,,OFFENSE,0.7333333333333333,0.0728476821192053,0.6616541353383458,88,6
1239,inning,146,121,,OFFENSE,0.8016528925619835,0.07828894269572235,0.6643835616438356,97,7
1234,inning,139,106,,OFFENSE,0.839622641509434,0.07212317666126418,0.6402877697841727,89,8
829,inning,109,89,,OFFENSE,0.7415730337078652,0.07961399276236429,0.6055045871559633,66,9
3780,outs,440,409,,OFFENSE,0.8410757946210269,0.091005291005291,0.7818181818181819,344,0
3527,outs,382,344,,OFFENSE,0.8052325581395349,0.07853700028352707,0.725130890052356,277,1
3410,outs,389,347,,OFFENSE,0.7665706051873199,0.0780058651026393,0.6838046272493573,266,2
600,pitch_type,84,79,,OFFENSE,0.6835443037974683,0.09,0.6428571428571429,54,CH
855,pitch_type,98,89,,OFFENSE,0.8202247191011236,0.08538011695906433,0.7448979591836735,73,CU
1,pitch_type,0,0,,OFFENSE,,0.0,,0,EP
4,pitch_type,2,0,,OFFENSE,,0.0,0.0,0,FA
924,pitch_type,124,112,,OFFENSE,0.7946428571428571,0.09632034632034632,0.717741935483871,89,FC
3578,pitch_type,393,364,,OFFENSE,0.8241758241758241,0.08384572386808273,0.7633587786259542,300,FF
3,pitch_type,1,1,,OFFENSE,1.0,0.3333333333333333,1.0,1,FO
170,pitch_type,22,17,,OFFENSE,0.6470588235294118,0.06470588235294118,0.5,11,FS
114,pitch_type,12,11,,OFFENSE,1.0,0.09649122807017543,0.9166666666666666,11,KC
2375,pitch_type,272,244,,OFFENSE,0.8073770491803278,0.08294736842105263,0.7242647058823529,197,SI
1146,pitch_type,125,114,,OFFENSE,0.8245614035087719,0.08202443280977312,0.752,94,SL
895,pitch_type,76,67,,OFFENSE,0.8208955223880597,0.061452513966480445,0.7236842105263158,55,ST
48,pitch_type,2,2,,OFFENSE,1.0,0.041666666666666664,1.0,2,SV
4,pitch_type,0,0,,OFFENSE,,0.0,,0,UNKNOWN
10,pitcher,1,0,Justin Verlander,OFFENSE,,0.0,0.0,0,434378
14,pitcher,1,0,Kenley Jansen,OFFENSE,,0.0,0.0,0,445276
56,pitcher,11,11,Max Scherzer,OFFENSE,0.6363636363636364,0.125,0.6363636363636364,7,453286
5,pitcher,0,0,Kirby Yates,OFFENSE,,0.0,,0,489446
20,pitcher,1,1,Jose Quintana,OFFENSE,0.0,0.0,0.0,0,500779
39,pitcher,7,7,Merrill Kelly,OFFENSE,0.5714285714285714,0.10256410256410256,0.5714285714285714,4,518876
6,pitcher,1,1,Craig Kimbrel,OFFENSE,1.0,0.16666666666666666,1.0,1,518886
26,pitcher,2,2,Chris Sale,OFFENSE,1.0,0.07692307692307693,1.0,2,519242
31,pitcher,1,1,Martín Pérez,OFFENSE,1.0,0.03225806451612903,1.0,1,527048
2,pitcher,0,0,Alexander Cornielle,OFFENSE,,0.0,,0,529017
3,pitcher,0,0,Shawn Armstrong,OFFENSE,,0.0,,0,542888
50,pitcher,8,8,Gerrit Cole,OFFENSE,0.875,0.14,0.875,7,543037
38,pitcher,2,2,Nathan Eovaldi,OFFENSE,0.5,0.02631578947368421,0.5,1,543135
14,pitcher,2,1,Anthony Gose,OFFENSE,1.0,0.07142857142857142,0.5,1,543238
40,pitcher,1,1,Sonny Gray,OFFENSE,1.0,0.025,1.0,1,543243
9,pitcher,1,1,Albert Suárez,OFFENSE,1.0,0.1111111111111111,1.0,1,544150
12,pitcher,1,1,Michael Lorenzen,OFFENSE,1.0,0.08333333333333333,1.0,1,547179
12,pitcher,4,4,Aroldis Chapman,OFFENSE,0.75,0.25,0.75,3,547973
9,pitcher,2,0,Brooks Raley,OFFENSE,,0.0,0.0,0,548384
12,pitcher,3,2,Andrew Kittredge,OFFENSE,0.5,0.08333333333333333,0.3333333333333333,1,552640
29,pitcher,6,6,Zack Wheeler,OFFENSE,0.6666666666666666,0.13793103448275862,0.6666666666666666,4,554430
32,pitcher,3,3,Matthew Boyd,OFFENSE,1.0,0.09375,1.0,3,571510
3,pitcher,1,0,Derek Law,OFFENSE,,0.0,0.0,0,571882
17,pitcher,1,1,Steven Matz,OFFENSE,1.0,0.058823529411764705,1.0,1,571927
9,pitcher,1,1,Hoby Milner,OFFENSE,1.0,0.1111111111111111,1.0,1,571948
18,pitcher,1,1,Pierce Johnson,OFFENSE,1.0,0.05555555555555555,1.0,1,572955
9,pitcher,1,1,Joe Mantiply,OFFENSE,1.0,0.1111111111111111,1.0,1,573009
28,pitcher,4,4,Taylor Rogers,OFFENSE,0.75,0.10714285714285714,0.75,3,573124
4,pitcher,2,2,Caleb Thielbar,OFFENSE,1.0,0.5,1.0,2,573204
55,pitcher,3,3,Yusei Kikuchi,OFFENSE,1.0,0.05454545454545454,1.0,3,579328
7,pitcher,0,0,Jason Adam,OFFENSE,,0.0,,0,592094
9,pitcher,2,2,Cam Booser,OFFENSE,0.5,0.1111111111111111,0.5,1,592155
26,pitcher,5,5,Kevin Gausman,OFFENSE,0.8,0.15384615384615385,0.8,4,592332
43,pitcher,4,4,Robbie Ray,OFFENSE,1.0,0.09302325581395349,1.0,4,592662
13,pitcher,1,0,Ryne Stanek,OFFENSE,,0.0,0.0,0,592773
15,pitcher,2,2,Brock Stewart,OFFENSE,1.0,0.13333333333333333,1.0,2,592779
11,pitcher,3,3,Trevor Williams,OFFENSE,1.0,0.2727272727272727,1.0,3,592866
33,pitcher,7,7,Eduardo Rodriguez,OFFENSE,0.7142857142857143,0.15151515151515152,0.7142857142857143,5,593958
14,pitcher,1,1,Wandy Peralta,OFFENSE,1.0,0.07142857142857142,1.0,1,593974
4,pitcher,0,0,Tyron Guerrero,OFFENSE,,0.0,,0,594027
31,pitcher,0,0,Jacob deGrom,OFFENSE,,0.0,,0,594798
12,pitcher,0,0,Blake Treinen,OFFENSE,,0.0,,0,595014
18,pitcher,2,1,Jakob Junis,OFFENSE,1.0,0.05555555555555555,0.5,1,596001
1,pitcher,0,0,Garrett Stubbs,OFFENSE,,0.0,,0,596117
14,pitcher,0,0,Luke Weaver,OFFENSE,,0.0,,0,596133
44,pitcher,2,2,Nick Pivetta,OFFENSE,1.0,0.045454545454545456,1.0,2,601713
48,pitcher,10,10,Chris Bassitt,OFFENSE,0.9,0.1875,0.9,9,605135
19,pitcher,2,2,Michael Fulmer,OFFENSE,0.5,0.05263157894736842,0.5,1,605242
53,pitcher,3,3,Clay Holmes,OFFENSE,0.6666666666666666,0.03773584905660377,0.6666666666666666,2,605280
51,pitcher,7,7,Aaron Nola,OFFENSE,0.8571428571428571,0.11764705882352941,0.8571428571428571,6,605400
23,pitcher,2,2,Jordan Romano,OFFENSE,1.0,0.08695652173913043,1.0,2,605447
31,pitcher,4,4,Blake Snell,OFFENSE,0.75,0.0967741935483871,0.75,3,605483
34,pitcher,1,1,Jeffrey Springs,OFFENSE,0.0,0.0,0.0,0,605488
8,pitcher,0,0,Kyle Hart,OFFENSE,,0.0,,0,606996
4,pitcher,0,0,Colin Rea,OFFENSE,,0.0,,0,607067
47,pitcher,3,3,Carlos Rodón,OFFENSE,0.6666666666666666,0.0425531914893617,0.6666666666666666,2,607074
58,pitcher,6,6,Tyler Glasnow,OFFENSE,1.0,0.10344827586206896,1.0,6,607192
32,pitcher,7,7,Erick Fedde,OFFENSE,0.8571428571428571,0.1875,0.8571428571428571,6,607200
28,pitcher,2,1,Nick Martinez,OFFENSE,1.0,0.03571428571428571,0.5,1,607259
23,pitcher,1,1,Kyle Freeland,OFFENSE,1.0,0.043478260869565216,1.0,1,607536
52,pitcher,0,0,Seth Lugo,OFFENSE,,0.0,,0,607625
36,pitcher,7,7,Max Fried,OFFENSE,0.8571428571428571,0.16666666666666666,0.8571428571428571,6,608331
29,pitcher,4,4,Tomoyuki Sugano,OFFENSE,0.5,0.06896551724137931,0.5,2,608372
44,pitcher,7,7,Michael Wacha,OFFENSE,1.0,0.1590909090909091,1.0,7,608379
17,pitcher,1,1,Brent Suter,OFFENSE,1.0,0.058823529411764705,1.0,1,608718
21,pitcher,5,5,Cal Quantrill,OFFENSE,0.6,0.14285714285714285,0.6,3,615698
19,pitcher,3,3,Jose Cuas,OFFENSE,0.6666666666666666,0.10526315789473684,0.6666666666666666,2,621016
18,pitcher,2,2,Michael Rucker,OFFENSE,1.0,0.1111111111111111,1.0,2,621074
27,pitcher,4,2,Jacob Waguespack,OFFENSE,1.0,0.07407407407407407,0.5,2,621097
45,pitcher,4,4,Walker Buehler,OFFENSE,0.75,0.06666666666666667,0.75,3,621111
13,pitcher,3,3,Paul Blackburn,OFFENSE,1.0,0.23076923076923078,1.0,3,621112
12,pitcher,1,0,José Alvarado,OFFENSE,,0.0,0.0,0,621237
17,pitcher,3,1,Edwin Díaz,OFFENSE,1.0,0.058823529411764705,0.3333333333333333,1,621242
16,pitcher,3,2,A.J. Minter,OFFENSE,1.0,0.125,0.6666666666666666,2,621345
22,pitcher,2,2,Tanner Banks,OFFENSE,1.0,0.09090909090909091,1.0,2,621383
19,pitcher,3,3,Tejay Antone,OFFENSE,1.0,0.15789473684210525,1.0,3,622088
12,pitcher,0,0,Luis Castillo,OFFENSE,,0.0,,0,622491
16,pitcher,3,3,Seranthony Domínguez,OFFENSE,1.0,0.1875,1.0,3,622554
15,pitcher,3,3,Antonio Senzatela,OFFENSE,0.3333333333333333,0.06666666666666667,0.3333333333333333,1,622608
2,pitcher,0,0,Elieser Hernández,OFFENSE,,0.0,,0,622694
11,pitcher,2,2,Paul Sewald,OFFENSE,1.0,0.18181818181818182,1.0,2,623149
8,pitcher,0,0,Huascar Brazobán,OFFENSE,,0.0,,0,623211
8,pitcher,2,2,Josh Hader,OFFENSE,1.0,0.25,1.0,2,623352
36,pitcher,6,6,Drew Anderson,OFFENSE,0.8333333333333334,0.1388888888888889,0.8333333333333334,5,623454
16,pitcher,3,3,Evan Phillips,OFFENSE,1.0,0.1875,1.0,3,623465
18,pitcher,2,2,Jimmy Herget,OFFENSE,0.5,0.05555555555555555,0.5,1,623474
60,pitcher,7,7,Ranger Suarez,OFFENSE,0.7142857142857143,0.08333333333333333,0.7142857142857143,5,624133
2,pitcher,0,0,Jose Trevino,OFFENSE,,0.0,,0,624431
8,pitcher,0,0,Reynaldo López,OFFENSE,,0.0,,0,625643
12,pitcher,1,1,Raisel Iglesias,OFFENSE,1.0,0.08333333333333333,1.0,1,628452
9,pitcher,1,1,Kyle Finnegan,OFFENSE,1.0,0.1111111111111111,1.0,1,640448
42,pitcher,7,7,Sean Manaea,OFFENSE,0.8571428571428571,0.14285714285714285,0.8571428571428571,6,640455
27,pitcher,3,3,Tyler Alexander,OFFENSE,0.6666666666666666,0.07407407407407407,0.6666666666666666,2,641302
9,pitcher,0,0,Bryan Baker,OFFENSE,,0.0,,0,641329
37,pitcher,3,3,Anthony Kay,OFFENSE,1.0,0.08108108108108109,1.0,3,641743
20,pitcher,6,4,Tyler Kinley,OFFENSE,0.75,0.15,0.5,3,641755
57,pitcher,5,5,Tyler Mahle,OFFENSE,0.8,0.07017543859649122,0.8,4,641816
19,pitcher,0,0,Tim Mayza,OFFENSE,,0.0,,0,641835
33,pitcher,4,3,Bailey Ober,OFFENSE,0.6666666666666666,0.06060606060606061,0.5,2,641927
16,pitcher,1,0,Emilio Pagán,OFFENSE,,0.0,0.0,0,641941
10,pitcher,1,0,Tayler Saucedo,OFFENSE,,0.0,0.0,0,642048
13,pitcher,2,2,Gabe Speier,OFFENSE,1.0,0.15384615384615385,1.0,2,642100
15,pitcher,3,3,Cole Sulser,OFFENSE,1.0,0.2,1.0,3,642121
2,pitcher,0,0,Devin Williams,OFFENSE,,0.0,,0,642207
20,pitcher,2,2,Ryan Yarbrough,OFFENSE,0.5,0.05,0.5,1,642232
15,pitcher,2,2,Jefry Yan,OFFENSE,1.0,0.13333333333333333,1.0,2,642376
22,pitcher,2,2,Gregory Soto,OFFENSE,1.0,0.09090909090909091,1.0,2,642397
14,pitcher,2,2,Jonathan Loáisiga,OFFENSE,0.5,0.07142857142857142,0.5,1,642528
29,pitcher,5,5,Freddy Peralta,OFFENSE,0.6,0.10344827586206896,0.6,3,642547
4,pitcher,1,1,Félix Bautista,OFFENSE,1.0,0.25,1.0,1,642585
20,pitcher,3,3,Dennis Santana,OFFENSE,1.0,0.15,1.0,3,642701
39,pitcher,5,5,Griffin Jax,OFFENSE,0.8,0.10256410256410256,0.8,4,643377
16,pitcher,5,5,Tyler Rogers,OFFENSE,1.0,0.3125,1.0,5,643511
32,pitcher,4,4,Sandy Alcantara,OFFENSE,1.0,0.125,1.0,4,645261
39,pitcher,3,3,Michael Soroka,OFFENSE,1.0,0.07692307692307693,1.0,3,647336
10,pitcher,2,2,Bryan Abreu,OFFENSE,1.0,0.2,1.0,2,650556
45,pitcher,9,9,Michael King,OFFENSE,1.0,0.2,1.0,9,650633
32,pitcher,1,1,Aaron Civale,OFFENSE,1.0,0.03125,1.0,1,650644
49,pitcher,3,3,Cristopher Sánchez,OFFENSE,1.0,0.061224489795918366,1.0,3,650911
4,pitcher,0,0,Daniel Duarte,OFFENSE,,0.0,,0,650960
12,pitcher,3,3,Manuel Rodríguez,OFFENSE,0.6666666666666666,0.16666666666666666,0.6666666666666666,2,655889
12,pitcher,3,3,Scott Blewett,OFFENSE,0.3333333333333333,0.08333333333333333,0.3333333333333333,1,656240
12,pitcher,1,1,Brock Burke,OFFENSE,1.0,0.08333333333333333,1.0,1,656271
11,pitcher,1,1,Griffin Canning,OFFENSE,1.0,0.09090909090909091,1.0,1,656288
25,pitcher,3,3,Dylan Cease,OFFENSE,1.0,0.12,1.0,3,656302
3,pitcher,0,0,Jack Flaherty,OFFENSE,,0.0,,0,656427
23,pitcher,2,2,Kevin Ginkel,OFFENSE,1.0,0.08695652173913043,1.0,2,656464
37,pitcher,5,5,Foster Griffin,OFFENSE,0.6,0.08108108108108109,0.6,3,656492
17,pitcher,1,1,Sam Hentges,OFFENSE,1.0,0.058823529411764705,1.0,1,656529
14,pitcher,0,0,Jeff Hoffman,OFFENSE,,0.0,,0,656546
23,pitcher,0,0,Grant Holmes,OFFENSE,,0.0,,0,656550
10,pitcher,1,1,Tanner Houck,OFFENSE,1.0,0.1,1.0,1,656557
16,pitcher,5,5,Alex Lange,OFFENSE,1.0,0.3125,1.0,5,656638
11,pitcher,2,2,Jacob Latz,OFFENSE,1.0,0.18181818181818182,1.0,2,656641
10,pitcher,1,1,Trevor Megill,OFFENSE,1.0,0.1,1.0,1,656730
27,pitcher,2,1,Jordan Montgomery,OFFENSE,1.0,0.037037037037037035,0.5,1,656756
25,pitcher,2,2,Sean Newcomb,OFFENSE,1.0,0.08,1.0,2,656794
20,pitcher,1,1,Michael Petersen,OFFENSE,0.0,0.0,0.0,0,656848
39,pitcher,7,7,David Peterson,OFFENSE,1.0,0.1794871794871795,1.0,7,656849
50,pitcher,7,7,Drew Rasmussen,OFFENSE,0.8571428571428571,0.12,0.8571428571428571,6,656876
15,pitcher,1,1,Tanner Scott,OFFENSE,1.0,0.06666666666666667,1.0,1,656945
13,pitcher,0,0,Bennett Sousa,OFFENSE,,0.0,,0,656986
14,pitcher,2,2,Jacob Webb,OFFENSE,0.5,0.07142857142857142,0.5,1,657097
13,pitcher,1,1,Logan Webb,OFFENSE,1.0,0.07692307692307693,1.0,1,657277
4,pitcher,1,1,Clarke Schmidt,OFFENSE,1.0,0.25,1.0,1,657376
17,pitcher,3,3,Brennan Bernardino,OFFENSE,1.0,0.17647058823529413,1.0,3,657514
12,pitcher,1,1,Tim Hill,OFFENSE,1.0,0.08333333333333333,1.0,1,657612
46,pitcher,7,7,Joe Ryan,OFFENSE,0.8571428571428571,0.13043478260869565,0.8571428571428571,6,657746
12,pitcher,0,0,Yerry De los Santos,OFFENSE,,0.0,,0,660787
13,pitcher,1,1,Eduard Bazardo,OFFENSE,0.0,0.0,0.0,0,660825
11,pitcher,2,2,Enyel De Los Santos,OFFENSE,1.0,0.18181818181818182,1.0,2,660853
8,pitcher,2,0,Jhoan Duran,OFFENSE,,0.0,0.0,0,661395
13,pitcher,2,2,Luis Gil,OFFENSE,1.0,0.15384615384615385,1.0,2,661563
3,pitcher,0,0,Andrés Muñoz,OFFENSE,,0.0,,0,662253
1,pitcher,1,1,Robert Suarez,OFFENSE,1.0,1.0,1.0,1,663158
26,pitcher,1,1,Ryan Feltner,OFFENSE,1.0,0.038461538461538464,1.0,1,663372
1,pitcher,0,0,Trent Thornton,OFFENSE,,0.0,,0,663423
27,pitcher,5,5,Davis Martin,OFFENSE,0.6,0.1111111111111111,0.6,3,663436
10,pitcher,1,1,Kris Bubic,OFFENSE,1.0,0.1,1.0,1,663460
14,pitcher,1,0,Bryan Hudson,OFFENSE,,0.0,0.0,0,663542
32,pitcher,3,3,Casey Mize,OFFENSE,1.0,0.09375,1.0,3,663554
12,pitcher,1,1,Jovani Morán,OFFENSE,1.0,0.08333333333333333,1.0,1,663558
2,pitcher,0,0,Bailey Falter,OFFENSE,,0.0,,0,663559
45,pitcher,6,6,Peter Lambert,OFFENSE,0.8333333333333334,0.1111111111111111,0.8333333333333334,5,663567
7,pitcher,2,2,Tony Santillan,OFFENSE,0.5,0.14285714285714285,0.5,1,663574
48,pitcher,1,1,Jake Irvin,OFFENSE,1.0,0.020833333333333332,1.0,1,663623
23,pitcher,2,0,Hogan Harris,OFFENSE,,0.0,0.0,0,663687
42,pitcher,9,9,Daniel Lynch IV,OFFENSE,0.7777777777777778,0.16666666666666666,0.7777777777777778,7,663738
3,pitcher,0,0,Jake Woodford,OFFENSE,,0.0,,0,663765
24,pitcher,4,3,Chase Shugart,OFFENSE,1.0,0.125,0.75,3,663767
44,pitcher,5,5,Patrick Sandoval,OFFENSE,0.8,0.09090909090909091,0.8,4,663776
11,pitcher,3,3,Justin Hagenman,OFFENSE,0.6666666666666666,0.18181818181818182,0.6666666666666666,2,663795
12,pitcher,0,0,Jordan Hicks,OFFENSE,,0.0,,0,663855
18,pitcher,1,1,Nate Pearson,OFFENSE,0.0,0.0,0.0,0,663878
10,pitcher,2,2,Brendon Little,OFFENSE,1.0,0.2,1.0,2,663893
45,pitcher,3,3,Brady Singer,OFFENSE,1.0,0.06666666666666667,1.0,3,663903
11,pitcher,0,0,Tristan Beck,OFFENSE,,0.0,,0,663941
9,pitcher,0,0,Tyler Holton,OFFENSE,,0.0,,0,663947
31,pitcher,2,2,Tyler Phillips,OFFENSE,1.0,0.06451612903225806,1.0,2,663969
14,pitcher,4,4,Richard Lovelady,OFFENSE,1.0,0.2857142857142857,1.0,4,663992
14,pitcher,4,4,Tony Gonsolin,OFFENSE,0.75,0.21428571428571427,0.75,3,664062
4,pitcher,0,0,Pete Fairbanks,OFFENSE,,0.0,,0,664126
17,pitcher,2,1,Geoff Hartlieb,OFFENSE,1.0,0.058823529411764705,0.5,1,664129
13,pitcher,4,4,Taylor Clarke,OFFENSE,0.75,0.23076923076923078,0.75,3,664199
45,pitcher,9,9,Framber Valdez,OFFENSE,0.7777777777777778,0.15555555555555556,0.7777777777777778,7,664285
22,pitcher,3,3,Cristian Javier,OFFENSE,0.3333333333333333,0.045454545454545456,0.3333333333333333,1,664299
24,pitcher,8,6,José Urquidy,OFFENSE,0.8333333333333334,0.20833333333333334,0.625,5,664353
14,pitcher,1,1,Grant Wolfram,OFFENSE,1.0,0.07142857142857142,1.0,1,664991
40,pitcher,8,6,Dean Kremer,OFFENSE,0.8333333333333334,0.125,0.625,5,665152
21,pitcher,1,1,Luis Medina,OFFENSE,0.0,0.0,0.0,0,665622
20,pitcher,3,3,Elvis Alvarado,OFFENSE,1.0,0.15,1.0,3,665660
3,pitcher,1,0,Reiver Sanmartin,OFFENSE,,0.0,0.0,0,665665
11,pitcher,0,0,Edward Cabrera,OFFENSE,,0.0,,0,665795
19,pitcher,2,2,Javier Assad,OFFENSE,0.5,0.05263157894736842,0.5,1,665871
3,pitcher,2,0,Carlos Cortes,OFFENSE,,0.0,0.0,0,666126
15,pitcher,5,5,Braxton Garrett,OFFENSE,0.6,0.2,0.6,3,666129
54,pitcher,9,9,Nick Lodolo,OFFENSE,0.8888888888888888,0.14814814814814814,0.8888888888888888,8,666157
9,pitcher,1,1,Ryan Zeferjahn,OFFENSE,1.0,0.1111111111111111,1.0,1,666171
15,pitcher,2,2,George Soriano,OFFENSE,0.5,0.06666666666666667,0.5,1,666277
12,pitcher,1,1,Juan Morillo,OFFENSE,1.0,0.08333333333333333,1.0,1,666661
12,pitcher,0,0,Camilo Doval,OFFENSE,,0.0,,0,666808
12,pitcher,0,0,Yennier Cano,OFFENSE,,0.0,,0,666974
15,pitcher,2,1,Tommy Nance,OFFENSE,1.0,0.06666666666666667,0.5,1,667297
37,pitcher,7,7,Jack Ralston,OFFENSE,0.5714285714285714,0.10810810810810811,0.5714285714285714,4,667652
38,pitcher,2,1,José Soriano,OFFENSE,1.0,0.02631578947368421,0.5,1,667755
10,pitcher,1,1,Lucas Erceg,OFFENSE,1.0,0.1,1.0,1,668674
10,pitcher,1,1,Zac Gallen,OFFENSE,1.0,0.1,1.0,1,668678
17,pitcher,3,3,Garrett Stallings,OFFENSE,1.0,0.17647058823529413,1.0,3,668831
3,pitcher,0,0,Easton McGee,OFFENSE,,0.0,,0,668834
42,pitcher,7,6,Gavin Williams,OFFENSE,0.8333333333333334,0.11904761904761904,0.7142857142857143,5,668909
16,pitcher,2,2,Graham Ashcraft,OFFENSE,1.0,0.125,1.0,2,668933
20,pitcher,1,1,JoJo Romero,OFFENSE,1.0,0.05,1.0,1,668941
12,pitcher,1,1,Tobias Myers,OFFENSE,0.0,0.0,0.0,0,668964
1,pitcher,0,0,Gavin Hollowell,OFFENSE,,0.0,,0,668970
21,pitcher,1,0,Casey Legumina,OFFENSE,,0.0,0.0,0,668984
10,pitcher,1,1,Ryan Rolison,OFFENSE,1.0,0.1,1.0,1,669020
38,pitcher,7,7,MacKenzie Gore,OFFENSE,0.5714285714285714,0.10526315789473684,0.5714285714285714,4,669022
5,pitcher,2,0,Bryse Wilson,OFFENSE,,0.0,0.0,0,669060
15,pitcher,1,1,Erik Miller,OFFENSE,0.0,0.0,0.0,0,669062
34,pitcher,5,4,DL Hall,OFFENSE,0.75,0.08823529411764706,0.6,3,669084
37,pitcher,4,4,Dustin May,OFFENSE,0.75,0.08108108108108109,0.75,3,669160
3,pitcher,0,0,Kyle Hurt,OFFENSE,,0.0,,0,669165
12,pitcher,2,2,Ryne Nelson,OFFENSE,1.0,0.16666666666666666,1.0,2,669194
22,pitcher,2,2,Lake Bachar,OFFENSE,1.0,0.09090909090909091,1.0,2,669199
18,pitcher,2,2,Corbin Burnes,OFFENSE,1.0,0.1111111111111111,1.0,2,669203
19,pitcher,2,2,Joel Kuhnel,OFFENSE,0.5,0.05263157894736842,0.5,1,669270
6,pitcher,0,0,Dylan Lee,OFFENSE,,0.0,,0,669276
35,pitcher,7,7,Logan Gilbert,OFFENSE,0.7142857142857143,0.14285714285714285,0.7142857142857143,5,669302
11,pitcher,1,1,CJ Van Eyk,OFFENSE,0.0,0.0,0.0,0,669310
2,pitcher,0,0,Tyler Wells,OFFENSE,,0.0,,0,669330
26,pitcher,4,4,Shane Baz,OFFENSE,1.0,0.15384615384615385,1.0,4,669358
41,pitcher,0,0,Tarik Skubal,OFFENSE,,0.0,,0,669373
29,pitcher,4,2,Carmen Mlodzinski,OFFENSE,0.0,0.0,0.0,0,669387
38,pitcher,2,2,Trevor Rogers,OFFENSE,0.5,0.02631578947368421,0.5,1,669432
12,pitcher,2,2,Mason Englert,OFFENSE,1.0,0.16666666666666666,1.0,2,669438
44,pitcher,7,7,Matthew Liberatore,OFFENSE,0.8571428571428571,0.13636363636363635,0.8571428571428571,6,669461
49,pitcher,4,4,Andre Pallante,OFFENSE,1.0,0.08163265306122448,1.0,4,669467
13,pitcher,4,4,Brady Basso,OFFENSE,0.75,0.23076923076923078,0.75,3,669620
13,pitcher,0,0,Chris Murphy,OFFENSE,,0.0,,0,669684
18,pitcher,2,2,Greg Weissert,OFFENSE,1.0,0.1111111111111111,1.0,2,669711
34,pitcher,3,3,Hayden Wesneski,OFFENSE,0.6666666666666666,0.058823529411764705,0.6666666666666666,2,669713
13,pitcher,4,1,Ronel Blanco,OFFENSE,0.0,0.0,0.0,0,669854
36,pitcher,0,0,George Kirby,OFFENSE,,0.0,,0,669923
4,pitcher,0,0,Jesse Scholtens,OFFENSE,,0.0,,0,669947
11,pitcher,4,3,Matt Festa,OFFENSE,0.0,0.0,0.0,0,670036
7,pitcher,1,1,Julian Garcia,OFFENSE,1.0,0.14285714285714285,1.0,1,670062
18,pitcher,2,2,Raymond Burgos,OFFENSE,0.5,0.05555555555555555,0.5,1,670103
14,pitcher,4,4,John Schreiber,OFFENSE,0.75,0.21428571428571427,0.75,3,670167
15,pitcher,3,0,Ryan Watson,OFFENSE,,0.0,0.0,0,670245
17,pitcher,3,2,David Bednar,OFFENSE,1.0,0.11764705882352941,0.6666666666666666,2,670280
13,pitcher,2,1,Rico Garcia,OFFENSE,1.0,0.07692307692307693,0.5,1,670329
28,pitcher,2,2,Trevor Richards,OFFENSE,1.0,0.07142857142857142,1.0,2,670950
14,pitcher,0,0,Adrian Morejon,OFFENSE,,0.0,,0,670970
29,pitcher,0,0,Yohan Ramírez,OFFENSE,,0.0,,0,670990
45,pitcher,7,7,Andrew Abbott,OFFENSE,0.8571428571428571,0.13333333333333333,0.8571428571428571,6,671096
38,pitcher,9,7,Sammy Peralta,OFFENSE,1.0,0.18421052631578946,0.7777777777777778,7,671111
29,pitcher,1,1,Connor Thomas,OFFENSE,1.0,0.034482758620689655,1.0,1,671162
22,pitcher,1,1,Jason Foley,OFFENSE,1.0,0.045454545454545456,1.0,1,671345
51,pitcher,3,3,Taj Bradley,OFFENSE,1.0,0.058823529411764705,1.0,3,671737
24,pitcher,0,0,Cade Smith,OFFENSE,,0.0,,0,671922
11,pitcher,1,1,Adam Macko,OFFENSE,1.0,0.09090909090909091,1.0,1,671936
46,pitcher,4,4,Reid Detmers,OFFENSE,1.0,0.08695652173913043,1.0,4,672282
11,pitcher,1,1,Cionel Pérez,OFFENSE,1.0,0.09090909090909091,1.0,1,672335
13,pitcher,1,0,Yovanny Cruz,OFFENSE,,0.0,0.0,0,672442
29,pitcher,5,5,Keider Montero,OFFENSE,1.0,0.1724137931034483,1.0,5,672456
20,pitcher,4,4,Yoendrys Gómez,OFFENSE,0.25,0.05,0.25,1,672782
19,pitcher,0,0,Carlos Vargas,OFFENSE,,0.0,,0,672841
10,pitcher,2,2,Dedniel Núñez,OFFENSE,1.0,0.2,1.0,2,673380
17,pitcher,2,2,Yuki Matsui,OFFENSE,1.0,0.11764705882352941,1.0,2,673513
12,pitcher,1,1,Kodai Senga,OFFENSE,1.0,0.08333333333333333,1.0,1,673540
34,pitcher,4,4,Cody Bradford,OFFENSE,1.0,0.11764705882352941,1.0,4,674003
20,pitcher,7,7,Jack Weisenburger,OFFENSE,1.0,0.35,1.0,7,674073
7,pitcher,1,1,Steven Cruz,OFFENSE,1.0,0.14285714285714285,1.0,1,674444
47,pitcher,6,6,Andrew Alvarez,OFFENSE,1.0,0.1276595744680851,1.0,6,674841
25,pitcher,0,0,Troy Melton,OFFENSE,,0.0,,0,675512
10,pitcher,0,0,Xzavion Curry,OFFENSE,,0.0,,0,675540
31,pitcher,2,2,Shane Drohan,OFFENSE,1.0,0.06451612903225806,1.0,2,675660
28,pitcher,1,0,Juan Mejia,OFFENSE,,0.0,0.0,0,675848
30,pitcher,2,2,Janson Junk,OFFENSE,1.0,0.06666666666666667,1.0,2,676083
15,pitcher,2,1,Jack Dreyer,OFFENSE,1.0,0.06666666666666667,0.5,1,676263
14,pitcher,2,0,Bobby Miller,OFFENSE,,0.0,0.0,0,676272
38,pitcher,5,5,Joey Cantillo,OFFENSE,0.6,0.07894736842105263,0.6,3,676282
21,pitcher,3,3,Robert Garcia,OFFENSE,1.0,0.14285714285714285,1.0,3,676395
33,pitcher,4,3,Brant Hurter,OFFENSE,0.6666666666666666,0.06060606060606061,0.5,2,676428
37,pitcher,4,4,Tanner Bibee,OFFENSE,0.75,0.08108108108108109,0.75,3,676440
26,pitcher,2,2,Brendan Cellucci,OFFENSE,1.0,0.07692307692307693,1.0,2,676454
8,pitcher,0,0,Colton Gordon,OFFENSE,,0.0,,0,676467
9,pitcher,0,0,Garrett Whitlock,OFFENSE,,0.0,,0,676477
17,pitcher,1,1,Nolan Hoffman,OFFENSE,1.0,0.058823529411764705,1.0,1,676510
22,pitcher,1,1,Calvin Faucher,OFFENSE,1.0,0.045454545454545456,1.0,1,676534
16,pitcher,1,1,Tyler Zuber,OFFENSE,1.0,0.0625,1.0,1,676604
14,pitcher,0,0,Riley O'Brien,OFFENSE,,0.0,,0,676617
18,pitcher,2,2,Blake Weiman,OFFENSE,0.0,0.0,0.0,0,676620
7,pitcher,2,2,Max Lazar,OFFENSE,0.5,0.14285714285714285,0.5,1,676661
15,pitcher,1,1,Cam Sanders,OFFENSE,0.0,0.0,0.0,0,676742
28,pitcher,4,4,Aaron Ashby,OFFENSE,0.25,0.03571428571428571,0.25,1,676879
29,pitcher,1,1,Cade Cavalli,OFFENSE,1.0,0.034482758620689655,1.0,1,676917
16,pitcher,0,0,Josh Walker,OFFENSE,,0.0,,0,677020
21,pitcher,2,2,Justin Bruihl,OFFENSE,1.0,0.09523809523809523,1.0,2,677865
9,pitcher,1,1,Slade Cecconi,OFFENSE,1.0,0.1111111111111111,1.0,1,677944
10,pitcher,0,0,Jaden Hill,OFFENSE,,0.0,,0,677955
34,pitcher,4,4,Kumar Rocker,OFFENSE,0.75,0.08823529411764706,0.75,3,677958
38,pitcher,11,11,Randy Dobnak,OFFENSE,0.9090909090909091,0.2631578947368421,0.9090909090909091,10,677976
5,pitcher,0,0,Seth Halvorsen,OFFENSE,,0.0,,0,678020
40,pitcher,1,1,Jack Perkins,OFFENSE,0.0,0.0,0.0,0,678022
12,pitcher,0,0,Ray Kerr,OFFENSE,,0.0,,0,678061
21,pitcher,4,3,Brayan Bello,OFFENSE,0.6666666666666666,0.09523809523809523,0.5,2,678394
15,pitcher,1,1,José A. Ferrer,OFFENSE,0.0,0.0,0.0,0,678606
22,pitcher,0,0,Justin Martinez,OFFENSE,,0.0,,0,679885
48,pitcher,5,4,Grayson Rodriguez,OFFENSE,0.75,0.0625,0.6,3,680570
8,pitcher,0,0,Blas Castaño,OFFENSE,,0.0,,0,680604
9,pitcher,1,1,Josiah Gray,OFFENSE,1.0,0.1111111111111111,1.0,1,680686
9,pitcher,0,0,Kyle Bradish,OFFENSE,,0.0,,0,680694
11,pitcher,0,0,Drew Rom,OFFENSE,,0.0,,0,680723
39,pitcher,8,6,Sean Burke,OFFENSE,1.0,0.15384615384615385,0.75,6,680732
25,pitcher,4,3,Justin Wrobleski,OFFENSE,1.0,0.12,0.75,3,680736
7,pitcher,0,0,Jonathan Bowlan,OFFENSE,,0.0,,0,680742
20,pitcher,6,1,Ty Madden,OFFENSE,1.0,0.05,0.16666666666666666,1,680744
17,pitcher,2,2,Braydon Fisher,OFFENSE,1.0,0.11764705882352941,1.0,2,680755
19,pitcher,0,0,Victor Vodnik,OFFENSE,,0.0,,0,680767
3,pitcher,0,0,Grant Holman,OFFENSE,,0.0,,0,680880
23,pitcher,2,2,Erik Tolman,OFFENSE,0.0,0.0,0.0,0,680899
4,pitcher,0,0,Franco Aleman,OFFENSE,,0.0,,0,680916
25,pitcher,3,3,Christian Scott,OFFENSE,0.6666666666666666,0.08,0.6666666666666666,2,681035
27,pitcher,4,4,Randy Vásquez,OFFENSE,1.0,0.14814814814814814,1.0,4,681190
17,pitcher,3,3,Chase Silseth,OFFENSE,1.0,0.17647058823529413,1.0,3,681217
26,pitcher,6,6,Spencer Arrighetti,OFFENSE,0.6666666666666666,0.15384615384615385,0.6666666666666666,4,681293
13,pitcher,1,1,Nate Lavender,OFFENSE,1.0,0.07692307692307693,1.0,1,681320
5,pitcher,1,1,Gus Varland,OFFENSE,1.0,0.2,1.0,1,681402
28,pitcher,1,0,Kyle Leahy,OFFENSE,,0.0,0.0,0,681517
5,pitcher,0,0,Wyatt Olds,OFFENSE,,0.0,,0,681544
19,pitcher,2,2,Austin Warren,OFFENSE,1.0,0.10526315789473684,1.0,2,681810
22,pitcher,4,4,Cooper Criswell,OFFENSE,0.75,0.13636363636363635,0.75,3,681867
20,pitcher,1,1,Erik Sabrowski,OFFENSE,0.0,0.0,0.0,0,681870
14,pitcher,0,0,Kody Funderburk,OFFENSE,,0.0,,0,681892
11,pitcher,2,0,Evan Sisk,OFFENSE,,0.0,0.0,0,681895
14,pitcher,1,1,Alex Vesia,OFFENSE,1.0,0.07142857142857142,1.0,1,681911
14,pitcher,1,1,Dylan Smith,OFFENSE,1.0,0.07142857142857142,1.0,1,681916
8,pitcher,1,1,Josh Hendrickson,OFFENSE,1.0,0.125,1.0,1,681973
38,pitcher,6,5,Jacob Lopez,OFFENSE,1.0,0.13157894736842105,0.8333333333333334,5,682052
21,pitcher,3,3,Tim Herrin,OFFENSE,0.3333333333333333,0.047619047619047616,0.3333333333333333,1,682120
40,pitcher,7,7,Brandon Williamson,OFFENSE,0.8571428571428571,0.15,0.8571428571428571,6,682227
33,pitcher,3,3,Bryce Miller,OFFENSE,0.6666666666666666,0.06060606060606061,0.6666666666666666,2,682243
22,pitcher,4,3,Mason Montgomery,OFFENSE,0.6666666666666666,0.09090909090909091,0.5,2,682254
8,pitcher,0,0,Yaramil Hiraldo,OFFENSE,,0.0,,0,682274
26,pitcher,1,1,Luis Mey,OFFENSE,1.0,0.038461538461538464,1.0,1,682825
16,pitcher,0,0,Abner Uribe,OFFENSE,,0.0,,0,682842
13,pitcher,1,1,Daniel Espino,OFFENSE,1.0,0.07692307692307693,1.0,1,682982
15,pitcher,1,1,Victor Mederos,OFFENSE,1.0,0.06666666666666667,1.0,1,682989
26,pitcher,1,1,Riley Cornelio,OFFENSE,1.0,0.038461538461538464,1.0,1,683000
32,pitcher,1,1,Jared Jones,OFFENSE,1.0,0.03125,1.0,1,683003
10,pitcher,2,2,Joey Estes,OFFENSE,1.0,0.2,1.0,2,683155
7,pitcher,1,1,Connor Phillips,OFFENSE,1.0,0.14285714285714285,1.0,1,683175
34,pitcher,8,8,Matt Wilkinson,OFFENSE,1.0,0.23529411764705882,1.0,8,683363
4,pitcher,1,1,Edgardo Henriquez,OFFENSE,0.0,0.0,0.0,0,683618
38,pitcher,1,1,Anthony Molina,OFFENSE,1.0,0.02631578947368421,1.0,1,683627
21,pitcher,1,1,Hunter Gaddis,OFFENSE,0.0,0.0,0.0,0,683769
37,pitcher,7,7,Shota Imanaga,OFFENSE,0.8571428571428571,0.16216216216216217,0.8571428571428571,6,684007
2,pitcher,1,1,Hancel Rincon,OFFENSE,1.0,0.5,1.0,1,684516
15,pitcher,1,1,Luke Murphy,OFFENSE,1.0,0.06666666666666667,1.0,1,684665
12,pitcher,3,3,Craig Yoho,OFFENSE,1.0,0.25,1.0,3,684974
13,pitcher,0,0,Zach McCambley,OFFENSE,,0.0,,0,685112
11,pitcher,3,3,Brandon Eisert,OFFENSE,0.6666666666666666,0.18181818181818182,0.6666666666666666,2,685126
38,pitcher,8,8,Tanner Gordon,OFFENSE,1.0,0.21052631578947367,1.0,8,685299
25,pitcher,1,1,Cade Winquest,OFFENSE,0.0,0.0,0.0,0,685464
19,pitcher,1,1,Emmet Sheehan,OFFENSE,1.0,0.05263157894736842,1.0,1,686218
8,pitcher,1,1,Gavin Collyer,OFFENSE,1.0,0.125,1.0,1,686560
49,pitcher,5,3,Hunter Brown,OFFENSE,0.3333333333333333,0.02040816326530612,0.2,1,686613
14,pitcher,0,0,Carson Spiers,OFFENSE,,0.0,,0,686730
28,pitcher,1,1,Seth Johnson,OFFENSE,1.0,0.03571428571428571,1.0,1,686751
29,pitcher,3,3,Mason Barnett,OFFENSE,1.0,0.10344827586206896,1.0,3,686930
21,pitcher,3,1,Alex McFarlane,OFFENSE,0.0,0.0,0.0,0,686934
12,pitcher,1,0,Louis Varland,OFFENSE,,0.0,0.0,0,686973
47,pitcher,6,6,Brandon Young,OFFENSE,0.5,0.06382978723404255,0.5,3,687064
14,pitcher,5,2,Bradley Blalock,OFFENSE,1.0,0.14285714285714285,0.4,2,687134
43,pitcher,3,3,Quinn Mathews,OFFENSE,0.3333333333333333,0.023255813953488372,0.3333333333333333,1,687273
33,pitcher,2,1,Cooper Hjerpe,OFFENSE,1.0,0.030303030303030304,0.5,1,687309
25,pitcher,1,1,Gabriel Hughes,OFFENSE,0.0,0.0,0.0,0,687312
9,pitcher,0,0,Kevin Kelly,OFFENSE,,0.0,,0,687330
22,pitcher,4,4,Brent Headrick,OFFENSE,0.75,0.13636363636363635,0.75,3,687396
54,pitcher,7,7,Ryan Gusto,OFFENSE,0.5714285714285714,0.07407407407407407,0.5714285714285714,4,687473
18,pitcher,1,1,Jake Bennett,OFFENSE,1.0,0.05555555555555555,1.0,1,687562
40,pitcher,3,3,Connor Prielipp,OFFENSE,1.0,0.075,1.0,3,687570
18,pitcher,2,2,DJ Herz,OFFENSE,0.5,0.05555555555555555,0.5,1,687792
21,pitcher,0,0,Bryan King,OFFENSE,,0.0,,0,687911
7,pitcher,0,0,Julian Aguiar,OFFENSE,,0.0,,0,687924
10,pitcher,2,2,Alec Gamboa,OFFENSE,1.0,0.2,1.0,2,687941
45,pitcher,4,4,Robert Gasser,OFFENSE,0.75,0.06666666666666667,0.75,3,688107
17,pitcher,1,1,David Morgan,OFFENSE,0.0,0.0,0.0,0,688158
21,pitcher,1,1,Chris Roycroft,OFFENSE,1.0,0.047619047619047616,1.0,1,688297
22,pitcher,2,2,Zach Agnos,OFFENSE,1.0,0.09090909090909091,1.0,2,688642
5,pitcher,2,2,Jared Simpson,OFFENSE,1.0,0.4,1.0,2,688692
8,pitcher,1,1,Landon Knack,OFFENSE,1.0,0.125,1.0,1,689017
18,pitcher,2,1,Orion Kerkering,OFFENSE,0.0,0.0,0.0,0,689147
13,pitcher,0,0,Chad Dallas,OFFENSE,,0.0,,0,689149
26,pitcher,4,3,Beau Brieske,OFFENSE,0.3333333333333333,0.038461538461538464,0.25,1,689225
14,pitcher,0,0,Mason Fluharty,OFFENSE,,0.0,,0,689254
7,pitcher,1,1,Dylan Dodd,OFFENSE,0.0,0.0,0.0,0,689266
18,pitcher,1,1,Anthony Nunez,OFFENSE,1.0,0.05555555555555555,1.0,1,689296
44,pitcher,5,4,David Sandlin,OFFENSE,1.0,0.09090909090909091,0.8,4,689818
14,pitcher,0,0,River Ryan,OFFENSE,,0.0,,0,689981
40,pitcher,5,5,Mason Adams,OFFENSE,1.0,0.125,1.0,5,690279
13,pitcher,3,3,Bradley Hanner,OFFENSE,0.6666666666666666,0.15384615384615385,0.6666666666666666,2,690440
13,pitcher,1,0,Ben Joyce,OFFENSE,,0.0,0.0,0,690829
1,pitcher,0,0,Clayton Beeter,OFFENSE,,0.0,,0,690925
21,pitcher,0,0,Dax Fulton,OFFENSE,,0.0,,0,690978
21,pitcher,1,1,Kyle Harrison,OFFENSE,1.0,0.047619047619047616,1.0,1,690986
45,pitcher,8,8,Nolan McLean,OFFENSE,0.875,0.15555555555555556,0.875,7,690997
11,pitcher,2,2,Luis Perales,OFFENSE,0.5,0.09090909090909091,0.5,1,691384
32,pitcher,1,1,Eury Pérez,OFFENSE,0.0,0.0,0.0,0,691587
41,pitcher,2,1,Andrew Painter,OFFENSE,1.0,0.024390243902439025,0.5,1,691725
13,pitcher,2,2,Philip Abner,OFFENSE,0.0,0.0,0.0,0,691769
27,pitcher,7,7,Grant Taylor,OFFENSE,0.8571428571428571,0.2222222222222222,0.8571428571428571,6,691799
12,pitcher,0,0,José Rodríguez,OFFENSE,,0.0,,0,692064
23,pitcher,0,0,Nick Frasso,OFFENSE,,0.0,,0,693308
19,pitcher,1,0,Carson Seymour,OFFENSE,,0.0,0.0,0,693313
36,pitcher,5,5,Bryan Woo,OFFENSE,0.6,0.08333333333333333,0.6,3,693433
40,pitcher,6,6,Cam Schlittler,OFFENSE,0.8333333333333334,0.125,0.8333333333333334,5,693645
28,pitcher,5,5,Spencer Miles,OFFENSE,0.8,0.14285714285714285,0.8,4,693686
31,pitcher,4,4,Ian Seymour,OFFENSE,1.0,0.12903225806451613,1.0,4,693855
12,pitcher,1,1,Daniel Palencia,OFFENSE,1.0,0.08333333333333333,1.0,1,694037
37,pitcher,4,3,Brandon Pfaadt,OFFENSE,1.0,0.08108108108108109,0.75,3,694297
16,pitcher,3,3,Brendan Beck,OFFENSE,1.0,0.1875,1.0,3,694341
23,pitcher,2,2,Trey Gibson,OFFENSE,1.0,0.08695652173913043,1.0,2,694346
11,pitcher,0,0,Ricky Tiedemann,OFFENSE,,0.0,,0,694357
22,pitcher,2,2,Chad Patrick,OFFENSE,0.0,0.0,0.0,0,694477
21,pitcher,3,1,Ty Johnson,OFFENSE,1.0,0.047619047619047616,0.3333333333333333,1,694494
3,pitcher,0,0,Trevor Martin,OFFENSE,,0.0,,0,694680
17,pitcher,1,1,Landen Roupp,OFFENSE,1.0,0.058823529411764705,1.0,1,694738
23,pitcher,4,4,Khristian Curtis,OFFENSE,0.75,0.13043478260869565,0.75,3,694753
16,pitcher,0,0,Josh Ekness,OFFENSE,,0.0,,0,694795
24,pitcher,1,1,Jacob Misiorowski,OFFENSE,1.0,0.041666666666666664,1.0,1,694819
7,pitcher,2,2,Braxton Roxby,OFFENSE,1.0,0.2857142857142857,1.0,2,694820
31,pitcher,2,2,Blade Tidwell,OFFENSE,0.5,0.03225806451612903,0.5,1,694918
39,pitcher,2,2,Paul Skenes,OFFENSE,1.0,0.05128205128205128,1.0,2,694973
45,pitcher,3,3,Rhett Lowder,OFFENSE,0.6666666666666666,0.044444444444444446,0.6666666666666666,2,695076
2,pitcher,0,0,Robby Ahlstrom,OFFENSE,,0.0,,0,695239
29,pitcher,3,2,Mason Miller,OFFENSE,1.0,0.06896551724137931,0.6666666666666666,2,695243
15,pitcher,1,1,Jack Sinclair,OFFENSE,1.0,0.06666666666666667,1.0,1,695378
7,pitcher,1,0,Alex Hoppe,OFFENSE,,0.0,0.0,0,695380
19,pitcher,4,2,Brad Lord,OFFENSE,1.0,0.10526315789473684,0.5,2,695418
6,pitcher,3,3,Chase Lee,OFFENSE,1.0,0.5,1.0,3,695445
15,pitcher,2,2,Chase Burns,OFFENSE,1.0,0.13333333333333333,1.0,2,695505
50,pitcher,5,4,Jackson Jobe,OFFENSE,0.75,0.06,0.6,3,695549
7,pitcher,1,1,Gage Jump,OFFENSE,1.0,0.14285714285714285,1.0,1,695611
23,pitcher,1,1,Wilber Dotel,OFFENSE,0.0,0.0,0.0,0,696062
36,pitcher,5,5,Hagen Smith,OFFENSE,0.2,0.027777777777777776,0.2,1,696146
14,pitcher,1,1,Sam Bachman,OFFENSE,0.0,0.0,0.0,0,696147
47,pitcher,3,3,Bubba Chandler,OFFENSE,0.6666666666666666,0.0425531914893617,0.6666666666666666,2,696149
42,pitcher,6,6,Ryan Johnson,OFFENSE,1.0,0.14285714285714285,1.0,6,696270
3,pitcher,1,1,Samy Natera Jr.,OFFENSE,0.0,0.0,0.0,0,696519
3,pitcher,0,0,Joe Rock,OFFENSE,,0.0,,0,697812
26,pitcher,3,3,Antwone Kelly,OFFENSE,0.3333333333333333,0.038461538461538464,0.3333333333333333,1,699008
21,pitcher,3,3,Miguel Ullola,OFFENSE,1.0,0.14285714285714285,1.0,3,699044
14,pitcher,3,3,Bradgley Rodriguez,OFFENSE,1.0,0.21428571428571427,1.0,3,699134
11,pitcher,0,0,Jedixson Paez,OFFENSE,,0.0,,0,699151
1,pitcher,1,1,Tyler Davis,OFFENSE,1.0,1.0,1.0,1,699823
7,pitcher,0,0,Troy Taylor,OFFENSE,,0.0,,0,700187
43,pitcher,9,9,Michael McGreevy,OFFENSE,0.6666666666666666,0.13953488372093023,0.6666666666666666,6,700241
10,pitcher,3,3,Cade Povich,OFFENSE,0.6666666666666666,0.2,0.6666666666666666,2,700249
3,pitcher,0,0,Yilber Díaz,OFFENSE,,0.0,,0,700270
26,pitcher,2,2,AJ Smith-Shawver,OFFENSE,1.0,0.07692307692307693,1.0,2,700363
17,pitcher,2,2,Gordon Graceffo,OFFENSE,1.0,0.11764705882352941,1.0,2,700669
31,pitcher,4,2,Walbert Ureña,OFFENSE,1.0,0.06451612903225806,0.5,2,700712
12,pitcher,1,0,Logan VanWey,OFFENSE,,0.0,0.0,0,701121
12,pitcher,4,4,Duncan Davitt,OFFENSE,1.0,0.3333333333333333,1.0,4,701474
20,pitcher,2,2,Travis Adams,OFFENSE,0.5,0.05,0.5,1,701519
46,pitcher,3,3,Will Warren,OFFENSE,1.0,0.06521739130434782,1.0,3,701542
21,pitcher,0,0,Logan Henderson,OFFENSE,,0.0,,0,701656
26,pitcher,1,0,Will Dion,OFFENSE,,0.0,0.0,0,702021
8,pitcher,0,0,Alex Cook,OFFENSE,,0.0,,0,702047
11,pitcher,1,1,Trey Yesavage,OFFENSE,1.0,0.09090909090909091,1.0,1,702056
32,pitcher,4,4,Noah Cameron,OFFENSE,1.0,0.125,1.0,4,702070
23,pitcher,0,0,Andrew Morris,OFFENSE,,0.0,,0,702193
23,pitcher,4,4,Noah Schultz,OFFENSE,0.75,0.13043478260869565,0.75,3,702273
29,pitcher,5,5,JR Ritchie,OFFENSE,1.0,0.1724137931034483,1.0,5,702275
9,pitcher,2,2,Spencer Bivens,OFFENSE,0.5,0.1111111111111111,0.5,1,702352
14,pitcher,3,3,Owen Murphy,OFFENSE,1.0,0.21428571428571427,1.0,3,702566
7,pitcher,2,2,Jonathan Pintaro,OFFENSE,1.0,0.2857142857142857,1.0,2,702752
37,pitcher,6,6,Cesar Perdomo,OFFENSE,0.6666666666666666,0.10810810810810811,0.6666666666666666,4,702885
3,pitcher,0,0,Jose Cabrera,OFFENSE,,0.0,,0,703615
20,pitcher,1,1,Luis Gastelum,OFFENSE,1.0,0.05,1.0,1,703725
48,pitcher,3,3,Parker Messick,OFFENSE,1.0,0.0625,1.0,3,800048
15,pitcher,2,2,Didier Fuentes,OFFENSE,1.0,0.13333333333333333,1.0,2,800311
28,pitcher,1,1,Jackson Kent,OFFENSE,1.0,0.03571428571428571,1.0,1,800600
28,pitcher,3,3,Payton Tolle,OFFENSE,1.0,0.10714285714285714,1.0,3,801139
13,pitcher,0,0,Luis De León,OFFENSE,,0.0,,0,801725
19,pitcher,5,5,Brycen Mautz,OFFENSE,1.0,0.2631578947368421,1.0,5,802408
42,pitcher,6,6,Zac Thornton,OFFENSE,1.0,0.14285714285714285,1.0,6,804267
12,pitcher,0,0,John Klein,OFFENSE,,0.0,,0,804619
38,pitcher,5,5,Jonah Tong,OFFENSE,1.0,0.13157894736842105,1.0,5,804636
16,pitcher,3,3,Austin Peterson,OFFENSE,0.6666666666666666,0.125,0.6666666666666666,2,804926
30,pitcher,2,2,Yunior Marte,OFFENSE,1.0,0.06666666666666667,1.0,2,805074
18,pitcher,2,2,AJ Blubaugh,OFFENSE,1.0,0.1111111111111111,1.0,2,805123
20,pitcher,0,0,Brandyn Garcia,OFFENSE,,0.0,,0,805299
6,pitcher,2,2,Tyler Schweitzer,OFFENSE,1.0,0.3333333333333333,1.0,2,805326
21,pitcher,1,1,Trent Harris,OFFENSE,1.0,0.047619047619047616,1.0,1,805345
24,pitcher,2,0,Drew Sommers,OFFENSE,,0.0,0.0,0,805427
27,pitcher,0,0,Zebby Matthews,OFFENSE,,0.0,,0,805673
22,pitcher,2,2,Cade Gibson,OFFENSE,0.5,0.045454545454545456,0.5,1,806188
28,pitcher,4,4,Kade Anderson,OFFENSE,0.5,0.07142857142857142,0.5,2,807739
23,pitcher,0,0,Andrew Sears,OFFENSE,,0.0,,0,808825
9,pitcher,2,2,Roki Sasaki,OFFENSE,0.5,0.1111111111111111,0.5,1,808963
24,pitcher,2,2,Yoshinobu Yamamoto,OFFENSE,1.0,0.08333333333333333,1.0,2,808967
25,pitcher,4,2,Brody Hopkins,OFFENSE,1.0,0.08,0.5,2,811315
5,pitcher,1,1,Connelly Early,OFFENSE,1.0,0.2,1.0,1,813349
16,pitcher,2,2,Yunior Tur,OFFENSE,0.5,0.0625,0.5,1,814305
35,pitcher,6,6,Ethan Pecko,OFFENSE,0.8333333333333334,0.14285714285714285,0.8333333333333334,5,814490
19,pitcher,1,1,Mark Manfredi,OFFENSE,0.0,0.0,0.0,0,815081
19,pitcher,2,2,Mitch Farris,OFFENSE,1.0,0.10526315789473684,1.0,2,815083
13,pitcher,5,2,José Fermin,OFFENSE,0.5,0.07692307692307693,0.2,1,820862
7,pitcher,1,1,Tatsuya Imai,OFFENSE,1.0,0.14285714285714285,1.0,1,837227
80,umpire,5,5,Lance Barksdale,OFFENSE,1.0,0.0625,1.0,5,427013
141,umpire,20,11,Laz Diaz,OFFENSE,0.7272727272727273,0.05673758865248227,0.4,8,427113
133,umpire,25,25,Rob Drake,OFFENSE,0.64,0.12030075187969924,0.64,16,427128
99,umpire,25,18,Bruce Dreckman,OFFENSE,0.8333333333333334,0.15151515151515152,0.6,15,427129
116,umpire,15,14,Doug Eddings,OFFENSE,0.8571428571428571,0.10344827586206896,0.8,12,427139
180,umpire,20,18,Andy Fletcher,OFFENSE,0.7777777777777778,0.07777777777777778,0.7,14,427164
41,umpire,4,4,Chris Guccione,OFFENSE,1.0,0.0975609756097561,1.0,4,427197
94,umpire,10,10,Marvin Hudson,OFFENSE,1.0,0.10638297872340426,1.0,10,427243
93,umpire,11,11,Dan Iassogna,OFFENSE,0.9090909090909091,0.10752688172043011,0.9090909090909091,10,427248
136,umpire,17,17,Ron Kulpa,OFFENSE,0.7647058823529411,0.09558823529411764,0.7647058823529411,13,427292
102,umpire,15,10,Alfonso Márquez,OFFENSE,0.8,0.0784313725490196,0.5333333333333333,8,427315
99,umpire,20,20,Bill Miller,OFFENSE,0.75,0.15151515151515152,0.75,15,427344
190,umpire,27,24,Mark Wegner,OFFENSE,0.8333333333333334,0.10526315789473684,0.7407407407407407,20,427533
59,umpire,7,7,Hunter Wendelstedt,OFFENSE,0.8571428571428571,0.1016949152542373,0.8571428571428571,6,427537
114,umpire,18,18,Jim Wolf,OFFENSE,0.8333333333333334,0.13157894736842105,0.8333333333333334,15,427554
160,umpire,21,19,James Hoye,OFFENSE,0.7368421052631579,0.0875,0.6666666666666666,14,428442
92,umpire,12,10,Todd Tichenor,OFFENSE,0.8,0.08695652173913043,0.6666666666666666,8,429805
91,umpire,16,14,Chad Fairchild,OFFENSE,1.0,0.15384615384615385,0.875,14,431232
146,umpire,13,13,Scott Barry,OFFENSE,1.0,0.08904109589041095,1.0,13,482608
79,umpire,9,9,Mike Estabrook,OFFENSE,0.6666666666666666,0.0759493670886076,0.6666666666666666,6,482631
54,umpire,9,9,Adrian Johnson,OFFENSE,1.0,0.16666666666666666,1.0,9,482641
136,umpire,17,17,David Rackley,OFFENSE,0.7058823529411765,0.08823529411764706,0.7058823529411765,12,482663
187,umpire,16,16,D.J. Reyburn,OFFENSE,0.75,0.06417112299465241,0.75,12,482666
132,umpire,13,12,Lance Barrett,OFFENSE,0.9166666666666666,0.08333333333333333,0.8461538461538461,11,483561
172,umpire,30,30,Dan Bellino,OFFENSE,0.8333333333333334,0.14534883720930233,0.8333333333333334,25,483564
47,umpire,10,10,Vic Carapazza,OFFENSE,0.5,0.10638297872340426,0.5,5,483569
190,umpire,20,19,John Tumpane,OFFENSE,0.8421052631578947,0.08421052631578947,0.8,16,483630
51,umpire,7,7,Mike Muchlinski,OFFENSE,0.8571428571428571,0.11764705882352941,0.8571428571428571,6,483912
129,umpire,9,7,Mark Ripperger,OFFENSE,0.8571428571428571,0.046511627906976744,0.6666666666666666,6,483919
169,umpire,18,16,Cory Blaser,OFFENSE,0.875,0.08284023668639054,0.7777777777777778,14,484183
140,umpire,10,10,Alan Porter,OFFENSE,0.7,0.05,0.7,7,484198
89,umpire,4,4,Manny Gonzalez,OFFENSE,0.75,0.033707865168539325,0.75,3,484499
58,umpire,2,1,Jonathan Parra,OFFENSE,0.0,0.0,0.0,0,485856
87,umpire,9,8,Chad Whitson,OFFENSE,0.875,0.08045977011494253,0.7777777777777778,7,489985
162,umpire,11,11,Jordan Baker,OFFENSE,0.8181818181818182,0.05555555555555555,0.8181818181818182,9,490319
124,umpire,12,12,Adam Hamari,OFFENSE,0.6666666666666666,0.06451612903225806,0.6666666666666666,8,503077
104,umpire,22,19,Chris Segal,OFFENSE,0.7368421052631579,0.1346153846153846,0.6363636363636364,14,503490
183,umpire,22,18,Sean Barber,OFFENSE,0.8333333333333334,0.08196721311475409,0.6818181818181818,15,503493
164,umpire,23,16,Ryan Blakney,OFFENSE,0.9375,0.09146341463414634,0.6521739130434783,15,503502
135,umpire,9,9,Tripp Gibson,OFFENSE,0.8888888888888888,0.05925925925925926,0.8888888888888888,8,503586
55,umpire,7,4,Will Little,OFFENSE,1.0,0.07272727272727272,0.5714285714285714,4,504381
154,umpire,12,10,Quinn Wolcott,OFFENSE,0.7,0.045454545454545456,0.5833333333333334,7,511890
171,umpire,33,33,Nick Mahrley,OFFENSE,0.7878787878787878,0.15204678362573099,0.7878787878787878,26,521051
140,umpire,13,12,Ben May,OFFENSE,0.6666666666666666,0.05714285714285714,0.6153846153846154,8,521251
193,umpire,20,18,Stu Scheurwater,OFFENSE,0.8888888888888888,0.08290155440414508,0.8,16,521889
193,umpire,17,15,Nic Lentz,OFFENSE,0.8666666666666667,0.06735751295336788,0.7647058823529411,13,544728
87,umpire,18,18,John Bacon,OFFENSE,0.7777777777777778,0.16091954022988506,0.7777777777777778,14,545402
209,umpire,21,15,Carlos Torres,OFFENSE,0.6666666666666666,0.04784688995215311,0.47619047619047616,10,547380
194,umpire,11,10,Edwin Moscoso,OFFENSE,0.9,0.04639175257731959,0.8181818181818182,9,554242
101,umpire,8,8,Gabe Morales,OFFENSE,0.625,0.04950495049504951,0.625,5,573597
117,umpire,17,17,Shane Livensparger,OFFENSE,0.7647058823529411,0.1111111111111111,0.7647058823529411,13,575629
94,umpire,15,13,Roberto Ortiz,OFFENSE,0.7692307692307693,0.10638297872340426,0.6666666666666666,10,577468
172,umpire,21,17,Ramon De Jesus,OFFENSE,0.8235294117647058,0.08139534883720931,0.6666666666666666,14,594151
136,umpire,13,13,Jansen Visconti,OFFENSE,0.8461538461538461,0.08088235294117647,0.8461538461538461,11,596740
177,umpire,15,15,John Libka,OFFENSE,0.8,0.06779661016949153,0.8,12,596805
90,umpire,9,8,Ryan Additon,OFFENSE,1.0,0.08888888888888889,0.8888888888888888,8,596809
115,umpire,13,13,Nestor Ceja,OFFENSE,0.9230769230769231,0.10434782608695652,0.9230769230769231,12,598411
118,umpire,12,7,Dan Merzel,OFFENSE,0.5714285714285714,0.03389830508474576,0.3333333333333333,4,605670
88,umpire,5,5,Charlie Ramos,OFFENSE,1.0,0.056818181818181816,1.0,5,605671
95,umpire,7,4,Jeremie Rehak,OFFENSE,0.5,0.021052631578947368,0.2857142857142857,2,605672
159,umpire,12,12,Alex Tosi,OFFENSE,0.75,0.05660377358490566,0.75,9,605673
97,umpire,8,5,Ryan Wills,OFFENSE,0.6,0.030927835051546393,0.375,3,605674
179,umpire,21,21,Paul Clemons,OFFENSE,0.9047619047619048,0.10614525139664804,0.9047619047619048,19,607884
144,umpire,12,12,Junior Valentine,OFFENSE,0.9166666666666666,0.0763888888888889,0.9166666666666666,11,608093
149,umpire,25,23,Nate Tomlinson,OFFENSE,0.782608695652174,0.12080536912751678,0.72,18,608158
144,umpire,19,18,Emil Jimenez,OFFENSE,0.7777777777777778,0.09722222222222222,0.7368421052631579,14,621660
157,umpire,14,11,Erich Bacchus,OFFENSE,0.7272727272727273,0.050955414012738856,0.5714285714285714,8,623938
82,umpire,5,5,Alex MacKay,OFFENSE,0.6,0.036585365853658534,0.6,3,623945
84,umpire,8,8,Malachi Moore,OFFENSE,0.75,0.07142857142857142,0.75,6,623946
153,umpire,15,11,Clint Vondrak,OFFENSE,0.6363636363636364,0.0457516339869281,0.4666666666666667,7,623949
152,umpire,16,16,Brennan Miller,OFFENSE,0.875,0.09210526315789473,0.875,14,639723
156,umpire,19,19,Adam Beck,OFFENSE,0.8421052631578947,0.10256410256410256,0.8421052631578947,16,644760
91,umpire,11,11,Jacob Metz,OFFENSE,0.8181818181818182,0.0989010989010989,0.8181818181818182,9,658082
120,umpire,12,12,Derek Thomas,OFFENSE,1.0,0.1,1.0,12,658292
96,umpire,9,7,Tyler Jones,OFFENSE,0.8571428571428571,0.0625,0.6666666666666666,6,658325
148,umpire,11,11,Austin Jones,OFFENSE,1.0,0.07432432432432433,1.0,11,658536
190,umpire,22,22,Edwin Jimenez,OFFENSE,0.7272727272727273,0.08421052631578947,0.7272727272727273,16,664263
131,umpire,22,18,Brian Walsh,OFFENSE,0.7222222222222222,0.09923664122137404,0.5909090909090909,13,665281
129,umpire,11,10,Tom Hanahan,OFFENSE,0.7,0.05426356589147287,0.6363636363636364,7,665297
109,umpire,11,11,Louie Krupa,OFFENSE,0.8181818181818182,0.08256880733944955,0.8181818181818182,9,665299
102,umpire,10,9,Dillon Wilson,OFFENSE,1.0,0.08823529411764706,0.9,9,665302
99,umpire,5,5,Brock Ballou,OFFENSE,0.6,0.030303030303030304,0.6,3,665576
45,umpire,6,5,Jen Pawol,OFFENSE,0.8,0.08888888888888889,0.6666666666666666,4,668921
87,umpire,6,5,Steven Jaschinski,OFFENSE,1.0,0.05747126436781609,0.8333333333333334,5,676580
177,umpire,20,19,James Jean,OFFENSE,0.8421052631578947,0.0903954802259887,0.8,16,676581
38,umpire,6,6,Felix Neon,OFFENSE,0.6666666666666666,0.10526315789473684,0.6666666666666666,4,681849
42,umpire,5,5,Willie Traynor,OFFENSE,0.8,0.09523809523809523,0.8,4,691042
13706,base_state,562,531,,DEFENSE,0.6629001883239172,0.025682182985553772,0.6263345195729537,352,000
569,base_state,26,22,,DEFENSE,0.5454545454545454,0.0210896309314587,0.46153846153846156,12,001
1727,base_state,82,73,,DEFENSE,0.5616438356164384,0.02374059061957151,0.5,41,010
510,base_state,34,30,,DEFENSE,0.6333333333333333,0.03725490196078431,0.5588235294117647,19,011
4657,base_state,240,219,,DEFENSE,0.6027397260273972,0.028344427743182306,0.55,132,100
742,base_state,30,28,,DEFENSE,0.6071428571428571,0.022911051212938006,0.5666666666666667,17,101
1638,base_state,61,56,,DEFENSE,0.625,0.021367521367521368,0.5737704918032787,35,110
601,base_state,23,20,,DEFENSE,0.45,0.014975041597337771,0.391304347826087,9,111
39,batter,1,1,Miguel Rojas,DEFENSE,1.0,0.02564102564102564,1.0,1,500743
33,batter,1,1,Tommy Pham,DEFENSE,0.0,0.0,0.0,0,502054
27,batter,1,1,Paul Goldschmidt,DEFENSE,1.0,0.037037037037037035,1.0,1,502671
77,batter,3,2,Jose Altuve,DEFENSE,1.0,0.025974025974025976,0.6666666666666666,2,514888
10,batter,1,1,Travis d'Arnaud,DEFENSE,1.0,0.1,1.0,1,518595
86,batter,7,7,Freddie Freeman,DEFENSE,0.7142857142857143,0.05813953488372093,0.7142857142857143,5,518692
64,batter,0,0,Salvador Perez,DEFENSE,,0.0,,0,521692
18,batter,2,2,James McCann,DEFENSE,1.0,0.1111111111111111,1.0,2,543510
80,batter,4,4,Marcus Semien,DEFENSE,0.5,0.025,0.5,2,543760
77,batter,5,5,George Springer,DEFENSE,0.8,0.05194805194805195,0.8,4,543807
8,batter,1,1,Christian Vázquez,DEFENSE,1.0,0.125,1.0,1,543877
36,batter,1,0,Ildemaro Vargas,DEFENSE,,0.0,0.0,0,545121
47,batter,1,1,Randal Grichuk,DEFENSE,1.0,0.02127659574468085,1.0,1,545341
138,batter,3,3,Mike Trout,DEFENSE,0.6666666666666666,0.014492753623188406,0.6666666666666666,2,545361
85,batter,5,5,Bryce Harper,DEFENSE,0.8,0.047058823529411764,0.8,4,547180
38,batter,1,1,Elias Díaz,DEFENSE,0.0,0.0,0.0,0,553869
67,batter,2,2,Eugenio Suárez,DEFENSE,1.0,0.029850746268656716,1.0,2,553993
72,batter,1,1,Nolan Arenado,DEFENSE,1.0,0.013888888888888888,1.0,1,571448
3,batter,0,0,Kyle Farmer,DEFENSE,,0.0,,0,571657
31,batter,2,2,Enrique Hernández,DEFENSE,1.0,0.06451612903225806,1.0,2,571771
16,batter,0,0,Luke Maile,DEFENSE,,0.0,,0,571912
80,batter,4,4,Max Muncy,DEFENSE,0.5,0.025,0.5,2,571970
79,batter,1,1,Christian Walker,DEFENSE,0.0,0.0,0.0,0,572233
74,batter,2,2,Mike Yastrzemski,DEFENSE,1.0,0.02702702702702703,1.0,2,573262
23,batter,0,0,Willson Contreras,DEFENSE,,0.0,,0,575929
24,batter,1,1,Aaron Judge,DEFENSE,0.0,0.0,0.0,0,592450
96,batter,7,7,Manny Machado,DEFENSE,0.8571428571428571,0.0625,0.8571428571428571,6,592518
7,batter,1,1,Joc Pederson,DEFENSE,1.0,0.14285714285714285,1.0,1,592626
73,batter,6,4,J.T. Realmuto,DEFENSE,0.25,0.0136986301369863,0.16666666666666666,1,592663
82,batter,3,3,Christian Yelich,DEFENSE,1.0,0.036585365853658534,1.0,3,592885
91,batter,1,1,Xander Bogaerts,DEFENSE,1.0,0.01098901098901099,1.0,1,593428
24,batter,1,1,Javier Báez,DEFENSE,1.0,0.041666666666666664,1.0,1,595879
44,batter,2,1,Austin Hedges,DEFENSE,0.0,0.0,0.0,0,595978
123,batter,6,6,Francisco Lindor,DEFENSE,0.8333333333333334,0.04065040650406504,0.8333333333333334,5,596019
59,batter,4,4,Trevor Story,DEFENSE,0.75,0.05084745762711865,0.75,3,596115
6,batter,0,0,Garrett Stubbs,DEFENSE,,0.0,,0,596117
29,batter,2,2,Gary Sánchez,DEFENSE,1.0,0.06896551724137931,1.0,2,596142
3,batter,0,0,Ramón Urías,DEFENSE,,0.0,,0,602104
102,batter,5,5,Josh Bell,DEFENSE,0.4,0.0196078431372549,0.4,2,605137
118,batter,7,6,Mookie Betts,DEFENSE,0.5,0.025423728813559324,0.42857142857142855,3,605141
40,batter,3,3,Victor Caratini,DEFENSE,0.3333333333333333,0.025,0.3333333333333333,1,605170
5,batter,0,0,Vimael Machín,DEFENSE,,0.0,,0,605353
65,batter,3,3,Teoscar Hernández,DEFENSE,1.0,0.046153846153846156,1.0,3,606192
90,batter,1,1,Ketel Marte,DEFENSE,1.0,0.011111111111111112,1.0,1,606466
82,batter,4,4,Brandon Nimmo,DEFENSE,1.0,0.04878048780487805,1.0,4,607043
104,batter,3,3,Trea Turner,DEFENSE,0.6666666666666666,0.019230769230769232,0.6666666666666666,2,607208
87,batter,1,0,José Ramírez,DEFENSE,,0.0,0.0,0,608070
60,batter,1,1,Alex Bregman,DEFENSE,1.0,0.016666666666666666,1.0,1,608324
41,batter,1,1,Carson Kelly,DEFENSE,1.0,0.024390243902439025,1.0,1,608348
83,batter,4,4,Corey Seager,DEFENSE,0.5,0.024096385542168676,0.5,2,608369
36,batter,0,0,Luis Torrens,DEFENSE,,0.0,,0,620443
41,batter,1,1,Dansby Swanson,DEFENSE,1.0,0.024390243902439025,1.0,1,621020
17,batter,1,1,Tyrone Taylor,DEFENSE,1.0,0.058823529411764705,1.0,1,621438
22,batter,2,2,Taylor Ward,DEFENSE,0.0,0.0,0.0,0,621493
78,batter,6,6,Matt Olson,DEFENSE,0.6666666666666666,0.05128205128205128,0.6666666666666666,4,621566
58,batter,3,3,Donovan Walton,DEFENSE,1.0,0.05172413793103448,1.0,3,622268
21,batter,1,1,Jorge Mateo,DEFENSE,1.0,0.047619047619047616,1.0,1,622761
12,batter,0,0,Tyler Heineman,DEFENSE,,0.0,,0,623168
93,batter,3,3,Pete Alonso,DEFENSE,0.6666666666666666,0.021505376344086023,0.6666666666666666,2,624413
63,batter,2,2,Michael Conforto,DEFENSE,1.0,0.031746031746031744,1.0,2,624424
10,batter,0,0,Adam Frazier,DEFENSE,,0.0,,0,624428
14,batter,1,1,Jose Trevino,DEFENSE,1.0,0.07142857142857142,1.0,1,624431
7,batter,1,1,Edmundo Sosa,DEFENSE,1.0,0.14285714285714285,1.0,1,624641
89,batter,3,3,Jake Cronenworth,DEFENSE,0.3333333333333333,0.011235955056179775,0.3333333333333333,1,630105
5,batter,0,0,Brian Navarreto,DEFENSE,,0.0,,0,640459
27,batter,0,0,Jhonny Pereda,DEFENSE,,0.0,,0,640902
91,batter,7,5,Jake Bauers,DEFENSE,0.6,0.03296703296703297,0.42857142857142855,3,641343
72,batter,6,6,Cody Bellinger,DEFENSE,0.6666666666666666,0.05555555555555555,0.6666666666666666,4,641355
93,batter,10,9,J.P. Crawford,DEFENSE,0.7777777777777778,0.07526881720430108,0.7,7,641487
11,batter,1,1,Jake Fraley,DEFENSE,1.0,0.09090909090909091,1.0,1,641584
45,batter,4,3,Jonah Heim,DEFENSE,0.6666666666666666,0.044444444444444446,0.5,2,641680
53,batter,2,2,Ryan McMahon,DEFENSE,0.5,0.018867924528301886,0.5,1,641857
19,batter,4,4,Dominic Smith,DEFENSE,0.75,0.15789473684210525,0.75,3,642086
50,batter,1,1,Weston Wilson,DEFENSE,1.0,0.02,1.0,1,642215
62,batter,1,1,Jose Siri,DEFENSE,0.0,0.0,0.0,0,642350
13,batter,1,1,Amed Rosario,DEFENSE,0.0,0.0,0.0,0,642708
56,batter,1,1,Andrew Benintendi,DEFENSE,1.0,0.017857142857142856,1.0,1,643217
72,batter,2,2,Mauricio Dubón,DEFENSE,0.5,0.013888888888888888,0.5,1,643289
70,batter,3,3,Danny Jansen,DEFENSE,0.6666666666666666,0.02857142857142857,0.6666666666666666,2,643376
46,batter,0,0,Isiah Kiner-Falefa,DEFENSE,,0.0,,0,643396
55,batter,1,0,Jeff McNeil,DEFENSE,,0.0,0.0,0,643446
94,batter,5,5,Ozzie Albies,DEFENSE,0.6,0.031914893617021274,0.6,3,645277
1,batter,0,0,Victor Robles,DEFENSE,,0.0,,0,645302
8,batter,1,1,Ali Sánchez,DEFENSE,1.0,0.125,1.0,1,645305
15,batter,1,0,Rafael Devers,DEFENSE,,0.0,0.0,0,646240
78,batter,5,5,Josh Naylor,DEFENSE,0.6,0.038461538461538464,0.6,3,647304
65,batter,5,5,Luis Arraez,DEFENSE,0.6,0.046153846153846156,0.6,3,650333
83,batter,0,0,Gleyber Torres,DEFENSE,,0.0,,0,650402
79,batter,3,3,Yandy Díaz,DEFENSE,0.6666666666666666,0.02531645569620253,0.6666666666666666,2,650490
41,batter,0,0,Bryan De La Cruz,DEFENSE,,0.0,,0,650559
13,batter,0,0,Yohel Pozo,DEFENSE,,0.0,,0,650968
32,batter,0,0,Andruw Monasterio,DEFENSE,,0.0,,0,655316
19,batter,1,1,Derek Hill,DEFENSE,1.0,0.05263157894736842,1.0,1,656537
2,batter,0,0,Alex Jackson,DEFENSE,,0.0,,0,656577
49,batter,4,4,Zach McKinstry,DEFENSE,1.0,0.08163265306122448,1.0,4,656716
46,batter,2,2,Cedric Mullins,DEFENSE,0.5,0.021739130434782608,0.5,1,656775
72,batter,6,6,Ryan O'Hearn,DEFENSE,0.6666666666666666,0.05555555555555555,0.6666666666666666,4,656811
134,batter,5,5,Kyle Schwarber,DEFENSE,1.0,0.03731343283582089,1.0,5,656941
42,batter,5,4,Pavin Smith,DEFENSE,0.5,0.047619047619047616,0.4,2,656976
4,batter,0,0,Connor Wong,DEFENSE,,0.0,,0,657136
4,batter,1,1,Rudy Martin Jr.,DEFENSE,1.0,0.25,1.0,1,657675
13,batter,0,0,Gavin Sheets,DEFENSE,,0.0,,0,657757
32,batter,2,2,Shohei Ohtani,DEFENSE,0.0,0.0,0.0,0,660271
80,batter,5,5,Ronald Acuña Jr.,DEFENSE,0.4,0.025,0.4,2,660670
19,batter,0,0,Keibert Ruiz,DEFENSE,,0.0,,0,660688
19,batter,1,1,Jesús Sánchez,DEFENSE,1.0,0.05263157894736842,1.0,1,660821
14,batter,1,1,Leo Rivas,DEFENSE,1.0,0.07142857142857142,1.0,1,660844
59,batter,7,7,William Contreras,DEFENSE,0.7142857142857143,0.0847457627118644,0.7142857142857143,5,661388
20,batter,1,0,Brian Serven,DEFENSE,,0.0,0.0,0,661531
23,batter,1,1,Daulton Varsho,DEFENSE,0.0,0.0,0.0,0,662139
46,batter,0,0,Jahmai Jones,DEFENSE,,0.0,,0,663330
95,batter,7,7,Lars Nootbaar,DEFENSE,0.5714285714285714,0.042105263157894736,0.5714285714285714,4,663457
39,batter,2,2,Bryan Torres,DEFENSE,1.0,0.05128205128205128,1.0,2,663494
56,batter,2,2,Nico Hoerner,DEFENSE,1.0,0.03571428571428571,1.0,2,663538
88,batter,3,3,Austin Riley,DEFENSE,0.6666666666666666,0.022727272727272728,0.6666666666666666,2,663586
1,batter,0,0,Brandon Lockridge,DEFENSE,,0.0,,0,663604
9,batter,0,0,Nick Madrigal,DEFENSE,,0.0,,0,663611
6,batter,1,1,Trevor Larnach,DEFENSE,0.0,0.0,0.0,0,663616
33,batter,0,0,Ke'Bryan Hayes,DEFENSE,,0.0,,0,663647
91,batter,3,3,Kyle Tucker,DEFENSE,1.0,0.03296703296703297,1.0,3,663656
98,batter,6,6,Cal Raleigh,DEFENSE,0.6666666666666666,0.04081632653061224,0.6666666666666666,4,663728
35,batter,0,0,Nick Fortes,DEFENSE,,0.0,,0,663743
59,batter,1,1,Tyler Stephenson,DEFENSE,1.0,0.01694915254237288,1.0,1,663886
48,batter,2,2,Jake Mangum,DEFENSE,0.0,0.0,0.0,0,663968
46,batter,3,3,Nathaniel Lowe,DEFENSE,0.6666666666666666,0.043478260869565216,0.6666666666666666,2,663993
92,batter,5,5,Ian Happ,DEFENSE,0.4,0.021739130434782608,0.4,2,664023
66,batter,2,2,Ty France,DEFENSE,0.5,0.015151515151515152,0.5,1,664034
71,batter,4,4,Brandon Lowe,DEFENSE,0.75,0.04225352112676056,0.75,3,664040
53,batter,3,3,Myles Straw,DEFENSE,1.0,0.05660377358490566,1.0,3,664702
32,batter,2,2,Kyle Isbel,DEFENSE,1.0,0.0625,1.0,2,664728
91,batter,5,4,Alec Bohm,DEFENSE,0.75,0.03296703296703297,0.6,3,664761
59,batter,1,1,Nathan Lukes,DEFENSE,0.0,0.0,0.0,0,664770
35,batter,3,3,LaMonte Wade Jr.,DEFENSE,1.0,0.08571428571428572,1.0,3,664774
24,batter,1,1,Brett Sullivan,DEFENSE,1.0,0.041666666666666664,1.0,1,664954
73,batter,3,3,Jake McCarthy,DEFENSE,0.3333333333333333,0.0136986301369863,0.3333333333333333,1,664983
78,batter,4,4,Kody Clemens,DEFENSE,0.5,0.02564102564102564,0.5,2,665019
67,batter,1,1,Griffin Conine,DEFENSE,1.0,0.014925373134328358,1.0,1,665052
67,batter,1,1,Jeremy Peña,DEFENSE,0.0,0.0,0.0,0,665161
106,batter,5,5,Fernando Tatis Jr.,DEFENSE,1.0,0.04716981132075472,1.0,5,665487
60,batter,5,5,Vladimir Guerrero Jr.,DEFENSE,0.8,0.06666666666666667,0.8,4,665489
93,batter,3,3,Juan Soto,DEFENSE,0.6666666666666666,0.021505376344086023,0.6666666666666666,2,665742
31,batter,2,1,Leody Taveras,DEFENSE,0.0,0.0,0.0,0,665750
16,batter,0,0,Miguel Amaya,DEFENSE,,0.0,,0,665804
20,batter,0,0,Oswaldo Cabrera,DEFENSE,,0.0,,0,665828
90,batter,6,6,Oneil Cruz,DEFENSE,0.6666666666666666,0.044444444444444446,0.6666666666666666,4,665833
16,batter,1,1,Jazz Chisholm Jr.,DEFENSE,0.0,0.0,0.0,0,665862
60,batter,3,2,José Fermín,DEFENSE,0.0,0.0,0.0,0,665877
69,batter,1,1,Esteury Ruiz,DEFENSE,1.0,0.014492753623188406,1.0,1,665923
32,batter,2,2,Andrés Giménez,DEFENSE,0.5,0.03125,0.5,1,665926
53,batter,1,1,Andrés Chaparro,DEFENSE,1.0,0.018867924528301886,1.0,1,665953
17,batter,0,0,Carlos Narváez,DEFENSE,,0.0,,0,665966
98,batter,2,1,Jonathan Aranda,DEFENSE,1.0,0.01020408163265306,0.5,1,666018
23,batter,1,1,Freddy Fermin,DEFENSE,0.0,0.0,0.0,0,666023
51,batter,2,2,Carlos Cortes,DEFENSE,0.5,0.0196078431372549,0.5,1,666126
47,batter,0,0,Josh Lowe,DEFENSE,,0.0,,0,666139
39,batter,0,0,David Hamilton,DEFENSE,,0.0,,0,666152
30,batter,0,0,Mickey Moniak,DEFENSE,,0.0,,0,666160
87,batter,3,2,Jo Adell,DEFENSE,0.5,0.011494252873563218,0.3333333333333333,1,666176
79,batter,4,4,Bo Bichette,DEFENSE,0.25,0.012658227848101266,0.25,1,666182
54,batter,2,1,Taylor Trammell,DEFENSE,0.0,0.0,0.0,0,666211
10,batter,0,0,Bo Naylor,DEFENSE,,0.0,,0,666310
16,batter,2,2,Christopher Morel,DEFENSE,0.5,0.0625,0.5,1,666624
64,batter,2,2,Dane Myers,DEFENSE,0.5,0.015625,0.5,1,667472
101,batter,4,4,Randy Arozarena,DEFENSE,0.75,0.0297029702970297,0.75,3,668227
17,batter,0,0,Jake Rogers,DEFENSE,,0.0,,0,668670
85,batter,2,2,JJ Bleday,DEFENSE,0.5,0.011764705882352941,0.5,1,668709
54,batter,1,1,Ryan Vilade,DEFENSE,1.0,0.018518518518518517,1.0,1,668723
35,batter,1,1,Andrew Knizner,DEFENSE,1.0,0.02857142857142857,1.0,1,668800
90,batter,5,5,Bryan Reynolds,DEFENSE,0.8,0.044444444444444446,0.8,4,668804
41,batter,4,4,Austin Martin,DEFENSE,0.75,0.07317073170731707,0.75,3,668885
37,batter,2,2,Mark Vientos,DEFENSE,1.0,0.05405405405405406,1.0,2,668901
77,batter,6,6,Royce Lewis,DEFENSE,0.3333333333333333,0.025974025974025976,0.3333333333333333,2,668904
112,batter,6,5,Brice Turang,DEFENSE,0.8,0.03571428571428571,0.6666666666666666,4,668930
82,batter,4,4,Adley Rutschman,DEFENSE,1.0,0.04878048780487805,1.0,4,668939
14,batter,0,0,Josh Rojas,DEFENSE,,0.0,,0,668942
46,batter,1,1,Ryan Kreidler,DEFENSE,0.0,0.0,0.0,0,668952
82,batter,5,5,Garrett Mitchell,DEFENSE,0.6,0.036585365853658534,0.6,3,669003
48,batter,2,2,Brandon Marsh,DEFENSE,0.0,0.0,0.0,0,669016
72,batter,2,2,Kyle Stowers,DEFENSE,0.5,0.013888888888888888,0.5,1,669065
74,batter,2,2,Shea Langeliers,DEFENSE,1.0,0.02702702702702703,1.0,2,669127
56,batter,4,4,Luis Campusano,DEFENSE,0.5,0.03571428571428571,0.5,2,669134
55,batter,0,0,Sean Murphy,DEFENSE,,0.0,,0,669221
57,batter,1,1,Austin Wells,DEFENSE,1.0,0.017543859649122806,1.0,1,669224
64,batter,1,1,Jeremiah Jackson,DEFENSE,1.0,0.015625,1.0,1,669236
88,batter,3,2,Tommy Edman,DEFENSE,1.0,0.022727272727272728,0.6666666666666666,2,669242
87,batter,5,4,Will Smith,DEFENSE,0.25,0.011494252873563218,0.2,1,669257
17,batter,1,1,Bryce Teodosio,DEFENSE,1.0,0.058823529411764705,1.0,1,669326
50,batter,1,1,Nolan Gorman,DEFENSE,0.0,0.0,0.0,0,669357
38,batter,3,3,Xavier Edwards,DEFENSE,0.6666666666666666,0.05263157894736842,0.6666666666666666,2,669364
58,batter,7,7,Samad Taylor,DEFENSE,0.8571428571428571,0.10344827586206896,0.8571428571428571,6,669392
90,batter,7,7,Jake Burger,DEFENSE,0.5714285714285714,0.044444444444444446,0.5714285714285714,4,669394
18,batter,2,1,Nick Allen,DEFENSE,1.0,0.05555555555555555,0.5,1,669397
55,batter,3,2,Josh Smith,DEFENSE,0.5,0.01818181818181818,0.3333333333333333,1,669701
25,batter,1,1,Jared Triolo,DEFENSE,0.0,0.0,0.0,0,669707
20,batter,0,0,Austin Hays,DEFENSE,,0.0,,0,669720
22,batter,0,0,Alex Call,DEFENSE,,0.0,,0,669743
25,batter,1,1,Nicky Lopez,DEFENSE,1.0,0.04,1.0,1,670032
75,batter,5,3,John Rave,DEFENSE,0.0,0.0,0.0,0,670231
94,batter,3,3,Yordan Alvarez,DEFENSE,1.0,0.031914893617021274,1.0,3,670541
122,batter,3,3,Isaac Paredes,DEFENSE,0.3333333333333333,0.00819672131147541,0.3333333333333333,1,670623
35,batter,3,3,Taylor Walls,DEFENSE,0.3333333333333333,0.02857142857142857,0.3333333333333333,1,670764
11,batter,1,1,TJ Friedl,DEFENSE,0.0,0.0,0.0,0,670770
94,batter,6,6,Iván Herrera,DEFENSE,0.6666666666666666,0.0425531914893617,0.6666666666666666,4,671056
73,batter,0,0,Heliot Ramos,DEFENSE,,0.0,,0,671218
63,batter,2,2,Luis García Jr.,DEFENSE,0.5,0.015873015873015872,0.5,1,671277
107,batter,4,3,Lawrence Butler,DEFENSE,1.0,0.028037383177570093,0.75,3,671732
52,batter,6,6,Michael Harris II,DEFENSE,0.5,0.057692307692307696,0.5,3,671739
65,batter,5,5,Tristan Peters,DEFENSE,0.6,0.046153846153846156,0.6,3,671976
28,batter,1,1,Denzel Clarke,DEFENSE,1.0,0.03571428571428571,1.0,1,672016
43,batter,1,1,Patrick Bailey,DEFENSE,1.0,0.023255813953488372,1.0,1,672275
3,batter,0,0,Gabriel Arias,DEFENSE,,0.0,,0,672356
61,batter,2,2,Alejandro Kirk,DEFENSE,1.0,0.03278688524590164,1.0,2,672386
91,batter,3,2,Gabriel Moreno,DEFENSE,0.5,0.01098901098901099,0.3333333333333333,1,672515
63,batter,2,1,Maikel Garcia,DEFENSE,1.0,0.015873015873015872,0.5,1,672580
84,batter,2,2,Otto Lopez,DEFENSE,1.0,0.023809523809523808,1.0,2,672640
116,batter,6,5,Geraldo Perdomo,DEFENSE,0.6,0.02586206896551724,0.5,3,672695
32,batter,2,1,Oswald Peraza,DEFENSE,0.0,0.0,0.0,0,672724
97,batter,3,3,Kazuma Okamoto,DEFENSE,1.0,0.030927835051546393,1.0,3,672960
62,batter,2,1,Yainer Diaz,DEFENSE,1.0,0.016129032258064516,0.5,1,673237
51,batter,6,6,Ha-Seong Kim,DEFENSE,1.0,0.11764705882352941,1.0,6,673490
98,batter,9,9,Seiya Suzuki,DEFENSE,0.4444444444444444,0.04081632653061224,0.4444444444444444,4,673548
50,batter,0,0,Josh Jung,DEFENSE,,0.0,,0,673962
36,batter,1,1,Alika Williams,DEFENSE,1.0,0.027777777777777776,1.0,1,675961
65,batter,2,2,Jonny DeLuca,DEFENSE,1.0,0.03076923076923077,1.0,2,676356
14,batter,1,0,Nelson Velázquez,DEFENSE,,0.0,0.0,0,676369
45,batter,0,0,Ernie Clement,DEFENSE,,0.0,,0,676391
39,batter,1,1,Hunter Feduccia,DEFENSE,1.0,0.02564102564102564,1.0,1,676439
62,batter,2,2,Alec Burleson,DEFENSE,1.0,0.03225806451612903,1.0,2,676475
4,batter,0,0,José Barrero,DEFENSE,,0.0,,0,676480
20,batter,1,1,Brewer Hicklen,DEFENSE,0.0,0.0,0.0,0,676551
52,batter,1,1,José Caballero,DEFENSE,0.0,0.0,0.0,0,676609
34,batter,0,0,Jared Young,DEFENSE,,0.0,,0,676724
30,batter,2,2,Davis Schneider,DEFENSE,1.0,0.06666666666666667,1.0,2,676914
12,batter,0,0,Heston Kjerstad,DEFENSE,,0.0,,0,677008
12,batter,0,0,Kyren Paris,DEFENSE,,0.0,,0,677347
74,batter,2,1,Brayan Rocchio,DEFENSE,0.0,0.0,0.0,0,677587
16,batter,0,0,José Tena,DEFENSE,,0.0,,0,677588
70,batter,0,0,Julio Rodríguez,DEFENSE,,0.0,,0,677594
17,batter,0,0,Ronny Mauricio,DEFENSE,,0.0,,0,677595
71,batter,4,3,Ezequiel Duran,DEFENSE,0.6666666666666666,0.028169014084507043,0.5,2,677649
83,batter,0,0,Wilyer Abreu,DEFENSE,,0.0,,0,677800
17,batter,1,1,Will Banfield,DEFENSE,1.0,0.058823529411764705,1.0,1,677943
72,batter,0,0,Bobby Witt Jr.,DEFENSE,,0.0,,0,677951
28,batter,1,1,Rece Hinds,DEFENSE,1.0,0.03571428571428571,1.0,1,677956
1,batter,0,0,Anthony Seigler,DEFENSE,,0.0,,0,678011
32,batter,3,3,Brandon Valenzuela,DEFENSE,1.0,0.09375,1.0,3,678218
118,batter,2,2,Miguel Vargas,DEFENSE,0.0,0.0,0.0,0,678246
63,batter,2,2,Jorbit Vivas,DEFENSE,0.0,0.0,0.0,0,678391
31,batter,3,3,Jorge Barrosa,DEFENSE,0.3333333333333333,0.03225806451612903,0.3333333333333333,1,678489
36,batter,2,2,Osleivis Basabe,DEFENSE,0.5,0.027777777777777776,0.5,1,678545
52,batter,3,2,Ezequiel Tovar,DEFENSE,0.5,0.019230769230769232,0.3333333333333333,1,678662
12,batter,0,0,Ceddanne Rafaela,DEFENSE,,0.0,,0,678882
117,batter,0,0,Spencer Torkelson,DEFENSE,,0.0,,0,679529
32,batter,1,1,Justin Foscue,DEFENSE,0.0,0.0,0.0,0,679822
47,batter,1,1,Nick Loftin,DEFENSE,0.0,0.0,0.0,0,679845
55,batter,1,1,Matt McLain,DEFENSE,1.0,0.01818181818181818,1.0,1,680574
4,batter,0,0,DaShawn Keirsey Jr.,DEFENSE,,0.0,,0,680577
65,batter,3,2,Eduardo Valencia,DEFENSE,0.5,0.015384615384615385,0.3333333333333333,1,680664
47,batter,1,1,Richie Palacios,DEFENSE,0.0,0.0,0.0,0,680700
3,batter,0,0,Adrian Del Castillo,DEFENSE,,0.0,,0,680728
126,batter,11,10,Steven Kwan,DEFENSE,0.8,0.06349206349206349,0.7272727272727273,8,680757
51,batter,2,2,Jarren Duran,DEFENSE,1.0,0.0392156862745098,1.0,2,680776
55,batter,2,2,Ryan Jeffers,DEFENSE,0.5,0.01818181818181818,0.5,1,680777
46,batter,3,3,Henry Davis,DEFENSE,1.0,0.06521739130434782,1.0,3,680779
79,batter,7,7,Zack Gelof,DEFENSE,0.42857142857142855,0.0379746835443038,0.42857142857142855,3,680869
24,batter,1,1,Christian Franklin,DEFENSE,1.0,0.041666666666666664,1.0,1,681047
100,batter,5,4,Bryson Stott,DEFENSE,0.75,0.03,0.6,3,681082
84,batter,6,6,TJ Rumfield,DEFENSE,0.5,0.03571428571428571,0.5,3,681198
2,batter,0,0,BJ Murray Jr.,DEFENSE,,0.0,,0,681230
60,batter,2,2,Colton Cowser,DEFENSE,0.5,0.016666666666666666,0.5,1,681297
1,batter,0,0,Logan O'Hoppe,DEFENSE,,0.0,,0,681351
57,batter,2,2,Connor Norby,DEFENSE,0.5,0.017543859649122806,0.5,1,681393
50,batter,3,3,Mickey Gasper,DEFENSE,0.6666666666666666,0.04,0.6666666666666666,2,681508
42,batter,1,1,Andy Pages,DEFENSE,0.0,0.0,0.0,0,681624
116,batter,6,6,Heriberto Hernández,DEFENSE,0.5,0.02586206896551724,0.5,3,681715
31,batter,1,1,David Fry,DEFENSE,1.0,0.03225806451612903,1.0,1,681807
33,batter,1,1,Nate Eaton,DEFENSE,1.0,0.030303030303030304,1.0,1,681987
2,batter,0,0,Daniel Schneemann,DEFENSE,,0.0,,0,682177
64,batter,3,3,Francisco Alvarez,DEFENSE,0.6666666666666666,0.03125,0.6666666666666666,2,682626
42,batter,2,2,Angel Martínez,DEFENSE,1.0,0.047619047619047616,1.0,2,682657
71,batter,2,2,Agustín Ramírez,DEFENSE,0.5,0.014084507042253521,0.5,1,682663
21,batter,0,0,Luisangel Acuña,DEFENSE,,0.0,,0,682668
46,batter,0,0,Victor Bericoto,DEFENSE,,0.0,,0,682674
146,batter,3,3,Elly De La Cruz,DEFENSE,0.0,0.0,0.0,0,682829
48,batter,1,1,Juan Brito,DEFENSE,1.0,0.020833333333333332,1.0,1,682877
38,batter,1,1,Ronny Simon,DEFENSE,1.0,0.02631578947368421,1.0,1,682927
71,batter,2,0,CJ Abrams,DEFENSE,,0.0,0.0,0,682928
120,batter,7,6,Riley Greene,DEFENSE,0.3333333333333333,0.016666666666666666,0.2857142857142857,2,682985
76,batter,3,3,Spencer Jones,DEFENSE,0.3333333333333333,0.013157894736842105,0.3333333333333333,1,682987
81,batter,3,3,Corbin Carroll,DEFENSE,0.3333333333333333,0.012345679012345678,0.3333333333333333,1,682998
93,batter,3,3,Gunnar Henderson,DEFENSE,0.6666666666666666,0.021505376344086023,0.6666666666666666,2,683002
60,batter,3,3,Anthony Volpe,DEFENSE,0.6666666666666666,0.03333333333333333,0.6666666666666666,2,683011
20,batter,0,0,Michael Stefanic,DEFENSE,,0.0,,0,683021
48,batter,0,0,Nasim Nuñez,DEFENSE,,0.0,,0,683083
7,batter,0,0,Matthew Lugo,DEFENSE,,0.0,,0,683090
74,batter,4,4,Brett Baty,DEFENSE,0.75,0.04054054054054054,0.75,3,683146
6,batter,0,0,Cody Freeman,DEFENSE,,0.0,,0,683227
5,batter,0,0,Owen Caissie,DEFENSE,,0.0,,0,683357
16,batter,0,0,Andrew Vaughn,DEFENSE,,0.0,,0,683734
97,batter,5,5,Michael Busch,DEFENSE,0.4,0.020618556701030927,0.4,2,683737
58,batter,0,0,Victor Mesa Jr.,DEFENSE,,0.0,,0,683748
61,batter,1,1,Christian Koss,DEFENSE,1.0,0.01639344262295082,1.0,1,683766
89,batter,7,7,Travis Bazzana,DEFENSE,0.5714285714285714,0.0449438202247191,0.5714285714285714,4,683953
80,batter,3,3,Wade Meckler,DEFENSE,0.6666666666666666,0.025,0.6666666666666666,2,685133
39,batter,4,4,Sal Frelick,DEFENSE,0.5,0.05128205128205128,0.5,2,686217
72,batter,4,4,Vinnie Pasquantino,DEFENSE,0.5,0.027777777777777776,0.5,2,686469
17,batter,0,0,Tyler Tolbert,DEFENSE,,0.0,,0,686475
81,batter,6,6,Dominic Canzone,DEFENSE,0.8333333333333334,0.06172839506172839,0.8333333333333334,5,686527
76,batter,6,6,Isaac Collins,DEFENSE,0.5,0.039473684210526314,0.5,3,686555
73,batter,4,4,Dylan Crews,DEFENSE,0.5,0.0273972602739726,0.5,2,686611
39,batter,1,1,Brenton Doyle,DEFENSE,1.0,0.02564102564102564,1.0,1,686668
51,batter,1,0,Michael Massey,DEFENSE,,0.0,0.0,0,686681
77,batter,6,6,Nick Sogard,DEFENSE,0.5,0.03896103896103896,0.5,3,686765
26,batter,5,4,Pedro Pagés,DEFENSE,0.25,0.038461538461538464,0.2,1,686780
81,batter,1,1,Brooks Lee,DEFENSE,1.0,0.012345679012345678,1.0,1,686797
85,batter,4,4,Drake Baldwin,DEFENSE,0.0,0.0,0.0,0,686948
97,batter,6,6,Vaughn Grissom,DEFENSE,0.5,0.030927835051546393,0.5,3,687093
7,batter,1,1,Dalton Rushing,DEFENSE,0.0,0.0,0.0,0,687221
114,batter,6,6,Zach Neto,DEFENSE,0.6666666666666666,0.03508771929824561,0.6666666666666666,4,687263
7,batter,0,0,Victor Scott II,DEFENSE,,0.0,,0,687363
56,batter,3,2,Joey Ortiz,DEFENSE,0.5,0.017857142857142856,0.3333333333333333,1,687401
58,batter,4,4,Spencer Horwitz,DEFENSE,0.25,0.017241379310344827,0.25,1,687462
24,batter,1,1,Grant McCray,DEFENSE,0.0,0.0,0.0,0,687529
62,batter,6,5,Drew Gilbert,DEFENSE,0.6,0.04838709677419355,0.5,3,687551
43,batter,2,2,Jordan Beck,DEFENSE,1.0,0.046511627906976744,1.0,2,687597
6,batter,0,0,Andrew Pinckney,DEFENSE,,0.0,,0,687605
90,batter,5,4,Dylan Beavers,DEFENSE,0.75,0.03333333333333333,0.6,3,687637
12,batter,0,0,Jase Bowen,DEFENSE,,0.0,,0,687749
31,batter,3,3,Troy Johnston,DEFENSE,0.6666666666666666,0.06451612903225806,0.6666666666666666,2,687859
54,batter,3,3,Christian Encarnacion-Strand,DEFENSE,0.3333333333333333,0.018518518518518517,0.3333333333333333,1,687952
83,batter,5,5,Dustin Harris,DEFENSE,0.6,0.03614457831325301,0.6,3,687957
17,batter,0,0,Graham Pauley,DEFENSE,,0.0,,0,688363
69,batter,3,3,Liam Hicks,DEFENSE,1.0,0.043478260869565216,1.0,3,689414
3,batter,0,0,Jace Jung,DEFENSE,,0.0,,0,690291
11,batter,0,0,Braxton Fulford,DEFENSE,,0.0,,0,690924
46,batter,3,2,Alex Freeland,DEFENSE,0.5,0.021739130434782608,0.3333333333333333,1,690976
25,batter,1,1,Petey Halpin,DEFENSE,1.0,0.04,1.0,1,690984
30,batter,2,2,Colt Keith,DEFENSE,0.5,0.03333333333333333,0.5,1,690993
38,batter,1,1,Yohandy Morales,DEFENSE,0.0,0.0,0.0,0,691002
3,batter,0,0,Drew Romo,DEFENSE,,0.0,,0,691011
105,batter,4,4,Kyle Teel,DEFENSE,1.0,0.0380952380952381,1.0,4,691019
73,batter,4,4,Jordan Walker,DEFENSE,0.0,0.0,0.0,0,691023
65,batter,4,4,Masyn Winn,DEFENSE,0.75,0.046153846153846156,0.75,3,691026
58,batter,3,3,Emmanuel Rodriguez,DEFENSE,0.6666666666666666,0.034482758620689655,0.6666666666666666,2,691181
86,batter,3,1,Adael Amador,DEFENSE,1.0,0.011627906976744186,0.3333333333333333,1,691182
35,batter,0,0,Deyvison De Los Santos,DEFENSE,,0.0,,0,691277
90,batter,9,8,Junior Caminero,DEFENSE,0.75,0.06666666666666667,0.6666666666666666,6,691406
51,batter,4,4,Javier Sanoja,DEFENSE,0.75,0.058823529411764705,0.75,3,691594
93,batter,6,6,Pete Crow-Armstrong,DEFENSE,0.5,0.03225806451612903,0.5,3,691718
88,batter,4,4,Kyle Karros,DEFENSE,0.5,0.022727272727272728,0.5,2,691720
109,batter,8,7,Coby Mayo,DEFENSE,0.5714285714285714,0.03669724770642202,0.5,4,691723
38,batter,3,3,Zac Veen,DEFENSE,0.6666666666666666,0.05263157894736842,0.6666666666666666,2,691728
11,batter,0,0,Max Muncy,DEFENSE,,0.0,,0,691777
61,batter,0,0,Brady House,DEFENSE,,0.0,,0,691781
54,batter,5,5,Jordan Lawlar,DEFENSE,0.6,0.05555555555555555,0.6,3,691783
31,batter,1,1,Marcelo Mayer,DEFENSE,0.0,0.0,0.0,0,691785
43,batter,2,2,Joe Mack,DEFENSE,1.0,0.046511627906976744,1.0,2,691788
26,batter,1,1,Jared Serna,DEFENSE,1.0,0.038461538461538464,1.0,1,691858
50,batter,0,0,Nick Gonzales,DEFENSE,,0.0,,0,693304
6,batter,0,0,Aaron Sabato,DEFENSE,,0.0,,0,693306
59,batter,3,3,Dillon Dingler,DEFENSE,0.6666666666666666,0.03389830508474576,0.6666666666666666,2,693307
6,batter,0,0,César Prieto,DEFENSE,,0.0,,0,693409
90,batter,3,3,Jackson Chourio,DEFENSE,1.0,0.03333333333333333,1.0,3,694192
36,batter,3,2,Angel Genao,DEFENSE,0.0,0.0,0.0,0,694197
89,batter,4,4,Denzer Guzman,DEFENSE,0.5,0.02247191011235955,0.5,2,694203
69,batter,2,2,Moisés Ballesteros,DEFENSE,0.5,0.014492753623188406,0.5,1,694208
34,batter,2,2,Samuel Basallo,DEFENSE,0.5,0.029411764705882353,0.5,1,694212
72,batter,1,1,Cole Carrigg,DEFENSE,1.0,0.013888888888888888,1.0,1,694249
2,batter,0,0,Tommy Troy,DEFENSE,,0.0,,0,694371
76,batter,1,1,Tim Tawa,DEFENSE,1.0,0.013157894736842105,1.0,1,694374
59,batter,4,4,Shay Whitcomb,DEFENSE,1.0,0.06779661016949153,1.0,4,694376
19,batter,1,1,Jacob Gonzalez,DEFENSE,1.0,0.05263157894736842,1.0,1,694378
47,batter,3,3,Evan Carter,DEFENSE,0.6666666666666666,0.0425531914893617,0.6666666666666666,2,694497
117,batter,6,4,Wyatt Langford,DEFENSE,0.5,0.017094017094017096,0.3333333333333333,2,694671
45,batter,3,3,Abimelec Ortiz,DEFENSE,0.6666666666666666,0.044444444444444446,0.6666666666666666,2,694673
8,batter,0,0,Brice Matthews,DEFENSE,,0.0,,0,694728
6,batter,0,0,Billy Cook,DEFENSE,,0.0,,0,695257
65,batter,2,2,Thomas Saggese,DEFENSE,0.5,0.015384615384615385,0.5,1,695336
56,batter,0,0,Brett Harris,DEFENSE,,0.0,,0,695391
12,batter,0,0,Joshua Báez,DEFENSE,,0.0,,0,695491
51,batter,2,1,Jac Caglianone,DEFENSE,0.0,0.0,0.0,0,695506
104,batter,8,7,James Wood,DEFENSE,0.8571428571428571,0.057692307692307696,0.75,6,695578
80,batter,2,2,Carter Jensen,DEFENSE,0.5,0.0125,0.5,1,695600
81,batter,1,1,Colson Montgomery,DEFENSE,1.0,0.012345679012345678,1.0,1,695657
43,batter,5,4,Harry Ford,DEFENSE,0.75,0.06976744186046512,0.6,3,695670
72,batter,4,3,Christian Moore,DEFENSE,0.3333333333333333,0.013888888888888888,0.25,1,695681
40,batter,1,1,Tommy White,DEFENSE,0.0,0.0,0.0,0,695720
69,batter,1,0,Braden Montgomery,DEFENSE,,0.0,0.0,0,695731
45,batter,1,1,Daylen Lile,DEFENSE,1.0,0.022222222222222223,1.0,1,695734
9,batter,0,0,Alejandro Osuna,DEFENSE,,0.0,,0,696030
70,batter,5,5,Hunter Goodman,DEFENSE,0.4,0.02857142857142857,0.4,2,696100
42,batter,2,2,Jacob Young,DEFENSE,1.0,0.047619047619047616,1.0,2,696285
8,batter,0,0,Esmerlyn Valdez,DEFENSE,,0.0,,0,699013
98,batter,3,3,Leo Bernal,DEFENSE,0.6666666666666666,0.02040816326530612,0.6666666666666666,2,699024
50,batter,0,0,Carlos Jorge,DEFENSE,,0.0,,0,699115
50,batter,0,0,Héctor Rodríguez,DEFENSE,,0.0,,0,699302
65,batter,3,2,Pedro Ramírez,DEFENSE,0.5,0.015384615384615385,0.3333333333333333,1,699393
21,batter,0,0,Jose Fernandez,DEFENSE,,0.0,,0,699912
120,batter,7,7,Ben Rice,DEFENSE,0.7142857142857143,0.041666666666666664,0.7142857142857143,5,700250
6,batter,0,0,Edgar Quero,DEFENSE,,0.0,,0,700337
30,batter,0,0,Ben Malgeri,DEFENSE,,0.0,,0,701162
73,batter,3,3,Roman Anthony,DEFENSE,0.6666666666666666,0.0273972602739726,0.6666666666666666,2,701350
101,batter,4,3,Cam Smith,DEFENSE,0.6666666666666666,0.019801980198019802,0.5,2,701358
87,batter,6,6,Sal Stewart,DEFENSE,0.5,0.034482758620689655,0.5,3,701398
68,batter,1,1,Jackson Merrill,DEFENSE,0.0,0.0,0.0,0,701538
84,batter,4,3,Nathan Church,DEFENSE,0.3333333333333333,0.011904761904761904,0.25,1,701675
98,batter,4,2,Hao-Yu Lee,DEFENSE,1.0,0.02040816326530612,0.5,2,701678
14,batter,0,0,Kaelen Culpepper,DEFENSE,,0.0,,0,701785
116,batter,7,7,Carson Benge,DEFENSE,1.0,0.0603448275862069,1.0,7,701807
48,batter,4,3,Drew Cavanaugh,DEFENSE,0.3333333333333333,0.020833333333333332,0.25,1,701852
26,batter,1,1,Alan Roden,DEFENSE,1.0,0.038461538461538464,1.0,1,702176
48,batter,4,3,Justin Crawford,DEFENSE,0.6666666666666666,0.041666666666666664,0.5,2,702222
75,batter,2,1,Cole Young,DEFENSE,1.0,0.013333333333333334,0.5,1,702284
71,batter,3,3,Caleb Durbin,DEFENSE,0.6666666666666666,0.028169014084507043,0.6666666666666666,2,702332
18,batter,0,0,Jackson Holliday,DEFENSE,,0.0,,0,702616
71,batter,5,5,Lazaro Montes,DEFENSE,0.8,0.056338028169014086,0.8,4,703155
41,batter,0,0,Michael Arroyo,DEFENSE,,0.0,,0,703197
28,batter,2,2,Nick Morabito,DEFENSE,0.5,0.03571428571428571,0.5,1,703492
90,batter,7,7,Brett Bateman,DEFENSE,0.2857142857142857,0.022222222222222223,0.2857142857142857,2,703520
95,batter,9,8,Max Clark,DEFENSE,0.75,0.06315789473684211,0.6666666666666666,6,703601
76,batter,0,0,Henry Bolte,DEFENSE,,0.0,,0,703607
85,batter,3,2,Chase DeLauter,DEFENSE,0.0,0.0,0.0,0,800050
58,batter,3,3,Luis Lara,DEFENSE,1.0,0.05172413793103448,1.0,3,800325
81,batter,4,3,Josue De Paula,DEFENSE,0.3333333333333333,0.012345679012345678,0.25,1,800543
17,batter,0,0,Brock Rodden,DEFENSE,,0.0,,0,801126
10,batter,0,0,Nate Furman,DEFENSE,,0.0,,0,801501
46,batter,4,4,JJ Wetherholt,DEFENSE,0.5,0.043478260869565216,0.5,2,802139
36,batter,3,3,Chandler Simpson,DEFENSE,0.6666666666666666,0.05555555555555555,0.6666666666666666,2,802415
48,batter,1,1,Sam Antonacci,DEFENSE,1.0,0.020833333333333332,1.0,1,803011
83,batter,7,7,Konnor Griffin,DEFENSE,0.7142857142857143,0.060240963855421686,0.7142857142857143,5,804606
67,batter,1,1,Rafael Flores Jr.,DEFENSE,0.0,0.0,0.0,0,804668
75,batter,5,4,Jakob Marsee,DEFENSE,0.25,0.013333333333333334,0.2,1,805300
25,batter,0,0,Ben Ross,DEFENSE,,0.0,,0,805346
76,batter,4,4,Chase Meidroth,DEFENSE,0.5,0.02631578947368421,0.5,2,805367
62,batter,4,3,Walker Jenkins,DEFENSE,0.6666666666666666,0.03225806451612903,0.5,2,805805
115,batter,5,4,Kevin McGonigle,DEFENSE,0.25,0.008695652173913044,0.2,1,805808
48,batter,0,0,Bryce Eldridge,DEFENSE,,0.0,,0,805811
82,batter,2,2,A.J. Ewing,DEFENSE,0.5,0.012195121951219513,0.5,1,805999
75,batter,4,3,George Lombard Jr.,DEFENSE,0.6666666666666666,0.02666666666666667,0.5,2,806146
57,batter,2,2,Cooper Pratt,DEFENSE,0.5,0.017543859649122806,0.5,1,806198
70,batter,3,3,Turner Hill,DEFENSE,1.0,0.04285714285714286,1.0,3,806367
34,batter,2,2,Ethan Salas,DEFENSE,0.5,0.029411764705882353,0.5,1,806956
98,batter,3,3,Luke Keaschall,DEFENSE,0.6666666666666666,0.02040816326530612,0.6666666666666666,2,807712
32,batter,0,0,Matt Shaw,DEFENSE,,0.0,,0,807713
66,batter,2,2,John Peck,DEFENSE,0.0,0.0,0.0,0,807726
29,batter,0,0,Charles McAdoo,DEFENSE,,0.0,,0,807727
108,batter,4,4,Munetaka Murakami,DEFENSE,0.75,0.027777777777777776,0.75,3,808959
51,batter,0,0,Jung Hoo Lee,DEFENSE,,0.0,,0,808982
22,batter,3,3,Ben Williamson,DEFENSE,1.0,0.13636363636363635,1.0,3,810938
11,batter,1,1,Joshua Kuroda-Grauer,DEFENSE,0.0,0.0,0.0,0,811965
79,batter,1,0,Jonah Cox,DEFENSE,,0.0,0.0,0,813841
40,batter,3,3,Scott Bandura,DEFENSE,0.3333333333333333,0.025,0.3333333333333333,1,814154
40,batter,1,1,Brett Callahan,DEFENSE,1.0,0.025,1.0,1,814430
20,batter,1,0,Ryan Waldschmidt,DEFENSE,,0.0,0.0,0,814439
20,batter,0,0,Bo Davidson,DEFENSE,,0.0,,0,815589
22,batter,3,3,Sean Keys,DEFENSE,1.0,0.13636363636363635,1.0,3,815873
20,batter,0,0,Sung-Mun Song,DEFENSE,,0.0,,0,823550
44,batter,3,3,Lucas Spence,DEFENSE,0.6666666666666666,0.045454545454545456,0.6666666666666666,2,828599
135,catcher,7,7,Travis d'Arnaud,DEFENSE,1.0,0.05185185185185185,1.0,7,518595
235,catcher,9,9,James McCann,DEFENSE,0.6666666666666666,0.02553191489361702,0.6666666666666666,6,543510
134,catcher,8,8,Christian Vázquez,DEFENSE,0.5,0.029850746268656716,0.5,4,543877
176,catcher,7,6,Elias Díaz,DEFENSE,0.5,0.017045454545454544,0.42857142857142855,3,553869
129,catcher,5,5,Luke Maile,DEFENSE,0.6,0.023255813953488372,0.6,3,571912
716,catcher,40,40,J.T. Realmuto,DEFENSE,0.625,0.034916201117318434,0.625,25,592663
301,catcher,11,11,Austin Hedges,DEFENSE,0.6363636363636364,0.023255813953488372,0.6363636363636364,7,595978
55,catcher,1,1,Garrett Stubbs,DEFENSE,1.0,0.01818181818181818,1.0,1,596117
194,catcher,5,5,Gary Sánchez,DEFENSE,0.6,0.015463917525773196,0.6,3,596142
320,catcher,12,11,Victor Caratini,DEFENSE,0.45454545454545453,0.015625,0.4166666666666667,5,605170
483,catcher,21,20,Carson Kelly,DEFENSE,0.65,0.026915113871635612,0.6190476190476191,13,608348
322,catcher,16,16,Luis Torrens,DEFENSE,0.5625,0.027950310559006212,0.5625,9,620443
274,catcher,13,13,Tyler Heineman,DEFENSE,0.6153846153846154,0.029197080291970802,0.6153846153846154,8,623168
258,catcher,14,12,Jose Trevino,DEFENSE,0.9166666666666666,0.04263565891472868,0.7857142857142857,11,624431
129,catcher,6,6,Brian Navarreto,DEFENSE,0.6666666666666666,0.031007751937984496,0.6666666666666666,4,640459
160,catcher,8,8,Jhonny Pereda,DEFENSE,0.625,0.03125,0.625,5,640902
602,catcher,23,22,Jonah Heim,DEFENSE,0.7272727272727273,0.026578073089700997,0.6956521739130435,16,641680
581,catcher,24,24,Danny Jansen,DEFENSE,0.75,0.03098106712564544,0.75,18,643376
242,catcher,6,6,Ali Sánchez,DEFENSE,0.6666666666666666,0.01652892561983471,0.6666666666666666,4,645305
207,catcher,10,10,Yohel Pozo,DEFENSE,0.7,0.033816425120772944,0.7,7,650968
187,catcher,10,8,Connor Wong,DEFENSE,0.625,0.026737967914438502,0.5,5,657136
481,catcher,20,18,Keibert Ruiz,DEFENSE,0.6666666666666666,0.02494802494802495,0.6,12,660688
502,catcher,29,28,William Contreras,DEFENSE,0.4642857142857143,0.025896414342629483,0.4482758620689655,13,661388
275,catcher,12,12,Brian Serven,DEFENSE,0.8333333333333334,0.03636363636363636,0.8333333333333334,10,661531
631,catcher,25,23,Cal Raleigh,DEFENSE,0.5217391304347826,0.01901743264659271,0.48,12,663728
385,catcher,18,11,Nick Fortes,DEFENSE,0.7272727272727273,0.02077922077922078,0.4444444444444444,8,663743
402,catcher,21,20,Tyler Stephenson,DEFENSE,0.7,0.03482587064676617,0.6666666666666666,14,663886
355,catcher,12,12,Brett Sullivan,DEFENSE,0.75,0.02535211267605634,0.75,9,664954
4,catcher,0,0,Rafael Marchán,DEFENSE,,0.0,,0,665561
289,catcher,5,5,Miguel Amaya,DEFENSE,0.6,0.010380622837370242,0.6,3,665804
233,catcher,12,12,Carlos Narváez,DEFENSE,0.8333333333333334,0.04291845493562232,0.8333333333333334,10,665966
313,catcher,12,10,Freddy Fermin,DEFENSE,0.8,0.025559105431309903,0.6666666666666666,8,666023
57,catcher,3,3,Bo Naylor,DEFENSE,0.3333333333333333,0.017543859649122806,0.3333333333333333,1,666310
142,catcher,3,3,Jake Rogers,DEFENSE,0.6666666666666666,0.014084507042253521,0.6666666666666666,2,668670
517,catcher,29,28,Andrew Knizner,DEFENSE,0.5714285714285714,0.030947775628626693,0.5517241379310345,16,668800
505,catcher,27,27,Adley Rutschman,DEFENSE,0.5555555555555556,0.0297029702970297,0.5555555555555556,15,668939
260,catcher,10,10,Luis Campusano,DEFENSE,0.5,0.019230769230769232,0.5,5,669134
494,catcher,16,16,Sean Murphy,DEFENSE,0.375,0.012145748987854251,0.375,6,669221
593,catcher,27,27,Austin Wells,DEFENSE,0.6296296296296297,0.02866779089376054,0.6296296296296297,17,669224
460,catcher,14,14,Will Smith,DEFENSE,0.9285714285714286,0.02826086956521739,0.9285714285714286,13,669257
102,catcher,4,4,Iván Herrera,DEFENSE,0.75,0.029411764705882353,0.75,3,671056
415,catcher,15,15,Patrick Bailey,DEFENSE,0.4666666666666667,0.016867469879518072,0.4666666666666667,7,672275
536,catcher,22,22,Alejandro Kirk,DEFENSE,0.6363636363636364,0.026119402985074626,0.6363636363636364,14,672386
530,catcher,19,19,Gabriel Moreno,DEFENSE,0.7368421052631579,0.026415094339622643,0.7368421052631579,14,672515
626,catcher,27,23,Yainer Diaz,DEFENSE,0.6521739130434783,0.023961661341853034,0.5555555555555556,15,673237
293,catcher,5,5,Hunter Feduccia,DEFENSE,0.0,0.0,0.0,0,676439
249,catcher,17,15,Will Banfield,DEFENSE,0.8,0.04819277108433735,0.7058823529411765,12,677943
276,catcher,13,13,Brandon Valenzuela,DEFENSE,0.6153846153846154,0.028985507246376812,0.6153846153846154,8,678218
299,catcher,11,10,Eduardo Valencia,DEFENSE,0.6,0.020066889632107024,0.5454545454545454,6,680664
5,catcher,0,0,Adrian Del Castillo,DEFENSE,,0.0,,0,680728
546,catcher,31,27,Ryan Jeffers,DEFENSE,0.48148148148148145,0.023809523809523808,0.41935483870967744,13,680777
365,catcher,19,17,Henry Davis,DEFENSE,0.4117647058823529,0.019178082191780823,0.3684210526315789,7,680779
5,catcher,0,0,Logan O'Hoppe,DEFENSE,,0.0,,0,681351
25,catcher,1,1,Mickey Gasper,DEFENSE,1.0,0.04,1.0,1,681508
50,catcher,0,0,David Fry,DEFENSE,,0.0,,0,681807
461,catcher,19,11,Francisco Alvarez,DEFENSE,0.6363636363636364,0.015184381778741865,0.3684210526315789,7,682626
206,catcher,13,10,Agustín Ramírez,DEFENSE,0.7,0.03398058252427184,0.5384615384615384,7,682663
206,catcher,4,4,Pedro Pagés,DEFENSE,1.0,0.019417475728155338,1.0,4,686780
282,catcher,14,14,Drake Baldwin,DEFENSE,0.6428571428571429,0.031914893617021274,0.6428571428571429,9,686948
386,catcher,11,11,Liam Hicks,DEFENSE,0.6363636363636364,0.018134715025906734,0.6363636363636364,7,689414
65,catcher,5,5,Braxton Fulford,DEFENSE,0.6,0.046153846153846156,0.6,3,690924
45,catcher,1,1,Drew Romo,DEFENSE,1.0,0.022222222222222223,1.0,1,691011
660,catcher,34,21,Kyle Teel,DEFENSE,0.2857142857142857,0.00909090909090909,0.17647058823529413,6,691019
502,catcher,22,21,Joe Mack,DEFENSE,0.5238095238095238,0.021912350597609563,0.5,11,691788
473,catcher,14,13,Dillon Dingler,DEFENSE,0.8461538461538461,0.023255813953488372,0.7857142857142857,11,693307
445,catcher,22,21,Moisés Ballesteros,DEFENSE,0.6190476190476191,0.029213483146067417,0.5909090909090909,13,694208
287,catcher,25,22,Samuel Basallo,DEFENSE,0.8181818181818182,0.0627177700348432,0.72,18,694212
678,catcher,32,29,Carter Jensen,DEFENSE,0.7241379310344828,0.030973451327433628,0.65625,21,695600
329,catcher,13,11,Harry Ford,DEFENSE,0.45454545454545453,0.015197568389057751,0.38461538461538464,5,695670
428,catcher,21,21,Hunter Goodman,DEFENSE,0.6666666666666666,0.03271028037383177,0.6666666666666666,14,696100
546,catcher,20,15,Leo Bernal,DEFENSE,0.4,0.01098901098901099,0.3,6,699024
12,catcher,1,1,Kenny Piper,DEFENSE,1.0,0.08333333333333333,1.0,1,700652
301,catcher,15,15,Drew Cavanaugh,DEFENSE,0.8,0.03986710963455149,0.8,12,701852
450,catcher,20,19,Rafael Flores Jr.,DEFENSE,0.7894736842105263,0.03333333333333333,0.75,15,804668
328,catcher,17,16,Ethan Salas,DEFENSE,0.5,0.024390243902439025,0.47058823529411764,8,806956
2138,challenges_remaining,78,0,,DEFENSE,,0.0,0.0,0,0
6846,challenges_remaining,284,284,,DEFENSE,0.6866197183098591,0.02848378615249781,0.6866197183098591,195,1
15166,challenges_remaining,696,695,,DEFENSE,0.6071942446043166,0.027825398918633785,0.6063218390804598,422,2
6623,count,380,350,,DEFENSE,0.6857142857142857,0.03623735467310886,0.631578947368421,240,0-0
3405,count,166,155,,DEFENSE,0.6645161290322581,0.0302496328928047,0.6204819277108434,103,0-1
2097,count,35,33,,DEFENSE,0.36363636363636365,0.005722460658082976,0.34285714285714286,12,0-2
2245,count,109,101,,DEFENSE,0.7227722772277227,0.032516703786191536,0.6697247706422018,73,1-0
2229,count,95,86,,DEFENSE,0.627906976744186,0.024226110363391656,0.5684210526315789,54,1-1
2574,count,56,53,,DEFENSE,0.5471698113207547,0.011266511266511266,0.5178571428571429,29,1-2
722,count,42,42,,DEFENSE,0.7857142857142857,0.045706371191135735,0.7857142857142857,33,2-0
1016,count,40,38,,DEFENSE,0.6578947368421053,0.024606299212598427,0.625,25,2-1
1752,count,45,39,,DEFENSE,0.41025641025641024,0.0091324200913242,0.35555555555555557,16,2-2
241,count,20,17,,DEFENSE,0.5294117647058824,0.03734439834024896,0.45,9,3-0
426,count,43,39,,DEFENSE,0.5128205128205128,0.046948356807511735,0.46511627906976744,20,3-1
820,count,27,26,,DEFENSE,0.11538461538461539,0.003658536585365854,0.1111111111111111,3,3-2
2891,inning,167,167,,DEFENSE,0.6766467065868264,0.03908682116914562,0.6766467065868264,113,1
151,inning,7,6,,DEFENSE,0.3333333333333333,0.013245033112582781,0.2857142857142857,2,10
84,inning,2,1,,DEFENSE,0.0,0.0,0.0,0,11
20,inning,1,1,,DEFENSE,0.0,0.0,0.0,0,12
6,inning,0,0,,DEFENSE,,0.0,,0,13
2651,inning,127,127,,DEFENSE,0.6535433070866141,0.031308940022632965,0.6535433070866141,83,2
2797,inning,142,141,,DEFENSE,0.6453900709219859,0.03253485877726135,0.6408450704225352,91,3
2677,inning,101,98,,DEFENSE,0.5918367346938775,0.021666044079193127,0.5742574257425742,58,4
2691,inning,123,119,,DEFENSE,0.6974789915966386,0.030843552582683016,0.6747967479674797,83,5
2618,inning,115,103,,DEFENSE,0.6504854368932039,0.02559205500381971,0.5826086956521739,67,6
2817,inning,88,77,,DEFENSE,0.5454545454545454,0.014909478168264111,0.4772727272727273,42,7
2711,inning,103,80,,DEFENSE,0.625,0.018443378827001106,0.4854368932038835,50,8
2036,inning,82,59,,DEFENSE,0.4745762711864407,0.0137524557956778,0.34146341463414637,28,9
8016,outs,352,330,,DEFENSE,0.6303030303030303,0.02594810379241517,0.5909090909090909,208,0
8200,outs,367,337,,DEFENSE,0.6379821958456974,0.02621951219512195,0.5858310626702997,215,1
7934,outs,339,312,,DEFENSE,0.6217948717948718,0.024451726745651627,0.5722713864306784,194,2
3101,pitch_type,87,84,,DEFENSE,0.6785714285714286,0.018381167365366012,0.6551724137931034,57,CH
3,pitch_type,0,0,,DEFENSE,,0.0,,0,CS
1867,pitch_type,65,59,,DEFENSE,0.6440677966101694,0.020353508302088912,0.5846153846153846,38,CU
3,pitch_type,0,0,,DEFENSE,,0.0,,0,EP
14,pitch_type,1,0,,DEFENSE,,0.0,0.0,0,FA
1913,pitch_type,107,97,,DEFENSE,0.6597938144329897,0.0334553058024046,0.5981308411214953,64,FC
7227,pitch_type,342,315,,DEFENSE,0.6063492063492063,0.0264286702642867,0.5584795321637427,191,FF
19,pitch_type,0,0,,DEFENSE,,0.0,,0,FO
904,pitch_type,19,18,,DEFENSE,0.7777777777777778,0.015486725663716814,0.7368421052631579,14,FS
343,pitch_type,10,10,,DEFENSE,0.6,0.01749271137026239,0.6,6,KC
2,pitch_type,0,0,,DEFENSE,,0.0,,0,KN
5,pitch_type,0,0,,DEFENSE,,0.0,,0,PO
3506,pitch_type,241,221,,DEFENSE,0.6334841628959276,0.03993154592127781,0.5809128630705395,140,SI
3078,pitch_type,104,96,,DEFENSE,0.6145833333333334,0.01916829109811566,0.5673076923076923,59,SL
2012,pitch_type,79,76,,DEFENSE,0.5921052631578947,0.022365805168986085,0.569620253164557,45,ST
142,pitch_type,3,3,,DEFENSE,1.0,0.02112676056338028,1.0,3,SV
11,pitch_type,0,0,,DEFENSE,,0.0,,0,UNKNOWN
34,pitcher,2,2,Justin Verlander,DEFENSE,1.0,0.058823529411764705,1.0,2,434378
22,pitcher,0,0,Kenley Jansen,DEFENSE,,0.0,,0,445276
123,pitcher,7,7,Max Scherzer,DEFENSE,0.7142857142857143,0.04065040650406504,0.7142857142857143,5,453286
16,pitcher,2,2,Kirby Yates,DEFENSE,1.0,0.125,1.0,2,489446
49,pitcher,3,3,Jose Quintana,DEFENSE,1.0,0.061224489795918366,1.0,3,500779
82,pitcher,4,4,Merrill Kelly,DEFENSE,1.0,0.04878048780487805,1.0,4,518876
16,pitcher,0,0,Craig Kimbrel,DEFENSE,,0.0,,0,518886
64,pitcher,4,4,Chris Sale,DEFENSE,0.75,0.046875,0.75,3,519242
72,pitcher,2,2,Martín Pérez,DEFENSE,1.0,0.027777777777777776,1.0,2,527048
13,pitcher,0,0,Alexander Cornielle,DEFENSE,,0.0,,0,529017
10,pitcher,0,0,Shawn Armstrong,DEFENSE,,0.0,,0,542888
95,pitcher,5,5,Gerrit Cole,DEFENSE,0.6,0.031578947368421054,0.6,3,543037
70,pitcher,4,4,Nathan Eovaldi,DEFENSE,0.5,0.02857142857142857,0.5,2,543135
37,pitcher,3,3,Anthony Gose,DEFENSE,0.3333333333333333,0.02702702702702703,0.3333333333333333,1,543238
90,pitcher,3,3,Sonny Gray,DEFENSE,1.0,0.03333333333333333,1.0,3,543243
17,pitcher,1,1,Albert Suárez,DEFENSE,1.0,0.058823529411764705,1.0,1,544150
29,pitcher,1,1,Michael Lorenzen,DEFENSE,1.0,0.034482758620689655,1.0,1,547179
19,pitcher,1,1,Aroldis Chapman,DEFENSE,0.0,0.0,0.0,0,547973
27,pitcher,2,2,Brooks Raley,DEFENSE,1.0,0.07407407407407407,1.0,2,548384
16,pitcher,0,0,Andrew Kittredge,DEFENSE,,0.0,,0,552640
96,pitcher,1,1,Zack Wheeler,DEFENSE,0.0,0.0,0.0,0,554430
84,pitcher,2,2,Matthew Boyd,DEFENSE,1.0,0.023809523809523808,1.0,2,571510
16,pitcher,0,0,Derek Law,DEFENSE,,0.0,,0,571882
35,pitcher,5,2,Steven Matz,DEFENSE,0.5,0.02857142857142857,0.2,1,571927
23,pitcher,3,3,Hoby Milner,DEFENSE,0.3333333333333333,0.043478260869565216,0.3333333333333333,1,571948
38,pitcher,5,3,Pierce Johnson,DEFENSE,0.6666666666666666,0.05263157894736842,0.4,2,572955
23,pitcher,1,1,Joe Mantiply,DEFENSE,1.0,0.043478260869565216,1.0,1,573009
40,pitcher,1,0,Taylor Rogers,DEFENSE,,0.0,0.0,0,573124
20,pitcher,0,0,Caleb Thielbar,DEFENSE,,0.0,,0,573204
135,pitcher,6,6,Yusei Kikuchi,DEFENSE,0.8333333333333334,0.037037037037037035,0.8333333333333334,5,579328
13,pitcher,0,0,Jason Adam,DEFENSE,,0.0,,0,592094
16,pitcher,1,1,Cam Booser,DEFENSE,1.0,0.0625,1.0,1,592155
57,pitcher,1,1,Kevin Gausman,DEFENSE,0.0,0.0,0.0,0,592332
104,pitcher,4,4,Robbie Ray,DEFENSE,0.75,0.028846153846153848,0.75,3,592662
34,pitcher,3,2,Ryne Stanek,DEFENSE,0.5,0.029411764705882353,0.3333333333333333,1,592773
25,pitcher,1,1,Brock Stewart,DEFENSE,1.0,0.04,1.0,1,592779
36,pitcher,0,0,Trevor Williams,DEFENSE,,0.0,,0,592866
96,pitcher,5,5,Eduardo Rodriguez,DEFENSE,0.8,0.041666666666666664,0.8,4,593958
40,pitcher,1,1,Wandy Peralta,DEFENSE,1.0,0.025,1.0,1,593974
8,pitcher,0,0,Tyron Guerrero,DEFENSE,,0.0,,0,594027
96,pitcher,3,3,Jacob deGrom,DEFENSE,1.0,0.03125,1.0,3,594798
34,pitcher,2,2,Blake Treinen,DEFENSE,1.0,0.058823529411764705,1.0,2,595014
45,pitcher,4,4,Jakob Junis,DEFENSE,0.5,0.044444444444444446,0.5,2,596001
2,pitcher,0,0,Garrett Stubbs,DEFENSE,,0.0,,0,596117
22,pitcher,1,1,Luke Weaver,DEFENSE,1.0,0.045454545454545456,1.0,1,596133
75,pitcher,7,7,Nick Pivetta,DEFENSE,0.5714285714285714,0.05333333333333334,0.5714285714285714,4,601713
95,pitcher,7,7,Chris Bassitt,DEFENSE,0.8571428571428571,0.06315789473684211,0.8571428571428571,6,605135
32,pitcher,2,2,Michael Fulmer,DEFENSE,0.5,0.03125,0.5,1,605242
109,pitcher,8,8,Clay Holmes,DEFENSE,0.625,0.045871559633027525,0.625,5,605280
99,pitcher,7,7,Aaron Nola,DEFENSE,0.8571428571428571,0.06060606060606061,0.8571428571428571,6,605400
37,pitcher,0,0,Jordan Romano,DEFENSE,,0.0,,0,605447
70,pitcher,1,1,Blake Snell,DEFENSE,0.0,0.0,0.0,0,605483
95,pitcher,4,4,Jeffrey Springs,DEFENSE,0.75,0.031578947368421054,0.75,3,605488
39,pitcher,0,0,Kyle Hart,DEFENSE,,0.0,,0,606996
11,pitcher,0,0,Colin Rea,DEFENSE,,0.0,,0,607067
106,pitcher,3,3,Carlos Rodón,DEFENSE,0.6666666666666666,0.018867924528301886,0.6666666666666666,2,607074
108,pitcher,4,4,Tyler Glasnow,DEFENSE,0.5,0.018518518518518517,0.5,2,607192
62,pitcher,0,0,Erick Fedde,DEFENSE,,0.0,,0,607200
71,pitcher,3,3,Nick Martinez,DEFENSE,0.6666666666666666,0.028169014084507043,0.6666666666666666,2,607259
60,pitcher,1,1,Kyle Freeland,DEFENSE,1.0,0.016666666666666666,1.0,1,607536
87,pitcher,9,9,Seth Lugo,DEFENSE,0.7777777777777778,0.08045977011494253,0.7777777777777778,7,607625
63,pitcher,4,4,Max Fried,DEFENSE,0.75,0.047619047619047616,0.75,3,608331
89,pitcher,3,3,Tomoyuki Sugano,DEFENSE,0.6666666666666666,0.02247191011235955,0.6666666666666666,2,608372
100,pitcher,3,3,Michael Wacha,DEFENSE,1.0,0.03,1.0,3,608379
28,pitcher,4,4,Brent Suter,DEFENSE,1.0,0.14285714285714285,1.0,4,608718
22,pitcher,0,0,Cal Quantrill,DEFENSE,,0.0,,0,615698
42,pitcher,0,0,Jose Cuas,DEFENSE,,0.0,,0,621016
45,pitcher,2,2,Michael Rucker,DEFENSE,0.5,0.022222222222222223,0.5,1,621074
40,pitcher,2,2,Jacob Waguespack,DEFENSE,1.0,0.05,1.0,2,621097
95,pitcher,2,2,Walker Buehler,DEFENSE,0.5,0.010526315789473684,0.5,1,621111
47,pitcher,1,1,Paul Blackburn,DEFENSE,1.0,0.02127659574468085,1.0,1,621112
55,pitcher,3,3,José Alvarado,DEFENSE,0.3333333333333333,0.01818181818181818,0.3333333333333333,1,621237
28,pitcher,1,1,Edwin Díaz,DEFENSE,1.0,0.03571428571428571,1.0,1,621242
42,pitcher,2,2,A.J. Minter,DEFENSE,0.5,0.023809523809523808,0.5,1,621345
42,pitcher,2,2,Tanner Banks,DEFENSE,0.0,0.0,0.0,0,621383
32,pitcher,2,2,Tejay Antone,DEFENSE,0.5,0.03125,0.5,1,622088
39,pitcher,1,0,Luis Castillo,DEFENSE,,0.0,0.0,0,622491
44,pitcher,0,0,Seranthony Domínguez,DEFENSE,,0.0,,0,622554
26,pitcher,0,0,Antonio Senzatela,DEFENSE,,0.0,,0,622608
4,pitcher,0,0,Elieser Hernández,DEFENSE,,0.0,,0,622694
29,pitcher,1,1,Paul Sewald,DEFENSE,1.0,0.034482758620689655,1.0,1,623149
19,pitcher,1,0,Huascar Brazobán,DEFENSE,,0.0,0.0,0,623211
25,pitcher,0,0,Josh Hader,DEFENSE,,0.0,,0,623352
46,pitcher,0,0,Drew Anderson,DEFENSE,,0.0,,0,623454
23,pitcher,1,1,Evan Phillips,DEFENSE,1.0,0.043478260869565216,1.0,1,623465
39,pitcher,3,3,Jimmy Herget,DEFENSE,0.6666666666666666,0.05128205128205128,0.6666666666666666,2,623474
102,pitcher,6,6,Ranger Suarez,DEFENSE,0.6666666666666666,0.0392156862745098,0.6666666666666666,4,624133
4,pitcher,0,0,Jose Trevino,DEFENSE,,0.0,,0,624431
29,pitcher,3,3,Reynaldo López,DEFENSE,0.3333333333333333,0.034482758620689655,0.3333333333333333,1,625643
23,pitcher,0,0,Raisel Iglesias,DEFENSE,,0.0,,0,628452
13,pitcher,0,0,Kyle Finnegan,DEFENSE,,0.0,,0,640448
85,pitcher,5,5,Sean Manaea,DEFENSE,0.8,0.047058823529411764,0.8,4,640455
55,pitcher,2,2,Tyler Alexander,DEFENSE,0.0,0.0,0.0,0,641302
40,pitcher,3,3,Bryan Baker,DEFENSE,0.6666666666666666,0.05,0.6666666666666666,2,641329
6,pitcher,0,0,Connor Brogdon,DEFENSE,,0.0,,0,641401
100,pitcher,6,6,Anthony Kay,DEFENSE,0.6666666666666666,0.04,0.6666666666666666,4,641743
25,pitcher,1,1,Tyler Kinley,DEFENSE,1.0,0.04,1.0,1,641755
107,pitcher,2,2,Tyler Mahle,DEFENSE,0.0,0.0,0.0,0,641816
40,pitcher,3,3,Tim Mayza,DEFENSE,0.6666666666666666,0.05,0.6666666666666666,2,641835
72,pitcher,4,4,Bailey Ober,DEFENSE,0.0,0.0,0.0,0,641927
31,pitcher,1,0,Emilio Pagán,DEFENSE,,0.0,0.0,0,641941
26,pitcher,0,0,Tayler Saucedo,DEFENSE,,0.0,,0,642048
25,pitcher,3,3,Gabe Speier,DEFENSE,0.6666666666666666,0.08,0.6666666666666666,2,642100
45,pitcher,1,0,Cole Sulser,DEFENSE,,0.0,0.0,0,642121
12,pitcher,0,0,Devin Williams,DEFENSE,,0.0,,0,642207
49,pitcher,2,2,Ryan Yarbrough,DEFENSE,0.5,0.02040816326530612,0.5,1,642232
51,pitcher,3,2,Jefry Yan,DEFENSE,1.0,0.0392156862745098,0.6666666666666666,2,642376
55,pitcher,5,5,Gregory Soto,DEFENSE,0.4,0.03636363636363636,0.4,2,642397
32,pitcher,2,2,Jonathan Loáisiga,DEFENSE,1.0,0.0625,1.0,2,642528
108,pitcher,2,2,Freddy Peralta,DEFENSE,0.5,0.009259259259259259,0.5,1,642547
12,pitcher,1,1,Félix Bautista,DEFENSE,1.0,0.08333333333333333,1.0,1,642585
29,pitcher,0,0,Dennis Santana,DEFENSE,,0.0,,0,642701
66,pitcher,3,3,Griffin Jax,DEFENSE,1.0,0.045454545454545456,1.0,3,643377
15,pitcher,0,0,Tyler Rogers,DEFENSE,,0.0,,0,643511
80,pitcher,2,2,Sandy Alcantara,DEFENSE,0.5,0.0125,0.5,1,645261
86,pitcher,0,0,Michael Soroka,DEFENSE,,0.0,,0,647336
18,pitcher,0,0,Bryan Abreu,DEFENSE,,0.0,,0,650556
104,pitcher,4,4,Michael King,DEFENSE,0.5,0.019230769230769232,0.5,2,650633
54,pitcher,3,2,Aaron Civale,DEFENSE,1.0,0.037037037037037035,0.6666666666666666,2,650644
96,pitcher,5,5,Cristopher Sánchez,DEFENSE,0.6,0.03125,0.6,3,650911
1,pitcher,0,0,Daniel Duarte,DEFENSE,,0.0,,0,650960
19,pitcher,0,0,Manuel Rodríguez,DEFENSE,,0.0,,0,655889
53,pitcher,4,4,Scott Blewett,DEFENSE,0.75,0.05660377358490566,0.75,3,656240
26,pitcher,1,1,Brock Burke,DEFENSE,0.0,0.0,0.0,0,656271
64,pitcher,2,1,Griffin Canning,DEFENSE,0.0,0.0,0.0,0,656288
74,pitcher,3,3,Dylan Cease,DEFENSE,0.3333333333333333,0.013513513513513514,0.3333333333333333,1,656302
7,pitcher,0,0,Jack Flaherty,DEFENSE,,0.0,,0,656427
44,pitcher,3,3,Kevin Ginkel,DEFENSE,0.3333333333333333,0.022727272727272728,0.3333333333333333,1,656464
52,pitcher,2,2,Foster Griffin,DEFENSE,0.5,0.019230769230769232,0.5,1,656492
25,pitcher,1,1,Sam Hentges,DEFENSE,0.0,0.0,0.0,0,656529
42,pitcher,0,0,Jeff Hoffman,DEFENSE,,0.0,,0,656546
87,pitcher,2,2,Grant Holmes,DEFENSE,0.0,0.0,0.0,0,656550
16,pitcher,0,0,Tanner Houck,DEFENSE,,0.0,,0,656557
45,pitcher,1,1,Alex Lange,DEFENSE,1.0,0.022222222222222223,1.0,1,656638
39,pitcher,2,2,Jacob Latz,DEFENSE,1.0,0.05128205128205128,1.0,2,656641
18,pitcher,1,0,Trevor Megill,DEFENSE,,0.0,0.0,0,656730
53,pitcher,3,3,Jordan Montgomery,DEFENSE,1.0,0.05660377358490566,1.0,3,656756
53,pitcher,2,2,Sean Newcomb,DEFENSE,0.0,0.0,0.0,0,656794
46,pitcher,1,0,Michael Petersen,DEFENSE,,0.0,0.0,0,656848
94,pitcher,5,5,David Peterson,DEFENSE,0.6,0.031914893617021274,0.6,3,656849
98,pitcher,4,4,Drew Rasmussen,DEFENSE,1.0,0.04081632653061224,1.0,4,656876
26,pitcher,0,0,Tanner Scott,DEFENSE,,0.0,,0,656945
37,pitcher,1,1,Bennett Sousa,DEFENSE,0.0,0.0,0.0,0,656986
33,pitcher,0,0,Jacob Webb,DEFENSE,,0.0,,0,657097
32,pitcher,1,1,Logan Webb,DEFENSE,1.0,0.03125,1.0,1,657277
11,pitcher,0,0,Clarke Schmidt,DEFENSE,,0.0,,0,657376
29,pitcher,3,3,Brennan Bernardino,DEFENSE,0.6666666666666666,0.06896551724137931,0.6666666666666666,2,657514
22,pitcher,3,3,Tim Hill,DEFENSE,0.3333333333333333,0.045454545454545456,0.3333333333333333,1,657612
95,pitcher,5,5,Joe Ryan,DEFENSE,0.8,0.042105263157894736,0.8,4,657746
16,pitcher,0,0,Yerry De los Santos,DEFENSE,,0.0,,0,660787
34,pitcher,2,2,Eduard Bazardo,DEFENSE,0.5,0.029411764705882353,0.5,1,660825
30,pitcher,1,1,Enyel De Los Santos,DEFENSE,1.0,0.03333333333333333,1.0,1,660853
34,pitcher,1,1,Jhoan Duran,DEFENSE,0.0,0.0,0.0,0,661395
40,pitcher,4,4,Luis Gil,DEFENSE,0.75,0.075,0.75,3,661563
19,pitcher,0,0,Andrés Muñoz,DEFENSE,,0.0,,0,662253
6,pitcher,1,1,Robert Suarez,DEFENSE,1.0,0.16666666666666666,1.0,1,663158
60,pitcher,2,2,Ryan Feltner,DEFENSE,1.0,0.03333333333333333,1.0,2,663372
2,pitcher,1,1,Trent Thornton,DEFENSE,1.0,0.5,1.0,1,663423
64,pitcher,1,1,Davis Martin,DEFENSE,1.0,0.015625,1.0,1,663436
16,pitcher,0,0,Kris Bubic,DEFENSE,,0.0,,0,663460
33,pitcher,0,0,Bryan Hudson,DEFENSE,,0.0,,0,663542
93,pitcher,9,9,Casey Mize,DEFENSE,0.7777777777777778,0.07526881720430108,0.7777777777777778,7,663554
28,pitcher,1,1,Jovani Morán,DEFENSE,0.0,0.0,0.0,0,663558
8,pitcher,0,0,Bailey Falter,DEFENSE,,0.0,,0,663559
90,pitcher,7,7,Peter Lambert,DEFENSE,0.5714285714285714,0.044444444444444446,0.5714285714285714,4,663567
23,pitcher,0,0,Tony Santillan,DEFENSE,,0.0,,0,663574
94,pitcher,6,6,Jake Irvin,DEFENSE,0.8333333333333334,0.05319148936170213,0.8333333333333334,5,663623
44,pitcher,2,2,Hogan Harris,DEFENSE,0.5,0.022727272727272728,0.5,1,663687
74,pitcher,3,3,Daniel Lynch IV,DEFENSE,0.6666666666666666,0.02702702702702703,0.6666666666666666,2,663738
12,pitcher,0,0,Jake Woodford,DEFENSE,,0.0,,0,663765
32,pitcher,2,2,Chase Shugart,DEFENSE,1.0,0.0625,1.0,2,663767
82,pitcher,4,4,Patrick Sandoval,DEFENSE,0.5,0.024390243902439025,0.5,2,663776
22,pitcher,2,0,Justin Hagenman,DEFENSE,,0.0,0.0,0,663795
46,pitcher,2,0,Jordan Hicks,DEFENSE,,0.0,0.0,0,663855
62,pitcher,3,3,Nate Pearson,DEFENSE,0.0,0.0,0.0,0,663878
29,pitcher,1,1,Brendon Little,DEFENSE,1.0,0.034482758620689655,1.0,1,663893
107,pitcher,7,7,Brady Singer,DEFENSE,0.7142857142857143,0.04672897196261682,0.7142857142857143,5,663903
22,pitcher,2,2,Tristan Beck,DEFENSE,1.0,0.09090909090909091,1.0,2,663941
19,pitcher,0,0,Tyler Holton,DEFENSE,,0.0,,0,663947
78,pitcher,6,6,Tyler Phillips,DEFENSE,1.0,0.07692307692307693,1.0,6,663969
35,pitcher,0,0,Richard Lovelady,DEFENSE,,0.0,,0,663992
27,pitcher,0,0,Tony Gonsolin,DEFENSE,,0.0,,0,664062
15,pitcher,0,0,Pete Fairbanks,DEFENSE,,0.0,,0,664126
45,pitcher,3,3,Geoff Hartlieb,DEFENSE,1.0,0.06666666666666667,1.0,3,664129
52,pitcher,1,1,Taylor Clarke,DEFENSE,0.0,0.0,0.0,0,664199
98,pitcher,3,3,Framber Valdez,DEFENSE,1.0,0.030612244897959183,1.0,3,664285
51,pitcher,3,3,Cristian Javier,DEFENSE,0.6666666666666666,0.0392156862745098,0.6666666666666666,2,664299
31,pitcher,1,1,José Urquidy,DEFENSE,1.0,0.03225806451612903,1.0,1,664353
35,pitcher,3,2,Grant Wolfram,DEFENSE,0.0,0.0,0.0,0,664991
93,pitcher,4,3,Dean Kremer,DEFENSE,0.3333333333333333,0.010752688172043012,0.25,1,665152
43,pitcher,1,1,Luis Medina,DEFENSE,1.0,0.023255813953488372,1.0,1,665622
47,pitcher,1,1,Elvis Alvarado,DEFENSE,1.0,0.02127659574468085,1.0,1,665660
5,pitcher,0,0,Reiver Sanmartin,DEFENSE,,0.0,,0,665665
28,pitcher,0,0,Edward Cabrera,DEFENSE,,0.0,,0,665795
36,pitcher,0,0,Javier Assad,DEFENSE,,0.0,,0,665871
13,pitcher,1,0,Carlos Cortes,DEFENSE,,0.0,0.0,0,666126
28,pitcher,0,0,Braxton Garrett,DEFENSE,,0.0,,0,666129
106,pitcher,6,5,Nick Lodolo,DEFENSE,0.8,0.03773584905660377,0.6666666666666666,4,666157
32,pitcher,1,1,Ryan Zeferjahn,DEFENSE,0.0,0.0,0.0,0,666171
1,pitcher,0,0,Jesús Luzardo,DEFENSE,,0.0,,0,666200
33,pitcher,0,0,George Soriano,DEFENSE,,0.0,,0,666277
35,pitcher,0,0,Juan Morillo,DEFENSE,,0.0,,0,666661
30,pitcher,2,2,Camilo Doval,DEFENSE,0.0,0.0,0.0,0,666808
28,pitcher,2,2,Yennier Cano,DEFENSE,0.5,0.03571428571428571,0.5,1,666974
37,pitcher,2,1,Tommy Nance,DEFENSE,1.0,0.02702702702702703,0.5,1,667297
59,pitcher,5,4,Jack Ralston,DEFENSE,0.5,0.03389830508474576,0.4,2,667652
75,pitcher,5,5,José Soriano,DEFENSE,0.6,0.04,0.6,3,667755
30,pitcher,2,1,Lucas Erceg,DEFENSE,1.0,0.03333333333333333,0.5,1,668674
29,pitcher,1,1,Zac Gallen,DEFENSE,0.0,0.0,0.0,0,668678
23,pitcher,1,1,Garrett Stallings,DEFENSE,0.0,0.0,0.0,0,668831
5,pitcher,0,0,Easton McGee,DEFENSE,,0.0,,0,668834
95,pitcher,4,4,Gavin Williams,DEFENSE,0.75,0.031578947368421054,0.75,3,668909
45,pitcher,3,2,Graham Ashcraft,DEFENSE,1.0,0.044444444444444446,0.6666666666666666,2,668933
36,pitcher,0,0,JoJo Romero,DEFENSE,,0.0,,0,668941
34,pitcher,1,0,Tobias Myers,DEFENSE,,0.0,0.0,0,668964
4,pitcher,1,1,Gavin Hollowell,DEFENSE,1.0,0.25,1.0,1,668970
39,pitcher,2,0,Casey Legumina,DEFENSE,,0.0,0.0,0,668984
48,pitcher,2,2,Ryan Rolison,DEFENSE,0.5,0.020833333333333332,0.5,1,669020
100,pitcher,2,2,MacKenzie Gore,DEFENSE,0.5,0.01,0.5,1,669022
8,pitcher,0,0,Bryse Wilson,DEFENSE,,0.0,,0,669060
52,pitcher,4,2,Erik Miller,DEFENSE,0.0,0.0,0.0,0,669062
53,pitcher,2,2,DL Hall,DEFENSE,1.0,0.03773584905660377,1.0,2,669084
90,pitcher,7,7,Dustin May,DEFENSE,0.42857142857142855,0.03333333333333333,0.42857142857142855,3,669160
7,pitcher,0,0,Kyle Hurt,DEFENSE,,0.0,,0,669165
29,pitcher,0,0,Ryne Nelson,DEFENSE,,0.0,,0,669194
57,pitcher,1,1,Lake Bachar,DEFENSE,1.0,0.017543859649122806,1.0,1,669199
55,pitcher,0,0,Corbin Burnes,DEFENSE,,0.0,,0,669203
60,pitcher,3,3,Joel Kuhnel,DEFENSE,0.6666666666666666,0.03333333333333333,0.6666666666666666,2,669270
31,pitcher,0,0,Dylan Lee,DEFENSE,,0.0,,0,669276
83,pitcher,2,2,Logan Gilbert,DEFENSE,0.5,0.012048192771084338,0.5,1,669302
25,pitcher,0,0,CJ Van Eyk,DEFENSE,,0.0,,0,669310
9,pitcher,1,1,Tyler Wells,DEFENSE,0.0,0.0,0.0,0,669330
59,pitcher,6,6,Shane Baz,DEFENSE,0.8333333333333334,0.0847457627118644,0.8333333333333334,5,669358
75,pitcher,3,3,Tarik Skubal,DEFENSE,1.0,0.04,1.0,3,669373
68,pitcher,2,1,Carmen Mlodzinski,DEFENSE,1.0,0.014705882352941176,0.5,1,669387
71,pitcher,8,8,Trevor Rogers,DEFENSE,0.875,0.09859154929577464,0.875,7,669432
29,pitcher,2,2,Mason Englert,DEFENSE,0.5,0.034482758620689655,0.5,1,669438
86,pitcher,1,1,Matthew Liberatore,DEFENSE,1.0,0.011627906976744186,1.0,1,669461
103,pitcher,5,5,Andre Pallante,DEFENSE,0.4,0.019417475728155338,0.4,2,669467
42,pitcher,2,2,Brady Basso,DEFENSE,0.5,0.023809523809523808,0.5,1,669620
31,pitcher,1,1,Chris Murphy,DEFENSE,0.0,0.0,0.0,0,669684
30,pitcher,0,0,Greg Weissert,DEFENSE,,0.0,,0,669711
79,pitcher,6,6,Hayden Wesneski,DEFENSE,0.3333333333333333,0.02531645569620253,0.3333333333333333,2,669713
35,pitcher,0,0,Ronel Blanco,DEFENSE,,0.0,,0,669854
114,pitcher,1,1,George Kirby,DEFENSE,1.0,0.008771929824561403,1.0,1,669923
17,pitcher,0,0,Jesse Scholtens,DEFENSE,,0.0,,0,669947
27,pitcher,2,2,Matt Festa,DEFENSE,0.5,0.037037037037037035,0.5,1,670036
29,pitcher,1,1,Julian Garcia,DEFENSE,1.0,0.034482758620689655,1.0,1,670062
24,pitcher,2,2,Raymond Burgos,DEFENSE,0.5,0.041666666666666664,0.5,1,670103
22,pitcher,0,0,John Schreiber,DEFENSE,,0.0,,0,670167
28,pitcher,1,1,Ryan Watson,DEFENSE,0.0,0.0,0.0,0,670245
40,pitcher,1,1,David Bednar,DEFENSE,0.0,0.0,0.0,0,670280
28,pitcher,2,2,Rico Garcia,DEFENSE,1.0,0.07142857142857142,1.0,2,670329
73,pitcher,2,1,Trevor Richards,DEFENSE,0.0,0.0,0.0,0,670950
33,pitcher,1,1,Adrian Morejon,DEFENSE,1.0,0.030303030303030304,1.0,1,670970
37,pitcher,1,1,Yohan Ramírez,DEFENSE,1.0,0.02702702702702703,1.0,1,670990
96,pitcher,7,7,Andrew Abbott,DEFENSE,0.8571428571428571,0.0625,0.8571428571428571,6,671096
64,pitcher,2,1,Sammy Peralta,DEFENSE,1.0,0.015625,0.5,1,671111
44,pitcher,0,0,Connor Thomas,DEFENSE,,0.0,,0,671162
54,pitcher,2,2,Jason Foley,DEFENSE,0.5,0.018518518518518517,0.5,1,671345
110,pitcher,2,2,Taj Bradley,DEFENSE,0.5,0.00909090909090909,0.5,1,671737
29,pitcher,2,2,Cade Smith,DEFENSE,1.0,0.06896551724137931,1.0,2,671922
20,pitcher,0,0,Adam Macko,DEFENSE,,0.0,,0,671936
89,pitcher,8,8,Reid Detmers,DEFENSE,1.0,0.0898876404494382,1.0,8,672282
32,pitcher,0,0,Cionel Pérez,DEFENSE,,0.0,,0,672335
28,pitcher,0,0,Yovanny Cruz,DEFENSE,,0.0,,0,672442
55,pitcher,0,0,Keider Montero,DEFENSE,,0.0,,0,672456
51,pitcher,4,4,Yoendrys Gómez,DEFENSE,0.5,0.0392156862745098,0.5,2,672782
39,pitcher,3,1,Carlos Vargas,DEFENSE,1.0,0.02564102564102564,0.3333333333333333,1,672841
12,pitcher,1,0,Dedniel Núñez,DEFENSE,,0.0,0.0,0,673380
46,pitcher,0,0,Yuki Matsui,DEFENSE,,0.0,,0,673513
40,pitcher,0,0,Kodai Senga,DEFENSE,,0.0,,0,673540
47,pitcher,3,3,Cody Bradford,DEFENSE,1.0,0.06382978723404255,1.0,3,674003
41,pitcher,2,2,Jack Weisenburger,DEFENSE,0.0,0.0,0.0,0,674073
18,pitcher,0,0,Steven Cruz,DEFENSE,,0.0,,0,674444
111,pitcher,5,5,Andrew Alvarez,DEFENSE,0.4,0.018018018018018018,0.4,2,674841
67,pitcher,2,1,Troy Melton,DEFENSE,0.0,0.0,0.0,0,675512
25,pitcher,4,4,Xzavion Curry,DEFENSE,0.75,0.12,0.75,3,675540
58,pitcher,0,0,Shane Drohan,DEFENSE,,0.0,,0,675660
47,pitcher,1,1,Juan Mejia,DEFENSE,1.0,0.02127659574468085,1.0,1,675848
3,pitcher,0,0,Seth Lonsway,DEFENSE,,0.0,,0,675920
69,pitcher,4,4,Janson Junk,DEFENSE,0.75,0.043478260869565216,0.75,3,676083
42,pitcher,2,2,Jack Dreyer,DEFENSE,0.5,0.023809523809523808,0.5,1,676263
35,pitcher,0,0,Bobby Miller,DEFENSE,,0.0,,0,676272
80,pitcher,4,4,Joey Cantillo,DEFENSE,0.0,0.0,0.0,0,676282
42,pitcher,2,1,Robert Garcia,DEFENSE,1.0,0.023809523809523808,0.5,1,676395
42,pitcher,3,2,Brant Hurter,DEFENSE,1.0,0.047619047619047616,0.6666666666666666,2,676428
100,pitcher,2,2,Tanner Bibee,DEFENSE,0.5,0.01,0.5,1,676440
37,pitcher,3,3,Brendan Cellucci,DEFENSE,0.3333333333333333,0.02702702702702703,0.3333333333333333,1,676454
27,pitcher,3,3,Colton Gordon,DEFENSE,0.3333333333333333,0.037037037037037035,0.3333333333333333,1,676467
18,pitcher,1,1,Garrett Whitlock,DEFENSE,0.0,0.0,0.0,0,676477
27,pitcher,0,0,Nolan Hoffman,DEFENSE,,0.0,,0,676510
44,pitcher,1,1,Calvin Faucher,DEFENSE,0.0,0.0,0.0,0,676534
38,pitcher,5,4,Tyler Zuber,DEFENSE,1.0,0.10526315789473684,0.8,4,676604
31,pitcher,2,1,Riley O'Brien,DEFENSE,0.0,0.0,0.0,0,676617
29,pitcher,0,0,Blake Weiman,DEFENSE,,0.0,,0,676620
6,pitcher,0,0,Max Lazar,DEFENSE,,0.0,,0,676661
28,pitcher,1,1,Cam Sanders,DEFENSE,1.0,0.03571428571428571,1.0,1,676742
59,pitcher,1,1,Aaron Ashby,DEFENSE,0.0,0.0,0.0,0,676879
53,pitcher,1,1,Cade Cavalli,DEFENSE,0.0,0.0,0.0,0,676917
53,pitcher,3,1,Josh Walker,DEFENSE,1.0,0.018867924528301886,0.3333333333333333,1,677020
37,pitcher,2,1,Justin Bruihl,DEFENSE,1.0,0.02702702702702703,0.5,1,677865
27,pitcher,1,1,Slade Cecconi,DEFENSE,0.0,0.0,0.0,0,677944
30,pitcher,0,0,Jaden Hill,DEFENSE,,0.0,,0,677955
77,pitcher,5,5,Kumar Rocker,DEFENSE,0.6,0.03896103896103896,0.6,3,677958
70,pitcher,4,4,Randy Dobnak,DEFENSE,0.75,0.04285714285714286,0.75,3,677976
23,pitcher,0,0,Seth Halvorsen,DEFENSE,,0.0,,0,678020
90,pitcher,4,4,Jack Perkins,DEFENSE,1.0,0.044444444444444446,1.0,4,678022
28,pitcher,2,2,Ray Kerr,DEFENSE,0.0,0.0,0.0,0,678061
53,pitcher,4,4,Brayan Bello,DEFENSE,0.75,0.05660377358490566,0.75,3,678394
41,pitcher,3,3,José A. Ferrer,DEFENSE,0.3333333333333333,0.024390243902439025,0.3333333333333333,1,678606
41,pitcher,0,0,Justin Martinez,DEFENSE,,0.0,,0,679885
99,pitcher,5,5,Grayson Rodriguez,DEFENSE,0.4,0.020202020202020204,0.4,2,680570
20,pitcher,0,0,Blas Castaño,DEFENSE,,0.0,,0,680604
23,pitcher,0,0,Josiah Gray,DEFENSE,,0.0,,0,680686
19,pitcher,0,0,Kyle Bradish,DEFENSE,,0.0,,0,680694
29,pitcher,1,1,Drew Rom,DEFENSE,0.0,0.0,0.0,0,680723
100,pitcher,6,5,Sean Burke,DEFENSE,0.2,0.01,0.16666666666666666,1,680732
38,pitcher,2,2,Justin Wrobleski,DEFENSE,0.0,0.0,0.0,0,680736
21,pitcher,2,2,Jonathan Bowlan,DEFENSE,0.5,0.047619047619047616,0.5,1,680742
36,pitcher,0,0,Ty Madden,DEFENSE,,0.0,,0,680744
47,pitcher,0,0,Braydon Fisher,DEFENSE,,0.0,,0,680755
64,pitcher,3,2,Victor Vodnik,DEFENSE,0.5,0.015625,0.3333333333333333,1,680767
13,pitcher,0,0,Grant Holman,DEFENSE,,0.0,,0,680880
57,pitcher,0,0,Erik Tolman,DEFENSE,,0.0,,0,680899
10,pitcher,0,0,Franco Aleman,DEFENSE,,0.0,,0,680916
57,pitcher,1,1,Christian Scott,DEFENSE,1.0,0.017543859649122806,1.0,1,681035
43,pitcher,1,1,Randy Vásquez,DEFENSE,1.0,0.023255813953488372,1.0,1,681190
35,pitcher,0,0,Chase Silseth,DEFENSE,,0.0,,0,681217
63,pitcher,3,3,Spencer Arrighetti,DEFENSE,0.6666666666666666,0.031746031746031744,0.6666666666666666,2,681293
35,pitcher,3,1,Nate Lavender,DEFENSE,0.0,0.0,0.0,0,681320
2,pitcher,0,0,Gus Varland,DEFENSE,,0.0,,0,681402
48,pitcher,3,3,Kyle Leahy,DEFENSE,0.6666666666666666,0.041666666666666664,0.6666666666666666,2,681517
29,pitcher,1,1,Wyatt Olds,DEFENSE,1.0,0.034482758620689655,1.0,1,681544
45,pitcher,0,0,Austin Warren,DEFENSE,,0.0,,0,681810
51,pitcher,4,4,Cooper Criswell,DEFENSE,0.25,0.0196078431372549,0.25,1,681867
39,pitcher,1,1,Erik Sabrowski,DEFENSE,1.0,0.02564102564102564,1.0,1,681870
30,pitcher,2,1,Kody Funderburk,DEFENSE,1.0,0.03333333333333333,0.5,1,681892
17,pitcher,0,0,Evan Sisk,DEFENSE,,0.0,,0,681895
31,pitcher,0,0,Alex Vesia,DEFENSE,,0.0,,0,681911
51,pitcher,1,1,Dylan Smith,DEFENSE,1.0,0.0196078431372549,1.0,1,681916
12,pitcher,0,0,Josh Hendrickson,DEFENSE,,0.0,,0,681973
103,pitcher,3,3,Jacob Lopez,DEFENSE,1.0,0.02912621359223301,1.0,3,682052
44,pitcher,1,1,Tim Herrin,DEFENSE,1.0,0.022727272727272728,1.0,1,682120
87,pitcher,7,7,Brandon Williamson,DEFENSE,0.8571428571428571,0.06896551724137931,0.8571428571428571,6,682227
97,pitcher,5,5,Bryce Miller,DEFENSE,0.8,0.041237113402061855,0.8,4,682243
43,pitcher,3,1,Mason Montgomery,DEFENSE,0.0,0.0,0.0,0,682254
22,pitcher,1,1,Yaramil Hiraldo,DEFENSE,1.0,0.045454545454545456,1.0,1,682274
6,pitcher,0,0,Peyton Gray,DEFENSE,,0.0,,0,682608
52,pitcher,2,2,Luis Mey,DEFENSE,0.5,0.019230769230769232,0.5,1,682825
39,pitcher,1,1,Abner Uribe,DEFENSE,0.0,0.0,0.0,0,682842
33,pitcher,2,2,Daniel Espino,DEFENSE,0.0,0.0,0.0,0,682982
34,pitcher,2,2,Victor Mederos,DEFENSE,1.0,0.058823529411764705,1.0,2,682989
82,pitcher,1,1,Riley Cornelio,DEFENSE,1.0,0.012195121951219513,1.0,1,683000
72,pitcher,5,5,Jared Jones,DEFENSE,0.8,0.05555555555555555,0.8,4,683003
16,pitcher,0,0,Joey Estes,DEFENSE,,0.0,,0,683155
22,pitcher,0,0,Connor Phillips,DEFENSE,,0.0,,0,683175
55,pitcher,0,0,Matt Wilkinson,DEFENSE,,0.0,,0,683363
13,pitcher,0,0,Edgardo Henriquez,DEFENSE,,0.0,,0,683618
81,pitcher,5,5,Anthony Molina,DEFENSE,0.8,0.04938271604938271,0.8,4,683627
42,pitcher,1,1,Hunter Gaddis,DEFENSE,1.0,0.023809523809523808,1.0,1,683769
104,pitcher,2,2,Shota Imanaga,DEFENSE,0.5,0.009615384615384616,0.5,1,684007
8,pitcher,0,0,Hancel Rincon,DEFENSE,,0.0,,0,684516
41,pitcher,3,3,Luke Murphy,DEFENSE,0.3333333333333333,0.024390243902439025,0.3333333333333333,1,684665
27,pitcher,0,0,Craig Yoho,DEFENSE,,0.0,,0,684974
23,pitcher,3,3,Zach McCambley,DEFENSE,0.6666666666666666,0.08695652173913043,0.6666666666666666,2,685112
34,pitcher,1,1,Brandon Eisert,DEFENSE,1.0,0.029411764705882353,1.0,1,685126
99,pitcher,3,3,Tanner Gordon,DEFENSE,0.6666666666666666,0.020202020202020204,0.6666666666666666,2,685299
51,pitcher,1,0,Cade Winquest,DEFENSE,,0.0,0.0,0,685464
60,pitcher,0,0,Emmet Sheehan,DEFENSE,,0.0,,0,686218
8,pitcher,1,1,Gavin Collyer,DEFENSE,1.0,0.125,1.0,1,686560
113,pitcher,4,3,Hunter Brown,DEFENSE,0.6666666666666666,0.017699115044247787,0.5,2,686613
22,pitcher,0,0,Carson Spiers,DEFENSE,,0.0,,0,686730
54,pitcher,5,5,Seth Johnson,DEFENSE,0.6,0.05555555555555555,0.6,3,686751
67,pitcher,0,0,Mason Barnett,DEFENSE,,0.0,,0,686930
44,pitcher,2,2,Alex McFarlane,DEFENSE,0.5,0.022727272727272728,0.5,1,686934
31,pitcher,1,1,Louis Varland,DEFENSE,0.0,0.0,0.0,0,686973
108,pitcher,5,5,Brandon Young,DEFENSE,0.6,0.027777777777777776,0.6,3,687064
30,pitcher,0,0,Bradley Blalock,DEFENSE,,0.0,,0,687134
101,pitcher,5,4,Quinn Mathews,DEFENSE,0.75,0.0297029702970297,0.6,3,687273
83,pitcher,4,4,Cooper Hjerpe,DEFENSE,0.5,0.024096385542168676,0.5,2,687309
57,pitcher,3,3,Gabriel Hughes,DEFENSE,0.6666666666666666,0.03508771929824561,0.6666666666666666,2,687312
22,pitcher,0,0,Kevin Kelly,DEFENSE,,0.0,,0,687330
44,pitcher,0,0,Brent Headrick,DEFENSE,,0.0,,0,687396
81,pitcher,3,3,Ryan Gusto,DEFENSE,0.3333333333333333,0.012345679012345678,0.3333333333333333,1,687473
54,pitcher,6,6,Jake Bennett,DEFENSE,0.6666666666666666,0.07407407407407407,0.6666666666666666,4,687562
76,pitcher,4,4,Connor Prielipp,DEFENSE,0.25,0.013157894736842105,0.25,1,687570
43,pitcher,0,0,DJ Herz,DEFENSE,,0.0,,0,687792
40,pitcher,2,1,Bryan King,DEFENSE,1.0,0.025,0.5,1,687911
22,pitcher,1,1,Julian Aguiar,DEFENSE,1.0,0.045454545454545456,1.0,1,687924
35,pitcher,1,1,Alec Gamboa,DEFENSE,1.0,0.02857142857142857,1.0,1,687941
108,pitcher,7,7,Robert Gasser,DEFENSE,0.2857142857142857,0.018518518518518517,0.2857142857142857,2,688107
46,pitcher,2,2,David Morgan,DEFENSE,0.5,0.021739130434782608,0.5,1,688158
56,pitcher,3,3,Chris Roycroft,DEFENSE,1.0,0.05357142857142857,1.0,3,688297
54,pitcher,1,1,Zach Agnos,DEFENSE,1.0,0.018518518518518517,1.0,1,688642
16,pitcher,1,1,Jared Simpson,DEFENSE,1.0,0.0625,1.0,1,688692
22,pitcher,0,0,Landon Knack,DEFENSE,,0.0,,0,689017
40,pitcher,2,2,Orion Kerkering,DEFENSE,1.0,0.05,1.0,2,689147
27,pitcher,1,1,Chad Dallas,DEFENSE,1.0,0.037037037037037035,1.0,1,689149
55,pitcher,4,4,Beau Brieske,DEFENSE,0.75,0.05454545454545454,0.75,3,689225
30,pitcher,1,1,Mason Fluharty,DEFENSE,1.0,0.03333333333333333,1.0,1,689254
19,pitcher,1,1,Dylan Dodd,DEFENSE,0.0,0.0,0.0,0,689266
29,pitcher,1,1,Anthony Nunez,DEFENSE,1.0,0.034482758620689655,1.0,1,689296
79,pitcher,5,5,David Sandlin,DEFENSE,0.2,0.012658227848101266,0.2,1,689818
36,pitcher,1,1,River Ryan,DEFENSE,0.0,0.0,0.0,0,689981
88,pitcher,10,10,Mason Adams,DEFENSE,0.5,0.056818181818181816,0.5,5,690279
20,pitcher,0,0,Bradley Hanner,DEFENSE,,0.0,,0,690440
32,pitcher,3,3,Ben Joyce,DEFENSE,0.6666666666666666,0.0625,0.6666666666666666,2,690829
5,pitcher,0,0,Clayton Beeter,DEFENSE,,0.0,,0,690925
49,pitcher,4,4,Dax Fulton,DEFENSE,0.5,0.04081632653061224,0.5,2,690978
45,pitcher,3,3,Kyle Harrison,DEFENSE,0.3333333333333333,0.022222222222222223,0.3333333333333333,1,690986
92,pitcher,2,2,Nolan McLean,DEFENSE,1.0,0.021739130434782608,1.0,2,690997
44,pitcher,4,2,Luis Perales,DEFENSE,1.0,0.045454545454545456,0.5,2,691384
111,pitcher,4,4,Eury Pérez,DEFENSE,0.25,0.009009009009009009,0.25,1,691587
96,pitcher,8,8,Andrew Painter,DEFENSE,0.625,0.052083333333333336,0.625,5,691725
17,pitcher,2,2,Philip Abner,DEFENSE,1.0,0.11764705882352941,1.0,2,691769
46,pitcher,2,1,Grant Taylor,DEFENSE,0.0,0.0,0.0,0,691799
26,pitcher,1,1,José Rodríguez,DEFENSE,1.0,0.038461538461538464,1.0,1,692064
44,pitcher,3,3,Nick Frasso,DEFENSE,0.6666666666666666,0.045454545454545456,0.6666666666666666,2,693308
34,pitcher,1,0,Carson Seymour,DEFENSE,,0.0,0.0,0,693313
91,pitcher,4,4,Bryan Woo,DEFENSE,0.75,0.03296703296703297,0.75,3,693433
93,pitcher,4,4,Cam Schlittler,DEFENSE,1.0,0.043010752688172046,1.0,4,693645
55,pitcher,2,2,Spencer Miles,DEFENSE,1.0,0.03636363636363636,1.0,2,693686
66,pitcher,1,1,Ian Seymour,DEFENSE,1.0,0.015151515151515152,1.0,1,693855
28,pitcher,0,0,Daniel Palencia,DEFENSE,,0.0,,0,694037
88,pitcher,8,8,Brandon Pfaadt,DEFENSE,0.75,0.06818181818181818,0.75,6,694297
37,pitcher,1,1,Brendan Beck,DEFENSE,1.0,0.02702702702702703,1.0,1,694341
27,pitcher,0,0,Trey Gibson,DEFENSE,,0.0,,0,694346
18,pitcher,1,1,Ricky Tiedemann,DEFENSE,0.0,0.0,0.0,0,694357
43,pitcher,2,2,Chad Patrick,DEFENSE,0.5,0.023255813953488372,0.5,1,694477
43,pitcher,1,1,Ty Johnson,DEFENSE,0.0,0.0,0.0,0,694494
13,pitcher,1,1,Trevor Martin,DEFENSE,1.0,0.07692307692307693,1.0,1,694680
35,pitcher,3,3,Landen Roupp,DEFENSE,0.6666666666666666,0.05714285714285714,0.6666666666666666,2,694738
77,pitcher,5,5,Khristian Curtis,DEFENSE,0.4,0.025974025974025976,0.4,2,694753
38,pitcher,2,2,Josh Ekness,DEFENSE,0.5,0.02631578947368421,0.5,1,694795
60,pitcher,4,4,Jacob Misiorowski,DEFENSE,0.75,0.05,0.75,3,694819
26,pitcher,1,1,Braxton Roxby,DEFENSE,0.0,0.0,0.0,0,694820
51,pitcher,3,3,Blade Tidwell,DEFENSE,1.0,0.058823529411764705,1.0,3,694918
91,pitcher,2,2,Paul Skenes,DEFENSE,0.5,0.01098901098901099,0.5,1,694973
89,pitcher,4,4,Rhett Lowder,DEFENSE,1.0,0.0449438202247191,1.0,4,695076
11,pitcher,0,0,Robby Ahlstrom,DEFENSE,,0.0,,0,695239
55,pitcher,2,0,Mason Miller,DEFENSE,,0.0,0.0,0,695243
39,pitcher,1,0,Jack Sinclair,DEFENSE,,0.0,0.0,0,695378
29,pitcher,3,3,Alex Hoppe,DEFENSE,0.6666666666666666,0.06896551724137931,0.6666666666666666,2,695380
38,pitcher,1,1,Brad Lord,DEFENSE,0.0,0.0,0.0,0,695418
6,pitcher,0,0,Chase Lee,DEFENSE,,0.0,,0,695445
55,pitcher,2,2,Chase Burns,DEFENSE,1.0,0.03636363636363636,1.0,2,695505
90,pitcher,4,4,Jackson Jobe,DEFENSE,0.75,0.03333333333333333,0.75,3,695549
16,pitcher,1,1,Gage Jump,DEFENSE,0.0,0.0,0.0,0,695611
54,pitcher,0,0,Wilber Dotel,DEFENSE,,0.0,,0,696062
62,pitcher,5,2,Hagen Smith,DEFENSE,0.5,0.016129032258064516,0.2,1,696146
26,pitcher,1,1,Sam Bachman,DEFENSE,1.0,0.038461538461538464,1.0,1,696147
108,pitcher,9,9,Bubba Chandler,DEFENSE,0.5555555555555556,0.046296296296296294,0.5555555555555556,5,696149
80,pitcher,8,8,Ryan Johnson,DEFENSE,0.5,0.05,0.5,4,696270
10,pitcher,0,0,Samy Natera Jr.,DEFENSE,,0.0,,0,696519
8,pitcher,0,0,Joe Rock,DEFENSE,,0.0,,0,697812
48,pitcher,2,2,Antwone Kelly,DEFENSE,0.5,0.020833333333333332,0.5,1,699008
46,pitcher,3,3,Miguel Ullola,DEFENSE,1.0,0.06521739130434782,1.0,3,699044
51,pitcher,4,4,Bradgley Rodriguez,DEFENSE,0.0,0.0,0.0,0,699134
23,pitcher,2,2,Jedixson Paez,DEFENSE,1.0,0.08695652173913043,1.0,2,699151
4,pitcher,0,0,Tyler Davis,DEFENSE,,0.0,,0,699823
22,pitcher,0,0,Troy Taylor,DEFENSE,,0.0,,0,700187
104,pitcher,1,1,Michael McGreevy,DEFENSE,1.0,0.009615384615384616,1.0,1,700241
29,pitcher,2,2,Cade Povich,DEFENSE,1.0,0.06896551724137931,1.0,2,700249
7,pitcher,0,0,Yilber Díaz,DEFENSE,,0.0,,0,700270
54,pitcher,2,2,AJ Smith-Shawver,DEFENSE,0.0,0.0,0.0,0,700363
50,pitcher,1,1,Gordon Graceffo,DEFENSE,0.0,0.0,0.0,0,700669
95,pitcher,2,2,Walbert Ureña,DEFENSE,1.0,0.021052631578947368,1.0,2,700712
37,pitcher,2,0,Logan VanWey,DEFENSE,,0.0,0.0,0,701121
36,pitcher,2,2,Duncan Davitt,DEFENSE,0.5,0.027777777777777776,0.5,1,701474
54,pitcher,3,3,Travis Adams,DEFENSE,0.3333333333333333,0.018518518518518517,0.3333333333333333,1,701519
85,pitcher,3,3,Will Warren,DEFENSE,0.3333333333333333,0.011764705882352941,0.3333333333333333,1,701542
60,pitcher,5,5,Logan Henderson,DEFENSE,0.8,0.06666666666666667,0.8,4,701656
65,pitcher,4,3,Will Dion,DEFENSE,0.6666666666666666,0.03076923076923077,0.5,2,702021
7,pitcher,0,0,Alex Cook,DEFENSE,,0.0,,0,702047
26,pitcher,1,1,Trey Yesavage,DEFENSE,0.0,0.0,0.0,0,702056
102,pitcher,8,6,Noah Cameron,DEFENSE,0.8333333333333334,0.049019607843137254,0.625,5,702070
51,pitcher,2,1,Andrew Morris,DEFENSE,1.0,0.0196078431372549,0.5,1,702193
30,pitcher,4,1,Noah Schultz,DEFENSE,1.0,0.03333333333333333,0.25,1,702273
97,pitcher,5,5,JR Ritchie,DEFENSE,0.4,0.020618556701030927,0.4,2,702275
21,pitcher,1,1,Spencer Bivens,DEFENSE,1.0,0.047619047619047616,1.0,1,702352
32,pitcher,0,0,Owen Murphy,DEFENSE,,0.0,,0,702566
25,pitcher,2,1,Jonathan Pintaro,DEFENSE,0.0,0.0,0.0,0,702752
86,pitcher,7,7,Cesar Perdomo,DEFENSE,0.5714285714285714,0.046511627906976744,0.5714285714285714,4,702885
18,pitcher,1,1,Jose Cabrera,DEFENSE,1.0,0.05555555555555555,1.0,1,703615
40,pitcher,0,0,Luis Gastelum,DEFENSE,,0.0,,0,703725
117,pitcher,4,4,Parker Messick,DEFENSE,0.75,0.02564102564102564,0.75,3,800048
53,pitcher,0,0,Didier Fuentes,DEFENSE,,0.0,,0,800311
60,pitcher,7,7,Jackson Kent,DEFENSE,0.5714285714285714,0.06666666666666667,0.5714285714285714,4,800600
54,pitcher,2,2,Payton Tolle,DEFENSE,0.0,0.0,0.0,0,801139
22,pitcher,1,1,Luis De León,DEFENSE,1.0,0.045454545454545456,1.0,1,801725
45,pitcher,0,0,Brycen Mautz,DEFENSE,,0.0,,0,802408
74,pitcher,4,4,Zac Thornton,DEFENSE,0.5,0.02702702702702703,0.5,2,804267
24,pitcher,2,2,John Klein,DEFENSE,0.5,0.041666666666666664,0.5,1,804619
100,pitcher,5,5,Jonah Tong,DEFENSE,0.4,0.02,0.4,2,804636
28,pitcher,0,0,Austin Peterson,DEFENSE,,0.0,,0,804926
102,pitcher,6,6,Yunior Marte,DEFENSE,0.6666666666666666,0.0392156862745098,0.6666666666666666,4,805074
53,pitcher,1,1,AJ Blubaugh,DEFENSE,0.0,0.0,0.0,0,805123
38,pitcher,3,3,Brandyn Garcia,DEFENSE,0.6666666666666666,0.05263157894736842,0.6666666666666666,2,805299
6,pitcher,0,0,Tyler Schweitzer,DEFENSE,,0.0,,0,805326
29,pitcher,2,2,Trent Harris,DEFENSE,0.5,0.034482758620689655,0.5,1,805345
21,pitcher,1,1,Drew Sommers,DEFENSE,0.0,0.0,0.0,0,805427
73,pitcher,8,8,Zebby Matthews,DEFENSE,0.5,0.0547945205479452,0.5,4,805673
35,pitcher,1,1,Cade Gibson,DEFENSE,0.0,0.0,0.0,0,806188
63,pitcher,1,1,Kade Anderson,DEFENSE,0.0,0.0,0.0,0,807739
59,pitcher,2,2,Andrew Sears,DEFENSE,0.5,0.01694915254237288,0.5,1,808825
17,pitcher,0,0,Roki Sasaki,DEFENSE,,0.0,,0,808963
60,pitcher,2,2,Yoshinobu Yamamoto,DEFENSE,1.0,0.03333333333333333,1.0,2,808967
41,pitcher,1,0,Brody Hopkins,DEFENSE,,0.0,0.0,0,811315
15,pitcher,2,2,Connelly Early,DEFENSE,0.0,0.0,0.0,0,813349
56,pitcher,0,0,Yunior Tur,DEFENSE,,0.0,,0,814305
79,pitcher,1,1,Ethan Pecko,DEFENSE,0.0,0.0,0.0,0,814490
46,pitcher,2,2,Mark Manfredi,DEFENSE,0.5,0.021739130434782608,0.5,1,815081
61,pitcher,2,2,Mitch Farris,DEFENSE,0.5,0.01639344262295082,0.5,1,815083
26,pitcher,0,0,José Fermin,DEFENSE,,0.0,,0,820862
15,pitcher,4,4,Tatsuya Imai,DEFENSE,1.0,0.26666666666666666,1.0,4,837227
207,umpire,10,10,Lance Barksdale,DEFENSE,0.7,0.033816425120772944,0.7,7,427013
324,umpire,19,18,Laz Diaz,DEFENSE,0.6111111111111112,0.033950617283950615,0.5789473684210527,11,427113
319,umpire,8,8,Rob Drake,DEFENSE,0.5,0.012539184952978056,0.5,4,427128
231,umpire,8,3,Bruce Dreckman,DEFENSE,0.6666666666666666,0.008658008658008658,0.25,2,427129
200,umpire,7,7,Doug Eddings,DEFENSE,0.8571428571428571,0.03,0.8571428571428571,6,427139
451,umpire,23,22,Andy Fletcher,DEFENSE,0.7272727272727273,0.03547671840354767,0.6956521739130435,16,427164
100,umpire,3,3,Chris Guccione,DEFENSE,1.0,0.03,1.0,3,427197
225,umpire,13,13,Marvin Hudson,DEFENSE,0.5384615384615384,0.03111111111111111,0.5384615384615384,7,427243
223,umpire,10,10,Dan Iassogna,DEFENSE,0.7,0.03139013452914798,0.7,7,427248
276,umpire,7,7,Ron Kulpa,DEFENSE,0.8571428571428571,0.021739130434782608,0.8571428571428571,6,427292
262,umpire,12,9,Alfonso Márquez,DEFENSE,0.6666666666666666,0.022900763358778626,0.5,6,427315
172,umpire,9,9,Bill Miller,DEFENSE,0.5555555555555556,0.029069767441860465,0.5555555555555556,5,427344
391,umpire,24,21,Mark Wegner,DEFENSE,0.8095238095238095,0.043478260869565216,0.7083333333333334,17,427533
105,umpire,9,9,Hunter Wendelstedt,DEFENSE,0.6666666666666666,0.05714285714285714,0.6666666666666666,6,427537
199,umpire,8,8,Jim Wolf,DEFENSE,0.75,0.03015075376884422,0.75,6,427554
330,umpire,15,14,James Hoye,DEFENSE,0.2857142857142857,0.012121212121212121,0.26666666666666666,4,428442
221,umpire,11,10,Todd Tichenor,DEFENSE,0.2,0.00904977375565611,0.18181818181818182,2,429805
213,umpire,9,8,Chad Fairchild,DEFENSE,0.75,0.028169014084507043,0.6666666666666666,6,431232
345,umpire,17,17,Scott Barry,DEFENSE,0.5294117647058824,0.02608695652173913,0.5294117647058824,9,482608
201,umpire,11,11,Mike Estabrook,DEFENSE,0.6363636363636364,0.03482587064676617,0.6363636363636364,7,482631
105,umpire,5,5,Adrian Johnson,DEFENSE,0.6,0.02857142857142857,0.6,3,482641
328,umpire,12,11,David Rackley,DEFENSE,0.36363636363636365,0.012195121951219513,0.3333333333333333,4,482663
397,umpire,16,15,D.J. Reyburn,DEFENSE,0.8,0.030226700251889168,0.75,12,482666
265,umpire,9,9,Lance Barrett,DEFENSE,0.4444444444444444,0.01509433962264151,0.4444444444444444,4,483561
435,umpire,19,19,Dan Bellino,DEFENSE,0.631578947368421,0.027586206896551724,0.631578947368421,12,483564
92,umpire,2,2,Vic Carapazza,DEFENSE,0.0,0.0,0.0,0,483569
441,umpire,15,15,John Tumpane,DEFENSE,0.6,0.02040816326530612,0.6,9,483630
106,umpire,5,5,Mike Muchlinski,DEFENSE,0.6,0.02830188679245283,0.6,3,483912
281,umpire,16,12,Mark Ripperger,DEFENSE,0.75,0.03202846975088968,0.5625,9,483919
405,umpire,19,18,Cory Blaser,DEFENSE,0.5,0.022222222222222223,0.47368421052631576,9,484183
257,umpire,10,10,Alan Porter,DEFENSE,0.7,0.027237354085603113,0.7,7,484198
186,umpire,8,6,Manny Gonzalez,DEFENSE,0.8333333333333334,0.026881720430107527,0.625,5,484499
130,umpire,5,5,Jonathan Parra,DEFENSE,0.8,0.03076923076923077,0.8,4,485856
193,umpire,13,12,Chad Whitson,DEFENSE,0.8333333333333334,0.05181347150259067,0.7692307692307693,10,489985
407,umpire,21,21,Jordan Baker,DEFENSE,0.5714285714285714,0.029484029484029485,0.5714285714285714,12,490319
289,umpire,13,13,Adam Hamari,DEFENSE,0.46153846153846156,0.020761245674740483,0.46153846153846156,6,503077
197,umpire,8,7,Chris Segal,DEFENSE,0.42857142857142855,0.015228426395939087,0.375,3,503490
429,umpire,22,18,Sean Barber,DEFENSE,0.6666666666666666,0.027972027972027972,0.5454545454545454,12,503493
355,umpire,8,6,Ryan Blakney,DEFENSE,0.6666666666666666,0.011267605633802818,0.5,4,503502
321,umpire,15,15,Tripp Gibson,DEFENSE,0.7333333333333333,0.03426791277258567,0.7333333333333333,11,503586
85,umpire,2,2,Will Little,DEFENSE,0.0,0.0,0.0,0,504381
338,umpire,13,11,Quinn Wolcott,DEFENSE,0.5454545454545454,0.01775147928994083,0.46153846153846156,6,511890
390,umpire,17,17,Nick Mahrley,DEFENSE,0.47058823529411764,0.020512820512820513,0.47058823529411764,8,521051
383,umpire,14,13,Ben May,DEFENSE,0.8461538461538461,0.028720626631853787,0.7857142857142857,11,521251
413,umpire,21,19,Stu Scheurwater,DEFENSE,0.5263157894736842,0.024213075060532687,0.47619047619047616,10,521889
501,umpire,21,19,Nic Lentz,DEFENSE,0.3157894736842105,0.011976047904191617,0.2857142857142857,6,544728
208,umpire,9,9,John Bacon,DEFENSE,0.5555555555555556,0.02403846153846154,0.5555555555555556,5,545402
415,umpire,23,17,Carlos Torres,DEFENSE,0.5882352941176471,0.024096385542168676,0.43478260869565216,10,547380
431,umpire,26,24,Edwin Moscoso,DEFENSE,0.7916666666666666,0.04408352668213457,0.7307692307692307,19,554242
230,umpire,10,10,Gabe Morales,DEFENSE,0.8,0.034782608695652174,0.8,8,573597
300,umpire,14,14,Shane Livensparger,DEFENSE,0.6428571428571429,0.03,0.6428571428571429,9,575629
242,umpire,10,6,Roberto Ortiz,DEFENSE,0.6666666666666666,0.01652892561983471,0.4,4,577468
340,umpire,14,13,Ramon De Jesus,DEFENSE,0.5384615384615384,0.020588235294117647,0.5,7,594151
342,umpire,12,12,Jansen Visconti,DEFENSE,0.6666666666666666,0.023391812865497075,0.6666666666666666,8,596740
404,umpire,17,17,John Libka,DEFENSE,0.7647058823529411,0.03217821782178218,0.7647058823529411,13,596805
218,umpire,15,14,Ryan Additon,DEFENSE,0.7142857142857143,0.045871559633027525,0.6666666666666666,10,596809
273,umpire,20,18,Nestor Ceja,DEFENSE,0.6111111111111112,0.040293040293040296,0.55,11,598411
201,umpire,9,8,Dan Merzel,DEFENSE,0.5,0.01990049751243781,0.4444444444444444,4,605670
244,umpire,9,9,Charlie Ramos,DEFENSE,0.4444444444444444,0.01639344262295082,0.4444444444444444,4,605671
212,umpire,8,7,Jeremie Rehak,DEFENSE,0.5714285714285714,0.018867924528301886,0.5,4,605672
380,umpire,11,10,Alex Tosi,DEFENSE,0.8,0.021052631578947368,0.7272727272727273,8,605673
245,umpire,13,11,Ryan Wills,DEFENSE,0.6363636363636364,0.02857142857142857,0.5384615384615384,7,605674
366,umpire,19,19,Paul Clemons,DEFENSE,0.6842105263157895,0.03551912568306011,0.6842105263157895,13,607884
334,umpire,11,11,Junior Valentine,DEFENSE,0.5454545454545454,0.017964071856287425,0.5454545454545454,6,608093
308,umpire,5,4,Nate Tomlinson,DEFENSE,0.5,0.006493506493506494,0.4,2,608158
285,umpire,4,3,Emil Jimenez,DEFENSE,1.0,0.010526315789473684,0.75,3,621660
349,umpire,13,10,Erich Bacchus,DEFENSE,0.8,0.022922636103151862,0.6153846153846154,8,623938
154,umpire,4,4,Alex MacKay,DEFENSE,0.75,0.01948051948051948,0.75,3,623945
205,umpire,20,20,Malachi Moore,DEFENSE,0.65,0.06341463414634146,0.65,13,623946
317,umpire,18,15,Clint Vondrak,DEFENSE,0.8,0.03785488958990536,0.6666666666666666,12,623949
303,umpire,15,15,Brennan Miller,DEFENSE,0.5333333333333333,0.026402640264026403,0.5333333333333333,8,639723
300,umpire,13,13,Adam Beck,DEFENSE,0.6923076923076923,0.03,0.6923076923076923,9,644760
211,umpire,7,7,Jacob Metz,DEFENSE,0.42857142857142855,0.014218009478672985,0.42857142857142855,3,658082
298,umpire,21,21,Derek Thomas,DEFENSE,0.6666666666666666,0.04697986577181208,0.6666666666666666,14,658292
214,umpire,10,10,Tyler Jones,DEFENSE,0.4,0.018691588785046728,0.4,4,658325
325,umpire,15,15,Austin Jones,DEFENSE,0.5333333333333333,0.024615384615384615,0.5333333333333333,8,658536
468,umpire,19,19,Edwin Jimenez,DEFENSE,0.6842105263157895,0.027777777777777776,0.6842105263157895,13,664263
292,umpire,10,9,Brian Walsh,DEFENSE,0.5555555555555556,0.017123287671232876,0.5,5,665281
377,umpire,11,7,Tom Hanahan,DEFENSE,0.7142857142857143,0.013262599469496022,0.45454545454545453,5,665297
198,umpire,8,8,Louie Krupa,DEFENSE,0.75,0.030303030303030304,0.75,6,665299
216,umpire,11,11,Dillon Wilson,DEFENSE,0.6363636363636364,0.032407407407407406,0.6363636363636364,7,665302
242,umpire,8,6,Brock Ballou,DEFENSE,0.3333333333333333,0.008264462809917356,0.25,2,665576
117,umpire,1,1,Jen Pawol,DEFENSE,1.0,0.008547008547008548,1.0,1,668921
216,umpire,8,7,Steven Jaschinski,DEFENSE,0.7142857142857143,0.023148148148148147,0.625,5,676580
442,umpire,17,15,James Jean,DEFENSE,0.7333333333333333,0.024886877828054297,0.6470588235294118,11,676581
112,umpire,6,6,Felix Neon,DEFENSE,1.0,0.05357142857142857,1.0,6,681849
92,umpire,2,2,Willie Traynor,DEFENSE,1.0,0.021739130434782608,1.0,2,691042
