period,harmonized_level,state_key,inventory,sampling_finite_replicates,sampling_complete,sampling_cost_point_recomputed,sampling_cost_lower,sampling_cost_upper
development,L0_EXACT,L0_EXACT|1|bottom|0|AWAY|LEAD_1,1,2000,True,0.327847290491,0.308056253348,0.3488084778
development,L0_EXACT,L0_EXACT|1|bottom|0|AWAY|LEAD_1,2,2000,True,0.317018430352,0.300947689927,0.334884594849
development,L0_EXACT,L0_EXACT|1|bottom|0|AWAY|TIED,1,2000,True,0.347857341353,0.336557811265,0.35993453303
development,L0_EXACT,L0_EXACT|1|bottom|0|AWAY|TIED,2,2000,True,0.338457491639,0.327370990624,0.350355691488
development,L0_EXACT,L0_EXACT|1|bottom|0|HOME|TIED,1,2000,True,0.275819766505,0.267810781297,0.284516038925
development,L0_EXACT,L0_EXACT|1|bottom|0|HOME|TIED,2,2000,True,0.28791001133,0.281928057714,0.294339477792
development,L0_EXACT,L0_EXACT|1|bottom|1|AWAY|LEAD_1,1,2000,True,0.296415111468,0.280249222475,0.314501124171
development,L0_EXACT,L0_EXACT|1|bottom|1|AWAY|LEAD_1,2,2000,True,0.29579416679,0.2817767385,0.311449319208
development,L0_EXACT,L0_EXACT|1|bottom|1|AWAY|LEAD_2PLUS,1,2000,True,0.305958016107,0.282420093159,0.331718232943
development,L0_EXACT,L0_EXACT|1|bottom|1|AWAY|LEAD_2PLUS,2,2000,True,0.297827895127,0.28074503212,0.316371981807
development,L0_EXACT,L0_EXACT|1|bottom|1|AWAY|TIED,1,2000,True,0.312889578149,0.301083253895,0.324977995665
development,L0_EXACT,L0_EXACT|1|bottom|1|AWAY|TIED,2,2000,True,0.310168931738,0.299070437245,0.321754951225
development,L0_EXACT,L0_EXACT|1|bottom|1|HOME|TIED,1,2000,True,0.256930806215,0.250961988933,0.263221227133
development,L0_EXACT,L0_EXACT|1|bottom|1|HOME|TIED,2,2000,True,0.282397095501,0.276434706056,0.288286300059
development,L0_EXACT,L0_EXACT|1|bottom|2|AWAY|LEAD_1,1,2000,True,0.272536958954,0.25767417046,0.288108972457
development,L0_EXACT,L0_EXACT|1|bottom|2|AWAY|LEAD_1,2,2000,True,0.283411823841,0.272498577525,0.29554713824
development,L0_EXACT,L0_EXACT|1|bottom|2|AWAY|TIED,1,2000,True,0.264583604407,0.257061569703,0.272133086896
development,L0_EXACT,L0_EXACT|1|bottom|2|AWAY|TIED,2,2000,True,0.279915841551,0.27377090483,0.285589851972
development,L0_EXACT,L0_EXACT|1|bottom|2|HOME|TIED,1,2000,True,0.242029398245,0.235576855203,0.250536061344
development,L0_EXACT,L0_EXACT|1|bottom|2|HOME|TIED,2,2000,True,0.284461915452,0.278046155894,0.291382561443
development,L0_EXACT,L0_EXACT|1|top|0|AWAY|TIED,1,2000,True,0.270291736749,0.264559878763,0.276041479459
development,L0_EXACT,L0_EXACT|1|top|0|AWAY|TIED,2,2000,True,0.287654634703,0.282838909331,0.292557623048
development,L0_EXACT,L0_EXACT|1|top|0|HOME|TIED,1,2000,True,0.333982360111,0.325081243858,0.343437527052
development,L0_EXACT,L0_EXACT|1|top|0|HOME|TIED,2,2000,True,0.324119007889,0.31585227666,0.332800970573
development,L0_EXACT,L0_EXACT|1|top|1|AWAY|TIED,1,2000,True,0.257641195275,0.252722201717,0.262708795276
development,L0_EXACT,L0_EXACT|1|top|1|AWAY|TIED,2,2000,True,0.290921481527,0.28581192022,0.29616510239
development,L0_EXACT,L0_EXACT|1|top|1|HOME|TIED,1,2000,True,0.299356865141,0.29095976322,0.307629488461
development,L0_EXACT,L0_EXACT|1|top|1|HOME|TIED,2,2000,True,0.299631618026,0.292832920694,0.30668368762
development,L0_EXACT,L0_EXACT|1|top|2|AWAY|TIED,1,2000,True,0.246867829317,0.242600538605,0.251382175914
development,L0_EXACT,L0_EXACT|1|top|2|AWAY|TIED,2,2000,True,0.294818442376,0.289107588501,0.300223894199
development,L0_EXACT,L0_EXACT|1|top|2|HOME|TIED,1,2000,True,0.270848307454,0.264226929292,0.277369903537
development,L0_EXACT,L0_EXACT|1|top|2|HOME|TIED,2,2000,True,0.285662675357,0.28017408514,0.29151775178
development,L0_EXACT,L0_EXACT|1|top|2|HOME|TRAIL_1,1,2000,True,0.273807845799,0.259463022904,0.287707493363
development,L0_EXACT,L0_EXACT|1|top|2|HOME|TRAIL_1,2,2000,True,0.281876484789,0.271438849095,0.292840519352
development,L0_EXACT,L0_EXACT|2|bottom|0|AWAY|LEAD_1,1,2000,True,0.331948200695,0.310766416186,0.352950247702
development,L0_EXACT,L0_EXACT|2|bottom|0|AWAY|LEAD_1,2,2000,True,0.317858135005,0.299256163523,0.33679932563
development,L0_EXACT,L0_EXACT|2|bottom|0|AWAY|LEAD_2PLUS,1,2000,True,0.320815664276,0.303312358335,0.337433956192
development,L0_EXACT,L0_EXACT|2|bottom|0|AWAY|LEAD_2PLUS,2,2000,True,0.313929175823,0.297561021752,0.329260763951
development,L0_EXACT,L0_EXACT|2|bottom|0|AWAY|TIED,1,2000,True,0.324354757922,0.312041883916,0.337465585127
development,L0_EXACT,L0_EXACT|2|bottom|0|AWAY|TIED,2,2000,True,0.315755862564,0.30455897924,0.327093157372
development,L0_EXACT,L0_EXACT|2|bottom|0|HOME|TIED,1,2000,True,0.260037242069,0.253030528999,0.267145101903
development,L0_EXACT,L0_EXACT|2|bottom|0|HOME|TIED,2,2000,True,0.276908579215,0.270560784151,0.283465722278
development,L0_EXACT,L0_EXACT|2|bottom|0|HOME|TRAIL_2PLUS,1,2000,True,0.26700993996,0.25704796342,0.276994187079
development,L0_EXACT,L0_EXACT|2|bottom|0|HOME|TRAIL_2PLUS,2,2000,True,0.281588564749,0.272140794819,0.291325071612
development,L0_EXACT,L0_EXACT|2|bottom|1|AWAY|LEAD_1,1,2000,True,0.297931679634,0.278479665682,0.321573713178
development,L0_EXACT,L0_EXACT|2|bottom|1|AWAY|LEAD_1,2,2000,True,0.300310445225,0.283080478173,0.322833359102
development,L0_EXACT,L0_EXACT|2|bottom|1|AWAY|LEAD_2PLUS,1,2000,True,0.295179254513,0.27488652689,0.314920788048
development,L0_EXACT,L0_EXACT|2|bottom|1|AWAY|LEAD_2PLUS,2,2000,True,0.295975058876,0.279879451008,0.313442391453
development,L0_EXACT,L0_EXACT|2|bottom|1|AWAY|TIED,1,2000,True,0.292780440235,0.280501084151,0.305914635517
development,L0_EXACT,L0_EXACT|2|bottom|1|AWAY|TIED,2,2000,True,0.285925331594,0.27629804965,0.296629701637
development,L0_EXACT,L0_EXACT|2|bottom|1|AWAY|TRAIL_1,1,2000,True,0.327873045353,0.294881895543,0.366975319952
development,L0_EXACT,L0_EXACT|2|bottom|1|AWAY|TRAIL_1,2,2000,True,0.321687510909,0.293645402963,0.355052276518
development,L0_EXACT,L0_EXACT|2|bottom|1|HOME|TIED,1,2000,True,0.24947728559,0.241858587187,0.257360137049
development,L0_EXACT,L0_EXACT|2|bottom|1|HOME|TIED,2,2000,True,0.277315831242,0.270601493379,0.284231108388
development,L0_EXACT,L0_EXACT|2|bottom|2|AWAY|LEAD_1,1,2000,True,0.264045685717,0.252933899118,0.274768940955
development,L0_EXACT,L0_EXACT|2|bottom|2|AWAY|LEAD_1,2,2000,True,0.281818779869,0.272280554872,0.291820337584
development,L0_EXACT,L0_EXACT|2|bottom|2|AWAY|LEAD_2PLUS,1,2000,True,0.265794835789,0.249830665265,0.285067073368
development,L0_EXACT,L0_EXACT|2|bottom|2|AWAY|LEAD_2PLUS,2,2000,True,0.281330036866,0.266800451499,0.296708255277
development,L0_EXACT,L0_EXACT|2|bottom|2|AWAY|TIED,1,2000,True,0.254843464388,0.247194717038,0.263095491772
development,L0_EXACT,L0_EXACT|2|bottom|2|AWAY|TIED,2,2000,True,0.270370157356,0.263783477464,0.277372116714
development,L0_EXACT,L0_EXACT|2|bottom|2|AWAY|TRAIL_1,1,2000,True,0.27759831395,0.261578626428,0.294440042501
development,L0_EXACT,L0_EXACT|2|bottom|2|AWAY|TRAIL_1,2,2000,True,0.284667806617,0.274187756508,0.295509562481
development,L0_EXACT,L0_EXACT|2|bottom|2|AWAY|TRAIL_2PLUS,1,2000,True,0.292785260018,0.275933220375,0.309922435347
development,L0_EXACT,L0_EXACT|2|bottom|2|AWAY|TRAIL_2PLUS,2,2000,True,0.294573795235,0.28220328756,0.307159476858
development,L0_EXACT,L0_EXACT|2|bottom|2|HOME|TIED,1,2000,True,0.239237990345,0.233676681756,0.245319134418
development,L0_EXACT,L0_EXACT|2|bottom|2|HOME|TIED,2,2000,True,0.282268500212,0.275377898067,0.289298153802
development,L0_EXACT,L0_EXACT|2|top|0|AWAY|TIED,1,2000,True,0.266390920699,0.258658771546,0.274547284357
development,L0_EXACT,L0_EXACT|2|top|0|AWAY|TIED,2,2000,True,0.278559398272,0.272477741344,0.285056236552
development,L0_EXACT,L0_EXACT|2|top|0|HOME|TIED,1,2000,True,0.328552977252,0.317310898512,0.339253620817
development,L0_EXACT,L0_EXACT|2|top|0|HOME|TIED,2,2000,True,0.318313783298,0.308285450224,0.328350207533
development,L0_EXACT,L0_EXACT|2|top|0|HOME|TRAIL_1,1,2000,True,0.325540467475,0.306113933829,0.34607589942
development,L0_EXACT,L0_EXACT|2|top|0|HOME|TRAIL_1,2,2000,True,0.313209870432,0.29706387421,0.330472484232
development,L0_EXACT,L0_EXACT|2|top|0|HOME|TRAIL_2PLUS,1,2000,True,0.326477518669,0.300186629277,0.354376061457
development,L0_EXACT,L0_EXACT|2|top|0|HOME|TRAIL_2PLUS,2,2000,True,0.312750388615,0.293616884449,0.332232432445
development,L0_EXACT,L0_EXACT|2|top|1|AWAY|TIED,1,2000,True,0.251734332432,0.245511804381,0.258237454672
development,L0_EXACT,L0_EXACT|2|top|1|AWAY|TIED,2,2000,True,0.282809387937,0.275791872737,0.290241435895
development,L0_EXACT,L0_EXACT|2|top|1|HOME|TIED,1,2000,True,0.294487384695,0.285490961284,0.304556995295
development,L0_EXACT,L0_EXACT|2|top|1|HOME|TIED,2,2000,True,0.292504285325,0.285037210564,0.300475432234
development,L0_EXACT,L0_EXACT|2|top|1|HOME|TRAIL_1,1,2000,True,0.30098103061,0.283398415514,0.319022183028
development,L0_EXACT,L0_EXACT|2|top|1|HOME|TRAIL_1,2,2000,True,0.30084577903,0.287216761784,0.316285027676
development,L0_EXACT,L0_EXACT|2|top|1|HOME|TRAIL_2PLUS,1,2000,True,0.311846612055,0.291317395048,0.332249486194
development,L0_EXACT,L0_EXACT|2|top|1|HOME|TRAIL_2PLUS,2,2000,True,0.296271395508,0.283562874667,0.308522242933
development,L0_EXACT,L0_EXACT|2|top|2|AWAY|TIED,1,2000,True,0.241636558584,0.235516660095,0.247933008911
development,L0_EXACT,L0_EXACT|2|top|2|AWAY|TIED,2,2000,True,0.284588547847,0.278096297056,0.291390100333
development,L0_EXACT,L0_EXACT|2|top|2|HOME|TIED,1,2000,True,0.266795475157,0.257293171658,0.276737060037
development,L0_EXACT,L0_EXACT|2|top|2|HOME|TIED,2,2000,True,0.280768918149,0.273149668432,0.288973224971
development,L0_EXACT,L0_EXACT|2|top|2|HOME|TRAIL_1,1,2000,True,0.273968739888,0.257335277476,0.293320344523
development,L0_EXACT,L0_EXACT|2|top|2|HOME|TRAIL_1,2,2000,True,0.295784371112,0.280977162848,0.313616030445
development,L0_EXACT,L0_EXACT|2|top|2|HOME|TRAIL_2PLUS,1,2000,True,0.288113000826,0.270587095498,0.30611307431
development,L0_EXACT,L0_EXACT|2|top|2|HOME|TRAIL_2PLUS,2,2000,True,0.294003797512,0.278569973463,0.310523714234
development,L0_EXACT,L0_EXACT|3|bottom|0|AWAY|LEAD_1,1,2000,True,0.323150266702,0.296139554776,0.35429496147
development,L0_EXACT,L0_EXACT|3|bottom|0|AWAY|LEAD_1,2,2000,True,0.316289409196,0.292706005886,0.346322948074
development,L0_EXACT,L0_EXACT|3|bottom|0|AWAY|LEAD_2PLUS,1,2000,True,0.323641567833,0.305236158807,0.345183763098
development,L0_EXACT,L0_EXACT|3|bottom|0|AWAY|LEAD_2PLUS,2,2000,True,0.31859422562,0.301633293395,0.340308280965
development,L0_EXACT,L0_EXACT|3|bottom|0|AWAY|TIED,1,2000,True,0.336409902348,0.320946447331,0.352666851478
development,L0_EXACT,L0_EXACT|3|bottom|0|AWAY|TIED,2,2000,True,0.328230375789,0.314004641245,0.342719505429
development,L0_EXACT,L0_EXACT|3|bottom|0|AWAY|TRAIL_2PLUS,1,2000,True,0.328577163073,0.307885053894,0.350327289167
development,L0_EXACT,L0_EXACT|3|bottom|0|AWAY|TRAIL_2PLUS,2,2000,True,0.330761940571,0.310578724462,0.351033622272
development,L0_EXACT,L0_EXACT|3|bottom|0|HOME|TRAIL_2PLUS,1,2000,True,0.276137536296,0.262857365307,0.291896028807
development,L0_EXACT,L0_EXACT|3|bottom|0|HOME|TRAIL_2PLUS,2,2000,True,0.292745737345,0.282511234928,0.304182924523
development,L0_EXACT,L0_EXACT|3|bottom|1|AWAY|LEAD_1,1,2000,True,0.298566304552,0.283238488544,0.314220375782
development,L0_EXACT,L0_EXACT|3|bottom|1|AWAY|LEAD_1,2,2000,True,0.293116282349,0.281602347378,0.305853816018
development,L0_EXACT,L0_EXACT|3|bottom|1|AWAY|LEAD_2PLUS,1,2000,True,0.288427290266,0.274848750495,0.303602990335
development,L0_EXACT,L0_EXACT|3|bottom|1|AWAY|LEAD_2PLUS,2,2000,True,0.293991154862,0.281968566951,0.307421296986
development,L0_EXACT,L0_EXACT|3|bottom|1|AWAY|TIED,1,2000,True,0.308911918368,0.292350329799,0.325012783284
development,L0_EXACT,L0_EXACT|3|bottom|1|AWAY|TIED,2,2000,True,0.304753547339,0.291549850048,0.317855746748
development,L0_EXACT,L0_EXACT|3|bottom|1|AWAY|TRAIL_2PLUS,1,2000,True,0.319862390336,0.297303032365,0.344304338053
development,L0_EXACT,L0_EXACT|3|bottom|1|AWAY|TRAIL_2PLUS,2,2000,True,0.314395138605,0.294523604845,0.336971502554
development,L0_EXACT,L0_EXACT|3|bottom|2|AWAY|LEAD_1,1,2000,True,0.256106936659,0.244245481159,0.269127437001
development,L0_EXACT,L0_EXACT|3|bottom|2|AWAY|LEAD_1,2,2000,True,0.275807802751,0.265728607425,0.286837309285
development,L0_EXACT,L0_EXACT|3|bottom|2|AWAY|LEAD_2PLUS,1,2000,True,0.261673499746,0.250991216918,0.273366002478
development,L0_EXACT,L0_EXACT|3|bottom|2|AWAY|LEAD_2PLUS,2,2000,True,0.275954333192,0.267054998366,0.28551162009
development,L0_EXACT,L0_EXACT|3|bottom|2|AWAY|TIED,1,2000,True,0.269008376291,0.256650220843,0.28104070344
development,L0_EXACT,L0_EXACT|3|bottom|2|AWAY|TIED,2,2000,True,0.279387733595,0.269691609464,0.288716506483
development,L0_EXACT,L0_EXACT|3|bottom|2|AWAY|TRAIL_1,1,2000,True,0.276770397045,0.261727435958,0.291343674531
development,L0_EXACT,L0_EXACT|3|bottom|2|AWAY|TRAIL_1,2,2000,True,0.2866071305,0.274173509932,0.299842565077
development,L0_EXACT,L0_EXACT|3|bottom|2|AWAY|TRAIL_2PLUS,1,2000,True,0.276657640694,0.261991711089,0.293269784449
development,L0_EXACT,L0_EXACT|3|bottom|2|AWAY|TRAIL_2PLUS,2,2000,True,0.28765517388,0.276605287307,0.299517934115
development,L0_EXACT,L0_EXACT|3|top|0|AWAY|TIED,1,2000,True,0.259899457145,0.250339841026,0.270325568528
development,L0_EXACT,L0_EXACT|3|top|0|AWAY|TIED,2,2000,True,0.277145284808,0.2685675299,0.285106866433
development,L0_EXACT,L0_EXACT|3|top|0|AWAY|TRAIL_2PLUS,1,2000,True,0.26458701019,0.254742649277,0.275558645615
development,L0_EXACT,L0_EXACT|3|top|0|AWAY|TRAIL_2PLUS,2,2000,True,0.277630512916,0.269479642344,0.286814517195
development,L0_EXACT,L0_EXACT|3|top|0|HOME|LEAD_1,1,2000,True,0.304918763691,0.28993807663,0.319686438445
development,L0_EXACT,L0_EXACT|3|top|0|HOME|LEAD_1,2,2000,True,0.302516906711,0.289849954285,0.315433096342
development,L0_EXACT,L0_EXACT|3|top|0|HOME|LEAD_2PLUS,1,2000,True,0.320851641687,0.300750330136,0.342921639131
development,L0_EXACT,L0_EXACT|3|top|0|HOME|LEAD_2PLUS,2,2000,True,0.315221021809,0.296551977,0.335773352392
development,L0_EXACT,L0_EXACT|3|top|0|HOME|TIED,1,2000,True,0.319258919576,0.306123999606,0.331826985822
development,L0_EXACT,L0_EXACT|3|top|0|HOME|TIED,2,2000,True,0.312206599589,0.299998391279,0.324881547183
development,L0_EXACT,L0_EXACT|3|top|0|HOME|TRAIL_1,1,2000,True,0.364651220551,0.336538673605,0.394013842187
development,L0_EXACT,L0_EXACT|3|top|0|HOME|TRAIL_1,2,2000,True,0.345858261486,0.321290022893,0.370632407338
development,L0_EXACT,L0_EXACT|3|top|0|HOME|TRAIL_2PLUS,1,2000,True,0.34158344138,0.321006920975,0.361298352952
development,L0_EXACT,L0_EXACT|3|top|0|HOME|TRAIL_2PLUS,2,2000,True,0.329862387244,0.311635367024,0.347909234413
development,L0_EXACT,L0_EXACT|3|top|1|AWAY|LEAD_2PLUS,1,2000,True,0.251487063271,0.241195075488,0.262233831269
development,L0_EXACT,L0_EXACT|3|top|1|AWAY|LEAD_2PLUS,2,2000,True,0.273313392255,0.264733424736,0.281922254429
development,L0_EXACT,L0_EXACT|3|top|1|AWAY|TIED,1,2000,True,0.243264080665,0.236920523502,0.250305879572
development,L0_EXACT,L0_EXACT|3|top|1|AWAY|TIED,2,2000,True,0.278327148039,0.269824761105,0.287974427362
development,L0_EXACT,L0_EXACT|3|top|1|HOME|LEAD_2PLUS,1,2000,True,0.282458852282,0.270715673913,0.29517713117
development,L0_EXACT,L0_EXACT|3|top|1|HOME|LEAD_2PLUS,2,2000,True,0.286829875562,0.276623539125,0.297605919317
development,L0_EXACT,L0_EXACT|3|top|1|HOME|TIED,1,2000,True,0.284389057655,0.273926124452,0.295118298728
development,L0_EXACT,L0_EXACT|3|top|1|HOME|TIED,2,2000,True,0.284417677266,0.276285102622,0.293072247545
development,L0_EXACT,L0_EXACT|3|top|1|HOME|TRAIL_1,1,2000,True,0.307764680205,0.290860126988,0.32535086097
development,L0_EXACT,L0_EXACT|3|top|1|HOME|TRAIL_1,2,2000,True,0.300442953662,0.286082442424,0.315506878505
development,L0_EXACT,L0_EXACT|3|top|1|HOME|TRAIL_2PLUS,1,2000,True,0.305534634276,0.288064299102,0.323289303462
development,L0_EXACT,L0_EXACT|3|top|1|HOME|TRAIL_2PLUS,2,2000,True,0.298854464983,0.284328978668,0.314344993229
development,L0_EXACT,L0_EXACT|3|top|2|HOME|LEAD_2PLUS,1,2000,True,0.265021300488,0.252091086504,0.277962242792
development,L0_EXACT,L0_EXACT|3|top|2|HOME|LEAD_2PLUS,2,2000,True,0.279124912902,0.268290468125,0.289870624319
development,L0_EXACT,L0_EXACT|3|top|2|HOME|TIED,1,2000,True,0.259771381725,0.252174344523,0.267883983769
development,L0_EXACT,L0_EXACT|3|top|2|HOME|TIED,2,2000,True,0.275203701287,0.267643275328,0.283244590076
development,L0_EXACT,L0_EXACT|3|top|2|HOME|TRAIL_1,1,2000,True,0.27202836132,0.258305648648,0.286945278539
development,L0_EXACT,L0_EXACT|3|top|2|HOME|TRAIL_1,2,2000,True,0.279868019895,0.268478266347,0.291527900771
development,L0_EXACT,L0_EXACT|3|top|2|HOME|TRAIL_2PLUS,1,2000,True,0.26673245446,0.257172700678,0.276032707706
development,L0_EXACT,L0_EXACT|3|top|2|HOME|TRAIL_2PLUS,2,2000,True,0.285867758374,0.277747731993,0.294312791083
development,L0_EXACT,L0_EXACT|4|bottom|0|AWAY|LEAD_1,1,2000,True,0.315405105135,0.297563012292,0.333249576609
development,L0_EXACT,L0_EXACT|4|bottom|0|AWAY|LEAD_1,2,2000,True,0.313167922583,0.296243617222,0.330627811426
development,L0_EXACT,L0_EXACT|4|bottom|0|AWAY|LEAD_2PLUS,1,2000,True,0.33216960711,0.314495695768,0.348738275638
development,L0_EXACT,L0_EXACT|4|bottom|0|AWAY|LEAD_2PLUS,2,2000,True,0.325392332574,0.31009964253,0.339734680894
development,L0_EXACT,L0_EXACT|4|bottom|0|AWAY|TIED,1,2000,True,0.32183560296,0.304128348241,0.341361454729
development,L0_EXACT,L0_EXACT|4|bottom|0|AWAY|TIED,2,2000,True,0.312124436731,0.296613830681,0.330004693228
development,L0_EXACT,L0_EXACT|4|bottom|0|AWAY|TRAIL_2PLUS,1,2000,True,0.328250574732,0.311602614804,0.345426301438
development,L0_EXACT,L0_EXACT|4|bottom|0|AWAY|TRAIL_2PLUS,2,2000,True,0.320324344628,0.306759537362,0.334209013991
development,L0_EXACT,L0_EXACT|4|bottom|0|HOME|LEAD_2PLUS,1,2000,True,0.268197493606,0.253607977133,0.286470291428
development,L0_EXACT,L0_EXACT|4|bottom|0|HOME|LEAD_2PLUS,2,2000,True,0.281151337938,0.26875675817,0.2964486556
development,L0_EXACT,L0_EXACT|4|bottom|0|HOME|TRAIL_2PLUS,1,2000,True,0.271474054717,0.261664234704,0.282101827036
development,L0_EXACT,L0_EXACT|4|bottom|0|HOME|TRAIL_2PLUS,2,2000,True,0.283104883271,0.275007098569,0.29169108647
development,L0_EXACT,L0_EXACT|4|bottom|1|AWAY|LEAD_1,1,2000,True,0.295601739983,0.27816661598,0.313326467592
development,L0_EXACT,L0_EXACT|4|bottom|1|AWAY|LEAD_1,2,2000,True,0.291753840941,0.277691741557,0.306397948527
development,L0_EXACT,L0_EXACT|4|bottom|1|AWAY|LEAD_2PLUS,1,2000,True,0.292234506401,0.279588799389,0.304370919318
development,L0_EXACT,L0_EXACT|4|bottom|1|AWAY|LEAD_2PLUS,2,2000,True,0.291332555731,0.280363132808,0.302717806193
development,L0_EXACT,L0_EXACT|4|bottom|1|AWAY|TIED,1,2000,True,0.280904288523,0.266602427044,0.296791527699
development,L0_EXACT,L0_EXACT|4|bottom|1|AWAY|TIED,2,2000,True,0.283667751763,0.272904670529,0.295731791649
development,L0_EXACT,L0_EXACT|4|bottom|1|AWAY|TRAIL_2PLUS,1,2000,True,0.306725620202,0.292138101842,0.321935443867
development,L0_EXACT,L0_EXACT|4|bottom|1|AWAY|TRAIL_2PLUS,2,2000,True,0.297868941699,0.286710294572,0.308340442907
development,L0_EXACT,L0_EXACT|4|bottom|1|HOME|TRAIL_2PLUS,1,2000,True,0.249667699978,0.242233876196,0.257799648787
development,L0_EXACT,L0_EXACT|4|bottom|1|HOME|TRAIL_2PLUS,2,2000,True,0.284939859166,0.275467548541,0.294410058724
development,L0_EXACT,L0_EXACT|4|bottom|2|AWAY|LEAD_1,1,2000,True,0.262757627859,0.249242427294,0.27733546064
development,L0_EXACT,L0_EXACT|4|bottom|2|AWAY|LEAD_1,2,2000,True,0.278464959457,0.267040235106,0.290626334521
development,L0_EXACT,L0_EXACT|4|bottom|2|AWAY|LEAD_2PLUS,1,2000,True,0.276157444129,0.262134009078,0.291607942283
development,L0_EXACT,L0_EXACT|4|bottom|2|AWAY|LEAD_2PLUS,2,2000,True,0.291187999686,0.279557718713,0.303488655648
development,L0_EXACT,L0_EXACT|4|bottom|2|AWAY|TIED,1,2000,True,0.260503246442,0.248670082562,0.272840174105
development,L0_EXACT,L0_EXACT|4|bottom|2|AWAY|TIED,2,2000,True,0.277335760978,0.268228332994,0.287210124927
development,L0_EXACT,L0_EXACT|4|bottom|2|AWAY|TRAIL_2PLUS,1,2000,True,0.271723940838,0.260960058614,0.283999303204
development,L0_EXACT,L0_EXACT|4|bottom|2|AWAY|TRAIL_2PLUS,2,2000,True,0.283924395796,0.274004451202,0.295341011031
development,L0_EXACT,L0_EXACT|4|bottom|2|HOME|LEAD_2PLUS,1,2000,True,0.245173206109,0.237634116273,0.253822548819
development,L0_EXACT,L0_EXACT|4|bottom|2|HOME|LEAD_2PLUS,2,2000,True,0.287831449753,0.278039983186,0.297967905081
development,L0_EXACT,L0_EXACT|4|top|0|AWAY|LEAD_2PLUS,1,2000,True,0.254543083709,0.24611418354,0.263707273477
development,L0_EXACT,L0_EXACT|4|top|0|AWAY|LEAD_2PLUS,2,2000,True,0.280409830455,0.270248680407,0.291354287109
development,L0_EXACT,L0_EXACT|4|top|0|AWAY|TRAIL_2PLUS,1,2000,True,0.267500168947,0.258268452442,0.277309891087
development,L0_EXACT,L0_EXACT|4|top|0|AWAY|TRAIL_2PLUS,2,2000,True,0.283190332274,0.274347303166,0.293011314546
development,L0_EXACT,L0_EXACT|4|top|0|HOME|LEAD_2PLUS,1,2000,True,0.342738558935,0.326621493788,0.358450061715
development,L0_EXACT,L0_EXACT|4|top|0|HOME|LEAD_2PLUS,2,2000,True,0.330084672556,0.315065449884,0.345642682646
development,L0_EXACT,L0_EXACT|4|top|0|HOME|TIED,1,2000,True,0.315467880184,0.299191169205,0.332011866281
development,L0_EXACT,L0_EXACT|4|top|0|HOME|TIED,2,2000,True,0.311078042302,0.297965673561,0.325221764104
development,L0_EXACT,L0_EXACT|4|top|0|HOME|TRAIL_1,1,2000,True,0.33449540003,0.310288453722,0.357795819901
development,L0_EXACT,L0_EXACT|4|top|0|HOME|TRAIL_1,2,2000,True,0.317260855471,0.297742353774,0.337167962966
development,L0_EXACT,L0_EXACT|4|top|0|HOME|TRAIL_2PLUS,1,2000,True,0.336443277852,0.3197407517,0.35420491328
development,L0_EXACT,L0_EXACT|4|top|0|HOME|TRAIL_2PLUS,2,2000,True,0.325438691266,0.311963069936,0.340298099344
development,L0_EXACT,L0_EXACT|4|top|1|HOME|LEAD_2PLUS,1,2000,True,0.305960419995,0.289537664824,0.323682845874
development,L0_EXACT,L0_EXACT|4|top|1|HOME|LEAD_2PLUS,2,2000,True,0.30102931865,0.288635205294,0.31474647235
development,L0_EXACT,L0_EXACT|4|top|1|HOME|TIED,1,2000,True,0.303908654093,0.290657908821,0.317151266128
development,L0_EXACT,L0_EXACT|4|top|1|HOME|TIED,2,2000,True,0.295503126297,0.284195758847,0.306855465541
development,L0_EXACT,L0_EXACT|4|top|1|HOME|TRAIL_1,1,2000,True,0.307847015664,0.2857161992,0.32883770367
development,L0_EXACT,L0_EXACT|4|top|1|HOME|TRAIL_1,2,2000,True,0.306136608713,0.286379554739,0.326527537103
development,L0_EXACT,L0_EXACT|4|top|1|HOME|TRAIL_2PLUS,1,2000,True,0.305945083127,0.290744651184,0.321491091965
development,L0_EXACT,L0_EXACT|4|top|1|HOME|TRAIL_2PLUS,2,2000,True,0.305422296634,0.291444754374,0.318881307714
development,L0_EXACT,L0_EXACT|4|top|2|AWAY|LEAD_2PLUS,1,2000,True,0.245089079358,0.237242060431,0.252994815462
development,L0_EXACT,L0_EXACT|4|top|2|AWAY|LEAD_2PLUS,2,2000,True,0.288841980743,0.278791988765,0.299051441029
development,L0_EXACT,L0_EXACT|4|top|2|HOME|LEAD_2PLUS,1,2000,True,0.271444495881,0.259728611333,0.283338823807
development,L0_EXACT,L0_EXACT|4|top|2|HOME|LEAD_2PLUS,2,2000,True,0.28916727771,0.27875865884,0.299971365498
development,L0_EXACT,L0_EXACT|4|top|2|HOME|TIED,1,2000,True,0.254118036469,0.245004975148,0.263496922627
development,L0_EXACT,L0_EXACT|4|top|2|HOME|TIED,2,2000,True,0.269313115594,0.26106218761,0.277702912761
development,L0_EXACT,L0_EXACT|4|top|2|HOME|TRAIL_1,1,2000,True,0.272542643602,0.259602113575,0.287393813943
development,L0_EXACT,L0_EXACT|4|top|2|HOME|TRAIL_1,2,2000,True,0.282189020252,0.271971631337,0.293009346191
development,L0_EXACT,L0_EXACT|4|top|2|HOME|TRAIL_2PLUS,1,2000,True,0.286641200786,0.271357402749,0.303054422608
development,L0_EXACT,L0_EXACT|4|top|2|HOME|TRAIL_2PLUS,2,2000,True,0.294505195149,0.281489521427,0.309866499875
development,L0_EXACT,L0_EXACT|5|bottom|0|AWAY|LEAD_1,1,2000,True,0.315899537593,0.297305260245,0.33513335387
development,L0_EXACT,L0_EXACT|5|bottom|0|AWAY|LEAD_1,2,2000,True,0.310477717377,0.295748721455,0.324391018337
development,L0_EXACT,L0_EXACT|5|bottom|0|AWAY|LEAD_2PLUS,1,2000,True,0.33529754762,0.314688505631,0.356996043106
development,L0_EXACT,L0_EXACT|5|bottom|0|AWAY|LEAD_2PLUS,2,2000,True,0.328481101317,0.309974630905,0.348081229686
development,L0_EXACT,L0_EXACT|5|bottom|0|AWAY|TIED,1,2000,True,0.332575135913,0.313259689057,0.351194462988
development,L0_EXACT,L0_EXACT|5|bottom|0|AWAY|TIED,2,2000,True,0.329590204141,0.311604020165,0.346769584802
development,L0_EXACT,L0_EXACT|5|bottom|0|AWAY|TRAIL_2PLUS,1,2000,True,0.318768398433,0.303719183553,0.334644015312
development,L0_EXACT,L0_EXACT|5|bottom|0|AWAY|TRAIL_2PLUS,2,2000,True,0.314414687811,0.300942632513,0.327873372446
development,L0_EXACT,L0_EXACT|5|bottom|0|HOME|TRAIL_2PLUS,1,2000,True,0.272611704515,0.261953850793,0.285946332318
development,L0_EXACT,L0_EXACT|5|bottom|0|HOME|TRAIL_2PLUS,2,2000,True,0.285876645832,0.277827739782,0.294947527378
development,L0_EXACT,L0_EXACT|5|bottom|1|AWAY|LEAD_1,1,2000,True,0.295561236289,0.278368769293,0.315186794072
development,L0_EXACT,L0_EXACT|5|bottom|1|AWAY|LEAD_1,2,2000,True,0.296225477893,0.280439480165,0.31522227181
development,L0_EXACT,L0_EXACT|5|bottom|1|AWAY|LEAD_2PLUS,1,2000,True,0.299971363064,0.283697377111,0.31706946173
development,L0_EXACT,L0_EXACT|5|bottom|1|AWAY|LEAD_2PLUS,2,2000,True,0.299817730575,0.286261176705,0.313995910787
development,L0_EXACT,L0_EXACT|5|bottom|1|AWAY|TIED,1,2000,True,0.310765744059,0.287782717693,0.3358283358
development,L0_EXACT,L0_EXACT|5|bottom|1|AWAY|TIED,2,2000,True,0.317257272938,0.296030415027,0.340768554075
development,L0_EXACT,L0_EXACT|5|bottom|1|AWAY|TRAIL_2PLUS,1,2000,True,0.303558979909,0.28975714084,0.317024206781
development,L0_EXACT,L0_EXACT|5|bottom|1|AWAY|TRAIL_2PLUS,2,2000,True,0.304617912727,0.292881613446,0.31719503202
development,L0_EXACT,L0_EXACT|5|bottom|1|HOME|LEAD_2PLUS,1,2000,True,0.249394562815,0.241506071428,0.257535659705
development,L0_EXACT,L0_EXACT|5|bottom|1|HOME|LEAD_2PLUS,2,2000,True,0.285183483314,0.276558715148,0.294412517387
development,L0_EXACT,L0_EXACT|5|bottom|1|HOME|TRAIL_2PLUS,1,2000,True,0.257514506606,0.249517174726,0.266036067144
development,L0_EXACT,L0_EXACT|5|bottom|1|HOME|TRAIL_2PLUS,2,2000,True,0.285921083649,0.277606017545,0.294981724199
development,L0_EXACT,L0_EXACT|5|bottom|2|AWAY|LEAD_2PLUS,1,2000,True,0.272080404872,0.258952689083,0.286744435207
development,L0_EXACT,L0_EXACT|5|bottom|2|AWAY|LEAD_2PLUS,2,2000,True,0.284066173184,0.273710107574,0.295187416547
development,L0_EXACT,L0_EXACT|5|bottom|2|AWAY|TIED,1,2000,True,0.286658435506,0.269297952617,0.307782951232
development,L0_EXACT,L0_EXACT|5|bottom|2|AWAY|TIED,2,2000,True,0.295983054313,0.281542787012,0.312093298409
development,L0_EXACT,L0_EXACT|5|bottom|2|AWAY|TRAIL_2PLUS,1,2000,True,0.274199205303,0.262464944354,0.285674437517
development,L0_EXACT,L0_EXACT|5|bottom|2|AWAY|TRAIL_2PLUS,2,2000,True,0.282984385131,0.27483468772,0.29135328874
development,L0_EXACT,L0_EXACT|5|bottom|2|HOME|LEAD_2PLUS,1,2000,True,0.243656486644,0.236698334562,0.251084846547
development,L0_EXACT,L0_EXACT|5|bottom|2|HOME|LEAD_2PLUS,2,2000,True,0.292486358724,0.283425060228,0.301877256195
development,L0_EXACT,L0_EXACT|5|bottom|2|HOME|TRAIL_2PLUS,1,2000,True,0.248258515821,0.238493044219,0.259405907708
development,L0_EXACT,L0_EXACT|5|bottom|2|HOME|TRAIL_2PLUS,2,2000,True,0.29097247966,0.280177484641,0.303123330282
development,L0_EXACT,L0_EXACT|5|top|0|AWAY|LEAD_2PLUS,1,2000,True,0.268807231772,0.257784097339,0.282276896347
development,L0_EXACT,L0_EXACT|5|top|0|AWAY|LEAD_2PLUS,2,2000,True,0.277457501302,0.268839645137,0.287071220886
development,L0_EXACT,L0_EXACT|5|top|0|AWAY|TRAIL_2PLUS,1,2000,True,0.272487477498,0.26119443884,0.284573965451
development,L0_EXACT,L0_EXACT|5|top|0|AWAY|TRAIL_2PLUS,2,2000,True,0.285330506858,0.276561541014,0.294873175756
development,L0_EXACT,L0_EXACT|5|top|0|HOME|LEAD_2PLUS,1,2000,True,0.331931542225,0.314160880403,0.350123202965
development,L0_EXACT,L0_EXACT|5|top|0|HOME|LEAD_2PLUS,2,2000,True,0.32331444163,0.308048936834,0.33970279795
development,L0_EXACT,L0_EXACT|5|top|0|HOME|TIED,1,2000,True,0.322817074329,0.302575542726,0.3434590073
development,L0_EXACT,L0_EXACT|5|top|0|HOME|TIED,2,2000,True,0.323003311132,0.304224808748,0.342147480376
development,L0_EXACT,L0_EXACT|5|top|0|HOME|TRAIL_1,1,2000,True,0.317367637178,0.299581770304,0.33555247449
development,L0_EXACT,L0_EXACT|5|top|0|HOME|TRAIL_1,2,2000,True,0.320190921247,0.304327088298,0.336541266535
development,L0_EXACT,L0_EXACT|5|top|0|HOME|TRAIL_2PLUS,1,2000,True,0.330885486194,0.316832313902,0.345610161905
development,L0_EXACT,L0_EXACT|5|top|0|HOME|TRAIL_2PLUS,2,2000,True,0.324894775501,0.308764908331,0.343475216434
development,L0_EXACT,L0_EXACT|5|top|1|AWAY|LEAD_2PLUS,1,2000,True,0.250554836779,0.242273984293,0.258862886537
development,L0_EXACT,L0_EXACT|5|top|1|AWAY|LEAD_2PLUS,2,2000,True,0.282439746921,0.273222574195,0.292602496991
development,L0_EXACT,L0_EXACT|5|top|1|AWAY|TRAIL_2PLUS,1,2000,True,0.247717096162,0.239399513281,0.257096004733
development,L0_EXACT,L0_EXACT|5|top|1|AWAY|TRAIL_2PLUS,2,2000,True,0.279833834628,0.272072069264,0.288034805283
development,L0_EXACT,L0_EXACT|5|top|1|HOME|LEAD_2PLUS,1,2000,True,0.282423729078,0.272110149723,0.292089693469
development,L0_EXACT,L0_EXACT|5|top|1|HOME|LEAD_2PLUS,2,2000,True,0.286548048797,0.278097674631,0.295112391003
development,L0_EXACT,L0_EXACT|5|top|1|HOME|TIED,1,2000,True,0.317330410742,0.292171091692,0.34764114513
development,L0_EXACT,L0_EXACT|5|top|1|HOME|TIED,2,2000,True,0.315049459269,0.294575054388,0.33840695013
development,L0_EXACT,L0_EXACT|5|top|1|HOME|TRAIL_1,1,2000,True,0.308405464547,0.28678549771,0.329528911855
development,L0_EXACT,L0_EXACT|5|top|1|HOME|TRAIL_1,2,2000,True,0.308253001411,0.289113298055,0.328551393579
development,L0_EXACT,L0_EXACT|5|top|1|HOME|TRAIL_2PLUS,1,2000,True,0.311709581277,0.295049569551,0.330107263566
development,L0_EXACT,L0_EXACT|5|top|1|HOME|TRAIL_2PLUS,2,2000,True,0.30345571519,0.291195476346,0.317047493081
development,L0_EXACT,L0_EXACT|5|top|2|AWAY|LEAD_2PLUS,1,2000,True,0.241284046565,0.234188936353,0.248382569643
development,L0_EXACT,L0_EXACT|5|top|2|AWAY|LEAD_2PLUS,2,2000,True,0.285610840612,0.276827684189,0.295357260192
development,L0_EXACT,L0_EXACT|5|top|2|HOME|LEAD_2PLUS,1,2000,True,0.265712523036,0.25385476401,0.277759998575
development,L0_EXACT,L0_EXACT|5|top|2|HOME|LEAD_2PLUS,2,2000,True,0.278490595885,0.268632911028,0.289068592644
development,L0_EXACT,L0_EXACT|5|top|2|HOME|TIED,1,2000,True,0.262516561634,0.251714901403,0.27413770598
development,L0_EXACT,L0_EXACT|5|top|2|HOME|TIED,2,2000,True,0.283698080761,0.272796039374,0.294347234498
development,L0_EXACT,L0_EXACT|5|top|2|HOME|TRAIL_1,1,2000,True,0.27046731943,0.258282245434,0.283399548598
development,L0_EXACT,L0_EXACT|5|top|2|HOME|TRAIL_1,2,2000,True,0.282428132389,0.272081691276,0.292986368442
development,L0_EXACT,L0_EXACT|5|top|2|HOME|TRAIL_2PLUS,1,2000,True,0.275329442036,0.264160239414,0.288000744035
development,L0_EXACT,L0_EXACT|5|top|2|HOME|TRAIL_2PLUS,2,2000,True,0.28581120318,0.277450718758,0.295116930506
development,L0_EXACT,L0_EXACT|6|bottom|0|AWAY|LEAD_1,1,2000,True,0.338355589852,0.316375540283,0.360113572991
development,L0_EXACT,L0_EXACT|6|bottom|0|AWAY|LEAD_1,2,2000,True,0.329211294312,0.309451751659,0.349499725686
development,L0_EXACT,L0_EXACT|6|bottom|0|AWAY|LEAD_2PLUS,1,2000,True,0.326444953734,0.310325906975,0.343470249968
development,L0_EXACT,L0_EXACT|6|bottom|0|AWAY|LEAD_2PLUS,2,2000,True,0.318473914627,0.303620676551,0.334006441075
development,L0_EXACT,L0_EXACT|6|bottom|0|AWAY|TIED,1,2000,True,0.325582608758,0.309034513912,0.342438112469
development,L0_EXACT,L0_EXACT|6|bottom|0|AWAY|TIED,2,2000,True,0.317686269917,0.302465205735,0.334385783128
development,L0_EXACT,L0_EXACT|6|bottom|0|AWAY|TRAIL_2PLUS,1,2000,True,0.340895811528,0.32347518863,0.358192788585
development,L0_EXACT,L0_EXACT|6|bottom|0|AWAY|TRAIL_2PLUS,2,2000,True,0.338544889661,0.319796943982,0.356618046157
development,L0_EXACT,L0_EXACT|6|bottom|0|HOME|LEAD_2PLUS,1,2000,True,0.281753584358,0.268913834047,0.295862588297
development,L0_EXACT,L0_EXACT|6|bottom|0|HOME|LEAD_2PLUS,2,2000,True,0.285202848239,0.276116382855,0.294209449017
development,L0_EXACT,L0_EXACT|6|bottom|0|HOME|TRAIL_2PLUS,1,2000,True,0.264839642131,0.255360556735,0.274438445712
development,L0_EXACT,L0_EXACT|6|bottom|0|HOME|TRAIL_2PLUS,2,2000,True,0.276477533559,0.269126888004,0.283641115548
development,L0_EXACT,L0_EXACT|6|bottom|1|AWAY|LEAD_1,1,2000,True,0.310789187533,0.290658550874,0.331517438588
development,L0_EXACT,L0_EXACT|6|bottom|1|AWAY|LEAD_1,2,2000,True,0.305475371498,0.290508735028,0.320977886002
development,L0_EXACT,L0_EXACT|6|bottom|1|AWAY|LEAD_2PLUS,1,2000,True,0.312919183731,0.294005819061,0.333881161313
development,L0_EXACT,L0_EXACT|6|bottom|1|AWAY|LEAD_2PLUS,2,2000,True,0.311331801154,0.292814812353,0.333364119057
development,L0_EXACT,L0_EXACT|6|bottom|1|AWAY|TIED,1,2000,True,0.31956611787,0.298321112208,0.343116689323
development,L0_EXACT,L0_EXACT|6|bottom|1|AWAY|TIED,2,2000,True,0.314050538044,0.292280352437,0.339296751629
development,L0_EXACT,L0_EXACT|6|bottom|1|AWAY|TRAIL_2PLUS,1,2000,True,0.331134529773,0.310317331414,0.353741036866
development,L0_EXACT,L0_EXACT|6|bottom|1|AWAY|TRAIL_2PLUS,2,2000,True,0.319049653051,0.301026120196,0.337316009255
development,L0_EXACT,L0_EXACT|6|bottom|1|HOME|LEAD_2PLUS,1,2000,True,0.257795442531,0.248239864281,0.26806885601
development,L0_EXACT,L0_EXACT|6|bottom|1|HOME|LEAD_2PLUS,2,2000,True,0.284570626276,0.274294031381,0.294698995127
development,L0_EXACT,L0_EXACT|6|bottom|1|HOME|TRAIL_2PLUS,1,2000,True,0.24888281738,0.241582858481,0.256467435654
development,L0_EXACT,L0_EXACT|6|bottom|1|HOME|TRAIL_2PLUS,2,2000,True,0.281305282521,0.272888000022,0.290114864563
development,L0_EXACT,L0_EXACT|6|bottom|2|AWAY|LEAD_2PLUS,1,2000,True,0.271076736927,0.25796960699,0.283544741208
development,L0_EXACT,L0_EXACT|6|bottom|2|AWAY|LEAD_2PLUS,2,2000,True,0.279954079911,0.269988855246,0.289557387136
development,L0_EXACT,L0_EXACT|6|bottom|2|AWAY|TIED,1,2000,True,0.280845966292,0.257925898722,0.305308810118
development,L0_EXACT,L0_EXACT|6|bottom|2|AWAY|TIED,2,2000,True,0.280917885605,0.265401085274,0.298262930207
development,L0_EXACT,L0_EXACT|6|bottom|2|AWAY|TRAIL_2PLUS,1,2000,True,0.282231253439,0.266034328559,0.299806084916
development,L0_EXACT,L0_EXACT|6|bottom|2|AWAY|TRAIL_2PLUS,2,2000,True,0.284676765174,0.270901851919,0.299955136841
development,L0_EXACT,L0_EXACT|6|bottom|2|HOME|LEAD_2PLUS,1,2000,True,0.2513835339,0.239983760825,0.262798567478
development,L0_EXACT,L0_EXACT|6|bottom|2|HOME|LEAD_2PLUS,2,2000,True,0.288151271032,0.276891136001,0.299862717324
development,L0_EXACT,L0_EXACT|6|bottom|2|HOME|TRAIL_2PLUS,1,2000,True,0.235982963335,0.230124222151,0.242081529303
development,L0_EXACT,L0_EXACT|6|bottom|2|HOME|TRAIL_2PLUS,2,2000,True,0.279143935272,0.270019455859,0.289170774447
development,L0_EXACT,L0_EXACT|6|top|0|AWAY|LEAD_2PLUS,1,2000,True,0.264968245735,0.254500359688,0.276596478349
development,L0_EXACT,L0_EXACT|6|top|0|AWAY|LEAD_2PLUS,2,2000,True,0.278824408282,0.26969348985,0.288148577924
development,L0_EXACT,L0_EXACT|6|top|0|AWAY|TRAIL_2PLUS,1,2000,True,0.261823241027,0.253597753116,0.270060782635
development,L0_EXACT,L0_EXACT|6|top|0|AWAY|TRAIL_2PLUS,2,2000,True,0.279448633376,0.272025314186,0.287069598654
development,L0_EXACT,L0_EXACT|6|top|0|HOME|LEAD_1,1,2000,True,0.304211670621,0.286791166208,0.322180433465
development,L0_EXACT,L0_EXACT|6|top|0|HOME|LEAD_1,2,2000,True,0.305867409674,0.288979119079,0.323741010331
development,L0_EXACT,L0_EXACT|6|top|0|HOME|LEAD_2PLUS,1,2000,True,0.321219958132,0.308051151374,0.336690707298
development,L0_EXACT,L0_EXACT|6|top|0|HOME|LEAD_2PLUS,2,2000,True,0.316309571669,0.304808955173,0.329740467271
development,L0_EXACT,L0_EXACT|6|top|0|HOME|TRAIL_2PLUS,1,2000,True,0.330152387605,0.312787627817,0.348548480907
development,L0_EXACT,L0_EXACT|6|top|0|HOME|TRAIL_2PLUS,2,2000,True,0.322376923836,0.3072903146,0.337872561255
development,L0_EXACT,L0_EXACT|6|top|1|AWAY|LEAD_2PLUS,1,2000,True,0.252738049405,0.244348390344,0.26161773259
development,L0_EXACT,L0_EXACT|6|top|1|AWAY|LEAD_2PLUS,2,2000,True,0.280976688231,0.272770667481,0.289331310817
development,L0_EXACT,L0_EXACT|6|top|1|AWAY|TRAIL_2PLUS,1,2000,True,0.249738510746,0.243189415134,0.256523105597
development,L0_EXACT,L0_EXACT|6|top|1|AWAY|TRAIL_2PLUS,2,2000,True,0.277713255414,0.269428008611,0.286284651137
development,L0_EXACT,L0_EXACT|6|top|1|HOME|LEAD_1,1,2000,True,0.31212786694,0.287559097104,0.339251984942
development,L0_EXACT,L0_EXACT|6|top|1|HOME|LEAD_1,2,2000,True,0.314969589862,0.28929772581,0.346632802663
development,L0_EXACT,L0_EXACT|6|top|1|HOME|LEAD_2PLUS,1,2000,True,0.305020096987,0.29051059668,0.320304939031
development,L0_EXACT,L0_EXACT|6|top|1|HOME|LEAD_2PLUS,2,2000,True,0.304748399757,0.291427730099,0.318977709014
development,L0_EXACT,L0_EXACT|6|top|1|HOME|TIED,1,2000,True,0.300777639033,0.283097253619,0.318336143423
development,L0_EXACT,L0_EXACT|6|top|1|HOME|TIED,2,2000,True,0.29549958756,0.282420148694,0.309566259665
development,L0_EXACT,L0_EXACT|6|top|1|HOME|TRAIL_2PLUS,1,2000,True,0.310445009733,0.295975772215,0.325203226885
development,L0_EXACT,L0_EXACT|6|top|1|HOME|TRAIL_2PLUS,2,2000,True,0.305424928848,0.293424746107,0.317620321898
development,L0_EXACT,L0_EXACT|6|top|2|AWAY|LEAD_2PLUS,1,2000,True,0.251288884452,0.241374441912,0.261861613192
development,L0_EXACT,L0_EXACT|6|top|2|AWAY|LEAD_2PLUS,2,2000,True,0.287291887065,0.278725133402,0.296293989631
development,L0_EXACT,L0_EXACT|6|top|2|HOME|LEAD_2PLUS,1,2000,True,0.273628585817,0.261673443757,0.288035160993
development,L0_EXACT,L0_EXACT|6|top|2|HOME|LEAD_2PLUS,2,2000,True,0.287050720227,0.277156037902,0.298228562824
development,L0_EXACT,L0_EXACT|6|top|2|HOME|TIED,1,2000,True,0.281793916601,0.265821554534,0.300185109983
development,L0_EXACT,L0_EXACT|6|top|2|HOME|TIED,2,2000,True,0.279034519599,0.269447119037,0.290186398277
development,L0_EXACT,L0_EXACT|6|top|2|HOME|TRAIL_2PLUS,1,2000,True,0.278015790602,0.267665981366,0.28863580704
development,L0_EXACT,L0_EXACT|6|top|2|HOME|TRAIL_2PLUS,2,2000,True,0.283941421835,0.274530600333,0.294268587814
development,L0_EXACT,L0_EXACT|7|bottom|0|AWAY|LEAD_2PLUS,1,2000,True,0.334312529301,0.318508942106,0.35054435775
development,L0_EXACT,L0_EXACT|7|bottom|0|AWAY|LEAD_2PLUS,2,2000,True,0.321201909146,0.306050167527,0.338092624886
development,L0_EXACT,L0_EXACT|7|bottom|0|AWAY|TIED,1,2000,True,0.333070091844,0.309641824655,0.357608734438
development,L0_EXACT,L0_EXACT|7|bottom|0|AWAY|TIED,2,2000,True,0.329959061085,0.304560020167,0.359250587049
development,L0_EXACT,L0_EXACT|7|bottom|0|AWAY|TRAIL_2PLUS,1,2000,True,0.33429144781,0.317912870066,0.353382234144
development,L0_EXACT,L0_EXACT|7|bottom|0|AWAY|TRAIL_2PLUS,2,2000,True,0.305079914429,0.289353421125,0.322022438904
development,L0_EXACT,L0_EXACT|7|bottom|0|HOME|LEAD_2PLUS,1,2000,True,0.258028337797,0.250169689995,0.266302139472
development,L0_EXACT,L0_EXACT|7|bottom|0|HOME|LEAD_2PLUS,2,2000,True,0.255144347959,0.246428929834,0.264139614223
development,L0_EXACT,L0_EXACT|7|bottom|0|HOME|TRAIL_2PLUS,1,2000,True,0.26565137805,0.256654248637,0.275231525757
development,L0_EXACT,L0_EXACT|7|bottom|0|HOME|TRAIL_2PLUS,2,2000,True,0.272145112263,0.26338343753,0.280901807782
development,L0_EXACT,L0_EXACT|7|bottom|1|AWAY|LEAD_2PLUS,1,2000,True,0.304648806277,0.289036349358,0.321339299909
development,L0_EXACT,L0_EXACT|7|bottom|1|AWAY|LEAD_2PLUS,2,2000,True,0.291637727358,0.278186431456,0.306140430357
development,L0_EXACT,L0_EXACT|7|bottom|1|AWAY|TIED,1,2000,True,0.310937628388,0.288741796027,0.336417853362
development,L0_EXACT,L0_EXACT|7|bottom|1|AWAY|TIED,2,2000,True,0.29507976593,0.275897371,0.31630106029
development,L0_EXACT,L0_EXACT|7|bottom|1|AWAY|TRAIL_2PLUS,1,2000,True,0.295959379097,0.283646364195,0.309074412346
development,L0_EXACT,L0_EXACT|7|bottom|1|AWAY|TRAIL_2PLUS,2,2000,True,0.265971121153,0.254501164887,0.277535968849
development,L0_EXACT,L0_EXACT|7|bottom|1|HOME|LEAD_2PLUS,1,2000,True,0.248975979717,0.240060978961,0.25784918239
development,L0_EXACT,L0_EXACT|7|bottom|1|HOME|LEAD_2PLUS,2,2000,True,0.248932157114,0.239069771306,0.259377445709
development,L0_EXACT,L0_EXACT|7|bottom|1|HOME|TRAIL_2PLUS,1,2000,True,0.245827864491,0.237332991052,0.254110035504
development,L0_EXACT,L0_EXACT|7|bottom|1|HOME|TRAIL_2PLUS,2,2000,True,0.260509325409,0.249840524466,0.270665113068
development,L0_EXACT,L0_EXACT|7|bottom|2|AWAY|LEAD_2PLUS,1,2000,True,0.269679954181,0.258215029162,0.28077738934
development,L0_EXACT,L0_EXACT|7|bottom|2|AWAY|LEAD_2PLUS,2,2000,True,0.271578014149,0.260548345497,0.282511735065
development,L0_EXACT,L0_EXACT|7|bottom|2|AWAY|TRAIL_2PLUS,1,2000,True,0.267871745683,0.255039861264,0.281426165384
development,L0_EXACT,L0_EXACT|7|bottom|2|AWAY|TRAIL_2PLUS,2,2000,True,0.247466952396,0.235373313547,0.260083628981
development,L0_EXACT,L0_EXACT|7|bottom|2|HOME|LEAD_2PLUS,1,2000,True,0.232519664839,0.225157821996,0.240417198899
development,L0_EXACT,L0_EXACT|7|bottom|2|HOME|LEAD_2PLUS,2,2000,True,0.254633192004,0.244457116177,0.265526204771
development,L0_EXACT,L0_EXACT|7|bottom|2|HOME|TRAIL_2PLUS,1,2000,True,0.244947328719,0.234779071996,0.256882713956
development,L0_EXACT,L0_EXACT|7|bottom|2|HOME|TRAIL_2PLUS,2,2000,True,0.275142492239,0.262127591828,0.287851084026
development,L0_EXACT,L0_EXACT|7|top|0|AWAY|LEAD_2PLUS,1,2000,True,0.260617344255,0.251998771033,0.26878411507
development,L0_EXACT,L0_EXACT|7|top|0|AWAY|LEAD_2PLUS,2,2000,True,0.268552185792,0.261138948915,0.276112209279
development,L0_EXACT,L0_EXACT|7|top|0|AWAY|TRAIL_2PLUS,1,2000,True,0.265401854624,0.256110651749,0.274474103407
development,L0_EXACT,L0_EXACT|7|top|0|AWAY|TRAIL_2PLUS,2,2000,True,0.2752907902,0.266367776736,0.283636504888
development,L0_EXACT,L0_EXACT|7|top|0|HOME|LEAD_2PLUS,1,2000,True,0.331243039419,0.316926037143,0.346389445637
development,L0_EXACT,L0_EXACT|7|top|0|HOME|LEAD_2PLUS,2,2000,True,0.319372149191,0.305498044164,0.334390244912
development,L0_EXACT,L0_EXACT|7|top|0|HOME|TIED,1,2000,True,0.33085994309,0.295916937657,0.367330774128
development,L0_EXACT,L0_EXACT|7|top|0|HOME|TIED,2,2000,True,0.328020809022,0.297044956617,0.361571083618
development,L0_EXACT,L0_EXACT|7|top|0|HOME|TRAIL_2PLUS,1,2000,True,0.326066476635,0.311855488209,0.340619100606
development,L0_EXACT,L0_EXACT|7|top|0|HOME|TRAIL_2PLUS,2,2000,True,0.315636601029,0.302201053312,0.329511182267
development,L0_EXACT,L0_EXACT|7|top|1|AWAY|LEAD_2PLUS,1,2000,True,0.253658424497,0.244520460719,0.264225123088
development,L0_EXACT,L0_EXACT|7|top|1|AWAY|LEAD_2PLUS,2,2000,True,0.27959743167,0.2698232572,0.289212588636
development,L0_EXACT,L0_EXACT|7|top|1|AWAY|TRAIL_2PLUS,1,2000,True,0.257969190541,0.248051933524,0.268330909309
development,L0_EXACT,L0_EXACT|7|top|1|AWAY|TRAIL_2PLUS,2,2000,True,0.274568525542,0.265358948147,0.284342002229
development,L0_EXACT,L0_EXACT|7|top|1|HOME|LEAD_2PLUS,1,2000,True,0.31218593994,0.295743890947,0.329184266982
development,L0_EXACT,L0_EXACT|7|top|1|HOME|LEAD_2PLUS,2,2000,True,0.294011501366,0.280021035055,0.308438141288
development,L0_EXACT,L0_EXACT|7|top|1|HOME|TRAIL_1,1,2000,True,0.30232865454,0.278585795739,0.329697817837
development,L0_EXACT,L0_EXACT|7|top|1|HOME|TRAIL_1,2,2000,True,0.299273970378,0.276593942472,0.325553076117
development,L0_EXACT,L0_EXACT|7|top|1|HOME|TRAIL_2PLUS,1,2000,True,0.305413240547,0.289599432159,0.32223152136
development,L0_EXACT,L0_EXACT|7|top|1|HOME|TRAIL_2PLUS,2,2000,True,0.295772414198,0.282493061567,0.310035922349
development,L0_EXACT,L0_EXACT|7|top|2|AWAY|LEAD_2PLUS,1,2000,True,0.244063677386,0.237747443295,0.250498804426
development,L0_EXACT,L0_EXACT|7|top|2|AWAY|LEAD_2PLUS,2,2000,True,0.281851865163,0.273355382367,0.290177187051
development,L0_EXACT,L0_EXACT|7|top|2|AWAY|TRAIL_2PLUS,1,2000,True,0.248062406627,0.237220169566,0.260691425745
development,L0_EXACT,L0_EXACT|7|top|2|AWAY|TRAIL_2PLUS,2,2000,True,0.274852665488,0.264348126168,0.28557647927
development,L0_EXACT,L0_EXACT|7|top|2|HOME|LEAD_2PLUS,1,2000,True,0.272268431527,0.261211624138,0.285269997712
development,L0_EXACT,L0_EXACT|7|top|2|HOME|LEAD_2PLUS,2,2000,True,0.266343188683,0.256907048594,0.276691605722
development,L0_EXACT,L0_EXACT|7|top|2|HOME|TRAIL_2PLUS,1,2000,True,0.270707308237,0.260408216593,0.282120688356
development,L0_EXACT,L0_EXACT|7|top|2|HOME|TRAIL_2PLUS,2,2000,True,0.278232993271,0.269471107973,0.287565913385
development,L0_EXACT,L0_EXACT|8|bottom|0|AWAY|LEAD_2PLUS,1,2000,True,0.338241049517,0.321235227965,0.356573501785
development,L0_EXACT,L0_EXACT|8|bottom|0|AWAY|LEAD_2PLUS,2,2000,True,0.302957255502,0.285311579847,0.321758814577
development,L0_EXACT,L0_EXACT|8|bottom|0|AWAY|TRAIL_2PLUS,1,2000,True,0.298957935639,0.284838780366,0.312904105434
development,L0_EXACT,L0_EXACT|8|bottom|0|AWAY|TRAIL_2PLUS,2,2000,True,0.23188661112,0.215897261882,0.248000860381
development,L0_EXACT,L0_EXACT|8|bottom|0|HOME|LEAD_2PLUS,1,2000,True,0.230745094774,0.218794055876,0.243330681637
development,L0_EXACT,L0_EXACT|8|bottom|0|HOME|LEAD_2PLUS,2,2000,True,0.180584137924,0.165546113222,0.196922564735
development,L0_EXACT,L0_EXACT|8|bottom|0|HOME|TRAIL_2PLUS,1,2000,True,0.256674996431,0.2450000754,0.268253100931
development,L0_EXACT,L0_EXACT|8|bottom|0|HOME|TRAIL_2PLUS,2,2000,True,0.218808573879,0.206140979536,0.229886715295
development,L0_EXACT,L0_EXACT|8|bottom|1|AWAY|LEAD_2PLUS,1,2000,True,0.294732798444,0.27784535943,0.311310479502
development,L0_EXACT,L0_EXACT|8|bottom|1|AWAY|LEAD_2PLUS,2,2000,True,0.252337323898,0.237509918681,0.267317594445
development,L0_EXACT,L0_EXACT|8|bottom|1|AWAY|TRAIL_2PLUS,1,2000,True,0.263805026384,0.248575336878,0.279654183004
development,L0_EXACT,L0_EXACT|8|bottom|1|AWAY|TRAIL_2PLUS,2,2000,True,0.180400513121,0.164232085694,0.197145931465
development,L0_EXACT,L0_EXACT|8|bottom|1|HOME|LEAD_2PLUS,1,2000,True,0.211868692695,0.196107499617,0.230465854247
development,L0_EXACT,L0_EXACT|8|bottom|1|HOME|LEAD_2PLUS,2,2000,True,0.164851501096,0.149478416186,0.180512458144
development,L0_EXACT,L0_EXACT|8|bottom|1|HOME|TRAIL_2PLUS,1,2000,True,0.229158174802,0.218149383686,0.240190334919
development,L0_EXACT,L0_EXACT|8|bottom|1|HOME|TRAIL_2PLUS,2,2000,True,0.197828596757,0.185523875335,0.208867394284
development,L0_EXACT,L0_EXACT|8|bottom|2|AWAY|LEAD_2PLUS,1,2000,True,0.248133241258,0.236771099311,0.25944503465
development,L0_EXACT,L0_EXACT|8|bottom|2|AWAY|LEAD_2PLUS,2,2000,True,0.208945675744,0.19685993151,0.220802107587
development,L0_EXACT,L0_EXACT|8|bottom|2|AWAY|TRAIL_2PLUS,1,2000,True,0.196170080683,0.182774490389,0.209705472501
development,L0_EXACT,L0_EXACT|8|bottom|2|AWAY|TRAIL_2PLUS,2,2000,True,0.10848168212,0.0958656949767,0.121965462095
development,L0_EXACT,L0_EXACT|8|bottom|2|HOME|LEAD_2PLUS,1,2000,True,0.193143933071,0.178312416959,0.210290684187
development,L0_EXACT,L0_EXACT|8|bottom|2|HOME|LEAD_2PLUS,2,2000,True,0.153847159635,0.13841206279,0.169427929713
development,L0_EXACT,L0_EXACT|8|bottom|2|HOME|TRAIL_2PLUS,1,2000,True,0.212603812694,0.20227154158,0.223102888889
development,L0_EXACT,L0_EXACT|8|bottom|2|HOME|TRAIL_2PLUS,2,2000,True,0.190709583704,0.177095642573,0.204248621429
development,L0_EXACT,L0_EXACT|8|top|0|AWAY|LEAD_2PLUS,1,2000,True,0.26808803162,0.254346662715,0.283110505497
development,L0_EXACT,L0_EXACT|8|top|0|AWAY|LEAD_2PLUS,2,2000,True,0.266580181709,0.253371828859,0.282059601938
development,L0_EXACT,L0_EXACT|8|top|0|AWAY|TRAIL_2PLUS,1,2000,True,0.248801019064,0.238648257426,0.259413154662
development,L0_EXACT,L0_EXACT|8|top|0|AWAY|TRAIL_2PLUS,2,2000,True,0.216598158535,0.206344744062,0.227359256076
development,L0_EXACT,L0_EXACT|8|top|0|HOME|LEAD_2PLUS,1,2000,True,0.321722085026,0.306256952505,0.336647367314
development,L0_EXACT,L0_EXACT|8|top|0|HOME|LEAD_2PLUS,2,2000,True,0.286561758704,0.270113554623,0.302854613329
development,L0_EXACT,L0_EXACT|8|top|0|HOME|TRAIL_1,1,2000,True,0.321357942785,0.29647794443,0.345309733125
development,L0_EXACT,L0_EXACT|8|top|0|HOME|TRAIL_1,2,2000,True,0.305232584976,0.279597407152,0.33146564017
development,L0_EXACT,L0_EXACT|8|top|0|HOME|TRAIL_2PLUS,1,2000,True,0.336083749046,0.318040041189,0.353737051387
development,L0_EXACT,L0_EXACT|8|top|0|HOME|TRAIL_2PLUS,2,2000,True,0.309214756733,0.291936445477,0.327131454261
development,L0_EXACT,L0_EXACT|8|top|1|AWAY|LEAD_2PLUS,1,2000,True,0.250423910112,0.242396620619,0.25845803113
development,L0_EXACT,L0_EXACT|8|top|1|AWAY|LEAD_2PLUS,2,2000,True,0.259372788387,0.248993920005,0.270087443805
development,L0_EXACT,L0_EXACT|8|top|1|AWAY|TRAIL_2PLUS,1,2000,True,0.2322648517,0.223879726609,0.240353215154
development,L0_EXACT,L0_EXACT|8|top|1|AWAY|TRAIL_2PLUS,2,2000,True,0.208699874498,0.19677038919,0.221036293946
development,L0_EXACT,L0_EXACT|8|top|1|HOME|LEAD_2PLUS,1,2000,True,0.28327633344,0.268433918496,0.298898935789
development,L0_EXACT,L0_EXACT|8|top|1|HOME|LEAD_2PLUS,2,2000,True,0.240800197316,0.22591984059,0.257544645013
development,L0_EXACT,L0_EXACT|8|top|1|HOME|TRAIL_2PLUS,1,2000,True,0.304201668708,0.288489977989,0.320393595617
development,L0_EXACT,L0_EXACT|8|top|1|HOME|TRAIL_2PLUS,2,2000,True,0.27177650944,0.256823224343,0.286923862036
development,L0_EXACT,L0_EXACT|8|top|2|AWAY|LEAD_2PLUS,1,2000,True,0.24086923317,0.233058859304,0.248663371031
development,L0_EXACT,L0_EXACT|8|top|2|AWAY|LEAD_2PLUS,2,2000,True,0.259127278307,0.24675588208,0.270983716657
development,L0_EXACT,L0_EXACT|8|top|2|AWAY|TRAIL_2PLUS,1,2000,True,0.215870231347,0.206272248577,0.225838680724
development,L0_EXACT,L0_EXACT|8|top|2|AWAY|TRAIL_2PLUS,2,2000,True,0.202413319455,0.189225490874,0.21596670906
development,L0_EXACT,L0_EXACT|8|top|2|HOME|LEAD_2PLUS,1,2000,True,0.23799344748,0.226403549639,0.249619239119
development,L0_EXACT,L0_EXACT|8|top|2|HOME|LEAD_2PLUS,2,2000,True,0.198603946789,0.185905692797,0.211967827447
development,L0_EXACT,L0_EXACT|8|top|2|HOME|TRAIL_2PLUS,1,2000,True,0.272877793485,0.259943329985,0.286197060997
development,L0_EXACT,L0_EXACT|8|top|2|HOME|TRAIL_2PLUS,2,2000,True,0.246700346582,0.23445547678,0.259084143041
development,L0_EXACT,L0_EXACT|9|bottom|0|AWAY|LEAD_2PLUS,1,2000,True,0.249619849176,0.229357082167,0.270484853974
development,L0_EXACT,L0_EXACT|9|bottom|0|AWAY|LEAD_2PLUS,2,2000,True,0.168860289861,0.148783601132,0.189648265082
development,L0_EXACT,L0_EXACT|9|bottom|0|HOME|TRAIL_2PLUS,1,2000,True,0.122682492413,0.11004136132,0.1361401386
development,L0_EXACT,L0_EXACT|9|bottom|0|HOME|TRAIL_2PLUS,2,2000,True,0.04051411705,0.0330872823361,0.0486676579021
development,L0_EXACT,L0_EXACT|9|bottom|1|AWAY|LEAD_2PLUS,1,2000,True,0.182262939039,0.167038266164,0.1978625492
development,L0_EXACT,L0_EXACT|9|bottom|1|AWAY|LEAD_2PLUS,2,2000,True,0.103113130037,0.0887691782135,0.118777143217
development,L0_EXACT,L0_EXACT|9|bottom|1|HOME|TRAIL_2PLUS,1,2000,True,0.0713781396233,0.0588977817226,0.0858216037752
development,L0_EXACT,L0_EXACT|9|bottom|1|HOME|TRAIL_2PLUS,2,2000,True,0.0208072241604,0.0146390596403,0.0276096007399
development,L0_EXACT,L0_EXACT|9|bottom|2|AWAY|LEAD_2PLUS,1,2000,True,0.0987502075134,0.0798025867187,0.120234496284
development,L0_EXACT,L0_EXACT|9|bottom|2|AWAY|LEAD_2PLUS,2,2000,True,0.0467857581758,0.0305413792578,0.0654419295996
development,L0_EXACT,L0_EXACT|9|bottom|2|HOME|TRAIL_2PLUS,1,2000,True,0.0315277090766,0.0225243973975,0.0422326232984
development,L0_EXACT,L0_EXACT|9|bottom|2|HOME|TRAIL_2PLUS,2,2000,True,0.0082946203742,0.00389370123947,0.0136201576337
development,L0_EXACT,L0_EXACT|9|top|0|AWAY|LEAD_2PLUS,1,2000,True,0.212975719427,0.203783543133,0.222311179895
development,L0_EXACT,L0_EXACT|9|top|0|AWAY|LEAD_2PLUS,2,2000,True,0.161682046256,0.149575421138,0.173588554018
development,L0_EXACT,L0_EXACT|9|top|0|AWAY|TRAIL_2PLUS,1,2000,True,0.123072476507,0.111878213396,0.135466786907
development,L0_EXACT,L0_EXACT|9|top|0|AWAY|TRAIL_2PLUS,2,2000,True,0.0418558786617,0.0345924192022,0.0496022140206
development,L0_EXACT,L0_EXACT|9|top|0|HOME|LEAD_2PLUS,1,2000,True,0.247711782294,0.232603613485,0.261717844242
development,L0_EXACT,L0_EXACT|9|top|0|HOME|LEAD_2PLUS,2,2000,True,0.161617938805,0.144776690193,0.17717602377
development,L0_EXACT,L0_EXACT|9|top|0|HOME|TRAIL_2PLUS,1,2000,True,0.283366033244,0.265369982858,0.300825427445
development,L0_EXACT,L0_EXACT|9|top|0|HOME|TRAIL_2PLUS,2,2000,True,0.208556769632,0.189283369951,0.22711831878
development,L0_EXACT,L0_EXACT|9|top|1|AWAY|LEAD_2PLUS,1,2000,True,0.207657492001,0.196224737904,0.21975877781
development,L0_EXACT,L0_EXACT|9|top|1|AWAY|LEAD_2PLUS,2,2000,True,0.158961054308,0.145671934238,0.173662517241
development,L0_EXACT,L0_EXACT|9|top|1|AWAY|TRAIL_2PLUS,1,2000,True,0.0848588746654,0.07087889906,0.0994177784897
development,L0_EXACT,L0_EXACT|9|top|1|AWAY|TRAIL_2PLUS,2,2000,True,0.0314913483399,0.0217455647847,0.0414844656701
development,L0_EXACT,L0_EXACT|9|top|1|HOME|LEAD_2PLUS,1,2000,True,0.191522747706,0.172318839836,0.210464732802
development,L0_EXACT,L0_EXACT|9|top|1|HOME|LEAD_2PLUS,2,2000,True,0.112673442835,0.0949176168833,0.131341211865
development,L0_EXACT,L0_EXACT|9|top|1|HOME|TRAIL_2PLUS,1,2000,True,0.251072816818,0.232416946627,0.271939083297
development,L0_EXACT,L0_EXACT|9|top|1|HOME|TRAIL_2PLUS,2,2000,True,0.166067289772,0.14831587683,0.185380898626
development,L0_EXACT,L0_EXACT|9|top|2|AWAY|LEAD_2PLUS,1,2000,True,0.179808998618,0.170161544103,0.189117148443
development,L0_EXACT,L0_EXACT|9|top|2|AWAY|LEAD_2PLUS,2,2000,True,0.142933779753,0.128904223581,0.156878392444
development,L0_EXACT,L0_EXACT|9|top|2|AWAY|TRAIL_2PLUS,1,2000,True,0.0421004476653,0.0275913419835,0.0616374787826
development,L0_EXACT,L0_EXACT|9|top|2|AWAY|TRAIL_2PLUS,2,2000,True,0.0105128813795,0.003237365325,0.0221730904
development,L0_EXACT,L0_EXACT|9|top|2|HOME|LEAD_2PLUS,1,2000,True,0.107964549847,0.0886980723879,0.13200681525
development,L0_EXACT,L0_EXACT|9|top|2|HOME|LEAD_2PLUS,2,2000,True,0.0494158967298,0.0328963541111,0.071703305361
development,L0_EXACT,L0_EXACT|9|top|2|HOME|TRAIL_2PLUS,1,2000,True,0.192686765804,0.17868807483,0.207303249438
development,L0_EXACT,L0_EXACT|9|top|2|HOME|TRAIL_2PLUS,2,2000,True,0.115231507025,0.101018810452,0.130462348737
development,L1_NO_SCORE,L1_NO_SCORE|1|bottom|0|AWAY,1,2000,True,0.345628875687,0.335820580795,0.356009752058
development,L1_NO_SCORE,L1_NO_SCORE|1|bottom|0|AWAY,2,2000,True,0.336727450783,0.327276856861,0.346840994503
development,L1_NO_SCORE,L1_NO_SCORE|1|bottom|0|HOME,1,2000,True,0.277385811071,0.270803484812,0.284364183063
development,L1_NO_SCORE,L1_NO_SCORE|1|bottom|0|HOME,2,2000,True,0.288325888012,0.283083310371,0.293481541726
development,L1_NO_SCORE,L1_NO_SCORE|1|bottom|1|AWAY,1,2000,True,0.313151793238,0.303161942201,0.322957994998
development,L1_NO_SCORE,L1_NO_SCORE|1|bottom|1|AWAY,2,2000,True,0.307278900386,0.298727377081,0.316141360075
development,L1_NO_SCORE,L1_NO_SCORE|1|bottom|1|HOME,1,2000,True,0.256263390053,0.251156291447,0.261678140651
development,L1_NO_SCORE,L1_NO_SCORE|1|bottom|1|HOME,2,2000,True,0.282863013017,0.278239829267,0.287715006019
development,L1_NO_SCORE,L1_NO_SCORE|1|bottom|2|AWAY,1,2000,True,0.270751882483,0.26463269292,0.276714955287
development,L1_NO_SCORE,L1_NO_SCORE|1|bottom|2|AWAY,2,2000,True,0.283149340023,0.278144693154,0.287946052334
development,L1_NO_SCORE,L1_NO_SCORE|1|bottom|2|HOME,1,2000,True,0.243298194084,0.238359286171,0.248773217728
development,L1_NO_SCORE,L1_NO_SCORE|1|bottom|2|HOME,2,2000,True,0.28607033468,0.280884965348,0.291362948224
development,L1_NO_SCORE,L1_NO_SCORE|1|top|0|AWAY,1,2000,True,0.268908781832,0.263194450756,0.274439022305
development,L1_NO_SCORE,L1_NO_SCORE|1|top|0|AWAY,2,2000,True,0.286063444036,0.281238836724,0.29087391464
development,L1_NO_SCORE,L1_NO_SCORE|1|top|0|HOME,1,2000,True,0.336062570213,0.326993920598,0.345920970914
development,L1_NO_SCORE,L1_NO_SCORE|1|top|0|HOME,2,2000,True,0.324158368899,0.315923002384,0.332766238606
development,L1_NO_SCORE,L1_NO_SCORE|1|top|1|AWAY,1,2000,True,0.256687508689,0.251991936474,0.26135401043
development,L1_NO_SCORE,L1_NO_SCORE|1|top|1|AWAY,2,2000,True,0.289614825523,0.284802562517,0.294663222531
development,L1_NO_SCORE,L1_NO_SCORE|1|top|1|HOME,1,2000,True,0.299068214513,0.291559449279,0.306322813092
development,L1_NO_SCORE,L1_NO_SCORE|1|top|1|HOME,2,2000,True,0.29871432009,0.292556759089,0.305266617352
development,L1_NO_SCORE,L1_NO_SCORE|1|top|2|AWAY,1,2000,True,0.246467031786,0.242511558032,0.250493676965
development,L1_NO_SCORE,L1_NO_SCORE|1|top|2|AWAY,2,2000,True,0.295198167774,0.29003496629,0.300289797245
development,L1_NO_SCORE,L1_NO_SCORE|1|top|2|HOME,1,2000,True,0.273535457475,0.267247473098,0.279548292762
development,L1_NO_SCORE,L1_NO_SCORE|1|top|2|HOME,2,2000,True,0.286480580619,0.281216720707,0.291841251253
development,L1_NO_SCORE,L1_NO_SCORE|2|bottom|0|AWAY,1,2000,True,0.326101817794,0.317457120126,0.334235752793
development,L1_NO_SCORE,L1_NO_SCORE|2|bottom|0|AWAY,2,2000,True,0.317151677116,0.309561693374,0.324660917425
development,L1_NO_SCORE,L1_NO_SCORE|2|bottom|0|HOME,1,2000,True,0.266885768309,0.261521216304,0.272439311629
development,L1_NO_SCORE,L1_NO_SCORE|2|bottom|0|HOME,2,2000,True,0.280928293152,0.276467857387,0.285416455389
development,L1_NO_SCORE,L1_NO_SCORE|2|bottom|1|AWAY,1,2000,True,0.303823803324,0.293180241696,0.316355612057
development,L1_NO_SCORE,L1_NO_SCORE|2|bottom|1|AWAY,2,2000,True,0.300169271697,0.29069383073,0.311619847587
development,L1_NO_SCORE,L1_NO_SCORE|2|bottom|1|HOME,1,2000,True,0.250971668194,0.246484441337,0.255831852258
development,L1_NO_SCORE,L1_NO_SCORE|2|bottom|1|HOME,2,2000,True,0.281947833002,0.277246774697,0.286526861826
development,L1_NO_SCORE,L1_NO_SCORE|2|bottom|2|HOME,1,2000,True,0.241510780918,0.237614531007,0.245636031595
development,L1_NO_SCORE,L1_NO_SCORE|2|bottom|2|HOME,2,2000,True,0.285814874306,0.280965121981,0.290791049751
development,L1_NO_SCORE,L1_NO_SCORE|2|top|0|AWAY,1,2000,True,0.269063251916,0.262968514075,0.274758603623
development,L1_NO_SCORE,L1_NO_SCORE|2|top|0|AWAY,2,2000,True,0.28232300683,0.277483557182,0.287141505209
development,L1_NO_SCORE,L1_NO_SCORE|2|top|0|HOME,1,2000,True,0.332098707243,0.323598641532,0.340627247116
development,L1_NO_SCORE,L1_NO_SCORE|2|top|0|HOME,2,2000,True,0.321572467166,0.313634536968,0.329457424284
development,L1_NO_SCORE,L1_NO_SCORE|2|top|1|AWAY,1,2000,True,0.2546620683,0.250110167854,0.259410066624
development,L1_NO_SCORE,L1_NO_SCORE|2|top|1|AWAY,2,2000,True,0.285287150503,0.28018431362,0.290330993095
development,L1_NO_SCORE,L1_NO_SCORE|2|top|1|HOME,1,2000,True,0.301168178117,0.293077210231,0.309115046818
development,L1_NO_SCORE,L1_NO_SCORE|2|top|1|HOME,2,2000,True,0.297157577191,0.291205943645,0.303599508941
development,L1_NO_SCORE,L1_NO_SCORE|2|top|2|AWAY,1,2000,True,0.242928207945,0.238489330597,0.247376049058
development,L1_NO_SCORE,L1_NO_SCORE|2|top|2|AWAY,2,2000,True,0.286014793556,0.28134533393,0.290292729295
development,L1_NO_SCORE,L1_NO_SCORE|2|top|2|HOME,1,2000,True,0.271609952833,0.26480799613,0.278618743519
development,L1_NO_SCORE,L1_NO_SCORE|2|top|2|HOME,2,2000,True,0.28500224553,0.279161709443,0.290936334211
development,L1_NO_SCORE,L1_NO_SCORE|3|bottom|0|AWAY,1,2000,True,0.327809730135,0.318031651664,0.337959407166
development,L1_NO_SCORE,L1_NO_SCORE|3|bottom|0|AWAY,2,2000,True,0.322103520438,0.313376616721,0.331539382283
development,L1_NO_SCORE,L1_NO_SCORE|3|bottom|0|HOME,1,2000,True,0.266093461757,0.260221705862,0.272385159821
development,L1_NO_SCORE,L1_NO_SCORE|3|bottom|0|HOME,2,2000,True,0.283818532685,0.278936188361,0.289015864704
development,L1_NO_SCORE,L1_NO_SCORE|3|bottom|1|AWAY,1,2000,True,0.304303303768,0.29598624656,0.312564874887
development,L1_NO_SCORE,L1_NO_SCORE|3|bottom|1|AWAY,2,2000,True,0.302031299455,0.295035094524,0.309014105358
development,L1_NO_SCORE,L1_NO_SCORE|3|bottom|1|HOME,1,2000,True,0.25446974511,0.249599496789,0.259474163491
development,L1_NO_SCORE,L1_NO_SCORE|3|bottom|1|HOME,2,2000,True,0.285337711906,0.280429376632,0.29034336721
development,L1_NO_SCORE,L1_NO_SCORE|3|bottom|2|HOME,1,2000,True,0.246882653814,0.242565052603,0.251161757699
development,L1_NO_SCORE,L1_NO_SCORE|3|bottom|2|HOME,2,2000,True,0.290884773297,0.28567671446,0.29686136486
development,L1_NO_SCORE,L1_NO_SCORE|3|top|0|AWAY,1,2000,True,0.264075423323,0.258890902836,0.269448698245
development,L1_NO_SCORE,L1_NO_SCORE|3|top|0|AWAY,2,2000,True,0.279701456739,0.275192407155,0.28386343988
development,L1_NO_SCORE,L1_NO_SCORE|3|top|1|AWAY,1,2000,True,0.252036267204,0.247177170466,0.25725461862
development,L1_NO_SCORE,L1_NO_SCORE|3|top|1|AWAY,2,2000,True,0.279746919284,0.275261243162,0.28435314215
development,L1_NO_SCORE,L1_NO_SCORE|3|top|1|HOME,1,2000,True,0.292545783161,0.285571041616,0.29997169249
development,L1_NO_SCORE,L1_NO_SCORE|3|top|1|HOME,2,2000,True,0.291757435963,0.286183897628,0.297627756827
development,L1_NO_SCORE,L1_NO_SCORE|3|top|2|AWAY,1,2000,True,0.239530158432,0.235519882386,0.243783583714
development,L1_NO_SCORE,L1_NO_SCORE|3|top|2|AWAY,2,2000,True,0.287588207683,0.282469506662,0.293111675289
development,L1_NO_SCORE,L1_NO_SCORE|3|top|2|HOME,1,2000,True,0.267060764235,0.261432763821,0.272545817573
development,L1_NO_SCORE,L1_NO_SCORE|3|top|2|HOME,2,2000,True,0.280928631935,0.276169530582,0.285739064858
development,L1_NO_SCORE,L1_NO_SCORE|4|bottom|0|AWAY,1,2000,True,0.32712553054,0.318727728065,0.335622678865
development,L1_NO_SCORE,L1_NO_SCORE|4|bottom|0|AWAY,2,2000,True,0.320189464499,0.312401337025,0.327857345965
development,L1_NO_SCORE,L1_NO_SCORE|4|bottom|0|HOME,1,2000,True,0.263959563043,0.258113529803,0.270663452216
development,L1_NO_SCORE,L1_NO_SCORE|4|bottom|0|HOME,2,2000,True,0.279514829083,0.274268781035,0.285363339595
development,L1_NO_SCORE,L1_NO_SCORE|4|bottom|1|AWAY,1,2000,True,0.295512301864,0.288102471375,0.302407355597
development,L1_NO_SCORE,L1_NO_SCORE|4|bottom|1|AWAY,2,2000,True,0.292623346966,0.286580570774,0.298027684193
development,L1_NO_SCORE,L1_NO_SCORE|4|bottom|1|HOME,1,2000,True,0.251899078196,0.24678144399,0.257137096617
development,L1_NO_SCORE,L1_NO_SCORE|4|bottom|1|HOME,2,2000,True,0.282334956798,0.27723555928,0.28756864472
development,L1_NO_SCORE,L1_NO_SCORE|4|bottom|2|AWAY,1,2000,True,0.267775358522,0.261772778303,0.273890924626
development,L1_NO_SCORE,L1_NO_SCORE|4|bottom|2|AWAY,2,2000,True,0.28256539872,0.277524766564,0.287897143094
development,L1_NO_SCORE,L1_NO_SCORE|4|bottom|2|HOME,1,2000,True,0.242645079823,0.238227993174,0.247242265591
development,L1_NO_SCORE,L1_NO_SCORE|4|bottom|2|HOME,2,2000,True,0.288931839638,0.283820565299,0.294116696824
development,L1_NO_SCORE,L1_NO_SCORE|4|top|0|AWAY,1,2000,True,0.261081467113,0.256429555735,0.266026580904
development,L1_NO_SCORE,L1_NO_SCORE|4|top|0|AWAY,2,2000,True,0.279637804536,0.274911576919,0.284638767842
development,L1_NO_SCORE,L1_NO_SCORE|4|top|0|HOME,1,2000,True,0.332291480111,0.32352720358,0.340489877438
development,L1_NO_SCORE,L1_NO_SCORE|4|top|0|HOME,2,2000,True,0.32165793688,0.313652168999,0.328956553997
development,L1_NO_SCORE,L1_NO_SCORE|4|top|1|AWAY,1,2000,True,0.253270737608,0.246760027183,0.26043434404
development,L1_NO_SCORE,L1_NO_SCORE|4|top|1|AWAY,2,2000,True,0.286124054624,0.280463146515,0.291733650031
development,L1_NO_SCORE,L1_NO_SCORE|4|top|1|HOME,1,2000,True,0.305515692526,0.297539163046,0.313649993163
development,L1_NO_SCORE,L1_NO_SCORE|4|top|1|HOME,2,2000,True,0.301908311247,0.294975878521,0.309267167613
development,L1_NO_SCORE,L1_NO_SCORE|4|top|2|AWAY,1,2000,True,0.241359879032,0.237248563927,0.245516643182
development,L1_NO_SCORE,L1_NO_SCORE|4|top|2|AWAY,2,2000,True,0.283489383936,0.278410632826,0.288854489798
development,L1_NO_SCORE,L1_NO_SCORE|4|top|2|HOME,1,2000,True,0.272154628701,0.265246230454,0.279655062857
development,L1_NO_SCORE,L1_NO_SCORE|4|top|2|HOME,2,2000,True,0.284818329438,0.278683190717,0.29129346057
development,L1_NO_SCORE,L1_NO_SCORE|5|bottom|0|AWAY,1,2000,True,0.330067802385,0.320159471762,0.339856179398
development,L1_NO_SCORE,L1_NO_SCORE|5|bottom|0|AWAY,2,2000,True,0.324385837795,0.315460273439,0.333264286956
development,L1_NO_SCORE,L1_NO_SCORE|5|bottom|0|HOME,1,2000,True,0.267253209438,0.261503978491,0.273699865961
development,L1_NO_SCORE,L1_NO_SCORE|5|bottom|0|HOME,2,2000,True,0.283729398388,0.27886002809,0.289225422538
development,L1_NO_SCORE,L1_NO_SCORE|5|bottom|1|AWAY,1,2000,True,0.304727707623,0.296060748571,0.313731810661
development,L1_NO_SCORE,L1_NO_SCORE|5|bottom|1|AWAY,2,2000,True,0.305264302205,0.298144793347,0.3128613106
development,L1_NO_SCORE,L1_NO_SCORE|5|bottom|1|HOME,1,2000,True,0.25287009007,0.247986682929,0.25775188125
development,L1_NO_SCORE,L1_NO_SCORE|5|bottom|1|HOME,2,2000,True,0.285425898398,0.28058239721,0.290297480482
development,L1_NO_SCORE,L1_NO_SCORE|5|bottom|2|AWAY,1,2000,True,0.274396092595,0.267594402431,0.281482219481
development,L1_NO_SCORE,L1_NO_SCORE|5|bottom|2|AWAY,2,2000,True,0.284403524435,0.279370788934,0.289623773157
development,L1_NO_SCORE,L1_NO_SCORE|5|bottom|2|HOME,1,2000,True,0.247559329104,0.242009155175,0.253784067111
development,L1_NO_SCORE,L1_NO_SCORE|5|bottom|2|HOME,2,2000,True,0.290451401588,0.285127580614,0.295837134997
development,L1_NO_SCORE,L1_NO_SCORE|5|top|0|AWAY,1,2000,True,0.267344392381,0.261368972387,0.273926215455
development,L1_NO_SCORE,L1_NO_SCORE|5|top|0|AWAY,2,2000,True,0.281565191573,0.276805938973,0.286705936435
development,L1_NO_SCORE,L1_NO_SCORE|5|top|0|HOME,1,2000,True,0.326406217915,0.317896577263,0.335183319169
development,L1_NO_SCORE,L1_NO_SCORE|5|top|0|HOME,2,2000,True,0.321509869931,0.313591029023,0.329912004176
development,L1_NO_SCORE,L1_NO_SCORE|5|top|1|AWAY,1,2000,True,0.250696917367,0.245657510808,0.256308313193
development,L1_NO_SCORE,L1_NO_SCORE|5|top|1|AWAY,2,2000,True,0.281738371491,0.277017910029,0.286967972949
development,L1_NO_SCORE,L1_NO_SCORE|5|top|1|HOME,1,2000,True,0.302578124729,0.293571486975,0.312458277882
development,L1_NO_SCORE,L1_NO_SCORE|5|top|1|HOME,2,2000,True,0.301285204103,0.293991885964,0.3091811509
development,L1_NO_SCORE,L1_NO_SCORE|5|top|2|AWAY,1,2000,True,0.241415392287,0.237395299306,0.245447746106
development,L1_NO_SCORE,L1_NO_SCORE|5|top|2|AWAY,2,2000,True,0.284844112633,0.279655902031,0.290053237227
development,L1_NO_SCORE,L1_NO_SCORE|5|top|2|HOME,1,2000,True,0.269884084101,0.263297935105,0.276223429953
development,L1_NO_SCORE,L1_NO_SCORE|5|top|2|HOME,2,2000,True,0.283998923079,0.278697311103,0.289476748041
development,L1_NO_SCORE,L1_NO_SCORE|6|bottom|0|AWAY,1,2000,True,0.332136601235,0.322704478427,0.341352878987
development,L1_NO_SCORE,L1_NO_SCORE|6|bottom|0|AWAY,2,2000,True,0.325821728391,0.317103596231,0.334608640415
development,L1_NO_SCORE,L1_NO_SCORE|6|bottom|0|HOME,1,2000,True,0.2730474135,0.266993482582,0.279259797161
development,L1_NO_SCORE,L1_NO_SCORE|6|bottom|0|HOME,2,2000,True,0.28092285402,0.276389566007,0.285519438648
development,L1_NO_SCORE,L1_NO_SCORE|6|bottom|1|AWAY,1,2000,True,0.319555509604,0.309647295973,0.330562065007
development,L1_NO_SCORE,L1_NO_SCORE|6|bottom|1|AWAY,2,2000,True,0.31255913212,0.303410564504,0.322048910009
development,L1_NO_SCORE,L1_NO_SCORE|6|bottom|1|HOME,1,2000,True,0.254221288384,0.249427732796,0.259181910844
development,L1_NO_SCORE,L1_NO_SCORE|6|bottom|1|HOME,2,2000,True,0.281673824291,0.276614529743,0.287005160058
development,L1_NO_SCORE,L1_NO_SCORE|6|bottom|2|AWAY,1,2000,True,0.274770332173,0.266759787866,0.283051495596
development,L1_NO_SCORE,L1_NO_SCORE|6|bottom|2|AWAY,2,2000,True,0.281842470415,0.275052970619,0.288786366467
development,L1_NO_SCORE,L1_NO_SCORE|6|bottom|2|HOME,1,2000,True,0.245383615333,0.239893885887,0.250631997128
development,L1_NO_SCORE,L1_NO_SCORE|6|bottom|2|HOME,2,2000,True,0.284873921963,0.279073953689,0.290764557488
development,L1_NO_SCORE,L1_NO_SCORE|6|top|0|AWAY,1,2000,True,0.266233275949,0.260907613327,0.271774644688
development,L1_NO_SCORE,L1_NO_SCORE|6|top|0|AWAY,2,2000,True,0.282115698686,0.277383874802,0.286969702939
development,L1_NO_SCORE,L1_NO_SCORE|6|top|0|HOME,1,2000,True,0.32746443125,0.318573091033,0.336935057235
development,L1_NO_SCORE,L1_NO_SCORE|6|top|0|HOME,2,2000,True,0.321808075116,0.313876326761,0.330188109219
development,L1_NO_SCORE,L1_NO_SCORE|6|top|1|AWAY,1,2000,True,0.252855752703,0.248115083267,0.257673730553
development,L1_NO_SCORE,L1_NO_SCORE|6|top|1|AWAY,2,2000,True,0.280057423875,0.275220067156,0.284731861999
development,L1_NO_SCORE,L1_NO_SCORE|6|top|1|HOME,1,2000,True,0.30920654379,0.300957573224,0.317802154951
development,L1_NO_SCORE,L1_NO_SCORE|6|top|1|HOME,2,2000,True,0.307069377134,0.299520174039,0.314881170291
development,L1_NO_SCORE,L1_NO_SCORE|6|top|2|AWAY,1,2000,True,0.245792473433,0.241027820345,0.250930098244
development,L1_NO_SCORE,L1_NO_SCORE|6|top|2|AWAY,2,2000,True,0.289072667255,0.283683649891,0.294690379818
development,L1_NO_SCORE,L1_NO_SCORE|6|top|2|HOME,1,2000,True,0.278209477079,0.271676540356,0.285575271611
development,L1_NO_SCORE,L1_NO_SCORE|6|top|2|HOME,2,2000,True,0.284449722034,0.278724250263,0.290302106059
development,L1_NO_SCORE,L1_NO_SCORE|7|bottom|0|AWAY,1,2000,True,0.330438290751,0.321470714977,0.339838435607
development,L1_NO_SCORE,L1_NO_SCORE|7|bottom|0|AWAY,2,2000,True,0.31319458186,0.304414284356,0.322873009757
development,L1_NO_SCORE,L1_NO_SCORE|7|bottom|0|HOME,1,2000,True,0.260519690799,0.255618778543,0.265571271803
development,L1_NO_SCORE,L1_NO_SCORE|7|bottom|0|HOME,2,2000,True,0.263757348292,0.258685356921,0.268790909268
development,L1_NO_SCORE,L1_NO_SCORE|7|bottom|1|AWAY,1,2000,True,0.301061297028,0.292479793885,0.310445195822
development,L1_NO_SCORE,L1_NO_SCORE|7|bottom|1|AWAY,2,2000,True,0.280851007578,0.273396047297,0.288780629645
development,L1_NO_SCORE,L1_NO_SCORE|7|bottom|1|HOME,1,2000,True,0.247712664441,0.242628916977,0.252308717651
development,L1_NO_SCORE,L1_NO_SCORE|7|bottom|1|HOME,2,2000,True,0.257112073939,0.251155866469,0.262738393259
development,L1_NO_SCORE,L1_NO_SCORE|7|bottom|2|AWAY,1,2000,True,0.267859315135,0.261103970691,0.274487895325
development,L1_NO_SCORE,L1_NO_SCORE|7|bottom|2|AWAY,2,2000,True,0.259906795533,0.253361895551,0.266669220497
development,L1_NO_SCORE,L1_NO_SCORE|7|bottom|2|HOME,1,2000,True,0.237996184876,0.232907032458,0.24324644958
development,L1_NO_SCORE,L1_NO_SCORE|7|bottom|2|HOME,2,2000,True,0.26199036537,0.25540582,0.268494165177
development,L1_NO_SCORE,L1_NO_SCORE|7|top|0|AWAY,1,2000,True,0.264196574306,0.258558720296,0.269487335983
development,L1_NO_SCORE,L1_NO_SCORE|7|top|0|AWAY,2,2000,True,0.274404575038,0.269260941084,0.279344463292
development,L1_NO_SCORE,L1_NO_SCORE|7|top|0|HOME,1,2000,True,0.329423407588,0.320582098983,0.338082287355
development,L1_NO_SCORE,L1_NO_SCORE|7|top|0|HOME,2,2000,True,0.318357467257,0.3098891803,0.326962324908
development,L1_NO_SCORE,L1_NO_SCORE|7|top|1|AWAY,1,2000,True,0.253813088194,0.24835838639,0.259429192611
development,L1_NO_SCORE,L1_NO_SCORE|7|top|1|AWAY,2,2000,True,0.274429001347,0.269230241348,0.280149233503
development,L1_NO_SCORE,L1_NO_SCORE|7|top|1|HOME,1,2000,True,0.306888559374,0.298091640556,0.316210212539
development,L1_NO_SCORE,L1_NO_SCORE|7|top|1|HOME,2,2000,True,0.296177682662,0.28835758482,0.304582472532
development,L1_NO_SCORE,L1_NO_SCORE|7|top|2|AWAY,1,2000,True,0.245971282226,0.240434653346,0.251860404597
development,L1_NO_SCORE,L1_NO_SCORE|7|top|2|AWAY,2,2000,True,0.279064955762,0.273764948728,0.284314603889
development,L1_NO_SCORE,L1_NO_SCORE|7|top|2|HOME,1,2000,True,0.272885949651,0.266163505322,0.280591682125
development,L1_NO_SCORE,L1_NO_SCORE|7|top|2|HOME,2,2000,True,0.274726326549,0.2690834943,0.281007307241
development,L1_NO_SCORE,L1_NO_SCORE|8|bottom|0|AWAY,1,2000,True,0.317443190076,0.308347790065,0.327116109951
development,L1_NO_SCORE,L1_NO_SCORE|8|bottom|0|AWAY,2,2000,True,0.268702750161,0.258445226676,0.279583121151
development,L1_NO_SCORE,L1_NO_SCORE|8|bottom|0|HOME,1,2000,True,0.245340173428,0.23796314112,0.252792806737
development,L1_NO_SCORE,L1_NO_SCORE|8|bottom|0|HOME,2,2000,True,0.203423776657,0.19534366575,0.211053788941
development,L1_NO_SCORE,L1_NO_SCORE|8|bottom|1|AWAY,1,2000,True,0.278771389213,0.26992105581,0.288216835245
development,L1_NO_SCORE,L1_NO_SCORE|8|bottom|1|AWAY,2,2000,True,0.218227873385,0.209635754495,0.227871451288
development,L1_NO_SCORE,L1_NO_SCORE|8|bottom|1|HOME,1,2000,True,0.219085241063,0.211419543353,0.227021640286
development,L1_NO_SCORE,L1_NO_SCORE|8|bottom|1|HOME,2,2000,True,0.184693829278,0.17672087226,0.192762048881
development,L1_NO_SCORE,L1_NO_SCORE|8|bottom|2|AWAY,1,2000,True,0.226885884121,0.219417579295,0.234544428351
development,L1_NO_SCORE,L1_NO_SCORE|8|bottom|2|AWAY,2,2000,True,0.168386993398,0.160514957641,0.176312922311
development,L1_NO_SCORE,L1_NO_SCORE|8|bottom|2|HOME,1,2000,True,0.200806364754,0.193456672018,0.20903611796
development,L1_NO_SCORE,L1_NO_SCORE|8|bottom|2|HOME,2,2000,True,0.173461804881,0.164552487053,0.182090464361
development,L1_NO_SCORE,L1_NO_SCORE|8|top|0|AWAY,1,2000,True,0.25726429391,0.250308600217,0.264316799546
development,L1_NO_SCORE,L1_NO_SCORE|8|top|0|AWAY,2,2000,True,0.241137544936,0.23463640238,0.248156777165
development,L1_NO_SCORE,L1_NO_SCORE|8|top|0|HOME,1,2000,True,0.324676263354,0.315015752205,0.333910695903
development,L1_NO_SCORE,L1_NO_SCORE|8|top|0|HOME,2,2000,True,0.296459378117,0.286964709321,0.305596617524
development,L1_NO_SCORE,L1_NO_SCORE|8|top|1|AWAY,1,2000,True,0.241397074796,0.236351541933,0.246457707051
development,L1_NO_SCORE,L1_NO_SCORE|8|top|1|AWAY,2,2000,True,0.237309987517,0.230692117267,0.244177601852
development,L1_NO_SCORE,L1_NO_SCORE|8|top|1|HOME,1,2000,True,0.295837385415,0.287387505483,0.305027525501
development,L1_NO_SCORE,L1_NO_SCORE|8|top|1|HOME,2,2000,True,0.263314553185,0.254585511383,0.272101637448
development,L1_NO_SCORE,L1_NO_SCORE|8|top|2|AWAY,1,2000,True,0.229578379248,0.224098449129,0.23572919008
development,L1_NO_SCORE,L1_NO_SCORE|8|top|2|AWAY,2,2000,True,0.23560191448,0.228150032848,0.243506453698
development,L1_NO_SCORE,L1_NO_SCORE|8|top|2|HOME,1,2000,True,0.259991112218,0.25242444344,0.267957292376
development,L1_NO_SCORE,L1_NO_SCORE|8|top|2|HOME,2,2000,True,0.230320464375,0.222701110761,0.23815893283
development,L1_NO_SCORE,L1_NO_SCORE|9|bottom|0|AWAY,1,2000,True,0.249895698194,0.233657676507,0.265398280497
development,L1_NO_SCORE,L1_NO_SCORE|9|bottom|0|AWAY,2,2000,True,0.174268167473,0.158213383263,0.189946277867
development,L1_NO_SCORE,L1_NO_SCORE|9|bottom|0|HOME,1,2000,True,0.11872204772,0.10871022933,0.129517738395
development,L1_NO_SCORE,L1_NO_SCORE|9|bottom|0|HOME,2,2000,True,0.0560388755185,0.0490899895935,0.0634863067508
development,L1_NO_SCORE,L1_NO_SCORE|9|bottom|1|AWAY,1,2000,True,0.189246197449,0.175958189622,0.202064444549
development,L1_NO_SCORE,L1_NO_SCORE|9|bottom|1|AWAY,2,2000,True,0.120354297569,0.108404044212,0.131902458339
development,L1_NO_SCORE,L1_NO_SCORE|9|bottom|1|HOME,1,2000,True,0.0725119578706,0.0620856895578,0.083433631158
development,L1_NO_SCORE,L1_NO_SCORE|9|bottom|1|HOME,2,2000,True,0.0482260149291,0.0411147928925,0.0562808684024
development,L1_NO_SCORE,L1_NO_SCORE|9|bottom|2|AWAY,1,2000,True,0.0989671749794,0.0846214427499,0.114745536888
development,L1_NO_SCORE,L1_NO_SCORE|9|bottom|2|AWAY,2,2000,True,0.0758224920444,0.0640408598855,0.0893292889923
development,L1_NO_SCORE,L1_NO_SCORE|9|bottom|2|HOME,1,2000,True,0.030365398989,0.0231450681237,0.0381666400836
development,L1_NO_SCORE,L1_NO_SCORE|9|bottom|2|HOME,2,2000,True,0.0434834827845,0.0349663500808,0.0525839577418
development,L1_NO_SCORE,L1_NO_SCORE|9|top|0|AWAY,1,2000,True,0.170911755521,0.163568597819,0.177812822193
development,L1_NO_SCORE,L1_NO_SCORE|9|top|0|AWAY,2,2000,True,0.108513997854,0.101512935665,0.114970709619
development,L1_NO_SCORE,L1_NO_SCORE|9|top|0|HOME,1,2000,True,0.267826484431,0.257761463083,0.277447787328
development,L1_NO_SCORE,L1_NO_SCORE|9|top|0|HOME,2,2000,True,0.190525626865,0.179912576239,0.200604878125
development,L1_NO_SCORE,L1_NO_SCORE|9|top|1|AWAY,1,2000,True,0.149563600299,0.140977558881,0.158636203255
development,L1_NO_SCORE,L1_NO_SCORE|9|top|1|AWAY,2,2000,True,0.102848020416,0.0940543393364,0.111862645238
development,L1_NO_SCORE,L1_NO_SCORE|9|top|1|HOME,1,2000,True,0.222187900136,0.211275316895,0.234026077107
development,L1_NO_SCORE,L1_NO_SCORE|9|top|1|HOME,2,2000,True,0.147278911924,0.135998138392,0.158614415712
development,L1_NO_SCORE,L1_NO_SCORE|9|top|2|AWAY,1,2000,True,0.117859157448,0.109626280958,0.126511019406
development,L1_NO_SCORE,L1_NO_SCORE|9|top|2|AWAY,2,2000,True,0.0896799409713,0.0813558050753,0.0976946336466
development,L1_NO_SCORE,L1_NO_SCORE|9|top|2|HOME,1,2000,True,0.159420132037,0.149063458773,0.170395158454
development,L1_NO_SCORE,L1_NO_SCORE|9|top|2|HOME,2,2000,True,0.0953516594232,0.0858111146972,0.105590169252
confirmation,L0_EXACT,L0_EXACT|1|bottom|0|AWAY|LEAD_1,1,2000,True,0.304215119739,0.272810079204,0.335164728324
confirmation,L0_EXACT,L0_EXACT|1|bottom|0|AWAY|LEAD_1,2,2000,True,0.322183318875,0.290054072821,0.357082280674
confirmation,L0_EXACT,L0_EXACT|1|bottom|0|AWAY|TIED,1,2000,True,0.329979325351,0.307404769353,0.353069883593
confirmation,L0_EXACT,L0_EXACT|1|bottom|0|AWAY|TIED,2,2000,True,0.331179179508,0.309437724196,0.354147673255
confirmation,L0_EXACT,L0_EXACT|1|bottom|0|HOME|TIED,1,2000,True,0.283483837213,0.264050947986,0.304539193043
confirmation,L0_EXACT,L0_EXACT|1|bottom|0|HOME|TIED,2,2000,True,0.286693672412,0.274457057114,0.300486346007
confirmation,L0_EXACT,L0_EXACT|1|bottom|1|AWAY|LEAD_1,1,2000,True,0.341523192216,0.28299322194,0.397824198707
confirmation,L0_EXACT,L0_EXACT|1|bottom|1|AWAY|LEAD_1,2,2000,True,0.33272893531,0.291109694891,0.37093815759
confirmation,L0_EXACT,L0_EXACT|1|bottom|1|AWAY|LEAD_2PLUS,1,2000,True,0.283785212772,0.248370288277,0.31951917881
confirmation,L0_EXACT,L0_EXACT|1|bottom|1|AWAY|LEAD_2PLUS,2,2000,True,0.301275287631,0.269809302301,0.330548845821
confirmation,L0_EXACT,L0_EXACT|1|bottom|1|AWAY|TIED,1,2000,True,0.2923263155,0.272279152776,0.312219015719
confirmation,L0_EXACT,L0_EXACT|1|bottom|1|AWAY|TIED,2,2000,True,0.295991886199,0.27597229684,0.316354570612
confirmation,L0_EXACT,L0_EXACT|1|bottom|1|HOME|TIED,1,2000,True,0.255234215668,0.236032409264,0.27695543019
confirmation,L0_EXACT,L0_EXACT|1|bottom|1|HOME|TIED,2,2000,True,0.271408311932,0.25740597851,0.286001282023
confirmation,L0_EXACT,L0_EXACT|1|bottom|2|AWAY|LEAD_1,1,2000,True,0.312448063053,0.269609476603,0.352881110044
confirmation,L0_EXACT,L0_EXACT|1|bottom|2|AWAY|LEAD_1,2,2000,True,0.340034560768,0.289388539689,0.388438149218
confirmation,L0_EXACT,L0_EXACT|1|bottom|2|AWAY|TIED,1,2000,True,0.258970397432,0.240149972327,0.279548501223
confirmation,L0_EXACT,L0_EXACT|1|bottom|2|AWAY|TIED,2,2000,True,0.284264012053,0.267203199429,0.301682779795
confirmation,L0_EXACT,L0_EXACT|1|bottom|2|HOME|TIED,1,2000,True,0.229723113343,0.218054363947,0.242495829372
confirmation,L0_EXACT,L0_EXACT|1|bottom|2|HOME|TIED,2,2000,True,0.274980536079,0.26037452133,0.290620074842
confirmation,L0_EXACT,L0_EXACT|1|top|0|AWAY|TIED,1,2000,True,0.259130189497,0.246685143381,0.273162108025
confirmation,L0_EXACT,L0_EXACT|1|top|0|AWAY|TIED,2,2000,True,0.283108529344,0.269138768211,0.298039929295
confirmation,L0_EXACT,L0_EXACT|1|top|0|HOME|TIED,1,2000,True,0.376652533463,0.331589559929,0.42661419261
confirmation,L0_EXACT,L0_EXACT|1|top|0|HOME|TIED,2,2000,True,0.359981375596,0.319473598594,0.406299600817
confirmation,L0_EXACT,L0_EXACT|1|top|1|AWAY|TIED,1,2000,True,0.258670848095,0.243810545151,0.275476323408
confirmation,L0_EXACT,L0_EXACT|1|top|1|AWAY|TIED,2,2000,True,0.292997271968,0.278801848714,0.309070853521
confirmation,L0_EXACT,L0_EXACT|1|top|1|HOME|TIED,1,2000,True,0.295409498518,0.268940089638,0.326757038382
confirmation,L0_EXACT,L0_EXACT|1|top|1|HOME|TIED,2,2000,True,0.305930449806,0.281808103535,0.335281696477
confirmation,L0_EXACT,L0_EXACT|1|top|2|AWAY|TIED,1,2000,True,0.243302336287,0.228391713577,0.258633574119
confirmation,L0_EXACT,L0_EXACT|1|top|2|AWAY|TIED,2,2000,True,0.295853286128,0.280188785048,0.311828788776
confirmation,L0_EXACT,L0_EXACT|1|top|2|HOME|TIED,1,2000,True,0.259656030221,0.243878003779,0.276482065926
confirmation,L0_EXACT,L0_EXACT|1|top|2|HOME|TIED,2,2000,True,0.282698383405,0.269714240412,0.296529489668
confirmation,L0_EXACT,L0_EXACT|1|top|2|HOME|TRAIL_1,1,2000,True,0.259020323458,0.22712002381,0.292530848146
confirmation,L0_EXACT,L0_EXACT|1|top|2|HOME|TRAIL_1,2,2000,True,0.285108272621,0.262150681202,0.308463419251
confirmation,L0_EXACT,L0_EXACT|2|bottom|0|AWAY|LEAD_1,1,2000,True,0.393592416808,0.325130041929,0.448907372994
confirmation,L0_EXACT,L0_EXACT|2|bottom|0|AWAY|LEAD_1,2,2000,True,0.366729109936,0.316291087567,0.404596330579
confirmation,L0_EXACT,L0_EXACT|2|bottom|0|AWAY|LEAD_2PLUS,1,2000,True,0.344136880619,0.290016927042,0.393508919675
confirmation,L0_EXACT,L0_EXACT|2|bottom|0|AWAY|LEAD_2PLUS,2,2000,True,0.303180230242,0.26789181044,0.335830804272
confirmation,L0_EXACT,L0_EXACT|2|bottom|0|AWAY|TIED,1,2000,True,0.343411562785,0.306416350698,0.381152214792
confirmation,L0_EXACT,L0_EXACT|2|bottom|0|AWAY|TIED,2,2000,True,0.320077029831,0.290973161974,0.347472649365
confirmation,L0_EXACT,L0_EXACT|2|bottom|0|HOME|TIED,1,2000,True,0.267898020705,0.244726236689,0.294662144908
confirmation,L0_EXACT,L0_EXACT|2|bottom|0|HOME|TIED,2,2000,True,0.28468739938,0.265545741338,0.305481214432
confirmation,L0_EXACT,L0_EXACT|2|bottom|0|HOME|TRAIL_2PLUS,1,2000,True,0.261196419192,0.233572663065,0.292164152756
confirmation,L0_EXACT,L0_EXACT|2|bottom|0|HOME|TRAIL_2PLUS,2,2000,True,0.258950329206,0.238294149547,0.280621087412
confirmation,L0_EXACT,L0_EXACT|2|bottom|1|AWAY|LEAD_1,1,2000,True,0.293955144208,0.260393330726,0.326861697948
confirmation,L0_EXACT,L0_EXACT|2|bottom|1|AWAY|LEAD_1,2,2000,True,0.286566011328,0.256296629231,0.31993096282
confirmation,L0_EXACT,L0_EXACT|2|bottom|1|AWAY|LEAD_2PLUS,1,2000,True,0.266900980905,0.243538493905,0.290037466465
confirmation,L0_EXACT,L0_EXACT|2|bottom|1|AWAY|LEAD_2PLUS,2,2000,True,0.27156475481,0.248583135847,0.2964553366
confirmation,L0_EXACT,L0_EXACT|2|bottom|1|AWAY|TIED,1,2000,True,0.298539382567,0.266667511721,0.331603913591
confirmation,L0_EXACT,L0_EXACT|2|bottom|1|AWAY|TIED,2,2000,True,0.276685893348,0.257764084198,0.294667776042
confirmation,L0_EXACT,L0_EXACT|2|bottom|1|AWAY|TRAIL_1,1,2000,True,0.288470988323,0.247439238823,0.332147859929
confirmation,L0_EXACT,L0_EXACT|2|bottom|1|AWAY|TRAIL_1,2,2000,True,0.274906578003,0.242339595726,0.314358556411
confirmation,L0_EXACT,L0_EXACT|2|bottom|1|HOME|TIED,1,2000,True,0.252686941868,0.232498006966,0.276733490787
confirmation,L0_EXACT,L0_EXACT|2|bottom|1|HOME|TIED,2,2000,True,0.276987191824,0.259517185228,0.297573887763
confirmation,L0_EXACT,L0_EXACT|2|bottom|2|AWAY|LEAD_1,1,2000,True,0.270988576655,0.226861659631,0.316119035575
confirmation,L0_EXACT,L0_EXACT|2|bottom|2|AWAY|LEAD_1,2,2000,True,0.288153563129,0.243682719652,0.330829166905
confirmation,L0_EXACT,L0_EXACT|2|bottom|2|AWAY|LEAD_2PLUS,1,2000,True,0.261734405372,0.22100940688,0.309422936947
confirmation,L0_EXACT,L0_EXACT|2|bottom|2|AWAY|LEAD_2PLUS,2,2000,True,0.271345115889,0.237990728277,0.306503802857
confirmation,L0_EXACT,L0_EXACT|2|bottom|2|AWAY|TIED,1,2000,True,0.27078942646,0.228756269499,0.323834165131
confirmation,L0_EXACT,L0_EXACT|2|bottom|2|AWAY|TIED,2,2000,True,0.287262278099,0.253751270174,0.32654064102
confirmation,L0_EXACT,L0_EXACT|2|bottom|2|AWAY|TRAIL_1,1,2000,True,0.288961930949,0.242253447544,0.335694289831
confirmation,L0_EXACT,L0_EXACT|2|bottom|2|AWAY|TRAIL_1,2,2000,True,0.294990019249,0.255407885062,0.335185093281
confirmation,L0_EXACT,L0_EXACT|2|bottom|2|AWAY|TRAIL_2PLUS,1,2000,True,0.310450353375,0.258352732675,0.3625172779
confirmation,L0_EXACT,L0_EXACT|2|bottom|2|AWAY|TRAIL_2PLUS,2,2000,True,0.307385045264,0.270739799544,0.343003502289
confirmation,L0_EXACT,L0_EXACT|2|bottom|2|HOME|TIED,1,2000,True,0.240454374261,0.223082222885,0.26328859513
confirmation,L0_EXACT,L0_EXACT|2|bottom|2|HOME|TIED,2,2000,True,0.28764525969,0.260794046124,0.322229343038
confirmation,L0_EXACT,L0_EXACT|2|top|0|AWAY|TIED,1,2000,True,0.263999020441,0.247904434679,0.280559681445
confirmation,L0_EXACT,L0_EXACT|2|top|0|AWAY|TIED,2,2000,True,0.290919266632,0.268899843445,0.314604167947
confirmation,L0_EXACT,L0_EXACT|2|top|0|HOME|TIED,1,2000,True,0.286805407545,0.268050928813,0.305147797814
confirmation,L0_EXACT,L0_EXACT|2|top|0|HOME|TIED,2,2000,True,0.291845524548,0.272860980174,0.311202518543
confirmation,L0_EXACT,L0_EXACT|2|top|0|HOME|TRAIL_1,1,2000,True,0.338989870946,0.269170459264,0.394730507031
confirmation,L0_EXACT,L0_EXACT|2|top|0|HOME|TRAIL_1,2,2000,True,0.337103952568,0.263128203182,0.41063254952
confirmation,L0_EXACT,L0_EXACT|2|top|0|HOME|TRAIL_2PLUS,1,2000,True,0.374887320945,0.296413916931,0.445883996724
confirmation,L0_EXACT,L0_EXACT|2|top|0|HOME|TRAIL_2PLUS,2,2000,True,0.334557871071,0.284108253596,0.381083479841
confirmation,L0_EXACT,L0_EXACT|2|top|1|AWAY|TIED,1,2000,True,0.277123539738,0.256335646039,0.299674584216
confirmation,L0_EXACT,L0_EXACT|2|top|1|AWAY|TIED,2,2000,True,0.301595799706,0.278475255642,0.325190950904
confirmation,L0_EXACT,L0_EXACT|2|top|1|HOME|TIED,1,2000,True,0.313232458985,0.278200761738,0.347379922077
confirmation,L0_EXACT,L0_EXACT|2|top|1|HOME|TIED,2,2000,True,0.312072713497,0.28579293558,0.337771525765
confirmation,L0_EXACT,L0_EXACT|2|top|1|HOME|TRAIL_1,1,2000,True,0.278080791417,0.252974209585,0.300452412122
confirmation,L0_EXACT,L0_EXACT|2|top|1|HOME|TRAIL_1,2,2000,True,0.277946561876,0.253541729318,0.302609523367
confirmation,L0_EXACT,L0_EXACT|2|top|1|HOME|TRAIL_2PLUS,1,2000,True,0.271770901366,0.244306020558,0.301718436457
confirmation,L0_EXACT,L0_EXACT|2|top|1|HOME|TRAIL_2PLUS,2,2000,True,0.267854895966,0.247884950917,0.291178741374
confirmation,L0_EXACT,L0_EXACT|2|top|2|AWAY|TIED,1,2000,True,0.24401525713,0.228386928106,0.262891859278
confirmation,L0_EXACT,L0_EXACT|2|top|2|AWAY|TIED,2,2000,True,0.289576216807,0.266534380489,0.315727462888
confirmation,L0_EXACT,L0_EXACT|2|top|2|HOME|TIED,1,2000,True,0.274657099226,0.251297653384,0.299955605324
confirmation,L0_EXACT,L0_EXACT|2|top|2|HOME|TIED,2,2000,True,0.301416665609,0.273337775049,0.333000751302
confirmation,L0_EXACT,L0_EXACT|2|top|2|HOME|TRAIL_1,1,2000,True,0.296793435068,0.240208646963,0.352134460869
confirmation,L0_EXACT,L0_EXACT|2|top|2|HOME|TRAIL_1,2,2000,True,0.315880529986,0.2763722164,0.357620448249
confirmation,L0_EXACT,L0_EXACT|2|top|2|HOME|TRAIL_2PLUS,1,2000,True,0.248196371362,0.230187052423,0.264114701785
confirmation,L0_EXACT,L0_EXACT|2|top|2|HOME|TRAIL_2PLUS,2,2000,True,0.266387866199,0.249162628353,0.285047569378
confirmation,L0_EXACT,L0_EXACT|3|bottom|0|AWAY|LEAD_1,1,2000,True,0.287034208781,0.246741280251,0.342507845577
confirmation,L0_EXACT,L0_EXACT|3|bottom|0|AWAY|LEAD_1,2,2000,True,0.297694289809,0.252857817112,0.369301570441
confirmation,L0_EXACT,L0_EXACT|3|bottom|0|AWAY|LEAD_2PLUS,1,2000,True,0.329233048171,0.281174738337,0.372440705104
confirmation,L0_EXACT,L0_EXACT|3|bottom|0|AWAY|LEAD_2PLUS,2,2000,True,0.327386797277,0.284289721213,0.369701146453
confirmation,L0_EXACT,L0_EXACT|3|bottom|0|AWAY|TIED,1,2000,True,0.316800934914,0.280357149762,0.353732919498
confirmation,L0_EXACT,L0_EXACT|3|bottom|0|AWAY|TIED,2,2000,True,0.312337269153,0.282116987622,0.347647685727
confirmation,L0_EXACT,L0_EXACT|3|bottom|0|AWAY|TRAIL_2PLUS,1,2000,True,0.34107214804,0.298584709712,0.379413085461
confirmation,L0_EXACT,L0_EXACT|3|bottom|0|AWAY|TRAIL_2PLUS,2,2000,True,0.315702426903,0.283633875843,0.350626800196
confirmation,L0_EXACT,L0_EXACT|3|bottom|0|HOME|TRAIL_2PLUS,1,2000,True,0.287740323345,0.252774016851,0.330796954676
confirmation,L0_EXACT,L0_EXACT|3|bottom|0|HOME|TRAIL_2PLUS,2,2000,True,0.283477126971,0.26478390858,0.302939219392
confirmation,L0_EXACT,L0_EXACT|3|bottom|1|AWAY|LEAD_1,1,2000,True,0.28130555619,0.241764158971,0.326832758864
confirmation,L0_EXACT,L0_EXACT|3|bottom|1|AWAY|LEAD_1,2,2000,True,0.302461958712,0.2655902388,0.341728122536
confirmation,L0_EXACT,L0_EXACT|3|bottom|1|AWAY|LEAD_2PLUS,1,2000,True,0.300183289961,0.253817154715,0.355717499256
confirmation,L0_EXACT,L0_EXACT|3|bottom|1|AWAY|LEAD_2PLUS,2,2000,True,0.290644985955,0.263155073045,0.323012333421
confirmation,L0_EXACT,L0_EXACT|3|bottom|1|AWAY|TIED,1,2000,True,0.337550170713,0.265059341629,0.436294402582
confirmation,L0_EXACT,L0_EXACT|3|bottom|1|AWAY|TIED,2,2000,True,0.328178503941,0.27586943338,0.399911129008
confirmation,L0_EXACT,L0_EXACT|3|bottom|1|AWAY|TRAIL_2PLUS,1,2000,True,0.351501996064,0.279863582892,0.424155575337
confirmation,L0_EXACT,L0_EXACT|3|bottom|1|AWAY|TRAIL_2PLUS,2,2000,True,0.332031017734,0.269019723663,0.403636984502
confirmation,L0_EXACT,L0_EXACT|3|bottom|2|AWAY|LEAD_1,1,2000,True,0.257373606254,0.225766639455,0.291668667141
confirmation,L0_EXACT,L0_EXACT|3|bottom|2|AWAY|LEAD_1,2,2000,True,0.270943497896,0.246673248606,0.294719017176
confirmation,L0_EXACT,L0_EXACT|3|bottom|2|AWAY|LEAD_2PLUS,1,2000,True,0.251686383038,0.219868633148,0.291738782268
confirmation,L0_EXACT,L0_EXACT|3|bottom|2|AWAY|LEAD_2PLUS,2,2000,True,0.268863821622,0.24150092054,0.302780749154
confirmation,L0_EXACT,L0_EXACT|3|bottom|2|AWAY|TIED,1,2000,True,0.257793484563,0.232337235279,0.287119723153
confirmation,L0_EXACT,L0_EXACT|3|bottom|2|AWAY|TIED,2,2000,True,0.275213307096,0.248824731589,0.302835012109
confirmation,L0_EXACT,L0_EXACT|3|bottom|2|AWAY|TRAIL_1,1,2000,True,0.244871181789,0.22086829389,0.267798448505
confirmation,L0_EXACT,L0_EXACT|3|bottom|2|AWAY|TRAIL_1,2,2000,True,0.26935711634,0.248349695184,0.290270223069
confirmation,L0_EXACT,L0_EXACT|3|bottom|2|AWAY|TRAIL_2PLUS,1,2000,True,0.291185159875,0.245316663262,0.340481180855
confirmation,L0_EXACT,L0_EXACT|3|bottom|2|AWAY|TRAIL_2PLUS,2,2000,True,0.279811002975,0.247286050027,0.315252423873
confirmation,L0_EXACT,L0_EXACT|3|top|0|AWAY|TIED,1,2000,True,0.258333453324,0.23331614612,0.287311702241
confirmation,L0_EXACT,L0_EXACT|3|top|0|AWAY|TIED,2,2000,True,0.266186992128,0.249139668403,0.286017951022
confirmation,L0_EXACT,L0_EXACT|3|top|0|AWAY|TRAIL_2PLUS,1,2000,True,0.290812559824,0.249038825085,0.332948105584
confirmation,L0_EXACT,L0_EXACT|3|top|0|AWAY|TRAIL_2PLUS,2,2000,True,0.302206711629,0.267060454751,0.34476175033
confirmation,L0_EXACT,L0_EXACT|3|top|0|HOME|LEAD_1,1,2000,True,0.302066589795,0.269745210065,0.327949114645
confirmation,L0_EXACT,L0_EXACT|3|top|0|HOME|LEAD_1,2,2000,True,0.31545669167,0.275151428296,0.359381792963
confirmation,L0_EXACT,L0_EXACT|3|top|0|HOME|LEAD_2PLUS,1,2000,True,0.302517329221,0.26820362611,0.337474073736
confirmation,L0_EXACT,L0_EXACT|3|top|0|HOME|LEAD_2PLUS,2,2000,True,0.309867915848,0.276304805453,0.345894831315
confirmation,L0_EXACT,L0_EXACT|3|top|0|HOME|TIED,1,2000,True,0.31985928466,0.288565462946,0.347932570809
confirmation,L0_EXACT,L0_EXACT|3|top|0|HOME|TIED,2,2000,True,0.314931589042,0.28881410081,0.342609416136
confirmation,L0_EXACT,L0_EXACT|3|top|0|HOME|TRAIL_1,1,2000,True,0.34542144714,0.300082271542,0.38498535806
confirmation,L0_EXACT,L0_EXACT|3|top|0|HOME|TRAIL_1,2,2000,True,0.336404245958,0.293721856994,0.380599008965
confirmation,L0_EXACT,L0_EXACT|3|top|0|HOME|TRAIL_2PLUS,1,2000,True,0.289078877554,0.256190301142,0.318044493659
confirmation,L0_EXACT,L0_EXACT|3|top|0|HOME|TRAIL_2PLUS,2,2000,True,0.29365306361,0.259641269887,0.326876198969
confirmation,L0_EXACT,L0_EXACT|3|top|1|AWAY|LEAD_2PLUS,1,2000,True,0.233054591926,0.216880305276,0.248658835323
confirmation,L0_EXACT,L0_EXACT|3|top|1|AWAY|LEAD_2PLUS,2,2000,True,0.277188696333,0.25178931459,0.30702212975
confirmation,L0_EXACT,L0_EXACT|3|top|1|AWAY|TIED,1,2000,True,0.245378271506,0.226110106493,0.268656149942
confirmation,L0_EXACT,L0_EXACT|3|top|1|AWAY|TIED,2,2000,True,0.2775339993,0.257319596718,0.301719220788
confirmation,L0_EXACT,L0_EXACT|3|top|1|HOME|LEAD_2PLUS,1,2000,True,0.281170864652,0.250502368261,0.308051594108
confirmation,L0_EXACT,L0_EXACT|3|top|1|HOME|LEAD_2PLUS,2,2000,True,0.287782020962,0.262678988451,0.310589630731
confirmation,L0_EXACT,L0_EXACT|3|top|1|HOME|TIED,1,2000,True,0.284235372285,0.26416228639,0.303550770468
confirmation,L0_EXACT,L0_EXACT|3|top|1|HOME|TIED,2,2000,True,0.306271879688,0.283050617816,0.332696174041
confirmation,L0_EXACT,L0_EXACT|3|top|1|HOME|TRAIL_1,1,2000,True,0.3235717038,0.270759801418,0.369643671271
confirmation,L0_EXACT,L0_EXACT|3|top|1|HOME|TRAIL_1,2,2000,True,0.318219408232,0.28337259409,0.346189974572
confirmation,L0_EXACT,L0_EXACT|3|top|1|HOME|TRAIL_2PLUS,1,2000,True,0.300338388966,0.265252863774,0.341418537626
confirmation,L0_EXACT,L0_EXACT|3|top|1|HOME|TRAIL_2PLUS,2,2000,True,0.292315596637,0.269039123225,0.318755033207
confirmation,L0_EXACT,L0_EXACT|3|top|2|HOME|LEAD_2PLUS,1,2000,True,0.257775062921,0.23105758524,0.283661938873
confirmation,L0_EXACT,L0_EXACT|3|top|2|HOME|LEAD_2PLUS,2,2000,True,0.276582658193,0.253793647367,0.298965790292
confirmation,L0_EXACT,L0_EXACT|3|top|2|HOME|TIED,1,2000,True,0.285540395737,0.255939655198,0.316754854804
confirmation,L0_EXACT,L0_EXACT|3|top|2|HOME|TIED,2,2000,True,0.312860139647,0.282174703346,0.343646764556
confirmation,L0_EXACT,L0_EXACT|3|top|2|HOME|TRAIL_1,1,2000,True,0.257914596565,0.237035625291,0.279254959794
confirmation,L0_EXACT,L0_EXACT|3|top|2|HOME|TRAIL_1,2,2000,True,0.275521096066,0.248516593331,0.30775941027
confirmation,L0_EXACT,L0_EXACT|3|top|2|HOME|TRAIL_2PLUS,1,2000,True,0.271114213589,0.238274446254,0.300254502374
confirmation,L0_EXACT,L0_EXACT|3|top|2|HOME|TRAIL_2PLUS,2,2000,True,0.291156467314,0.263648223771,0.316615401791
confirmation,L0_EXACT,L0_EXACT|4|bottom|0|AWAY|LEAD_1,1,2000,True,0.349639316243,0.298997825797,0.397487450376
confirmation,L0_EXACT,L0_EXACT|4|bottom|0|AWAY|LEAD_1,2,2000,True,0.327597168455,0.292059788927,0.361111393043
confirmation,L0_EXACT,L0_EXACT|4|bottom|0|AWAY|LEAD_2PLUS,1,2000,True,0.299384676461,0.268742026357,0.332419199394
confirmation,L0_EXACT,L0_EXACT|4|bottom|0|AWAY|LEAD_2PLUS,2,2000,True,0.305737338659,0.278436999257,0.333273598943
confirmation,L0_EXACT,L0_EXACT|4|bottom|0|AWAY|TIED,1,2000,True,0.333716649593,0.285505803559,0.370954207132
confirmation,L0_EXACT,L0_EXACT|4|bottom|0|AWAY|TIED,2,2000,True,0.308072822572,0.265443093065,0.352797795876
confirmation,L0_EXACT,L0_EXACT|4|bottom|0|AWAY|TRAIL_2PLUS,1,2000,True,0.344315138916,0.264338694785,0.440963627323
confirmation,L0_EXACT,L0_EXACT|4|bottom|0|AWAY|TRAIL_2PLUS,2,2000,True,0.331996928981,0.266030088842,0.420456451356
confirmation,L0_EXACT,L0_EXACT|4|bottom|0|HOME|LEAD_2PLUS,1,2000,True,0.254460254414,0.231520997788,0.276503473292
confirmation,L0_EXACT,L0_EXACT|4|bottom|0|HOME|LEAD_2PLUS,2,2000,True,0.287432326762,0.259302212884,0.318806522179
confirmation,L0_EXACT,L0_EXACT|4|bottom|0|HOME|TRAIL_2PLUS,1,2000,True,0.276912025387,0.247974385511,0.306808612556
confirmation,L0_EXACT,L0_EXACT|4|bottom|0|HOME|TRAIL_2PLUS,2,2000,True,0.289975592745,0.268819976926,0.31539697861
confirmation,L0_EXACT,L0_EXACT|4|bottom|1|AWAY|LEAD_1,1,2000,True,0.288087478033,0.23749615058,0.334241602348
confirmation,L0_EXACT,L0_EXACT|4|bottom|1|AWAY|LEAD_1,2,2000,True,0.28504959264,0.248706187772,0.318703244653
confirmation,L0_EXACT,L0_EXACT|4|bottom|1|AWAY|LEAD_2PLUS,1,2000,True,0.29178961431,0.25734368142,0.327280324486
confirmation,L0_EXACT,L0_EXACT|4|bottom|1|AWAY|LEAD_2PLUS,2,2000,True,0.289349264541,0.261643891443,0.318965305095
confirmation,L0_EXACT,L0_EXACT|4|bottom|1|AWAY|TIED,1,2000,True,0.263451995532,0.240760556831,0.286016804596
confirmation,L0_EXACT,L0_EXACT|4|bottom|1|AWAY|TIED,2,2000,True,0.27498766846,0.2558744719,0.294978370188
confirmation,L0_EXACT,L0_EXACT|4|bottom|1|AWAY|TRAIL_2PLUS,1,2000,True,0.277536777113,0.245871589515,0.306438976708
confirmation,L0_EXACT,L0_EXACT|4|bottom|1|AWAY|TRAIL_2PLUS,2,2000,True,0.284145541581,0.255816307372,0.309963251032
confirmation,L0_EXACT,L0_EXACT|4|bottom|1|HOME|TRAIL_2PLUS,1,2000,True,0.256689420995,0.235859291117,0.280239177221
confirmation,L0_EXACT,L0_EXACT|4|bottom|1|HOME|TRAIL_2PLUS,2,2000,True,0.293257280194,0.266442891684,0.325707478492
confirmation,L0_EXACT,L0_EXACT|4|bottom|2|AWAY|LEAD_1,1,2000,True,0.30321459608,0.252437043116,0.352698543902
confirmation,L0_EXACT,L0_EXACT|4|bottom|2|AWAY|LEAD_1,2,2000,True,0.305656009143,0.260025495627,0.348733996481
confirmation,L0_EXACT,L0_EXACT|4|bottom|2|AWAY|LEAD_2PLUS,1,2000,True,0.239202063108,0.221187936074,0.26038500415
confirmation,L0_EXACT,L0_EXACT|4|bottom|2|AWAY|LEAD_2PLUS,2,2000,True,0.271788065886,0.251374684862,0.298191740682
confirmation,L0_EXACT,L0_EXACT|4|bottom|2|AWAY|TIED,1,2000,True,0.262273133924,0.239527678932,0.288377903319
confirmation,L0_EXACT,L0_EXACT|4|bottom|2|AWAY|TIED,2,2000,True,0.275449294707,0.250871712847,0.302044362356
confirmation,L0_EXACT,L0_EXACT|4|bottom|2|AWAY|TRAIL_2PLUS,1,2000,True,0.306609677505,0.264702086174,0.346231041696
confirmation,L0_EXACT,L0_EXACT|4|bottom|2|AWAY|TRAIL_2PLUS,2,2000,True,0.312408799993,0.278342958443,0.348040867909
confirmation,L0_EXACT,L0_EXACT|4|bottom|2|HOME|LEAD_2PLUS,1,2000,True,0.246475804387,0.225978555127,0.269064749948
confirmation,L0_EXACT,L0_EXACT|4|bottom|2|HOME|LEAD_2PLUS,2,2000,True,0.312817968809,0.27192614812,0.359270303587
confirmation,L0_EXACT,L0_EXACT|4|top|0|AWAY|LEAD_2PLUS,1,2000,True,0.255202362645,0.228263270244,0.286058974847
confirmation,L0_EXACT,L0_EXACT|4|top|0|AWAY|LEAD_2PLUS,2,2000,True,0.27903352437,0.254920930116,0.30435079707
confirmation,L0_EXACT,L0_EXACT|4|top|0|AWAY|TRAIL_2PLUS,1,2000,True,0.24957285454,0.228949433142,0.274882175202
confirmation,L0_EXACT,L0_EXACT|4|top|0|AWAY|TRAIL_2PLUS,2,2000,True,0.270529866547,0.252052699683,0.290691643125
confirmation,L0_EXACT,L0_EXACT|4|top|0|HOME|LEAD_2PLUS,1,2000,True,0.302360458888,0.262275892021,0.350576045208
confirmation,L0_EXACT,L0_EXACT|4|top|0|HOME|LEAD_2PLUS,2,2000,True,0.310244037608,0.278508192385,0.344988663793
confirmation,L0_EXACT,L0_EXACT|4|top|0|HOME|TIED,1,2000,True,0.297004372552,0.27406373618,0.319885324939
confirmation,L0_EXACT,L0_EXACT|4|top|0|HOME|TIED,2,2000,True,0.304653420832,0.276645168609,0.331806296849
confirmation,L0_EXACT,L0_EXACT|4|top|0|HOME|TRAIL_1,1,2000,True,0.297678395162,0.257279153395,0.338657346986
confirmation,L0_EXACT,L0_EXACT|4|top|0|HOME|TRAIL_1,2,2000,True,0.30131412322,0.267914928877,0.335555000302
confirmation,L0_EXACT,L0_EXACT|4|top|0|HOME|TRAIL_2PLUS,1,2000,True,0.364085662062,0.301498389503,0.430966163706
confirmation,L0_EXACT,L0_EXACT|4|top|0|HOME|TRAIL_2PLUS,2,2000,True,0.345365035667,0.294612936912,0.398625399354
confirmation,L0_EXACT,L0_EXACT|4|top|1|HOME|LEAD_2PLUS,1,2000,True,0.280881382055,0.249362279957,0.315820167851
confirmation,L0_EXACT,L0_EXACT|4|top|1|HOME|LEAD_2PLUS,2,2000,True,0.293715627263,0.265844475022,0.323224088107
confirmation,L0_EXACT,L0_EXACT|4|top|1|HOME|TIED,1,2000,True,0.325636850188,0.273394216075,0.371800060644
confirmation,L0_EXACT,L0_EXACT|4|top|1|HOME|TIED,2,2000,True,0.316560026779,0.272538525159,0.354662778425
confirmation,L0_EXACT,L0_EXACT|4|top|1|HOME|TRAIL_1,1,2000,True,0.322968196442,0.267214759146,0.380926533096
confirmation,L0_EXACT,L0_EXACT|4|top|1|HOME|TRAIL_1,2,2000,True,0.320707816777,0.282655722814,0.359973408473
confirmation,L0_EXACT,L0_EXACT|4|top|1|HOME|TRAIL_2PLUS,1,2000,True,0.298116854914,0.262042985567,0.335198602503
confirmation,L0_EXACT,L0_EXACT|4|top|1|HOME|TRAIL_2PLUS,2,2000,True,0.292875210713,0.267520413224,0.318747611755
confirmation,L0_EXACT,L0_EXACT|4|top|2|AWAY|LEAD_2PLUS,1,2000,True,0.261179805336,0.239377844289,0.283518139067
confirmation,L0_EXACT,L0_EXACT|4|top|2|AWAY|LEAD_2PLUS,2,2000,True,0.293327940194,0.269963022984,0.316561925258
confirmation,L0_EXACT,L0_EXACT|4|top|2|HOME|LEAD_2PLUS,1,2000,True,0.326144980972,0.261369568676,0.389210956336
confirmation,L0_EXACT,L0_EXACT|4|top|2|HOME|LEAD_2PLUS,2,2000,True,0.327048362659,0.270660183369,0.386614748253
confirmation,L0_EXACT,L0_EXACT|4|top|2|HOME|TIED,1,2000,True,0.248720972351,0.227457724867,0.274567591709
confirmation,L0_EXACT,L0_EXACT|4|top|2|HOME|TIED,2,2000,True,0.271333139825,0.244172410834,0.304212679054
confirmation,L0_EXACT,L0_EXACT|4|top|2|HOME|TRAIL_1,1,2000,True,0.286248422398,0.253397771527,0.321636379906
confirmation,L0_EXACT,L0_EXACT|4|top|2|HOME|TRAIL_1,2,2000,True,0.304499143137,0.259635437153,0.353238217606
confirmation,L0_EXACT,L0_EXACT|4|top|2|HOME|TRAIL_2PLUS,1,2000,True,0.248535119242,0.229476765493,0.269689426199
confirmation,L0_EXACT,L0_EXACT|4|top|2|HOME|TRAIL_2PLUS,2,2000,True,0.270603492524,0.253323469823,0.289854247903
confirmation,L0_EXACT,L0_EXACT|5|bottom|0|AWAY|LEAD_1,1,2000,True,0.282416920076,0.250791192213,0.315833832722
confirmation,L0_EXACT,L0_EXACT|5|bottom|0|AWAY|LEAD_1,2,2000,True,0.275372448554,0.252887541919,0.300526043474
confirmation,L0_EXACT,L0_EXACT|5|bottom|0|AWAY|LEAD_2PLUS,1,2000,True,0.331771918655,0.28939515933,0.373233105742
confirmation,L0_EXACT,L0_EXACT|5|bottom|0|AWAY|LEAD_2PLUS,2,2000,True,0.317978698454,0.284494786737,0.353544558314
confirmation,L0_EXACT,L0_EXACT|5|bottom|0|AWAY|TIED,1,2000,True,0.319871303036,0.27656826288,0.35534804706
confirmation,L0_EXACT,L0_EXACT|5|bottom|0|AWAY|TIED,2,2000,True,0.314365689238,0.281078790924,0.345567133236
confirmation,L0_EXACT,L0_EXACT|5|bottom|0|AWAY|TRAIL_2PLUS,1,2000,True,0.304986519001,0.264898688277,0.34461350232
confirmation,L0_EXACT,L0_EXACT|5|bottom|0|AWAY|TRAIL_2PLUS,2,2000,True,0.313617197629,0.265243640427,0.367653904781
confirmation,L0_EXACT,L0_EXACT|5|bottom|0|HOME|TRAIL_2PLUS,1,2000,True,0.280575761061,0.250728191904,0.309650535706
confirmation,L0_EXACT,L0_EXACT|5|bottom|0|HOME|TRAIL_2PLUS,2,2000,True,0.292120829073,0.262165606328,0.326105977961
confirmation,L0_EXACT,L0_EXACT|5|bottom|1|AWAY|LEAD_1,1,2000,True,0.285280662377,0.240338148251,0.35246369847
confirmation,L0_EXACT,L0_EXACT|5|bottom|1|AWAY|LEAD_1,2,2000,True,0.282517207022,0.250948536048,0.32705508797
confirmation,L0_EXACT,L0_EXACT|5|bottom|1|AWAY|LEAD_2PLUS,1,2000,True,0.294371086752,0.265311574057,0.325976605544
confirmation,L0_EXACT,L0_EXACT|5|bottom|1|AWAY|LEAD_2PLUS,2,2000,True,0.298346929879,0.263240120859,0.343534646345
confirmation,L0_EXACT,L0_EXACT|5|bottom|1|AWAY|TIED,1,2000,True,0.320584379182,0.269095976237,0.366266804586
confirmation,L0_EXACT,L0_EXACT|5|bottom|1|AWAY|TIED,2,2000,True,0.340329711781,0.281837671233,0.413045953111
confirmation,L0_EXACT,L0_EXACT|5|bottom|1|AWAY|TRAIL_2PLUS,1,2000,True,0.315649386052,0.256740256979,0.384575544326
confirmation,L0_EXACT,L0_EXACT|5|bottom|1|AWAY|TRAIL_2PLUS,2,2000,True,0.303178124093,0.26014596482,0.349335248759
confirmation,L0_EXACT,L0_EXACT|5|bottom|1|HOME|LEAD_2PLUS,1,2000,True,0.331007703163,0.254106427613,0.422303114771
confirmation,L0_EXACT,L0_EXACT|5|bottom|1|HOME|LEAD_2PLUS,2,2000,True,0.314432210174,0.263132142755,0.368806996658
confirmation,L0_EXACT,L0_EXACT|5|bottom|1|HOME|TRAIL_2PLUS,1,2000,True,0.306762059544,0.250788639167,0.374899443149
confirmation,L0_EXACT,L0_EXACT|5|bottom|1|HOME|TRAIL_2PLUS,2,2000,True,0.325874527497,0.277165969082,0.382684735137
confirmation,L0_EXACT,L0_EXACT|5|bottom|2|AWAY|LEAD_2PLUS,1,2000,True,0.272322374782,0.234786360273,0.319527721382
confirmation,L0_EXACT,L0_EXACT|5|bottom|2|AWAY|LEAD_2PLUS,2,2000,True,0.281168669335,0.257250004427,0.306415511951
confirmation,L0_EXACT,L0_EXACT|5|bottom|2|AWAY|TIED,1,2000,True,0.288239542784,0.25220725302,0.325217859203
confirmation,L0_EXACT,L0_EXACT|5|bottom|2|AWAY|TIED,2,2000,True,0.294961582905,0.272374812375,0.318241958448
confirmation,L0_EXACT,L0_EXACT|5|bottom|2|AWAY|TRAIL_2PLUS,1,2000,True,0.281565725456,0.241406574645,0.31751598508
confirmation,L0_EXACT,L0_EXACT|5|bottom|2|AWAY|TRAIL_2PLUS,2,2000,True,0.298661239198,0.262788599871,0.330513299488
confirmation,L0_EXACT,L0_EXACT|5|bottom|2|HOME|LEAD_2PLUS,1,2000,True,0.256365111414,0.225583011695,0.30009418451
confirmation,L0_EXACT,L0_EXACT|5|bottom|2|HOME|LEAD_2PLUS,2,2000,True,0.293918162841,0.255127376662,0.34858694605
confirmation,L0_EXACT,L0_EXACT|5|bottom|2|HOME|TRAIL_2PLUS,1,2000,True,0.258586475183,0.221993618867,0.30441519276
confirmation,L0_EXACT,L0_EXACT|5|bottom|2|HOME|TRAIL_2PLUS,2,2000,True,0.308586674936,0.264169225806,0.368104634873
confirmation,L0_EXACT,L0_EXACT|5|top|0|AWAY|LEAD_2PLUS,1,2000,True,0.28366031379,0.248236554365,0.327583841713
confirmation,L0_EXACT,L0_EXACT|5|top|0|AWAY|LEAD_2PLUS,2,2000,True,0.316346790008,0.27547565574,0.37316472355
confirmation,L0_EXACT,L0_EXACT|5|top|0|AWAY|TRAIL_2PLUS,1,2000,True,0.304680525415,0.252554374501,0.357807099966
confirmation,L0_EXACT,L0_EXACT|5|top|0|AWAY|TRAIL_2PLUS,2,2000,True,0.326180887322,0.276107558612,0.377456225454
confirmation,L0_EXACT,L0_EXACT|5|top|0|HOME|LEAD_2PLUS,1,2000,True,0.422619304607,0.328206873567,0.5084525285
confirmation,L0_EXACT,L0_EXACT|5|top|0|HOME|LEAD_2PLUS,2,2000,True,0.419122458854,0.340656953173,0.493192218243
confirmation,L0_EXACT,L0_EXACT|5|top|0|HOME|TIED,1,2000,True,0.373350038049,0.30439333352,0.435868464756
confirmation,L0_EXACT,L0_EXACT|5|top|0|HOME|TIED,2,2000,True,0.348338915175,0.293633439142,0.405630814173
confirmation,L0_EXACT,L0_EXACT|5|top|0|HOME|TRAIL_1,1,2000,True,0.339516433987,0.29006314031,0.396476581139
confirmation,L0_EXACT,L0_EXACT|5|top|0|HOME|TRAIL_1,2,2000,True,0.324126785076,0.290352845037,0.359708095635
confirmation,L0_EXACT,L0_EXACT|5|top|0|HOME|TRAIL_2PLUS,1,2000,True,0.332369507232,0.288241273952,0.378552703353
confirmation,L0_EXACT,L0_EXACT|5|top|0|HOME|TRAIL_2PLUS,2,2000,True,0.321158922511,0.280833694793,0.367610912897
confirmation,L0_EXACT,L0_EXACT|5|top|1|AWAY|LEAD_2PLUS,1,2000,True,0.278160805178,0.244997946192,0.311561811446
confirmation,L0_EXACT,L0_EXACT|5|top|1|AWAY|LEAD_2PLUS,2,2000,True,0.2952969402,0.27478240952,0.315755955853
confirmation,L0_EXACT,L0_EXACT|5|top|1|AWAY|TRAIL_2PLUS,1,2000,True,0.283730628604,0.236319252444,0.335457684667
confirmation,L0_EXACT,L0_EXACT|5|top|1|AWAY|TRAIL_2PLUS,2,2000,True,0.283789915469,0.255436995945,0.315409615882
confirmation,L0_EXACT,L0_EXACT|5|top|1|HOME|LEAD_2PLUS,1,2000,True,0.31920373729,0.280539688656,0.358580598214
confirmation,L0_EXACT,L0_EXACT|5|top|1|HOME|LEAD_2PLUS,2,2000,True,0.309669362351,0.277209321918,0.346455472544
confirmation,L0_EXACT,L0_EXACT|5|top|1|HOME|TIED,1,2000,True,0.302831906046,0.263580413337,0.335140834917
confirmation,L0_EXACT,L0_EXACT|5|top|1|HOME|TIED,2,2000,True,0.316795449788,0.285345612143,0.345273728196
confirmation,L0_EXACT,L0_EXACT|5|top|1|HOME|TRAIL_1,1,2000,True,0.330286801296,0.257507643904,0.405486294233
confirmation,L0_EXACT,L0_EXACT|5|top|1|HOME|TRAIL_1,2,2000,True,0.319898878052,0.271284883961,0.372067189607
confirmation,L0_EXACT,L0_EXACT|5|top|1|HOME|TRAIL_2PLUS,1,2000,True,0.307268524025,0.268987788325,0.344908736882
confirmation,L0_EXACT,L0_EXACT|5|top|1|HOME|TRAIL_2PLUS,2,2000,True,0.312924184112,0.270285329764,0.362204295329
confirmation,L0_EXACT,L0_EXACT|5|top|2|AWAY|LEAD_2PLUS,1,2000,True,0.261253345581,0.238211805315,0.288009648661
confirmation,L0_EXACT,L0_EXACT|5|top|2|AWAY|LEAD_2PLUS,2,2000,True,0.301510851768,0.276233367229,0.330440081045
confirmation,L0_EXACT,L0_EXACT|5|top|2|HOME|LEAD_2PLUS,1,2000,True,0.280822982691,0.246596538615,0.31755903878
confirmation,L0_EXACT,L0_EXACT|5|top|2|HOME|LEAD_2PLUS,2,2000,True,0.28716872537,0.261461590774,0.314879736209
confirmation,L0_EXACT,L0_EXACT|5|top|2|HOME|TIED,1,2000,True,0.300247385893,0.252653640445,0.341993526242
confirmation,L0_EXACT,L0_EXACT|5|top|2|HOME|TIED,2,2000,True,0.29953088229,0.263431983261,0.330905285327
confirmation,L0_EXACT,L0_EXACT|5|top|2|HOME|TRAIL_1,1,2000,True,0.284092989156,0.245680430227,0.324177786997
confirmation,L0_EXACT,L0_EXACT|5|top|2|HOME|TRAIL_1,2,2000,True,0.281679409096,0.254162469908,0.308666123235
confirmation,L0_EXACT,L0_EXACT|5|top|2|HOME|TRAIL_2PLUS,1,2000,True,0.296909621138,0.25652251808,0.339918263448
confirmation,L0_EXACT,L0_EXACT|5|top|2|HOME|TRAIL_2PLUS,2,2000,True,0.301721361527,0.268575668032,0.336349111405
confirmation,L0_EXACT,L0_EXACT|6|bottom|0|AWAY|LEAD_1,1,2000,True,0.323811145071,0.264587025359,0.391531415398
confirmation,L0_EXACT,L0_EXACT|6|bottom|0|AWAY|LEAD_1,2,2000,True,0.329728378023,0.269847598841,0.396088819271
confirmation,L0_EXACT,L0_EXACT|6|bottom|0|AWAY|LEAD_2PLUS,1,2000,True,0.314162624235,0.267472634125,0.3593922846
confirmation,L0_EXACT,L0_EXACT|6|bottom|0|AWAY|LEAD_2PLUS,2,2000,True,0.31776801087,0.279567495078,0.35723968561
confirmation,L0_EXACT,L0_EXACT|6|bottom|0|AWAY|TIED,1,2000,True,0.305098251365,0.265061370206,0.34281742739
confirmation,L0_EXACT,L0_EXACT|6|bottom|0|AWAY|TIED,2,2000,True,0.303384811618,0.273604428505,0.332283818093
confirmation,L0_EXACT,L0_EXACT|6|bottom|0|AWAY|TRAIL_2PLUS,1,2000,True,0.398074120634,0.29051990203,0.5450540608
confirmation,L0_EXACT,L0_EXACT|6|bottom|0|AWAY|TRAIL_2PLUS,2,2000,True,0.394333663074,0.282207867191,0.556058194878
confirmation,L0_EXACT,L0_EXACT|6|bottom|0|HOME|LEAD_2PLUS,1,2000,True,0.275081059097,0.237562253362,0.315189845444
confirmation,L0_EXACT,L0_EXACT|6|bottom|0|HOME|LEAD_2PLUS,2,2000,True,0.285195026115,0.254259877913,0.320384021196
confirmation,L0_EXACT,L0_EXACT|6|bottom|0|HOME|TRAIL_2PLUS,1,2000,True,0.282154291558,0.244170933735,0.319872741365
confirmation,L0_EXACT,L0_EXACT|6|bottom|0|HOME|TRAIL_2PLUS,2,2000,True,0.286377099115,0.262143173112,0.307279427702
confirmation,L0_EXACT,L0_EXACT|6|bottom|1|AWAY|LEAD_1,1,2000,True,0.30669921783,0.273423318041,0.336874843402
confirmation,L0_EXACT,L0_EXACT|6|bottom|1|AWAY|LEAD_1,2,2000,True,0.293070289834,0.271800680676,0.314653466752
confirmation,L0_EXACT,L0_EXACT|6|bottom|1|AWAY|LEAD_2PLUS,1,2000,True,0.315084572628,0.279521115028,0.35385459606
confirmation,L0_EXACT,L0_EXACT|6|bottom|1|AWAY|LEAD_2PLUS,2,2000,True,0.30407245676,0.270730614011,0.336550441002
confirmation,L0_EXACT,L0_EXACT|6|bottom|1|AWAY|TIED,1,2000,True,0.288487235549,0.258980473331,0.319418763451
confirmation,L0_EXACT,L0_EXACT|6|bottom|1|AWAY|TIED,2,2000,True,0.287272614974,0.267773067555,0.309747706283
confirmation,L0_EXACT,L0_EXACT|6|bottom|1|AWAY|TRAIL_2PLUS,1,2000,True,0.338547250814,0.284510817503,0.401457869014
confirmation,L0_EXACT,L0_EXACT|6|bottom|1|AWAY|TRAIL_2PLUS,2,2000,True,0.309997611296,0.272537041662,0.347819426648
confirmation,L0_EXACT,L0_EXACT|6|bottom|1|HOME|LEAD_2PLUS,1,2000,True,0.237342209938,0.218872250545,0.261268078718
confirmation,L0_EXACT,L0_EXACT|6|bottom|1|HOME|LEAD_2PLUS,2,2000,True,0.264051143585,0.248102056334,0.281816257
confirmation,L0_EXACT,L0_EXACT|6|bottom|1|HOME|TRAIL_2PLUS,1,2000,True,0.257322926613,0.239898680936,0.275931746024
confirmation,L0_EXACT,L0_EXACT|6|bottom|1|HOME|TRAIL_2PLUS,2,2000,True,0.298577144421,0.267621785842,0.330120104664
confirmation,L0_EXACT,L0_EXACT|6|bottom|2|AWAY|LEAD_2PLUS,1,2000,True,0.29488157269,0.252065900607,0.335759029598
confirmation,L0_EXACT,L0_EXACT|6|bottom|2|AWAY|LEAD_2PLUS,2,2000,True,0.305551477295,0.270626784553,0.338889137437
confirmation,L0_EXACT,L0_EXACT|6|bottom|2|AWAY|TIED,1,2000,True,0.288447945784,0.250070638268,0.327150037157
confirmation,L0_EXACT,L0_EXACT|6|bottom|2|AWAY|TIED,2,2000,True,0.301229824686,0.270851531318,0.331071275737
confirmation,L0_EXACT,L0_EXACT|6|bottom|2|AWAY|TRAIL_2PLUS,1,2000,True,0.273411819006,0.238630162677,0.314945897189
confirmation,L0_EXACT,L0_EXACT|6|bottom|2|AWAY|TRAIL_2PLUS,2,2000,True,0.260375919231,0.233425741633,0.289447887694
confirmation,L0_EXACT,L0_EXACT|6|bottom|2|HOME|LEAD_2PLUS,1,2000,True,0.240341414495,0.220018971816,0.265068998003
confirmation,L0_EXACT,L0_EXACT|6|bottom|2|HOME|LEAD_2PLUS,2,2000,True,0.27036068577,0.24699749726,0.296687023403
confirmation,L0_EXACT,L0_EXACT|6|bottom|2|HOME|TRAIL_2PLUS,1,2000,True,0.230741956961,0.214555237443,0.248897649335
confirmation,L0_EXACT,L0_EXACT|6|bottom|2|HOME|TRAIL_2PLUS,2,2000,True,0.270703551288,0.253181486126,0.290579393463
confirmation,L0_EXACT,L0_EXACT|6|top|0|AWAY|LEAD_2PLUS,1,2000,True,0.278646436659,0.233355959464,0.330604585905
confirmation,L0_EXACT,L0_EXACT|6|top|0|AWAY|LEAD_2PLUS,2,2000,True,0.27572921934,0.24520845412,0.313326760864
confirmation,L0_EXACT,L0_EXACT|6|top|0|AWAY|TRAIL_2PLUS,1,2000,True,0.258804185748,0.238846154951,0.281399894885
confirmation,L0_EXACT,L0_EXACT|6|top|0|AWAY|TRAIL_2PLUS,2,2000,True,0.274919097908,0.258451396926,0.292401770995
confirmation,L0_EXACT,L0_EXACT|6|top|0|HOME|LEAD_1,1,2000,True,0.320811723188,0.274219904578,0.361495458412
confirmation,L0_EXACT,L0_EXACT|6|top|0|HOME|LEAD_1,2,2000,True,0.312182856893,0.268689537607,0.365046541668
confirmation,L0_EXACT,L0_EXACT|6|top|0|HOME|LEAD_2PLUS,1,2000,True,0.331925908979,0.279753247329,0.385202134341
confirmation,L0_EXACT,L0_EXACT|6|top|0|HOME|LEAD_2PLUS,2,2000,True,0.324558369356,0.279405933602,0.374924182115
confirmation,L0_EXACT,L0_EXACT|6|top|0|HOME|TRAIL_2PLUS,1,2000,True,0.32425401275,0.281293275792,0.371489469905
confirmation,L0_EXACT,L0_EXACT|6|top|0|HOME|TRAIL_2PLUS,2,2000,True,0.303265026154,0.278494128519,0.329961490316
confirmation,L0_EXACT,L0_EXACT|6|top|1|AWAY|LEAD_2PLUS,1,2000,True,0.250988461456,0.229424537353,0.275479385796
confirmation,L0_EXACT,L0_EXACT|6|top|1|AWAY|LEAD_2PLUS,2,2000,True,0.289335384487,0.266930737326,0.313620593976
confirmation,L0_EXACT,L0_EXACT|6|top|1|AWAY|TRAIL_2PLUS,1,2000,True,0.271074697638,0.235076974729,0.310330793915
confirmation,L0_EXACT,L0_EXACT|6|top|1|AWAY|TRAIL_2PLUS,2,2000,True,0.290116752188,0.258002250434,0.325798132676
confirmation,L0_EXACT,L0_EXACT|6|top|1|HOME|LEAD_1,1,2000,True,0.323990061419,0.272388971274,0.385620971374
confirmation,L0_EXACT,L0_EXACT|6|top|1|HOME|LEAD_1,2,2000,True,0.29538011529,0.261474234002,0.333437155861
confirmation,L0_EXACT,L0_EXACT|6|top|1|HOME|LEAD_2PLUS,1,2000,True,0.300193588901,0.269388230205,0.33450633249
confirmation,L0_EXACT,L0_EXACT|6|top|1|HOME|LEAD_2PLUS,2,2000,True,0.304862958039,0.277319773431,0.339071652953
confirmation,L0_EXACT,L0_EXACT|6|top|1|HOME|TIED,1,2000,True,0.292802337432,0.253916304666,0.339596867158
confirmation,L0_EXACT,L0_EXACT|6|top|1|HOME|TIED,2,2000,True,0.289574558519,0.261578524433,0.319462431229
confirmation,L0_EXACT,L0_EXACT|6|top|1|HOME|TRAIL_2PLUS,1,2000,True,0.270187159635,0.251857992563,0.28758217829
confirmation,L0_EXACT,L0_EXACT|6|top|1|HOME|TRAIL_2PLUS,2,2000,True,0.276886510566,0.259763968732,0.293288804191
confirmation,L0_EXACT,L0_EXACT|6|top|2|AWAY|LEAD_2PLUS,1,2000,True,0.2593616596,0.234993401698,0.288236748346
confirmation,L0_EXACT,L0_EXACT|6|top|2|AWAY|LEAD_2PLUS,2,2000,True,0.298049215996,0.275860141087,0.323718339274
confirmation,L0_EXACT,L0_EXACT|6|top|2|HOME|LEAD_2PLUS,1,2000,True,0.253862234754,0.232820311728,0.278613704232
confirmation,L0_EXACT,L0_EXACT|6|top|2|HOME|LEAD_2PLUS,2,2000,True,0.263981854663,0.246490917731,0.282952843603
confirmation,L0_EXACT,L0_EXACT|6|top|2|HOME|TIED,1,2000,True,0.254848636674,0.231880631926,0.279857726894
confirmation,L0_EXACT,L0_EXACT|6|top|2|HOME|TIED,2,2000,True,0.275140645949,0.252003334589,0.30034698004
confirmation,L0_EXACT,L0_EXACT|6|top|2|HOME|TRAIL_2PLUS,1,2000,True,0.277468392291,0.246705780637,0.307890297527
confirmation,L0_EXACT,L0_EXACT|6|top|2|HOME|TRAIL_2PLUS,2,2000,True,0.296737660659,0.270256789307,0.319395887581
confirmation,L0_EXACT,L0_EXACT|7|bottom|0|AWAY|LEAD_2PLUS,1,2000,True,0.378855648436,0.308599433734,0.451785453149
confirmation,L0_EXACT,L0_EXACT|7|bottom|0|AWAY|LEAD_2PLUS,2,2000,True,0.36774214884,0.30007002408,0.439051359102
confirmation,L0_EXACT,L0_EXACT|7|bottom|0|AWAY|TIED,1,2000,True,0.333631975039,0.286318394242,0.385309507266
confirmation,L0_EXACT,L0_EXACT|7|bottom|0|AWAY|TIED,2,2000,True,0.322935473828,0.27732614216,0.378286984505
confirmation,L0_EXACT,L0_EXACT|7|bottom|0|AWAY|TRAIL_2PLUS,1,2000,True,0.296011420819,0.266618316887,0.323015940352
confirmation,L0_EXACT,L0_EXACT|7|bottom|0|AWAY|TRAIL_2PLUS,2,2000,True,0.283377131806,0.250600904748,0.315967581787
confirmation,L0_EXACT,L0_EXACT|7|bottom|0|HOME|LEAD_2PLUS,1,2000,True,0.266200984882,0.243360445068,0.290747509278
confirmation,L0_EXACT,L0_EXACT|7|bottom|0|HOME|LEAD_2PLUS,2,2000,True,0.259461278998,0.225644179641,0.293933745196
confirmation,L0_EXACT,L0_EXACT|7|bottom|0|HOME|TRAIL_2PLUS,1,2000,True,0.251592939906,0.23373765284,0.269394444886
confirmation,L0_EXACT,L0_EXACT|7|bottom|0|HOME|TRAIL_2PLUS,2,2000,True,0.255372878062,0.229089214924,0.283317474503
confirmation,L0_EXACT,L0_EXACT|7|bottom|1|AWAY|LEAD_2PLUS,1,2000,True,0.329628076069,0.287338992519,0.376333981107
confirmation,L0_EXACT,L0_EXACT|7|bottom|1|AWAY|LEAD_2PLUS,2,2000,True,0.299626746214,0.274271783133,0.323071188687
confirmation,L0_EXACT,L0_EXACT|7|bottom|1|AWAY|TIED,1,2000,True,0.370634611428,0.279136307795,0.441115172662
confirmation,L0_EXACT,L0_EXACT|7|bottom|1|AWAY|TIED,2,2000,True,0.357279569241,0.273325855124,0.425176215803
confirmation,L0_EXACT,L0_EXACT|7|bottom|1|AWAY|TRAIL_2PLUS,1,2000,True,0.289319001562,0.262898825555,0.316746685873
confirmation,L0_EXACT,L0_EXACT|7|bottom|1|AWAY|TRAIL_2PLUS,2,2000,True,0.270706530699,0.236539203089,0.302327217448
confirmation,L0_EXACT,L0_EXACT|7|bottom|1|HOME|LEAD_2PLUS,1,2000,True,0.282913247297,0.246271962894,0.321188730595
confirmation,L0_EXACT,L0_EXACT|7|bottom|1|HOME|LEAD_2PLUS,2,2000,True,0.285779040289,0.24512200075,0.329280747692
confirmation,L0_EXACT,L0_EXACT|7|bottom|1|HOME|TRAIL_2PLUS,1,2000,True,0.27082339084,0.238111690595,0.304946416066
confirmation,L0_EXACT,L0_EXACT|7|bottom|1|HOME|TRAIL_2PLUS,2,2000,True,0.26789786345,0.249371019734,0.285003328094
confirmation,L0_EXACT,L0_EXACT|7|bottom|2|AWAY|LEAD_2PLUS,1,2000,True,0.254905129951,0.234672820651,0.274595735412
confirmation,L0_EXACT,L0_EXACT|7|bottom|2|AWAY|LEAD_2PLUS,2,2000,True,0.255845749871,0.236748478445,0.275219827749
confirmation,L0_EXACT,L0_EXACT|7|bottom|2|AWAY|TRAIL_2PLUS,1,2000,True,0.262912684118,0.222766024264,0.309299758196
confirmation,L0_EXACT,L0_EXACT|7|bottom|2|AWAY|TRAIL_2PLUS,2,2000,True,0.240536797035,0.206898222868,0.276060260379
confirmation,L0_EXACT,L0_EXACT|7|bottom|2|HOME|LEAD_2PLUS,1,2000,True,0.240935025827,0.20741443993,0.276814122581
confirmation,L0_EXACT,L0_EXACT|7|bottom|2|HOME|LEAD_2PLUS,2,2000,True,0.254137294994,0.213438532199,0.296598212692
confirmation,L0_EXACT,L0_EXACT|7|bottom|2|HOME|TRAIL_2PLUS,1,2000,True,0.233096219504,0.216045041417,0.252822286516
confirmation,L0_EXACT,L0_EXACT|7|bottom|2|HOME|TRAIL_2PLUS,2,2000,True,0.25593177166,0.228370592359,0.286571125107
confirmation,L0_EXACT,L0_EXACT|7|top|0|AWAY|LEAD_2PLUS,1,2000,True,0.258227248262,0.238549831057,0.280569555077
confirmation,L0_EXACT,L0_EXACT|7|top|0|AWAY|LEAD_2PLUS,2,2000,True,0.274163194292,0.254701002019,0.296218327722
confirmation,L0_EXACT,L0_EXACT|7|top|0|AWAY|TRAIL_2PLUS,1,2000,True,0.240183488275,0.225561806856,0.256025063464
confirmation,L0_EXACT,L0_EXACT|7|top|0|AWAY|TRAIL_2PLUS,2,2000,True,0.266455353208,0.242034271903,0.289069414918
confirmation,L0_EXACT,L0_EXACT|7|top|0|HOME|LEAD_2PLUS,1,2000,True,0.309856784385,0.267914833626,0.35299139382
confirmation,L0_EXACT,L0_EXACT|7|top|0|HOME|LEAD_2PLUS,2,2000,True,0.301031249379,0.264104469742,0.340527427406
confirmation,L0_EXACT,L0_EXACT|7|top|0|HOME|TIED,1,2000,True,0.38876856065,0.302596807948,0.457254052109
confirmation,L0_EXACT,L0_EXACT|7|top|0|HOME|TIED,2,2000,True,0.369120802371,0.290179997738,0.436274085345
confirmation,L0_EXACT,L0_EXACT|7|top|0|HOME|TRAIL_2PLUS,1,2000,True,0.327525301248,0.285394963798,0.369345423153
confirmation,L0_EXACT,L0_EXACT|7|top|0|HOME|TRAIL_2PLUS,2,2000,True,0.318230511119,0.279892941169,0.357236770059
confirmation,L0_EXACT,L0_EXACT|7|top|1|AWAY|LEAD_2PLUS,1,2000,True,0.263979589723,0.235840624386,0.291853900169
confirmation,L0_EXACT,L0_EXACT|7|top|1|AWAY|LEAD_2PLUS,2,2000,True,0.276830692656,0.250249985933,0.303788559428
confirmation,L0_EXACT,L0_EXACT|7|top|1|AWAY|TRAIL_2PLUS,1,2000,True,0.23606695818,0.217082778392,0.255331218741
confirmation,L0_EXACT,L0_EXACT|7|top|1|AWAY|TRAIL_2PLUS,2,2000,True,0.252516654418,0.221867707911,0.281788252897
confirmation,L0_EXACT,L0_EXACT|7|top|1|HOME|LEAD_2PLUS,1,2000,True,0.315452629226,0.258045920462,0.383883688773
confirmation,L0_EXACT,L0_EXACT|7|top|1|HOME|LEAD_2PLUS,2,2000,True,0.310575369758,0.250146683121,0.379029660249
confirmation,L0_EXACT,L0_EXACT|7|top|1|HOME|TRAIL_1,1,2000,True,0.300440947824,0.258602594893,0.337049997839
confirmation,L0_EXACT,L0_EXACT|7|top|1|HOME|TRAIL_1,2,2000,True,0.292371344976,0.256343722472,0.339314234412
confirmation,L0_EXACT,L0_EXACT|7|top|1|HOME|TRAIL_2PLUS,1,2000,True,0.324773982697,0.272462563257,0.380161758312
confirmation,L0_EXACT,L0_EXACT|7|top|1|HOME|TRAIL_2PLUS,2,2000,True,0.317965769079,0.270871367053,0.370665798041
confirmation,L0_EXACT,L0_EXACT|7|top|2|AWAY|LEAD_2PLUS,1,2000,True,0.254800746673,0.231026103244,0.281844679184
confirmation,L0_EXACT,L0_EXACT|7|top|2|AWAY|LEAD_2PLUS,2,2000,True,0.299781822994,0.269000549076,0.337718307747
confirmation,L0_EXACT,L0_EXACT|7|top|2|AWAY|TRAIL_2PLUS,1,2000,True,0.245132024412,0.224227108587,0.268026689539
confirmation,L0_EXACT,L0_EXACT|7|top|2|AWAY|TRAIL_2PLUS,2,2000,True,0.284491681372,0.252269428539,0.315869309736
confirmation,L0_EXACT,L0_EXACT|7|top|2|HOME|LEAD_2PLUS,1,2000,True,0.292195250728,0.259693819868,0.324258587425
confirmation,L0_EXACT,L0_EXACT|7|top|2|HOME|LEAD_2PLUS,2,2000,True,0.308151290096,0.268268955067,0.346536542298
confirmation,L0_EXACT,L0_EXACT|7|top|2|HOME|TRAIL_2PLUS,1,2000,True,0.250399803357,0.231024143511,0.272126740958
confirmation,L0_EXACT,L0_EXACT|7|top|2|HOME|TRAIL_2PLUS,2,2000,True,0.253206187111,0.237897146885,0.270844439595
confirmation,L0_EXACT,L0_EXACT|8|bottom|0|AWAY|LEAD_2PLUS,1,2000,True,0.291372971749,0.259109129595,0.327790020999
confirmation,L0_EXACT,L0_EXACT|8|bottom|0|AWAY|LEAD_2PLUS,2,2000,True,0.257731441766,0.228094457908,0.286812004791
confirmation,L0_EXACT,L0_EXACT|8|bottom|0|AWAY|TRAIL_2PLUS,1,2000,True,0.319709694082,0.267681051074,0.367225388116
confirmation,L0_EXACT,L0_EXACT|8|bottom|0|AWAY|TRAIL_2PLUS,2,2000,True,0.253313003137,0.192171715921,0.31029392833
confirmation,L0_EXACT,L0_EXACT|8|bottom|0|HOME|LEAD_2PLUS,1,2000,True,0.232000209387,0.189947801303,0.278384531199
confirmation,L0_EXACT,L0_EXACT|8|bottom|0|HOME|LEAD_2PLUS,2,2000,True,0.172861265186,0.121441541284,0.235438096354
confirmation,L0_EXACT,L0_EXACT|8|bottom|0|HOME|TRAIL_2PLUS,1,2000,True,0.241699516049,0.211404577891,0.278808241205
confirmation,L0_EXACT,L0_EXACT|8|bottom|0|HOME|TRAIL_2PLUS,2,2000,True,0.210224086675,0.181283995889,0.240032738105
confirmation,L0_EXACT,L0_EXACT|8|bottom|1|AWAY|LEAD_2PLUS,1,2000,True,0.278132279407,0.250217577396,0.303037128651
confirmation,L0_EXACT,L0_EXACT|8|bottom|1|AWAY|LEAD_2PLUS,2,2000,True,0.264885923777,0.220128403234,0.302742063544
confirmation,L0_EXACT,L0_EXACT|8|bottom|1|AWAY|TRAIL_2PLUS,1,2000,True,0.261060512467,0.214987671599,0.306480595902
confirmation,L0_EXACT,L0_EXACT|8|bottom|1|AWAY|TRAIL_2PLUS,2,2000,True,0.152516943601,0.118494532904,0.187560987731
confirmation,L0_EXACT,L0_EXACT|8|bottom|1|HOME|LEAD_2PLUS,1,2000,True,0.218351739944,0.177487017777,0.264518630399
confirmation,L0_EXACT,L0_EXACT|8|bottom|1|HOME|LEAD_2PLUS,2,2000,True,0.158363573372,0.115116782845,0.204535768701
confirmation,L0_EXACT,L0_EXACT|8|bottom|1|HOME|TRAIL_2PLUS,1,2000,True,0.217712876999,0.193231891139,0.247017840006
confirmation,L0_EXACT,L0_EXACT|8|bottom|1|HOME|TRAIL_2PLUS,2,2000,True,0.207012722651,0.173285857407,0.242194371247
confirmation,L0_EXACT,L0_EXACT|8|bottom|2|AWAY|LEAD_2PLUS,1,2000,True,0.298820373826,0.257377873815,0.338078127766
confirmation,L0_EXACT,L0_EXACT|8|bottom|2|AWAY|LEAD_2PLUS,2,2000,True,0.237260912194,0.198902839699,0.274186926203
confirmation,L0_EXACT,L0_EXACT|8|bottom|2|AWAY|TRAIL_2PLUS,1,2000,True,0.223835638105,0.140718915123,0.320212232134
confirmation,L0_EXACT,L0_EXACT|8|bottom|2|AWAY|TRAIL_2PLUS,2,2000,True,0.12559160422,0.0515897368826,0.2198533814
confirmation,L0_EXACT,L0_EXACT|8|bottom|2|HOME|LEAD_2PLUS,1,2000,True,0.165454848868,0.138802229934,0.195681731963
confirmation,L0_EXACT,L0_EXACT|8|bottom|2|HOME|LEAD_2PLUS,2,2000,True,0.128802852377,0.0907709822744,0.173083022909
confirmation,L0_EXACT,L0_EXACT|8|bottom|2|HOME|TRAIL_2PLUS,1,2000,True,0.194012398439,0.17060508227,0.216279476485
confirmation,L0_EXACT,L0_EXACT|8|bottom|2|HOME|TRAIL_2PLUS,2,2000,True,0.170480943489,0.132875677676,0.207345822149
confirmation,L0_EXACT,L0_EXACT|8|top|0|AWAY|LEAD_2PLUS,1,2000,True,0.256468606675,0.237848532109,0.275146881918
confirmation,L0_EXACT,L0_EXACT|8|top|0|AWAY|LEAD_2PLUS,2,2000,True,0.257893004692,0.236525767274,0.279146537331
confirmation,L0_EXACT,L0_EXACT|8|top|0|AWAY|TRAIL_2PLUS,1,2000,True,0.245120683747,0.219356715711,0.273585092553
confirmation,L0_EXACT,L0_EXACT|8|top|0|AWAY|TRAIL_2PLUS,2,2000,True,0.229481232486,0.198530067594,0.26257272012
confirmation,L0_EXACT,L0_EXACT|8|top|0|HOME|LEAD_2PLUS,1,2000,True,0.330437905453,0.282043804549,0.385968305573
confirmation,L0_EXACT,L0_EXACT|8|top|0|HOME|LEAD_2PLUS,2,2000,True,0.293142150065,0.245707337969,0.340684126645
confirmation,L0_EXACT,L0_EXACT|8|top|0|HOME|TRAIL_1,1,2000,True,0.304638330115,0.254074208995,0.378269655483
confirmation,L0_EXACT,L0_EXACT|8|top|0|HOME|TRAIL_1,2,2000,True,0.254797326239,0.213105155484,0.298246353001
confirmation,L0_EXACT,L0_EXACT|8|top|0|HOME|TRAIL_2PLUS,1,2000,True,0.277566582528,0.257687129327,0.297679053641
confirmation,L0_EXACT,L0_EXACT|8|top|0|HOME|TRAIL_2PLUS,2,2000,True,0.267508494379,0.242845653385,0.293497888578
confirmation,L0_EXACT,L0_EXACT|8|top|1|AWAY|LEAD_2PLUS,1,2000,True,0.241004000464,0.218829039259,0.265335628439
confirmation,L0_EXACT,L0_EXACT|8|top|1|AWAY|LEAD_2PLUS,2,2000,True,0.257799252534,0.229797980586,0.285804570127
confirmation,L0_EXACT,L0_EXACT|8|top|1|AWAY|TRAIL_2PLUS,1,2000,True,0.222960211559,0.191922186526,0.255412061089
confirmation,L0_EXACT,L0_EXACT|8|top|1|AWAY|TRAIL_2PLUS,2,2000,True,0.194711375594,0.155330898314,0.236657545423
confirmation,L0_EXACT,L0_EXACT|8|top|1|HOME|LEAD_2PLUS,1,2000,True,0.296697055059,0.248662363351,0.345419615999
confirmation,L0_EXACT,L0_EXACT|8|top|1|HOME|LEAD_2PLUS,2,2000,True,0.239340826817,0.192547086373,0.286389643961
confirmation,L0_EXACT,L0_EXACT|8|top|1|HOME|TRAIL_2PLUS,1,2000,True,0.334959744965,0.255462780741,0.41109347807
confirmation,L0_EXACT,L0_EXACT|8|top|1|HOME|TRAIL_2PLUS,2,2000,True,0.316417903012,0.244733085894,0.383850932941
confirmation,L0_EXACT,L0_EXACT|8|top|2|AWAY|LEAD_2PLUS,1,2000,True,0.233125489115,0.213071677281,0.253900064396
confirmation,L0_EXACT,L0_EXACT|8|top|2|AWAY|LEAD_2PLUS,2,2000,True,0.236638138277,0.207708815833,0.270480170882
confirmation,L0_EXACT,L0_EXACT|8|top|2|AWAY|TRAIL_2PLUS,1,2000,True,0.239773793939,0.214797930777,0.266304020735
confirmation,L0_EXACT,L0_EXACT|8|top|2|AWAY|TRAIL_2PLUS,2,2000,True,0.239940687109,0.198665255384,0.281571971642
confirmation,L0_EXACT,L0_EXACT|8|top|2|HOME|LEAD_2PLUS,1,2000,True,0.25977745375,0.224632584711,0.295893859022
confirmation,L0_EXACT,L0_EXACT|8|top|2|HOME|LEAD_2PLUS,2,2000,True,0.212351188994,0.179168137149,0.245271722907
confirmation,L0_EXACT,L0_EXACT|8|top|2|HOME|TRAIL_2PLUS,1,2000,True,0.265744482716,0.238460150167,0.294095435523
confirmation,L0_EXACT,L0_EXACT|8|top|2|HOME|TRAIL_2PLUS,2,2000,True,0.234646058114,0.209211462924,0.260459799245
confirmation,L0_EXACT,L0_EXACT|9|bottom|0|AWAY|LEAD_2PLUS,1,2000,True,0.233264368176,0.192335283114,0.273220555988
confirmation,L0_EXACT,L0_EXACT|9|bottom|0|AWAY|LEAD_2PLUS,2,2000,True,0.149886333607,0.101664349785,0.201167129197
confirmation,L0_EXACT,L0_EXACT|9|bottom|0|HOME|TRAIL_2PLUS,1,2000,True,0.0810281520995,0.0514529471238,0.110925277749
confirmation,L0_EXACT,L0_EXACT|9|bottom|0|HOME|TRAIL_2PLUS,2,2000,True,0.0255247325537,0.00763614497815,0.0457408764926
confirmation,L0_EXACT,L0_EXACT|9|bottom|1|AWAY|LEAD_2PLUS,1,2000,True,0.20342194006,0.157621429615,0.250396652412
confirmation,L0_EXACT,L0_EXACT|9|bottom|1|AWAY|LEAD_2PLUS,2,2000,True,0.107333412272,0.0737567728926,0.143451242047
confirmation,L0_EXACT,L0_EXACT|9|bottom|1|HOME|TRAIL_2PLUS,1,2000,True,0.0640414104298,0.0438024284158,0.0863202157601
confirmation,L0_EXACT,L0_EXACT|9|bottom|1|HOME|TRAIL_2PLUS,2,2000,True,0.0180430657982,0.00636518499619,0.0339244480504
confirmation,L0_EXACT,L0_EXACT|9|bottom|2|AWAY|LEAD_2PLUS,1,2000,True,0.109119076965,0.0670461821123,0.146421769454
confirmation,L0_EXACT,L0_EXACT|9|bottom|2|AWAY|LEAD_2PLUS,2,2000,True,0.0570584376673,0.0233229247629,0.0877537852424
confirmation,L0_EXACT,L0_EXACT|9|bottom|2|HOME|TRAIL_2PLUS,1,2000,True,0.0513950684746,0.0125655976824,0.101077578365
confirmation,L0_EXACT,L0_EXACT|9|bottom|2|HOME|TRAIL_2PLUS,2,2000,True,0.014846859661,0,0.0403800363117
confirmation,L0_EXACT,L0_EXACT|9|top|0|AWAY|LEAD_2PLUS,1,2000,True,0.222665676854,0.187136108685,0.252182080743
confirmation,L0_EXACT,L0_EXACT|9|top|0|AWAY|LEAD_2PLUS,2,2000,True,0.159404612285,0.123036447652,0.195488921075
confirmation,L0_EXACT,L0_EXACT|9|top|0|AWAY|TRAIL_2PLUS,1,2000,True,0.108999913694,0.0713093472912,0.147414814999
confirmation,L0_EXACT,L0_EXACT|9|top|0|AWAY|TRAIL_2PLUS,2,2000,True,0.0364006372855,0.013530995843,0.0627960975325
confirmation,L0_EXACT,L0_EXACT|9|top|0|HOME|LEAD_2PLUS,1,2000,True,0.264197529074,0.197318933593,0.319818947069
confirmation,L0_EXACT,L0_EXACT|9|top|0|HOME|LEAD_2PLUS,2,2000,True,0.193516907288,0.125688399732,0.25220262577
confirmation,L0_EXACT,L0_EXACT|9|top|0|HOME|TRAIL_2PLUS,1,2000,True,0.272219890341,0.236324800465,0.305408867586
confirmation,L0_EXACT,L0_EXACT|9|top|0|HOME|TRAIL_2PLUS,2,2000,True,0.195312430181,0.149909623597,0.234018517097
confirmation,L0_EXACT,L0_EXACT|9|top|1|AWAY|LEAD_2PLUS,1,2000,True,0.23522625324,0.197510807987,0.273900645497
confirmation,L0_EXACT,L0_EXACT|9|top|1|AWAY|LEAD_2PLUS,2,2000,True,0.188075207501,0.150564308602,0.226027746428
confirmation,L0_EXACT,L0_EXACT|9|top|1|AWAY|TRAIL_2PLUS,1,2000,True,0.0623884856017,0.0306661115798,0.0952175121926
confirmation,L0_EXACT,L0_EXACT|9|top|1|AWAY|TRAIL_2PLUS,2,2000,True,0.018067734918,0.00413408640808,0.0333897850547
confirmation,L0_EXACT,L0_EXACT|9|top|1|HOME|LEAD_2PLUS,1,2000,True,0.152304812419,0.113192913979,0.19516004425
confirmation,L0_EXACT,L0_EXACT|9|top|1|HOME|LEAD_2PLUS,2,2000,True,0.0676539605898,0.0430611005909,0.0945997656454
confirmation,L0_EXACT,L0_EXACT|9|top|1|HOME|TRAIL_2PLUS,1,2000,True,0.272131287659,0.222304147737,0.319915208219
confirmation,L0_EXACT,L0_EXACT|9|top|1|HOME|TRAIL_2PLUS,2,2000,True,0.192622281494,0.1393183704,0.242017024755
confirmation,L0_EXACT,L0_EXACT|9|top|2|AWAY|LEAD_2PLUS,1,2000,True,0.202073982258,0.160923437335,0.247415388829
confirmation,L0_EXACT,L0_EXACT|9|top|2|AWAY|LEAD_2PLUS,2,2000,True,0.178673908531,0.130753940843,0.229383447363
confirmation,L0_EXACT,L0_EXACT|9|top|2|AWAY|TRAIL_2PLUS,1,2000,True,0.039693943872,0.0155627927774,0.0652352449476
confirmation,L0_EXACT,L0_EXACT|9|top|2|AWAY|TRAIL_2PLUS,2,2000,True,0.00715875778544,0,0.0161220427272
confirmation,L0_EXACT,L0_EXACT|9|top|2|HOME|LEAD_2PLUS,1,2000,True,0.101552036797,0.0653330270028,0.138168233745
confirmation,L0_EXACT,L0_EXACT|9|top|2|HOME|LEAD_2PLUS,2,2000,True,0.04110124829,0.0211674460171,0.0613509928855
confirmation,L0_EXACT,L0_EXACT|9|top|2|HOME|TRAIL_2PLUS,1,2000,True,0.209051548271,0.167528637945,0.246536188712
confirmation,L0_EXACT,L0_EXACT|9|top|2|HOME|TRAIL_2PLUS,2,2000,True,0.114020170083,0.0793998900846,0.14432219322
confirmation,L1_NO_SCORE,L1_NO_SCORE|1|bottom|0|AWAY,1,2000,True,0.331774717003,0.310052414291,0.357517627947
confirmation,L1_NO_SCORE,L1_NO_SCORE|1|bottom|0|AWAY,2,2000,True,0.334407089676,0.311453612286,0.360557083411
confirmation,L1_NO_SCORE,L1_NO_SCORE|1|bottom|0|HOME,1,2000,True,0.283186072141,0.265432692923,0.303326402895
confirmation,L1_NO_SCORE,L1_NO_SCORE|1|bottom|0|HOME,2,2000,True,0.290117472219,0.27908702402,0.3020464233
confirmation,L1_NO_SCORE,L1_NO_SCORE|1|bottom|1|AWAY,1,2000,True,0.312239540461,0.290630679036,0.3362541343
confirmation,L1_NO_SCORE,L1_NO_SCORE|1|bottom|1|AWAY,2,2000,True,0.30892972236,0.289172591856,0.330740768689
confirmation,L1_NO_SCORE,L1_NO_SCORE|1|bottom|1|HOME,1,2000,True,0.261722498331,0.246498203617,0.278873766731
confirmation,L1_NO_SCORE,L1_NO_SCORE|1|bottom|1|HOME,2,2000,True,0.281510088138,0.269960404086,0.293943988624
confirmation,L1_NO_SCORE,L1_NO_SCORE|1|bottom|2|AWAY,1,2000,True,0.277380204045,0.259750466269,0.295287320389
confirmation,L1_NO_SCORE,L1_NO_SCORE|1|bottom|2|AWAY,2,2000,True,0.29873330144,0.281261739291,0.316477358971
confirmation,L1_NO_SCORE,L1_NO_SCORE|1|bottom|2|HOME,1,2000,True,0.236475403623,0.226868170832,0.2460911628
confirmation,L1_NO_SCORE,L1_NO_SCORE|1|bottom|2|HOME,2,2000,True,0.2840643851,0.271979627103,0.296543108877
confirmation,L1_NO_SCORE,L1_NO_SCORE|1|top|0|AWAY,1,2000,True,0.266947593112,0.249174151886,0.289884646721
confirmation,L1_NO_SCORE,L1_NO_SCORE|1|top|0|AWAY,2,2000,True,0.28405623468,0.27080123325,0.298210115994
confirmation,L1_NO_SCORE,L1_NO_SCORE|1|top|0|HOME,1,2000,True,0.372229633804,0.331686479193,0.418024281397
confirmation,L1_NO_SCORE,L1_NO_SCORE|1|top|0|HOME,2,2000,True,0.357235258267,0.319458593878,0.400625597768
confirmation,L1_NO_SCORE,L1_NO_SCORE|1|top|1|AWAY,1,2000,True,0.253271646158,0.240640360359,0.268375903888
confirmation,L1_NO_SCORE,L1_NO_SCORE|1|top|1|AWAY,2,2000,True,0.287712607593,0.273179378625,0.303435744817
confirmation,L1_NO_SCORE,L1_NO_SCORE|1|top|1|HOME,1,2000,True,0.300709310441,0.272475053711,0.332651721934
confirmation,L1_NO_SCORE,L1_NO_SCORE|1|top|1|HOME,2,2000,True,0.302425619933,0.279630441582,0.330291001785
confirmation,L1_NO_SCORE,L1_NO_SCORE|1|top|2|AWAY,1,2000,True,0.24351226449,0.23131077646,0.255755048352
confirmation,L1_NO_SCORE,L1_NO_SCORE|1|top|2|AWAY,2,2000,True,0.294083554459,0.280883733093,0.308272720255
confirmation,L1_NO_SCORE,L1_NO_SCORE|1|top|2|HOME,1,2000,True,0.263252070282,0.249332460674,0.277236746172
confirmation,L1_NO_SCORE,L1_NO_SCORE|1|top|2|HOME,2,2000,True,0.285733456261,0.274532542459,0.297148467437
confirmation,L1_NO_SCORE,L1_NO_SCORE|2|bottom|0|AWAY,1,2000,True,0.34883291636,0.3251536641,0.371830977392
confirmation,L1_NO_SCORE,L1_NO_SCORE|2|bottom|0|AWAY,2,2000,True,0.324687422933,0.307199573742,0.341841731526
confirmation,L1_NO_SCORE,L1_NO_SCORE|2|bottom|0|HOME,1,2000,True,0.271488672843,0.257272541526,0.286403358069
confirmation,L1_NO_SCORE,L1_NO_SCORE|2|bottom|0|HOME,2,2000,True,0.278973267287,0.26827125057,0.290198634011
confirmation,L1_NO_SCORE,L1_NO_SCORE|2|bottom|1|AWAY,1,2000,True,0.293796678944,0.27600678702,0.312283243163
confirmation,L1_NO_SCORE,L1_NO_SCORE|2|bottom|1|AWAY,2,2000,True,0.28205203499,0.268975012293,0.295478046096
confirmation,L1_NO_SCORE,L1_NO_SCORE|2|bottom|1|HOME,1,2000,True,0.254426133587,0.242112074549,0.267669303232
confirmation,L1_NO_SCORE,L1_NO_SCORE|2|bottom|1|HOME,2,2000,True,0.279564992993,0.268731626325,0.290628487924
confirmation,L1_NO_SCORE,L1_NO_SCORE|2|bottom|2|HOME,1,2000,True,0.244857017501,0.233601329452,0.257295949498
confirmation,L1_NO_SCORE,L1_NO_SCORE|2|bottom|2|HOME,2,2000,True,0.282965914118,0.269366721931,0.29857459032
confirmation,L1_NO_SCORE,L1_NO_SCORE|2|top|0|AWAY,1,2000,True,0.274438657243,0.258060708933,0.292686308878
confirmation,L1_NO_SCORE,L1_NO_SCORE|2|top|0|AWAY,2,2000,True,0.292430643296,0.276681793081,0.309906841545
confirmation,L1_NO_SCORE,L1_NO_SCORE|2|top|0|HOME,1,2000,True,0.317287007445,0.293586685179,0.341478763456
confirmation,L1_NO_SCORE,L1_NO_SCORE|2|top|0|HOME,2,2000,True,0.313633092284,0.292229061128,0.335328514868
confirmation,L1_NO_SCORE,L1_NO_SCORE|2|top|1|AWAY,1,2000,True,0.277132931866,0.258637612091,0.297905581548
confirmation,L1_NO_SCORE,L1_NO_SCORE|2|top|1|AWAY,2,2000,True,0.29931707337,0.28307352402,0.319203584427
confirmation,L1_NO_SCORE,L1_NO_SCORE|2|top|1|HOME,1,2000,True,0.300442053585,0.278684930158,0.323361952515
confirmation,L1_NO_SCORE,L1_NO_SCORE|2|top|1|HOME,2,2000,True,0.301401720345,0.283581438435,0.321837366789
confirmation,L1_NO_SCORE,L1_NO_SCORE|2|top|2|AWAY,1,2000,True,0.250521220537,0.236973659318,0.265628808684
confirmation,L1_NO_SCORE,L1_NO_SCORE|2|top|2|AWAY,2,2000,True,0.291794950985,0.275657731183,0.308710182865
confirmation,L1_NO_SCORE,L1_NO_SCORE|2|top|2|HOME,1,2000,True,0.276411124458,0.260097874991,0.293884432519
confirmation,L1_NO_SCORE,L1_NO_SCORE|2|top|2|HOME,2,2000,True,0.293863662547,0.278701561671,0.311112661782
confirmation,L1_NO_SCORE,L1_NO_SCORE|3|bottom|0|AWAY,1,2000,True,0.324612257136,0.299200061661,0.349610134917
confirmation,L1_NO_SCORE,L1_NO_SCORE|3|bottom|0|AWAY,2,2000,True,0.317529304344,0.296121663391,0.34089073695
confirmation,L1_NO_SCORE,L1_NO_SCORE|3|bottom|0|HOME,1,2000,True,0.285353443748,0.259610301563,0.318664900536
confirmation,L1_NO_SCORE,L1_NO_SCORE|3|bottom|0|HOME,2,2000,True,0.286891327017,0.273237928219,0.302392586438
confirmation,L1_NO_SCORE,L1_NO_SCORE|3|bottom|1|AWAY,1,2000,True,0.311395397971,0.278871604176,0.346512671025
confirmation,L1_NO_SCORE,L1_NO_SCORE|3|bottom|1|AWAY,2,2000,True,0.308337353985,0.283523275016,0.335733837573
confirmation,L1_NO_SCORE,L1_NO_SCORE|3|bottom|1|HOME,1,2000,True,0.255856213461,0.242664402448,0.269338476691
confirmation,L1_NO_SCORE,L1_NO_SCORE|3|bottom|1|HOME,2,2000,True,0.297536185716,0.279299349235,0.316404098572
confirmation,L1_NO_SCORE,L1_NO_SCORE|3|bottom|2|HOME,1,2000,True,0.242852354813,0.229238150648,0.256084741529
confirmation,L1_NO_SCORE,L1_NO_SCORE|3|bottom|2|HOME,2,2000,True,0.286343751559,0.270511704571,0.302426850028
confirmation,L1_NO_SCORE,L1_NO_SCORE|3|top|0|AWAY,1,2000,True,0.263994307499,0.247520990147,0.280020472907
confirmation,L1_NO_SCORE,L1_NO_SCORE|3|top|0|AWAY,2,2000,True,0.276816968617,0.263775067292,0.290596637094
confirmation,L1_NO_SCORE,L1_NO_SCORE|3|top|1|AWAY,1,2000,True,0.249784409645,0.2340272861,0.267712747037
confirmation,L1_NO_SCORE,L1_NO_SCORE|3|top|1|AWAY,2,2000,True,0.282613001825,0.26929978304,0.297157782784
confirmation,L1_NO_SCORE,L1_NO_SCORE|3|top|1|HOME,1,2000,True,0.297409523102,0.280663557544,0.314032524878
confirmation,L1_NO_SCORE,L1_NO_SCORE|3|top|1|HOME,2,2000,True,0.299647559555,0.286928895044,0.313131957205
confirmation,L1_NO_SCORE,L1_NO_SCORE|3|top|2|AWAY,1,2000,True,0.230020564622,0.220945362389,0.239112691351
confirmation,L1_NO_SCORE,L1_NO_SCORE|3|top|2|AWAY,2,2000,True,0.285493594196,0.27092343521,0.301540919724
confirmation,L1_NO_SCORE,L1_NO_SCORE|3|top|2|HOME,1,2000,True,0.26903130239,0.255005856049,0.282732879229
confirmation,L1_NO_SCORE,L1_NO_SCORE|3|top|2|HOME,2,2000,True,0.288730840761,0.27436206541,0.303877940356
confirmation,L1_NO_SCORE,L1_NO_SCORE|4|bottom|0|AWAY,1,2000,True,0.33120440878,0.303441367899,0.360461399503
confirmation,L1_NO_SCORE,L1_NO_SCORE|4|bottom|0|AWAY,2,2000,True,0.320047199191,0.296866344315,0.346425481638
confirmation,L1_NO_SCORE,L1_NO_SCORE|4|bottom|0|HOME,1,2000,True,0.271123949776,0.253464331599,0.289516981967
confirmation,L1_NO_SCORE,L1_NO_SCORE|4|bottom|0|HOME,2,2000,True,0.292068128075,0.277108153119,0.307134540735
confirmation,L1_NO_SCORE,L1_NO_SCORE|4|bottom|1|AWAY,1,2000,True,0.282597642829,0.267087538993,0.298223894928
confirmation,L1_NO_SCORE,L1_NO_SCORE|4|bottom|1|AWAY,2,2000,True,0.284542135444,0.271767285329,0.297129732564
confirmation,L1_NO_SCORE,L1_NO_SCORE|4|bottom|1|HOME,1,2000,True,0.255526832339,0.240501451922,0.270583819391
confirmation,L1_NO_SCORE,L1_NO_SCORE|4|bottom|1|HOME,2,2000,True,0.293329595782,0.273659212494,0.315105163812
confirmation,L1_NO_SCORE,L1_NO_SCORE|4|bottom|2|AWAY,1,2000,True,0.276960177255,0.258968211558,0.295372128242
confirmation,L1_NO_SCORE,L1_NO_SCORE|4|bottom|2|AWAY,2,2000,True,0.292371611126,0.275855139525,0.309493356559
confirmation,L1_NO_SCORE,L1_NO_SCORE|4|bottom|2|HOME,1,2000,True,0.248600780354,0.232966056509,0.267182183802
confirmation,L1_NO_SCORE,L1_NO_SCORE|4|bottom|2|HOME,2,2000,True,0.29710582091,0.276227492412,0.319808832689
confirmation,L1_NO_SCORE,L1_NO_SCORE|4|top|0|AWAY,1,2000,True,0.248121594181,0.236443097963,0.261064027557
confirmation,L1_NO_SCORE,L1_NO_SCORE|4|top|0|AWAY,2,2000,True,0.270431649747,0.260007603818,0.281317074466
confirmation,L1_NO_SCORE,L1_NO_SCORE|4|top|0|HOME,1,2000,True,0.321429971447,0.296796809373,0.347233296717
confirmation,L1_NO_SCORE,L1_NO_SCORE|4|top|0|HOME,2,2000,True,0.318254261702,0.298710007053,0.337855873933
confirmation,L1_NO_SCORE,L1_NO_SCORE|4|top|1|AWAY,1,2000,True,0.243030146859,0.232369415608,0.254102806911
confirmation,L1_NO_SCORE,L1_NO_SCORE|4|top|1|AWAY,2,2000,True,0.280515902461,0.267246705502,0.294553733826
confirmation,L1_NO_SCORE,L1_NO_SCORE|4|top|1|HOME,1,2000,True,0.303511273794,0.282157741082,0.325344859113
confirmation,L1_NO_SCORE,L1_NO_SCORE|4|top|1|HOME,2,2000,True,0.304306517707,0.287198117889,0.320798540591
confirmation,L1_NO_SCORE,L1_NO_SCORE|4|top|2|AWAY,1,2000,True,0.254000248559,0.241441315662,0.267782264894
confirmation,L1_NO_SCORE,L1_NO_SCORE|4|top|2|AWAY,2,2000,True,0.29428507247,0.280361905954,0.309414105776
confirmation,L1_NO_SCORE,L1_NO_SCORE|4|top|2|HOME,1,2000,True,0.278816481027,0.258129893971,0.301470201543
confirmation,L1_NO_SCORE,L1_NO_SCORE|4|top|2|HOME,2,2000,True,0.294248529207,0.27419719821,0.315970266968
confirmation,L1_NO_SCORE,L1_NO_SCORE|5|bottom|0|AWAY,1,2000,True,0.317049542182,0.296519493583,0.339404758179
confirmation,L1_NO_SCORE,L1_NO_SCORE|5|bottom|0|AWAY,2,2000,True,0.312005870146,0.29291564351,0.332452914638
confirmation,L1_NO_SCORE,L1_NO_SCORE|5|bottom|0|HOME,1,2000,True,0.277873275671,0.26216145689,0.29225357173
confirmation,L1_NO_SCORE,L1_NO_SCORE|5|bottom|0|HOME,2,2000,True,0.296070268224,0.277736052635,0.314835934419
confirmation,L1_NO_SCORE,L1_NO_SCORE|5|bottom|1|AWAY,1,2000,True,0.313113367625,0.281881725019,0.344742366924
confirmation,L1_NO_SCORE,L1_NO_SCORE|5|bottom|1|AWAY,2,2000,True,0.310207418653,0.284422485522,0.33563152605
confirmation,L1_NO_SCORE,L1_NO_SCORE|5|bottom|1|HOME,1,2000,True,0.292842297207,0.261835002291,0.329001508033
confirmation,L1_NO_SCORE,L1_NO_SCORE|5|bottom|1|HOME,2,2000,True,0.304783286625,0.281383685337,0.329028963241
confirmation,L1_NO_SCORE,L1_NO_SCORE|5|bottom|2|AWAY,1,2000,True,0.27177096374,0.253428021836,0.291828938202
confirmation,L1_NO_SCORE,L1_NO_SCORE|5|bottom|2|AWAY,2,2000,True,0.286614877051,0.271201168527,0.302228546665
confirmation,L1_NO_SCORE,L1_NO_SCORE|5|bottom|2|HOME,1,2000,True,0.249802711319,0.233851429588,0.26846160096
confirmation,L1_NO_SCORE,L1_NO_SCORE|5|bottom|2|HOME,2,2000,True,0.288361294993,0.269509242379,0.310506795031
confirmation,L1_NO_SCORE,L1_NO_SCORE|5|top|0|AWAY,1,2000,True,0.281240904382,0.261558722588,0.301792633179
confirmation,L1_NO_SCORE,L1_NO_SCORE|5|top|0|AWAY,2,2000,True,0.304880236859,0.284627963903,0.327606162716
confirmation,L1_NO_SCORE,L1_NO_SCORE|5|top|0|HOME,1,2000,True,0.372157844166,0.333069087502,0.410343462612
confirmation,L1_NO_SCORE,L1_NO_SCORE|5|top|0|HOME,2,2000,True,0.362130900862,0.328031222588,0.394938902104
confirmation,L1_NO_SCORE,L1_NO_SCORE|5|top|1|AWAY,1,2000,True,0.271196353693,0.250577652295,0.291709712488
confirmation,L1_NO_SCORE,L1_NO_SCORE|5|top|1|AWAY,2,2000,True,0.288010131491,0.273725331277,0.301711181276
confirmation,L1_NO_SCORE,L1_NO_SCORE|5|top|1|HOME,1,2000,True,0.316023882177,0.290070414155,0.343618297094
confirmation,L1_NO_SCORE,L1_NO_SCORE|5|top|1|HOME,2,2000,True,0.316976771612,0.294377658433,0.342225066809
confirmation,L1_NO_SCORE,L1_NO_SCORE|5|top|2|AWAY,1,2000,True,0.249660798573,0.234929237001,0.265155270065
confirmation,L1_NO_SCORE,L1_NO_SCORE|5|top|2|AWAY,2,2000,True,0.29219641371,0.272278041281,0.315076764427
confirmation,L1_NO_SCORE,L1_NO_SCORE|5|top|2|HOME,1,2000,True,0.29191240145,0.271123895177,0.313191391834
confirmation,L1_NO_SCORE,L1_NO_SCORE|5|top|2|HOME,2,2000,True,0.297003621968,0.280845973158,0.313072935213
confirmation,L1_NO_SCORE,L1_NO_SCORE|6|bottom|0|AWAY,1,2000,True,0.336155777997,0.295271128824,0.392307861345
confirmation,L1_NO_SCORE,L1_NO_SCORE|6|bottom|0|AWAY,2,2000,True,0.339111417891,0.298083670586,0.397700409646
confirmation,L1_NO_SCORE,L1_NO_SCORE|6|bottom|0|HOME,1,2000,True,0.275006227873,0.256410702342,0.293069132204
confirmation,L1_NO_SCORE,L1_NO_SCORE|6|bottom|0|HOME,2,2000,True,0.292757974427,0.277216030944,0.307993687578
confirmation,L1_NO_SCORE,L1_NO_SCORE|6|bottom|1|AWAY,1,2000,True,0.320086409178,0.296649738263,0.344417643454
confirmation,L1_NO_SCORE,L1_NO_SCORE|6|bottom|1|AWAY,2,2000,True,0.308642931468,0.289038064113,0.329616063789
confirmation,L1_NO_SCORE,L1_NO_SCORE|6|bottom|1|HOME,1,2000,True,0.261562243983,0.247155379178,0.277471298255
confirmation,L1_NO_SCORE,L1_NO_SCORE|6|bottom|1|HOME,2,2000,True,0.287627861658,0.273422372517,0.302286186128
confirmation,L1_NO_SCORE,L1_NO_SCORE|6|bottom|2|AWAY,1,2000,True,0.280450219974,0.259557012007,0.301770115609
confirmation,L1_NO_SCORE,L1_NO_SCORE|6|bottom|2|AWAY,2,2000,True,0.28050919499,0.263695272742,0.298772856298
confirmation,L1_NO_SCORE,L1_NO_SCORE|6|bottom|2|HOME,1,2000,True,0.243259016588,0.231015194712,0.256482647508
confirmation,L1_NO_SCORE,L1_NO_SCORE|6|bottom|2|HOME,2,2000,True,0.276098815139,0.262107930387,0.290374632082
confirmation,L1_NO_SCORE,L1_NO_SCORE|6|top|0|AWAY,1,2000,True,0.269457029907,0.252296561866,0.288321765598
confirmation,L1_NO_SCORE,L1_NO_SCORE|6|top|0|AWAY,2,2000,True,0.277742400496,0.264952930741,0.29171417658
confirmation,L1_NO_SCORE,L1_NO_SCORE|6|top|0|HOME,1,2000,True,0.329500018143,0.303787570093,0.355278379788
confirmation,L1_NO_SCORE,L1_NO_SCORE|6|top|0|HOME,2,2000,True,0.31480727863,0.293548692507,0.334972403729
confirmation,L1_NO_SCORE,L1_NO_SCORE|6|top|1|AWAY,1,2000,True,0.26226454051,0.245772770419,0.28014170477
confirmation,L1_NO_SCORE,L1_NO_SCORE|6|top|1|AWAY,2,2000,True,0.289061499749,0.273768636396,0.305417585937
confirmation,L1_NO_SCORE,L1_NO_SCORE|6|top|1|HOME,1,2000,True,0.294593473609,0.276822569147,0.31291099043
confirmation,L1_NO_SCORE,L1_NO_SCORE|6|top|1|HOME,2,2000,True,0.293798651512,0.279114553857,0.31048821908
confirmation,L1_NO_SCORE,L1_NO_SCORE|6|top|2|AWAY,1,2000,True,0.257210923826,0.24408601622,0.272144743984
confirmation,L1_NO_SCORE,L1_NO_SCORE|6|top|2|AWAY,2,2000,True,0.28955758383,0.278004580312,0.302471234412
confirmation,L1_NO_SCORE,L1_NO_SCORE|6|top|2|HOME,1,2000,True,0.269698406169,0.253526785975,0.287865888984
confirmation,L1_NO_SCORE,L1_NO_SCORE|6|top|2|HOME,2,2000,True,0.282195866362,0.26944634549,0.294699956763
confirmation,L1_NO_SCORE,L1_NO_SCORE|7|bottom|0|AWAY,1,2000,True,0.332455545037,0.300296713872,0.368114158192
confirmation,L1_NO_SCORE,L1_NO_SCORE|7|bottom|0|AWAY,2,2000,True,0.320608431128,0.28930472198,0.35721134274
confirmation,L1_NO_SCORE,L1_NO_SCORE|7|bottom|0|HOME,1,2000,True,0.262158263991,0.250142545199,0.274312193317
confirmation,L1_NO_SCORE,L1_NO_SCORE|7|bottom|0|HOME,2,2000,True,0.264210341497,0.246734155177,0.282200190044
confirmation,L1_NO_SCORE,L1_NO_SCORE|7|bottom|1|AWAY,1,2000,True,0.326328666851,0.299535442715,0.353241119629
confirmation,L1_NO_SCORE,L1_NO_SCORE|7|bottom|1|AWAY,2,2000,True,0.302266083193,0.279885142825,0.325279437284
confirmation,L1_NO_SCORE,L1_NO_SCORE|7|bottom|1|HOME,1,2000,True,0.276583661216,0.253408312117,0.301759139626
confirmation,L1_NO_SCORE,L1_NO_SCORE|7|bottom|1|HOME,2,2000,True,0.275731511196,0.257949162909,0.293340905356
confirmation,L1_NO_SCORE,L1_NO_SCORE|7|bottom|2|AWAY,1,2000,True,0.260721989546,0.242616832643,0.282289282828
confirmation,L1_NO_SCORE,L1_NO_SCORE|7|bottom|2|AWAY,2,2000,True,0.253223803534,0.23542333564,0.272534555827
confirmation,L1_NO_SCORE,L1_NO_SCORE|7|bottom|2|HOME,1,2000,True,0.238962663279,0.225694135809,0.252773750828
confirmation,L1_NO_SCORE,L1_NO_SCORE|7|bottom|2|HOME,2,2000,True,0.258227242558,0.23954437743,0.277820228253
confirmation,L1_NO_SCORE,L1_NO_SCORE|7|top|0|AWAY,1,2000,True,0.256767382048,0.244714351398,0.26964852918
confirmation,L1_NO_SCORE,L1_NO_SCORE|7|top|0|AWAY,2,2000,True,0.275607088867,0.263054601884,0.287831562936
confirmation,L1_NO_SCORE,L1_NO_SCORE|7|top|0|HOME,1,2000,True,0.341484279506,0.312242177783,0.368666616436
confirmation,L1_NO_SCORE,L1_NO_SCORE|7|top|0|HOME,2,2000,True,0.334209078281,0.306354353014,0.359506779081
confirmation,L1_NO_SCORE,L1_NO_SCORE|7|top|1|AWAY,1,2000,True,0.256380185143,0.241883097272,0.270790970299
confirmation,L1_NO_SCORE,L1_NO_SCORE|7|top|1|AWAY,2,2000,True,0.267343907211,0.252241687709,0.28215032176
confirmation,L1_NO_SCORE,L1_NO_SCORE|7|top|1|HOME,1,2000,True,0.320264126084,0.290045232338,0.353232130516
confirmation,L1_NO_SCORE,L1_NO_SCORE|7|top|1|HOME,2,2000,True,0.309497385475,0.281029158193,0.340831052377
confirmation,L1_NO_SCORE,L1_NO_SCORE|7|top|2|AWAY,1,2000,True,0.24685076342,0.233704732981,0.260110069331
confirmation,L1_NO_SCORE,L1_NO_SCORE|7|top|2|AWAY,2,2000,True,0.287616399267,0.270712108398,0.305289378322
confirmation,L1_NO_SCORE,L1_NO_SCORE|7|top|2|HOME,1,2000,True,0.273444276266,0.254985987941,0.292169445961
confirmation,L1_NO_SCORE,L1_NO_SCORE|7|top|2|HOME,2,2000,True,0.277235183349,0.259849136511,0.295992391877
confirmation,L1_NO_SCORE,L1_NO_SCORE|8|bottom|0|AWAY,1,2000,True,0.30793808068,0.271869422833,0.34585615441
confirmation,L1_NO_SCORE,L1_NO_SCORE|8|bottom|0|AWAY,2,2000,True,0.254627732421,0.216944636755,0.294053184872
confirmation,L1_NO_SCORE,L1_NO_SCORE|8|bottom|0|HOME,1,2000,True,0.236777564218,0.215691433641,0.257827350805
confirmation,L1_NO_SCORE,L1_NO_SCORE|8|bottom|0|HOME,2,2000,True,0.197109552264,0.173003416143,0.221774798551
confirmation,L1_NO_SCORE,L1_NO_SCORE|8|bottom|1|AWAY,1,2000,True,0.263340808102,0.241756037173,0.285104649345
confirmation,L1_NO_SCORE,L1_NO_SCORE|8|bottom|1|AWAY,2,2000,True,0.196560778387,0.174870446592,0.218629450842
confirmation,L1_NO_SCORE,L1_NO_SCORE|8|bottom|1|HOME,1,2000,True,0.223474980339,0.202654112674,0.245669861388
confirmation,L1_NO_SCORE,L1_NO_SCORE|8|bottom|1|HOME,2,2000,True,0.181586342081,0.156162639024,0.206943771581
confirmation,L1_NO_SCORE,L1_NO_SCORE|8|bottom|2|AWAY,1,2000,True,0.262339164576,0.22476531117,0.301560007519
confirmation,L1_NO_SCORE,L1_NO_SCORE|8|bottom|2|AWAY,2,2000,True,0.184986075727,0.148088108078,0.222420254611
confirmation,L1_NO_SCORE,L1_NO_SCORE|8|bottom|2|HOME,1,2000,True,0.182334962017,0.165422139426,0.198865723203
confirmation,L1_NO_SCORE,L1_NO_SCORE|8|bottom|2|HOME,2,2000,True,0.158525590792,0.133868241086,0.18213609423
confirmation,L1_NO_SCORE,L1_NO_SCORE|8|top|0|AWAY,1,2000,True,0.248739160467,0.236235084588,0.26189340609
confirmation,L1_NO_SCORE,L1_NO_SCORE|8|top|0|AWAY,2,2000,True,0.241913342256,0.227135093967,0.257051865922
confirmation,L1_NO_SCORE,L1_NO_SCORE|8|top|0|HOME,1,2000,True,0.311893238491,0.28621969188,0.34042159213
confirmation,L1_NO_SCORE,L1_NO_SCORE|8|top|0|HOME,2,2000,True,0.284663721378,0.260317454438,0.309572839241
confirmation,L1_NO_SCORE,L1_NO_SCORE|8|top|1|AWAY,1,2000,True,0.233521947985,0.218754112461,0.248876810431
confirmation,L1_NO_SCORE,L1_NO_SCORE|8|top|1|AWAY,2,2000,True,0.226280856854,0.20804460308,0.244613972621
confirmation,L1_NO_SCORE,L1_NO_SCORE|8|top|1|HOME,1,2000,True,0.309267650365,0.27595859122,0.345374780606
confirmation,L1_NO_SCORE,L1_NO_SCORE|8|top|1|HOME,2,2000,True,0.271321935562,0.239096709179,0.30541668968
confirmation,L1_NO_SCORE,L1_NO_SCORE|8|top|2|AWAY,1,2000,True,0.238765066877,0.225560342959,0.251931851112
confirmation,L1_NO_SCORE,L1_NO_SCORE|8|top|2|AWAY,2,2000,True,0.243621743589,0.225089749259,0.263150053267
confirmation,L1_NO_SCORE,L1_NO_SCORE|8|top|2|HOME,1,2000,True,0.262257909831,0.24351681031,0.281337777622
confirmation,L1_NO_SCORE,L1_NO_SCORE|8|top|2|HOME,2,2000,True,0.233244178475,0.214107316825,0.250655075246
confirmation,L1_NO_SCORE,L1_NO_SCORE|9|bottom|0|AWAY,1,2000,True,0.215277555475,0.186166558538,0.243471823805
confirmation,L1_NO_SCORE,L1_NO_SCORE|9|bottom|0|AWAY,2,2000,True,0.13365562186,0.100325960493,0.169392823715
confirmation,L1_NO_SCORE,L1_NO_SCORE|9|bottom|0|HOME,1,2000,True,0.106571586586,0.063992432851,0.151651302907
confirmation,L1_NO_SCORE,L1_NO_SCORE|9|bottom|0|HOME,2,2000,True,0.0375342975687,0.0128701257368,0.0671399871158
confirmation,L1_NO_SCORE,L1_NO_SCORE|9|bottom|1|AWAY,1,2000,True,0.183267216836,0.152165287177,0.216765353071
confirmation,L1_NO_SCORE,L1_NO_SCORE|9|bottom|1|AWAY,2,2000,True,0.104978531581,0.0801554399295,0.130072086857
confirmation,L1_NO_SCORE,L1_NO_SCORE|9|bottom|1|HOME,1,2000,True,0.0587374264537,0.0435627208918,0.0739296104889
confirmation,L1_NO_SCORE,L1_NO_SCORE|9|bottom|1|HOME,2,2000,True,0.0484520773104,0.0253678112482,0.0736106557784
confirmation,L1_NO_SCORE,L1_NO_SCORE|9|bottom|2|AWAY,1,2000,True,0.0936857675267,0.059957057086,0.124955271813
confirmation,L1_NO_SCORE,L1_NO_SCORE|9|bottom|2|AWAY,2,2000,True,0.06949076084,0.0415876412532,0.0961101937505
confirmation,L1_NO_SCORE,L1_NO_SCORE|9|bottom|2|HOME,1,2000,True,0.0391215220253,0.00967512455026,0.0793792324882
confirmation,L1_NO_SCORE,L1_NO_SCORE|9|bottom|2|HOME,2,2000,True,0.0386931862183,0.0175197771392,0.0633336178595
confirmation,L1_NO_SCORE,L1_NO_SCORE|9|top|0|AWAY,1,2000,True,0.170345537667,0.144658539839,0.194248262297
confirmation,L1_NO_SCORE,L1_NO_SCORE|9|top|0|AWAY,2,2000,True,0.108799903655,0.0855621198011,0.132893896786
confirmation,L1_NO_SCORE,L1_NO_SCORE|9|top|0|HOME,1,2000,True,0.271225906659,0.240829760131,0.298235431548
confirmation,L1_NO_SCORE,L1_NO_SCORE|9|top|0|HOME,2,2000,True,0.199812041254,0.168003365111,0.230725898102
confirmation,L1_NO_SCORE,L1_NO_SCORE|9|top|1|AWAY,1,2000,True,0.15106396319,0.124439058915,0.178191103337
confirmation,L1_NO_SCORE,L1_NO_SCORE|9|top|1|AWAY,2,2000,True,0.10986025784,0.0866462996528,0.135448217443
confirmation,L1_NO_SCORE,L1_NO_SCORE|9|top|1|HOME,1,2000,True,0.228896336662,0.196337946679,0.261649958558
confirmation,L1_NO_SCORE,L1_NO_SCORE|9|top|1|HOME,2,2000,True,0.153097992524,0.120861668702,0.185639200473
confirmation,L1_NO_SCORE,L1_NO_SCORE|9|top|2|AWAY,1,2000,True,0.121598139013,0.0965961073839,0.147048195446
confirmation,L1_NO_SCORE,L1_NO_SCORE|9|top|2|AWAY,2,2000,True,0.0982171844696,0.0727070462138,0.125523798557
confirmation,L1_NO_SCORE,L1_NO_SCORE|9|top|2|HOME,1,2000,True,0.159420714548,0.129251703916,0.191908188857
confirmation,L1_NO_SCORE,L1_NO_SCORE|9|top|2|HOME,2,2000,True,0.0888157759819,0.0648009473101,0.115529450574
