game_pk,team_id,state_W0,state_W1,state_W2,exact_W0,exact_W1,exact_W2
822686,120,0,0.2121149013,0.4519795348,0,0.8812678376,1.506900558
822686,144,0,0.1859921619,0.4176427391,0,0.4601582126,0.8318457661
822687,120,0,0.2296354233,0.4789701122,0,0.6406330863,1.035843443
822687,144,0,0.2840913466,0.6263980837,0,0.7287368776,1.389409679
822688,120,0,0.2084609154,0.4811786379,0,0.8909525211,1.597804382
822688,146,0,0.3195302034,0.5904353755,0,1.158865721,1.882264892
822689,120,0,0.2744971707,0.6368709225,0,0.9054870571,1.662506672
822689,146,0,0.2431113823,0.4517103929,0,0.5090579876,0.9274692569
822690,120,0.4637000417,0.6617565508,0.9190303156,0.5804434029,1.553456957,2.275973116
822690,146,0.2606719488,0.4818282661,0.7651730896,0.622411536,1.176091909,1.662329843
822691,120,0,0.2515435069,0.6736074482,0,0.8176446814,1.483569307
822691,146,0,0.2262686505,0.5013915386,0,1.581576992,2.509630617
822692,115,0,0.1669539812,0.3793923146,0,0.3624689082,0.6651679504
822692,120,0,0.3528915966,0.734874399,0,0.7290304368,1.349698398
822693,115,0,0.3634993199,0.8030410998,0,0.6706248972,1.269869765
822693,120,0,0.2261031352,0.5094580475,0,0.8288257944,1.499503248
822694,115,0,0.2167673668,0.4873055187,0,0.8650386896,1.463190452
822694,120,0,0.2260012513,0.4814914474,0,0.8003387031,1.31560883
822695,115,0,0.2349988963,0.5506886081,0,1.088155516,2.029233424
822695,120,0,0.3787381346,0.6671520923,0,0.8273039691,1.501580561
822696,112,0,0.1874208193,0.3835606362,0,0.7977918715,1.369050933
822696,120,0,0.1766359928,0.3872087371,0,0.6664029838,1.107201955
822697,112,0,0.2219533238,0.4168919036,0,0.6646488446,1.187168467
822697,120,0,0.2253356213,0.5320588459,0,1.590943643,2.618661141
822698,112,0,0.2795950489,0.555231779,0,0.9180620259,1.469403933
822698,120,0,0.2326048366,0.5420845292,0,0.7829197894,1.307856967
822699,113,0,0.2110140119,0.5064709063,0,0.497751451,0.9176548049
822699,120,0,0.2801982153,0.5337009221,0,0.943589912,1.625121591
822700,113,0,0.2660006316,0.58292432,0,0.6881633305,1.256635729
822700,120,0,0.2295104542,0.4827953194,0,0.6875142158,1.168539066
822701,113,0,0.1716686885,0.3825585508,0,1.106585849,1.916178304
822701,120,0,0.2451979652,0.5444032203,0,0.6325621345,1.060726539
822702,120,0,0.2582484637,0.5778466737,0,0.6789200066,1.237768812
822702,141,0,0.158043917,0.3157257227,0,1.123675622,1.701547581
822703,120,0,0.2206864259,0.5566134221,0,0.9871296262,1.700870576
822703,141,0,0.2856630422,0.6332621689,0,2.066946287,3.401606482
822704,109,0,0.2576138859,0.5497200238,0,0.635894225,1.052328601
822704,120,0,0.3167000843,0.6338640339,0,0.8578677599,1.36950131
822705,120,0,0.2031788771,0.4447557724,0,0.7115689043,1.189052701
822705,141,0,0.657723586,1.222002283,0,0.9013268918,1.654771614
822706,109,0,0.3231101183,0.5796008706,0,0.6583276749,1.171876031
822706,120,0,0.2411897419,0.5822079638,0,1.006924488,1.821389604
822707,109,0,0.2696558865,0.6050172691,0,0.721841753,1.252555899
822707,120,0,0.3146708929,0.7475374588,0,0.9381316403,1.744435239
822708,120,0,0.2149235435,0.4700396923,0,0.5713202772,1.026101883
822708,147,0,0.2672201122,0.5419055973,0,0.7610465054,1.343951061
822709,120,0,0.1763134509,0.3756937073,0,0.6419630342,1.144266828
822709,147,0,0.2456596676,0.4921158195,0,0.7042740271,1.331806189
822710,117,0,0.1992184313,0.4762816016,0,1.700205678,2.784277899
822710,120,0,0.4530600537,0.8821633241,0,0.7550678534,1.260732293
822711,120,0,0.2356738231,0.5750762589,0,0.5260968637,0.9911734659
822711,147,0,0.3494047606,0.7764120607,0,0.9546837055,1.633310983
822712,117,0,0.2695823914,0.590052119,0,0.9611086097,1.750156465
822712,120,0,0.2362369456,0.5163234021,0,0.6415642085,1.200915583
822713,117,0,0.2049113023,0.5376599511,0,1.112078778,2.085946129
822713,120,0,0.2126478509,0.5349151186,0,0.7647784395,1.472972195
822714,120,0,0.2301352439,0.5284144032,0,0.6392440161,1.200098951
822714,134,0,0.2022340624,0.3829477222,0,0.7328593125,1.158055306
822715,120,0,0.2386635425,0.5725403222,0,1.344955094,2.25208755
822715,134,0,0.1934290446,0.4407730978,0,0.8861195651,1.651578806
822716,120,0,0.2132046257,0.5084622346,0,1.337363758,2.317793435
822716,134,0,0.5902059115,1.047899393,0,1.167763383,1.847605713
822717,120,0,0.2284846878,0.593604461,0,1.559869172,2.37811035
822717,143,0,0.2245771897,0.4788811387,0,0.4831200897,0.8843368607
822718,120,0,0.2020519505,0.4512366929,0,0.6904739776,1.237905872
822718,143,0,0.2709515537,0.4543036645,0,0.7550618573,1.38552034
822719,120,0,0.1804126331,0.3856125986,0,0.4832455396,0.8825246538
822719,143,0,0.1885894313,0.3797902471,0,0.6850682783,1.161397171
822720,120,0,0.2031117901,0.4559066334,0,1.25319336,1.799143344
822720,143,0,0.2366596945,0.6379922128,0,0.8924881747,1.592090472
822721,118,0,0.2117103773,0.4589729593,0,0.730227307,1.167392406
822721,120,0,0.1796340914,0.4251457063,0,0.8735028006,1.509215064
822722,120,0,0.1805892979,0.3825615824,0,0.5437996291,0.8238064306
822722,136,0,0.2073149161,0.4296050283,0,0.6682251794,1.091399413
822723,118,0,0.1854352854,0.4064569213,0,0.8790887917,1.439705797
822723,120,0,0.3716785184,0.8464171625,0,0.7439075536,1.409031783
822724,118,0,0.232697839,0.4238830071,0,0.6114558459,1.053277776
822724,120,0,0.190299327,0.4242555964,0,0.559913828,0.9904616718
822725,120,0,0.1853039888,0.386898018,0,0.6607406075,1.095817224
822725,136,0,0.1549581803,0.304098334,0,0.8957243318,1.450011778
822726,120,0,0.2912051009,0.7063939224,0,0.9314309997,1.507838646
822726,136,0,0.2281441847,0.5206670318,0,0.3540832549,0.6587274485
822727,120,0,0.2106950807,0.4886805997,0,0.9743388417,1.751087152
822727,146,0,0.1938489013,0.4064856463,0,1.026193073,1.626959858
822728,120,0,0.2220017775,0.5349231133,0,0.8814128485,1.622519809
822728,146,0,0.2289984844,0.4662650912,0,0.7141391452,1.154259116
822729,120,0,0.2350994415,0.5457695146,0,0.8188306244,1.408038818
822729,135,0,0.2318702372,0.5352200339,0,0.5993277688,1.060950573
822730,120,0,0.3480732154,0.8172588237,0,0.6810672724,1.16082674
822730,146,0,0.3909011684,0.8497893159,0,0.8215506898,1.23490743
822731,120,0,0.2312650773,0.5505593634,0,0.6173424685,1.149788812
822731,135,0,0.2114025769,0.4270776794,0,1.066435965,1.747938699
822732,120,0,0.7851217049,1.45661952,0,1.111297545,1.898214149
822732,135,0,0.2281530422,0.5220516732,0,0.8957166271,1.620482134
822733,120,0,0.2357400382,0.4824639863,0,0.74515008,1.262789807
822733,121,0,0.23077754,0.5589512851,0,0.6739659899,1.201568151
822734,120,0.7985568266,1.003564842,1.247606542,1.009702709,1.915531876,2.57010375
822734,121,0.8901392564,1.087225777,1.329510646,1.199524941,2.458247796,3.396585806
822735,120,0,0.1889669106,0.3972769873,0,0.511126997,0.9447654643
822735,121,0,0.2272399603,0.5786967782,0,0.7886656049,1.331776277
822736,120,0,0.217133461,0.46926589,0,0.5321392167,0.9332886376
822736,121,0,0.2116004517,0.4390213326,0,0.4160054287,0.7683729304
822737,110,0,0.2481549858,0.4997466907,0,0.7044757408,1.239380409
822737,120,0,0.2177174083,0.4298228358,0,0.7285846406,1.239027351
822738,110,0,0.179752565,0.4113548616,0,1.164760084,1.891215461
822738,120,0,0.1958949091,0.4020526102,0,0.8776611296,1.602966569
822739,110,0,0.2156805024,0.4313734112,0,0.699891633,1.183875614
822739,120,0,0.2176745602,0.5026935431,0,0.7486657632,1.383828592
822740,120,0,0.1824912057,0.4498720002,0,0.7017622249,1.233479402
822740,142,0,0.2774931525,0.5594369719,0,0.9654149338,1.570589518
822741,120,0,0.1676589346,0.4182932992,0,1.131222256,1.941349765
822741,142,0,0.2528602612,0.571154364,0,0.813958774,1.442442616
822742,120,0,0.2014195866,0.4308181999,0,0.6168887612,1.111932413
822742,158,0,0.2307545621,0.5245158284,0,0.5934803913,1.048421512
822743,120,0,0.1786278595,0.3972726663,0,1.299753399,2.025597
822743,142,0,0.367908713,0.9473413149,0,0.8921083818,1.613513848
822744,120,0,0.2229552989,0.5027320485,0,1.261234007,2.153852077
822744,158,0,0.2337368522,0.4843366323,0,0.8557695725,1.454209305
822745,120,0,0.1948033045,0.4114053423,0,0.9906226108,1.610232145
822745,144,0,0.2267328793,0.4434401598,0,0.5795287468,1.062013107
822746,120,0,0.2416437438,0.5804554663,0,0.9745387315,1.747588921
822746,158,0,0.177031037,0.402051682,0,0.6839149603,1.209848008
822747,120,0,0.2803034728,0.7571097245,0,1.533509116,2.068930549
822747,144,0,0.3095265688,0.7513594951,0,1.42232203,2.568925904
822748,120,0,0.3122648936,0.6761915197,0,0.7870349231,1.388932471
822748,144,0,0.188745199,0.4379331562,0,0.5588823663,0.9879711854
822749,120,0,0.2415883519,0.4946030953,0,1.003549888,1.749241651
822749,144,0,0.1753075752,0.4005471543,0,0.7443346348,1.260829045
822750,120,0,0.2166348473,0.4552521605,0,0.5226343474,0.9266235353
822750,137,0,0.1560468406,0.3587023138,0,0.8449152538,1.33037127
822751,120,0.7962730876,0.9807373436,1.201470097,0.858980568,1.29732174,1.693474699
822751,137,0.737480219,0.9892949122,1.263903813,1.108328794,1.832802331,2.417321166
822752,120,0,0.3053330826,0.688219001,0,1.540610278,2.391035511
822752,137,0,0.2004646631,0.4406449225,0,0.9868950617,1.486831044
822753,120,0,0.2830533221,0.6856249807,0,0.8746282708,1.604015981
822753,138,0,0.3247795503,0.6706623729,0,0.6677284859,1.191332385
822754,120,0.2439165082,0.5810072508,1.012599907,0.2732348049,1.497289245,2.404056865
822754,138,0.3912408295,0.6715293243,0.9817511974,0.6513319832,1.513391154,2.005262662
822755,120,0,0.1681661175,0.361967927,0,0.6170720886,1.076194039
822755,138,0,0.338802617,0.8582266488,0,1.112051018,1.822015274
822756,119,0,0.2360997227,0.4507617589,0,0.6655438044,1.184978676
822756,120,0,0.1862868284,0.3917403948,0,0.7571096687,1.282199091
822757,119,0,0.2233036161,0.4611261417,0,0.5658751541,1.075062596
822757,120,0,0.2897273357,0.714893889,0,1.022956046,1.835689526
822758,119,0,0.4662752301,0.6452392185,0,0.7332529929,1.222208031
822758,120,0,0.255377783,0.507551629,0,0.8757958898,1.624582063
822766,136,0,0.2696578564,0.5816730583,0,0.7396167585,1.283423821
822766,141,0,0.1804598372,0.3813192503,0,0.4413196257,0.7562766689
822769,136,0,0.2513180482,0.6483614767,0,0.8921484823,1.524684022
822769,141,0,0.2035748395,0.4474720885,0,0.4319356343,0.8208708132
822770,136,0,0.1967463756,0.4517376491,0,1.440242479,2.426516786
822770,141,0,0.1708829627,0.378778456,0,0.727869366,1.219524685
822771,118,0,0.4123490851,0.8511118179,0,0.751870318,1.331319025
822771,141,0,0.200079506,0.4759630552,0,0.8781479578,1.548071856
822772,118,0,0.3064129778,0.5738230171,0,0.5380467604,0.9658715208
822772,141,0,0.2155869935,0.4663343049,0,0.7235988298,1.155558975
822773,118,0,0.4328501028,0.7188288005,0,1.053599773,1.616963571
822773,141,0,0.6002270154,1.294645418,0,1.065703116,1.772547691
822774,141,0.2217302451,0.4319948965,0.7151944861,0.2392722432,0.7344051491,1.157389499
822774,147,0.199985712,0.35689844,0.5496995705,0.20022852,0.9126237456,1.440011323
822775,141,0,0.2523838714,0.5987941613,0,0.7656147451,1.317329259
822775,147,0,0.1680960883,0.3601212381,0,0.9508030638,1.650777912
822776,111,0,0.1603088051,0.3504413709,0,0.3301938873,0.6484690091
822776,141,0,0.2460126289,0.4963129161,0,1.020222945,1.826192903
822777,141,0,0.2372313343,0.4869246062,0,0.7195151515,1.191508206
822777,147,0,0.2259309891,0.5500444392,0,0.8277783279,1.456028524
822778,111,0,0.2284847299,0.4737977174,0,0.6297511373,1.123061824
822778,141,0,0.2153494324,0.4648671412,0,0.852331142,1.478022513
822779,111,0,0.1784739991,0.3859764464,0,1.332519883,1.962896502
822779,141,0,0.2620306945,0.6359411651,0,0.7266628752,1.233257461
822780,111,0,0.332767331,0.576933662,0,0.6260059457,1.157484307
822780,141,0,0.3131107341,0.7553187359,0,0.7298593496,1.272020867
822781,138,0,0.2361981252,0.5326372531,0,0.8227491221,1.458233552
822781,141,0,0.1645718412,0.352786913,0,0.736237925,1.308489666
822782,138,0,0.1687401848,0.3876372735,0,0.9564565885,1.686104594
822782,141,0,0.2314703606,0.4625621501,0,0.3873030761,0.7409149832
822783,138,0,0.2160912268,0.4235206173,0,0.6625419283,1.155531019
822783,141,0,0.1962644316,0.4005683879,0,0.7331283638,1.355596702
822784,139,0,0.277736618,0.6180837394,0,0.8892921425,1.496323455
822784,141,0,0.1961344962,0.404822272,0,0.6543692508,1.126723358
822785,139,0,0.2532685566,0.5095896462,0,0.6479932667,1.138740485
822785,141,0,0.2106959286,0.4524119349,0,0.3293973002,0.6404715705
822786,141,0,0.2110990009,0.4235757999,0,0.6872297029,1.136092872
822786,145,0,0.1770371035,0.4029432466,0,0.3721296113,0.6753496576
822787,139,0,0.1802045906,0.432181244,0,1.278148093,1.949691214
822787,141,0,0.2744888047,0.5792913361,0,0.8477225668,1.448995586
822788,139,0,0.2552327343,0.4425265266,0,0.483602208,0.909453948
822788,141,0,0.1904522009,0.3873723045,0,0.6915279907,1.200982492
822789,141,0,0.2554137443,0.5852690741,0,0.9520957815,1.632982683
822789,145,0,0.2018744291,0.4572366369,0,1.250530952,2.107910934
822790,141,0,0.1803211674,0.4023766289,0,0.4302437855,0.8148891645
822790,145,0,0.2548366544,0.4693942311,0,0.408454093,0.7860912168
822791,121,0,0.2575797183,0.6056575454,0,0.764443589,1.376332408
822791,141,0,0.3434028969,0.7059683873,0,0.5550578324,0.9238943525
822792,121,0,0.2192225661,0.4322474195,0,0.8300552398,1.464750197
822792,141,0,0.2051508775,0.4777345978,0,0.7170434592,1.208322666
822793,121,0,0.2236066143,0.5228925002,0,0.4669564636,0.8170097927
822793,141,0,0.1664596569,0.3762250505,0,0.7428850053,1.180344956
822794,140,0,0.2428195903,0.5067861536,0,0.7503287431,1.304585973
822794,141,0,0.2054414459,0.4809974207,0,0.7557084969,1.40909537
822795,140,0,0.2112087949,0.4678025273,0,0.5533717674,0.9173486223
822795,141,0,0.6266460935,1.485315982,0,1.420665243,2.485265945
822796,140,0,0.239919025,0.5096981652,0,0.9305719388,1.654466256
822796,141,0,0.5711866449,1.298973989,0,1.07656812,2.020364673
822797,140,0,0.2310458938,0.4770724953,0,1.228992338,2.026396992
822797,141,0,0.206033029,0.449300282,0,1.278964351,2.089765881
822798,117,0,0.1926400892,0.4261095677,0,0.6811080053,1.191949226
822798,141,0,0.1721287448,0.3682621461,0,0.7116900264,1.298760461
822799,117,0.5725915129,0.8123020991,1.051781646,0.6285492488,1.398935727,1.976763317
822799,141,0.4137058083,0.6388642616,0.9142542878,0.4536204302,1.26921672,1.834420736
822800,117,0,0.2469214791,0.5050763648,0,1.056077199,1.858181614
822800,141,0,0.4981512054,1.213513554,0,1.06902642,1.884063101
822801,141,0,0.2454485447,0.5769683271,0,0.7388283432,1.310568368
822801,147,0,0.3574391113,0.7117208901,0,1.242992599,2.150394651
822802,141,0,0.3185589466,0.576248795,0,0.5237256223,0.930309721
822802,147,0,0.2023158619,0.4782887675,0,0.7472296264,1.391593923
822803,141,0,0.1949526132,0.4268735258,0,0.7077302479,1.303017491
822803,147,0,0.2018107369,0.4537921391,0,0.654372515,1.073483388
822804,141,0,0.1763033072,0.3971501531,0,0.7800960304,1.435513382
822804,143,0,0.2206892174,0.4261847446,0,0.8341337704,1.516553703
822805,141,0,0.2805476787,0.6642528319,0,0.5259094996,0.9511840991
822805,143,0,0.2207644752,0.5153984844,0,0.5145884869,0.9744756974
822806,141,0,0.2572396738,0.5149627589,0,1.033826677,1.802697156
822806,143,0,0.1831882419,0.4119905474,0,0.8468567951,1.413684417
822807,110,0,0.2692114721,0.4729522079,0,0.4966613615,0.9334523603
822807,141,0,0.2460456747,0.5218247945,0,0.84473805,1.245045745
822808,110,0,0.3180799581,0.6737561435,0,0.8192901118,1.387961761
822808,141,0,0.2559038432,0.6293659676,0,0.7158379504,1.157288163
822809,141,0,0.2780012039,0.5873033239,0,0.90479805,1.639578411
822809,146,0,0.1864829905,0.4449624481,0,0.7189977683,1.202417821
822810,110,0,0.166791704,0.3651319329,0,0.5800019079,1.01377331
822810,141,0,0.1515927178,0.3202240683,0,0.8901080998,1.603742868
822811,141,0,0.4917945629,1.157139566,0,1.283870736,1.773512108
822811,146,0,0.2370400234,0.6319737219,0,0.8761184868,1.455277536
822812,141,0,0.1544534662,0.3308795915,0,0.8661827401,1.417223444
822812,146,0,0.2279801479,0.4347300857,0,0.6878043854,1.225545005
822813,134,0,0.26460812,0.6754471697,0,0.9477061362,1.738238372
822813,141,0,0.1501782801,0.3573578262,0,0.7414338576,1.258962563
822814,134,0,0.2209042641,0.507299807,0,0.878263817,1.465680857
822814,141,0,0.2430547642,0.5807116619,0,0.5946495113,1.086987915
822815,139,0.2701527598,0.4808327779,0.7382293552,1.167665304,2.612259949,3.659820441
822815,141,0.2348087894,0.4802675741,0.6799469383,0.36029424,1.133839798,1.681001298
822816,134,0,0.245288484,0.5472198426,0,0.9708707211,1.747206505
822816,141,0,0.2271153675,0.515709941,0,0.8041521558,1.375706143
822817,139,0.3023669994,0.6792127322,0.9033758456,0.3630151042,1.094678533,1.599497375
822817,141,0.4144656473,0.6505166494,0.9674928036,0.7021340168,1.635137999,2.407981275
822818,139,0,0.2959885118,0.5840645498,0,0.5799977652,1.04840048
822818,141,0,0.2803260895,0.5824547806,0,0.4453797896,0.8411314333
822819,108,0,0.3231582882,0.6006848474,0,0.6701488981,1.107636038
822819,141,0,0.1831185925,0.3788783315,0,0.458603303,0.7973084396
822820,108,0,0.1713983087,0.3804541523,0,1.261919053,1.972921251
822820,141,0,0.2270244007,0.4662026263,0,1.089257176,1.975217886
822821,111,0,0.2046338696,0.4462786668,0,0.5699518478,1.031796348
822821,141,0,0.1975583705,0.4440559774,0,0.890545687,1.531959116
822822,108,0,0.1867299382,0.4033413528,0,1.114081214,1.779509494
822822,141,0,0.1964329606,0.414268271,0,0.6490840293,1.023374961
822823,111,0,0.1756949664,0.3974656996,0,0.4257891474,0.7652615805
822823,141,0,0.1894263198,0.4260430788,0,0.489440585,0.79842944
822824,114,0,0.2971805576,0.5605928292,0,0.8920821484,1.444445334
822824,141,0,0.2144037752,0.5078038749,0,0.7740144457,1.384917776
822825,111,0,0.1996445768,0.4056560218,0,0.5153117981,0.8854116874
822825,141,0,0.193841102,0.4210931707,0,0.8360120584,1.403933008
822826,114,0,0.2353322095,0.500885848,0,1.381643031,2.055495775
822826,141,0,0.1950737208,0.42279404,0,0.696237479,1.275656788
822827,114,0,0.2533164428,0.5114162128,0,0.6672380254,1.166482336
822827,141,0,0.2704783345,0.5744020746,0,1.152097291,1.904615978
822828,141,0,0.2417842074,0.5057531596,0,1.037402282,1.890908727
822828,142,0,0.1848706355,0.4682351899,0,1.432128543,2.357795198
822829,141,0,0.2063385948,0.4661169225,0,0.6311348295,1.119156265
822829,142,0,0.289957308,0.5152358368,0,0.5646073941,1.017310073
822830,141,0,0.1934799435,0.3871047396,0,1.259954718,2.041420545
822830,142,0,0.2512124631,0.573722937,0,0.6882637543,1.1703502
822831,119,0,0.2181097791,0.4131296679,0,1.354837123,2.322035081
822831,141,0,0.2225950589,0.486030825,0,0.5349627083,0.9371493416
822832,119,0,0.2389299163,0.5840185728,0,0.7833322187,1.330105261
822832,141,0,0.2365988857,0.4957255882,0,1.033802963,1.731917076
822833,119,0,0.3265244875,0.6237892549,0,1.133891172,1.728988227
822833,141,0,0.2932635457,0.7981728592,0,1.497008495,2.618252952
822834,115,0,0.1856066611,0.4030675968,0,0.9140546724,1.562392222
822834,141,0,0.1723284729,0.3772131762,0,0.7446974999,1.294848089
822835,115,0.286750872,0.5169470668,0.8004227525,0.286750872,1.336126908,2.095828297
822835,141,0.4498363513,0.7076678156,0.9345871539,0.4547459622,1.022254035,1.533782702
822836,115,0,0.2303917783,0.5453679529,0,1.62925463,2.627727553
822836,141,0,0.23741015,0.5025730544,0,0.981984243,1.606679527
822837,133,0,0.1871763856,0.4358712046,0,1.516747902,2.372882652
822837,141,0,0.2428084938,0.5199203797,0,0.4206261058,0.8009118824
822838,133,0.4511766386,0.6602588078,0.8890313632,0.741408192,1.708045504,2.527734383
822838,141,0.5709457339,0.75532381,0.9571623363,0.7026666691,1.541531024,2.188374812
822839,133,0,0.1744116385,0.3803195053,0,0.7742533318,1.279408473
822839,141,0,0.2140310179,0.4912651497,0,0.727968403,1.219432607
822848,139,0,0.2989162279,0.6255148191,0,0.8581456309,1.515737937
822848,140,0,0.2466158334,0.563476832,0,0.7435354209,1.325650234
822850,139,0.2815031587,0.5234621047,0.7672232735,0.2815031587,0.6340417317,0.9218047101
822850,140,0.3620355533,0.5161460061,0.6922513521,0.4159280829,0.8776025907,1.192256172
822851,133,0,0.1944305545,0.4147519609,0,0.5930855852,1.067819591
822851,140,0,0.2640379643,0.5222548887,0,0.8633609089,1.504449195
822852,139,0,0.2714760329,0.5375051438,0,0.8417864684,1.520131952
822852,140,0,0.1806892583,0.3675712234,0,0.5721101333,0.9797702469
822853,139,0,0.2171859945,0.5002230436,0,0.4544475241,0.8406424899
822853,140,0,0.1730220145,0.3810747777,0,0.469705128,0.8294506336
822854,133,0,0.2362115628,0.4888541974,0,1.215807106,2.05639025
822854,140,0,0.2929537363,0.6593073265,0,1.368869953,2.331009926
822855,133,0,0.1839732122,0.4223764747,0,1.169421093,1.899555873
822855,140,0,0.1815336496,0.3946658723,0,0.578775342,1.005127766
822856,108,0,0.192448702,0.4518110309,0,0.5703325318,1.049985046
822856,140,0,0.1984038187,0.4644961613,0,0.4294604121,0.8248864023
822857,108,0.200464176,0.4250720167,0.7364043304,0.24031296,1.408800485,2.227933437
822857,140,0.6336875669,0.9449481748,1.361163052,0.7765378829,2.18158796,2.793780686
822858,108,0,0.2424634034,0.5261859553,0,0.556634909,0.9114198471
822858,140,0,0.4804323972,0.7976244186,0,0.6090779406,1.122110516
822859,120,0,0.2440641346,0.4785530014,0,1.066555525,1.939140492
822859,140,0,0.2171372127,0.4747854094,0,0.8285144674,1.347372777
822860,120,0,0.1937801577,0.46391332,0,0.5080165319,0.9340532465
822860,140,0,0.1971689131,0.4477607345,0,0.5390166778,1.013364828
822861,120,0,0.1696437982,0.3894439633,0,0.929672409,1.652813236
822861,140,0,0.196091444,0.4616790504,0,0.7701682577,1.336288808
822862,110,0,0.3190915881,0.5404634948,0,0.6387932287,1.199033298
822862,140,0,0.3085544814,0.7159190163,0,0.8761855137,1.592886462
822863,110,0,0.1807135797,0.3912948162,0,0.6606479974,1.089576111
822863,140,0,0.2162968352,0.4522106466,0,0.7798512473,1.282969766
822864,110,0,0.1849145159,0.4559584188,0,0.6672976345,1.200458994
822864,140,0,0.2298957712,0.4467631767,0,0.4192953605,0.8061192314
822865,137,0,0.2805667225,0.6934821766,0,0.8955175252,1.700654108
822865,140,0,0.1924389132,0.4975272705,0,0.991333775,1.650809517
822866,137,0,0.1591623332,0.361200168,0,0.4755398528,0.9016785655
822866,140,0,0.1980318263,0.4534085837,0,0.5992854137,1.085805701
822867,137,0,0.3010987188,0.5870822067,0,0.4541541287,0.8390984043
822867,140,0,0.1868092328,0.3922190114,0,0.6891250956,1.251109145
822868,136,0,0.2256047397,0.5067674133,0,0.7041868792,1.187993979
822868,140,0,0.1537994559,0.3583654211,0,0.549468479,0.953110818
822869,136,0,0.3367983331,0.9029579998,0,0.9955009577,1.727020099
822869,140,0,0.1880473242,0.426761274,0,0.3900397854,0.7138799696
822870,136,0,0.3811424297,0.6322609761,0,0.6994130168,1.186083167
822870,140,0,0.252526015,0.5284802889,0,0.5247295347,0.9736536184
822871,140,0,0.226593769,0.5184761473,0,0.5423135279,0.9388901945
822871,145,0,0.2383968638,0.4713923392,0,0.4762338391,0.8855779171
822872,136,0,0.2351637559,0.5076521635,0,0.6443275723,1.087890016
822872,140,0,0.2059885052,0.4762974608,0,0.8954957523,1.449221656
822873,140,0,0.220789639,0.5019271707,0,0.8847136477,1.619215607
822873,145,0,0.3189616501,0.5554926375,0,0.5861373253,1.066762909
822874,140,0,0.326775778,0.8692620921,0,1.143679253,2.113771342
822874,145,0,0.2076347753,0.4815898296,0,0.5884553372,1.049362022
822875,117,0,0.1972952993,0.4123397305,0,0.4644671028,0.8749148604
822875,140,0,0.2101787239,0.4629857728,0,0.7545428246,1.316944212
822876,117,0,0.2175168748,0.4757485175,0,0.7724357695,1.441252886
822876,140,0,0.3792013604,0.7426266909,0,1.121898478,1.73147273
822877,108,0,0.191480175,0.4186964381,0,0.7563269656,1.403528193
822877,140,0,0.2537897321,0.5680832996,0,1.154415127,2.030077321
822878,117,0,0.2757950197,0.5423227832,0,0.6812243319,1.150546146
822878,140,0,0.2302327693,0.5474247992,0,0.5547803439,1.006042936
822879,116,0,0.2150597094,0.4465848069,0,0.415613869,0.7828207303
822879,140,0,0.2857435603,0.6723501383,0,0.9524422799,1.63412656
822880,108,0,0.2582337526,0.661391025,0,0.8755303179,1.53569075
822880,140,0,0.3947398884,0.8105127133,0,0.6285608027,1.142466702
822881,108,0,0.235929194,0.4477933699,0,0.6385772469,1.089017469
822881,140,0,0.2608637264,0.525713479,0,0.6630131461,1.187892979
822882,116,0,0.2194772883,0.4978316019,0,0.5166142696,0.9191642004
822882,140,0,0.2067494939,0.46358126,0,0.5741700116,1.009206028
822883,135,0,0.1562314407,0.3353003004,0,0.8279060551,1.513687527
822883,140,0,0.2540169068,0.4985977784,0,0.5671091683,0.9776082223
822884,116,0,0.2197377498,0.478275408,0,1.666247588,2.939007138
822884,140,0,0.1955911146,0.4308982162,0,0.6437881585,1.115176455
822885,135,0.2431773181,0.4622277362,0.6842637531,0.4993904257,1.184779006,1.629580518
822885,140,0.2861207829,0.5275471511,0.7960193505,0.366076848,0.9970419835,1.477468858
822886,135,0,0.3951498115,0.8971068091,0,1.196812867,2.149684914
822886,140,0,0.2994134066,0.8007116839,0,0.8525177059,1.552292217
822887,140,0,0.1836182486,0.3736110611,0,0.2835338976,0.5429671125
822887,142,0,0.1993663127,0.415033963,0,0.3874519955,0.7015870979
822888,140,0,0.1980316527,0.5060610591,0,1.196879275,1.993306191
822888,142,0,0.1741125158,0.3967663554,0,0.7494747154,1.400443421
822889,140,0,0.3426581377,0.6316954406,0,0.6486573173,1.077597662
822889,142,0,0.2373268944,0.4960806045,0,0.7230065543,1.323482756
822890,114,0,0.1981023639,0.4407643785,0,0.4405858984,0.8141576014
822890,140,0,0.18413511,0.3821845574,0,0.809836237,1.448303221
822891,114,0,0.3087983199,0.5258096894,0,0.6324810804,0.9815903952
822891,140,0,0.1969145336,0.4236167733,0,0.5811393345,1.041721387
822892,114,0,0.302370867,0.7354601777,0,0.9287472266,1.291170006
822892,140,0,0.1838501066,0.3849799213,0,0.7713670518,1.356831382
822893,118,0,0.2218405832,0.4625907202,0,0.9389815212,1.718863984
822893,140,0,0.1923811334,0.4443438449,0,0.6803256874,1.136980553
822894,118,0,0.2164320945,0.5241639045,0,0.7357241454,1.268825211
822894,140,0,0.3164926075,0.6531175408,0,0.9956273702,1.767001448
822895,118,0,0.1694612772,0.3275016638,0,0.6890178098,1.214478554
822895,140,0,0.2010934702,0.4270160443,0,0.6966668182,1.176381599
822896,117,0,0.2188542022,0.3659500174,0,0.805708467,1.408722997
822896,140,0,0.2390081437,0.5874518707,0,0.6659662812,1.07720414
822897,117,0,0.3499966965,0.7158862934,0,0.624286704,1.118656434
822897,140,0,0.2006334626,0.4281794204,0,0.7849549919,1.373515622
822898,117,0,0.2402238632,0.5650066552,0,0.9236156485,1.463565662
822898,140,0,0.3018942789,0.5869129777,0,0.6964469613,1.242768009
822899,117,0,0.2581243057,0.6045038513,0,0.7927458725,1.394190019
822899,140,0,0.3465038555,0.6900723887,0,0.7350287586,1.354760731
822900,109,0,0.3243007874,0.6998352007,0,0.5902154532,0.9301407391
822900,140,0,0.4817654041,1.033649038,0,1.431971148,2.549489803
822901,109,0,0.1799933666,0.4725814225,0,0.723454729,1.131344238
822901,140,0,0.2096903026,0.4755129521,0,0.8397801365,1.395550583
822902,112,0,0.2821103894,0.6276856299,0,0.473129795,0.8890631054
822902,140,0,0.1861443757,0.384900931,0,0.3473649978,0.633397647
822903,109,0,0.2072757981,0.452388156,0,0.7756032255,1.33966818
822903,140,0,0.3038836069,0.7509805013,0,0.6975541363,1.320592613
822904,112,0,0.3161486896,0.5838052634,0,0.846132644,1.521811417
822904,140,0,0.1967707728,0.4458859026,0,1.021648221,1.925377674
822905,112,0,0.1822099665,0.4193222038,0,1.0813376,1.890472784
822905,140,0,0.1780380486,0.4143828436,0,0.84838609,1.57523862
822906,140,0,0.1925757495,0.3747757742,0,0.5713089614,0.9322872903
822906,147,0,0.224230152,0.4861920733,0,0.5400396676,0.9578755386
822907,140,0,0.2639464483,0.6872697925,0,1.073005321,1.654669652
822907,147,0,0.2336702578,0.4971103752,0,0.9989700235,1.63726414
822908,140,0,0.2096260221,0.4423421775,0,0.39317379,0.7272217207
822908,147,0,0.2484032006,0.4705180627,0,0.8937658111,1.628576684
822909,133,0,0.1583050847,0.3503608708,0,0.5414975274,0.9688359354
822909,140,0,0.1707678328,0.3436104945,0,0.5196766789,0.9033358703
822910,133,0,0.2906140667,0.5270330524,0,0.8761454795,1.366190837
822910,140,0,0.1863448817,0.4034461262,0,1.080859338,1.72839639
822911,133,0,0.1682429169,0.3888920366,0,0.8464565446,1.507554044
822911,140,0,0.2003077246,0.4603112043,0,0.6639922176,1.208831635
822912,134,0,0.1897279068,0.4534996147,0,0.7486151841,1.299480762
822912,140,0,0.2545985987,0.6124030654,0,0.7251694823,1.150298661
822913,134,0,0.1919640033,0.4596967742,0,0.7674944121,1.282737048
822913,140,0,0.1756452526,0.4009042519,0,0.9331104345,1.531280134
822914,134,0,0.2006321863,0.4662917029,0,0.738246747,1.368300213
822914,140,0,0.2625547982,0.6315647662,0,0.6658783884,1.183901675
822915,136,0,0.2546693969,0.6337575052,0,1.033261874,1.812618691
822915,140,0,0.3360086666,0.7695230969,0,0.6560347239,1.089698591
822916,136,0,0.1720807902,0.396223935,0,0.5321763358,0.8371497078
822916,140,0,0.1824732275,0.40373025,0,0.6451306582,1.071120548
822917,113,0,0.6632158901,1.141400223,0,1.16426156,1.956079402
822917,140,0,0.28061463,0.6692580555,0,0.717347871,1.219276032
822918,136,0,0.176023307,0.3863864629,0,0.5974806981,1.05632309
822918,140,0,0.1843554568,0.4146484638,0,0.4761505456,0.8595202673
822919,113,0,0.2197731591,0.4666932546,0,0.537763317,0.964158785
822919,140,0,0.1970929594,0.4377555104,0,0.5876153011,1.007736126
822920,113,0,0.1839671689,0.4253080824,0,0.5410553983,0.9773291545
822920,140,0,0.2213676292,0.480455472,0,0.6261069135,1.070916641
822929,121,0,0.1679834946,0.3794814208,0,0.6882057108,1.180029338
822929,139,0,0.2364219411,0.5333562455,0,1.356677807,2.317510434
822931,121,0,0.1766576047,0.356048338,0,0.7605624219,1.270246344
822931,139,0,0.2456485123,0.5583543826,0,0.8922801492,1.555282628
822932,121,0,0.1816807699,0.3991507867,0,0.8897262839,1.457201293
822932,139,0,0.1767884605,0.4111628678,0,0.3850402693,0.7349182262
822933,135,0.3968062967,0.6326938997,0.840932145,0.7475810877,1.487203893,2.031837235
822933,139,0.3207555081,0.5450064435,0.8385027331,0.3702350014,1.119099478,1.680181395
822934,139,0,0.2168242938,0.5507517573,0,0.9675815579,1.719981173
822934,141,0,0.2087518947,0.4853644802,0,0.5328299981,0.8948242849
822935,135,0,0.2631903613,0.516241863,0,1.299848218,2.129657359
822935,139,0,0.2204922562,0.4584697043,0,0.4968640785,0.8518380006
822936,135,0,0.1839221602,0.4130042953,0,0.706110244,1.238613926
822936,139,0,0.2197061806,0.4204825202,0,0.7236391134,1.186093541
822937,139,0,0.1958430714,0.4139737638,0,0.5446790413,0.88119696
822937,141,0,0.1736566437,0.3841880433,0,0.5228833347,0.968741044
822938,139,0,0.1668793855,0.3762842442,0,0.7523392389,1.309834255
822938,141,0,0.1544836629,0.3250478431,0,0.9680481435,1.530526682
822939,110,0,0.2670127089,0.6304694284,0,0.8324664274,1.504125233
822939,139,0,0.2718103928,0.4885427434,0,0.7536448441,1.380395062
822940,110,0,0.195831899,0.4213594376,0,0.4343486754,0.8282118604
822940,139,0,0.2423116331,0.561856681,0,0.7798475912,1.409358004
822941,110,0.4973888708,0.7967320085,1.13382117,0.7692457791,1.579674707,2.182885188
822941,139,0.2918609856,0.4948842231,0.7252457872,0.2918609856,1.152500829,1.661775115
822942,110,0,0.2057037958,0.498000446,0,1.208032969,2.089598939
822942,139,0,0.2435631804,0.5672507627,0,0.6541193537,1.181412954
822943,139,0,0.2387035579,0.5404559972,0,0.6398925762,1.083003939
822943,145,0,0.3614605044,0.700106878,0,0.5959014472,1.110541508
822944,139,0,0.2339859677,0.5175855287,0,0.4612120369,0.8639488075
822944,145,0,0.2756804434,0.5441912822,0,0.9354505347,1.46611881
822945,139,0,0.1672160824,0.3496454108,0,0.5873326158,1.051419562
822945,145,0,0.2104580187,0.4848647856,0,0.6212445483,1.126236871
822946,139,0,0.2512730727,0.5905663096,0,1.010966091,1.635151163
822946,140,0,0.2853449044,0.5385779744,0,0.927909384,1.534112564
822947,139,0,0.1989545608,0.4336325124,0,0.4145691464,0.7844155053
822947,140,0,0.1864315835,0.4013561465,0,0.3233188467,0.6141735916
822948,114,0,0.2223531929,0.4330659788,0,0.7657184977,1.31871167
822948,139,0,0.2730129099,0.6250197723,0,0.5072217383,0.9409767292
822949,139,0,0.2107837176,0.4571999196,0,0.563259703,0.9886749866
822949,140,0,0.2334804458,0.424030027,0,0.5219383047,0.9486498293
822950,114,0,0.2395100103,0.4656324885,0,0.4066504885,0.7462343786
822950,139,0,0.1811208971,0.4288091684,0,0.6240171431,1.082011227
822951,136,0,0.3323270165,0.7514271142,0,0.7369603718,1.21030843
822951,139,0,0.3261369185,0.7272795674,0,0.8633810502,1.538361085
822952,114,0,0.2315261462,0.4996618161,0,1.12740077,2.087158117
822952,139,0,0.2131470753,0.5194663727,0,1.362227181,2.193850849
822953,136,0,0.2436403055,0.5770426049,0,1.158897019,1.896478937
822953,139,0,0.3001771676,0.816230722,0,1.18818463,1.943111647
822954,139,0,0.4905961296,0.7240034932,0,0.8671207307,1.584166179
822954,147,0,0.206452115,0.4581999256,0,0.5868084352,1.098349151
822955,136,0,0.2132207301,0.5003083653,0,0.6459132198,0.977437295
822955,139,0,0.1863925586,0.439589718,0,0.5826589856,1.05932623
822956,139,0,0.204387435,0.4336908584,0,0.3812584683,0.7208714964
822956,147,0,0.2211042778,0.4418118628,0,0.560272171,0.9841735891
822957,139,0,0.2117640554,0.5000561123,0,0.6417429051,1.137794994
822957,147,0,0.2437174182,0.5113784472,0,0.5514860698,0.9708156875
822958,139,0,0.1788860881,0.3986118129,0,0.5208781216,0.9211494302
822958,147,0,0.2247708738,0.4497649899,0,0.3978553403,0.7391132883
822959,109,0,0.3665203028,0.933620883,0,1.141932839,1.836558741
822959,139,0,0.2504498772,0.5760925285,0,0.5236683441,0.9454432236
822960,109,0,0.228888563,0.4711560332,0,0.5935458798,1.017714202
822960,139,0,0.1980934294,0.4050081519,0,0.4068553232,0.7336037279
822961,118,0,0.2613090664,0.502531447,0,0.5751190743,0.9688799265
822961,139,0,0.2044640541,0.4470619508,0,0.6277396378,1.114018037
822962,109,0,0.3067749229,0.7043743566,0,0.7396254385,1.208472822
822962,139,0,0.2502886706,0.5524713942,0,0.5088452352,0.9488348844
822963,118,0,0.2628618569,0.6155067067,0,1.216418477,2.057412888
822963,139,0,0.34421749,0.7304818192,0,0.7972287172,1.477060518
822964,118,0,0.2366734876,0.5410641346,0,0.4241801945,0.7849026249
822964,139,0,0.2498431412,0.5764849134,0,0.6147132409,1.061467001
822965,118,0,0.2506801617,0.5563347147,0,1.237520295,1.886780192
822965,139,0,0.4074003229,0.7627961283,0,0.7837785617,1.394644561
822966,120,0,0.1925759224,0.4392336564,0,0.6266085917,1.116227512
822966,139,0,0.1775032684,0.3721419329,0,0.3902498206,0.6886294942
822967,120,0,0.2175050542,0.4651139501,0,0.7114750671,1.231713915
822967,139,0,0.2073355014,0.453610792,0,0.7000714173,1.176328367
822968,120,0,0.214646358,0.4393013013,0,0.5431200414,1.011082619
822968,139,0,0.2892558782,0.6818978496,0,0.6896007424,1.172739258
822969,111,0,0.2399400586,0.5390368402,0,0.4588196925,0.8089463847
822969,139,0,0.1463402983,0.3374317399,0,0.4297952566,0.7906927444
822970,111,0,0.1764970491,0.368748111,0,0.7985351997,1.230749179
822970,139,0,0.1835357094,0.3889580597,0,0.6388711898,1.146864541
822971,116,0,0.2536041945,0.4806690718,0,0.8680439873,1.531051651
822971,139,0,0.2076980525,0.440221287,0,1.478140112,2.304937784
822972,111,0,0.1781608083,0.4001082748,0,0.8275771159,1.500859623
822972,139,0,0.1760079483,0.3414361825,0,0.6873809715,1.175979566
822973,116,0,0.2545318919,0.5068135425,0,0.5970820771,1.022711677
822973,139,0,0.1861415451,0.4334775022,0,0.5932832605,1.056152149
822974,116,0,0.3996845877,0.6480073432,0,1.285894384,2.20529765
822974,139,0,0.35336816,0.8530886324,0,0.8612325015,1.567979348
822975,108,0,0.2545302375,0.6783298785,0,1.159667203,1.910774382
822975,139,0,0.2402725677,0.5660915588,0,1.991364124,3.357217029
822976,108,0,0.1629269496,0.3731543357,0,1.425995285,2.664337106
822976,139,0,0.2611570866,0.6311239292,0,0.6124969469,1.151917001
822977,110,0,0.2775285033,0.5205977895,0,0.3746949059,0.7175506276
822977,139,0,0.2243620454,0.520603349,0,0.5654964374,1.020077566
822978,108,0,0.1986208794,0.4704057063,0,0.5581965105,1.010773088
822978,139,0,0.2036875158,0.4248777971,0,0.7459997251,1.326986591
822979,110,0,0.17879678,0.4037106439,0,0.5216789583,0.9512723665
822979,139,0,0.1944893914,0.4276643566,0,0.3869927701,0.7431064238
822980,110,0,0.2232356467,0.4509651591,0,0.9102135243,1.626876652
822980,139,0,0.1616758476,0.3913731426,0,0.7710444998,1.363349782
822981,139,0.4542345619,0.6488792667,0.8890412504,1.353833959,2.102976282,2.644560962
822981,146,0.3236864724,0.5635666772,0.7659491316,0.4669692449,0.9405549674,1.353051531
822982,139,0,0.228889609,0.5110074377,0,0.6778223816,1.213662905
822982,146,0,0.18375828,0.4180192263,0,1.420599791,2.534782364
822983,139,0,0.1774891439,0.3878174313,0,0.5512540677,0.9290131863
822983,146,0,0.1885214335,0.4728659397,0,0.6425552008,1.09321822
822984,139,0,0.2321520041,0.5171312477,0,0.5372960096,1.006117464
822984,141,0,0.3892481705,0.7476408124,0,0.5726699063,0.90445863
822985,139,0,0.1703863027,0.3472233278,0,0.2916177569,0.5138355495
822985,141,0,0.3547123431,0.922191801,0,0.9661019051,1.521013564
822986,139,0,0.2233611836,0.4351436373,0,0.8606237658,1.446405504
822986,141,0,0.2158762193,0.4742507732,0,0.7453424652,1.297964075
822987,137,0,0.2218773118,0.5119010789,0,0.8347736494,1.464489431
822987,139,0.08374925604,0.3922545835,0.7390881715,0.08374925604,0.7730470713,1.223586426
822988,137,0,0.3216842204,0.5572674637,0,1.464423645,2.283775176
822988,139,0,0.2796506317,0.5644803147,0,0.5491384634,0.9905759716
822989,139,0,0.2343771473,0.4415461504,0,0.3971877417,0.7524268547
822989,142,0,0.2661847103,0.515491972,0,0.8679636957,1.430398957
822990,137,0,0.2044068984,0.4060506759,0,0.8498020883,1.341204958
822990,139,0,0.2100568074,0.4445382087,0,0.4209697274,0.761786504
822991,139,0,0.2035951518,0.4980025703,0,0.6425640138,1.123283569
822991,142,0,0.3383464487,0.6485509394,0,0.6727320015,1.215572706
822992,139,0,0.2422239073,0.4895093964,0,0.7916127604,1.340565882
822992,142,0,0.1704896368,0.3730392503,0,0.5120371988,0.9259917678
822993,113,0,0.2478741721,0.6218082881,0,1.192509851,1.984152834
822993,139,0,0.1762352174,0.3996657515,0,0.4721429366,0.8673770022
822994,113,0,0.2303517823,0.665245734,0,1.951462619,3.246619985
822994,139,0,0.3690969756,0.8150108607,0,1.716145251,2.451513473
822995,113,0,0.2764778099,0.5403036737,0,1.297248758,2.184615763
822995,139,0,0.2606983322,0.6369368041,0,0.915941423,1.628568389
822996,139,0.2402873093,0.4758563297,0.7798603879,0.3355353181,0.9853418478,1.488099008
822996,147,0.2910186279,0.7521735146,1.109089555,0.3495749766,1.029222063,1.296069722
822997,139,0,0.2010990745,0.4362652925,0,0.7398918937,1.267122278
822997,147,0,0.2183396038,0.4127414602,0,0.3478821521,0.6858468511
822998,139,0,0.1931330313,0.4689417268,0,0.9586098759,1.651592803
822998,147,0,0.1960689009,0.4449443212,0,0.6404554302,1.160680428
822999,112,0,0.1709833722,0.3433396062,0,1.307691075,1.99586556
822999,139,0,0.1937323981,0.4151360782,0,0.8216446868,1.425823394
823000,112,0,0.1986121128,0.3833370806,0,0.6747952557,1.191982556
823000,139,0,0.2105794262,0.4365309272,0,0.9648171602,1.590479995
823002,112,0,0.2383637964,0.5519975319,0,0.6362516265,1.150504171
823002,139,0,0.3041984814,0.7571329363,0,1.051935919,1.641851975
823010,134,0,0.2760140337,0.6069139637,0,0.7508380719,1.32202709
823010,138,0,0.2765428598,0.6747229013,0,0.7334524469,1.301368821
823011,134,0,0.2311900169,0.5196655029,0,0.8653818807,1.615647464
823011,138,0,0.1909372474,0.4703113324,0,0.6136147377,1.185158813
823013,134,0,0.1917828357,0.45839422,0,1.033939825,1.877894928
823013,138,0,0.2111484708,0.4862581904,0,0.6030225547,1.063106165
823014,110,0,0.1563663131,0.331924452,0,0.6029560356,1.038226095
823014,138,0,0.1761103653,0.3852578032,0,1.025682688,1.736720169
823015,110,0,0.2232828773,0.6004858155,0,1.030080548,1.822114914
823015,138,0,0.1889092898,0.4139398986,0,0.7767285636,1.313161071
823016,110,0,0.2098368918,0.4819644402,0,0.5081817416,0.9486508579
823016,138,0,0.3027784821,0.6430471426,0,1.61312946,2.995666725
823017,138,0,0.2088860815,0.4681779994,0,1.118787653,1.843341673
823017,143,0,0.508590316,0.7562564348,0,0.9671045367,1.844190598
823018,138,0,0.3097624862,0.7809631369,0,1.016454849,1.845500716
823018,143,0,0.2343785753,0.5246730347,0,0.7571415285,1.282971155
823019,138,0,0.3915871357,0.9449367697,0,1.099115375,1.996719646
823019,143,0,0.2115882505,0.4364937376,0,0.6558084154,1.145336526
823020,115,0,0.3257907215,0.8000614604,0,0.8712961608,1.574063981
823020,138,0,0.4255502353,0.9736745243,0,0.9076591578,1.623852737
823021,115,0,0.3099851047,0.5606087464,0,1.15655468,2.027933294
823021,138,0,0.2795500125,0.6609053949,0,0.6730303047,1.151134698
823022,112,0.3267109504,0.5798555628,0.8318432466,0.9814194389,1.532383624,1.879254842
823022,138,0.2683771648,0.4736326773,0.7179828691,0.2683771648,0.7398040891,1.15797475
823023,112,0.2151505313,0.3980043366,0.6238668492,0.2830522451,0.9066702444,1.426445109
823023,138,0.359964355,0.5788998907,0.8094094702,0.4934748291,1.294745314,1.970652087
823024,115,0,0.257753147,0.4908195475,0,0.6267145893,1.165906084
823024,138,0,0.2536191865,0.6575159536,0,0.8425920181,1.491629399
823025,112,0,0.2712765536,0.5526487419,0,1.023851812,1.552596281
823025,138,0,0.2957019239,0.6975862451,0,0.7629139043,1.346438504
823026,112,0,0.1991591149,0.4444719836,0,0.7466863488,1.241572507
823026,138,0,0.1694001645,0.3785204508,0,1.232719333,2.104904958
823027,113,0,0.2810492115,0.6558200384,0,0.9117446514,1.671356537
823027,138,0,0.2384243498,0.4897784832,0,0.6977941434,1.184702082
823028,113,0.2105642599,0.4694422281,0.7218214255,0.3442386477,1.178999547,1.833823478
823028,138,0.2901392404,0.5074009733,0.7781092033,0.3120906,1.04129988,1.626973521
823029,138,0,0.2245867336,0.5330366774,0,1.200481718,2.072313739
823029,144,0,0.1740474701,0.3875592804,0,0.9837377089,1.681996241
823030,138,0,0.2883901524,0.6397565935,0,0.5159919651,0.9244616283
823030,144,0,0.2110462725,0.4820269558,0,0.6102763613,1.070471803
823031,113,0,0.1726703963,0.3739609372,0,0.6267898882,1.104837091
823031,138,0,0.1808954299,0.3959402923,0,0.6012958853,1.116960836
823032,138,0,0.3337711251,0.7875242596,0,0.8689516387,1.427999999
823032,158,0,0.4207949403,0.8631055042,0,0.7184635221,1.197821575
823033,138,0,0.2047854662,0.4548753111,0,0.584674383,0.9928040463
823033,144,0,0.2814233907,0.4726311277,0,0.6865038213,1.293937985
823034,138,0,0.2371216791,0.5366137096,0,0.6285417101,1.066821316
823034,158,0,0.2022476397,0.4182326592,0,0.971646414,1.646830534
823035,138,0,0.1980683385,0.4361780102,0,1.215496672,2.191819232
823035,158,0,0.2947661891,0.6281177571,0,0.6777398592,1.252022251
823036,138,0,0.1915439344,0.4382918652,0,0.9657006901,1.79267308
823036,158,0,0.2961567569,0.6659501649,0,1.047741516,1.854456665
823037,138,0,0.2654438441,0.6611655961,0,0.7321034279,1.281150232
823037,146,0,0.2534570369,0.5037442612,0,0.5588641796,0.9498533638
823038,138,0,0.2662585881,0.6302568533,0,0.6520283248,1.199855875
823038,146,0,0.1696629396,0.3645489439,0,0.7454522643,1.244481404
823039,138,0,0.2727904175,0.669928038,0,0.7844738304,1.435046069
823039,146,0,0.2099757161,0.4072897755,0,1.234062762,1.967304674
823040,109,0,0.3910909353,1.069468437,0,1.514364081,2.430594369
823040,138,0,0.2023342612,0.4275130651,0,0.6333708435,1.160535459
823041,109,0,0.3049421736,0.5824674551,0,0.6858599061,1.198913093
823041,138,0,0.2445749244,0.5151782297,0,0.8789441891,1.566819847
823042,109,0,0.3273063521,0.7477105726,0,0.8684516405,1.523945984
823042,138,0,0.2868928352,0.6231760063,0,1.23348173,2.061600073
823043,109,0,0.2561619612,0.5056244909,0,0.9553676147,1.536336274
823043,138,0,0.2746700829,0.5336075052,0,0.9563350638,1.791618672
823044,135,0,0.3106233739,0.5437741223,0,0.8082081557,1.346051956
823044,138,0,0.2792953369,0.6502492516,0,0.6353254101,1.149007806
823045,135,0,0.2005500556,0.4841740701,0,0.7335163919,1.294206045
823045,138,0,0.1707993372,0.3698278388,0,0.4391473325,0.8286900487
823046,135,0,0.2575307419,0.4845005741,0,0.5942533876,0.9954305137
823046,138,0,0.2290108961,0.4956224402,0,0.5688467608,0.9472179541
823047,113,0,0.1970156837,0.4530218765,0,1.01472524,1.613629255
823047,138,0,0.2095954115,0.503260581,0,0.8759173674,1.34871107
823048,113,0,0.2956283604,0.6840010616,0,1.126253787,2.003592697
823048,138,0,0.2452375225,0.5775814818,0,0.9289558643,1.770534728
823049,113,0,0.1880152966,0.4230164524,0,1.292385313,2.241920309
823049,138,0,0.4123190854,0.9606451226,0,1.263552831,2.148897629
823050,138,0,0.31607644,0.780863536,0,1.171146966,1.942638682
823050,140,0,0.2391920297,0.6205098494,0,0.7409583143,1.263605743
823051,138,0,0.2082658008,0.4176690784,0,1.004022783,1.825960234
823051,140,0,0.1895199676,0.4828505405,0,0.8374416442,1.462739225
823052,138,0,0.2014155164,0.4973517586,0,0.8488184286,1.556446907
823052,140,0,0.228781309,0.4507926507,0,0.5776714208,1.074275398
823053,112,0,0.2729982367,0.6697905919,0,0.8109755706,1.430550291
823053,138,0,0.2435251312,0.5560973072,0,0.6248167344,1.153067668
823054,112,0,0.2396396927,0.4614414231,0,0.6449101103,1.135926394
823054,138,0,0.1928491041,0.4320623742,0,0.7642946929,1.383351365
823055,112,0,0.249121786,0.4977250931,0,0.479074818,0.8927064834
823055,138,0,0.1917607774,0.4110376743,0,0.6502353266,1.166639641
823056,134,0,0.2402800916,0.4721683581,0,0.3753610078,0.6918137752
823056,138,0,0.1709784557,0.3759942987,0,0.580009751,1.003215628
823057,134,0,0.2706720123,0.6577439356,0,1.032998469,1.774902847
823057,138,0,0.2240490095,0.4965693581,0,1.032639126,1.747693637
823058,118,0,0.1853890193,0.426772315,0,0.546634398,0.9819687833
823058,138,0,0.2476111623,0.5714340262,0,0.8059733436,1.466872093
823059,134,0.08357832,0.305989766,0.5805095421,0.08357832,1.114800823,1.690877021
823059,138,0.16083732,0.3751621216,0.6481997512,0.16083732,0.7585588484,1.293630881
823060,118,0,0.2548926874,0.4963395895,0,0.5596205953,1.033838434
823060,138,0,0.3112229764,0.5965832505,0,0.7410414485,1.316714261
823061,118,0.3894371845,0.595702582,0.8407220163,0.3922582687,1.140311734,1.705841319
823061,138,0.421737097,0.6516205474,0.9251193588,0.5117828085,1.471861274,1.967931839
823062,138,0,0.2741767056,0.6288000614,0,0.8441463711,1.55935931
823062,158,0,0.2278913213,0.5402583836,0,0.6260973943,1.043653351
823063,138,0,0.1867165355,0.4151001788,0,0.7503785518,1.269090499
823063,158,0,0.1911921541,0.4279975092,0,1.015015304,1.85219445
823064,138,0,0.197952228,0.4129334706,0,0.7824371438,1.367990132
823064,158,0,0.21562254,0.4081666785,0,0.8220136039,1.290488117
823065,119,0,0.2740206914,0.581005651,0,0.4779876447,0.8916264845
823065,138,0,0.3930420424,0.9576849723,0,0.9601216954,1.655758128
823066,119,0,0.2196690719,0.5558960358,0,0.9824307046,1.802657827
823066,138,0,0.2332474152,0.5684204039,0,1.550953715,2.611889602
823067,119,0,0.2062169732,0.4915832404,0,0.5885882538,1.073024179
823067,138,0,0.1530846769,0.3415167561,0,0.7407560456,1.313088411
823068,136,0,0.1938078842,0.4262649102,0,0.6160529381,1.067995938
823068,138,0,0.2124581495,0.4617257051,0,0.6852243614,1.136552855
823069,136,0,0.2437912578,0.4604987151,0,0.4465108946,0.8168802628
823069,138,0,0.2930588962,0.7068472995,0,0.8426108962,1.510579039
823070,136,0,0.1729463116,0.3385747222,0,0.3871212009,0.7536296879
823070,138,0,0.2819888318,0.61905443,0,0.8977127509,1.583485009
823071,114,0,0.2091303456,0.4647972172,0,0.8126303511,1.524233637
823071,138,0,0.2423782312,0.4758602609,0,0.5481020261,1.012977901
823072,114,0.23403396,0.3963266657,0.6059652626,0.23403396,0.6713383227,1.047456791
823072,138,0.2660345288,0.4888991949,0.7681832054,0.307653144,1.231351285,1.886388828
823073,114,0,0.1859072622,0.4624237459,0,0.8558825333,1.534260434
823073,138,0,0.2224206055,0.5287218047,0,1.070949936,1.965999187
823074,111,0,0.2556441951,0.6037982737,0,1.570150633,2.375327488
823074,138,0,0.1917233639,0.4513442391,0,0.7970602342,1.427227685
823075,111,0,0.2423284416,0.5150037293,0,0.65624284,1.07119231
823075,138,0,0.2028155972,0.4400978528,0,0.7564355251,1.320107333
823076,111,0,0.2318389125,0.4863868957,0,1.1760543,2.124972682
823076,138,0,0.21313203,0.4929173886,0,0.6450593218,1.105916137
823077,121,0,0.1679432566,0.3751085325,0,0.5412134064,0.9681154295
823077,138,0,0.2568425018,0.5568937508,0,0.5844478137,1.021882195
823078,121,0.4315471361,0.622636907,0.878088087,0.4635524139,1.293323513,1.947595843
823078,138,0.5387184404,0.7992715564,1.050851911,0.9116881888,1.754176663,2.264441924
823079,138,0,0.2565137222,0.5210335561,0,0.9399336386,1.822476814
823079,139,0,0.2244591824,0.5370987913,0,0.9651671131,1.763686473
823080,121,0,0.2403407118,0.6006572643,0,0.7025888413,1.299968764
823080,138,0,0.1875592971,0.4006289153,0,0.6272640677,1.152177294
823081,138,0,0.2152469378,0.4332808688,0,0.707146415,1.317052649
823081,139,0,0.2007928801,0.45835946,0,0.7603131091,1.45936854
823082,138,0.302351568,0.5966139897,0.9161850661,0.352815,1.258731832,1.851944094
823082,139,0.2505777918,0.4821069669,0.7803873373,0.27699624,0.9772676156,1.535776834
823090,136,0,0.2023500762,0.4477515658,0,0.76893721,1.314118306
823090,140,0,0.366488979,0.7848912875,0,0.6640267399,1.108541022
823091,133,0,0.2453068283,0.4540487805,0,0.8302401501,1.470443792
823091,136,0,0.1631900743,0.4016490297,0,0.6298600901,1.140309009
823092,136,0,0.2136215049,0.4575464952,0,0.9401633711,1.759029081
823092,140,0,0.1998824829,0.4044649983,0,0.5277944379,0.9426324695
823093,133,0,0.2952555969,0.5409353038,0,0.8134310012,1.425674362
823093,136,0,0.2248122197,0.5111379945,0,0.631515714,1.164342884
823094,133,0,0.4971177684,0.7179894318,0,0.7599463837,1.31060697
823094,136,0,0.2369236127,0.5401299636,0,0.4325747332,0.8372165879
823095,133,0,0.2525171514,0.6429910248,0,1.152764783,2.085250838
823095,136,0,0.3850384865,0.7832161437,0,1.131150855,1.883890475
823096,136,0,0.6097823275,1.36491246,0,1.000102094,1.754495125
823096,143,0,0.1955122966,0.435803754,0,0.6807567403,1.220288693
823097,136,0,0.2431007367,0.590547333,0,0.7859814693,1.261207211
823097,143,0,0.2548173987,0.5949612706,0,1.409930545,2.35191356
823098,136,0,0.2586144571,0.5355565925,0,0.4438143548,0.8347876966
823098,143,0,0.272650219,0.6203183753,0,0.6640010956,1.238206947
823099,112,0,0.1826152806,0.4214040165,0,0.7298653719,1.266048
823099,136,0,0.2854091106,0.6011783778,0,1.149059878,2.128335757
823100,112,0,0.2727277192,0.5394524296,0,0.5821460083,1.033070467
823100,136,0,0.210806299,0.4222811121,0,0.8359005421,1.424982531
823101,112,0.08750699738,0.3166950682,0.5701401728,0.08750699738,0.6652424504,1.158160763
823101,136,0.168333783,0.4142166365,0.7219363768,0.1798986525,0.7626255203,1.235187825
823102,136,0,0.2555143526,0.5611926373,0,0.6074618781,1.112382434
823102,139,0,0.2736142927,0.5731675409,0,0.4263898428,0.8181236089
823103,136,0,0.2644853174,0.5164246996,0,0.6135199618,0.9781945599
823103,139,0,0.2034543933,0.4352429113,0,0.6809092511,1.08028304
823104,136,0,0.3941946784,0.9587179797,0,1.073455243,1.72826326
823104,139,0,0.2265806467,0.5297379499,0,0.7740490293,1.291881579
823105,116,0,0.2564149724,0.5041941295,0,0.7645216773,1.331644146
823105,136,0,0.2638040544,0.6430971852,0,0.7230060183,1.314448101
823106,116,0,0.3070164919,0.7301314352,0,0.6838956433,1.119426493
823106,136,0,0.1735950403,0.3965709666,0,0.4850127036,0.8640950846
823107,136,0,0.2017411886,0.3984180811,0,0.7402728092,1.324061843
823107,142,0,0.2946308715,0.7592868992,0,1.027755944,1.775423765
823108,116,0,0.2055121557,0.4401432059,0,0.8695843162,1.468238678
823108,136,0,0.27416116,0.5993454889,0,0.842614632,1.480069799
823109,136,0,0.2201285819,0.5810181078,0,0.9233038596,1.544724801
823109,142,0,0.3263527365,0.8313815458,0,1.873020938,3.05941233
823110,113,0,0.3801677997,0.6420979043,0,0.5363473206,0.9731075605
823110,136,0,0.297487773,0.7083124708,0,0.6296174602,1.03904907
823111,136,0,0.2112695485,0.440188646,0,0.7726324998,1.190767777
823111,142,0,0.2266786961,0.4955489476,0,0.86452174,1.577954713
823112,113,0,0.2528700885,0.4775391279,0,0.631298994,1.10962949
823112,136,0,0.2966913182,0.7092126058,0,0.6438730726,1.075724887
823113,136,0,0.1712730599,0.3538074731,0,0.4099749521,0.7557537377
823113,137,0,0.2233892521,0.4654737047,0,0.8647706272,1.442992953
823114,113,0,0.2054040131,0.5054681406,0,0.9017668553,1.692368441
823114,136,0,0.2274461463,0.4849913848,0,0.6960042371,1.235634946
823115,136,0,0.1800655918,0.377795863,0,0.3853122638,0.740319312
823115,137,0,0.2172352293,0.4425655565,0,0.9258382136,1.509537851
823116,136,0.2659590215,0.4481454366,0.700549037,0.2746938428,0.8602192536,1.353006158
823116,137,0.2144014933,0.5087340131,0.7480812826,0.5890354569,1.277634011,1.792142883
823117,136,0,0.2151384232,0.5593297987,0,0.8109403976,1.28523776
823117,141,0,0.208986833,0.5138525177,0,0.8861164744,1.375890489
823118,136,0,0.2057903602,0.4208703331,0,0.336768762,0.6239529024
823118,141,0,0.1868612162,0.3845637491,0,0.6316832481,1.009781936
823119,108,0,0.2610600181,0.5860471857,0,1.4913869,2.503940681
823119,136,0,0.2281974528,0.5027900802,0,0.4084248619,0.7757955101
823120,136,0,0.2556768208,0.4662527303,0,0.4666875946,0.8670577736
823120,141,0,0.2978684489,0.6013378918,0,0.7116003039,1.251609746
823121,108,0,0.1984267882,0.4280993747,0,0.6575098704,1.133237894
823121,136,0,0.1602066122,0.3360537141,0,0.7194854705,1.232413487
823122,108,0,0.2387234146,0.583128436,0,1.047980932,2.018489088
823122,136,0,0.2521487823,0.5654788465,0,1.615775107,2.658182644
823123,111,0,0.1770016993,0.3642188899,0,0.4615928524,0.8663384201
823123,136,0,0.2447143517,0.5027258163,0,0.4187926462,0.7886276629
823124,111,0,0.1931020746,0.4177035815,0,0.9688914324,1.807262497
823124,136,0,0.1978418117,0.4191407607,0,0.4313694936,0.788847377
823125,110,0,0.1638568801,0.3762986646,0,0.5344411907,0.9606944795
823125,136,0,0.2639816118,0.6217781606,0,0.9394782816,1.636173314
823126,111,0,0.2714799851,0.5973235059,0,0.8382801132,1.458631979
823126,136,0,0.3136837571,0.6475825101,0,1.014843216,1.872804195
823127,110,0,0.1802550187,0.3932380485,0,0.6868254204,1.116619603
823127,136,0,0.1994331669,0.451429921,0,0.7344250381,1.256343209
823128,110,0,0.2148567068,0.4337252714,0,1.201367627,2.088216154
823128,136,0,0.2390170331,0.5747952181,0,0.5687924195,1.001307027
823129,121,0,0.2617893831,0.696509094,0,1.116243623,1.908975319
823129,136,0,0.2696666123,0.5543302751,0,0.7736132832,1.339359699
823130,121,0,0.2545750253,0.4990190572,0,0.6443427764,1.116719212
823130,136,0,0.2181638744,0.4772041713,0,0.5153151394,0.9561811234
823131,121,0.439413744,0.6387836774,0.9048015768,0.5725863333,1.171682433,1.611634501
823131,136,0.305771111,0.5032768411,0.7374244976,0.4309710576,0.7498473118,1.046310698
823132,109,0,0.2401967315,0.4457779881,0,0.6726934646,1.189171791
823132,136,0,0.2197061165,0.4469621709,0,0.4111806081,0.7268441869
823133,109,0.3863478477,0.5851598409,0.8107060954,0.3863478477,1.110966662,1.616019135
823133,136,0.268747308,0.4770491732,0.7196590046,0.5148355308,1.041367891,1.425204445
823134,136,0,0.195216762,0.5125033521,0,1.110311429,1.863700025
823134,145,0,0.2563557776,0.6235625604,0,0.8515172515,1.536729347
823135,109,0.296556914,0.5076995856,0.7432165791,0.396069864,0.8299175907,1.191156992
823135,136,0.370444128,0.5666426134,0.7971107241,0.370444128,1.306844077,2.06771549
823136,136,0,0.1844511303,0.3632066467,0,0.7065375728,1.299567403
823136,145,0,0.2469120013,0.6808288589,0,1.287871895,2.142002296
823137,136,0,0.4790423309,1.092693344,0,1.157981497,1.907136711
823137,145,0,0.2160744133,0.4108991531,0,0.9683703912,1.778372749
823138,135,0,0.2061458107,0.4326896817,0,1.847108216,3.140683153
823138,136,0,0.2055714233,0.4573406452,0,0.9236623025,1.717303093
823139,135,0,0.2456641117,0.4843522362,0,0.940065528,1.5908319
823139,136,0,0.1888543567,0.4232143855,0,1.117331931,2.048020061
823140,135,0,0.1932525215,0.4366721679,0,0.8362572029,1.398932252
823140,136,0,0.2234827387,0.4603795941,0,1.338379502,1.907965343
823141,136,0,0.235308102,0.4694667956,0,0.6339441355,1.048569929
823141,144,0,0.1920404834,0.4991598044,0,1.03391551,1.736013262
823142,136,0,0.1547149481,0.3373863095,0,0.3872215895,0.7193074176
823142,144,0,0.2782878895,0.6302058629,0,0.8102914613,1.404352868
823143,136,0,0.2050494084,0.4576499143,0,0.5906005961,0.9495873221
823143,144,0,0.2499884434,0.6232850594,0,0.9159347024,1.760305089
823144,118,0.3017631618,0.5962236347,0.874275625,0.4902645216,1.583591206,2.573660475
823144,136,0.2514303193,0.4461711348,0.6772478888,0.2514303193,0.9729760709,1.313750528
823145,118,0,0.2033866949,0.5099176312,0,0.6538398102,1.158732823
823145,136,0,0.1909716781,0.4143802438,0,1.7266708,3.003433544
823146,118,0,0.2525171475,0.5503511266,0,0.7723607044,1.335641945
823146,136,0,0.2887668234,0.5700673969,0,0.6024122146,1.013881085
823147,133,0,0.2872955704,0.823912175,0,1.213735374,2.16459823
823147,136,0,0.2442078885,0.5802752197,0,1.529409551,2.204620646
823148,133,0,0.2594362905,0.5281769835,0,0.702514235,1.272970946
823148,136,0,0.2869428697,0.6878788591,0,0.7770115216,1.405526805
823149,133,0,0.1817019793,0.3829495473,0,0.478257622,0.8913648062
823149,136,0,0.1726947112,0.4152593436,0,1.090106282,1.533816182
823150,136,0,0.4224452099,0.8011088838,0,0.6397531455,1.224283432
823150,140,0,0.2219984676,0.5213421592,0,0.8054785202,1.381359379
823151,136,0,0.2057514356,0.4892774643,0,1.431018463,2.415019665
823151,140,0,0.3423268616,0.8163287695,0,0.8332499439,1.494238286
823152,136,0,0.1990327529,0.439774384,0,0.8211441021,1.43495698
823152,140,0,0.2317833448,0.523013869,0,1.307545416,2.30803112
823153,117,0,0.1974974437,0.4234260695,0,0.4099103059,0.7448457265
823153,136,0,0.1632721608,0.3757209773,0,0.4894631664,0.8805775554
823154,117,0,0.2878787589,0.5232212103,0,1.323228687,2.36347791
823154,136,0,0.257197581,0.5487705092,0,0.5010161104,0.8583309044
823155,117,0,0.2553767093,0.6163139132,0,1.312700973,2.350627834
823155,136,0,0.2100637816,0.5214155895,0,1.599962795,2.700802319
823156,117,0,0.2875686085,0.7938142427,0,1.486559992,2.730895872
823156,136,0,0.2162692392,0.517291372,0,1.071224202,1.972153242
823157,136,0,0.2522894182,0.5521668958,0,0.7721352154,1.285110766
823157,147,0,0.2119201728,0.399943414,0,0.4324495746,0.8332813843
823158,136,0,0.2665668518,0.5434727612,0,0.8002330706,1.390240266
823158,147,0,0.166488541,0.3647739619,0,0.3311433629,0.6246558876
823159,136,0,0.287474593,0.624650983,0,0.7857391177,1.339647587
823159,147,0,0.2374471932,0.6265408293,0,1.148472881,1.965726768
823160,114,0,0.239406228,0.6076174462,0,0.788937252,1.41615614
823160,136,0,0.2484299281,0.5190247808,0,0.5625164078,0.9997812977
823161,114,0.3015306042,0.4868177423,0.7183260444,0.3500543718,1.509058977,2.292557337
823161,136,0.2883392959,0.538588199,0.7607073074,0.4103019552,0.9547059569,1.382283846
823162,114,0,0.2822388568,0.6881656694,0,0.7001485382,1.196176071
823162,136,0,0.1763340419,0.3917974948,0,0.9681636214,1.663855184
823163,114,0,0.192286794,0.4679118132,0,0.7996282678,1.3725764
823163,136,0,0.2765178432,0.5391260615,0,0.5102567375,0.9393907299
823172,137,0,0.204909588,0.4136071376,0,0.8292564821,1.388115193
823172,138,0,0.2348052836,0.5255405681,0,0.6016016318,1.102881811
823174,137,0,0.2089784322,0.472246878,0,1.002346875,1.691137496
823174,138,0,0.2112976079,0.4401701305,0,0.8199802275,1.367023008
823175,137,0.6966654115,0.9159201565,1.213447422,0.7781512004,1.678889743,2.325953863
823175,138,0.4570384736,0.6893712764,1.008728998,0.5203921137,1.23082065,1.784201325
823176,109,0,0.2173280954,0.4630255668,0,1.073705315,1.811953984
823176,137,0,0.2330709696,0.5259134346,0,0.5714650715,1.045203127
823177,109,0,0.2210371708,0.4992263119,0,0.7693760692,1.404565545
823177,137,0,0.3045248353,0.6914957563,0,0.8883510719,1.64333693
823178,109,0,0.1858001857,0.3921959178,0,0.6382092143,1.17628981
823178,137,0,0.2267456411,0.4752939394,0,0.756324553,1.356783646
823179,109,0,0.1644086282,0.3811875667,0,0.7933995343,1.364023952
823179,137,0,0.2963675741,0.5665230383,0,0.66443892,1.111651922
823180,113,0,0.298284902,0.713917302,0,1.066751347,1.969595495
823180,137,0,0.3938395345,0.791599283,0,1.76079888,2.945299953
823181,113,0,0.3039750879,0.7179023764,0,0.7423737014,1.30646752
823181,137,0,0.3658916702,0.8247668104,0,0.7869360059,1.442586462
823182,115,0,0.192837589,0.4255676017,0,1.429946361,2.311456227
823182,137,0,0.2859071981,0.6251971424,0,0.8729137824,1.594911881
823183,113,0,0.2714884563,0.6450698951,0,0.9834131085,1.529524085
823183,137,0,0.2280160742,0.4732668206,0,0.5682127728,1.022806878
823184,115,0,0.2803455696,0.6884334071,0,0.8534976465,1.5320421
823184,137,0,0.190617949,0.364374439,0,0.6326860016,1.084706029
823185,115,0,0.2019684332,0.495094671,0,0.553380721,1.012181109
823185,137,0,0.1760398994,0.3948649716,0,0.9582506394,1.740984385
823186,117,0,0.2947667882,0.7266311015,0,0.8842233826,1.524377923
823186,137,0,0.2954305271,0.7003339962,0,0.6004340516,1.134696806
823187,117,0,0.2001700499,0.4938049733,0,0.7479667793,1.346677126
823187,137,0,0.2089410248,0.4424876663,0,0.5606867671,0.9723750507
823188,116,0,0.23960936,0.4905696357,0,1.235248473,1.745329089
823188,137,0,0.2238018706,0.4452354833,0,1.122628004,2.026468979
823189,117,0.2274470256,0.4496258561,0.7233115044,0.241076376,0.8523222367,1.322716605
823189,137,0.2327388163,0.5911980985,1.047745829,0.3245324319,1.314008826,2.158764889
823190,116,0.2653815704,0.5263012406,0.8875236409,0.40193808,1.31621924,2.052629689
823190,137,0.3462728616,0.5441691569,0.7890886097,0.7013757324,1.477378432,2.018360515
823191,116,0,0.2141424845,0.4406051352,0,0.6209611291,1.078911946
823191,137,0,0.1993752022,0.4154074687,0,0.6821769342,1.194566239
823192,137,0,0.1756314764,0.3758002076,0,1.085321844,2.00807239
823192,158,0,0.2096169104,0.4473022471,0,1.305302034,2.382008351
823193,137,0,0.1721874347,0.3776787359,0,0.6592096796,1.213897866
823193,158,0,0.3483550314,0.5963374999,0,0.5322732889,1.02483403
823194,108,0,0.1944131834,0.4077835666,0,0.7344341814,1.36971427
823194,137,0,0.2409239361,0.5294418966,0,0.6702968794,1.206568628
823195,137,0,0.2073450918,0.4487176605,0,0.5693212205,1.037332849
823195,158,0,0.2784531063,0.5748313742,0,0.7687391727,1.333497624
823196,108,0.3739821087,0.6207152721,0.8504851707,0.9237297777,1.623653155,2.101463075
823196,137,0.2994180733,0.4995594844,0.7452144127,0.3214768704,0.8291387188,1.278785461
823197,108,0,0.204157224,0.4106211131,0,0.8717311562,1.611885922
823197,137,0,0.1794234228,0.3965840842,0,1.097962291,1.653905955
823198,115,0,0.2175819709,0.4187045334,0,0.3398537664,0.6664980959
823198,137,0,0.190816247,0.382567149,0,0.6177226742,1.013696219
823199,115,0,0.2174258712,0.4869600841,0,0.6735484005,1.192594996
823199,137,0,0.2019539224,0.4403792677,0,0.5290733869,1.006058289
823200,115,0,0.1911311866,0.4077220579,0,1.057997943,1.922174825
823200,137,0,0.2224413218,0.4771772486,0,1.201297435,2.154285859
823201,115,0,0.2057797647,0.4493466723,0,0.7710190656,1.362750975
823201,137,0,0.2352620944,0.4912409304,0,0.8762143858,1.558649497
823202,137,0,0.5284086962,1.342374151,0,1.333659014,2.39899533
823202,141,0,0.2630523152,0.5585073825,0,0.6220475994,1.11062819
823203,137,0,0.3705579513,0.7693063762,0,0.7232483078,1.259480191
823203,141,0,0.1866794516,0.4396438536,0,0.5411521828,1.001808542
823204,137,0,0.184072429,0.4044178032,0,0.944464616,1.583817806
823204,144,0,0.2766464345,0.5626082701,0,0.7387951106,1.338687718
823205,137,0,0.173291354,0.4068733713,0,1.216246025,1.716147998
823205,141,0,0.2024711497,0.4593314612,0,1.286148173,1.972487856
823206,137,0,0.2565412757,0.4991990716,0,0.502526182,0.8863010332
823206,144,0,0.2323225882,0.5294903693,0,1.155950183,1.880777021
823207,137,0,0.2354934347,0.5517499885,0,0.5464192463,1.000918831
823207,144,0,0.1975442552,0.3765791437,0,0.6807819759,1.136947164
823208,133,0,0.1799159526,0.401659959,0,0.563452277,0.983454369
823208,137,0,0.2026627164,0.41679769,0,0.4505638419,0.8624563284
823209,133,0,0.3037295878,0.583439765,0,0.5203610642,0.9022699529
823209,137,0,0.2459827886,0.5201434763,0,0.8428173305,1.484132527
823210,133,0,0.2290050456,0.5091309959,0,0.6900543616,1.25312953
823210,137,0,0.180160704,0.3715950791,0,0.4841598999,0.8200970813
823211,112,0,0.2806506814,0.570787573,0,0.5438210845,0.9249164129
823211,137,0,0.2090980698,0.4993040663,0,1.154953813,1.966898461
823212,112,0,0.3114767056,0.5679074137,0,0.8147406474,1.471343899
823212,137,0,0.2262595692,0.4818586622,0,0.4009333779,0.739276517
823213,112,0,0.2167448791,0.4802532718,0,1.068917874,1.875703085
823213,137,0,0.2112861181,0.4681757432,0,1.504381722,2.530283378
823214,120,0,0.1835922412,0.415245137,0,1.373872724,2.221321358
823214,137,0,0.2659372563,0.5518149285,0,1.934395363,3.441560947
823215,120,0,0.2675850826,0.4919241478,0,1.081606211,1.947056824
823215,137,0,0.1841618481,0.3883926853,0,0.7669908917,1.402459075
823216,109,0,0.3491299076,0.6786715828,0,0.6522409691,1.201933158
823216,137,0,0.1812105729,0.4305664328,0,0.9785132072,1.827398982
823217,109,0,0.19636611,0.4027705505,0,0.5020073673,0.9194578003
823217,137,0,0.2275039963,0.453999126,0,0.5915601344,1.034330934
823218,120,0,0.170945647,0.3757663216,0,0.6132531361,1.037692384
823218,137,0,0.243865184,0.4963045833,0,0.387565305,0.7294699026
823219,109,0,0.2529432065,0.594442626,0,1.026753419,1.789453413
823219,137,0,0.2037696752,0.4251334375,0,0.7857083414,1.309686579
823220,137,0,0.2210176567,0.5131330243,0,1.146600354,1.981941495
823220,145,0,0.1918185723,0.4678699203,0,1.250276825,1.949956026
823221,134,0.8114004357,1.139219471,1.41622696,1.185433421,1.946377467,2.43930052
823221,137,0.8914204743,1.16502784,1.5205257,1.268676879,2.049617681,2.668067446
823222,137,0,0.2872255962,0.5780905236,0,0.9997740746,1.680033391
823222,145,0,0.1634274491,0.3532524672,0,0.824683478,1.453934502
823223,137,0,0.1976362542,0.4405084052,0,0.9804431792,1.664694297
823223,145,0,0.1926101368,0.4018467607,0,1.048935927,1.805824467
823224,134,0,0.3311821067,0.7125230579,0,0.9665077872,1.805500828
823224,137,0,0.2416849422,0.5588003674,0,0.9477242736,1.609135006
823225,134,0,0.247784812,0.4775063448,0,0.5224531454,0.9485872655
823225,137,0,0.2232526956,0.5052812629,0,0.8438527038,1.540427835
823226,135,0,0.1707839149,0.3619357723,0,0.4989208371,0.7916463993
823226,137,0,0.2705084168,0.6265695044,0,1.130747121,1.921248591
823227,135,0,0.2825157372,0.4918771826,0,0.438018596,0.8519564455
823227,137,0,0.234746443,0.463677525,0,1.335180397,2.320921227
823228,135,0,0.1787094533,0.4017509223,0,0.5514143348,0.925077228
823228,137,0,0.2219409028,0.4357376349,0,0.3485417453,0.6427624803
823229,137,0,0.2423754513,0.5868520597,0,0.5977059573,1.136307711
823229,146,0,0.2012485353,0.4324408419,0,1.005310995,1.597122152
823230,137,0,0.2223966715,0.5349196411,0,0.7601320889,1.351049018
823230,146,0,0.3483255825,0.699478942,0,0.708234658,1.297589462
823231,119,0,0.158714552,0.362937838,0,0.499175706,0.9148152946
823231,137,0,0.2620757017,0.5376105865,0,0.5269329747,0.9243562899
823232,137,0,0.2142690912,0.4662094713,0,0.6714809495,1.189861147
823232,146,0,0.3306552961,0.5774191484,0,0.576543336,1.056211151
823233,119,0,0.2423205526,0.5230866503,0,0.5298814762,0.8968066992
823233,137,0,0.1700989479,0.3785347316,0,0.5283410768,0.9002826092
823234,137,0,0.2201673356,0.5339544418,0,0.800382515,1.505787751
823234,143,0,0.2123171735,0.4705790344,0,0.9542467301,1.606736974
823235,137,0,0.2062389047,0.4792901335,0,0.8514213723,1.547939912
823235,143,0,0.2258100574,0.5504029746,0,0.60116527,1.089735485
823236,119,0,0.1664181627,0.4042717516,0,1.370798139,2.194670258
823236,137,0,0.2750654966,0.5869805641,0,1.39628345,1.977574389
823237,137,0,0.261252212,0.5269579922,0,0.8238203112,1.443394158
823237,143,0,0.1925418477,0.4652467484,0,1.129307833,1.783331884
823238,121,0,0.2586717578,0.5764697351,0,0.4031604423,0.7613576835
823238,137,0,0.1984627114,0.4300802795,0,0.7524728257,1.364011144
823239,121,0,0.2631409703,0.5994403555,0,0.6228729405,1.028452712
823239,137,0,0.1919855742,0.4282781411,0,0.5274596067,0.9252617942
823240,121,0,0.4891594839,0.9791928908,0,1.189660419,2.092418122
823240,137,0,0.2268967681,0.5974203755,0,1.408402644,2.408479872
823241,137,0,0.2585459705,0.5729862888,0,0.6846370977,1.28184573
823241,147,0,0.264746973,0.6407040242,0,0.7427989987,1.3981169
823242,121,0,0.1797004419,0.3991941611,0,0.6422007333,1.171371248
823242,137,0,0.3059495309,0.7511979851,0,0.6896151385,1.183515997
823243,137,0,0.2009285198,0.4182120043,0,0.5765453656,1.085259772
823243,147,0,0.1566581599,0.3384093348,0,0.6104514007,0.9998877078
823244,137,0,0.2258109227,0.4622557114,0,0.6243970444,1.19031342
823244,147,0,0.2023990457,0.4818572464,0,0.5965623062,1.037344274
823250,120,0,0.1699725134,0.3489448138,0,1.207160746,1.864316796
823250,135,0,0.242384697,0.4808685744,0,0.5435565199,0.9624377714
823251,120,0,0.4435789678,0.8098081707,0,1.000939871,1.715748939
823251,135,0,0.2417869653,0.5653581514,0,0.9449172667,1.759188099
823253,135,0,0.2413454917,0.4939998537,0,0.6233280709,1.149044342
823253,147,0,0.1983210017,0.427227055,0,0.5412218544,0.915825216
823254,120,0,0.2036260939,0.4498242017,0,0.9828282292,1.688983185
823254,135,0,0.2966677751,0.5555407704,0,0.6064752035,1.094880513
823255,134,0,0.196098322,0.4801098368,0,0.6564589329,1.242468266
823255,135,0,0.1731917536,0.3978679422,0,1.215472161,2.177375506
823256,135,0.473476224,0.6798341514,0.9389270524,0.6009281733,1.313638103,1.813098145
823256,147,0.2701519659,0.5585103079,0.7747216309,0.2701519659,0.7170319978,1.06353455
823257,135,0,0.2167742221,0.4425331934,0,1.590863803,2.62095206
823257,147,0,0.18068354,0.4057316672,0,1.088162319,1.884856198
823258,135,0,0.1848348563,0.4049758778,0,0.463786326,0.8482415094
823258,142,0,0.2398898834,0.4834016909,0,0.9541963253,1.701830549
823259,134,0,0.3011513818,0.5430905759,0,0.6405741969,1.030145112
823259,135,0,0.488033408,1.173051632,0,0.9066196171,1.677741385
823260,134,0.495640648,0.6752506864,0.8873764968,1.085119001,1.746444384,2.237132271
823260,135,0.9398869838,1.169816746,1.41431055,1.119036586,1.941101151,2.488198112
823261,135,0,0.2016861231,0.4589235321,0,0.6343876445,1.14079108
823261,142,0,0.2442924069,0.5186093964,0,0.8842715408,1.542311382
823262,135,0,0.1673789941,0.3854409988,0,0.3546594452,0.6701046076
823262,142,0,0.1578497813,0.3407313104,0,0.669041416,1.090172486
823263,135,0.6866103955,0.9156768951,1.138630645,1.180888749,2.244340894,3.003192359
823263,158,0.5947405672,0.7976069343,1.03919159,0.6967937277,1.524245752,2.106209447
823264,135,0,0.1687186118,0.3767073284,0,0.8692421213,1.490740696
823264,158,0,0.2223120875,0.5268387835,0,0.650873942,1.181743951
823265,135,0,0.1884695022,0.4394997796,0,0.5280912184,0.9103327595
823265,158,0,0.212088724,0.4005388992,0,0.5120384344,0.9053631487
823266,117,0,0.2642982128,0.5020175086,0,0.816127737,1.408885499
823266,135,0,0.1670642336,0.3744052152,0,1.076726324,1.93390863
823267,117,0,0.2919503342,0.6118929396,0,0.581526575,1.056835987
823267,135,0,0.2370315016,0.545627887,0,0.6575981352,1.149983486
823268,117,0,0.255343318,0.5450660489,0,0.4371378807,0.7800101194
823268,135,0,0.158462938,0.3568532794,0,0.3788599962,0.6986426385
823269,135,0,0.2029587849,0.4530865211,0,0.9370000112,1.716297181
823269,137,0,0.5121937867,0.7662114463,0,0.7604526165,1.279478446
823270,135,0,0.2420969079,0.5301301844,0,1.068389112,1.747244814
823270,137,0,0.1972036682,0.4452827597,0,0.7639907339,1.343097583
823271,135,0,0.4009401652,0.8004874382,0,1.658554214,2.755652446
823271,137,0,0.1932421236,0.4141288744,0,0.5595429807,0.9780673704
823272,135,0,0.2326304044,0.4953092775,0,0.5559421226,0.9762990834
823272,137,0,0.2994507108,0.6717629247,0,0.748365312,1.22973573
823273,115,0,0.2517696459,0.5041026898,0,0.8907867715,1.490918189
823273,135,0,0.1951815167,0.4000501756,0,0.4714583083,0.8783114337
823274,135,0,0.1842060188,0.39091778,0,0.8050911086,1.313521956
823274,141,0,0.2475933337,0.6360923759,0,1.201238001,2.028793681
823275,115,0,0.2291478751,0.5128000172,0,0.8478521531,1.524427962
823275,135,0,0.2438449315,0.5405805639,0,1.265993623,1.812982937
823276,135,0,0.1962048188,0.4332625142,0,1.208052887,2.160756889
823276,141,0,0.2612485418,0.6316094478,0,1.633476418,2.77071037
823277,109,0,0.3154337713,0.6194836204,0,0.487873821,0.8963290252
823277,135,0,0.2542055713,0.6081238093,0,0.6982093695,1.206640357
823278,135,0,0.2568367324,0.5077150575,0,0.6258984923,1.033360934
823278,141,0,0.2760152626,0.568080227,0,0.5136303558,0.9107600362
823279,109,0,0.2276605861,0.4496610832,0,0.5413574338,1.025184049
823279,135,0,0.2274135206,0.4898067211,0,0.7660148377,1.231270544
823280,109,0,0.2633875671,0.6151312617,0,0.5672467737,1.01918437
823280,135,0,0.3707657308,0.9687700914,0,1.459170734,2.410800726
823281,119,0,0.1561562603,0.3486961439,0,0.6894152932,1.17768165
823281,135,0,0.2389638167,0.4810231198,0,1.591821736,2.702887316
823282,109,0,0.2486709297,0.4714553823,0,0.4420260628,0.8256363016
823282,135,0,0.1934167029,0.4551436476,0,0.5165038537,0.9681509194
823283,119,0,0.2364588179,0.4534895761,0,0.9137060746,1.580536049
823283,135,0,0.2045516054,0.4253111321,0,1.281719817,2.135113377
823284,135,0,0.1754642937,0.3680225752,0,0.878984794,1.556841514
823284,144,0,0.2171084976,0.4323246849,0,0.8045911384,1.389140515
823285,119,0,0.19985598,0.4719971793,0,0.9323545936,1.79683352
823285,135,0,0.3411756153,0.681604052,0,0.7542380814,1.314264656
823286,135,0.263861279,0.4725581647,0.75368326,0.263861279,1.638639938,2.399985892
823286,144,0,0.2458928442,0.575275687,0,1.182473699,2.091104831
823287,113,0,0.2015131199,0.4314098022,0,0.3552049559,0.6868167837
823287,135,0,0.1749653866,0.3782919409,0,0.7504538404,1.331805353
823288,135,0,0.289628683,0.5649589164,0,0.4426592025,0.8639801465
823288,144,0,0.2437044604,0.5348630801,0,0.7580438749,1.278649933
823289,113,0,0.181415023,0.4075555472,0,0.6407342695,1.057822445
823289,135,0,0.2450310697,0.4809657564,0,0.6300192271,1.123697982
823290,113,0.7721399866,0.9546620554,1.195255754,0.7721399866,1.552912158,2.210302054
823290,135,0.4373171045,0.7000695545,0.9774980919,0.4686551406,1.506834199,2.361725001
823291,121,0,0.2556900057,0.6586532333,0,0.8956158247,1.469949003
823291,135,0,0.3733947732,0.9434095441,0,1.034365286,1.854071924
823292,121,0,0.1971430254,0.3978392196,0,0.6017033483,1.088578324
823292,135,0,0.2384421383,0.543834539,0,0.5194271926,0.9301604981
823293,121,0,0.2992011773,0.6595658107,0,0.5742829751,1.05216034
823293,135,0,0.1851844808,0.3917593658,0,0.3463717452,0.6780001645
823294,135,0,0.1971947194,0.4391771115,0,0.7950953123,1.333039154
823294,143,0,0.223192515,0.4729038559,0,0.770077857,1.356408375
823295,135,0,0.1805191968,0.3586506247,0,0.5655136967,0.9488927687
823295,143,0,0.1928599527,0.4136719065,0,0.3821868864,0.7115855714
823296,135,0,0.235811154,0.6018592351,0,0.8990121593,1.593139807
823296,143,0,0.2834069107,0.7352579386,0,1.32208393,2.334628292
823297,133,0,0.1614388465,0.3401992625,0,1.088668688,1.809472823
823297,135,0,0.2304943634,0.5283844784,0,1.209170422,2.206098076
823298,133,0,0.1762591652,0.4160415374,0,0.6357996089,1.117384664
823298,135,0,0.217883332,0.4873746661,0,0.7430378412,1.320261605
823299,119,0,0.2323552237,0.5047838346,0,1.069377386,1.64644363
823299,135,0,0.2486325354,0.6109359049,0,0.9161974973,1.771151665
823300,133,0,0.2888517654,0.5983746046,0,1.123726025,1.98422992
823300,135,0,0.2825308585,0.5944673615,0,1.085407279,2.018368899
823301,119,0,0.3579327924,0.7586882754,0,0.8081891072,1.309987988
823301,135,0,0.2411697419,0.5449013652,0,0.7127380464,1.236850752
823302,119,0,0.1629721109,0.3473392899,0,0.4379458071,0.8210480957
823302,135,0,0.2514996747,0.5180633326,0,0.5403877277,0.9464156459
823303,135,0,0.2014370184,0.4719471457,0,0.6582893918,1.186075116
823303,138,0,0.396224909,0.6319833183,0,0.7437211822,1.295346562
823304,135,0,0.2616254712,0.4796480268,0,0.5173468818,0.9433627365
823304,138,0,0.1704843868,0.3604644892,0,0.814506027,1.422285937
823305,135,0.2603051533,0.4554460534,0.7117128609,0.4245798,0.8078100671,1.144300129
823305,138,0.3290558526,0.5575401087,0.9130120742,1.00473336,1.703643288,2.179626211
823306,135,0,0.1637939173,0.3674024265,0,0.8068229935,1.306444147
823306,138,0,0.2239317775,0.5264098217,0,0.4886136195,0.8689943637
823307,135,0,0.232327206,0.5219171023,0,0.6743257908,1.209167251
823307,145,0,0.2118754439,0.4289752565,0,0.8755454878,1.544897164
823308,135,0,0.1685473825,0.3696375535,0,0.6182350468,1.159835302
823308,145,0,0.2476325862,0.5079941534,0,0.9742403445,1.567413097
823309,135,0,0.2627922034,0.5528216829,0,0.7191695421,1.33112078
823309,145,0,0.2742965315,0.6664758369,0,0.7453581176,1.362722917
823310,112,0,0.2837645341,0.5980555254,0,0.7065731252,1.187649745
823310,135,0,0.2151116376,0.4716888115,0,0.9521621691,1.750472634
823311,112,0,0.1937497507,0.4487480353,0,0.9583177162,1.687525048
823311,135,0,0.2885204997,0.7223614284,0,0.8722927832,1.581052119
823312,112,0,0.2306589449,0.5083464788,0,1.273918585,2.111421812
823312,135,0,0.2660697069,0.6508176434,0,0.6309074688,1.152580869
823313,135,0,0.2876479822,0.7236366512,0,0.9610539348,1.737724776
823313,136,0,0.4976076206,1.172787428,0,1.013197904,1.73558497
823314,135,0,0.1923161029,0.4382409125,0,0.9989070108,1.715883027
823314,136,0,0.189105573,0.4090650757,0,1.010520075,1.790228351
823315,135,0,0.2159040267,0.4886597185,0,0.7326376953,1.304385842
823315,136,0,0.2916343094,0.6501612466,0,0.8168972325,1.378353635
823316,115,0,0.2507658712,0.6112864436,0,1.81192755,3.232845673
823316,135,0,0.2177877315,0.5121479033,0,1.01187074,1.742990171
823317,115,0,0.3699067542,0.7171452534,0,0.9331293258,1.707456196
823317,135,0,0.2043593771,0.427174233,0,0.571671466,0.970373001
823318,115,0,0.1832019802,0.3916258844,0,0.8429136639,1.459236675
823318,135,0,0.184043245,0.4141608467,0,0.4399077922,0.7397522431
823319,115,0.7276873757,0.9504289772,1.161465328,0.9343535326,1.462240236,1.834660444
823319,135,0.6594259985,0.9602593061,1.315407953,0.9329164151,1.433792758,1.851382397
823320,135,0,0.1818946687,0.4338509202,0,0.6875885985,1.108185529
823320,137,0,0.2179111824,0.4650563228,0,0.7085990212,1.14859248
823321,135,0,0.2660482824,0.5561204681,0,0.5857352293,1.055289506
823321,137,0,0.176768517,0.3870887171,0,0.7685172329,1.416094407
823322,135,0,0.2457157647,0.5102011852,0,0.4391162987,0.7980011897
823322,137,0,0.1623051078,0.365045842,0,0.7642914391,1.409339951
823323,116,0,0.4230824232,0.837083677,0,1.148514515,2.081635191
823323,135,0,0.4014027303,0.7960957617,0,0.7466572617,1.37750804
823324,116,0,0.2089783143,0.4321927634,0,0.8169291801,1.361312438
823324,135,0,0.3093689792,0.7017747842,0,0.9717825004,1.854772862
823325,116,0,0.4984440976,0.7752918641,0,0.6955735653,1.14115081
823325,135,0,0.3307054192,0.8560602922,0,1.248622596,1.916002084
823335,108,0,0.2135553431,0.4100492764,0,0.8530642092,1.539138965
823335,134,0,0.2167654473,0.4700252201,0,0.4743171968,0.883946646
823336,108,0,0.2194361631,0.4371269204,0,0.5940337876,0.9317333771
823336,134,0,0.1587126669,0.3450135118,0,0.4144921895,0.758994099
823337,134,0,0.2833592638,0.728262652,0,0.8897405877,1.549198405
823337,137,0,0.2074917727,0.5512708169,0,1.740705314,3.083591784
823338,108,0,0.2159101288,0.3928690174,0,0.654330131,1.090772154
823338,134,0,0.2299963447,0.5171007415,0,0.6685316344,1.250614999
823339,134,0.3452138113,0.5316740246,0.751995939,0.5403250108,1.468895739,2.25236321
823339,137,0.19497384,0.40607334,0.6545674667,0.2191820832,1.550338314,2.390572676
823340,134,0,0.2416806955,0.6183922706,0,1.616243973,2.525637178
823340,137,0,0.4858060905,0.9047259697,0,2.089796568,3.506547044
823341,116,0,0.1870042367,0.3936059962,0,0.5176028088,0.9540750579
823341,134,0,0.1753779691,0.3957400392,0,0.4601586436,0.764413741
823342,116,0,0.2814395894,0.5564465872,0,0.6831912072,1.228359475
823342,134,0,0.3322830621,0.8659932826,0,1.32875995,2.277264466
823343,116,0,0.2181510136,0.456444583,0,0.8040272448,1.42640451
823343,134,0,0.3049324803,0.7080481117,0,1.730027201,2.775125288
823344,111,0,0.2177357046,0.5109159058,0,1.097053366,1.795304549
823344,134,0,0.2061623008,0.516411931,0,0.8893551136,1.629795386
823345,121,0,0.1954188148,0.4312584631,0,0.425818014,0.7957686047
823345,134,0,0.2843304618,0.6561650127,0,1.055941916,1.820434053
823346,111,0,0.2358049131,0.5058208474,0,0.7716856116,1.334941386
823346,134,0,0.2405303843,0.4947276301,0,1.039020943,1.632321097
823347,111,0,0.212516087,0.4742035752,0,0.7744088062,1.318413015
823347,134,0,0.2254497205,0.5240770066,0,1.009117183,1.873618571
823348,121,0,0.1903830595,0.4480515772,0,1.095762599,1.76620352
823348,134,0,0.2392498306,0.4729574799,0,0.6689661888,1.175529615
823349,121,0,0.1709745736,0.4066566719,0,1.208567928,2.071529639
823349,134,0,0.2375884218,0.5778937855,0,0.8624244565,1.487234872
823350,109,0.8747422299,1.097894361,1.381549108,1.076069023,1.639092868,2.125573662
823350,134,0.8550106951,1.04327779,1.315137811,1.233597748,1.95832817,2.529207168
823351,109,0,0.1981140398,0.4315931121,0,0.512718,0.9154509356
823351,134,0,0.1606865633,0.3411605048,0,0.4625430684,0.7596047753
823352,112,0.2273498631,0.4844665199,0.8014005664,0.2273498631,1.029090242,1.593904533
823352,134,0.2378249061,0.5014960051,0.7812339343,0.4535656512,1.188707166,1.641718602
823353,109,0.4040121227,0.6423401365,0.8436811335,0.6084577867,1.193958176,1.625304872
823353,134,0.3044087236,0.4949357524,0.7037728668,0.4221306111,1.16085257,1.730182467
823354,112,0,0.2675622214,0.5806227765,0,0.7651113975,1.345713983
823354,134,0,0.2082482698,0.4716660928,0,0.8072693134,1.414856165
823355,112,0,0.3357870862,0.7267802398,0,1.288902506,2.014053641
823355,134,0,0.1973879571,0.447626271,0,1.064745492,1.823217762
823356,134,0,0.2295910669,0.5258361543,0,1.014033446,1.632701709
823356,158,0,0.2276914651,0.4981157271,0,0.8453984304,1.348663711
823357,134,0,0.2179826344,0.4947034255,0,0.8257277389,1.516034977
823357,158,0,0.2932835092,0.6144915288,0,0.7519428903,1.404315939
823358,134,0,0.1853220948,0.426190608,0,1.073478839,1.82688223
823358,158,0,0.2313840758,0.4673471398,0,1.471047243,2.329212381
823359,134,0,0.2027771954,0.4599749975,0,0.8068838003,1.518356716
823359,144,0,0.2861761789,0.6230740651,0,0.7968624242,1.436953536
823360,134,0,0.2009740248,0.4444053591,0,0.4479867564,0.7160665202
823360,144,0,0.3057330505,0.5483623865,0,0.637284146,1.059608685
823361,134,0,0.2043017929,0.4265177056,0,0.4723619584,0.8733643793
823361,144,0,0.329763833,0.8879429645,0,1.656436351,2.719522439
823362,113,0,0.20777808,0.4547739411,0,0.7606154515,1.39034535
823362,134,0,0.2273517118,0.4907349641,0,0.94510992,1.623765829
823363,113,0,0.2839908188,0.683171614,0,1.195068222,1.754537523
823363,134,0,0.2670704423,0.5480936887,0,0.7518473642,1.314151741
823364,113,0,0.2434630809,0.5157531478,0,0.8296717774,1.484036295
823364,134,0,0.1625503144,0.347497562,0,0.6083083655,1.15555058
823365,134,0,0.2785266924,0.4871265362,0,0.6772940301,1.108656632
823365,136,0,0.2103876815,0.4584240296,0,0.7351515217,1.151503223
823366,134,0,0.2183291283,0.5035268809,0,0.9557879197,1.750815239
823366,136,0,0.491987595,0.6996235141,0,0.6162934753,0.9908155068
823367,134,0,0.2442754145,0.5342676865,0,0.4483540288,0.8224419279
823367,136,0,0.3970684925,0.7300194557,0,0.867622408,1.562872144
823368,134,0,0.2521316151,0.6176300687,0,0.7428035774,1.322284718
823368,146,0,0.2258164336,0.4988861899,0,0.7347745933,1.269668507
823369,134,0,0.2180601232,0.4824958824,0,1.208022484,1.838421821
823369,146,0,0.274346257,0.593942024,0,0.8738238027,1.617310499
823370,134,0,0.2410463443,0.5640470772,0,1.219090116,2.177112788
823370,146,0,0.2462128851,0.457170844,0,0.4729136966,0.9044471089
823371,119,0,0.3020703866,0.5711019073,0,0.7936322194,1.40014667
823371,134,0,0.2961443753,0.7102710584,0,1.041432679,1.933942515
823372,119,0,0.390212439,0.9067482933,0,0.8969102404,1.661565315
823372,134,0,0.2482282297,0.5527931406,0,1.228354013,2.002696912
823373,134,0,0.1687570586,0.3748146162,0,0.485990398,0.8655159685
823373,142,0,0.2100515961,0.417677781,0,1.134366023,1.813518363
823374,119,0,0.2003011323,0.43192821,0,0.7640288776,1.331361945
823374,134,0,0.1811671331,0.4320424055,0,1.16629807,2.098678003
823375,134,0,0.250449079,0.5266013318,0,1.127836083,2.031067675
823375,142,0,0.1989369975,0.4370604873,0,1.187015243,2.206110997
823376,112,0,0.4038340465,0.7780988486,0,0.8956138352,1.462439093
823376,134,0,0.3305643635,0.9042222905,0,1.138360006,2.107275731
823377,134,0,0.2113899875,0.5382769669,0,0.9569882141,1.550128942
823377,142,0,0.1894224165,0.4530148212,0,0.8155920019,1.463048419
823378,112,0,0.3167079473,0.5335433082,0,0.5985943738,1.098047975
823378,134,0,0.1986762797,0.4477014319,0,0.670556589,1.258197522
823379,112,0,0.172025236,0.3962098201,0,1.080609726,1.868451504
823379,134,0,0.2608145451,0.5367234428,0,0.7993941942,1.407460232
823380,112,0,0.2638843215,0.5757264626,0,0.6444745552,1.120649145
823380,134,0,0.2243972835,0.5233640009,0,0.6392922088,1.078125393
823381,134,0,0.2041314491,0.4458227291,0,0.4782676122,0.8841823474
823381,143,0,0.2005900901,0.4697108475,0,0.4958938348,0.8503362013
823382,134,0,0.5257564651,1.123328448,0,1.010810929,1.614875409
823382,143,0,0.5814591163,0.9644537054,0,0.6563190094,1.166026973
823383,115,0,0.2785746099,0.6009443133,0,1.095478442,1.733891665
823383,134,0,0.1819654291,0.398664783,0,0.6685839888,1.131674335
823384,134,0.4522881019,0.8069932708,1.187103976,0.6749749845,1.426215613,2.060846352
823384,143,0.4698835912,0.7583240138,1.099870747,1.015523372,1.942411781,2.722903164
823385,115,0,0.2324736708,0.5414210935,0,0.6687213059,1.223886566
823385,134,0,0.2739894894,0.6067061292,0,0.6539156962,1.024464661
823386,115,0,0.2710607953,0.6954794204,0,0.9923670181,1.857003079
823386,134,0,0.1748980142,0.4079478496,0,0.6416794941,1.098238831
823387,113,0,0.3120756444,0.6941462831,0,0.6935514383,1.092732647
823387,134,0,0.3653538725,0.6587788469,0,0.8170853304,1.421277659
823388,113,0,0.188944142,0.4613939361,0,2.175303297,3.629201976
823388,134,0,0.2322011111,0.5060103263,0,0.7328525702,1.353147841
823389,113,0,0.1802672286,0.3895668833,0,1.261353747,2.1143773
823389,134,0,0.1703044354,0.3694925068,0,1.300455431,2.126787474
823390,134,0,0.3389868061,0.6666650854,0,0.6734356718,1.29407115
823390,138,0,0.4643290635,0.7893548638,0,0.6551049415,1.106730992
823391,134,0,0.1881349094,0.3957711059,0,0.8603570908,1.524651319
823391,138,0,0.3933174017,0.7261910151,0,0.88041646,1.502099683
823392,134,0,0.1811722123,0.404842528,0,0.6760919454,1.152901571
823392,138,0,0.1978255537,0.4358345492,0,1.247198095,2.137048702
823393,134,0,0.2094000065,0.4744498012,0,0.4135046639,0.7790828256
823393,139,0,0.2496526815,0.5356618182,0,0.7679307818,1.227850059
823394,134,1.378937513,1.632493221,1.970614563,2.162630302,3.081780428,3.557682453
823394,139,0.8378832029,1.075714007,1.490152375,1.778218055,3.406342338,4.05775263
823395,134,0,0.1939971674,0.4175783051,0,0.9113648577,1.483495921
823395,138,0,0.2153951518,0.4969899629,0,0.5113742247,0.8686227142
823396,120,0.2643254778,0.6490398354,1.164245278,0.3481874385,1.409769304,2.245403994
823396,134,0.162198336,0.3903283742,0.7919172212,0.162198336,1.754437566,2.529661819
823397,134,0,0.2078669147,0.444129515,0,0.4465229096,0.8396328719
823397,139,0,0.201585926,0.4335354207,0,1.036550142,1.876586881
823398,120,0,0.349066981,0.6577725311,0,0.7224662544,1.273091339
823398,134,0,0.2854813988,0.7769068822,0,1.208436698,2.054218407
823399,120,0,0.2306875132,0.4541070953,0,0.7044393615,1.139156667
823399,134,0,0.1898235845,0.4023818862,0,0.3523217907,0.677183303
823400,120,0,0.1929194443,0.4486759574,0,1.731226877,2.892166596
823400,134,0,0.2011914233,0.3985612201,0,0.6783300288,1.211849133
823401,134,0,0.1645891019,0.3921969223,0,0.7787075982,1.346152777
823401,135,0,0.2177555174,0.4270004415,0,0.843434397,1.568765618
823402,134,0,0.1906478527,0.440847239,0,0.4791207275,0.885949673
823402,135,0,0.1718624929,0.3656437406,0,0.5197450582,0.9424431569
823403,134,0,0.2190317669,0.4803884515,0,0.6886667347,1.133340433
823403,135,0,0.2409525405,0.4453587236,0,0.5346435966,0.9740728643
823404,110,0,0.2773283085,0.627295478,0,0.8514850318,1.501884726
823404,134,0,0.2613506961,0.5849358952,0,0.8805268912,1.661701625
823405,110,0,0.2891789466,0.6005261544,0,0.9645077036,1.722624125
823405,134,0,0.1979683965,0.4275757063,0,0.4773128026,0.9015701245
823406,110,0,0.2046004186,0.4618023174,0,0.8565279098,1.536418145
823406,134,0,0.3029988698,0.7438258398,0,0.865021633,1.572473711
823414,117,0,0.2213586344,0.487297144,0,0.4756790938,0.8910951227
823414,143,0,0.2078832992,0.4492622863,0,0.7137831245,1.234478689
823415,143,0,0.1979127993,0.4349750102,0,0.4317586714,0.7638987292
823415,144,0,0.2791787719,0.6975996562,0,0.7012875504,1.131496949
823416,117,0,0.2197459924,0.4293505752,0,1.17012343,2.085983931
823416,143,0,0.2104810939,0.4432535945,0,0.6519242102,1.106367728
823417,143,0,0.1597443739,0.368638754,0,1.116150756,1.777206762
823417,144,0,0.2335098433,0.5327150355,0,0.5574392276,0.9392225744
823418,143,0,0.2024535837,0.5208904301,0,0.6685665221,1.113998054
823418,144,0,0.2697757087,0.5067479948,0,0.4847074555,0.9189231821
823419,143,0,0.5903488635,1.305526848,0,1.056015308,1.718856167
823419,144,0,0.2699042193,0.7022355391,0,1.221435237,2.078556574
823420,138,0.22641324,0.4522142814,0.6739588414,0.2442744,1.064877078,1.67845257
823420,143,0.2751866162,0.4513687353,0.6877083801,0.305928672,1.372737052,2.058924264
823421,138,0,0.2554043718,0.5418065584,0,0.6153328844,1.097392561
823421,143,0,0.3499143234,0.6680047046,0,0.6398744929,1.142604518
823422,138,0,0.3039453098,0.7321662931,0,0.66556283,1.122683782
823422,143,0,0.2414132998,0.5131813005,0,0.5718902935,1.027082274
823423,143,0,0.2097305705,0.4195932346,0,0.5182588442,0.9888350942
823423,146,0,0.1594902452,0.350333679,0,0.7116291151,1.283467023
823424,143,0,0.1709066521,0.37317378,0,0.6971532326,1.226959187
823424,146,0,0.1842973892,0.3917096027,0,0.4434042086,0.7955088733
823425,141,0.9911492969,1.196517489,1.402788264,1.40176915,1.979458071,2.448897196
823425,143,0.7859219791,0.9958953275,1.2199898,1.066302776,1.63847069,2.093430649
823426,141,0.3735139242,0.6507097101,0.9405729213,0.4896908355,1.046281881,1.538381086
823426,143,0.6736489359,0.8979011657,1.175881944,0.9200998717,1.769428862,2.459733471
823427,143,0,0.3595435644,0.6943164592,0,0.94194925,1.782258075
823427,146,0,0.2309503981,0.4763937164,0,1.018262525,1.932896564
823428,141,0,0.1801816738,0.396889124,0,1.170909083,2.067311756
823428,143,0,0.2012357434,0.407512271,0,0.6804187821,1.229949072
823429,120,0.7657402965,1.060222677,1.466645309,1.062003246,1.904985303,2.603333085
823429,143,0.825857704,1.235751084,1.800719257,1.81337798,3.051268577,3.859830524
823430,120,0,0.4564268818,0.8553815003,0,0.780190298,1.315870704
823430,143,0,0.2458982723,0.5456975686,0,0.8867327265,1.627301043
823431,120,0,0.2050023272,0.388818558,0,0.5783876946,1.088249504
823431,143,0,0.2214298601,0.5150196201,0,0.7227904269,1.224147992
823432,120,0,0.233598135,0.5432229712,0,0.858549497,1.505140081
823432,143,0,0.3041034336,0.6446052593,0,0.6447449946,0.9963176962
823433,143,0,0.2785938012,0.5887194559,0,1.384478104,2.324849973
823433,147,0,0.1917183591,0.4704638947,0,0.938365106,1.727370238
823434,143,0,0.2350445183,0.4583215842,0,0.5451509298,0.9649234513
823434,147,0,0.2020682767,0.4529323174,0,0.9461028391,1.591600084
823435,143,0,0.1902622614,0.4161264614,0,0.4645279651,0.8337621444
823435,147,0,0.2259315637,0.4800913615,0,0.5684976231,1.040306855
823436,119,0,0.5819625291,1.091445329,0,0.6757615163,1.284036369
823436,143,0,0.3845824168,0.7399030179,0,0.772177864,1.327120605
823437,119,0,0.2807260607,0.5325602419,0,0.497042028,0.9335175361
823437,143,0,0.1673846776,0.3536529356,0,0.3866254963,0.7373366728
823438,119,0,0.222776156,0.4863482122,0,0.759605848,1.297696595
823438,143,0,0.2096470076,0.4070962006,0,0.9409793597,1.657344721
823439,121,0,0.319040324,0.6143789841,0,0.796815475,1.508299859
823439,143,0,0.2657683306,0.6467649972,0,1.241165903,2.0904775
823440,121,0,0.2105085001,0.4080833115,0,0.4660011012,0.7829831025
823440,143,0,0.2174692308,0.4548811218,0,0.9140795173,1.585076088
823441,121,0,0.1661574434,0.3761746192,0,1.256621847,2.223502991
823441,143,0,0.1862960082,0.3661706759,0,0.9522365617,1.353316468
823442,134,0,0.2157432835,0.4702561322,0,0.4749538033,0.8429382032
823442,143,0,0.2308096017,0.5026564571,0,0.826620198,1.540169873
823444,134,0,0.2338522877,0.4389074121,0,0.5869188524,0.9307368568
823444,143,0,0.1952052185,0.4016887634,0,1.521164033,2.436251723
823445,134,0,0.1877502534,0.4399612283,0,0.7091490077,1.277291356
823445,143,0,0.1511957712,0.3499753861,0,0.7819051255,1.388904336
823446,134,0,0.2399613608,0.4926153844,0,1.098590436,1.842967418
823446,143,0,0.2255505454,0.4807769749,0,0.6670725666,1.201472835
823447,121,0,0.2144657628,0.4993610568,0,0.7336226115,1.280132309
823447,143,0,0.2690531906,0.6645087784,0,0.5605698443,0.9915821376
823448,121,0,0.2074423451,0.4760721828,0,0.6961696128,1.189649655
823448,143,0,0.2770076904,0.5777752418,0,0.5983901071,1.069348842
823449,121,0,0.3161141169,0.8308646971,0,1.161505358,1.998964796
823449,143,0,0.2027818332,0.5007422145,0,0.9925552153,1.72558179
823450,143,0,0.2006539514,0.4478053641,0,0.9024918621,1.615554314
823450,146,0,0.2568763807,0.5737384775,0,1.156585723,1.994222054
823451,143,0,0.2948238271,0.6997709273,0,0.8217062576,1.418397988
823451,146,0,0.2290442044,0.5377132459,0,0.5256477527,0.972349659
823452,143,0,0.2497480827,0.6575470285,0,1.063887738,1.700800805
823452,146,0,0.3133875227,0.7006803928,0,0.9047749164,1.663697739
823453,143,0,0.1708591259,0.3790852745,0,0.8540732108,1.556731502
823453,145,0,0.2557295838,0.5056934839,0,1.246414333,2.017660758
823454,143,0,0.3652943716,1.074472013,0,1.387156756,2.385535566
823454,145,0,0.417404773,0.6942559891,0,0.562072068,1.014686199
823455,143,0,0.2049084916,0.4786488183,0,0.743354323,1.294772892
823455,145,0,0.2383037333,0.6148295829,0,1.053478809,1.881738853
823456,135,0,0.2217833113,0.4621126419,0,0.53619086,0.9886253662
823456,143,0,0.1813784356,0.3814666354,0,0.5334980085,0.8793060603
823457,135,0,0.1980879999,0.4078531088,0,0.6204627161,1.152601785
823457,143,0,0.2043161586,0.492706118,0,0.7824596588,1.382336801
823458,114,0,0.265540017,0.5203951157,0,0.9200366333,1.6758719
823458,143,0,0.1915779564,0.3993091148,0,1.273544237,1.828556166
823459,114,0,0.2162710291,0.4625440535,0,0.8838460466,1.612809427
823459,143,0,0.2190291718,0.4723132614,0,0.5372051565,0.9719233775
823460,135,0,0.1744219273,0.3756431098,0,0.622536242,1.164119209
823460,143,0,0.2358817723,0.4979650639,0,0.5046375672,0.9141351662
823461,114,0,0.2838308137,0.6046450052,0,0.5123733926,0.9454413533
823461,143,0,0.2125665345,0.4500640035,0,0.6120317309,1.077556306
823462,113,0,0.2133467282,0.5360024235,0,1.093906555,1.989300923
823462,143,0,0.4660677268,0.9728801797,0,0.7386500854,1.346236319
823463,115,0,0.2194948866,0.4378241305,0,0.6493831727,1.150393926
823463,143,0,0.1607420783,0.3619193682,0,0.682395706,1.153490972
823464,113,0,0.354837985,0.6470223851,0,0.9900662088,1.55152661
823464,143,0,0.232288045,0.4954920404,0,1.695264439,2.983708468
823465,113,0,0.4229094909,1.10485089,0,1.048187675,1.899760305
823465,143,0,0.2301008745,0.5166960606,0,0.5136858664,0.9015376706
823466,115,0.6107164537,0.9159476346,1.170249767,0.7313008622,1.82725746,2.440054318
823466,143,0.6556172685,0.9468053283,1.35389727,0.8660091463,1.67343801,2.215466982
823467,133,0,0.2234789209,0.5105196793,0,0.5852176594,0.9570246829
823467,143,0,0.2329566156,0.5896576511,0,0.7572436783,1.36299518
823468,115,0,0.240676754,0.4583630641,0,0.4890682395,0.8746143222
823468,143,0,0.2352491659,0.4988657241,0,0.563689733,0.9599782385
823469,133,0,0.2120768966,0.4686123552,0,0.9560902454,1.835118427
823469,143,0,0.2098480108,0.4997908818,0,1.161671664,2.075925387
823470,133,0,0.1865641366,0.3926392008,0,0.5046281542,0.9200597037
823470,143,0,0.243587602,0.5388659853,0,0.6942238505,1.187026851
823471,137,0.2591934437,0.4317491674,0.6403362718,0.2591934437,1.158793743,1.807097244
823471,143,0.5710578911,0.81783167,1.164960106,0.7387751306,1.850100178,2.770947156
823472,137,0,0.2642958644,0.4882127908,0,0.3406939427,0.6730454743
823472,143,0,0.1483743586,0.3242334449,0,0.5128369354,0.901291787
823473,137,0,0.1897901948,0.3899135643,0,1.373679204,2.371519952
823473,143,0,0.2143373437,0.4260920099,0,0.4857581434,0.854069766
823474,143,0,0.229320037,0.498045523,0,0.7995268477,1.423569666
823474,144,0,0.2168406219,0.575481339,0,0.5726442038,1.02901558
823475,143,0,0.2076910911,0.4918612959,0,1.079910989,2.041106707
823475,144,0,0.2283062185,0.5339082922,0,0.8819891727,1.623023597
823476,143,0,0.3043638423,0.7856474847,0,0.7892765612,1.392529748
823476,144,0,0.4585848833,0.9403783635,0,0.8759773716,1.499109725
823477,112,0,0.2190902309,0.4252916534,0,0.6196861264,1.071929369
823477,143,0,0.1879427246,0.4369424217,0,0.8258647415,1.397880971
823478,112,0,0.1847540091,0.410412309,0,0.8213966097,1.521676334
823478,143,0,0.1806131767,0.3788194911,0,0.9267691625,1.727207838
823479,109,0,0.2303379048,0.5434333225,0,0.6310251227,1.167425509
823479,143,0,0.2138726428,0.456749313,0,0.9321008763,1.596178507
823480,109,0,0.2748014086,0.5047981611,0,0.5377818722,0.9884103987
823480,143,0,0.204907293,0.4745565694,0,0.4631237814,0.8792064474
823481,112,0,0.4347540956,1.115501413,0,1.435997107,2.142381334
823481,143,0,0.2635052841,0.6342758854,0,1.001579519,1.889726741
823482,109,0,0.308245604,0.6326299924,0,0.6391595331,1.167930078
823482,143,0,0.2400609653,0.5370247538,0,1.038383416,1.612577405
823483,120,0.1981908,0.4333000587,0.7663631407,0.1981908,1.149521879,1.799592705
823483,143,0.15477996,0.4151983994,0.8553990172,0.15477996,1.420983534,2.373889681
823484,120,0,0.5674544064,1.006913671,0,0.9885413899,1.730996085
823484,143,0,0.2650606152,0.6581829151,0,1.475209357,2.467019642
823485,120,0,0.2458544604,0.5575099361,0,0.9076553995,1.388771496
823485,143,0,0.236627174,0.608215656,0,0.5882935247,0.995889861
823486,140,0,0.2054732036,0.4043400155,0,0.6846653257,1.166151482
823486,143,0,0.1658600482,0.3485246422,0,1.247809162,1.684157617
823487,140,0,0.2250129333,0.4910625529,0,1.219127973,2.095304459
823487,143,0,0.1705857527,0.3587134329,0,0.7840645918,1.401825431
823488,140,0.3069937455,0.5329380672,0.8073455032,0.4627785845,1.171845778,1.689986943
823488,143,0.3287915497,0.5854587998,0.9494664125,0.67510716,1.468550313,2.124133575
823497,115,0,0.3878456967,0.6197891386,0,0.8110622519,1.428869842
823497,147,0,0.2026670987,0.4691572361,0,0.8745371325,1.454099716
823500,115,0,0.2096269602,0.5133243675,0,0.6233892975,1.083296203
823500,147,0,0.2497163379,0.5154280326,0,0.5491384512,0.9513898093
823501,111,0,0.2204081112,0.4846379245,0,0.8685989555,1.541896393
823501,147,0,0.2008616747,0.4555315636,0,0.7768999842,1.458612846
823502,111,0,0.393243302,0.8746433994,0,0.9698040774,1.685957286
823502,147,0,0.1863011741,0.4388244174,0,0.5736550744,1.0438335
823503,117,0,0.1779278658,0.3681549946,0,0.8481070143,1.470238906
823503,147,0,0.2311412621,0.5521177023,0,0.9751582214,1.405558396
823504,111,0,0.1881281996,0.4211868764,0,0.7502575252,1.315363196
823504,147,0,0.1755457481,0.3930398034,0,0.7597546766,1.289639125
823505,117,0,0.1818855019,0.4020730663,0,0.7750617678,1.295513078
823505,147,0,0.2339166559,0.4891624475,0,0.5157489443,0.9299303328
823506,117,0,0.2568965069,0.496014882,0,1.197875098,2.038249496
823506,147,0,0.1947258082,0.4274536103,0,0.7435553485,1.245081086
823507,141,0,0.2188258838,0.4905384655,0,1.548476789,2.520770785
823507,147,0,0.1684329365,0.3820592199,0,1.499800673,2.411441712
823508,136,0,0.3168266822,0.559926024,0,0.6914999426,1.245124444
823508,147,0,0.1888320298,0.4047562467,0,0.4814175316,0.886457579
823509,141,0,0.1823961765,0.4249091688,0,1.027734652,1.900705568
823509,147,0,0.2915617732,0.6426073951,0,0.7637755288,1.376989641
823510,141,0,0.2015707465,0.434892384,0,0.7270757129,1.262622543
823510,147,0,0.1934908936,0.4149494691,0,0.6457174629,1.211437625
823511,136,0,0.2019934844,0.4386913999,0,1.229669803,2.083551713
823511,147,0,0.2512397789,0.6935179446,0,0.9591255811,1.621888733
823512,136,0,0.2448188613,0.5879051462,0,0.9302950336,1.651336019
823512,147,0,0.1893100808,0.4066042147,0,0.565824001,1.005893122
823513,144,0.1743068256,0.3783521706,0.6559414537,0.1743068256,0.8594177206,1.306296149
823513,147,0.4719928243,0.6443873055,0.8450707126,0.4719928243,0.887836774,1.146569959
823514,144,0,0.2442546166,0.5536651644,0,0.6741305246,1.218112243
823514,147,0,0.2232212936,0.5118336571,0,0.7985838549,1.350563379
823515,144,0.4762251063,0.6830864374,0.8827873381,1.30162103,2.021616998,2.555734911
823515,147,0.150872088,0.4765932884,0.8861326461,0.150872088,1.034256664,1.538283354
823516,138,0,0.4345702082,0.8739280543,0,1.996363019,3.274108951
823516,147,0,0.2801214991,0.6619622531,0,1.109609054,1.790295429
823517,138,0,0.2030234574,0.4147663286,0,0.7463577741,1.238891471
823517,147,0,0.1811757973,0.4113833161,0,0.806645146,1.467214456
823518,134,0.2823253542,0.4810675433,0.721045961,0.4904012257,1.403200543,2.23021166
823518,147,0.5655173201,0.7243827234,0.9262733101,0.7912349295,1.879386093,2.48899935
823519,134,0,0.213036067,0.5224172995,0,0.5090611061,0.9414744755
823519,147,0,0.2352809836,0.5466736671,0,0.5873951737,1.044361391
823520,138,0,0.2560893847,0.5804533075,0,0.6806031738,1.217647929
823520,147,0,0.2368514731,0.5447551464,0,0.8902908985,1.661788844
823521,119,0,0.2059346339,0.4241885412,0,1.030242304,1.95442458
823521,147,0,0.2775324581,0.5552795439,0,0.5699133638,1.039128169
823522,134,0,0.2398718035,0.4604435776,0,0.510626951,0.9260625794
823522,147,0,0.2608077405,0.5885577817,0,0.5814616912,1.09728969
823523,119,0,0.1788918321,0.3394475099,0,0.3969555461,0.7396805445
823523,147,0,0.2086712721,0.5489435265,0,0.9063536351,1.58018386
823524,119,0,0.2612236581,0.4872928745,0,0.7397009315,1.265947351
823524,147,0,0.1836664917,0.3966952809,0,0.6932253726,1.207238643
823525,142,0,0.1757527423,0.3876591072,0,0.6799496594,1.210220732
823525,147,0,0.3814999758,0.8686668989,0,1.061542807,1.671661776
823526,142,0,0.2160915133,0.4066979058,0,0.9404966454,1.534935517
823526,147,0,0.2717205917,0.6519656576,0,0.9006145509,1.630795764
823527,142,0,0.2742348262,0.5508945596,0,0.5197298771,0.9628954811
823527,147,0,0.1936718073,0.4401965317,0,1.102829799,1.753020361
823528,116,0,0.2502424296,0.5259465733,0,0.5081510818,0.8723531228
823528,147,0,0.2018380827,0.4283006848,0,0.4877899465,0.8809375201
823529,116,0,0.2365192526,0.4842414167,0,0.5799671744,1.056457549
823529,147,0,0.2153252742,0.4761880595,0,0.7256885768,1.316785724
823530,116,0.822008417,1.055692559,1.243916696,1.213392219,1.719607261,2.095354519
823530,147,0.7124290122,0.9542782298,1.213946266,1.406892198,1.937249375,2.355167587
823531,113,0,0.2147372205,0.4840926994,0,0.7906678481,1.377378461
823531,147,0,0.2516424966,0.4400098761,0,0.6489525659,1.073042716
823532,113,0,0.2515050199,0.4739278733,0,0.9637340732,1.754718493
823532,147,0,0.1781676831,0.4012858992,0,1.397442851,1.898198776
823533,145,0,0.1801093697,0.3721932504,0,0.3774368718,0.6584990825
823533,147,0,0.2102180178,0.4836919413,0,0.4558814907,0.8556655056
823534,113,0,0.262604071,0.5157619913,0,0.9320826574,1.626779536
823534,147,0,0.3197866505,0.7024792958,0,0.5724100576,1.056775144
823535,145,0,0.205764634,0.4610392393,0,1.827094295,3.232876299
823535,147,0,0.2326962823,0.5129334798,0,0.7378055657,1.319253235
823536,145,0,0.270745108,0.5462617213,0,0.6314422425,1.113567166
823536,147,0,0.2476257869,0.5682979845,0,0.5117957114,0.9833889056
823537,111,0,0.3109904663,0.5834781646,0,0.3970124841,0.7625930486
823537,147,0,0.2047385043,0.4286419854,0,0.6415595858,1.096821412
823538,111,0,0.1857817323,0.413122205,0,0.398002042,0.7493601102
823538,147,0,0.1734136825,0.4109508777,0,0.4794571591,0.8329012945
823539,111,0,0.1991556832,0.4079537266,0,0.554982621,0.9300453874
823539,147,0,0.1732743387,0.3654201975,0,0.8247530006,1.41046161
823540,114,0,0.2873946412,0.7166349163,0,0.7162127312,1.216181193
823540,147,0,0.3061413731,0.7614952721,0,0.9549366812,1.440175043
823541,114,0,0.1676225839,0.3763859708,0,0.9110904973,1.621630598
823541,147,0,0.222116429,0.5248850435,0,1.217045475,2.156982047
823542,114,0,0.1654784149,0.3758890507,0,0.5361332625,0.9235563731
823542,147,0,0.1943029258,0.3951680174,0,1.014032319,1.6430465
823544,139,0,0.3149084779,0.6174126969,0,0.5713696128,1.004375518
823544,147,0,0.2884767379,0.5235240247,0,0.6017215699,0.9901487948
823545,141,0,0.3191465772,0.5524509015,0,0.6604222698,1.049576525
823545,147,0,0.2075032388,0.4541239964,0,0.4827776519,0.8897690376
823546,139,0,0.3438816006,0.8077515509,0,0.9504290587,1.614459494
823546,147,0,0.4007764043,0.9963853035,0,1.034951377,1.586502466
823547,141,0,0.1847191408,0.4285124625,0,0.4149511712,0.7775899767
823547,147,0,0.1960237527,0.4484396257,0,1.382498537,2.239122275
823548,141,0,0.3156352519,0.6578794146,0,0.8343261448,1.508573182
823548,147,0,0.2993666974,0.7937901595,0,0.8370163089,1.5512463
823549,141,0,0.2643263597,0.5956990911,0,0.9665107444,1.585236904
823549,147,0,0.1967779128,0.4008881584,0,0.8135318231,1.454095714
823550,140,0,0.2387194713,0.5249267546,0,0.9885699307,1.460816895
823550,147,0,0.2186211561,0.4712557178,0,1.258923444,2.10088829
823551,140,0,0.3595343866,0.7350207786,0,1.197386704,1.971377566
823551,147,0,0.2172935486,0.5229749858,0,0.6197666132,1.150770852
823552,110,0,0.1914515178,0.4617718437,0,1.142865444,1.857605694
823552,147,0,0.2138697551,0.405166614,0,1.030551003,1.757607354
823553,140,0,0.2590738397,0.5469396707,0,0.7143827524,1.146335921
823553,147,0,0.342953807,0.9478718292,0,1.269397657,2.228955507
823554,110,0,0.2686907621,0.6312210216,0,0.9280820476,1.74598221
823554,147,0,0.3138936492,0.779600288,0,0.9094288433,1.723891795
823555,110,0,0.2074551463,0.4205859918,0,0.9428175615,1.610696188
823555,147,0,0.2993165953,0.7269226267,0,0.8223958997,1.469002661
823556,118,0,0.3167699625,0.688276939,0,0.9394337654,1.804875439
823556,147,0,0.198625369,0.4605362073,0,1.049581229,1.586272824
823557,110,0,0.2408921779,0.4570565537,0,0.6886880182,1.103403515
823557,147,0,0.1743728571,0.3619755482,0,0.607783436,1.075692825
823558,118,0,0.2352128847,0.5768719324,0,0.9600806352,1.751186424
823558,147,0,0.3614590739,0.5905518632,0,0.523256049,0.9868311234
823559,118,0,0.2097811718,0.463237527,0,0.7248490342,1.299578647
823559,147,0,0.1781096197,0.4025119173,0,0.7276759326,1.263871927
823560,108,0,0.2591169339,0.5256229378,0,0.6320900569,1.137124613
823560,147,0,0.2113274262,0.4515447678,0,0.8811020096,1.497873937
823561,108,0,0.1704086833,0.3665189474,0,0.7657909296,1.256009193
823561,147,0,0.2348600745,0.4697591999,0,0.4137702636,0.766391227
823562,108,0,0.1960576298,0.4173638302,0,1.500294766,2.150920439
823562,147,0,0.1983528849,0.4592452795,0,1.495204447,2.370980115
823563,108,0,0.1926830529,0.4165723552,0,1.126128855,1.944647465
823563,147,0,0.2259803293,0.4827188739,0,1.503438077,2.523352285
823564,133,0,0.4357694825,0.9778541269,0,1.015089501,1.924690247
823564,147,0,0.2273021707,0.5503595275,0,0.8823186785,1.509231655
823565,133,0,0.2138856757,0.4421934413,0,0.4835716437,0.8870691668
823565,147,0,0.155612529,0.3496519749,0,0.4261024933,0.7616278876
823566,146,0,0.1835618453,0.4640513363,0,0.9407571651,1.788867511
823566,147,0,0.3361652139,0.7447650309,0,0.7598980567,1.364183143
823567,133,0,0.4396613994,0.8335011688,0,0.8929501748,1.619461676
823567,147,0,0.2142643383,0.4693942146,0,0.7776642386,1.332300992
823568,146,0,0.2004035237,0.4446095922,0,1.882807858,3.335525984
823568,147,0,0.2195781223,0.5060915346,0,0.4919765986,0.9090441504
823569,146,0,0.2006382821,0.478216918,0,1.19816039,2.12909993
823569,147,0,0.2688822556,0.6186828532,0,0.9331507556,1.6866923
823577,121,0,0.1787210918,0.3781421965,0,0.7920686,1.209722398
823577,137,0,0.2349921996,0.5081397605,0,1.425033584,2.484425771
823578,121,0,0.1835402449,0.4170041792,0,0.3840162223,0.6982638665
823578,137,0,0.2425880922,0.4812285168,0,0.5541365733,0.9475896974
823579,121,0,0.2251991176,0.5085669889,0,0.6411086324,1.232239279
823579,137,0,0.2834980162,0.5883965011,0,0.6498827062,1.184779955
823580,117,0,0.1839022551,0.4363598435,0,0.8988621386,1.495068029
823580,121,0,0.1821487727,0.4181718866,0,0.440762258,0.8026105443
823581,121,0,0.38466347,0.9265389672,0,1.027198984,1.600489996
823581,158,0,0.2978978259,0.4708466871,0,0.672039054,1.160951778
823582,117,0,0.2538551923,0.5465186548,0,0.4982549875,0.9340767234
823582,121,0,0.2192072067,0.4162846122,0,0.4324141188,0.8215891735
823583,117,0,0.2119779112,0.4753237553,0,0.6266725814,1.029202987
823583,121,0,0.2291862317,0.4682324051,0,1.164919173,1.92823423
823584,121,0,0.2474380523,0.5759061649,0,0.8356460887,1.467383321
823584,158,0,0.3274463753,0.6648736326,0,0.6735153297,1.250296925
823585,121,0.2001577878,0.3659175421,0.560182557,0.42383244,1.076882568,1.578844873
823585,158,0.2812649779,0.5778054864,0.9605014071,0.8125212,1.768815731,2.473233804
823586,121,0,0.1817610547,0.4403401849,0,1.032724491,1.690929485
823586,135,0,0.184093099,0.4444224952,0,0.7280556985,1.286952994
823587,121,0,0.2890944849,0.6809122701,0,0.7518617755,1.321469266
823587,135,0,0.2090725572,0.4627806121,0,0.7225262766,1.210343696
823588,120,0,0.2621660437,0.7429379535,0,1.398228823,2.49327153
823588,121,0,0.2978994093,0.7607575727,0,0.8861586496,1.502024413
823589,121,0,0.3755485044,0.7982075169,0,1.523722235,2.438223903
823589,135,0,0.3305415613,0.953876806,0,1.156131035,1.993653739
823590,120,0,0.2860047886,0.6306220955,0,0.6324967468,1.134333012
823590,121,0,0.1961101169,0.4916291644,0,0.7398515775,1.294624829
823591,120,0,0.215574451,0.4442754514,0,0.8397067403,1.176913859
823591,121,0,0.1952980147,0.40377235,0,0.8180763321,1.432154337
823592,121,0,0.1986853774,0.4253925661,0,0.5153416687,0.9418212072
823592,146,0,0.3396297383,0.5955798075,0,1.140944549,1.807473713
823593,121,0,0.1787405099,0.4024182266,0,0.9014137398,1.472287396
823593,146,0,0.1640034166,0.3605639236,0,0.5815429508,1.055771141
823594,121,0,0.2832086742,0.6003479943,0,0.9576484809,1.673307197
823594,146,0,0.2021903408,0.4371681713,0,0.4617525448,0.8418983249
823595,121,0,0.2344215661,0.5383777398,0,0.586140384,1.026063772
823595,146,0,0.206320703,0.4425419008,0,0.5035798011,0.8814597035
823596,121,0,0.3038381573,0.7405704635,0,0.7577831684,1.35266454
823596,144,0,0.2398204973,0.5148466883,0,0.6834461894,1.191328717
823597,121,0,0.3028149625,0.6710616143,0,1.309945263,2.193436933
823597,144,0,0.2079462088,0.4786266199,0,1.131139696,2.058181086
823598,121,0,0.1919898096,0.45354716,0,0.6522978781,1.166870017
823598,144,0,0.2259628918,0.4380701026,0,0.467035921,0.8807475367
823599,119,0,0.2896219735,0.7001819949,0,0.7456600283,1.362476205
823599,121,0,0.2251179056,0.5391669485,0,0.873254743,1.585074656
823600,119,0,0.2896846474,0.659220338,0,1.016851558,1.859386742
823600,121,0,0.1857024006,0.3934491575,0,1.070017966,1.79433231
823601,119,0,0.1794655705,0.3961708207,0,0.5866612202,1.063657463
823601,121,0,0.2561869164,0.5954629183,0,0.8212625042,1.458412146
823602,111,0.1461291744,0.3455545342,0.6127118279,0.1829064,0.9298410451,1.389868431
823602,121,0.05891499563,0.3658281337,0.6821294443,0.0669110558,1.560569766,2.373839342
823603,111,0,0.2734568603,0.63453916,0,1.354818079,2.253059195
823603,121,0,0.2421297997,0.6028055958,0,1.103626915,2.012371505
823604,111,0,0.1696012469,0.4007966403,0,1.020622866,1.812861771
823604,121,0,0.2867097342,0.7717554181,0,0.8301115969,1.556743842
823605,118,0,0.4357195652,0.7790350713,0,0.7553811697,1.306845882
823605,121,0,0.2088519714,0.434651185,0,0.5512345228,1.039496877
823606,118,0,0.2247897252,0.5322105928,0,1.043603044,1.849799235
823606,121,0,0.3268821494,0.6694496283,0,0.5091817331,0.8405205421
823607,118,0,0.2684006249,0.6289279726,0,0.7324125621,1.270559256
823607,121,0,0.2077675689,0.4936405647,0,1.658269153,3.005150631
823608,121,0,0.1866211569,0.4450688096,0,0.8720171189,1.489219422
823608,143,0,0.1680723046,0.3671711141,0,1.328793574,2.276769948
823609,121,0,0.378331862,0.6921019832,0,0.6884353079,1.223574767
823609,143,0,0.2560180506,0.5762651073,0,0.6676577344,1.228956494
823610,121,0,0.3352018303,0.7173928844,0,0.8578478974,1.342775114
823610,143,0,0.2261118302,0.5053114656,0,0.4067946263,0.768036142
823611,112,0,0.2115599788,0.4634697334,0,0.8318344709,1.44346695
823611,121,0,0.2458275098,0.6076673002,0,0.9761502028,1.761826629
823612,112,0.1638742417,0.5118052263,0.89230474,0.1861937362,1.140430845,1.983503822
823612,121,0.2472644454,0.5031855728,0.6974110431,0.2822880938,0.9072105649,1.413244632
823613,112,0,0.2266114643,0.5126662522,0,1.039611471,1.793098893
823613,121,0,0.2027743889,0.4602267226,0,0.8828623025,1.553631754
823614,112,0,0.1744913452,0.3873003456,0,0.9674635267,1.698874012
823614,121,0,0.2220261443,0.5043218065,0,1.648828404,2.778371212
823615,121,0,0.3357051879,0.8048905625,0,0.7766141864,1.291121498
823615,144,0,0.259376044,0.5975298401,0,0.8503521684,1.564470748
823616,121,0,0.175191261,0.436366036,0,0.488191017,0.8780665883
823616,144,0,0.2564524934,0.5942867798,0,0.4746637436,0.8826023286
823617,121,0,0.1819155934,0.4867506067,0,1.354134836,2.356662089
823617,144,0,0.2839813039,0.6639774951,0,0.9527393823,1.583975108
823618,121,0,0.2615884008,0.6780222975,0,1.160966664,1.99522593
823618,138,0,0.6387507092,1.221403013,0,1.007748765,1.72305371
823619,121,0,0.211799424,0.4780215375,0,0.3979682758,0.7327702888
823619,138,0,0.19591643,0.4319062282,0,0.4969793844,0.9069567452
823620,121,0,0.2208133021,0.5182501143,0,0.6922190138,1.206640505
823620,138,0,0.2889297812,0.5062432203,0,0.4289638154,0.8110228529
823621,121,0,0.2270922134,0.4821672353,0,1.095825315,1.748919344
823621,146,0,0.2512517454,0.5495654047,0,1.247042102,2.103720086
823622,121,0,0.2439113666,0.4598465275,0,0.7065684868,1.231195515
823622,146,0,0.2527481272,0.5278712738,0,0.6458211772,1.218186488
823623,121,0.2262948,0.4151441313,0.6358808691,0.2262948,0.9023473645,1.469563677
823623,146,0,0.3522873042,0.8712330598,0.0378828,0.9636546253,1.511855478
823624,113,0,0.1863617811,0.4160978789,0,0.7831660863,1.40963549
823624,121,0,0.2542190442,0.6064475703,0,1.08598942,1.715244068
823625,113,0,0.2241283462,0.5280273771,0,0.8005081066,1.36926303
823625,121,0,0.2763521185,0.7928087835,0,1.382585294,2.054534363
823626,113,0,0.2059826429,0.4300827807,0,0.8105717458,1.467725066
823626,121,0,0.3667892186,0.6844348847,0,1.132951224,1.971514702
823627,121,0,0.2216234437,0.4843800479,0,0.7716991461,1.361178976
823627,147,0,0.2496387423,0.4738916505,0,0.7716305438,1.43063128
823628,121,0.3085608425,0.5607726043,0.8172483261,0.5438541615,1.777890288,2.594104
823628,147,0.2313459854,0.3997914952,0.5903576072,0.2372346217,1.108510251,1.629110351
823629,121,0,0.2025154707,0.4867380481,0,0.6177248242,1.158054208
823629,147,0,0.1882509265,0.3856670911,0,0.6234558528,1.11482262
823630,116,0,0.2664449884,0.56960651,0,0.5901456968,1.074650212
823630,121,0,0.1999206032,0.4429805891,0,0.565639102,0.9902024119
823631,116,0.2605641195,0.4139055775,0.5950097504,0.2927388,1.005230842,1.460363597
823631,121,0.2470699179,0.4670974857,0.7563955621,0.331109832,0.87415027,1.326718252
823632,116,0,0.2782816449,0.6152063537,0,1.453609848,2.397153297
823632,121,0,0.2866334541,0.6391867295,0,0.9045931296,1.566916598
823633,120,0,0.3955310379,0.7854832572,0,0.8692924879,1.516317884
823633,121,0,0.2483950342,0.5991779319,0,1.603517392,2.58807596
823634,120,0,0.3281225029,0.6228610235,0,0.4500795738,0.838776346
823634,121,0,0.2367416666,0.5263209383,0,0.732642959,1.280221909
823635,115,0,0.1990877329,0.5094732295,0,1.481861097,2.381399596
823635,121,0,0.3003257802,0.7664536769,0,1.276749882,2.229537137
823636,120,0,0.2416750152,0.4825816121,0,1.237575328,2.060746972
823636,121,0,0.1921504709,0.4145771558,0,0.5449689169,0.953596232
823637,115,0,0.2084246599,0.455002609,0,0.6624755285,1.162473745
823637,121,0,0.3284347174,0.7963406702,0,0.80261428,1.376790208
823638,115,0,0.1742092638,0.3925577059,0,0.5205668402,0.9791618167
823638,121,0,0.2057330556,0.4283813626,0,1.242965961,1.871744792
823639,121,0,0.3180125171,0.6956875145,0,1.496295735,2.376964473
823639,142,0,0.4621591428,1.172715145,0,1.282625236,2.258436849
823640,121,0,0.2155625002,0.4736766729,0,1.396640912,2.329803368
823640,142,0,0.2491771664,0.4909988198,0,0.736782702,1.252761432
823641,121,0,0.2414290415,0.5020617879,0,0.7588919434,1.2532423
823641,142,0,0.2953069764,0.7440929612,0,0.7046340134,1.286059411
823642,121,0,0.2157185626,0.5145578427,0,0.7290593054,1.342822863
823642,133,0,0.2050843272,0.4987382249,0,0.7059691032,1.189683425
823643,121,0,0.2625653013,0.5349506644,0,0.7064293855,1.163509647
823643,133,0,0.1887525267,0.4341944896,0,0.5210576468,0.9201257235
823644,121,0,0.2739117795,0.5975547388,0,1.718302051,3.043945168
823644,133,0,0.2857727557,0.7165073325,0,1.393164495,2.049270892
823645,109,0,0.1556375574,0.3370577602,0,0.6891362597,1.283120423
823645,121,0,0.2043051865,0.4711082609,0,0.8756475022,1.534411303
823646,109,0,0.2175932537,0.4576409121,0,0.516220843,0.9173493962
823646,121,0,0.1636851827,0.3780112394,0,0.7543441091,1.328499482
823647,121,0.316023386,0.5932638685,1.061568149,0.543339685,1.488559075,2.010665066
823647,134,0.3111800954,0.9260358181,1.321178106,0.762798912,1.55462909,2.195220352
823648,109,0.12954792,0.3831364892,0.6317072294,0.12954792,0.9361831029,1.509927975
823648,121,0.2396591188,0.5067240935,0.8636746428,0.2396591188,1.17845615,1.968990173
823649,121,0,0.2690259927,0.615483655,0,0.803426939,1.357932169
823649,134,0,0.2126887517,0.5014583266,0,1.369987308,2.258236694
823651,121,0.7547399083,0.945266419,1.183740277,1.444328632,2.631478121,3.315769542
823651,134,0.6429267959,0.8262686417,1.037950382,1.376047819,2.258098944,3.04110861
823660,116,0.7939576325,0.9995084154,1.244357296,0.9945549084,2.534114091,3.401637931
823660,142,0.7376285493,1.032227817,1.438253908,0.8640392672,2.154633782,3.136431751
823661,116,0,0.2055334444,0.4953921079,0,0.9940924018,1.790509069
823661,142,0,0.3257343723,0.7620330873,0,0.8157270808,1.431697966
823662,142,0,0.1756466595,0.3873220882,0,0.4800012137,0.8557060614
823662,145,0,0.3035309545,0.7386417474,0,0.7124084913,1.203932077
823663,116,0,0.2289038715,0.444566611,0,0.8021606476,1.393930093
823663,142,0,0.218302049,0.4656441779,0,0.8298129474,1.476045789
823664,142,0,0.2047440587,0.50867165,0,0.7648777336,1.324062138
823664,144,0,0.1847405716,0.4039557859,0,1.633492444,2.806775336
823665,142,0,0.2944061009,0.7947420026,0,0.966215053,1.531063703
823665,145,0,0.4823446253,0.9268495052,0,1.034052397,1.827115471
823666,142,0,0.194932473,0.4261564646,0,1.097433025,1.878673576
823666,145,0,0.2633678105,0.5299132897,0,0.8128211721,1.511361909
823667,142,0,0.2067153482,0.4447394275,0,0.4388730768,0.7463455998
823667,144,0,0.2151836308,0.4569950562,0,0.441178903,0.7522136287
823668,142,0,0.3128462709,0.7165048798,0,0.8328155756,1.506915609
823668,144,0,0.4002129161,1.010329365,0,1.41286433,2.416434471
823669,142,0,0.2007137693,0.4603008515,0,0.9313715743,1.598835452
823669,143,0,0.2644667179,0.5074647897,0,0.7132637075,1.24031095
823670,142,0,0.2070883906,0.4647396735,0,1.071581881,1.840472786
823670,143,0,0.2344694495,0.4634118614,0,0.6635090813,1.185859358
823671,142,0,0.3460124368,0.763558168,0,1.169290157,2.021639532
823671,143,0,0.1905265457,0.4205092656,0,0.5445864474,1.054381615
823672,110,0,0.3235643917,0.6060314291,0,0.8744956956,1.57147482
823672,142,0,0.2500128004,0.5919416359,0,0.7775716894,1.408743763
823673,110,0,0.1692569822,0.3663472996,0,0.8318998814,1.497294904
823673,142,0,0.2184673745,0.5170111102,0,0.63392401,1.172893686
823674,118,0,0.2345383684,0.5226707534,0,0.723513336,1.249443287
823674,142,0,0.3032473396,0.7277616302,0,0.6854135496,1.165374081
823675,110,0,0.2918017332,0.6463358366,0,1.220353775,2.151453849
823675,142,0,0.2162711212,0.482403305,0,0.9896394953,1.879411776
823676,118,0,0.2612572218,0.6392728795,0,0.8186836506,1.423589934
823676,142,0,0.2170789987,0.5493234643,0,1.030232976,1.674854505
823677,118,0,0.1657073574,0.3669158839,0,0.3263746652,0.6280387085
823677,142,0,0.2631632489,0.5320000941,0,0.652020777,1.16005874
823678,133,0,0.2459850089,0.6768056969,0,1.266340908,2.214318366
823678,142,0,0.2059729349,0.4249116143,0,1.44553213,2.445431556
823679,133,0,0.1975095203,0.4365394188,0,0.4156365614,0.7536755599
823679,142,0,0.1733664391,0.3638904319,0,0.7114421298,1.137216725
823680,133,0,0.2986535928,0.7161262438,0,0.7804386101,1.38216254
823680,142,0,0.1684590417,0.3664408109,0,1.111001916,1.946953506
823681,108,0,0.2757375854,0.635367033,0,0.624359111,1.125079044
823681,142,0,0.154318547,0.3422728432,0,0.5854636427,0.9962385616
823682,108,0,0.1854453252,0.448207519,0,0.8072349554,1.359541465
823682,142,0,0.4039593418,0.7721697626,0,0.6843059936,1.279094711
823683,114,0,0.2035227477,0.4492991683,0,0.8606604466,1.383567049
823683,142,0,0.2062705637,0.4297929193,0,0.6650471544,1.203453513
823684,114,0,0.2702299392,0.5109242084,0,2.156277665,3.453754089
823684,142,0,0.2116435827,0.4453365758,0,1.075303266,1.969804459
823685,108,0,0.3423858101,0.5938831991,0,0.5725484348,1.033651502
823685,142,0,0.1993561331,0.4409088361,0,0.6242085707,1.062499104
823686,115,0,0.1900192391,0.4403444092,0,0.4918128057,0.9025683597
823686,142,0,0.3112617686,0.8296361692,0,0.7456946152,1.272919194
823687,114,0,0.2274590203,0.5340533409,0,0.8300993234,1.445577441
823687,142,0,0.1752185231,0.366411523,0,0.4348872127,0.8283488835
823688,115,0.160956,0.3975326239,0.6785716072,0.160956,0.7033922302,1.150902941
823688,142,0.1981908,0.4217374984,0.7308964137,0.1981908,1.118324841,1.833554694
823689,115,0,0.3010753409,0.6103852126,0,0.9497734144,1.634293757
823689,142,0,0.1845641162,0.3941066248,0,1.170579455,1.947766657
823690,119,0,0.4235027095,0.931315737,0,0.9990160166,1.386810389
823690,142,0,0.2738012362,0.720699174,0,0.9011512721,1.71057883
823691,119,0,0.2682212718,0.5307632394,0,0.6736254406,1.220867385
823691,142,0,0.2021632206,0.3998715247,0,0.7158211931,1.142956891
823692,119,0,0.1873268821,0.4040482008,0,0.4128013619,0.7703731172
823692,142,0,0.1746365236,0.3767577102,0,0.6784585148,1.200434597
823693,138,0,0.1972549984,0.4678333259,0,0.6936074252,1.243697613
823693,142,0,0.2115223584,0.4824327243,0,0.6481341174,1.061750929
823694,138,0,0.1836770714,0.3865744957,0,1.423355896,2.333347687
823694,142,0,0.217827335,0.5047490039,0,0.7863654512,1.349453803
823695,138,0,0.1850655994,0.3889850369,0,1.066810017,1.6434966
823695,142,0,0.2497047925,0.5882879735,0,0.7858272854,1.393515403
823696,118,0,0.1829473327,0.3972873153,0,0.5659356015,1.064926866
823696,142,0,0.210473104,0.4926167154,0,0.9566316382,1.640166305
823697,118,0,0.198138554,0.4232924013,0,1.096363019,1.852259094
823697,142,0,0.2054781007,0.4508840379,0,0.659830296,1.160410093
823698,118,0,0.3382973576,0.6274864607,0,0.7235611066,1.256860724
823698,142,0,0.2893580399,0.649027084,0,0.825974473,1.360170357
823699,118,0,0.207034294,0.4556718463,0,0.7189062335,1.328212811
823699,142,0,0.2440118424,0.5198607347,0,0.5265842313,0.9105267714
823700,142,0,0.1868508481,0.3734533031,0,0.9198596108,1.735038537
823700,145,0,0.2885182564,0.6607514966,0,0.6091602479,1.100865477
823701,142,0,0.3960630147,1.133933939,0,1.552414437,2.752468079
823701,145,0,0.3186578551,0.5639362687,0,0.3748372034,0.6911357681
823702,142,0,0.4924813841,0.772719574,0,0.7865669328,1.402559309
823702,145,0,0.215400294,0.4981240371,0,1.441500777,2.298700572
823703,117,0,0.3447923626,0.6847697314,0,0.6436445787,1.065509083
823703,142,0,0.23545287,0.4816132007,0,0.3474364848,0.6717972648
823704,117,0,0.2215209812,0.4108426516,0,0.427866456,0.7503210977
823704,142,0,0.2559324277,0.5940797786,0,0.4852815042,0.8785717674
823705,117,0,0.2128318451,0.4258155484,0,1.076363802,1.807302247
823705,142,0,0.2591458115,0.5855245916,0,0.8240591827,1.449327571
823706,142,0,0.1839646132,0.4153705479,0,0.7428644365,1.235592031
823706,158,0,0.2332530772,0.521828982,0,1.221166799,1.91081075
823707,142,0,0.3532407302,0.5840801459,0,0.5307188964,0.9627551173
823707,158,0,0.2751709413,0.5039993885,0,0.6994787559,1.192539467
823708,142,0,0.154839856,0.3474750584,0,0.7759444835,1.296165031
823708,158,0,0.2255110755,0.5224092577,0,0.6403770297,1.169633905
823709,142,0,0.2237078722,0.5629148721,0,0.7858347243,1.241872737
823709,146,0,0.1974461183,0.4848992735,0,1.354490847,2.33529065
823710,142,0,0.2389093271,0.5862873506,0,1.505111737,2.401810762
823710,146,0,0.2896681633,0.4883659439,0,0.5223439787,0.9611837118
823711,141,0,0.1783833665,0.4156921945,0,0.4650509863,0.8789712276
823711,142,0,0.3472841712,0.7525846828,0,0.5387634738,0.9435462197
823712,142,0,0.2022969677,0.4541801522,0,0.4755903993,0.7643916522
823712,146,0,0.2284867319,0.4154437925,0,0.8933627634,1.652154587
823713,141,0,0.1688754126,0.3655279363,0,0.3591464047,0.6847592148
823713,142,0,0.3225619529,0.6144466877,0,0.6313822867,1.102503373
823714,141,0,0.2036237795,0.4562282834,0,0.963480031,1.788136382
823714,142,0,0.2320916822,0.5390996041,0,0.5953649117,1.063510283
823715,141,0,0.1918950137,0.4649549139,0,0.910475733,1.436794094
823715,142,0,0.1852565519,0.3582276804,0,1.156854717,1.943269379
823716,136,0,0.161995509,0.3575328182,0,0.9500886367,1.689316123
823716,142,0,0.2424931645,0.5666401101,0,0.8184843209,1.469721363
823717,136,0,0.2125848681,0.4753311054,0,0.9932995769,1.863521069
823717,142,0,0.2537341636,0.5541508908,0,0.7365223094,1.28884583
823718,113,0.2092718223,0.5122834168,0.9756117461,0.6142905445,1.70280135,2.593857713
823718,142,0.2780174799,0.5010990975,0.7147342569,0.3762394371,1.176035884,1.792892715
823719,136,0,0.2083477463,0.4941581617,0,1.052495695,1.948420386
823719,142,0,0.1901856444,0.4010460209,0,0.9737672051,1.684618841
823720,113,0,0.2840536686,0.560079482,0,1.147742278,2.103674754
823720,142,0,0.2369061757,0.4798797358,0,0.9149966864,1.444204026
823721,113,0,0.1879494881,0.4412152262,0,0.8741069126,1.524218742
823721,142,0,0.2904500835,0.6780018045,0,0.6318447292,1.094714211
823722,111,0,0.2014425115,0.4362943392,0,0.625224466,1.128142264
823722,142,0,0.3041551473,0.7232741803,0,0.8554074614,1.566530309
823723,111,0,0.3714433177,0.7715936726,0,0.9622447543,1.719839408
823723,142,0,0.1848062252,0.3864405574,0,0.4506388873,0.8435416287
823724,116,0,0.3085190149,0.6836588985,0,0.779496623,1.411119024
823724,142,0,0.2906925876,0.7578315178,0,0.7743918458,1.371441515
823725,111,0,0.2493936266,0.5185396603,0,1.013699472,1.600585094
823725,142,0,0.2125720814,0.4661965883,0,0.703180271,1.244486812
823726,116,0,0.531693457,1.075811791,0,0.9962627061,1.797650649
823726,142,0,0.2247467986,0.5322142012,0,0.9252366238,1.72086576
823727,116,0,0.2151344416,0.4615979219,0,0.8746887291,1.498079754
823727,142,0,0.2247890118,0.5047849902,0,0.9341867639,1.566824897
823728,116,0,0.2080515627,0.5763492796,0,1.690730981,3.147184259
823728,142,0,0.2075896937,0.4474316036,0,1.480506764,2.72398208
823729,139,0.3957728753,0.7629413278,1.06817955,0.7023319657,1.405499995,1.884980201
823729,142,0.2583466968,0.4645787997,0.6782313758,1.190675661,1.811890498,2.242862129
823730,139,0,0.3468407949,0.678152766,0,0.9414804275,1.517914841
823730,142,0,0.2133520202,0.4607091765,0,0.9293914216,1.658078204
823732,139,0,0.4348384376,0.73402493,0,1.914688924,3.453037514
823732,142,0,0.3485082109,0.8128441133,0,0.8596414064,1.578462045
823738,112,0.2699186256,0.460952902,0.7216587192,0.32110296,0.9873235256,1.523744228
823738,158,0.173630568,0.3945142365,0.6085120433,0.20245428,1.283035656,2.076739739
823739,112,0,0.3953657634,0.8367267877,0,1.064956733,1.855461961
823739,158,0,0.174898225,0.3938078498,0,1.338533824,2.0080239
823740,140,0,0.2252700358,0.5976364459,0,0.8228102484,1.480561278
823740,158,0,0.3070450425,0.7034365361,0,1.124646397,1.799306945
823741,140,0,0.3679225591,0.7112911061,0,0.9041855067,1.625840888
823741,158,0,0.2915446803,0.6405653601,0,0.6791555041,1.230861856
823742,112,0,0.2095793477,0.4366123685,0,1.114133092,2.003103581
823742,158,0,0.1960262645,0.3986918396,0,0.633622346,1.193385263
823743,144,0,0.2607640751,0.6171597596,0,0.7694251223,1.365758883
823743,158,0,0.2965352318,0.7126510355,0,0.825886405,1.482892156
823744,140,0,0.1937755269,0.4229613988,0,0.632700878,1.178652262
823744,158,0,0.1951254777,0.4318289416,0,0.4378270691,0.7880929194
823745,144,0,0.2919457468,0.5705560302,0,0.9796867751,1.624397374
823745,158,0,0.2667805664,0.6047684923,0,0.954866528,1.600607947
823746,144,0,0.332975858,0.635162018,0,0.7623044174,1.334166385
823746,158,0,0.2499116112,0.5951434245,0,0.6235536624,1.104812755
823747,136,0,0.2900129385,0.5379223672,0,1.009859854,1.817142145
823747,158,0,0.2387495726,0.534730341,0,0.907569775,1.714639246
823748,136,0,0.2627738317,0.5543159774,0,1.316889316,2.23556326
823748,158,0,0.2892724793,0.7685508802,0,0.9891713255,1.794003775
823749,136,0,0.4039371853,0.8372992404,0,0.8734000353,1.57889703
823749,158,0,0.3053542779,0.7033830708,0,0.7095721554,1.31487249
823750,142,0,0.4527976129,0.8040698543,0,0.7773491166,1.310136809
823750,158,0,0.2520018527,0.5952580666,0,0.7972651277,1.41062218
823751,142,0.1827693723,0.389396673,0.6305189701,0.1827693723,0.9596664589,1.498239819
823751,158,0.244825416,0.4913924644,0.7161516048,0.24934608,1.05767165,1.695377404
823752,142,0,0.2036716675,0.5227847448,0,1.048291132,1.833635708
823752,158,0,0.2836357709,0.5955841456,0,1.344241469,2.111451016
823753,134,0,0.2253460367,0.5466935257,0,1.039782979,1.945663051
823753,158,0,0.457966368,0.7461705624,0,1.181610622,1.85542736
823754,134,0,0.3593709236,0.6739788495,0,0.8503021664,1.439560036
823754,158,0,0.2987848382,0.7344260942,0,0.8190227399,1.461032558
823755,115,0,0.2971219985,0.7556531599,0,0.8057685622,1.366961736
823755,158,0,0.2170431562,0.4786701926,0,0.4102800465,0.7691864241
823756,134,0,0.201116027,0.4250682338,0,0.5531272385,1.042831348
823756,158,0,0.2280134621,0.5062729344,0,0.5295489036,0.9432977108
823757,134,0,0.2191258286,0.5080220067,0,0.720174444,1.218436027
823757,158,0,0.2081908435,0.5147069638,0,0.9004937569,1.564659605
823758,115,0,0.2728347129,0.5972880626,0,0.7437337599,1.393241439
823758,158,0,0.1910909721,0.4221712248,0,0.9173331638,1.589118578
823759,115,0,0.2521900766,0.5293964272,0,0.8261061427,1.395521528
823759,158,0,0.2425475706,0.5107799782,0,0.7641489762,1.298367804
823760,121,0,0.1946988959,0.4703599328,0,0.7841646211,1.34153901
823760,158,0,0.2889658803,0.6332915148,0,0.6334847784,1.182951544
823761,121,0,0.1804152523,0.4221104293,0,1.096374924,2.036893978
823761,158,0,0.202456062,0.4291079081,0,0.9250679743,1.515449493
823762,121,0,0.2478329909,0.4972731321,0,0.5958916427,1.077664824
823762,158,0,0.265247582,0.5059332467,0,0.3758176927,0.7334326841
823763,146,0,0.18374318,0.4190769113,0,1.19771334,2.065484198
823763,158,0,0.3883064693,0.7705300551,0,0.7934138932,1.383562119
823764,146,0,0.1969502582,0.394583836,0,0.6113321866,1.089687848
823764,158,0,0.2304089965,0.4732347049,0,0.7258419341,1.22335339
823765,113,0,0.2304371776,0.4663927106,0,0.6131868441,1.143967736
823765,158,0,0.2747778087,0.5608466047,0,0.8553133949,1.552793108
823766,146,0.3438884016,0.5503825052,0.7831370587,0.61920672,1.221869908,1.719316621
823766,158,0.3649381409,0.5975587669,0.8631452677,0.4217009914,0.8449065228,1.209636747
823767,113,0,0.2397691551,0.571215508,0,0.9206494311,1.694058102
823767,158,0,0.2312425577,0.4863598799,0,0.5371880586,0.955142688
823768,113,0,0.2131224988,0.4564962916,0,1.641308519,2.590562123
823768,158,0,0.1786800385,0.4265035092,0,0.9621609716,1.680671878
823769,112,0.2398010857,0.4197890254,0.6250520249,0.9563918082,1.320811745,1.682655945
823769,158,0.2950891887,0.4528849447,0.6603716566,0.6876981565,1.40395061,1.99931153
823770,112,0,0.1663313614,0.3737819083,0,0.4415183885,0.8331788912
823770,158,0,0.2495917208,0.4892811847,0,0.4629959471,0.796255342
823771,113,0,0.2270316677,0.5413797879,0,1.056289296,1.922194847
823771,158,0,0.2305060285,0.4804782674,0,0.6336762229,1.18406986
823772,114,0,0.3918818138,0.7803303923,0,1.206636879,2.085048426
823772,158,0,0.2723859924,0.6348662765,0,0.785406939,1.389430047
823773,112,0,0.3734026802,0.6890695004,0,0.9453691089,1.589589835
823773,158,0,0.2394063562,0.5188837728,0,0.8721370863,1.515612254
823774,114,0,0.1940058989,0.4034092014,0,0.715440132,1.17776716
823774,158,0,0.2053169548,0.3992078509,0,0.9925015848,1.772680548
823775,114,0,0.3118121603,0.6365044534,0,0.7197599142,1.291010113
823775,158,0,0.2160669919,0.5075538662,0,0.9733502547,1.700797364
823776,143,0,0.2325291865,0.5243791721,0,1.209268945,2.034042258
823776,158,0,0.2106342817,0.4819377455,0,1.067681634,1.898449331
823777,143,0,0.1807838672,0.3978291196,0,0.4547895164,0.8248380449
823777,158,0,0.2110296463,0.4408810685,0,0.3929725179,0.7379792144
823778,143,0,0.2815375916,0.5874369803,0,0.6345207951,1.034953154
823778,158,0,0.2080284365,0.4333848703,0,0.3400571342,0.6336054007
823779,137,0,0.2279039231,0.5855999602,0,1.889952446,2.902918888
823779,158,0,0.2133973713,0.4657906484,0,1.100046456,1.962266276
823780,137,0,0.1820857526,0.3901845086,0,0.6642074094,1.092063513
823780,158,0,0.2170933618,0.4563480193,0,0.7431066901,1.296823365
823781,137,0,0.1672051747,0.3523013622,0,1.138101843,2.03958284
823781,158,0,0.2897086161,0.6352388708,0,0.7065755418,1.2597869
823782,137,0,0.6356558372,1.070198417,0,1.129512639,2.076573876
823782,158,0,0.2697294854,0.5631337572,0,0.7167906031,1.238429077
823783,138,0,0.1765530674,0.3851685125,0,0.606396696,0.9795381065
823783,158,0,0.2044133112,0.4972432602,0,0.5387011001,0.9465273535
823784,138,0,0.3066748537,0.6240685592,0,0.9017298637,1.654244134
823784,158,0,0.2821751265,0.7059516874,0,0.7780011223,1.306618616
823785,138,0,0.2251715775,0.5400590715,0,1.310458962,2.23247119
823785,158,0,0.1790113805,0.4257789924,0,0.7929740604,1.330586581
823786,119,0,0.2909098875,0.6254809329,0,0.5327322071,0.9582584926
823786,158,0,0.2395871905,0.574115563,0,1.313955574,2.292909462
823787,119,0,0.4360150012,0.7783581209,0,0.8625277511,1.578940106
823787,158,0,0.2549368313,0.6063822047,0,0.8275679316,1.535843165
823788,119,0,0.2881579228,0.6319245388,0,1.029130754,1.862425148
823788,158,0,0.2256978671,0.4985560411,0,0.8514067744,1.448462322
823789,135,0,0.2263016187,0.5456781438,0,1.894039849,3.01106889
823789,158,0,0.2888690191,0.7244167516,0,0.87094488,1.617450736
823790,135,0,0.167788758,0.3704358453,0,0.6451695794,1.050085259
823790,158,0,0.2985846434,0.6444335452,0,0.7206772863,1.288424516
823791,135,0,0.2865015673,0.535264502,0,0.8805488004,1.559363179
823791,158,0,0.3166484811,0.6286145031,0,0.8956122672,1.439292903
823792,147,0.4486337948,0.6289954903,0.8256535513,0.5772043421,1.048256921,1.486527404
823792,158,0.4543547089,0.6220154902,0.8359079109,0.4543547089,1.709214261,2.677944067
823793,147,0,0.1857210606,0.4493855211,0,0.882929167,1.619801982
823793,158,0,0.1832214554,0.4383379194,0,0.5154466603,0.954925502
823794,147,0,0.1943700636,0.4924813625,0,1.018966396,1.730040012
823794,158,0,0.2502165482,0.5195244875,0,0.8448091153,1.511450655
823795,109,0,0.2650014437,0.5548459409,0,1.02310017,1.783971746
823795,158,0,0.2283581897,0.5084077828,0,0.5697508122,1.047286555
823796,109,0,0.2213640721,0.5038401208,0,0.6717839071,1.160387842
823796,158,0,0.1815630003,0.4073894241,0,0.8128747572,1.451872618
823797,134,0,0.2739187224,0.4889847058,0,0.7240104837,1.290895434
823797,158,0,0.2021722181,0.3924533661,0,0.84503187,1.511664378
823798,109,0,0.256039619,0.4994315352,0,1.385529815,2.299929905
823798,158,0,0.2471043142,0.5853672503,0,1.198793605,2.067135082
823799,134,0.3710444646,0.5828405301,0.8151084846,0.6120259847,1.35098716,1.896388534
823799,158,0.2678619428,0.4471668293,0.6909932406,0.476838096,0.8757301337,1.216767882
823800,134,0,0.1914814826,0.3776541043,0,0.3123263261,0.5858407855
823800,158,0,0.1850240512,0.4461873923,0,0.9679160027,1.535074144
823801,141,0,0.2086157083,0.4254542574,0,0.4811576939,0.8585872422
823801,158,0,0.2378908861,0.5073215189,0,0.5445113423,0.9420472679
823802,141,0.2204537024,0.5096212663,0.831108964,0.2204537024,1.367878388,2.131297836
823802,158,0.2471179797,0.4524914705,0.70067438,0.2588395392,0.8540095196,1.354277283
823803,141,0,0.2191228725,0.5021019826,0,0.5887843394,1.108223977
823803,158,0,0.211670241,0.4829927941,0,0.6900943293,1.170324529
823804,120,0,0.1914992946,0.4592292321,0,0.4273790646,0.8159372219
823804,158,0,0.2264807271,0.4664933468,0,0.7148428034,1.251959249
823805,120,0,0.1952785651,0.4807358443,0,0.8523313939,1.378066285
823805,158,0,0.2639116562,0.5554441731,0,0.5964322195,1.092822162
823806,139,0,0.1895891724,0.3823528752,0,1.179095909,1.78833994
823806,158,0,0.2571906731,0.4859717877,0,0.6308060325,1.06969014
823807,139,0,0.2299165637,0.4894905178,0,0.7201432808,1.318869464
823807,158,0,0.2475553695,0.5509732555,0,0.6660175394,1.202557107
823808,120,0,0.2682573031,0.6227413096,0,0.8670644416,1.583085729
823808,158,0,0.1878939795,0.4223449379,0,1.220304565,2.081953954
823809,139,0,0.200888449,0.470018194,0,0.4819238201,0.879698064
823809,158,0,0.2624764476,0.5856951472,0,0.5964435833,1.045893924
823810,145,0,0.2791580171,0.5146431864,0,1.088213993,1.928744669
823810,158,0,0.2848034775,0.7576369004,0,0.9836061329,1.571868292
823811,145,0,0.3559657485,0.707143789,0,0.8571035706,1.524867705
823811,158,0,0.2522176087,0.5878455102,0,0.8984160903,1.53609688
823812,145,0,0.3344958808,0.6434410347,0,1.980811916,3.093056756
823812,158,0,0.2213694456,0.4912317474,0,1.208931829,2.024155572
823818,121,0,0.2193274578,0.468564198,0,1.590699296,2.735624222
823818,146,0,0.2194438876,0.4945004879,0,1.384369041,2.503905527
823820,121,0,0.1868387303,0.4206547328,0,0.7983745532,1.456572073
823820,146,0,0.2439427653,0.5178585611,0,0.9096817089,1.608323743
823821,121,0,0.3500555508,0.6386308121,0,0.482143137,0.9133669633
823821,146,0,0.2926933185,0.7878356189,0,1.054557386,1.687693865
823822,112,0,0.1848346863,0.4127651796,0,1.089840142,1.966543845
823822,146,0,0.2003095544,0.4247859343,0,0.6000036778,1.074454051
823823,112,0,0.3205279607,0.710496518,0,0.9801543445,1.789472265
823823,146,0,0.2787746041,0.7091779543,0,1.058635377,1.953493584
823824,112,0,0.2110113038,0.4247893534,0,0.9285731912,1.428596848
823824,146,0,0.2048942424,0.4473867618,0,1.020063044,1.692902031
823825,111,0,0.2088239739,0.431568938,0,0.9665179489,1.710745334
823825,146,0,0.2310472948,0.5657217899,0,0.7832685765,1.366337075
823826,111,0.7296731064,0.9075247173,1.123482543,1.398703277,2.267261849,2.784158315
823826,146,0.6924348592,0.8894003369,1.102460725,1.095242959,1.858966199,2.446769351
823827,120,0,0.2780319361,0.6299563935,0,0.8283015023,1.44303785
823827,146,0,0.1825402116,0.4128651857,0,0.9170879214,1.606756873
823828,111,0,0.1821407355,0.4566413401,0,1.409434461,2.489025704
823828,146,0,0.1946968668,0.4787273177,0,0.9958634189,1.749081293
823829,134,0,0.1834891084,0.3928788661,0,0.4090612603,0.745577718
823829,146,0,0.2430683113,0.5450082207,0,1.18262965,2.00266447
823830,120,0,0.2540007478,0.5210325107,0,0.8636639508,1.472598475
823830,146,0,0.2301697538,0.5664863467,0,0.6602600954,1.117723819
823831,120,0,0.2744946687,0.6323291345,0,0.6572907883,1.217639437
823831,146,0,0.173780709,0.403259867,0,0.6028933756,1.128467868
823832,134,0,0.3803529326,0.7592738076,0,0.6311333221,1.016432032
823832,146,0,0.2209150468,0.4739046149,0,0.6504166238,1.144303387
823833,134,0,0.2153476154,0.4741316073,0,1.269519626,2.250038394
823833,146,0,0.2530075545,0.5908473957,0,0.5570783867,0.9726377908
823834,108,0,0.2503421921,0.5747233724,0,1.317118838,2.27093639
823834,146,0,0.1967397189,0.4057401145,0,0.7743288617,1.260730476
823835,108,0,0.2179373765,0.470095419,0,1.197566364,2.041558844
823835,146,0,0.183096576,0.4006844572,0,1.063201433,1.82638866
823836,108,0,0.28814542,0.5363052801,0,1.005988192,1.706962604
823836,146,0,0.2463350599,0.5522424016,0,0.6399976031,1.172188837
823837,143,0,0.3181673973,0.6308983874,0,0.8296228483,1.51152732
823837,146,0,0.2153385272,0.4929855109,0,0.7717178133,1.200096824
823838,143,0,0.1929119005,0.4914336729,0,0.8213892022,1.388692082
823838,146,0,0.2689409765,0.6342444306,0,0.7312780059,1.183214239
823839,143,0,0.2247288489,0.4832054264,0,0.6151942942,1.111991512
823839,146,0,0.2268220216,0.4643456249,0,0.7371674759,1.320517731
823840,135,0,0.2550496868,0.5162115765,0,1.008980614,1.703253032
823840,146,0,0.2314395854,0.5091447017,0,0.5661670933,1.054863773
823841,135,0,0.2687625305,0.6774843211,0,0.7729743843,1.379876943
823841,146,0,0.232190269,0.5961794881,0,1.160334758,2.161291053
823842,114,0,0.2468706568,0.5311403264,0,1.469895987,2.172294552
823842,146,0,0.2195082639,0.475970357,0,0.547188648,1.046675736
823843,135,0,0.2452219711,0.4559081787,0,0.5354424694,0.9342357804
823843,146,0,0.2291170726,0.5409828053,0,0.7662643929,1.385433391
823844,114,0,0.241351403,0.5550841796,0,0.6096455434,1.096120597
823844,146,0,0.4919537574,1.263572534,0,1.340467977,2.119634048
823845,114,0,0.1831556076,0.4003296256,0,0.7616687854,1.311732878
823845,146,0,0.255440314,0.4999404767,0,0.328765549,0.637556131
823846,136,0,0.2762692765,0.5308279362,0,0.5941566886,1.04676697
823846,146,0,0.2514216351,0.6251085301,0,0.6532470776,1.130010232
823847,136,0.1568087838,0.5245205181,0.9622126107,0.1568087838,0.9989320802,1.673950426
823847,146,0.2652726493,0.4717005444,0.7404762062,0.2782020822,1.176238335,1.92613056
823848,136,0,0.164732571,0.350695739,0,0.430243679,0.7162401451
823848,146,0,0.224846027,0.4531174099,0,0.5354893657,0.974979864
823849,140,0,0.1802147463,0.4137116927,0,0.7140492724,1.150748776
823849,146,0,0.4458423984,0.8525594973,0,0.8838347673,1.471226619
823850,140,0,0.2184961362,0.4411570342,0,0.914115625,1.417162744
823850,146,0,0.2086184811,0.4487983404,0,0.3587131743,0.6441699091
823851,140,0,0.1999649014,0.4084272381,0,0.8355388607,1.431321185
823851,146,0,0.1932907921,0.4195598889,0,0.8482526072,1.439733868
823852,137,0,0.176506073,0.373338762,0,0.557798871,0.8273283411
823852,146,0,0.1512988351,0.3369221463,0,0.459894023,0.836163845
823853,137,0,0.1835061723,0.4133772709,0,0.7395783845,1.304834598
823853,146,0,0.1762604555,0.4142528846,0,0.6390055047,1.17648154
823854,137,0,0.3799460834,0.8115271096,0,1.164778869,2.038330308
823854,146,0,0.2161986421,0.4827252201,0,0.6434841459,1.085719511
823855,109,0,0.2771002163,0.6304404047,0,0.6520967308,1.080603461
823855,146,0,0.2428700614,0.5335975848,0,0.7161585191,1.250348184
823856,109,0,0.3163476986,0.6279353065,0,0.6234854468,1.146088719
823856,146,0,0.2366586014,0.6114389173,0,0.7498067112,1.399957806
823857,139,0,0.2457907365,0.4426802353,0,0.775791839,1.405733928
823857,146,0,0.2051865051,0.3927192173,0,0.465005135,0.8540444713
823858,109,0,0.2335026166,0.4803261533,0,0.9795066879,1.734289647
823858,146,0,0.1511923452,0.3144501038,0,1.034577034,1.794699351
823859,139,0,0.1846484528,0.4182268337,0,0.7474302337,1.357536399
823859,146,0,0.1918467773,0.4254294488,0,0.8118885296,1.443634128
823860,139,0,0.1925466248,0.4547689215,0,1.047647674,1.495158122
823860,146,0,0.253828426,0.5429953184,0,0.7137393928,1.321597243
823861,121,0,0.3113251825,0.5137624532,0,0.9601768045,1.692169846
823861,146,0,0.187701351,0.4094231674,0,0.4661884188,0.8215123553
823862,121,0,0.2229348689,0.502132614,0,0.5558423189,1.001156718
823862,146,0,0.2094830513,0.4754600749,0,0.752269372,1.31111706
823863,121,0,0.216123671,0.4459168026,0,0.4427087883,0.7910526916
823863,146,0,0.189970476,0.3919221372,0,0.3254786524,0.601191054
823864,144,0,0.2302780113,0.4227319951,0,0.3749197981,0.6977546131
823864,146,0,0.2000444369,0.3873027064,0,0.6900275391,1.161453903
823865,144,0,0.3402736539,0.5638157192,0,0.8532320235,1.455109295
823865,146,0,0.3023292391,0.761455931,0,1.166569939,2.062932516
823866,144,0,0.1987643594,0.4845926695,0,0.4541746752,0.8418930971
823866,146,0,0.1911672942,0.3934189052,0,0.8287474579,1.308196438
823867,144,0,0.2736593972,0.514185207,0,1.258787365,2.008642179
823867,146,0,0.3003708625,0.7355879909,0,0.6922407964,1.172266206
823868,120,0,0.2015008445,0.474041546,0,0.8104786145,1.461645637
823868,146,0,0.2577356768,0.5462711566,0,0.5805743907,1.036500918
823869,120,0,0.220461217,0.4476339872,0,0.8676171505,1.476514922
823869,146,0,0.2491280304,0.557815568,0,0.7340106351,1.236824494
823870,110,0,0.3019301686,0.5919377249,0,0.9010249251,1.496629035
823870,146,0,0.2494043492,0.4832490534,0,1.120614648,1.965904749
823871,120,0,0.1743320236,0.4160266761,0,0.6060757477,1.062005662
823871,146,0,0.2045824269,0.4412537022,0,0.7436912321,1.285223675
823872,110,0,0.2535671193,0.5279947426,0,0.6369059628,1.163572034
823872,146,0,0.2098209933,0.4090322285,0,0.783629204,1.342728656
823873,110,0,0.3183811309,0.6472869746,0,0.6533536466,1.192388083
823873,146,0,0.4625489769,1.016850744,0,1.077450401,1.835025901
823874,143,0,0.2541580614,0.5123668455,0,0.6397023545,1.067214888
823874,146,0,0.250348195,0.5716850393,0,0.5172765342,0.9942336758
823875,143,0,0.3060336664,0.5298426638,0,0.4071756894,0.7572035877
823875,146,0,0.4296833871,1.288098877,0,1.617135084,2.773369669
823876,143,0,0.2110092387,0.4678143089,0,1.606376545,2.50450641
823876,146,0,0.1953560182,0.4147358006,0,0.3059645951,0.5877893868
823877,143,0,0.1924540792,0.3621270592,0,1.017097295,1.670108544
823877,146,0,0.1827826826,0.3550300348,0,1.397849502,2.292445412
823878,138,0,0.179006784,0.4400799789,0,1.525419425,2.477064356
823878,146,0,0.2160269111,0.4632433856,0,0.506536924,0.9048531833
823879,138,0,0.1797731258,0.3862358986,0,0.5252602224,0.9749040459
823879,146,0,0.5026741528,0.8482354962,0,0.8646888468,1.470131097
823880,138,0,0.1676710283,0.380547147,0,0.9137032327,1.630080146
823880,146,0,0.3104921142,0.6447920205,0,0.6414946546,1.196168868
823881,146,0,0.2728944284,0.5728027098,0,0.7820566799,1.416271402
823881,158,0,0.2686264196,0.704577974,0,0.9155524656,1.668386642
823882,146,0,0.273078506,0.5566096985,0,0.6114897427,1.118571357
823882,158,0,0.1505336519,0.3270343891,0,0.6291296299,1.036985153
823883,146,0.3421831007,0.5553239843,0.8168241542,0.4107463357,1.174915896,1.749663085
823883,158,0.3840575628,0.5876253147,0.775721839,0.5303537192,1.145523523,1.609475009
823884,113,0,0.2449204745,0.4585382152,0,1.281365419,1.99071898
823884,146,0,0.1978609976,0.4570736267,0,0.7452376159,1.302989238
823885,113,0,0.1684978357,0.4099605662,0,0.7129546041,1.340303806
823885,146,0,0.1995933708,0.461498769,0,0.588350444,1.080839458
823886,113,0,0.2287539018,0.4536241754,0,0.419127922,0.7768920448
823886,146,0,0.2704331182,0.6592170403,0,0.5519535046,0.9735496486
823887,113,0.3068332746,0.4791108964,0.6773104873,0.3800196288,1.556891501,2.414803416
823887,146,0.5038931025,0.7129002915,0.904661717,1.171053846,1.647322528,2.114011004
823888,145,0,0.2124388044,0.4484692795,0,0.7424220822,1.268312516
823888,146,0,0.2057319817,0.4454270449,0,0.5911872282,1.095135323
823889,145,0,0.2730331719,0.6380788608,0,0.6447796238,1.057125401
823889,146,0,0.2983063552,0.6938584381,0,0.5914312314,1.046579722
823890,145,0,0.1955177772,0.4326569415,0,0.7835193275,1.404990798
823890,146,0,0.3152965057,0.6089401504,0,0.6701395201,1.220531848
823891,115,0,0.2075150508,0.4649951664,0,0.8363857853,1.510401855
823891,146,0,0.369924217,0.9379445506,0,0.9693902128,1.734031913
823892,115,0,0.2192621092,0.5410052382,0,0.8533378605,1.447090849
823892,146,0,0.2513642665,0.5185017362,0,0.4305277635,0.8063127916
823893,115,0,0.2012682692,0.4662196617,0,0.5235861783,0.9067817767
823893,146,0,0.2067314765,0.4491980648,0,0.7891902781,1.271351008
823900,113,0,0.2059265275,0.5028639192,0,0.9648305967,1.615902835
823900,119,0,0.2614093725,0.6097559476,0,0.4937373992,0.8464717395
823901,113,0,0.1543100957,0.3314953426,0,0.7416401383,1.236585786
823901,119,0,0.2057509223,0.4506784931,0,0.5891208202,1.057153445
823902,113,0,0.2331488097,0.4775305433,0,0.8241008069,1.505515421
823902,119,0,0.1724127457,0.3525123284,0,0.5485744457,0.8993013598
823903,119,0,0.1909719946,0.4135569965,0,1.039092494,1.90624888
823903,120,0,0.21181855,0.4941149554,0,0.7081213302,1.262858555
823904,119,0,0.2186657454,0.4954462291,0,0.8520377027,1.537087608
823904,120,0,0.2200731142,0.5094024075,0,1.335687144,2.220773825
823905,119,0,0.2281448967,0.4865279714,0,1.063829892,1.82788842
823905,120,0,0.2773576295,0.5716516441,0,0.6911442491,1.259054292
823906,119,0.2665371206,0.5046743552,0.8244313566,0.2988430108,1.044729322,1.545113193
823906,138,0.5384986915,0.7733822943,1.081940213,0.6136797904,1.323395213,1.838293218
823907,119,0,0.2494969467,0.5759894114,0,0.7472668111,1.31083123
823907,138,0,0.2490054634,0.5306265617,0,1.063503731,1.92293155
823908,119,0,0.2321583687,0.5027354377,0,0.7894836083,1.446537454
823908,138,0,0.2255194595,0.4658569187,0,0.952418455,1.648927352
823909,119,0,0.2432502843,0.5316668472,0,0.9817640861,1.442969764
823909,134,0,0.3080931336,0.6859960397,0,0.7552221386,1.308022176
823910,119,0,0.2154804433,0.5169818821,0,0.6887633979,1.214209301
823910,134,0,0.182277284,0.4297992054,0,0.8513918963,1.554612771
823911,119,0.3573187012,0.6187631399,0.9756788465,0.5201074145,1.413116768,2.029883819
823911,134,0.3221478056,0.5559642497,0.830534287,0.4575648,1.484240351,2.325234702
823912,119,0,0.2867811803,0.5206939058,0,1.075708883,1.895185195
823912,158,0,0.1920583453,0.4150232668,0,0.5612859663,0.8729060966
823913,119,0,0.2662020125,0.5399142286,0,0.5203170691,0.9651510668
823913,158,0,0.5183380801,0.7587027447,0,0.6984114029,1.185716507
823914,119,0,0.1834456944,0.40540278,0,0.6245411833,1.029672084
823914,158,0,0.212751268,0.4178765317,0,0.4066611349,0.7781952417
823915,119,0,0.1987032607,0.4184665893,0,1.144664657,2.143473986
823915,158,0,0.2904792369,0.5847984573,0,0.5435777498,1.017630995
823916,118,0,0.3166836721,0.6810952627,0,0.8418091608,1.316501449
823916,119,0,0.2929169685,0.7136199745,0,0.5960361303,1.080940435
823917,118,0.40281444,0.6135089237,0.8763448509,0.4986174,0.9183327655,1.250933609
823917,119,0.1870096239,0.4745175208,0.7081860305,0.2247527066,0.8129035451,1.285440702
823918,118,0,0.1872903174,0.4041539405,0,0.9769885023,1.62623418
823918,119,0,0.2573220358,0.5608086469,0,0.8323468936,1.355134932
823919,111,0,0.31613582,0.5658545554,0,0.5860414993,1.113148668
823919,119,0,0.2564921079,0.621106588,0,0.842868296,1.569068496
823920,111,0,0.1869554109,0.4338115117,0,0.4229046334,0.8014121276
823920,119,0,0.251596446,0.5590493331,0,0.5585317175,0.965903001
823921,119,0,0.2513806235,0.644080696,0,0.9906868838,1.765397885
823921,136,0,0.1887368819,0.4371569506,0,0.7762433613,1.345807412
823922,111,0,0.2136172819,0.4736979719,0,0.8611728568,1.437113365
823922,119,0,0.219068312,0.5018212713,0,1.052320805,1.760513715
823923,119,0,0.2481239405,0.4969349063,0,0.6322049095,1.046237774
823923,136,0,0.4825010138,0.6932560236,0,0.946220732,1.785225983
823924,119,0,0.2325023464,0.5059608346,0,0.7012607073,1.173656385
823924,136,0,0.2505878717,0.4990326577,0,0.7595355855,1.29408842
823925,109,0,0.2050665472,0.3963623361,0,0.5923363487,1.062853353
823925,119,0,0.2328060082,0.5184185538,0,0.6413619582,1.117467849
823926,109,0,0.3129141481,0.5596204346,0,0.4523628171,0.8617114679
823926,119,0,0.196125234,0.4126796943,0,0.8350366054,1.482528745
823927,109,0,0.1679128835,0.3668801089,0,0.4351374439,0.8064605717
823927,119,0,0.3526632359,0.7198062547,0,0.7381882427,1.338832495
823928,115,0,0.2694863326,0.6653922598,0,1.517568718,2.7061105
823928,119,0,0.310465377,0.5438118441,0,0.9095857862,1.642974056
823929,115,0,0.1595458042,0.3544224795,0,0.8882955451,1.566991373
823929,119,0,0.1864691602,0.3948301215,0,0.6541438002,1.151303548
823930,115,0.4613414765,0.6559961548,0.849704577,0.5153278608,1.401295746,1.923197023
823930,119,0.7874970546,1.182640589,1.534745973,1.073662781,1.673034023,2.178379052
823931,119,0,0.3186804916,0.6677800259,0,0.816215172,1.499260855
823931,135,0,0.1867545142,0.4210427629,0,0.940890397,1.640088818
823932,119,0,0.2369657276,0.455682674,0,0.456305174,0.8426484851
823932,135,0,0.2272266421,0.5386183532,0,0.7968831988,1.430098932
823933,119,0,0.2763532701,0.7445216696,0,1.039592474,1.637698197
823933,135,0,0.4425543818,0.7184948246,0,0.5775218477,1.063933169
823934,110,0,0.2364884582,0.502830212,0,0.8595883946,1.560715807
823934,119,0,0.2502598354,0.6628550675,0,1.132096521,1.841010039
823935,119,0,0.4151157521,0.7505064177,0,0.7569961206,1.311970167
823935,135,0,0.2071680536,0.4105639215,0,0.8766492333,1.489428923
823936,110,0,0.2429962591,0.5522135665,0,0.7192780729,1.236903731
823936,119,0,0.212316816,0.4686521247,0,0.7339387094,1.151004369
823937,110,0,0.1887312496,0.4051122484,0,0.6146353227,1.029433028
823937,119,0,0.2020864955,0.4988877629,0,0.9625827847,1.573515212
823938,119,0,0.2328781696,0.5392944306,0,0.7087605999,1.189132628
823938,139,0,0.2133640091,0.5101842169,0,0.7949562746,1.260002909
823939,119,0,0.2269923906,0.4899003778,0,0.4427564696,0.826886736
823939,139,0,0.1974348063,0.4666872586,0,0.474407188,0.8334159151
823940,119,0,0.1674713562,0.3793485406,0,0.868028568,1.560254903
823940,139,0,0.2093245294,0.4317706062,0,1.436770482,2.432873056
823941,108,0,0.2621519303,0.6897216407,0,0.9044013883,1.621912502
823941,119,0,0.1684931047,0.399341524,0,1.38060864,2.351444334
823942,108,0,0.2422566786,0.6193945083,0,1.139063867,1.798405571
823942,119,0,0.2160893714,0.4623229061,0,0.3339056229,0.5994528347
823943,108,0,0.2224020492,0.4534546896,0,0.6425337306,1.082600908
823943,119,0,0.1855688226,0.3617164223,0,0.5640787691,0.9337896697
823944,119,0,0.2434989766,0.5579816739,0,0.8833608536,1.605387701
823944,143,0,0.3191919303,0.7180042794,0,1.034199241,1.888016021
823945,119,0,0.2745680787,0.5677049167,0,0.6188820477,1.089880934
823945,143,0,0.2520824838,0.6641065116,0,1.015259965,1.602578247
823946,119,0,0.1746543414,0.3644166208,0,0.3476425501,0.6188517122
823946,143,0,0.2563338884,0.4862564916,0,0.5232298686,0.8377670237
823947,115,0,0.1529624359,0.3439069513,0,0.7196935717,1.178850664
823947,119,0,0.1905304859,0.3514457988,0,0.7119684487,1.202070654
823948,115,0,0.2512966954,0.5844380178,0,0.7081869825,1.32838217
823948,119,0,0.282402283,0.5988673556,0,0.9559895653,1.715733048
823949,115,0,0.1654550907,0.3603099008,0,0.9097660768,1.637875913
823949,119,0,0.2233012942,0.4416065481,0,0.5922598358,1.062631917
823950,119,0,0.1943017731,0.4120212741,0,0.6718293557,1.050721922
823950,137,0,0.2026941691,0.4174642986,0,0.6976504651,1.306427716
823951,119,0,0.1932549718,0.4282655126,0,0.657746759,1.163648165
823951,137,0,0.2741262032,0.6429444217,0,0.6610375383,1.129386695
823952,119,0,0.2201566965,0.4663610951,0,0.4432032735,0.8193790883
823952,137,0,0.156596422,0.356857873,0,0.6144502133,1.070740501
823953,119,0,0.2092267114,0.4859618674,0,2.017600831,3.106136496
823953,137,0,0.203897651,0.44964842,0,0.7561773398,1.36836911
823954,119,0,0.1995831613,0.4473224158,0,0.4190894268,0.7442185891
823954,144,0,0.2086840726,0.4354883532,0,0.6389450027,1.102742918
823955,119,0,0.6128237225,1.391690712,0,1.101389653,1.748135396
823955,144,0,0.2426952031,0.5005369799,0,0.4972061008,0.9177717068
823956,119,0,0.3038813356,0.6644241259,0,0.8139079933,1.350348958
823956,146,0,0.3490684465,0.778755337,0,0.6081074642,1.036839767
823957,119,0,0.1774407981,0.4237421265,0,0.8242044242,1.387711623
823957,144,0,0.2740392442,0.5815705406,0,0.5805191412,0.9609282877
823958,119,0,0.2442018762,0.5639371511,0,0.5588182184,1.003806669
823958,146,0,0.2167486878,0.4179601039,0,0.8457933245,1.493724433
823959,112,0,0.4156386539,1.031945181,0,1.395972045,2.36076774
823959,119,0,0.3125816673,0.7689782329,0,0.7468605917,1.343529219
823960,112,0,0.2605056814,0.605668473,0,1.138672535,1.874270769
823960,119,0,0.1946445188,0.4352900684,0,1.566848429,2.599498497
823961,119,0,0.2869482073,0.6674958553,0,0.8528171532,1.410780152
823961,146,0,0.1870597618,0.4134340306,0,0.9940797245,1.783693309
823962,112,0,0.2406435136,0.494683323,0,0.8792363591,1.437422606
823962,119,0,0.175523771,0.366772558,0,0.5910888076,0.9924601916
823963,119,0,0.1793754415,0.3941759951,0,0.6860595471,1.158234722
823963,121,0,0.2356931751,0.507461383,0,0.5087057762,0.9236135805
823964,119,0,0.2056914802,0.460962616,0,0.6312948624,0.95822824
823964,121,0,0.4697967747,1.213357125,0,1.401269412,2.282049901
823965,119,0,0.202624835,0.4407858459,0,0.5446559047,0.9127601894
823965,121,0,0.2168310938,0.4985870271,0,0.654054983,1.106486386
823966,119,0,0.4052397414,1.080245341,0,1.262419136,2.267775081
823966,140,0,0.5679723407,0.9358079889,0,0.827680385,1.474857575
823967,119,0,0.1822513185,0.4032914903,0,0.4958779852,0.9159718461
823967,140,0,0.2123882164,0.4379966933,0,1.319353968,2.187259656
823968,119,0,0.2009898441,0.3931725902,0,0.6915209005,1.158322471
823968,140,0,0.2205333407,0.4151247829,0,0.8167328963,1.440024374
823969,114,0,0.2080874161,0.4422498491,0,0.506758424,0.9391778543
823969,119,0,0.1973860482,0.4204591253,0,0.8504354314,1.502213219
823970,114,0,0.2173474871,0.5292750533,0,0.8702896114,1.467916315
823970,119,0,0.2101394721,0.5142905908,0,0.6295439475,1.143579117
823971,109,0,0.3456382948,0.6619723384,0,0.7521961055,1.392916588
823971,119,0,0.189040966,0.4367499203,0,0.8012471932,1.42995816
823972,114,0,0.3247599262,0.7094802751,0,0.8646594891,1.560695166
823972,119,0,0.2184289597,0.4705613214,0,1.275374969,2.145163406
823973,109,0,0.2033077654,0.4336274598,0,0.5011768819,0.9837941992
823973,119,0,0.2862164397,0.5958374708,0,0.4928350893,0.873809641
823974,109,0,0.2054361812,0.4539812971,0,1.005849825,1.614317918
823974,119,0,0.2784958715,0.5977775473,0,0.5739734347,1.04478871
823982,108,0,0.1710391239,0.3695063358,0,0.7112453409,1.1106237
823982,147,0,0.2065199983,0.4190061889,0,0.7276174135,1.36750789
823983,108,0.3257593341,0.4955370672,0.6959269537,0.6361403491,1.095098968,1.397467018
823983,147,0.3072339133,0.5523125269,0.8328840793,0.382932791,0.7872927591,1.118597085
823984,108,0,0.1604150609,0.3535193386,0,0.9184664868,1.719026091
823984,147,0,0.1595125255,0.3270109151,0,0.5581246223,1.074117721
823985,108,0,0.2244515037,0.4970155416,0,0.9086746843,1.567689012
823985,143,0,0.2116357096,0.5221780498,0,0.6185286979,1.126838611
823986,108,0.2984252862,0.5483652009,0.8589755424,0.4572004637,1.882274278,2.980663666
823986,143,0.4178061276,0.6397353941,0.9096687995,0.7721331297,1.413262266,1.940240637
823987,108,0,0.2353784621,0.5030578566,0,1.074511831,2.00613933
823987,143,0,0.2813916003,0.7267635127,0,0.8446039225,1.467288149
823988,108,0,0.2502001135,0.5499075758,0,0.5825937057,1.092981149
823988,114,0,0.2437577988,0.4965554919,0,1.21789505,2.052156763
823989,108,0.249512832,0.6738034242,1.196999176,0.249512832,1.229723936,1.783618466
823989,114,0.1929362413,0.5826601215,0.9738058391,0.210065594,1.023505232,1.635539668
823990,108,0,0.1771782008,0.3385280385,0,0.2726928341,0.500981572
823990,118,0,0.2082843773,0.4495993758,0,0.7867749373,1.33440011
823991,108,0,0.1862727959,0.4208641451,0,1.339394567,2.163172538
823991,118,0,0.1782317177,0.409401955,0,0.4546822505,0.8469303622
823992,108,0,0.1876257634,0.398069639,0,0.5240721882,0.8941622946
823992,114,0,0.2624165214,0.4882802736,0,0.7097195608,1.283731975
823993,108,0,0.2664649968,0.5421258243,0,1.268753361,2.117198207
823993,118,0,0.2189431702,0.5282289865,0,1.091917496,1.940415879
823994,108,0,0.2709072973,0.6446170976,0,1.543221701,2.486954227
823994,140,0,0.195075469,0.4285543519,0,0.8343233006,1.421119112
823995,108,0,0.2202156915,0.4832528976,0,0.7868019089,1.3680819
823995,140,0,0.2951059039,0.7281768267,0,1.114941911,2.126164927
823996,108,0,0.2142486746,0.4836894202,0,0.716661624,1.177416597
823996,158,0,0.1604726955,0.3478592616,0,0.4555585848,0.8033664478
823997,108,0,0.2320770019,0.5475697596,0,0.8960716916,1.630619988
823997,140,0,0.2464786277,0.5729196453,0,0.7183323188,1.242436782
823998,108,0.3095375815,0.5143340217,0.7485048138,0.6015424848,1.218781531,1.715413195
823998,140,0.3513527446,0.5543534574,0.7639748559,0.6166264032,1.257906589,1.784190657
823999,108,0,0.2377227433,0.5556943015,0,0.6939116686,1.311143308
823999,158,0,0.307100823,0.655362221,0,0.7797795066,1.313467618
824000,108,0,0.2741392149,0.6901321134,0,0.8283598204,1.433598863
824000,158,0,0.2769376535,0.5495279085,0,0.4943268411,0.9094952317
824001,108,0,0.2149889348,0.4966403584,0,0.9177575093,1.673304644
824001,117,0,0.2273787339,0.579635184,0,0.9927524209,1.586854278
824002,108,0,0.1853172642,0.3884124621,0,0.7740648681,1.353995697
824002,117,0,0.3046978677,0.6122530045,0,0.684895733,1.173497584
824003,108,0,0.2342058371,0.5629324549,0,0.6362192268,1.197660114
824003,117,0,0.2237369621,0.4683576574,0,0.4950189933,0.9129618938
824004,108,0,0.2449964436,0.4493559285,0,0.8858983198,1.31374782
824004,138,0,0.2407440369,0.4426594308,0,0.6118781405,1.145647925
824005,108,0,0.2387560086,0.570128681,0,0.9873341894,1.826386842
824005,138,0,0.2655469564,0.5795788505,0,0.8037923339,1.386246617
824006,108,0,0.2160399111,0.5202490455,0,0.7528274035,1.354774709
824006,138,0,0.2389020847,0.4707198098,0,0.4164588474,0.8008234146
824007,108,0,0.1934029173,0.4131659768,0,0.7311488785,1.254769233
824007,116,0,0.2838318508,0.5406466671,0,0.8791770173,1.65679328
824008,108,0,0.2982412234,0.6601761533,0,0.7181222166,1.261901303
824008,116,0,0.317779451,0.7267346439,0,0.8779704171,1.623401797
824009,108,0,0.1948750955,0.4371041604,0,0.712743322,1.206760565
824009,116,0,0.2596493858,0.6337197904,0,0.6515616753,1.142712133
824010,108,0,0.2814118234,0.6400863365,0,0.9118026305,1.67881389
824010,111,0,0.5253262766,1.209219311,0,1.011154978,1.70798873
824011,108,0,0.2231590681,0.5040028751,0,0.8180538785,1.439391827
824011,133,0,0.2276038846,0.5299291866,0,0.7084180725,1.205695867
824012,108,0,0.3411595077,0.8726659005,0,1.069019709,2.017056601
824012,111,0,0.2215384728,0.4308538258,0,0.5667232013,1.003539457
824013,108,0,0.2129739741,0.4783128135,0,0.658059631,1.163266387
824013,111,0,0.1946284756,0.4036234966,0,0.3758443886,0.6964818865
824014,108,0,0.2849274253,0.6346135691,0,0.9056873721,1.642688068
824014,133,0,0.311058081,0.6896130775,0,1.235314702,2.155491533
824015,108,0,0.1650169751,0.3501550635,0,0.8491455102,1.581033501
824015,133,0,0.1863486467,0.3616834583,0,0.9993731645,1.519460997
824016,108,0,0.1860310374,0.4462342389,0,0.8947754681,1.703870312
824016,110,0,0.2389896102,0.5787573998,0,0.9255743929,1.621288345
824017,108,0,0.1822111449,0.420852461,0,0.8465650362,1.363098599
824017,110,0,0.3467024374,0.628045844,0,0.6316651544,1.130790715
824018,108,0.1502384906,0.3726132801,0.6288588414,0.1716501692,0.8480952876,1.378268648
824018,110,0.261904945,0.4210195887,0.6044972512,0.261904945,0.9314323692,1.538218931
824019,108,0,0.3431158846,0.7753215036,0,0.7399371445,1.297537556
824019,139,0,0.1874836894,0.4008208399,0,0.6920367791,1.205549796
824020,108,0,0.2378910028,0.5656857113,0,1.206074222,1.986075918
824020,139,0,0.2213390152,0.4095426515,0,1.411369451,2.161945335
824021,108,0,0.2091971864,0.4453233373,0,1.144631019,1.955767288
824021,139,0,0.1673254211,0.3886495724,0,1.022949369,1.767302644
824022,108,0.3222431109,0.5258051266,0.7209891551,0.3857904021,0.6929090158,0.9650885777
824022,117,0.3749703292,0.6187739803,0.8849669868,0.6394139143,1.155830558,1.542665442
824023,108,0,0.3293963172,0.6729385825,0,0.9098795558,1.632225671
824023,117,0,0.2294736642,0.5831751444,0,1.450052625,2.364866668
824024,108,0,0.3958565388,0.7243911026,0,0.7013891706,1.329010329
824024,115,0,0.20506193,0.483693351,0,0.9307303962,1.556481847
824025,108,0.3266601585,0.5337158856,0.7577370355,0.3266601585,1.16632445,1.786492813
824025,117,0.2016624,0.5046879503,0.8424326148,0.2016624,1.24601902,2.035197678
824026,108,0,0.2484542885,0.6306405516,0,0.7517344051,1.377188405
824026,115,0,0.1779350318,0.3873779351,0,0.551500263,0.9770868871
824027,108,0,0.2177992547,0.5150463739,0,0.7308546676,1.400583851
824027,115,0,0.1898600158,0.3892413022,0,0.8420391459,1.464350431
824028,108,0,0.2760659209,0.5651585988,0,0.7703356096,1.291321805
824028,140,0,0.1842446328,0.3811319906,0,0.5407865088,0.9679544476
824029,108,0,0.2224881808,0.4822956083,0,0.5056055406,0.8995566998
824029,140,0,0.3229915653,0.8349644565,0,1.01612929,1.879177687
824030,108,0,0.2068016092,0.4847167163,0,1.028162926,1.76926184
824030,140,0,0.3246990318,0.7015962433,0,1.132216054,1.881508908
824031,108,0.3611920436,0.5745016802,0.8229883354,0.6450042432,1.065472863,1.436134749
824031,133,0.9048222507,1.120411827,1.308506483,0.9332344445,1.488146137,1.901765162
824032,108,0.5797474482,0.8208514926,1.151914796,0.5895096412,1.163183653,1.636159201
824032,133,0.6909401449,0.9694091076,1.25172421,0.6964792367,1.271857502,1.714645958
824033,108,0,0.1686957633,0.3642497132,0,0.6765483172,1.173835618
824033,133,0,0.2493781299,0.5606473798,0,1.36984063,2.122956538
824034,108,0,0.2285623174,0.4997934817,0,0.7791815524,1.363283346
824034,119,0,0.2268828609,0.465153468,0,0.3993046131,0.7528269736
824035,108,0,0.2424987531,0.5687896574,0,0.5903040278,1.069976936
824035,133,0,0.4000626656,0.7465418808,0,0.6165690902,0.9214756357
824036,108,0,0.2461838469,0.5340418027,0,1.086923572,1.925497343
824036,145,0,0.2682745078,0.6597294683,0,0.9941792549,1.8437266
824037,108,0,0.2113167957,0.4546261468,0,0.6411801027,1.166382707
824037,119,0,0.2119762508,0.4503591875,0,0.4797363902,0.8570057597
824038,108,0,0.2436031047,0.5849284653,0,1.823709203,3.004899496
824038,119,0,0.2347972958,0.5582480627,0,0.7812349507,1.408150478
824039,108,0,0.3244704598,0.840554629,0,0.7314275212,1.278875023
824039,145,0,0.2205362115,0.4863640429,0,0.4331399245,0.8007987769
824040,108,0,0.6420192714,1.560565175,0,1.497154855,2.610941747
824040,145,0,0.3316351533,0.5974587964,0,0.5654528665,0.9941553485
824041,108,0,0.1799611494,0.3917453668,0,0.7619082767,1.343725604
824041,121,0,0.2610253165,0.5921793546,0,0.5447312901,1.004182433
824042,108,0.2831814092,0.468595338,0.6762465943,0.4302960624,1.124542031,1.56923911
824042,121,0.3511919005,0.5620004984,0.8142076602,0.8411964174,1.368040423,1.820373718
824043,108,0,0.240778789,0.5578312384,0,0.8269678277,1.378410444
824043,121,0,0.2091366333,0.5450712426,0,0.9315316992,1.562342658
824044,108,0,0.2056010598,0.4360223993,0,0.8069085516,1.281250972
824044,141,0,0.2679383399,0.680302327,0,1.214543464,2.022869268
824045,108,0,0.2536066609,0.547096719,0,0.7250714382,1.226322593
824045,141,0,0.1903508786,0.4064565128,0,0.7285529345,1.261643448
824046,108,0,0.1978466179,0.4353392472,0,0.6721254959,1.28025356
824046,141,0,0.2872064642,0.5358489097,0,0.8770836539,1.570716648
824047,108,0,0.2546907011,0.589148267,0,0.7800011003,1.39975954
824047,135,0,0.3419978537,0.9099406519,0,0.978386457,1.7337555
824048,108,0,0.1996802037,0.4563379243,0,0.8825951152,1.453035764
824048,135,0,0.1801164886,0.3968757248,0,1.176887225,1.83060254
824049,108,0,0.2094828519,0.4671279962,0,0.9603664888,1.764910782
824049,135,0,0.2968986007,0.708931245,0,1.277638482,1.958495523
824050,108,0,0.3247242936,0.7407597984,0,1.508001776,2.142872214
824050,144,0,0.1964282253,0.4940585451,0,1.571557739,2.480798113
824051,108,0,0.2217434819,0.501227665,0,0.8828336275,1.608612642
824051,144,0,0.1967765036,0.4169994865,0,0.8736208113,1.49756287
824052,108,0,0.2490063042,0.5106285211,0,0.5937918077,0.9924479012
824052,144,0,0.194500608,0.4036630029,0,1.853728599,2.774432838
824053,108,0.4892965622,0.8206496508,1.172611257,0.8418129563,2.190446131,3.107207512
824053,136,0.1609808572,0.6019355343,1.120607574,0.1675965484,0.926818965,1.539179914
824054,108,0,0.2419609599,0.5576113841,0,0.9013193216,1.623165436
824054,136,0,0.3163159077,0.6190149759,0,0.6542441139,1.098720229
824056,108,0.2920015878,0.4980949582,0.7560930372,0.3379401717,0.8694392481,1.29737195
824056,136,0.2131346604,0.3957995706,0.6089150302,0.2274852218,0.7489501164,1.122410874
824062,109,0.3136296317,0.4947319265,0.6872799639,0.6174037126,1.068781351,1.477836977
824062,118,0.2977498338,0.4950460129,0.7109217427,0.6450871158,1.22836909,1.646023421
824063,109,0.7226370101,1.032068413,1.391225764,0.8096980047,1.653140427,2.327541725
824063,118,0.8000955994,1.046626968,1.388879153,0.8757748331,1.683090978,2.327567829
824064,109,0,0.2428312718,0.4573973387,0,0.7552708608,1.303290297
824064,118,0,0.2799577058,0.653655472,0,1.077052541,1.817021824
824065,118,0,0.1513930997,0.3366518671,0,0.5870496948,1.046877617
824065,141,0,0.3036775388,0.8090485392,0,1.158545331,1.923275906
824066,118,0,0.2470194084,0.5440897804,0,0.5369208264,1.019769492
824066,141,0,0.2252353193,0.4678320724,0,0.5341125838,0.9971937458
824067,118,0,0.2717908741,0.5092847914,0,0.4469112841,0.8398588131
824067,141,0,0.26789231,0.4849747635,0,0.3956654745,0.7520552721
824068,118,0,0.1731989752,0.3874485059,0,1.196706553,2.124471513
824068,146,0,0.2616863472,0.6014155046,0,1.024371023,1.797310508
824069,118,0,0.2490176187,0.5600471416,0,0.5553757424,0.9959069167
824069,146,0,0.2050315997,0.3860760554,0,0.5555108694,0.9826441374
824070,118,0,0.2429912069,0.5521683028,0,0.6979575283,1.168255965
824070,146,0,0.1801852478,0.3873000851,0,0.5403857194,0.9678592309
824071,116,0,0.3019014176,0.5409894732,0,0.8843091987,1.657176279
824071,118,0,0.2456772731,0.5060115151,0,1.342970864,2.19572586
824072,116,0,0.2270424051,0.4910436684,0,0.8924299216,1.435115468
824072,118,0,0.276399302,0.5759901172,0,0.6126613323,1.131955549
824073,116,0,0.2069351863,0.4335172883,0,0.504115831,0.8958532518
824073,118,0,0.1764860344,0.3882328069,0,0.3718831882,0.6880322106
824074,118,0,0.2100238846,0.4697868761,0,1.149545855,2.156096737
824074,133,0,0.27900351,0.5744552636,0,1.142942928,1.910962167
824075,118,0,0.2671867343,0.6469556437,0,0.9195788974,1.762297116
824075,133,0,0.4146218286,0.6488958557,0,0.9072019094,1.617659376
824076,118,0,0.2119024267,0.4991643665,0,0.6332599927,1.191432725
824076,133,0,0.2347806577,0.4382937933,0,0.9976680963,1.716988233
824077,118,0,0.2689559992,0.645017963,0,0.9627084188,1.643139809
824077,133,0,0.2067141291,0.4905549456,0,0.7516532364,1.385963611
824078,112,0,0.1910787105,0.4240617921,0,0.8303106811,1.435313682
824078,118,0,0.2807969418,0.5790286806,0,0.5617553937,1.042998638
824079,112,0,0.180903633,0.399716984,0,0.7344018293,1.283908891
824079,118,0,0.1902155993,0.3859379413,0,0.4423398239,0.7992018356
824080,118,0,0.2244340536,0.5347387645,0,0.9644631535,1.812897363
824080,142,0,0.1793627907,0.401821241,0,0.7614915462,1.29205656
824081,112,0,0.2462409564,0.5474639183,0,0.7424764186,1.296847291
824081,118,0,0.1830612462,0.4081949733,0,0.8785790236,1.537963921
824082,118,0,0.2114038322,0.4722946043,0,0.409896412,0.7446026224
824082,142,0,0.2070235368,0.4539544691,0,0.5547443063,0.9676780057
824083,118,0,0.218804478,0.5111419481,0,0.5211957269,0.9518532461
824083,137,0,0.1838186758,0.4014893078,0,0.6743902255,1.111562656
824084,118,0,0.23824198,0.5118852358,0,0.6236938011,1.175425453
824084,142,0,0.2215527175,0.4133939671,0,0.8237250411,1.408526235
824085,118,0,0.3195869666,0.6505812713,0,0.9008481478,1.590349916
824085,137,0,0.1836695492,0.4068110157,0,0.891932195,1.630386318
824086,118,0,0.2226645771,0.5102848856,0,1.200734724,1.961089157
824086,135,0,0.2415642065,0.5005890629,0,0.6291326718,1.050531993
824087,118,0,0.2392944891,0.5306704778,0,0.6501769354,1.207966963
824087,137,0,0.1736370028,0.3950630233,0,0.606681887,0.9722310131
824088,118,0,0.2787961964,0.6639252929,0,1.109562388,1.992165392
824088,135,0,0.3423814004,0.6335468555,0,0.4582081988,0.8547908361
824089,118,0,0.3455559785,0.8097128289,0,0.9935748397,1.873776673
824089,143,0,0.1902777899,0.4532160396,0,0.9382327133,1.692129107
824090,118,0.4783770316,0.6569310082,0.9333728651,0.8364028436,1.613687195,2.320398068
824090,135,0.4005663324,0.6022916408,0.9359768558,0.4025793153,1.624122314,2.497061041
824091,118,0,0.1832237242,0.3972682035,0,0.5912186502,0.9889874473
824091,143,0,0.2532820818,0.5123827669,0,0.820112216,1.294781346
824092,118,0,0.284133596,0.6745230659,0,0.8930602179,1.516752503
824092,143,0,0.2326871035,0.5683212811,0,0.5836948221,0.9498635541
824093,118,0,0.1586330914,0.3542232518,0,0.7747092834,1.428061643
824093,139,0,0.2036830259,0.3859941693,0,0.4994771405,0.8091256221
824094,118,0,0.2081967445,0.4601072968,0,0.4639201597,0.86436965
824094,139,0,0.2595811785,0.5047999902,0,0.6280459261,1.075133001
824095,118,0,0.3490322366,0.8248061037,0,0.6881198856,1.226286728
824095,138,0,0.3725107634,0.7581082558,0,0.7702150386,1.364955856
824096,118,0,0.2551863985,0.5821042723,0,1.311574301,2.374871136
824096,139,0,0.1805621852,0.3795531047,0,0.9964823787,1.588817715
824097,118,0,0.2722735333,0.5678229309,0,0.7985843977,1.373928571
824097,138,0,0.1772615006,0.3789908514,0,0.7159409644,1.205225095
824098,118,0,0.4606966812,1.293021656,0,1.368365322,2.431180176
824098,138,0,0.4003581451,0.8100786017,0,0.9083609945,1.667183966
824099,117,0,0.2008878255,0.4642807755,0,0.5200527638,0.9406828489
824099,118,0,0.1968159817,0.3988460383,0,0.4729273954,0.8544233466
824100,117,0,0.2368885148,0.4624462998,0,0.7901656241,1.4118157
824100,118,0,0.1976085375,0.4393495063,0,0.4907674273,0.9265777184
824101,118,0,0.2918733354,0.6297160201,0,0.6399176945,1.14652022
824101,140,0,0.2030015836,0.499149157,0,1.072317867,1.724623771
824102,117,0,0.4184705076,0.7253935362,0,0.8771116036,1.636555208
824102,118,0,0.264236032,0.5724991037,0,1.073294899,2.019598832
824103,118,0.2975481265,0.4956558125,0.7539007022,1.35020484,2.603025047,3.651838477
824103,140,0.3665996779,0.6734217945,0.970341487,1.340643018,2.861912091,3.858162317
824104,118,0,0.2189348307,0.464688896,0,1.300585923,2.163014583
824104,147,0,0.2612996691,0.4937740223,0,0.8650653553,1.32685796
824105,118,0,0.2087711791,0.4828080197,0,0.7677451855,1.285047844
824105,140,0,0.3138821415,0.7402640744,0,0.6286571555,1.209119767
824106,118,0,0.2075477313,0.4440953137,0,0.9858154973,1.82285175
824106,147,0,0.1675658981,0.3683931172,0,0.4552681148,0.7659564617
824107,118,0,0.2133042834,0.5174340432,0,0.8502825954,1.52890462
824107,147,0,0.2186111991,0.4604993199,0,1.157639142,2.008307114
824108,118,0,0.3373102666,0.6674202191,0,0.6254758624,1.160811191
824108,136,0,0.1875977456,0.4145379907,0,0.8459508403,1.439487643
824109,118,0,0.271828684,0.4506627504,0,0.5849556657,1.033702666
824109,136,0,0.2014093619,0.4358947364,0,0.4848616416,0.8612048828
824110,118,0,0.2297615027,0.4576023975,0,0.6123348292,1.099234762
824110,136,0,0.1785745239,0.4148958223,0,0.7994940929,1.397220445
824111,111,0,0.3041597888,0.5812723686,0,0.5894001843,1.019000843
824111,118,0,0.1776566868,0.3805285581,0,1.359640999,2.223345878
824112,111,0,0.2616372958,0.5155656005,0,0.7520079826,1.296704983
824112,118,0,0.2267245832,0.5109675573,0,1.083745982,1.827877743
824113,116,0,0.3394348703,0.6938384628,0,1.098375898,1.871815442
824113,118,0,0.3225990987,0.8138684736,0,1.160397827,2.006411911
824114,111,0,0.3344321799,0.6860059335,0,0.5937101465,1.052585885
824114,118,0,0.1826607089,0.3914238419,0,0.6623608209,1.109294427
824115,116,0,0.2401331188,0.5837363323,0,0.8073419518,1.344454957
824115,118,0,0.175420727,0.3885330214,0,0.6180936872,1.093903906
824116,116,0,0.2104381223,0.4664854804,0,0.5670145449,1.056167753
824116,118,0,0.2072649793,0.461497797,0,0.9190414988,1.648854986
824117,114,0,0.2293929449,0.4969601872,0,1.284309375,2.288569943
824117,118,0,0.3870911795,0.7139345448,0,0.6760385285,1.26540582
824118,114,0,0.350230993,0.6396319377,0,0.8821708439,1.548760951
824118,118,0,0.2693295575,0.6950860758,0,0.931831757,1.729576163
824119,114,0,0.2360522114,0.5928661031,0,0.7262227613,1.214483501
824119,118,0,0.1779789347,0.3936877757,0,0.5514703152,0.9520156343
824120,114,0,0.2113371158,0.4565687431,0,1.371358216,2.263505066
824120,118,0,0.282217596,0.5728220507,0,0.8249654785,1.230689659
824121,108,0,0.2133223317,0.4230746359,0,1.763961597,3.165874889
824121,118,0,0.1789843614,0.4462211093,0,0.7825019687,1.409541519
824122,108,0.3222656925,0.5352060561,0.774650431,0.5354879848,1.052456394,1.49915969
824122,118,0.5153232817,0.7340241723,1.023275034,0.9393798131,1.932529671,2.714951081
824123,110,0,0.1647898511,0.3995774819,0,0.8134286439,1.396707153
824123,118,0,0.2043743041,0.411512513,0,0.7184043972,1.184276415
824124,108,0,0.226643298,0.5078690443,0,0.8943365388,1.65319378
824124,118,0,0.3692290483,0.6621364562,0,1.636357203,2.70599907
824125,110,0.7330393529,1.048136947,1.441178977,1.623014514,2.674458494,3.577159568
824125,118,0.9622466858,1.21547057,1.575589647,1.788050608,2.685559465,3.484910889
824126,118,0,0.1696417059,0.3604479698,0,1.665293026,2.85858672
824126,145,0,0.2633813108,0.5364385816,0,1.018980474,1.687618769
824127,110,0,0.1964032979,0.4136950142,0,1.019163183,1.88361976
824127,118,0,0.3111010949,0.8446250196,0,1.134573214,1.881553363
824128,118,0,0.2402926147,0.5544116012,0,0.6197253015,1.053972408
824128,145,0,0.3027011373,0.5861051668,0,0.6169562352,1.127637663
824129,118,0,0.2239359103,0.4785941828,0,0.5350984964,0.9112377402
824129,145,0,0.179232585,0.4322882915,0,0.5858479766,1.089134205
824130,118,0,0.2234197288,0.515991722,0,0.5730166005,1.043369553
824130,145,0,0.2152160589,0.5168834869,0,0.542761101,0.9899689992
824131,118,0,0.2205981694,0.4616153527,0,0.815478552,1.394603439
824131,158,0,0.2082006924,0.4157788352,0,0.8126107496,1.45100841
824132,118,0,0.2088157724,0.4982482153,0,0.7448932173,1.375405385
824132,158,0,0.2112789747,0.4569963426,0,0.7528393033,1.38061372
824133,118,0,0.1882879171,0.4108004499,0,0.7365157792,1.314072473
824133,142,0,0.2584438441,0.5312426223,0,0.7703628576,1.359941863
824134,118,0,0.2467514664,0.4750988339,0,0.6020639464,1.099368138
824134,158,0,0.2001542058,0.5049406799,0,0.9009358024,1.672207552
824135,118,0,0.2287027722,0.4956933032,0,0.6064602194,0.9849814179
824135,142,0,0.1974305828,0.4651301122,0,0.594054331,1.077110943
824136,118,0,0.2415695031,0.5674101786,0,1.527544348,2.725193025
824136,142,0,0.2927566661,0.6569395451,0,1.466040198,2.696089862
824142,109,0,0.2214195394,0.5291797471,0,0.7454502017,1.315877078
824142,117,0,0.1924879011,0.454221261,0,0.5211420557,0.8511882875
824144,117,0,0.2675309474,0.5857649159,0,0.8370683481,1.438160924
824144,145,0,0.155918551,0.3548716687,0,0.7352145627,1.323241961
824145,109,0.1736110373,0.5482829033,0.9401465225,0.2338181157,1.074081644,1.704438607
824145,117,0.4138733491,0.6858283879,1.062700706,0.6139001376,1.444512397,2.132081371
824146,109,0,0.181408341,0.4387235987,0,0.3888199456,0.7312198563
824146,117,0,0.2373929026,0.5334838767,0,1.064579198,1.692202022
824147,117,0,0.2126689803,0.4884590839,0,0.6975361464,1.241264945
824147,145,0,0.2197322668,0.4734096627,0,0.5835437356,1.008040979
824148,117,0,0.3038162904,0.7713346226,0,0.7945077592,1.451452729
824148,145,0,0.2641201871,0.6127345778,0,1.043089114,1.786186943
824149,117,0,0.2389569564,0.5127619171,0,1.07084202,1.840344043
824149,145,0,0.3336877354,0.5211692594,0,0.9443616752,1.639885506
824150,117,0,0.2117726616,0.4693667497,0,1.132774276,1.79881988
824150,133,0,0.2137541903,0.4599694326,0,1.401053304,2.186854339
824151,117,0,0.1830499069,0.4165183709,0,0.8271462042,1.427868633
824151,133,0,0.2075253457,0.4719492896,0,0.76792234,1.333824389
824152,117,0,0.3402103697,0.7893484101,0,0.8379661226,1.455491752
824152,133,0,0.2774213138,0.7571620221,0,0.8603707261,1.532125493
824153,108,0,0.2173958929,0.5665747046,0,0.8033051307,1.41873953
824153,117,0,0.3177513975,0.8027299824,0,0.9616614224,1.740735995
824154,108,0,0.1594255608,0.3288142054,0,0.4745729193,0.8831256601
824154,117,0,0.1624193942,0.3606817444,0,0.6569107703,1.219209239
824155,108,0,0.268747918,0.5568198225,0,0.9889961324,1.683078213
824155,117,0,0.2170813271,0.485624291,0,0.9163899703,1.697903324
824156,117,0,0.2194127515,0.4786197751,0,1.109778945,1.897498937
824156,136,0,0.245434849,0.5378039807,0,0.7382019294,1.216905268
824157,117,0,0.2159417416,0.5000385122,0,0.691363469,1.199256975
824157,136,0,0.230985341,0.5199133181,0,0.6712918963,1.127863825
824158,117,0.115434,0.3109684118,0.5233640107,0.115434,0.5373766061,0.9054517291
824158,141,0,0.2087626797,0.5252121073,0.0306072,1.25313015,1.989809076
824159,117,0.3442959357,0.5787942499,0.8327120836,0.4417009148,1.270159533,1.914624694
824159,136,0.3975828471,0.5960962351,0.8645049918,0.5644464191,1.311309141,1.96408795
824160,117,0,0.1840829914,0.3926231764,0,0.460203825,0.8917965481
824160,141,0,0.1913193777,0.4133432367,0,0.8929543952,1.493720185
824161,117,0,0.3328238283,0.6967132351,0,0.553816918,0.9690769306
824161,141,0,0.2151243111,0.535443883,0,0.7682884628,1.340850892
824162,117,0,0.2247599322,0.5168062302,0,0.651759027,1.204300583
824162,140,0,0.731302139,0.9267117459,0,1.139463706,1.8511956
824163,117,0,0.2114509161,0.4308529963,0,0.732269741,1.245477057
824163,140,0,0.2615386285,0.7301409037,0,1.05164211,1.96372234
824164,117,0,0.2667708545,0.7175720195,0,0.7229628176,1.213576653
824164,140,0,0.2054403455,0.4652117773,0,0.618728238,1.076037104
824165,117,0,0.1623821423,0.3633572738,0,0.4805842173,0.8280902439
824165,146,0,0.2153582403,0.550303635,0,0.7439471917,1.385953442
824166,117,0,0.4869486544,1.121759357,0,0.8458891441,1.523067858
824166,146,0,0.3339753153,0.568901744,0,0.4661204293,0.853975439
824167,117,0,0.221072015,0.4783874858,0,0.7907945514,1.378758731
824167,146,0,0.2153884072,0.4680612068,0,1.129300268,1.835159682
824168,110,0,0.2243425429,0.49469208,0,0.7342042596,1.235079924
824168,117,0,0.2370988939,0.4901456698,0,0.8220865719,1.542036347
824169,110,0.507576657,0.7711524245,1.096425425,0.647057232,1.235918434,1.693191423
824169,117,0.6134940253,0.8211124259,1.071138198,1.059042026,1.927386948,2.555549488
824170,110,0,0.3173275502,0.6613796112,0,1.259522057,2.165498048
824170,117,0,0.3039603682,0.6734975726,0,1.543288026,2.42122546
824171,117,0,0.2130407322,0.4814339275,0,1.300214902,2.223953514
824171,139,0,0.2380214787,0.561744887,0,1.046426132,1.953874688
824172,117,0,0.2123851267,0.4691486724,0,0.5425432368,0.9912986305
824172,139,0,0.260360058,0.6076715536,0,0.5563900503,1.011633309
824173,117,0,0.2149518128,0.5002915121,0,0.4496056783,0.7338799809
824173,139,0,0.2230094042,0.4683014509,0,0.5501013119,0.9763702232
824174,117,0,0.1920567503,0.3864687013,0,0.9754088139,1.638662595
824174,142,0,0.2508578219,0.6482090746,0,0.925374085,1.7096129
824175,117,0,0.301269236,0.6995498123,0,1.301002741,1.971560175
824175,142,0,0.2143490006,0.4782170549,0,0.9769391757,1.648752617
824176,117,0,0.2128775676,0.4539902996,0,0.6529494192,1.128377012
824176,142,0,0.17818821,0.3560387325,0,0.6855077431,1.142435495
824177,114,0,0.2158311352,0.3976938608,0,0.4853620303,0.8496946661
824177,117,0,0.3323316638,0.7389352294,0,0.5409976097,0.9548548377
824178,116,0,0.1930532848,0.4179177861,0,0.9846588542,1.710741136
824178,117,0,0.1678473594,0.3876126851,0,0.7710255023,1.305370084
824179,114,0,0.2728055072,0.526764408,0,0.5988636322,1.081585744
824179,117,0,0.3915665572,0.7256437409,0,0.5386501325,1.002733003
824180,114,0,0.3209551187,0.6820406048,0,0.5181682303,0.9221818689
824180,117,0,0.2613506041,0.5313014207,0,0.7742193545,1.306869428
824181,116,0,0.2502659381,0.5270633374,0,0.468895639,0.856042935
824181,117,0,0.300665434,0.7601455568,0,0.9580584628,1.73116546
824182,116,0,0.163016807,0.369855366,0,0.8843734942,1.604679881
824182,117,0,0.2197893604,0.514252116,0,0.6248465292,1.03869956
824183,117,0,0.2412755239,0.5222085278,0,0.527901353,1.024666731
824183,133,0,0.2520797146,0.5802592746,0,0.9280036109,1.705610407
824184,117,0,0.2142193178,0.5141870219,0,0.8595904458,1.510006894
824184,133,0,0.245794915,0.6352227952,0,1.362048304,2.295005748
824185,117,0,0.2099614088,0.4893825437,0,0.6652206302,1.112823871
824185,134,0,0.214176851,0.4284964863,0,0.5161670538,0.9531856232
824186,117,0,0.2288733302,0.5731047231,0,0.8181858042,1.458339643
824186,133,0,0.2747032995,0.7121438295,0,0.9729240753,1.428690158
824187,117,0,0.2314087912,0.5265039945,0,0.6903232271,1.14750989
824187,158,0,0.2357896561,0.4495541655,0,0.4496228571,0.8341789203
824188,117,0,0.20431041,0.4533369489,0,1.065624976,1.883547193
824188,134,0,0.1878353268,0.4383319082,0,0.8921142941,1.687501894
824189,117,0,0.2539358543,0.499205958,0,0.839318257,1.539533292
824189,134,0,0.213743302,0.5159444912,0,0.6510078433,1.253587723
824190,117,0,0.2067819815,0.4547823715,0,0.7979118784,1.37178798
824190,158,0,0.214394639,0.4426244366,0,0.7640603787,1.466607124
824191,117,0.2699898265,0.4943551549,0.7214847415,0.2741223168,0.9288049184,1.502630164
824191,158,0.1659233151,0.3575384344,0.6000410792,0.1659233151,1.051979747,1.721821187
824192,117,0,0.2060261294,0.4457133458,0,0.7583731147,1.312310996
824192,140,0,0.1926748663,0.4440491842,0,0.3939026936,0.7344294733
824193,117,0,0.2452713602,0.6090950724,0,0.9140790981,1.697744339
824193,140,0,0.1691030114,0.3896611891,0,0.6812601798,1.107512093
824194,117,0,0.2003520155,0.4227532048,0,0.4394179784,0.8363773456
824194,140,0,0.322968794,0.644531776,0,0.4197400555,0.7927882151
824195,117,0.2836113346,0.5052040789,0.7951310862,0.3857810499,1.535043514,2.255832958
824195,136,0.1431062215,0.3981479889,0.6792100852,0.1944437378,1.512303516,2.439875846
824196,117,0,0.2481274307,0.5832360563,0,0.90078905,1.673729529
824196,136,0,0.2296101227,0.4927685877,0,0.6944806328,1.266763863
824197,117,0,0.2080495804,0.4444872261,0,1.66131648,2.89200065
824197,136,0,0.3646832406,0.7311848644,0,0.7033105031,1.234790428
824198,117,0,0.1731591918,0.4153076149,0,0.9248422955,1.701559489
824198,119,0,0.2248663897,0.4585562154,0,0.9624715563,1.303869188
824199,117,0,0.2189388554,0.5147792895,0,0.4793044431,0.9099076277
824199,136,0,0.2063021196,0.5041632738,0,0.7299110146,1.278064519
824200,117,0,0.2285274426,0.4838754305,0,0.55714936,1.003212111
824200,119,0,0.1670065588,0.3801841327,0,0.3356655293,0.5851720116
824201,117,0,0.226264991,0.4235764089,0,1.087110984,1.592543157
824201,119,0,0.407723988,0.9261726074,0,0.8854401652,1.527909744
824202,117,0,0.2705302151,0.4846241558,0,0.4343940323,0.803532767
824202,147,0,0.1953043457,0.4820525677,0,0.6460486128,1.082353474
824203,117,0,0.2342189153,0.4972830543,0,1.866698353,3.043244779
824203,147,0,0.33527282,0.5240770457,0,0.7855679853,1.349262058
824204,117,0,0.2878218889,0.73976448,0,1.067262256,2.007721408
824204,147,0,0.2706520539,0.6079480972,0,0.8675097889,1.493210241
824205,117,0.3059434277,0.572421134,0.8419482916,0.3897783024,1.804419156,2.2652764
824205,138,0.2220434495,0.5861138397,0.9467973685,0.6286937233,1.572796366,2.388068724
824206,117,0,0.2325844451,0.5954026363,0,0.7729811561,1.453369098
824206,138,0,0.2606775723,0.5450756759,0,0.9210676366,1.779246601
824207,117,0,0.3859180837,0.8934665365,0,1.581709537,2.627381119
824207,138,0,0.1817098867,0.417600385,0,0.5277880896,0.9918957568
824208,115,0,0.3375056573,0.6894305064,0,1.016233949,1.879763869
824208,117,0,0.1933227984,0.4591975548,0,0.939764102,1.768843807
824209,115,0,0.1578432068,0.3715694836,0,1.287014515,2.138896157
824209,117,0,0.2607456,0.6009460484,0,0.884479095,1.609800856
824210,115,0,0.2272941628,0.4684812391,0,0.9151804495,1.576707892
824210,117,0,0.1808202194,0.387286881,0,0.7575102384,1.342827886
824211,111,0,0.3494343844,0.6183829284,0,0.7929590039,1.34150551
824211,117,0,0.3907406783,0.7426148084,0,1.153469952,1.642572298
824212,111,0,0.2035204773,0.4950739081,0,0.8417743914,1.518703764
824212,117,0,0.1920303597,0.3813778028,0,0.3492388781,0.6617158236
824213,108,0,0.2620522805,0.5954931816,0,0.9107358704,1.672907563
824213,117,0,0.2019151961,0.4344801898,0,1.000519224,1.86092789
824214,111,0,0.1837541067,0.4367663844,0,0.4033348622,0.7497836124
824214,117,0,0.2568354034,0.5134890202,0,0.7874655522,1.455584488
824215,108,0,0.3007774879,0.6673090092,0,1.056060041,1.953778628
824215,117,0,0.2442239163,0.6005405306,0,0.7186285832,1.370571605
824216,108,0,0.261505528,0.5078785102,0,0.6128935372,1.131402038
824216,117,0,0.2383999603,0.5096662569,0,0.7562466233,1.39340949
824218,108,0,0.175384396,0.4104225169,0,0.7177461542,1.267722525
824218,117,0,0.2815237117,0.6379306775,0,0.7306844686,1.310700018
824226,116,0,0.2928042003,0.6974743266,0,0.5325191054,0.9912632738
824226,142,0,0.2123475528,0.4207936908,0,0.8676400539,1.487110787
824228,116,0,0.2290809288,0.634837154,0,1.042130819,1.803955773
824228,142,0,0.2286336944,0.5271787506,0,0.5972959309,1.011888855
824229,116,0,0.3167103874,0.728752037,0,0.9537592262,1.735654214
824229,142,0,0.3765986566,0.6410477998,0,0.8409538959,1.364822378
824230,116,0,0.1818845208,0.4239644326,0,0.6177448993,1.130856938
824230,119,0,0.1912532174,0.4651035362,0,0.9986351575,1.84960619
824231,116,0,0.2950021557,0.6604521017,0,0.9365732584,1.732492135
824231,119,0,0.1803817356,0.4134429551,0,0.6048731389,1.058708161
824232,116,0,0.1960504834,0.4632963939,0,0.8163593689,1.398372269
824232,119,0,0.2536388197,0.47652674,0,0.4917426619,0.8783062319
824233,116,0,0.1681955856,0.3763761858,0,0.8221769452,1.465582817
824233,139,0,0.2626588137,0.6121343453,0,0.9448658468,1.492610112
824234,116,0,0.2606757101,0.6089113967,0,0.5707156713,1.012202025
824234,139,0,0.2073455841,0.4207332198,0,0.3842003675,0.7049104775
824235,116,0,0.3324095325,0.6593085832,0,0.7017615907,1.215097608
824235,139,0,0.1915233797,0.4120717206,0,0.5913319238,1.068484484
824236,116,0,0.2302669913,0.5076666001,0,0.8400804708,1.543513773
824236,145,0,0.2341543748,0.6025002921,0,0.8529723886,1.536464278
824237,116,0,0.6058054898,1.003557057,0,0.8830720151,1.518116346
824237,145,0,0.3951550298,0.7844147772,0,0.6022369606,0.9623862141
824238,114,0,0.2491500757,0.4493322418,0,0.9376450184,1.700976543
824238,116,0,0.2178973533,0.4631932508,0,0.332532734,0.6455731191
824239,116,0,0.5299162943,1.28177913,0,1.019455016,1.843867312
824239,145,0,0.2794224575,0.5647399192,0,0.533305967,0.959342205
824240,114,0,0.1873847526,0.4410213376,0,0.4937451082,0.9256439483
824240,116,0,0.2453549135,0.6027885988,0,1.289867674,2.145556022
824241,114,0,0.2296973044,0.4663026292,0,0.6355726043,1.164380975
824241,116,0,0.3150518523,0.750655804,0,0.8187771076,1.467311894
824242,110,0.7020747578,1.012861979,1.22131022,1.177467178,1.769479237,2.188572228
824242,116,0.5943313973,0.8153862957,1.095058723,0.6931025175,1.525513276,2.225939166
824243,110,0,0.255925935,0.6012939777,0,0.9301202049,1.672675232
824243,116,0,0.2068217118,0.4586901592,0,0.5239368272,0.9038325975
824244,116,0,0.288207932,0.6450882018,0,0.5520073587,0.9959336454
824244,118,0,0.2194556842,0.5252084818,0,0.676259674,1.166901629
824245,110,0,0.2127027684,0.4647152062,0,1.275432814,2.028858091
824245,116,0,0.5126356511,0.9441058946,0,0.9958685029,1.838606627
824246,116,0,0.2241361582,0.4894333744,0,0.6454789373,1.212662337
824246,118,0,0.3056008171,0.5556926916,0,1.318439588,2.329809995
824247,116,0,0.335148173,0.9177168347,0,1.056931637,1.818992446
824247,118,0,0.2239398751,0.4555830685,0,0.599242959,1.013347284
824248,116,0,0.3310442816,0.6679002972,0,0.4855499006,0.9101558508
824248,118,0,0.2684184218,0.6683265876,0,0.618227447,1.145224267
824249,116,0,0.2925748678,0.7130059204,0,0.8547487349,1.484456592
824249,143,0,0.2677442987,0.4940230564,0,0.4994461976,0.9062308186
824250,116,0,0.1876794921,0.3996552515,0,0.6782895561,1.162985229
824250,143,0,0.2470469854,0.4566082038,0,0.7203554764,1.106902675
824251,116,0,0.1814884428,0.3748115051,0,0.4758745389,0.8480894664
824251,133,0,0.1750481231,0.4002728016,0,0.5547790896,0.9592182357
824252,116,0,0.3406226579,0.6492031958,0,0.6293640706,1.15486082
824252,143,0,0.2478548111,0.4694817954,0,0.6248975318,1.104670743
824253,116,0,0.2830622048,0.6946879391,0,0.8521970982,1.33166214
824253,133,0,0.2327788554,0.5462242417,0,1.150865039,1.88560561
824254,116,0,0.2450199574,0.5121628478,0,0.5113211322,0.9309968265
824254,133,0,0.2998243307,0.7274577683,0,1.393301476,2.186940593
824255,116,0,0.1808814816,0.4132868061,0,0.5888371323,1.066838026
824255,117,0,0.2843126912,0.5240864198,0,0.8628201598,1.559699398
824256,116,0.2939299073,0.4969329333,0.7389862812,0.4866650434,1.334151853,1.885772312
824256,117,0.3086347393,0.5466572105,0.7140463466,0.5270236741,1.23662978,1.728595753
824257,116,0,0.1711659083,0.3740790252,0,0.5726626151,1.025993489
824257,117,0,0.2091288873,0.4872363944,0,0.5732620385,0.9629758323
824258,116,0,0.1871645441,0.4100641805,0,0.4003004151,0.7400227894
824258,117,0,0.2860899854,0.560499975,0,0.4846437387,0.8266636353
824259,116,0,0.237778065,0.5605570901,0,0.6347621083,1.102329479
824259,147,0,0.2451686689,0.450895847,0,0.8271245235,1.489554726
824260,116,0.2349413424,0.4343740254,0.6714904521,0.235687415,0.5693353011,0.8732686366
824260,145,0.3943903219,0.5935540713,0.8455875631,0.585288672,0.9831449579,1.305904869
824261,116,0,0.2279512478,0.5019623673,0,0.5128830713,0.9227739788
824261,147,0,0.216435957,0.4468304648,0,0.5780318036,1.027098303
824262,116,0,0.2308707007,0.5274347435,0,0.6459812934,1.128273659
824262,147,0,0.1754698764,0.4048571053,0,0.7312382539,1.309827216
824263,116,0,0.1849889436,0.39526596,0,0.3390269061,0.6599049452
824263,145,0,0.1834957756,0.388024484,0,0.706807692,1.176396423
824264,116,0,0.2152106288,0.469685619,0,1.148680542,1.863670094
824264,145,0,0.2606775828,0.5350905537,0,0.6095651509,1.035276858
824265,116,0,0.2098078265,0.4284400333,0,0.614394654,1.019663074
824265,142,0,0.1807622229,0.4269386441,0,0.7103353937,1.162587921
824266,116,0,0.4323759617,0.8043105912,0,0.9203232758,1.595356477
824266,142,0,0.1909931468,0.4291803916,0,0.8175678316,1.464919342
824267,116,0,0.2044850665,0.454298337,0,0.8318000064,1.449396114
824267,142,0,0.2520900214,0.5018618877,0,0.8377834652,1.499234287
824268,116,0,0.1807850714,0.3958801645,0,1.00027593,1.747823659
824268,136,0,0.3137083191,0.6458298299,0,0.8024063476,1.442293473
824269,116,0,0.2164505153,0.4803870247,0,0.6803789538,1.207457593
824269,136,0,0.2356038605,0.5168618412,0,0.7642237843,1.263268883
824270,108,0,0.3476360103,0.706464436,0,0.8333452194,1.540759809
824270,116,0,0.2512927324,0.5881961693,0,0.5142977342,0.9240396327
824271,116,0,0.2855014445,0.5437149537,0,0.7408851364,1.291238398
824271,136,0,0.3333543483,0.7397151923,0,0.7260377049,1.264459421
824272,108,0,0.3500511373,0.7434308029,0,0.7909270378,1.338708605
824272,116,0,0.2556934505,0.5760982385,0,0.9915696243,1.592247214
824273,114,0.2314228966,0.4118205735,0.597638794,0.2402331392,0.9531867449,1.38280401
824273,116,0.2036540123,0.4385377695,0.6499253736,0.2856876307,1.200573148,1.886049039
824274,114,0,0.2789128593,0.7346779627,0,0.9807529631,1.804934758
824274,116,0,0.3227934817,0.7033989448,0,0.8525931031,1.4848537
824275,108,0,0.3055903337,0.6980005581,0,0.7278005794,1.30976664
824275,116,0,0.2280694689,0.5944045803,0,0.7874556554,1.475244834
824276,114,0,0.194113371,0.4501578579,0,0.841004461,1.526003073
824276,116,0,0.2531688328,0.639045568,0,0.6971103341,1.236674831
824277,114,0,0.1633083198,0.3520417189,0,0.7107000331,1.276934664
824277,116,0,0.1695127873,0.3806618033,0,1.082665411,1.874468553
824278,116,0.2123141088,0.4914616833,0.8207342417,0.2172237197,0.681746261,1.074253131
824278,141,0.2653006417,0.4771670663,0.6694181312,0.2653006417,0.6164523388,0.9346748987
824279,116,0,0.2341544825,0.5297686941,0,0.5848767787,0.9986743057
824279,141,0,0.3016975921,0.5517051116,0,0.9173929558,1.383154172
824280,116,0,0.2587389936,0.5377508281,0,0.5617519896,1.038016517
824280,141,0,0.2025757992,0.435716346,0,0.6593278555,1.205619978
824281,111,0,0.2063389865,0.4948747619,0,0.6757131306,1.167728311
824281,116,0,0.3284991061,0.5821089635,0,0.5281819038,0.9629466723
824282,111,0,0.1962110122,0.4406237968,0,0.7730085444,1.42556145
824282,116,0,0.2752818959,0.5564726958,0,1.239506868,2.339959017
824283,111,0,0.2663863079,0.5373632208,0,0.7930532949,1.292685442
824283,116,0,0.2797565829,0.5407769452,0,0.8678447793,1.459589744
824284,116,0,0.1927540375,0.4037044902,0,0.6911201154,1.12990752
824284,140,0,0.2296679716,0.4737513804,0,0.7351827146,1.304625667
824285,116,0,0.2516979531,0.5673358153,0,0.5407215579,0.9974250213
824285,140,0,0.3621432585,0.5496983527,0,0.4798634773,0.836083522
824286,116,0,0.2080098687,0.4423422893,0,0.7284679152,1.217163872
824286,158,0,0.2564245431,0.6296162587,0,0.7720955585,1.322080293
824287,116,0,0.373928413,0.723816333,0,1.187612691,2.003761399
824287,140,0,0.2321700303,0.5877019969,0,0.9167219822,1.759831806
824288,116,0,0.1831790938,0.3847465489,0,1.014103962,1.761850278
824288,158,0,0.1929766503,0.4021025468,0,0.7489932004,1.334954592
824289,116,0,0.1740631423,0.3872391389,0,0.7533530691,1.361247576
824289,118,0,0.2224916565,0.5780420126,0,0.8487470752,1.511551602
824290,116,0,0.2111400714,0.5176222103,0,1.202234761,1.997422039
824290,158,0,0.2984381319,0.5663125308,0,0.9893222417,1.671151662
824291,116,0,0.2034932006,0.4003380853,0,0.5397416665,1.003718968
824291,118,0,0.2607471469,0.5362245796,0,0.6858637064,1.218421999
824292,116,0,0.3160982378,0.8031248078,0,1.38387516,2.258155648
824292,118,0,0.1955322664,0.4962087081,0,0.8205173548,1.391350439
824293,116,0,0.210483707,0.4432155436,0,0.4979623306,0.9011591919
824293,146,0,0.2291765932,0.4084362068,0,0.6513688749,1.184111206
824294,116,0,0.2001548279,0.4382051348,0,0.7495273245,1.314976139
824294,146,0,0.3059660888,0.5478697125,0,0.7737759013,1.320530733
824295,116,0,0.3162855153,0.8180569577,0,1.045621331,1.900735262
824295,138,0,0.4350907481,0.9372347313,0,0.9040319253,1.592471264
824296,116,0,0.234702295,0.5004542369,0,1.105124806,1.796715554
824296,138,0,0.4103076846,0.8057011647,0,1.038819609,1.858872775
824297,116,0,0.2144096301,0.4868228358,0,0.6065875759,1.080557009
824297,146,0,0.2635387229,0.5838553417,0,0.9322376998,1.663169515
824299,116,0,0.2130959321,0.4539564521,0,0.6696402744,1.168929461
824299,138,0,0.2545474323,0.4380779209,0,0.9054351517,1.397127395
824309,115,0,0.2226589508,0.4729352673,0,0.8593758783,1.529695108
824309,138,0,0.1761378889,0.3739981004,0,0.5761718938,0.8986082291
824310,115,0,0.278165761,0.6555583242,0,0.7478396252,1.284411529
824310,138,0,0.2510246907,0.4728852709,0,1.109187862,1.726554051
824311,115,0,0.3991567407,0.9676943284,0,1.12107566,1.979271864
824311,138,0,0.2372792555,0.5614812573,0,0.896644327,1.568182049
824312,110,0.698304952,0.897803407,1.132555646,1.149066781,1.543430706,1.884441984
824312,115,0.4594369834,0.6642414668,0.9096344006,0.5175067806,1.188877378,1.645296732
824313,110,0,0.3117068997,0.6620160657,0,0.7927776777,1.493642751
824313,115,0,0.2085457432,0.4636407374,0,0.8663203528,1.262354511
824314,110,0,0.1662228238,0.3574510016,0,0.6266730131,1.145428911
824314,115,0,0.2002128473,0.4211372805,0,1.144061669,1.819250158
824315,114,0,0.2532763727,0.5356179543,0,0.8537292992,1.525372142
824315,115,0,0.2186312118,0.5646655137,0,0.7675437344,1.381010758
824316,114,0,0.2355612798,0.6179512456,0,0.7863885208,1.345597986
824316,115,0,0.2153639204,0.4611175888,0,0.4905507244,0.9083755985
824317,114,0,0.2873257558,0.6040366403,0,0.7329901147,1.280837741
824317,115,0,0.2324494491,0.499136154,0,0.803002869,1.337031473
824318,115,0.2649459783,0.4582522265,0.6981716838,0.3546466305,0.7854904484,1.138988017
824318,119,0.226044864,0.4782953536,0.8087151361,0.2351118096,0.9353337762,1.417020063
824319,115,0,0.2440860579,0.5771353853,0,0.7365056017,1.220083333
824319,119,0,0.2325133225,0.54360534,0,0.6109749615,1.099332795
824320,115,0,0.2180762738,0.482981589,0,0.7825015561,1.353954678
824320,119,0,0.2344368505,0.4824641929,0,1.372873873,2.289288145
824321,115,0.5190166288,0.7369976224,1.025088862,0.7307870743,1.840253726,2.605685388
824321,139,0.4472356088,0.7022951364,1.021279294,0.5330030173,1.376288974,1.951378491
824322,115,0,0.2946826535,0.7656622476,0,0.8460317468,1.508445302
824322,139,0,0.3928600835,0.7248755458,0,0.5937981731,1.053700208
824323,115,0,0.1890662585,0.4323774409,0,0.4435229754,0.8324580675
824323,118,0,0.4129556223,0.7227185789,0,0.7235242992,1.353116722
824324,115,0,0.2306691129,0.5695437843,0,1.011267031,1.684068723
824324,139,0,0.1999833605,0.411391935,0,0.649483704,1.145136013
824325,115,0,0.179404602,0.3906856157,0,0.4568358758,0.75325512
824325,118,0,0.206629336,0.4101629416,0,0.4479161205,0.8361888295
824326,115,0,0.2505994773,0.6215855844,0,0.6618440634,1.249641766
824326,118,0,0.2259548918,0.4565652796,0,1.143122648,1.941030617
824327,115,0,0.2074961289,0.4892996893,0,0.7381325299,1.264014187
824327,120,0,0.3018510935,0.5117091419,0,0.523041959,1.018784736
824328,115,0,0.2394454084,0.5688290956,0,0.6330962483,1.13827935
824328,120,0,0.2263560162,0.5094234107,0,0.7889073678,1.413989934
824329,115,0,0.236147996,0.5175734815,0,0.6645934286,1.154816606
824329,120,0,0.3972586659,0.7852226484,0,0.8275803172,1.424784282
824330,113,0,0.2281196334,0.4483500744,0,0.4967926746,0.8625702572
824330,115,0,0.3153048594,0.7312247513,0,0.8831069635,1.485266327
824331,113,0,0.224895207,0.4734051265,0,0.5173845098,0.8794447962
824331,115,0,0.1776523236,0.363157285,0,0.4691791055,0.7876008305
824332,113,0,0.2208400342,0.4831782934,0,0.3944124563,0.7148671044
824332,115,0,0.5002482538,1.093840482,0,0.7606331683,1.353361919
824333,115,0,0.1635625843,0.3500455252,0,0.6960519913,1.238497246
824333,137,0,0.2262826214,0.5056725929,0,0.5782565967,1.084329107
824334,115,0,0.4957163491,1.272913358,0,1.17307091,2.066685248
824334,137,0,0.2212735194,0.4901887379,0,0.4038217466,0.7568723798
824335,115,0,0.3703219959,0.7818886726,0,0.7052271585,1.296245967
824335,146,0,0.2231395724,0.483123825,0,0.7776442276,1.218259732
824336,115,0,0.3043755761,0.5968588919,0,0.4358803921,0.8095799041
824336,137,0,0.3079482734,0.7977484179,0,1.087648451,2.021666957
824337,115,0,0.1738642762,0.3927052258,0,0.9176587288,1.601865314
824337,146,0,0.21046019,0.5106430832,0,0.4793046288,0.8687615641
824338,115,0,0.1728690827,0.3601317302,0,0.4934141269,0.9223317118
824338,146,0,0.219203432,0.4674039636,0,1.090883311,1.918554016
824339,115,0,0.193109849,0.4703321,0,1.250877508,2.220119218
824339,146,0,0.2049137906,0.4633395893,0,0.9704361404,1.686965776
824340,111,0,0.2095620225,0.4404884518,0,0.4406031764,0.793905167
824340,115,0,0.2579686329,0.6238850814,0,0.8448111773,1.45403003
824341,111,0,0.2078267441,0.4692010278,0,0.6426988704,1.129278033
824341,115,0,0.1919233609,0.4222761152,0,0.4899747253,0.8701691485
824342,115,0,0.1860180377,0.4241903928,0,0.6547023254,1.163642383
824342,134,0,0.3879821203,0.6208095593,0,0.5214023832,0.9550047872
824343,115,0,0.2089423676,0.5039497892,0,0.6328056255,1.091125969
824343,134,0,0.3471771981,0.9082651233,0,1.269225517,2.191313104
824344,111,0,0.1710823416,0.3843297132,0,0.332015643,0.5953410409
824344,115,0,0.224737677,0.4952159828,0,0.769413306,1.287658424
824345,115,0,0.2024619373,0.4420343899,0,1.248501997,1.783071169
824345,134,0,0.3016514824,0.7910004482,0,0.9433162097,1.437777587
824346,112,0,0.2111326749,0.456575573,0,0.836416392,1.234849069
824346,115,0,0.2074706643,0.4402947399,0,0.7145336316,1.277421298
824347,112,0,0.2568636659,0.5965417304,0,0.6543355239,1.067671427
824347,115,0,0.2297059045,0.5106271763,0,1.187173177,1.999821628
824348,112,0,0.2177253048,0.4285790881,0,0.537363192,0.9575744354
824348,115,0,0.1749092795,0.4037517818,0,0.7062516047,1.213169741
824349,115,0,0.4572769777,0.7999691893,0,1.405444737,2.251982542
824349,158,0,0.2936940184,0.578967356,0,0.6441199521,1.171386088
824350,115,0.3759824396,0.6250659205,1.058026909,1.136306767,2.079891282,2.839634398
824350,158,0.331867203,0.5487436959,0.8562972138,0.8396598515,2.208404572,3.123197595
824351,115,0,0.2683986363,0.5540288966,0,0.8551374152,1.52506962
824351,158,0,0.1712439797,0.3667349726,0,1.348611995,2.013808838
824352,115,0,0.4172284857,0.9226093637,0,0.9014515673,1.545403316
824352,137,0,0.195885757,0.4714694611,0,0.7482181535,1.339777178
824353,115,0,0.2305746481,0.4922053408,0,0.7294058385,1.2281271
824353,137,0,0.2874486919,0.530982588,0,0.5872203648,1.127126268
824354,115,0,0.2472122501,0.6113049388,0,0.972766331,1.707422205
824354,137,0,0.2665264309,0.626841015,0,1.300961846,2.206259444
824355,115,0,0.2200277692,0.5126639361,0,1.513650393,2.180354837
824355,140,0,0.1779731339,0.414094347,0,0.9182426993,1.61144377
824356,115,0,0.2437605691,0.5828376754,0,1.0059735,1.626943973
824356,140,0,0.3321297725,0.7793553221,0,0.8724187367,1.271944672
824357,115,0,0.2658641927,0.5747422031,0,1.069616888,2.015144312
824357,140,0,0.1743987964,0.4321086941,0,0.6776738978,1.221757262
824358,109,0,0.1796475585,0.3894484391,0,0.8678312858,1.479363666
824358,115,0,0.1821508859,0.3812460567,0,0.5218471525,0.9334360498
824359,109,0,0.3165828041,0.7762311646,0,1.020147015,1.913088991
824359,115,0,0.2463631106,0.5401122804,0,0.6574786485,1.239649167
824360,109,0,0.3673804365,0.7107216211,0,0.5990857664,0.8869327448
824360,115,0,0.1932996885,0.4629124651,0,0.7748610641,1.374147483
824361,115,0,0.2158373955,0.4789769521,0,0.6210579139,1.086037378
824361,121,0,0.2121472388,0.4338570288,0,0.5805637968,1.055660875
824362,115,0,0.2143624031,0.5909203287,0,1.011015102,1.619452546
824362,121,0,0.234868783,0.4726169766,0,1.246033853,2.093930707
824363,115,0,0.2081313211,0.4049096838,0,0.7108105664,1.118291427
824363,121,0,0.2263281945,0.4835460298,0,0.356050488,0.6707944717
824364,115,0,0.3559159713,0.6044664353,0,1.150753289,1.927408021
824364,144,0,0.2511975325,0.5976369329,0,1.624741656,2.649207504
824365,115,0,0.2095325819,0.5196531325,0,0.8253912598,1.442350205
824365,144,0,0.2436437863,0.4489029288,0,0.7277676807,1.247067262
824366,115,0,0.2211587891,0.4741742937,0,0.9745428359,1.693640455
824366,144,0,0.3154649069,0.7886206393,0,0.7896700213,1.397375399
824367,115,0,0.3031804403,0.7063626251,0,0.6622278616,1.092356883
824367,135,0,0.3768193428,0.6649127514,0,1.002000547,1.853704112
824368,115,0,0.1721980817,0.4296884105,0,1.052810048,1.618353037
824368,135,0,0.1885189414,0.4450973152,0,0.8133807321,1.450333192
824369,115,0,0.2319025283,0.4723680365,0,1.301227979,2.00273449
824369,135,0,0.1859188448,0.4247641843,0,0.439637246,0.8126783713
824370,115,0,0.2376872354,0.5552365546,0,0.9410199948,1.783112977
824370,119,0,0.3992038669,0.6893912138,0,0.8860040848,1.504303619
824371,115,0,0.2038607476,0.4233329114,0,0.9633579955,1.674222326
824371,119,0,0.4204740223,0.7902370922,0,1.242377816,2.046977642
824372,115,0,0.2655995131,0.5920776311,0,0.6009835448,1.07533078
824372,119,0,0.226555343,0.5048811233,0,0.6198821468,1.054544274
824373,115,0,0.3080401579,0.6753176744,0,1.092340336,1.918687898
824373,119,0,0.1807092074,0.4142565105,0,0.65909112,1.220747363
824374,115,0,0.27133742,0.6507718989,0,0.9094249063,1.697782775
824374,117,0,0.2871830683,0.6617725827,0,1.140364193,1.844515844
824375,115,0,0.2657810568,0.6327897128,0,0.6821084747,1.145680485
824375,117,0,0.2787291498,0.6006245381,0,0.9474598603,1.489894461
824376,115,0,0.2173229062,0.5483385503,0,0.736031369,1.294763141
824376,117,0,0.2021058903,0.4237345881,0,0.9236259833,1.476066537
824377,115,0,0.2851417749,0.8054313021,0,1.126318431,2.02133288
824377,143,0,0.3824666687,0.7622930068,0,0.6968391818,1.231178051
824378,115,0,0.24453332,0.6331172987,0,0.8938389192,1.609947345
824378,143,0,0.2135085818,0.5237712492,0,0.7706330255,1.327036978
824379,115,0,0.2755617151,0.5873687843,0,0.6066163536,1.050040431
824379,143,0,0.1641431881,0.3942392782,0,0.604800721,0.9744066762
824385,114,0.1537352064,0.3596733508,0.6426190681,0.1688467824,1.097911624,1.703974486
824385,116,0.1315992,0.3707495742,0.6508773187,0.132402,0.9387700202,1.473109637
824387,114,0.17165352,0.3709968052,0.5786375357,0.1902817056,1.166655009,1.737533888
824387,116,0.186134376,0.3610971532,0.5769952025,0.22170696,1.289711763,1.866355456
824388,114,0,0.2205671888,0.4858245746,0,1.304945544,2.178547496
824388,141,0,0.343707467,0.8220149589,0,0.9986061129,1.909349193
824389,114,0,0.1932656837,0.4315272751,0,0.9204545127,1.70645151
824389,116,0,0.2447439459,0.4908165381,0,0.6015053597,1.09821746
824390,114,0,0.2290068466,0.5005173258,0,0.9599157687,1.493458994
824390,141,0,0.264204509,0.5411070796,0,0.7635133392,1.277121827
824391,114,0,0.1857580566,0.3988142007,0,0.6467352897,1.156576661
824391,141,0,0.2126189434,0.4180045361,0,0.7454724211,1.306253852
824392,114,0,0.2111413422,0.4583820883,0,0.6437137606,1.079122052
824392,118,0,0.2895944032,0.653000053,0,0.8535557037,1.548340472
824393,114,0,0.1903916056,0.4106728028,0,0.8024118871,1.420235142
824393,118,0,0.1736179756,0.3923879708,0,1.380357526,2.241720003
824394,114,0,0.2202725537,0.4923250462,0,0.5105674661,0.9114266957
824394,137,0,0.2078643858,0.4711198546,0,0.4639477653,0.7893833733
824395,114,0,0.1995457077,0.4704863009,0,0.6209085289,1.143531762
824395,137,0,0.2869028159,0.6012184138,0,0.8967092457,1.601031034
824396,114,0,0.2398822182,0.5511580698,0,0.7016390679,1.119340681
824396,118,0,0.2900050057,0.6440879859,0,0.6869768968,1.154603493
824397,114,0,0.1743453919,0.3802276801,0,1.061024843,1.677321507
824397,135,0,0.2362207523,0.5354991242,0,0.5086402729,0.9374545988
824398,114,0,0.214131823,0.4706248222,0,0.9449158103,1.719006751
824398,137,0,0.2450453313,0.5741620925,0,1.375687114,2.286481724
824399,114,0,0.2938397316,0.7200187059,0,0.9978582802,1.767060526
824399,135,0,0.3597338754,0.690727782,0,0.7844225293,1.392907167
824400,114,0,0.2792974612,0.6971105521,0,0.6851520251,1.239911908
824400,135,0,0.3170958568,0.5943901189,0,0.7065697038,1.271727364
824401,114,0,0.1908860143,0.4233748901,0,1.338682141,2.428830838
824401,121,0,0.183788847,0.463765902,0,0.8473232506,1.453020501
824402,114,0.2690688476,0.4643457901,0.6549970856,0.3048922656,1.077061574,1.610671306
824402,121,0.2520816999,0.507893226,0.7669514532,0.550856112,1.957293032,2.857497723
824403,114,0,0.2317980998,0.5303455631,0,0.7261603562,1.213172575
824403,121,0,0.2716757413,0.6496014172,0,1.105821677,1.90419931
824404,109,0,0.2307162448,0.4451400092,0,1.235305375,1.992104871
824404,114,0,0.20068787,0.4415230257,0,1.158152782,2.024912441
824405,109,0,0.5472303975,0.8227256594,0,0.8606302931,1.574892215
824405,114,0,0.2314199728,0.5275309773,0,1.059459619,1.734758792
824406,114,0.7333613773,0.9648036871,1.197221355,1.508667158,2.264738573,2.838812139
824406,142,1.059213261,1.306668714,1.625700407,1.530584206,2.238506012,2.791580424
824407,109,0,0.2002720019,0.4546246005,0,0.6013597936,1.038742912
824407,114,0,0.2640572288,0.5270214706,0,0.727217698,1.227519817
824408,114,0,0.1785795868,0.3918881402,0,0.9945933008,1.765638749
824408,142,0,0.1661593288,0.3576660949,0,0.590176217,1.106975342
824409,114,0,0.1815343578,0.3743231318,0,0.4065656845,0.7836868042
824409,142,0,0.2408049732,0.5284898077,0,0.8008349274,1.364745283
824410,114,0,0.2056845541,0.457344996,0,0.6343442588,1.191151976
824410,142,0,0.3743072359,0.6866920311,0,0.7312571881,1.323829436
824411,114,0,0.2427163647,0.585609382,0,0.6404589125,1.19692986
824411,134,0,0.2220673613,0.4210947665,0,0.7210306646,1.288884108
824412,114,0,0.1777766767,0.4592289984,0,0.8614201312,1.544942384
824412,134,0,0.1920104338,0.4267285124,0,0.7531599146,1.321296313
824413,114,0,0.2139623863,0.4897609291,0,0.9135363403,1.656929487
824413,145,0,0.3574579953,0.6709503869,0,0.8414322655,1.428827029
824414,114,0,0.246639473,0.5151693306,0,0.4903496014,0.8337168831
824414,134,0,0.1799059855,0.3830394863,0,0.6462971648,1.062610738
824415,114,0,0.2403709353,0.5652342679,0,0.9271703306,1.601574769
824415,145,0,0.3605347348,0.8147685264,0,0.8590175868,1.448124837
824416,114,0,0.2868415593,0.5757835429,0,0.6375330394,1.157729727
824416,145,0,0.2528900665,0.6365252776,0,1.397737441,2.497865327
824417,114,0.2925844036,0.5203532115,0.8100845764,0.2968717461,1.228947359,2.020555441
824417,145,0.3111043389,0.4835719479,0.6892877685,0.4413349859,1.253138064,1.911013894
824418,114,0,0.2839913521,0.5800295452,0,0.4058766469,0.7601981881
824418,140,0,0.2335727252,0.498515295,0,0.4309679814,0.7960539347
824419,114,0,0.2446146952,0.5732391054,0,1.684151137,2.766829596
824419,140,0,0.2669598535,0.5557612205,0,1.047393045,1.820791299
824420,114,0,0.1912527161,0.434394597,0,0.6072300889,1.042046452
824420,140,0,0.2508542224,0.5049857274,0,0.5727553866,1.04923169
824421,114,0,0.1906819558,0.4174364701,0,0.5166436721,0.9290526232
824421,136,0,0.1609681875,0.3667697787,0,0.7214483695,1.150204409
824422,114,0,0.2166136851,0.4440152413,0,1.042981391,1.556098987
824422,136,0,0.2015758286,0.511582906,0,1.379362843,2.4881995
824423,114,0,0.1699409299,0.400400916,0,0.9296280672,1.564396316
824423,136,0,0.2216995493,0.472370402,0,0.5869656313,1.031065946
824424,114,0,0.4956320509,1.193828566,0,1.082808815,1.75870561
824424,116,0,0.289107583,0.7020956465,0,0.7561904791,1.390668313
824425,114,0,0.2694218282,0.6641405332,0,0.7039392646,1.186373806
824425,116,0,0.1761246173,0.3989151706,0,0.5283783062,0.8998481532
824426,114,0,0.2998011909,0.5776930361,0,0.6727322494,1.189054847
824426,116,0,0.2043960507,0.4533175696,0,0.7120737137,1.250212262
824427,114,0.2559921035,0.5389510162,0.8737768202,0.4306887836,1.228859495,1.884504986
824427,147,0.5749938895,0.7460778232,0.973623302,0.8849568365,1.756267136,2.462163001
824428,114,0,0.1710724044,0.4123486158,0,0.9056431336,1.565157542
824428,147,0,0.2378776639,0.4859453566,0,0.7526046208,1.227799486
824429,114,0,0.2054060299,0.4943284887,0,0.683898063,1.165158661
824429,147,0,0.1827501848,0.378223626,0,1.00562163,1.708855908
824430,111,0,0.1942913475,0.4455991207,0,1.35845555,2.444722504
824430,114,0,0.2172510368,0.4864032778,0,1.841317858,2.885782395
824431,111,0,0.1789074041,0.3952435386,0,0.8356926196,1.434184561
824431,114,0,0.2610587469,0.6591134304,0,1.011495093,1.8994317
824432,114,0,0.2965895051,0.7286534598,0,0.7198462115,1.253547976
824432,120,0,0.2610906024,0.5041316877,0,0.7901477247,1.281011495
824433,111,0,0.1901619116,0.4245671415,0,0.5924860533,1.093343647
824433,114,0,0.2703276162,0.5432869849,0,0.4418437461,0.7898501823
824434,114,0,0.2125520371,0.505632348,0,0.8882617094,1.625509762
824434,120,0,0.3270091081,0.7528238914,0,0.6400414952,1.176743483
824435,113,0,0.3589575276,0.8732721194,0,0.947778661,1.689502782
824435,114,0,0.1574099316,0.3321350351,0,1.501119374,2.469719586
824436,113,0,0.2314964878,0.5187141879,0,0.5949339806,1.043565023
824436,114,0,0.2259918408,0.462423413,0,0.484593447,0.9365721106
824437,114,0,0.2928738334,0.67954614,0,0.90979518,1.638129821
824437,120,0,0.2140474743,0.4420745525,0,0.6991041532,1.173272827
824438,108,0,0.2921019657,0.5314040054,0,0.6939520035,1.176201433
824438,114,0,0.3054472049,0.7881787652,0,1.018960523,1.741272326
824439,113,0,0.1888107096,0.4433110917,0,1.467435933,2.639227768
824439,114,0,0.1848929912,0.480409495,0,1.514424519,2.141276458
824440,114,0,0.2448776429,0.4905248043,0,0.6233416743,1.09090593
824440,142,0,0.2833986803,0.6422834866,0,1.030014919,1.641014323
824441,108,0,0.2037651907,0.4797165071,0,1.622934399,2.649781872
824441,114,0,0.2302021917,0.5463711038,0,0.984828498,1.643400364
824442,108,0,0.2169530576,0.4447655547,0,0.9054231292,1.56419845
824442,114,0,0.2688035624,0.590797072,0,0.630462949,1.180980908
824443,114,0,0.2234446543,0.4345766637,0,0.7040389041,1.191338844
824443,142,0,0.2340594999,0.5585360623,0,0.5999518203,1.064788506
824444,114,0.6751345437,0.9110416255,1.181070383,1.038712916,1.814826633,2.240387975
824444,142,0.6350895672,0.8896848977,1.149946647,0.898914384,1.830650728,2.555050976
824445,114,0,0.1629052063,0.3688119638,0,0.5031215085,0.8027182075
824445,139,0,0.2202128328,0.5168099061,0,0.9056394997,1.575009001
824446,114,0,0.1904798321,0.4100975348,0,0.7840854776,1.37700055
824446,139,0,0.2193327187,0.4546710758,0,0.8257224232,1.428325929
824447,114,0,0.3026869386,0.6054689763,0,0.7738306262,1.394831144
824447,139,0,0.2290910671,0.4936110181,0,0.7256573422,1.26946578
824448,114,0,0.2690632482,0.5367725916,0,1.112447547,1.726949443
824448,117,0,0.1802065266,0.3885912507,0,0.8037897836,1.376573841
824449,114,0,0.1515039766,0.3422638417,0,0.4847569814,0.94059783
824449,117,0,0.2464909922,0.4906548364,0,0.6863777737,1.202269347
824450,114,0,0.2437738841,0.4238787733,0,0.5648708351,1.033481926
824450,117,0,0.2246453844,0.4875278415,0,0.6078032428,1.110106284
824451,110,0,0.1743761145,0.3699617102,0,0.4293020925,0.8280944779
824451,114,0,0.2490367528,0.4896244599,0,0.6714674877,1.055549504
824452,110,0,0.2175214751,0.4252940897,0,0.9007994103,1.59514115
824452,114,0,0.2564968713,0.6403735461,0,0.6868488665,1.175904054
824453,110,0,0.2718539077,0.5041483901,0,0.6671065218,1.082791302
824453,114,0,0.2990729734,0.7097456903,0,0.9262143127,1.784662736
824454,110,0,0.2079571989,0.491192232,0,0.9340508611,1.697472259
824454,114,0,0.2052528938,0.4733671895,0,1.031917762,1.841646933
824455,114,0,0.2111728308,0.4545337207,0,0.8358129581,1.456423505
824455,118,0,0.1904831103,0.4029091939,0,0.674105766,1.27757156
824456,114,0,0.1925152076,0.4255461671,0,0.5972350686,1.077286705
824456,118,0,0.1863709407,0.4329245414,0,0.6305312342,1.059263925
824457,114,0,0.1922481777,0.4046470357,0,1.053974146,1.787270753
824457,118,0,0.2756236028,0.4927364109,0,0.6229187903,1.046706446
824458,112,0,0.2303518656,0.5101392455,0,0.9313754402,1.787485466
824458,114,0,0.2493153333,0.5451320931,0,0.6484031902,1.157589342
824459,112,0,0.1826930186,0.4409658985,0,0.9016039232,1.719537052
824459,114,0,0.2313187783,0.5108382438,0,0.7060069687,1.228752664
824460,112,0,0.2193208195,0.4935964971,0,0.9851493266,1.793229813
824460,114,0,0.1722759851,0.3902004574,0,0.8466147009,1.53430296
824468,113,0,0.2096423572,0.4892228114,0,0.6803109696,1.308667216
824468,158,0,0.2396766714,0.4755059244,0,0.5303481728,0.9738608989
824469,113,0,0.2726531191,0.5892754211,0,1.277814352,2.154853116
824469,158,0,0.168050538,0.3908163448,0,1.245655397,2.336467886
824470,113,0,0.2131939524,0.5242699354,0,0.8050227168,1.437127926
824470,135,0,0.2851084881,0.593857544,0,1.089426424,1.729195349
824471,113,0,0.2263747016,0.5111105804,0,1.412295934,2.507740419
824471,158,0,0.3248804329,0.758724813,0,1.503270462,2.342687589
824472,113,0,0.2303520332,0.5327521269,0,1.067649501,1.995247093
824472,135,0,0.2613259603,0.5425187887,0,0.7843816867,1.319138988
824473,113,0,0.1970101911,0.4269425239,0,0.6456012033,1.088919566
824473,135,0,0.270858552,0.5470986137,0,0.6683484369,1.22242632
824474,113,0,0.2550402248,0.5843593979,0,0.8752152623,1.503146955
824474,138,0,0.2629265993,0.5061626189,0,1.261190332,2.204754268
824475,113,0,0.2090711192,0.4141086042,0,0.5602687242,0.9732370406
824475,138,0,0.2185264682,0.4885852214,0,0.5745588168,1.006044617
824476,113,0,0.209030933,0.4555372098,0,1.288038887,2.020312826
824476,138,0,0.2458001778,0.5502799127,0,1.165275722,2.000696565
824477,113,0,0.3001904789,0.633454093,0,1.647150532,2.61681487
824477,146,0,0.1894481562,0.4180063265,0,1.219888592,1.79781749
824478,113,0.2010926615,0.4735187632,0.8565913706,0.4873745236,1.137410519,1.694435501
824478,138,0.2287467395,0.537082847,0.824120597,0.2874505659,0.9170723829,1.437399709
824479,113,0,0.2162862028,0.480854235,0,0.42823596,0.8423014025
824479,146,0,0.2466681602,0.5956887376,0,0.8803557173,1.580113392
824480,113,0,0.4198669928,0.9181444163,0,1.080386915,1.986558179
824480,146,0,0.2495609459,0.4423675729,0,0.5274923376,0.9737133637
824481,113,0,0.193053189,0.42418842,0,0.9218432178,1.502309035
824481,133,0,0.2252297718,0.562066266,0,1.005808888,1.831999627
824482,113,0,0.2212276302,0.4390845541,0,0.6736527512,1.042300696
824482,133,0,0.1726564128,0.3866393183,0,0.5180139586,0.9129862836
824483,113,0,0.2940378046,0.6957739172,0,1.198693901,2.134860593
824483,134,0,0.2541544266,0.4976741389,0,1.519724389,2.304481324
824484,113,0,0.1910853228,0.4443401133,0,0.7946104251,1.406350893
824484,133,0,0.2370548319,0.4371072474,0,0.9244394705,1.486582037
824485,113,0,0.2004568443,0.4380903308,0,1.609538467,2.66640167
824485,134,0,0.3192652447,0.5992828552,0,0.947578939,1.636633955
824486,113,0,0.2335864671,0.527380537,0,0.5818127308,1.069611916
824486,134,0,0.3467176982,0.6787349537,0,0.854510385,1.56502758
824487,113,0,0.2554726554,0.5982047274,0,1.607195159,2.87797071
824487,114,0,0.1971885981,0.4502329034,0,1.144930413,1.902445146
824488,113,0,0.4924802577,1.002493665,0,1.048180516,1.66775555
824488,134,0,0.2500799056,0.6621660543,0,1.202635426,2.221713436
824489,113,0,0.279016506,0.729036091,0,0.788720437,1.369388904
824489,114,0,0.1664531479,0.3666038851,0,0.6776770481,1.153202945
824490,113,0,0.2733008366,0.7202501964,0,0.8699437641,1.602301539
824490,114,0,0.6294666089,1.14478948,0,1.088664777,1.624945316
824491,112,0,0.241048619,0.51517546,0,0.9285343433,1.558512435
824491,113,0,0.2944167986,0.769848779,0,0.8126796765,1.406918696
824492,112,0,0.218826213,0.4988169965,0,0.689558832,1.237001708
824492,113,0,0.3735294715,0.7204681674,0,0.6570731588,1.115017686
824493,112,0,0.2101243085,0.487164027,0,0.5027773342,0.8940974546
824493,113,0,0.1731061045,0.4054602147,0,0.6947062166,1.154185599
824494,113,0,0.1784527849,0.3873145953,0,0.5431537617,0.9664885415
824494,143,0,0.2004778169,0.391043801,0,0.6094210071,1.073599407
824495,113,0,0.2501269283,0.5847484486,0,1.277136213,2.280157489
824495,143,0,0.2273129737,0.4754959761,0,0.8509836528,1.53101414
824496,113,0,0.1875537035,0.4110265042,0,1.034748845,1.797679256
824496,143,0,0.25158309,0.572804385,0,0.8996088772,1.525890911
824497,110,0,0.1807130352,0.3795710958,0,0.5152181271,0.9749386264
824497,113,0,0.1680337432,0.3809704963,0,0.8673804912,1.563965509
824498,110,0,0.2906371391,0.6593051812,0,0.8509313466,1.564246832
824498,113,0,0.2266234931,0.5438819592,0,0.9435374538,1.639227116
824499,110,0,0.2594834572,0.5250273275,0,0.8465603139,1.536113759
824499,113,0,0.2392286612,0.5859059143,0,1.427762357,2.301913451
824500,113,0,0.2256588638,0.4810172843,0,1.05522635,1.88481575
824500,158,0,0.3334271405,0.6273683714,0,1.457960012,2.550393935
824501,113,0,0.1713001371,0.3920911481,0,1.098562462,1.892521279
824501,158,0,0.2938418217,0.5445644081,0,1.602651042,2.186578894
824502,113,0.4551983562,0.6532306309,0.9180336872,0.7593539271,1.486317604,1.984001981
824502,158,0.2706457049,0.4985143059,0.8201609045,0.2919253666,1.589558323,2.160532548
824503,113,0,0.2276523866,0.5283701801,0,0.7628069794,1.298777961
824503,121,0,0.2192708269,0.4566492621,0,0.515420438,0.8838382913
824504,113,0,0.1779041078,0.3739762346,0,1.026047999,1.885406306
824504,121,0,0.2758029243,0.6280242677,0,0.9070754855,1.682402416
824505,113,0,0.2140907039,0.4776662077,0,1.499836862,2.837832535
824505,121,0,0.2920571459,0.6314340557,0,1.471867641,2.640026795
824506,109,0,0.223149499,0.4624078734,0,0.5480340791,1.03506021
824506,113,0,0.3016932547,0.7342078627,0,0.7168610908,1.223246143
824507,109,0,0.2381182614,0.6360068013,0,1.145515793,2.059123655
824507,113,0,0.2345216815,0.5011308855,0,1.296873427,2.411793236
824508,109,0,0.1819359984,0.3974761743,0,0.425006523,0.7664236552
824508,113,0,0.2385816961,0.4893564556,0,0.5392172559,0.9563038512
824509,113,0,0.2401192412,0.5079455484,0,0.6784583148,1.135031898
824509,118,0,0.196793731,0.399738052,0,0.8306001612,1.432419349
824510,113,0,0.2617344982,0.6486389661,0,0.8083337927,1.432980679
824510,118,0,0.3810167809,0.7202885552,0,0.6042044481,1.125205343
824511,113,0.3354779646,0.5136608805,0.7269781997,0.7916652707,1.705096239,2.432845975
824511,118,0.3194070922,0.5576808993,0.8968793787,0.3194070922,0.979303417,1.392833439
824512,113,0,0.2453992221,0.5534864759,0,1.345507274,2.254241198
824512,144,0,0.2355179015,0.445417516,0,0.6064441422,1.066628638
824513,113,0,0.2616749886,0.6820230568,0,1.201787064,2.003050811
824513,144,0,0.3088125333,0.7324574031,0,0.7564518353,1.334959601
824514,113,0,0.4222308059,1.011831347,0,1.16344259,1.957914213
824514,138,0,0.3471893526,0.6053119554,0,1.225723628,1.903419017
824515,113,0,0.3759049505,0.9830596697,0,1.197870623,1.981371442
824515,144,0,0.1860989925,0.440671877,0,0.7902593627,1.284022316
824516,113,0.4868043612,0.7512444267,1.105782219,0.5885396064,1.55642525,2.390517357
824516,138,0.5419998628,0.7475645299,1.007695,0.544982254,1.202204259,1.714248516
824517,113,0,0.1948591066,0.3858076671,0,0.7063235209,1.197301247
824517,120,0,0.2354013469,0.5193920755,0,0.8695002315,1.542907423
824518,113,0,0.2431948828,0.5039786879,0,0.584301964,1.081597787
824518,138,0,0.3009370288,0.6084146596,0,0.5974226358,1.065737761
824519,113,0.3591623347,0.5846526386,0.8656219554,0.3898934533,1.820608143,2.346184013
824519,120,0.2435028482,0.4845871452,0.8721389491,0.5584773077,1.686498835,2.596016945
824520,113,0,0.2278107137,0.4984342074,0,0.4791469426,0.9120658445
824520,117,0,0.2363887793,0.530527138,0,0.9459567608,1.755130389
824521,113,0,0.2197511027,0.4684302441,0,0.7563125974,1.346801144
824521,120,0,0.3788978059,0.7455565525,0,1.595057095,2.543321498
824522,113,0,0.2561573743,0.520871098,0,0.5552572765,1.019551943
824522,117,0,0.229976755,0.4682377983,0,0.6387468711,1.042633338
824523,113,0,0.277359945,0.6353945492,0,0.6190045073,1.089264186
824523,117,0,0.1779965995,0.3829348468,0,0.9618627658,1.700529943
824524,113,0,0.1877976395,0.4069373412,0,0.4419867095,0.8358113011
824524,115,0,0.2507786536,0.4977590028,0,0.7585702148,1.353919444
824525,113,0,0.2672603482,0.6513582314,0,0.8334924789,1.437779367
824525,115,0,0.2437044277,0.4795023123,0,0.9086796618,1.405108744
824526,113,0,0.3110624442,0.7310319929,0,0.8271892291,1.485515391
824526,115,0,0.2131815558,0.4532195149,0,0.5957175253,1.027155998
824527,113,0,0.1835353593,0.3876829072,0,0.6553733463,1.150382782
824527,116,0,0.2788965426,0.5994263787,0,1.001495005,1.608130723
824528,113,0,0.208362167,0.5161944129,0,0.8674330283,1.529683705
824528,116,0,0.2182058651,0.4385853885,0,0.8815793494,1.455138376
824529,113,0,0.2098563167,0.4595241878,0,1.124156652,1.975003342
824529,116,0,0.2047487979,0.4134275389,0,0.7571749146,1.344354417
824530,113,0,0.2784626579,0.5730735617,0,0.5626347693,1.043399566
824530,137,0,0.1657553154,0.3544228669,0,0.8244154744,1.428372778
824531,113,0,0.2029393107,0.3935682249,0,0.4569584437,0.8155118212
824531,137,0,0.2087648848,0.4614632525,0,0.7928339883,1.393691622
824532,113,0,0.2669304792,0.6718189832,0,0.8057476404,1.395953041
824532,137,0,0.2358433076,0.5262163041,0,0.5753349883,1.073272101
824533,108,0,0.1995435351,0.441250938,0,0.9569523974,1.724966299
824533,113,0,0.2542397618,0.597865038,0,0.9395378041,1.714808455
824534,108,0,0.4335121889,0.9489338967,0,1.042415059,1.890180498
824534,113,0,0.2274011626,0.5067560885,0,1.473545677,2.577711849
824535,108,0,0.197482853,0.4880864335,0,1.140946761,1.841985981
824535,113,0,0.1915515997,0.4115162472,0,0.9031818965,1.676964659
824536,113,0,0.2470799669,0.5463284018,0,0.8874302309,1.524148801
824536,134,0,0.2430850733,0.5170933972,0,0.6761226079,1.096422785
824537,113,0,0.4020399266,1.036354285,0,1.316984754,2.365588677
824537,134,0,0.2688061752,0.5546367618,0,1.172373496,2.010835295
824538,111,0,0.3753431901,0.8362890386,0,0.7296094545,1.281572481
824538,113,0,0.4865110268,0.9431802576,0,0.949012904,1.547695052
824539,113,0,0.2068175126,0.4484408545,0,0.71785956,1.156537803
824539,134,0,0.2429386492,0.473494262,0,0.572044776,1.031985118
824540,111,0.4559797342,0.7622166403,1.304581706,0.893928408,1.981532574,2.908487201
824540,113,0.7217301098,1.128988519,1.627013628,0.9386578541,1.972342791,2.759665091
824541,111,0,0.2152739039,0.4321206674,0,0.854124883,1.394187851
824541,113,0,0.1918083708,0.3967565787,0,0.5043973053,0.8843970029
824549,134,0,0.3179270477,0.6711925145,0,1.138001379,1.901790145
824549,145,0,0.2845857562,0.7565305037,0,1.009008702,1.787076585
824551,134,0,0.215044332,0.4817029932,0,0.6136198445,1.02577619
824551,145,0,0.318137595,0.6683077205,0,0.8478500475,1.540005686
824552,142,0,0.224640906,0.4590772369,0,1.238031882,2.193451364
824552,145,0,0.2080158652,0.4604659627,0,0.8467645351,1.529776977
824553,142,0,0.2911331711,0.6972498342,0,0.6728587537,1.105722666
824553,145,0,0.250966653,0.5117372753,0,1.164136449,2.061215318
824554,142,0,0.1667554916,0.3602254494,0,0.5256917921,0.9126045124
824554,145,0,0.206815398,0.4732426381,0,0.5984019304,1.107493425
824555,140,0,0.2372057694,0.5942936454,0,0.9740268941,1.846528454
824555,145,0,0.211144799,0.4760270638,0,0.8382203965,1.552044329
824556,140,0,0.2074669644,0.5561089457,0,1.213885414,2.22110946
824556,145,0,0.1836792893,0.4045853405,0,0.9467302771,1.616847235
824557,140,0,0.3378844852,0.7317132488,0,0.9576572382,1.741166201
824557,145,0,0.3089627499,0.8080460144,0,1.07003785,2.049754926
824558,121,0,0.2538266599,0.5012793422,0,0.8440946793,1.516108397
824558,145,0,0.2061361507,0.4399607791,0,0.721612743,1.261959744
824559,121,0,0.1968437682,0.4060572136,0,0.5507751283,0.9905669364
824559,145,0,0.2275667031,0.4763120579,0,0.4285223856,0.8097104446
824560,121,0,0.2014685043,0.4048874456,0,1.70718052,3.099978953
824560,145,0,0.1878408331,0.3760751711,0,0.8895242107,1.560031324
824561,113,0,0.2970325127,0.6823340187,0,0.694878108,1.296665163
824561,145,0,0.1815070991,0.3958381928,0,0.8011985195,1.396864285
824562,113,0,0.1907524203,0.3839239653,0,0.8724688791,1.507790714
824562,145,0,0.2285328414,0.5264203792,0,0.5580940269,1.001741395
824563,113,0.3506529245,0.5792218506,0.8506297486,0.550031568,1.183043328,1.65438362
824563,145,0.14730012,0.3472468348,0.5766217484,0.1586238912,0.5813271896,0.9616730242
824564,114,0,0.1801636334,0.4093104231,0,0.7458664994,1.388206717
824564,145,0,0.4270175709,1.035091715,0,1.279448174,2.203044886
824565,114,0,0.1956487157,0.5041348331,0,0.8004208266,1.391199938
824565,145,0,0.2662928196,0.6214468094,0,0.7412997619,1.214173132
824566,114,0,0.2570515022,0.5540398062,0,0.5725435719,1.011093733
824566,145,0,0.3516557854,0.7549921436,0,0.7390893984,1.272332963
824567,145,0.8547251291,1.119912361,1.386103183,1.530107161,2.21980181,2.76296281
824567,147,0.716045844,0.89510441,1.097049473,0.9498610417,1.688113304,2.258464613
824568,145,0.5772374288,1.024891949,1.772752884,1.063445478,2.243132817,3.066542772
824568,147,0.7942192812,1.3065973,1.60633593,1.070255676,1.72391973,2.305441356
824569,145,0,0.2064072184,0.4508298874,0,0.8150200571,1.338335215
824569,147,0,0.2163287934,0.4470338612,0,0.7404179716,1.342460406
824570,145,0,0.226839292,0.5054275424,0,1.12721221,1.954843309
824570,147,0,0.4012669729,0.7835656909,0,0.9554072119,1.64430743
824571,117,0,0.2179143737,0.4182937291,0,0.8476829409,1.296505652
824571,145,0,0.2572001102,0.4859945574,0,0.8012191722,1.423265035
824572,117,0,0.3435664405,0.7077763759,0,0.7554045585,1.32260172
824572,145,0,0.2145575859,0.5093304819,0,0.8276861962,1.473270282
824573,117,0,0.3223097955,0.8375654463,0,1.387534553,2.442634116
824573,145,0,0.2338272223,0.4720186048,0,0.7977137908,1.458697695
824574,133,0,0.227552064,0.5415248215,0,0.826650586,1.497591785
824574,145,0,0.5620004964,0.9452068135,0,0.7124803658,1.146586755
824575,133,0,0.1926494782,0.3801201709,0,0.9123103149,1.679087013
824575,145,0,0.1748958485,0.3568793318,0,0.8148712848,1.340551471
824576,133,0,0.1855588275,0.4095441861,0,0.5481673171,0.9494864203
824576,145,0,0.3246616976,0.821894347,0,0.8191776666,1.391619882
824577,111,0,0.2785668593,0.6663943166,0,0.571590914,0.9945308212
824577,145,0,0.2084657862,0.4325820047,0,0.7128446708,1.156216442
824578,111,0,0.2117193966,0.559505722,0,0.7795551588,1.344928871
824578,145,0,0.3176739928,0.7274801708,0,0.9818485,1.786744258
824579,111,0,0.2740954726,0.5765834451,0,1.03711247,1.765853443
824579,145,0,0.3472034101,0.9798927645,0,1.384621018,2.405940152
824580,118,0,0.2742637925,0.5902512935,0,0.8102295918,1.467264605
824580,145,0,0.2581156098,0.5825112855,0,0.8784421684,1.409770243
824581,118,0,0.3149062478,0.8451265125,0,1.248521065,1.962607167
824581,145,0,0.2223076012,0.5264324439,0,1.187702148,2.144689152
824582,118,0,0.2190143083,0.4887998647,0,1.113780521,2.064210946
824582,145,0,0.2097176841,0.4841662227,0,0.867970523,1.504013904
824583,114,0.2915958664,0.4629041852,0.6814314278,0.8223676011,1.558584256,2.164722012
824583,145,0.2838306391,0.5400321796,0.8075678554,0.4280976306,1.841555171,2.895850838
824584,114,0,0.1939666199,0.4212822938,0,0.4267452733,0.7283747728
824584,145,0,0.2489257932,0.6064006378,0,0.8164698416,1.395452095
824585,114,0,0.3293399707,0.765886171,0,1.082662725,1.898307106
824585,145,0,0.2354670586,0.5789624891,0,1.15282412,2.074476007
824586,119,0,0.1969626241,0.4462048436,0,0.4627325879,0.8086199239
824586,145,0,0.1939053726,0.4770745833,0,0.8738334343,1.637778215
824587,119,0,0.2388938669,0.4931654261,0,0.8639543496,1.424449844
824587,145,0,0.171415837,0.3646803844,0,0.8828642334,1.587576715
824588,119,0,0.1975008115,0.4427879046,0,1.00329656,1.738604597
824588,145,0,0.2739881854,0.5841189315,0,0.932775912,1.718360035
824589,144,0,0.2452080476,0.5324973089,0,0.6685180057,1.095201442
824589,145,0,0.2288969264,0.527490217,0,0.7187867334,1.289191531
824590,144,0,0.3261350304,0.716526693,0,0.6736369488,1.172446875
824590,145,0,0.1857819714,0.399583996,0,0.5776227102,1.095840579
824591,144,0.1349148,0.4054313652,0.6543190307,0.137928,1.113554904,1.855716781
824591,145,0.4101547513,0.6462971853,0.9786659375,0.499383937,1.348087931,1.951404715
824592,116,0,0.193616146,0.415322751,0,0.5801080492,0.9564601857
824592,145,0,0.2940775892,0.6163737237,0,0.6861094537,1.190923302
824593,116,0,0.4355095251,1.037855583,0,1.299218274,2.304237883
824593,145,0,0.1956899839,0.4474417881,0,0.6422560791,1.155666426
824594,116,0.1807887984,0.415642932,0.6584748501,0.207075664,0.6954448081,1.035622241
824594,145,0.1472950676,0.3861160287,0.7083868072,0.14730012,0.7749795613,1.348670741
824595,142,0,0.2356041463,0.5023058074,0,0.5659651502,1.000668447
824595,145,0,0.1864427276,0.4118735589,0,0.5363523964,0.9669510248
824596,142,0,0.1872615246,0.4515441604,0,0.8728721532,1.612283057
824596,145,0,0.2290675828,0.4822095628,0,0.4264521784,0.7575503313
824597,142,0.8771382882,1.115108561,1.464340332,1.259301046,1.811440504,2.169642488
824597,145,0.8804345664,1.067260915,1.328413272,1.253995593,1.750726276,2.184609989
824598,142,0,0.2002151387,0.4596599888,0,0.5495627981,0.9111064949
824598,145,0,0.2264485611,0.4756530544,0,0.489157671,0.9374907823
824599,112,0.357041208,0.6470606431,0.9335216605,0.4088208,0.9854634451,1.447811482
824599,145,0.304282792,0.5785232884,0.9775802388,0.3173549248,1.125050563,1.848279092
824600,112,0,0.3427045813,0.7939336558,0,0.781203886,1.397934573
824600,145,0,0.2432404633,0.5495110041,0,0.94291756,1.736903243
824601,112,0,0.2693371184,0.5120178887,0,1.134822678,1.932296414
824601,145,0,0.2006193855,0.4201712335,0,1.107431433,2.122074059
824602,118,0,0.1937570834,0.4343488901,0,1.117796712,1.674367792
824602,145,0,0.2835689887,0.6238655853,0,0.7016167751,1.214628063
824603,118,0,0.3828761291,0.7831569543,0,0.8251134183,1.464476031
824603,145,0,0.2715267982,0.5846445398,0,1.327475949,2.195641574
824604,118,0,0.1978675528,0.4674344183,0,0.6371783666,1.213069844
824604,145,0,0.249627771,0.5140386235,0,0.8840679592,1.622430941
824605,136,0,0.5243625276,0.7776188774,0,0.859354443,1.503825827
824605,145,0,0.44792071,0.9708283059,0,0.8905329151,1.5755421
824606,136,0,0.2508948664,0.6415799319,0,0.8299846693,1.519831213
824606,145,0,0.1769003059,0.344033523,0,0.7362433199,1.344487314
824607,136,0,0.268072028,0.6136816474,0,0.8588259528,1.473122449
824607,145,0,0.2355702814,0.5918101059,0,0.8396860838,1.465394885
824608,108,0.2935969488,0.5084607216,0.8242321621,0.4008648,1.287493783,2.03312753
824608,145,0.4545272216,0.7053269157,1.001122682,0.4545272216,0.9798706896,1.37440055
824609,108,0,0.2133824703,0.4601444464,0,0.6656577647,1.133060505
824609,145,0,0.2366360581,0.5433535663,0,0.7491665283,1.409797328
824610,108,0,0.2826211378,0.5974032833,0,1.498535879,2.587884536
824610,145,0,0.2890368815,0.6033959138,0,0.7112559325,1.189304966
824611,120,0,0.191370001,0.4575361805,0,0.6333556668,1.143378935
824611,145,0,0.2164591814,0.5000891348,0,1.644408836,2.788965579
824612,120,0.2176267824,0.465019366,0.8969048583,0.233597304,0.9407737291,1.476981153
824612,145,0.2254476618,0.4446879194,0.6520129932,0.2965413868,0.6832688152,0.998558707
824613,120,0.3506610126,0.7768370683,1.14771559,0.4493907239,1.646398711,2.30318723
824613,145,0.4076463131,0.8052303965,1.1855511,1.331174618,2.352790967,3.245484247
824614,139,0,0.2472685953,0.5974378092,0,1.166666839,1.978221227
824614,145,0,0.1947887793,0.4828381426,0,1.915446454,3.125757367
824615,139,0,0.3410200726,0.6979840244,0,0.8933114166,1.571185478
824615,145,0,0.200622178,0.5081840491,0,0.7958735379,1.443467704
824616,139,0,0.1985794093,0.4408538011,0,0.9164657201,1.639660619
824616,145,0,0.2459780156,0.590653292,0,0.8570474011,1.461181007
824617,110,0,0.2299793973,0.5066279608,0,0.9307700695,1.651557071
824617,145,0,0.2482622365,0.516606701,0,1.091499687,2.060302777
824618,110,0,0.1743225033,0.3752269297,0,0.5770518427,1.029593154
824618,145,0,0.300843567,0.7270882697,0,1.085329238,2.091485895
824619,110,0,0.1990333323,0.4436408121,0,0.9324496826,1.634616721
824619,145,0,0.2245006197,0.4832997502,0,0.5171965226,0.945178128
824620,141,0,0.1656287482,0.3809776325,0,0.782668923,1.361978299
824620,145,0,0.2185232073,0.4493699962,0,0.9667242785,1.765706994
824621,141,0.2674434862,0.5021715884,0.8056094925,0.503415192,1.116816341,1.625089662
824621,145,0.4057940257,0.7346457772,1.123493532,0.4124051809,1.078912543,1.606116199
824622,141,0,0.2232577338,0.5671608427,0,0.8715550716,1.31993543
824622,145,0,0.1708582479,0.3966834334,0,1.005289529,1.908969048
824632,112,0,0.1861812469,0.4114346617,0,0.4672229052,0.8585712451
824632,158,0,0.178501499,0.4285592813,0,0.5869959007,1.077915598
824633,112,0,0.2238095546,0.5210151275,0,1.17125423,2.093659351
824633,158,0,0.2147653272,0.4432821772,0,0.8055651785,1.389535546
824634,112,0,0.604249832,1.231624121,0,0.9134638094,1.589143716
824634,158,0,0.2242662467,0.5398821698,0,0.7850086678,1.384508604
824635,112,0,0.236823038,0.4918238368,0,0.9752639285,1.731949868
824635,158,0,0.1668372727,0.3638686864,0,0.8332403862,1.41974283
824636,112,0,0.1929143803,0.4378918577,0,0.726256199,1.222460972
824636,113,0,0.1973042283,0.4317962378,0,0.6081365104,1.084892207
824637,112,0,0.2741769213,0.5383539483,0,0.6762286194,1.228409055
824637,113,0,0.2005541385,0.4484883638,0,1.045290679,1.849450372
824638,112,0,0.2531534938,0.5905438033,0,1.235032393,2.041570794
824638,113,0,0.2649651814,0.5145791501,0,0.6703478978,1.221515177
824639,112,0,0.2439838608,0.6211986584,0,0.6983145197,1.235270207
824639,145,0,0.3164440426,0.6426297747,0,0.9524424229,1.783763523
824640,112,0,0.2000491091,0.4695222077,0,0.8117132283,1.451324756
824640,145,0,0.2467798968,0.5778714006,0,0.5634237754,0.9883754599
824641,112,0.2829340344,0.4866456247,0.6828473576,0.5645521964,1.211860594,1.768306773
824641,145,0.3763265184,0.5444834932,0.7108114488,0.434820864,1.163401999,1.692765349
824642,112,0,0.2269257819,0.5080219282,0,0.9561338073,1.601838709
824642,138,0,0.2607492275,0.4870119001,0,0.728200953,1.302383096
824643,112,0,0.1766498328,0.3800319833,0,0.6240908198,1.136855569
824643,138,0,0.1627924759,0.350351963,0,0.648553281,1.071876851
824644,112,0,0.2453905336,0.6039599883,0,0.7383411319,1.233708307
824644,138,0,0.2371449868,0.4742278745,0,0.4001888102,0.744340439
824645,112,0,0.25398259,0.5615438516,0,0.4225579434,0.8020337648
824645,119,0,0.22059484,0.4268680097,0,0.5460880558,0.916551898
824646,112,0,0.2315295131,0.4882074327,0,0.4373876857,0.8438071625
824646,119,0,0.218614472,0.4682456804,0,0.5571141407,1.028472437
824647,112,0,0.2173140947,0.5142780631,0,1.392464173,2.140125115
824647,119,0,0.1652688074,0.3623249823,0,1.23486501,2.112419742
824648,112,0,0.2172928174,0.5203557547,0,0.8594082816,1.517455816
824648,147,0,0.2048927259,0.47890378,0,0.9314939589,1.748975787
824649,112,0,0.2361939645,0.5161519235,0,0.5551188566,0.9967973263
824649,147,0,0.5204336032,0.8437372121,0,0.9209031655,1.73288787
824650,112,0,0.2091050873,0.4795737602,0,1.14748278,1.872746508
824650,116,0,0.2041213125,0.4494105612,0,0.5456271116,0.9753253984
824651,112,0,0.1672842506,0.374119085,0,0.7489394686,1.374341082
824651,147,0,0.2149234121,0.4862527659,0,0.5552209599,0.9721834041
824652,112,0,0.2690858133,0.6037866793,0,0.7464803856,1.386495157
824652,116,0,0.3002578019,0.8420533849,0,1.646172729,2.749896658
824653,112,0,0.157342577,0.3392799819,0,1.068215187,1.845643093
824653,142,0,0.3743653064,0.6710306976,0,1.309040553,2.248341861
824654,112,0.5871483718,0.805299854,1.074865581,0.848685302,1.731394752,2.378624864
824654,116,0.3862507389,0.5782021309,0.7998815313,0.5095030751,1.355175478,1.983874073
824655,112,0,0.2273932294,0.545109021,0,0.7574793241,1.321946093
824655,142,0,0.2163980729,0.5222469049,0,0.9253388718,1.78248455
824656,112,0,0.3620807667,0.632694067,0,0.7664389705,1.344914826
824656,138,0,0.1944788585,0.450011474,0,0.8321985275,1.412421084
824657,112,0,0.2587712986,0.5446890303,0,0.725637788,1.182863434
824657,142,0,0.1824778122,0.4147948928,0,0.5654850883,1.096725654
824658,112,0,0.2547221776,0.6116498163,0,0.9933636634,1.727838587
824658,138,0,0.3430002065,0.6457482154,0,0.7910035154,1.442783656
824659,112,0,0.185501367,0.4126883073,0,1.37841043,2.352660551
824659,138,0,0.227304765,0.5461111035,0,0.75112045,1.3314946
824660,112,0,0.2575492079,0.5740706819,0,1.007358132,1.739865586
824660,135,0,0.2853540054,0.7411536475,0,0.8788403382,1.471770951
824661,112,0,0.197335289,0.4337982101,0,0.8244118377,1.386026125
824661,135,0,0.2898678102,0.5577526706,0,0.6663181814,1.22705035
824662,112,0,0.2450848913,0.4947393726,0,0.8693527705,1.404759926
824662,135,0,0.2290437871,0.6029802637,0,0.9317832187,1.644248748
824663,112,0,0.2898995513,0.5478487198,0,0.4982928737,0.8994693534
824663,141,0,0.2443376592,0.6079571796,0,2.171184894,3.609160139
824664,112,0.480723073,0.7307304867,1.037124277,0.5267350248,1.348942245,2.004546821
824664,141,0.4431993424,0.6797966882,0.9375896738,0.546437158,0.997244167,1.397931753
824665,112,0,0.2051438883,0.4356752771,0,1.026769298,1.833697796
824665,141,0,0.2137249755,0.4689109934,0,1.072162311,2.036179857
824666,112,0,0.2271317956,0.5377517353,0,1.410020656,2.306196941
824666,115,0,0.1695595016,0.3621263202,0,1.392004761,2.513882345
824667,112,0,0.2249192938,0.4541672418,0,0.8605698738,1.516732282
824667,115,0,0.2522915852,0.562274512,0,0.7364871083,1.367723345
824668,112,0,0.2331871086,0.4571283326,0,0.4573473446,0.8608781594
824668,115,0,0.19503266,0.476795491,0,0.7718043817,1.350932048
824669,112,0.3450395598,0.5526006422,0.7808964992,0.530629032,1.130054409,1.584491486
824669,137,0.5406827165,0.7595774212,1.042877971,0.555307368,1.256189432,1.820176463
824670,112,0.3172697894,0.6273257288,1.017081059,0.3521606718,1.148176708,1.773222375
824670,137,0.2603555756,0.4686852665,0.7501165648,0.2652651865,1.000439717,1.621433454
824671,112,0.233340648,0.5880826037,1.133416047,0.269457888,1.259949836,1.81666575
824671,133,0.222353301,0.4275333316,0.6204865085,0.551325265,1.149060352,1.601895379
824672,112,0,0.1984716164,0.4520387116,0,0.8184990886,1.432717964
824672,133,0,0.2414311128,0.5048768718,0,0.4309726922,0.8109006141
824673,112,0,0.2274777137,0.5140076315,0,1.050509717,1.644553078
824673,137,0,0.1873852719,0.440120992,0,0.652001622,1.246098981
824674,112,0,0.2202973057,0.4869173179,0,0.3716521407,0.7212805946
824674,117,0,0.1941394905,0.4661438746,0,0.637684655,1.043359743
824675,112,0,0.2151602705,0.4592485926,0,0.4482399285,0.8097897902
824675,133,0,0.2660744578,0.6444691316,0,0.8032954205,1.261030367
824676,112,0,0.2398935383,0.4609445458,0,0.4892814827,0.9176660361
824676,117,0,0.2004546464,0.448493311,0,1.093851287,1.953317376
824677,112,0,0.2822894381,0.670386078,0,1.063377135,1.948219669
824677,158,0,0.1884679502,0.445262182,0,0.9100049048,1.603464964
824678,112,0,0.2317556029,0.5107740963,0,0.5670504332,1.001893344
824678,158,0,0.219725059,0.4325740955,0,0.6318960561,1.014550121
824679,112,0,0.2770279515,0.5788111954,0,0.6604123445,1.161327682
824679,117,0,0.272606012,0.4972114354,0,0.7369509586,1.199598808
824680,112,0,0.3541768043,0.7193666031,0,0.6750981565,1.226236242
824680,158,0,0.2346157228,0.5852628435,0,0.9340229838,1.381606734
824681,112,0,0.2268731956,0.420742204,0,0.87526488,1.563907206
824681,113,0,0.1836815725,0.4031604667,0,1.73962596,2.980270987
824682,112,0.2935742469,0.5024140431,0.7332224401,0.370738032,1.09069377,1.569313546
824682,113,0.3980526043,0.6789189152,0.9203367354,0.5331386736,1.609934245,2.265079372
824683,112,0.2830165352,0.5659348859,1.022112541,0.43553676,1.34706822,2.126388224
824683,113,0.3608944762,0.74851865,0.9457269314,0.5606646,1.123714955,1.560007965
824684,112,0,0.2876679409,0.6272580418,0,0.7397022974,1.297728151
824684,113,0,0.256569816,0.486429335,0,0.7568447297,1.296311988
824685,109,0,0.1963798658,0.4288070988,0,0.9056821817,1.701734987
824685,112,0,0.2000417114,0.3829280178,0,0.3213228913,0.6227198715
824686,109,0,0.1944571998,0.4834066952,0,1.300247306,2.181889417
824686,112,0,0.3740703748,0.8636553095,0,0.8433085748,1.560412034
824687,109,0,0.1743340831,0.4000458826,0,1.504363436,2.398513979
824687,112,0,0.2316109746,0.4622715482,0,0.9182511299,1.606874842
824688,112,0,0.2153431499,0.4915926218,0,0.6459112584,1.131555141
824688,143,0,0.1649633171,0.3756525294,0,0.4276109796,0.8032121255
824689,112,0.3395841293,0.6179300926,0.9067206059,0.6852814751,1.720495849,2.345989386
824689,143,0.4435384956,0.6220707685,0.8623793862,0.6074213766,1.320103596,1.934335688
824690,112,0,0.3029835238,0.6974463438,0,0.7681078843,1.272836694
824690,143,0,0.2491552539,0.576942257,0,1.632074891,2.671942144
824691,112,0.2493291549,0.4473956035,0.7101632174,0.2775465914,0.7315910259,1.100186089
824691,121,0.3809362417,0.5920330871,0.840817564,0.5451162271,0.9522009436,1.317669422
824692,112,0,0.1999178055,0.5475188706,0,1.033672948,1.879671713
824692,143,0,0.2764610802,0.6878357735,0,1.612828944,2.522641082
824693,112,0,0.190098151,0.3945827295,0,1.403134822,1.921491423
824693,121,0,0.2485294663,0.575029379,0,0.9453294288,1.77089024
824694,112,0,0.2416581717,0.5456738892,0,0.6903900078,1.231616095
824694,121,0,0.2709574755,0.5339830635,0,0.7268352921,1.310944527
824695,112,0,0.2108214974,0.4669659891,0,0.4238416313,0.810888629
824695,134,0,0.1808314543,0.4039172495,0,0.9769683119,1.751091373
824696,112,0,0.2098085751,0.5453823529,0,1.473602541,2.293850442
824696,134,0,0.3282551258,0.8318256018,0,1.268897814,2.346805784
824697,112,0.5888414362,0.8009875612,1.020135998,1.19871636,2.29716582,3.156791781
824697,134,0.7954036137,1.089917507,1.321400015,0.9831193953,1.691306697,2.193313354
824698,108,0,0.2085278015,0.4498625229,0,0.8368803289,1.580556469
824698,112,0,0.1886673137,0.3963122768,0,0.7069873994,1.202645516
824699,108,0,0.3227142944,0.5868328906,0,0.9115345987,1.475949025
824699,112,0,0.2940920272,0.7192919759,0,0.952238473,1.700627893
824700,112,0,0.1939964582,0.4218964143,0,0.9809886099,1.731923737
824700,120,0,0.2695873355,0.5208080529,0,0.8744935526,1.483665563
824701,112,0,0.250798649,0.4911087739,0,0.9215925681,1.742227874
824701,120,0,0.1898394434,0.4125226231,0,1.413120451,2.128026603
824702,108,0,0.2581465069,0.6649672407,0,1.232504093,2.087011506
824702,112,0,0.2000773986,0.5037300731,0,0.8362881511,1.460528875
824704,112,0,0.2394159959,0.4834363132,0,1.249561142,1.887387131
824704,120,0,0.2055802144,0.5187422553,0,1.12889425,2.065185612
824713,108,0,0.3123546168,0.743623796,0,0.8251803728,1.423172556
824713,111,0,0.2265308111,0.4847228384,0,0.9838175538,1.727246556
824714,108,0,0.2121457522,0.4300732008,0,0.7191935844,1.302829897
824714,111,0,0.2336607804,0.5567115607,0,0.7987854337,1.413113697
824715,108,0,0.4290099537,1.058708147,0,1.051243332,1.712846852
824715,111,0,0.2869629558,0.726665465,0,0.8134173181,1.47480232
824716,111,0,0.2090295438,0.5209572267,0,1.353668907,2.236500803
824716,136,0,0.2151551668,0.4360417881,0,0.5067141348,0.9770044354
824717,111,0,0.1907214134,0.4253956515,0,1.396775468,2.572824743
824717,136,0,0.2605703907,0.478476256,0,0.6745257525,1.086574984
824718,111,0,0.2060504175,0.4505290471,0,1.338845206,2.217774209
824718,137,0,0.228490699,0.3889310467,0,0.9104753904,1.573396298
824719,111,0.2720876957,0.5256765885,0.8793899442,0.4933766386,1.576486816,2.24037091
824719,136,0.2061462987,0.4609161854,0.7036282638,0.2543787953,1.025933866,1.563518535
824720,111,0,0.2452959352,0.5367089427,0,0.4047965881,0.7483597325
824720,137,0,0.2028662176,0.4626158787,0,0.8133187218,1.430659925
824721,111,0,0.186665153,0.3687369254,0,0.8514931555,1.457162027
824721,137,0,0.2967859043,0.5571009162,0,1.01211502,1.646390416
824722,109,0.1826629805,0.3611226319,0.5706537975,0.2062466414,0.9192923837,1.404847165
824722,111,0.3189793143,0.5617294714,0.8109974406,1.374948273,2.074256865,2.682413481
824723,109,0,0.2351224075,0.6363254142,0,1.142228447,2.06641265
824723,111,0,0.26969439,0.6024357581,0,0.610242988,1.079493435
824724,111,0,0.4463220627,0.9517677824,0,0.7402412377,1.287159369
824724,133,0,0.5997227778,0.8842609438,0,0.9187745606,1.554839465
824725,109,0,0.1830880602,0.4360097892,0,0.6512730388,1.154876098
824725,111,0,0.2373360724,0.5217741193,0,0.7274753071,1.244347918
824726,111,0,0.2301115237,0.5223486588,0,0.7191574539,1.130334989
824726,133,0,0.2837476852,0.575742994,0,0.7646885232,1.300094157
824727,111,0,0.1646539717,0.3672556372,0,0.3941365312,0.7218175802
824727,133,0,0.2517390637,0.4640954073,0,0.8950704075,1.625532485
824728,111,0,0.3210677736,0.566597304,0,0.569181114,1.000639923
824728,145,0,0.1631851339,0.3228362454,0,0.6955470293,1.257598562
824729,111,0.862255055,1.073747626,1.349149559,0.9964552843,1.847527519,2.582762894
824729,145,1.077198194,1.306939195,1.507382507,1.204690598,2.009081782,2.726152177
824730,111,0,0.180686413,0.3895993801,0,0.3987939233,0.7510572865
824730,141,0,0.1972975997,0.3768682272,0,0.7735488647,1.359725386
824731,111,0,0.226403553,0.4549616264,0,1.028755925,1.848649412
824731,145,0,0.2487332181,0.5400450558,0,0.8629888209,1.477381339
824732,110,0,0.2134120849,0.4150570169,0,0.4452366252,0.8094630906
824732,111,0,0.1880297812,0.4313127384,0,0.9237594151,1.693695617
824733,111,0,0.3013645482,0.5691323034,0,0.7940542886,1.308226574
824733,141,0,0.464014064,0.9494751465,0,0.9734695461,1.647228187
824734,111,0,0.2750414053,0.6146290691,0,0.5407907106,1.010253725
824734,141,0,0.2033730973,0.4574277593,0,0.5054169461,0.9202949033
824735,110,0,0.3386110197,0.7820800001,0,0.5666478913,1.003822829
824735,111,0,0.2390773986,0.5085884066,0,0.390931995,0.7164624248
824736,110,0,0.1570738271,0.3423782748,0,0.4413611826,0.7872305649
824736,111,0,0.2164191375,0.4672645737,0,0.4616569173,0.8464242727
824737,111,0,0.2903619103,0.738719184,0,0.7217957913,1.279864485
824737,139,0,0.1954139769,0.4325959253,0,0.5827257675,0.9774057212
824738,111,0,0.2351758721,0.5218539971,0,0.642537312,1.044961134
824738,139,0,0.2550044309,0.4642252689,0,0.3536308234,0.6796024513
824739,111,0,0.2218223612,0.4791357919,0,0.713899033,1.283740787
824739,139,0,0.2908162057,0.570982412,0,1.011629571,1.879201166
824740,111,0,0.2422250736,0.5472404288,0,1.487215304,2.286017109
824740,120,0,0.217841873,0.4519231448,0,1.614296986,2.811861417
824741,111,0,0.1896174882,0.4011337479,0,0.9103835232,1.542501333
824741,120,0,0.374927791,0.7276494357,0,0.8238378099,1.514063218
824742,111,0,0.2085974347,0.4545048157,0,0.6492874849,1.191266901
824742,120,0,0.2716904968,0.4827309008,0,0.6301743756,1.083957427
824743,111,0,0.2390029868,0.4964446662,0,0.558969843,0.9579733221
824743,147,0,0.1780276912,0.4450290547,0,0.5385494016,0.9510898843
824744,111,0.2630972921,0.4926502853,0.8014777106,0.2659318635,0.8836389303,1.35979295
824744,147,0.1562718714,0.355548651,0.5814099256,0.1838147984,0.8581659358,1.44427225
824745,111,0,0.1956470882,0.4417842133,0,0.6435461721,1.203494174
824745,147,0,0.1760555485,0.4056408659,0,0.8228282126,1.250615345
824746,111,0,0.1993976079,0.4650735482,0,0.8798827146,1.563568676
824746,141,0,0.2342895525,0.6031868499,0,0.7867176458,1.412215772
824747,111,0,0.2423937625,0.5269160005,0,0.6772314467,1.270608888
824747,147,0,0.215905215,0.5231630509,0,0.640132769,1.194547804
824748,111,0,0.1836677808,0.4281513511,0,0.6695599626,1.1118743
824748,141,0,0.2283983541,0.461486167,0,0.4087975586,0.7500354592
824749,111,0,0.2259341104,0.5108831394,0,1.859160581,3.280676551
824749,140,0,0.2686667017,0.4589820797,0,1.537659115,2.543102088
824750,111,0,0.2493348875,0.5770161463,0,0.8642241957,1.491112881
824750,141,0,0.3119173973,0.6378142946,0,0.8241969905,1.393756603
824751,111,0,0.2518049315,0.53660606,0,0.7746979654,1.222704864
824751,140,0,0.3808613101,0.6352346105,0,0.6254689147,1.181471248
824752,111,0,0.3303670672,0.7528971848,0,0.5401511218,0.9900033633
824752,140,0,0.4131940084,0.6545322456,0,0.5717997508,1.027123244
824753,110,0,0.3352156117,0.5596908202,0,0.3645281403,0.6568383623
824753,111,0,0.2904048164,0.5716760632,0,0.7162168942,1.311474426
824754,110,0,0.3806223782,0.6169634638,0,0.5788984188,1.032773867
824754,111,0,0.3107011945,0.7649803121,0,0.6998921902,1.171041884
824755,110,0,0.3014284659,0.5724147831,0,0.5473691133,0.9989174221
824755,111,0,0.3192511276,0.8111884273,0,0.8434337883,1.505104666
824756,111,0,0.2772123248,0.6576241057,0,0.747219603,1.277839945
824756,144,0,0.234985047,0.5171630464,0,0.9475267918,1.469450875
824757,111,0,0.2390054688,0.5348955486,0,1.419773991,2.450159622
824757,144,0,0.1887535143,0.3986953589,0,0.8186255466,1.512504845
824758,111,0,0.2936213298,0.6644120535,0,1.023998947,1.662307878
824758,144,0,0.1851293711,0.4295816646,0,1.324404667,1.898888676
824759,111,0,0.246878384,0.5567045455,0,0.9284245757,1.596668757
824759,142,0,0.2781893481,0.534676817,0,0.7271891042,1.226900812
824760,111,0,0.3131867172,0.520366135,0,1.0550466,1.643998381
824760,142,0,0.150455284,0.3497723626,0,1.51032276,2.397376942
824761,111,0,0.2399614453,0.5991066314,0,0.9052067153,1.537058185
824761,142,0,0.2917666887,0.7121827355,0,0.7466967447,1.274502691
824762,111,0,0.1711677104,0.3648227295,0,0.890519592,1.566163576
824762,143,0,0.2116751683,0.4570079047,0,0.7964840193,1.358113237
824763,111,0,0.1655072949,0.3641198066,0,0.4665665812,0.7501645358
824763,143,0,0.1701822464,0.3514530762,0,0.3735633226,0.7029136981
824764,111,0,0.2370966884,0.4713006216,0,0.6022455468,1.050610581
824764,143,0,0.2203640299,0.5183351109,0,0.6228397718,1.143115247
824765,111,0,0.1783417043,0.3724893754,0,0.6664213364,1.125976014
824765,139,0,0.2520267811,0.5493109925,0,0.79865016,1.34322541
824766,111,0,0.2521166834,0.5718028106,0,0.4786088632,0.8153322658
824766,139,0,0.3253469588,0.5890513169,0,1.272151477,2.047801609
824767,111,0,0.2214325273,0.486526113,0,1.409128992,2.325352784
824767,139,0,0.2241994379,0.477257548,0,0.5622387305,1.015150903
824768,111,0,0.332799201,0.7748694939,0,0.8110028189,1.424722458
824768,139,0,0.2050900056,0.4713645545,0,0.4512657027,0.8452773823
824769,111,0.2955562157,0.510282379,0.812830853,0.58353756,1.307581039,1.855099712
824769,117,0.2505866861,0.4750729969,0.7744491945,0.2796364974,1.104647605,1.709992512
824770,111,0,0.2169683131,0.4722831549,0,0.7880499613,1.359366618
824770,147,0,0.2500603541,0.4866123216,0,0.7848976124,1.401360533
824771,111,0,0.3026124893,0.753186179,0,0.8782943614,1.599040175
824771,117,0,0.2869052806,0.5079956413,0,1.248720627,1.993780648
824772,111,0,0.1798903548,0.4132172443,0,0.6073619692,1.109235807
824772,117,0,0.2314341841,0.5056746627,0,0.683508317,1.111055541
824773,111,0,0.2170828932,0.5137486725,0,1.082938254,1.842486766
824773,147,0,0.2172289638,0.4588867182,0,1.459543746,2.065239879
824774,111,0,0.2403335921,0.5829547888,0,0.4910761446,0.8737100396
824774,147,0,0.1985079396,0.4436502138,0,0.6295934195,1.028212601
824775,111,0,0.2569420256,0.6505998377,0,1.352108835,2.38192853
824775,116,0,0.2904480798,0.6065865561,0,0.4910139175,0.9251015945
824776,111,0,0.1795099741,0.379354951,0,0.78064063,1.431483481
824776,116,0,0.2289046966,0.5753994761,0,1.338159356,2.186106033
824777,111,0,0.1898789361,0.4245242553,0,0.5775641906,1.03354425
824777,116,0,0.1941395035,0.3918952348,0,0.6536088587,1.169610809
824778,111,0.1678079328,0.3318192637,0.511523634,0.1881054061,0.5706327151,0.8788520739
824778,116,0.4726172908,0.6476928679,0.9009924615,0.4843877672,1.169089219,1.607611309
824779,111,0,0.2775653017,0.6337794493,0,0.7621741915,1.281183465
824779,158,0,0.2439521072,0.4852809501,0,1.581956963,2.626214204
824780,111,0,0.2596797023,0.5156933134,0,0.9353044,1.583756287
824780,158,0,0.1825619491,0.4049383296,0,0.6301005458,1.111286593
824781,111,0,0.2640890108,0.5846374634,0,0.8234198359,1.41212213
824781,135,0,0.1849560123,0.4195123442,0,0.6596137067,1.159693761
824782,111,0,0.3231293189,0.7065620658,0,0.9144636986,1.666263815
824782,135,0,0.2344474723,0.5154413777,0,0.7034212332,1.300976033
824783,111,0,0.2218059833,0.5603590006,0,1.268229373,2.153124847
824783,158,0,0.2012313532,0.4753434319,0,1.004889826,1.737546119
824786,111,0,0.263252251,0.6500167671,0,0.668013562,1.076210556
824786,135,0,0.2100443029,0.5050642276,0,0.5400357563,0.931104467
824791,110,0,0.3265622983,0.6008189852,0,0.6207174569,1.141129755
824791,114,0,0.1994191152,0.4493673259,0,1.368807967,2.028151709
824792,110,0,0.2530574682,0.5321707578,0,1.172412656,2.011124591
824792,114,0,0.1679406262,0.3781845643,0,0.5939384208,1.097633586
824793,110,0,0.3455156479,0.7031064649,0,1.022674462,1.889648375
824793,114,0,0.2731527807,0.6930705437,0,1.8843364,3.312877009
824794,110,0,0.2475799124,0.5669387628,0,0.7180157375,1.307401092
824794,111,0,0.2113389217,0.3909352582,0,0.3973874269,0.7426717242
824795,110,0,0.2604561129,0.6134160093,0,0.9168281929,1.679472202
824795,111,0,0.396677305,0.6844451454,0,0.9577531416,1.69965679
824796,110,0,0.207622794,0.427552229,0,0.5076386142,0.8757566971
824796,111,0,0.2149869628,0.4240125864,0,0.6082393335,1.076359534
824797,110,0,0.2601207451,0.5674310743,0,0.799254023,1.41479036
824797,111,0,0.3098339196,0.5976672068,0,0.6343530494,1.119863423
824798,110,0.1470006,0.7493128518,1.425916453,0.1470006,1.117948072,1.677856869
824798,139,0.2991008688,0.8072123649,1.195035638,0.40193808,1.021638817,1.474104706
824799,110,0,0.2429657461,0.4545354967,0,0.8716957005,1.593871165
824799,139,0,0.1818410598,0.4441685313,0,0.686869002,1.093704681
824800,110,0,0.2359596309,0.4527963457,0,0.3211331531,0.6101084726
824800,139,0,0.241846333,0.6062801781,0,0.6858399212,1.126578127
824801,110,0,0.2631717705,0.658336394,0,0.7249621966,1.33115538
824801,147,0,0.2054467379,0.5204548194,0,0.8146930262,1.394375979
824802,110,0,0.3463611183,0.8096105682,0,0.7048692492,1.205879902
824802,147,0,0.2442176145,0.641541447,0,0.7306720819,1.233235859
824803,110,0,0.1943673282,0.4104059203,0,1.168039077,2.02056813
824803,147,0,0.2377695044,0.5060425275,0,1.07871374,1.994036711
824804,108,0,0.2296710285,0.5209105304,0,0.4542593418,0.8620550532
824804,110,0,0.2093558687,0.482553645,0,1.093164342,1.989087487
824805,108,0,0.1657225757,0.3629247064,0,0.5353549172,0.9636010502
824805,110,0,0.236094056,0.5531965349,0,0.7112373018,1.214427849
824806,108,0,0.2462894085,0.5208382391,0,0.6650116997,1.233984537
824806,110,0,0.2071168312,0.4669574683,0,0.4128124704,0.7902059568
824807,110,0,0.2007567373,0.4519304532,0,1.580196751,2.545094479
824807,143,0,0.2229575337,0.4655063857,0,0.5258193116,0.8864461115
824808,110,0,0.3027910782,0.6288114435,0,1.06142359,1.926069553
824808,143,0,0.1526869969,0.3207498811,0,0.9535311004,1.697314844
824809,110,0,0.5073369705,1.117703125,0,1.038229981,1.670019979
824809,143,0,0.2148188771,0.4690606231,0,0.7175641472,1.249114323
824810,110,0.8236211947,1.035376683,1.329894971,1.472077204,2.272612525,2.926371858
824810,144,0.5771967899,0.8493027149,1.114676168,0.6644393917,1.139402579,1.563295697
824811,110,0,0.2557369035,0.6369094452,0,0.8518538313,1.436138369
824811,144,0,0.2102218843,0.4789529053,0,0.800836693,1.388525895
824812,110,0.2911951855,0.4764690415,0.7211538221,0.4315083543,1.145706892,1.691328681
824812,144,0.2698084011,0.4971188401,0.7916883684,0.3585205062,1.242454403,2.01888722
824813,110,0,0.2088992861,0.4654878707,0,0.5236024491,0.925828665
824813,118,0,0.2092791829,0.4313889106,0,0.3875208763,0.7166089855
824814,110,0,0.241647381,0.6117030991,0,0.8103536396,1.457467011
824814,118,0,0.2213590012,0.4906036261,0,0.6830661845,1.287384797
824815,110,0,0.2390546601,0.5578292353,0,1.228160979,2.006185716
824815,112,0,0.1888166347,0.4393135044,0,0.5516170951,0.9631542924
824816,110,0,0.2648861529,0.6007429877,0,0.6681086075,1.189094988
824816,112,0,0.2269673488,0.5278011566,0,0.8575468006,1.51144801
824817,110,0,0.2006775749,0.4050085428,0,0.5556376761,0.9858660555
824817,118,0,0.2238206082,0.5422391319,0,0.7104614647,1.331336693
824818,110,0,0.2793315186,0.4848892848,0,0.3762649917,0.7041731995
824818,145,0,0.183807536,0.4345932254,0,0.6962375051,1.308350615
824819,110,0,0.2173071143,0.5089504901,0,0.8837963516,1.54549731
824819,145,0,0.239471567,0.550884158,0,0.6480613057,1.164237249
824820,110,0,0.1863537643,0.3976639918,0,0.9700329149,1.709615185
824820,112,0,0.2272213469,0.50969797,0,0.9083890866,1.681629218
824821,110,0,0.2245534569,0.4826090757,0,0.6559423983,1.217489287
824821,120,0,0.2411101875,0.5141098836,0,0.6907156388,1.129815271
824822,110,0,0.3049202399,0.6095373227,0,0.7040943664,1.187358097
824822,145,0,0.3321799581,0.6088477198,0,1.458518638,2.429323743
824823,110,0,0.2481593556,0.4987121513,0,0.953674859,1.445943408
824823,135,0,0.1866338614,0.4139870231,0,0.9295820115,1.741216055
824824,110,0,0.2112675828,0.4245219561,0,0.5681765798,1.048110013
824824,120,0,0.2025534263,0.4534818384,0,0.8708979937,1.616761705
824825,110,0.2729133335,0.5255263972,0.9002769898,0.3892800996,1.309694103,2.095839265
824825,120,0.3857105934,0.6561624148,0.9893608495,0.7038621475,1.243479593,1.71321479
824826,110,0,0.2483647537,0.5921241775,0,0.7904126946,1.451168416
824826,135,0,0.1859858905,0.4740237019,0,0.9196319121,1.652507262
824827,110,0,0.325201323,0.6823014949,0,0.6314721569,1.145917947
824827,136,0,0.1785494054,0.3780271208,0,1.162877923,1.707723441
824828,110,0,0.2802055208,0.6842783315,0,0.7200430962,1.2279999
824828,135,0,0.1896717824,0.3991807921,0,0.5657387477,0.9847149549
824829,110,0,0.2077158409,0.5421572025,0,0.8134009724,1.387622095
824829,136,0,0.2503761942,0.540188768,0,1.6937988,3.058786976
824830,110,0.1818071741,0.4646605912,0.8094505505,0.215312928,0.9156360403,1.481309544
824830,136,0.2960841888,0.7087350622,1.290965351,0.3427518,1.817261554,2.933929778
824831,110,0,0.179173008,0.4309950351,0,0.9271737154,1.614360128
824831,136,0,0.220984002,0.5234933099,0,0.8474284819,1.578876771
824832,110,0,0.1797867502,0.4203545537,0,0.4383467284,0.8437486538
824832,141,0,0.262134224,0.5934171537,0,1.486772635,2.640769642
824833,110,0,0.2372143065,0.5202463788,0,0.8756667311,1.516158737
824833,141,0,0.2353717199,0.5466737463,0,1.290084946,2.127284991
824834,110,0,0.2211947827,0.4957805871,0,0.8045777103,1.433815207
824834,141,0,0.2461175788,0.5555993776,0,0.617132999,1.171754619
824835,110,0,0.171365048,0.367406879,0,0.6707008833,1.134636136
824835,141,0,0.2862152662,0.6829949765,0,0.8417478817,1.439691821
824836,110,0,0.2518682825,0.4862410035,0,1.224407369,2.179635526
824836,139,0,0.2366517789,0.5880532629,0,1.015158352,1.746427493
824837,110,0,0.183023912,0.4208432824,0,0.6916915378,1.229132711
824837,139,0,0.1850753691,0.442378939,0,0.7375673948,1.267085445
824838,110,1.065593686,1.357337199,1.59610193,1.907905231,2.491979028,2.965076576
824838,139,1.273762381,1.459320259,1.694232562,1.859642251,2.632153661,3.141063923
824839,110,0,0.1930396928,0.4101069515,0,0.7008174403,1.256389885
824839,116,0,0.1660631412,0.3542981187,0,0.8297618956,1.4407177
824840,110,0,0.1924909961,0.404923123,0,1.320544145,2.227505156
824840,116,0,0.2632662605,0.4719303786,0,0.8086852537,1.372793104
824841,110,0,0.2819295289,0.6831247632,0,1.166316153,1.998922014
824841,147,0,0.2979358928,0.5514758094,0,0.6700973468,1.194649979
824842,110,0,0.2411750193,0.5071492679,0,1.005371039,1.617651544
824842,116,0,0.2084483515,0.5011367856,0,0.8489324713,1.515598628
824843,110,0,0.3048232884,0.5946751839,0,0.9250900771,1.651501743
824843,147,0,0.2203664207,0.4798579749,0,0.76281699,1.310387151
824844,110,0,0.2369979083,0.5426966512,0,0.6403176409,1.172209097
824844,147,0,0.2307857504,0.5211293765,0,0.7240171506,1.215644828
824845,110,0,0.1966367405,0.4685314532,0,0.7400037103,1.345259945
824845,133,0,0.1795870138,0.3980088647,0,1.07876227,1.957341885
824846,110,0,0.203342144,0.4319688823,0,0.4665984371,0.850416315
824846,133,0,0.2505264863,0.4945786304,0,0.6322024136,1.157088976
824847,110,0,0.2713402173,0.515219994,0,0.7371378258,1.213099475
824847,133,0,0.2639369728,0.5797435641,0,1.281820553,2.235540953
824848,110,0,0.3036803236,0.6043782895,0,0.6209226096,1.144903812
824848,117,0,0.2655035541,0.6001844546,0,0.9244008632,1.720508078
824849,110,0,0.2820470619,0.5666507991,0,0.8446700891,1.381004639
824849,117,0,0.4091688006,0.8594717699,0,0.8792504353,1.530566829
824850,110,0,0.2561842828,0.5269060237,0,0.5853907066,1.095097154
824850,117,0,0.2280352381,0.4759413887,0,0.761963723,1.337495396
824851,110,0,0.1616853413,0.3524498363,0,1.023344043,1.81598663
824851,111,0,0.2513379827,0.5203949558,0,0.6367810476,1.191801178
824852,110,0,0.2503611406,0.4840132074,0,0.8160189192,1.440741561
824852,111,0,0.21011408,0.4640484698,0,0.3883379192,0.7317205143
824853,109,0,0.1982792105,0.3975250355,0,0.8691672784,1.552801271
824853,110,0,0.2012368833,0.397524143,0,0.7363207812,1.239077584
824854,110,0,0.1618105412,0.360862349,0,0.5776285695,1.053037135
824854,111,0,0.2786744355,0.6056444374,0,0.5111599182,0.9751236066
824855,109,0.4257977407,0.623339672,0.8316815339,0.48429552,1.139325931,1.694059095
824855,110,0.144114334,0.3870806967,0.6488795301,0.144114334,0.6327958372,1.052636161
824856,109,0,0.198364516,0.3868023441,0,0.5388381438,0.9932547839
824856,110,0,0.1902625652,0.4229774963,0,0.5971985727,1.037294292
824857,110,0,0.2729977783,0.6530453347,0,0.8374488147,1.41460341
824857,137,0,0.2578222043,0.6542565637,0,0.8660598359,1.547153123
824858,110,0,0.2305002598,0.5646407798,0,0.8086720786,1.413796997
824858,137,0,0.1689297087,0.3442984559,0,0.4554608735,0.7754185913
824859,110,0,0.2325662973,0.4490573843,0,0.581051359,1.101187334
824859,137,0,0.2107503003,0.4569933914,0,1.078329984,1.790718853
824860,110,0,0.1568939296,0.3415695315,0,0.6670260516,1.179711997
824860,140,0,0.1942295837,0.384163435,0,1.098138612,1.964140091
824861,110,0,0.2838125278,0.5426159242,0,0.5126148455,0.9116612463
824861,140,0,0.1685812071,0.3774076593,0,0.5040494537,0.9200247768
824862,110,0,0.3106350558,0.7098738896,0,0.7662358566,1.340154435
824862,142,0,0.2869643072,0.623611551,0,0.9506037153,1.697031291
824863,110,0,0.297275533,0.7853354872,0,1.03272676,1.916818887
824863,140,0,0.2635499778,0.5583443903,0,1.121030042,1.965810288
824864,110,0,0.2063308378,0.4854468085,0,1.1296914,2.085925316
824864,142,0,0.3822907704,0.6177655257,0,1.529095123,2.198168418
824865,110,0,0.2147857806,0.6032629342,0,1.104939469,1.793815078
824865,142,0,0.3492412543,0.6959915408,0,0.5711735738,1.035899531
824871,139,0,0.1976737219,0.4240932258,0,0.536797086,0.9201810203
824871,144,0,0.2350594798,0.4744125894,0,0.6505891,1.051329716
824874,115,0,0.2792410473,0.6083472983,0,0.8282122164,1.462551466
824874,144,0,0.2080953626,0.4512910506,0,0.8484266543,1.559093446
824875,139,0,0.3674878223,0.9448548284,0,0.9525909477,1.71745999
824875,144,0,0.2511551603,0.5716687741,0,0.9871719061,1.806602296
824876,115,0.51943884,0.7701066988,1.115656071,0.51943884,1.262810673,1.847885897
824876,144,0.248068056,0.5196935405,0.7437959452,0.27544476,0.6351914398,0.9471167726
824877,115,0,0.1848192857,0.4164868314,0,0.7395884059,1.267267378
824877,144,0,0.245032991,0.5799041524,0,0.9778020206,1.845990164
824878,119,0,0.1727899122,0.3636714764,0,1.008450504,1.860798371
824878,144,0,0.1813367819,0.4160780831,0,1.488754063,2.144234753
824879,119,0,0.2260286319,0.486891191,0,0.4728996839,0.8832614153
824879,144,0,0.2139444582,0.4215235171,0,0.2785664287,0.5242144632
824880,109,0,0.2231169759,0.4481736877,0,0.7045749252,1.213034023
824880,144,0,0.231683372,0.5053619462,0,0.8164972714,1.309182711
824881,119,0,0.2609729613,0.7058948883,0,0.9312651225,1.665964769
824881,144,0,0.2248321338,0.5130308647,0,0.7579096671,1.227505487
824882,109,0,0.2656572341,0.4905035347,0,0.6520880717,1.057690833
824882,144,0,0.1703986339,0.3552340066,0,0.8296450037,1.332808092
824883,121,0,0.1659194885,0.3547929017,0,0.8960058868,1.357535285
824883,144,0,0.2262940333,0.5034103355,0,0.73299048,1.142718945
824884,109,0,0.3280229282,0.6342590532,0,0.5158689414,0.95461802
824884,144,0,0.1806515712,0.3922675881,0,0.6030381577,1.063281587
824885,144,0,0.2329051711,0.5558140698,0,0.797551833,1.372775275
824885,146,0,0.1663579965,0.3437631465,0,0.5270744258,0.975702963
824886,121,0,0.336946365,0.632340289,0,0.7031471191,1.235447171
824886,144,0,0.2155155607,0.4719909093,0,0.5549940039,0.9771477953
824887,121,0,0.3220935887,0.6771454619,0,0.6968161893,1.299933651
824887,144,0,0.2134401,0.5160785793,0,0.9742294099,1.724891544
824888,144,0,0.1635224401,0.3571036287,0,0.544200576,0.9410905332
824888,146,0,0.2605276705,0.5158005979,0,0.7083562619,1.193412055
824889,144,0,0.3071445613,0.7747802863,0,0.9047945662,1.41561777
824889,146,0,0.3306074039,0.6936918245,0,0.8637085718,1.521663271
824890,120,0,0.2325146445,0.4074436702,0,1.398997946,2.27189594
824890,144,0,0.1912805319,0.417537986,0,0.59598147,0.9855341061
824891,120,0,0.1991929311,0.4548883765,0,0.6254294546,1.128488929
824891,144,0,0.2011738539,0.4169408186,0,1.087028325,1.955953436
824892,120,0,0.1554947601,0.3453316127,0,0.9422085502,1.704605578
824892,144,0,0.2725964785,0.5838359141,0,0.6305511386,1.161343608
824893,135,0,0.2229597686,0.5297930117,0,0.7063853763,1.217903487
824893,144,0,0.2220611119,0.5085541249,0,1.095908936,1.732648931
824894,120,0,0.2175075205,0.4482203785,0,0.6159888544,1.006442337
824894,144,0,0.1955507288,0.4493625602,0,0.7872717245,1.363314364
824895,135,0,0.2679270202,0.5687850179,0,0.7808137271,1.390069249
824895,144,0,0.3080035765,0.6459981767,0,1.017662388,1.661276709
824896,135,0,0.3944053116,0.8843512749,0,1.470817478,2.287126826
824896,144,0,0.2026735287,0.4789870386,0,0.9007377064,1.674473796
824897,140,0,0.2799685917,0.7269134119,0,0.7910629596,1.435784176
824897,144,0,0.1948757915,0.4551410093,0,0.6968588075,1.16149691
824898,135,0,0.1903121892,0.4158997951,0,0.3718899097,0.6860158705
824898,144,0,0.2746874999,0.6663354008,0,0.8389023796,1.479270421
824899,140,0,0.230557063,0.5021079875,0,0.9709657174,1.429065
824899,144,0,0.3026407581,0.75718274,0,0.9977440465,1.825476519
824900,121,0.2320591284,0.5416753529,0.9747277696,0.630015792,1.651555894,2.551460048
824900,144,0.2027613278,0.4564219027,0.7197190949,0.2027613278,0.8177389177,1.318367585
824901,140,0,0.249033436,0.7523993156,0,1.346858413,2.196817971
824901,144,0,0.220031882,0.5326843784,0,0.5410585357,0.9756993086
824902,121,0,0.2058207903,0.4634284136,0,0.9053356405,1.272221837
824902,144,0,0.2273300001,0.5062962106,0,0.7765573092,1.318988618
824903,121,0,0.1893238414,0.4273913782,0,0.9178010004,1.699948503
824903,144,0,0.1973063776,0.4626996087,0,0.6353847861,1.208225785
824904,121,0,0.1917212006,0.4242351634,0,0.5684455457,1.036637472
824904,144,0,0.2243392814,0.4632009822,0,0.4283800855,0.7839360288
824905,138,0,0.2163679321,0.4284565843,0,0.7251900016,1.335423136
824905,144,0,0.253956847,0.5740125152,0,0.4509879961,0.8125169597
824906,138,0,0.3409487728,0.7362399897,0,1.54611241,2.697339258
824906,144,0,0.3082896538,0.8014810414,0,1.229499124,2.131586752
824907,138,0,0.2060052945,0.4258221569,0,0.9115652161,1.699869493
824907,144,0,0.2376300666,0.5525846503,0,0.7313911089,1.350337745
824908,144,0,0.2071149036,0.4587156898,0,0.720438575,1.315081592
824908,158,0,0.2475273312,0.4568541814,0,0.6689529935,1.159763386
824909,144,0,0.2619398477,0.5970422799,0,0.7386501525,1.305739307
824909,158,0,0.2120593294,0.4788627216,0,0.5601507841,0.9139546974
824910,144,0,0.2079833076,0.4646943169,0,0.8891412316,1.641487987
824910,158,0,0.1885022426,0.4434213002,0,1.220118544,1.996419386
824911,137,0,0.3197429103,0.6752046998,0,0.7268940532,1.353528979
824911,144,0,0.1915435863,0.3871021791,0,0.790155286,1.263958655
824912,137,0,0.3442215104,0.6735525544,0,0.6088526166,1.113724833
824912,144,0,0.2780274208,0.7437061533,0,1.615001133,2.779393217
824913,137,0,0.1978970996,0.480894506,0,0.8096553462,1.458821686
824913,144,0,0.2877087991,0.7232158256,0,0.7101930872,1.22827752
824914,134,0,0.4349255782,0.7826782432,0,0.7354230514,1.248012398
824914,144,0,0.2438270839,0.5443696405,0,0.7648147114,1.38217787
824915,134,0,0.2344546656,0.5924243944,0,0.7008461111,1.259480999
824915,144,0,0.3332398777,0.7525932994,0,0.9714538364,1.696309106
824916,134,0,0.2918542849,0.6289272471,0,0.8644867601,1.556219419
824916,144,0,0.1944051223,0.4419865825,0,0.9156960008,1.765346457
824917,141,0,0.6493539786,0.8576741626,0,0.8522052972,1.290546095
824917,144,0,0.4486540262,1.153868318,0,1.241778682,1.807829152
824918,141,0,0.3327320079,0.7669463618,0,0.7052092007,1.153665816
824918,144,0,0.2559953729,0.5554283622,0,0.4769363948,0.836898935
824919,141,0,0.2721947316,0.5696681352,0,0.6978905409,1.274210871
824919,144,0,0.2744219889,0.5833178294,0,1.063139668,1.661142678
824920,120,0,0.1691576898,0.3854187521,0,0.4790732413,0.9009057687
824920,144,0,0.2475855874,0.514659883,0,0.5719099039,1.040328222
824921,120,0,0.3057860424,0.6464750259,0,0.97830948,1.713442516
824921,144,0,0.2905533976,0.6877029308,0,0.6984989043,1.204267515
824922,120,0.5927684955,0.8034771182,1.082736916,0.8166045508,1.585268656,2.053723301
824922,144,0.683108389,0.894222125,1.081171315,1.138379431,1.630919612,1.95583788
824923,111,0,0.2236032047,0.5516541407,0,0.9619357642,1.743924662
824923,144,0,0.3236038651,0.5545978442,0,0.578249486,1.016000638
824924,111,0,0.1919236937,0.4472318175,0,0.4771278707,0.8689489755
824924,144,0,0.269089472,0.4889255309,0,0.340087692,0.6446793704
824925,111,0.1846944,0.4325395052,0.660868136,0.1846944,0.5722294728,0.9016905098
824925,144,0.1409563262,0.4087362599,0.776194662,0.1479972103,0.9806861622,1.638671846
824926,112,0,0.1628587004,0.3314423074,0,0.7756726654,1.29778563
824926,144,0,0.3372991777,0.6349839318,0,0.6677696232,1.181694716
824927,112,0,0.2323696225,0.5172094707,0,0.7410793155,1.320388194
824927,144,0,0.1672946469,0.3629534353,0,0.613362856,1.115370577
824928,112,0,0.2208322352,0.4572355832,0,0.5995615786,1.083793035
824928,144,0,0.1691107081,0.3712911738,0,0.7924919117,1.372742893
824929,116,0,0.2538907491,0.5632906926,0,1.124725781,1.758430984
824929,144,0,0.2278208755,0.5159156693,0,0.9499275686,1.708256205
824930,116,0,0.2866584027,0.5555900916,0,0.662434608,1.181663108
824930,144,0,0.2308775644,0.5289738279,0,0.6165573769,1.084891956
824931,116,0,0.3023491817,0.6412632247,0,0.6045536895,0.9947687506
824931,144,0,0.2143900337,0.5285649404,0,0.6590698624,1.247846868
824932,143,0,0.189819448,0.4223597943,0,0.4715292112,0.8935228984
824932,144,0,0.2054985038,0.4698132145,0,0.7695633133,1.378346876
824933,143,0.2810914678,0.4660013301,0.7131341987,0.3743664406,1.546635156,2.333656558
824933,144,0.3308314486,0.5322090596,0.7398969067,0.9123986247,1.920250044,2.392483318
824934,143,0,0.1918399,0.4571312891,0,1.205551822,2.079164606
824934,144,0,0.2491960275,0.5832778675,0,0.78597771,1.37365481
824935,144,0,0.2359156443,0.602444387,0,0.7973352392,1.373599766
824935,146,0,0.2394153113,0.6127411596,0,0.9466426488,1.498027755
824936,144,0,0.2627030985,0.6466009958,0,1.161974947,1.980555362
824936,146,0,0.3013541856,0.5472831807,0,0.7171312674,1.260301915
824937,144,0,0.3279537929,0.9780244107,0,1.489947228,2.58706619
824937,146,0,0.2416835749,0.7053243795,0,1.074775451,1.974655609
824938,114,0,0.2298868522,0.4571716163,0,0.9080777029,1.693985538
824938,144,0,0.409057391,0.7783703936,0,0.6729191573,1.239344611
824939,114,0,0.2011979581,0.4496583679,0,0.9938961715,1.704753391
824939,144,0,0.1725417153,0.4284043785,0,1.082316369,2.012915225
824940,133,0,0.2134292002,0.5100486594,0,0.80863588,1.459257227
824940,144,0,0.294713398,0.6787949673,0,0.5943689178,0.9190090572
824941,114,0,0.2128246389,0.4443107519,0,0.6195560654,1.175063729
824941,144,0,0.2091395068,0.439566525,0,0.9227753684,1.691646314
824942,133,0,0.2139268032,0.4611996514,0,0.8964903359,1.552436732
824942,144,0,0.1962655877,0.4895758282,0,0.7514494818,1.299980459
824943,133,0,0.2469338978,0.5761882647,0,0.970704192,1.792325775
824943,144,0,0.318320556,0.6401608251,0,0.4976826881,0.9260024991
824944,118,0,0.3217088959,0.5969200927,0,0.626128179,1.080712397
824944,144,0,0.1917296516,0.4312624859,0,0.6786110422,1.222886842
824945,118,0,0.1658651341,0.3653176213,0,0.74549004,1.292306245
824945,144,0,0.2090482436,0.4357087972,0,0.6280060128,1.131560784
824946,118,0,0.160798952,0.3642212254,0,0.76400415,1.358570357
824946,144,0,0.190060044,0.4003568743,0,0.5803523224,0.9755466603
824956,133,0,0.1979427122,0.4143562567,0,0.4671496655,0.8232702519
824956,141,0,0.1716757811,0.3767246993,0,0.5284267358,0.867655208
824957,133,0,0.3139433755,0.5831831473,0,0.6012756852,1.129495737
824957,141,0,0.2345617099,0.5673497406,0,0.8496569388,1.404503911
824958,133,0,0.1612693658,0.3499968701,0,0.4384676496,0.8065563047
824958,141,0,0.2386024605,0.619042514,0,0.973173936,1.752238802
824959,110,0,0.5584233604,0.9049502063,0,0.9291253705,1.744608427
824959,133,0,0.2143545775,0.4550346127,0,0.7625867514,1.356093257
824960,110,0.4872961154,0.7273926978,0.9139283166,0.5513299507,1.002180478,1.325665106
824960,133,0.417238614,0.6956589931,1.032522729,0.4320416899,1.088778415,1.636097821
824961,110,0,0.2185525572,0.4267056253,0,0.9494538202,1.533687457
824961,133,0,0.203726694,0.4704809552,0,0.8928750582,1.660401519
824962,133,0,0.2912595656,0.5872491454,0,0.5090353705,0.9135659325
824962,142,0,0.1758483679,0.3889576202,0,0.5283852286,0.9124450556
824963,133,0,0.1629463508,0.3500329099,0,0.4592025012,0.8760527181
824963,142,0,0.2246914277,0.5264123854,0,0.9176475374,1.696885348
824964,133,0,0.3168204274,0.5894716692,0,0.7181574027,1.279302486
824964,142,0,0.296726949,0.6041579105,0,0.8457726042,1.485387789
824965,133,0,0.1645494136,0.3306874345,0,0.6729539939,1.156634074
824965,140,0,0.1831656725,0.4018334508,0,0.4556518221,0.7835791013
824966,133,0,0.1794059124,0.3717490577,0,0.5587540475,0.9641889272
824966,140,0,0.2188130275,0.4467143315,0,0.6934188981,1.207482906
824967,133,0,0.1980470538,0.4230035098,0,0.6588249826,1.195856423
824967,139,0,0.2530942385,0.5315896105,0,0.6432922878,1.166279416
824968,133,0,0.237032079,0.4774705006,0,0.7904913971,1.362053811
824968,140,0,0.1868462661,0.4561048494,0,1.202760031,1.927249482
824969,133,0,0.1854526784,0.4137523981,0,0.8016814037,1.428482645
824969,139,0,0.306495148,0.62837588,0,0.5674097847,1.034724597
824970,133,0,0.1746614906,0.3821943877,0,1.029828644,1.615709235
824970,139,0,0.2555098234,0.4918183076,0,0.5216032679,0.8850262785
824971,116,0,0.4034996837,0.8462803225,0,0.6767050743,1.110410106
824971,133,0,0.3034683529,0.7424965754,0,1.052414973,1.958326623
824972,116,0,0.2619339212,0.5232391484,0,0.7314527188,1.337302978
824972,133,0,0.2582825766,0.5667623243,0,0.5404049362,1.015956386
824973,111,0.1967100672,0.4594440051,0.7080863185,0.240920112,0.9358017247,1.410333881
824973,133,0.2894851706,0.594308562,1.059917097,0.44239812,1.415047623,2.182570614
824974,111,0,0.2096774856,0.4184661942,0,0.3987626366,0.7190347855
824974,133,0,0.1823235601,0.3776539181,0,0.5251710959,0.9230714921
824975,116,0,0.2134968616,0.4271431326,0,0.7433859464,1.31631345
824975,133,0,0.309506065,0.7284368748,0,1.377017561,2.306112293
824976,111,0,0.2385964195,0.4735638467,0,0.7409923186,1.167341821
824976,133,0,0.2271026581,0.5314907699,0,0.9317431045,1.73821958
824977,111,0,0.3787218143,0.7426721952,0,0.6198762361,1.170017409
824977,133,0,0.2545024079,0.5950841295,0,0.7049627672,1.175956133
824978,120,0,0.3345329062,0.6819067128,0,0.7585496627,1.265294059
824978,133,0,0.2260629389,0.5549037266,0,0.7437973811,1.346410346
824979,120,0,0.307374548,0.6360721199,0,1.499348303,2.347485713
824979,133,0,0.2030732254,0.4521845178,0,0.8489858246,1.493525708
824980,133,0,0.2561166752,0.6697241168,0,1.308379781,2.353294847
824980,146,0,0.2792793022,0.5004284636,0,1.049836877,1.763638171
824981,120,0,0.2522265955,0.5074957042,0,0.6269506038,1.092936567
824981,133,0,0.1728119525,0.3985107344,0,0.9063175299,1.667125702
824982,133,0,0.5060410294,1.027021968,0,0.9769280706,1.676502867
824982,146,0,0.3615994929,0.6052217138,0,0.9230291828,1.6304515
824983,133,0,0.2498498951,0.6428542815,0,0.8147391782,1.49647747
824983,146,0,0.2449724717,0.576737589,0,0.6879312863,1.173831268
824984,119,0,0.2437878264,0.5352339214,0,0.4234580109,0.8163368774
824984,133,0,0.2095161671,0.4848744618,0,0.6727442934,1.271569242
824985,119,0,0.21122806,0.4955022607,0,0.9004040312,1.535422818
824985,133,0,0.2313288504,0.6086275682,0,0.9127514067,1.670423977
824986,119,0,0.172073341,0.3962580991,0,0.8970262687,1.506652893
824986,133,0,0.2471613545,0.5154462568,0,0.8459740865,1.579820215
824987,108,0,0.4669241045,0.9173199802,0,1.614939921,2.621254089
824987,133,0,0.2921273468,0.5633088989,0,0.6552243961,1.178700065
824988,108,0,0.1942103096,0.4803270853,0,0.8356718906,1.382945285
824988,133,0,0.2671053247,0.6386312062,0,1.030328974,1.905352439
824989,108,0,0.2465517102,0.5633835471,0,0.9201538026,1.531553769
824989,133,0,0.1636391067,0.3348255629,0,0.8274149044,1.425099388
824990,108,0.3913084592,0.7452407257,1.047162537,0.8540892,1.839343014,2.561285932
824990,133,0.2724625217,0.5208476407,0.8537564305,0.2870022829,1.170237111,1.869976834
824991,133,0,0.2163704754,0.470458683,0,0.8001162,1.26709428
824991,134,0,0.2200960906,0.463756894,0,1.284289709,2.127405446
824992,133,0,0.3703653328,0.8245278496,0,1.4006984,2.462778206
824992,134,0,0.1923680827,0.4113501475,0,0.6169707328,1.145405358
824993,133,0,0.2107109047,0.4911722551,0,0.9379695283,1.578036906
824993,134,0,0.2534117943,0.6495583144,0,0.9641417635,1.721308026
824994,115,0,0.2493881755,0.5392755312,0,0.6773108409,1.299087415
824994,133,0,0.1846025522,0.4023379967,0,1.454266057,2.374738478
824995,115,0,0.2241881143,0.5371787863,0,0.6177983185,1.111016247
824995,133,0,0.2734728215,0.6843608872,0,0.6726744627,1.09266796
824996,133,0,0.2317272678,0.5276019511,0,0.6412961587,1.231022883
824996,158,0,0.3195238345,0.5943275586,0,0.6960541174,1.171414051
824997,115,0,0.2192595651,0.4376741096,0,0.9504549416,1.744042037
824997,133,0,0.1824197175,0.3797311659,0,0.7334382157,1.2638561
824998,133,0.64561077,0.8737818021,1.19159255,0.7734400344,1.813617642,2.707546608
824998,158,1.064396083,1.231955465,1.439274581,1.21854086,2.559230498,3.183995301
824999,133,0,0.2773098913,0.5432289671,0,0.7650497052,1.342119173
824999,158,0,0.1692503589,0.3586916741,0,0.3323060292,0.613481045
825000,133,0,0.199465623,0.4532296818,0,2.113583034,3.393344497
825000,147,0,0.1909104711,0.4096977911,0,1.017110287,1.831887901
825001,133,0,0.266628207,0.5608152104,0,1.542671604,2.635340528
825001,147,0,0.1929351179,0.4266737625,0,0.6387254822,1.215053172
825002,133,0,0.1903576528,0.3958245055,0,0.7897034469,1.331016341
825002,147,0,0.1861959194,0.4180035981,0,1.039849383,1.819825829
825003,133,0,0.4372208677,0.7227645502,0,0.5779564154,1.049456086
825003,136,0,0.2282689279,0.4600105828,0,0.9163492752,1.442204469
825004,133,0,0.5658918291,1.255762795,0,1.125419549,1.895381852
825004,136,0,0.3323437465,0.7189598189,0,0.753260828,1.352980509
825005,133,0,0.2001156678,0.4298815116,0,0.5934226802,1.113287336
825005,136,0,0.2372697666,0.567331333,0,0.8223661049,1.496565179
825006,133,0,0.255951481,0.5986418439,0,0.859329579,1.553111191
825006,137,0,0.2971085073,0.5731805939,0,1.018176372,1.705578506
825007,133,0,0.1863208869,0.4190170622,0,0.5582621989,1.048643243
825007,137,0,0.217217017,0.4797408402,0,0.8929501763,1.470275622
825008,133,0,0.1894887997,0.3861414804,0,0.6879577585,1.10646393
825008,138,0,0.1798127059,0.3517443778,0,0.6306941601,1.065295921
825009,133,0,0.233295865,0.4704047493,0,0.8875487678,1.613014024
825009,137,0,0.1705184013,0.3693908753,0,0.374560134,0.7275729441
825010,133,0,0.2805842932,0.6168098324,0,0.6676311958,1.131071052
825010,138,0,0.2075121987,0.4185068539,0,1.261223736,2.03849767
825011,133,0,0.2518486176,0.6050798716,0,0.8498591779,1.491177406
825011,138,0,0.2463919519,0.4698020209,0,0.6743410861,1.187893204
825012,114,0,0.1899528522,0.3972642337,0,1.52855439,2.404511787
825012,133,0,0.2635114282,0.6489312889,0,1.274484515,2.263824822
825013,114,0,0.2758992979,0.6714420643,0,0.9601608641,1.722110021
825013,133,0,0.1671332358,0.4002775284,0,0.5998268641,1.072514637
825014,114,0,0.2185654767,0.4588121332,0,1.020962094,1.759408564
825014,133,0,0.2002386543,0.4374148355,0,1.194675997,2.109958106
825015,118,0,0.2673345411,0.5403458913,0,0.6520253461,1.081333734
825015,133,0,0.2590590019,0.6538056881,0,0.8758554762,1.615044007
825016,118,0,0.319764093,0.7075589631,0,0.7497530271,1.25339878
825016,133,0,0.6096327573,1.196739048,0,1.007110529,1.761114645
825017,118,0.2933885744,0.5105900413,0.83543205,0.47360316,1.335508643,1.98893037
825017,133,0.2780423869,0.5470986066,0.8873807693,0.2853749716,0.8698875067,1.397572908
825018,133,0,0.3806976037,0.9085549339,0,0.9851496284,1.487258319
825018,145,0,0.5203900784,0.7678916871,0,0.8177000358,1.437271719
825019,133,0,0.3518619628,0.7280129762,0,0.9278943609,1.650858249
825019,145,0,0.3524088018,0.7182295057,0,0.7069670117,1.296728606
825020,133,1.105463857,1.366055858,1.700698956,1.897089684,2.681162534,3.285333663
825020,145,0.5897737847,0.8374681729,1.078228416,1.085207535,1.819276641,2.400313279
825021,133,0,0.1969013244,0.5090650478,0,1.071876128,1.745594623
825021,140,0,0.1995504727,0.4459913922,0,0.8336752389,1.545769851
825022,133,0,0.1949892079,0.4474023751,0,0.6133576653,1.120663974
825022,140,0,0.2053724447,0.4430336101,0,0.599142754,1.100340393
825023,133,0,0.2154123626,0.5080053515,0,1.34351178,2.176450214
825023,140,0,0.2739232411,0.6144998843,0,0.7667213947,1.380650921
825024,133,0,0.3866728424,0.8388890606,0,1.181343751,2.073972638
825024,140,0,0.2008109054,0.4585043431,0,0.4325965642,0.815863143
825025,117,0.2429763889,0.5245976297,0.9289921699,0.292254528,1.351190857,2.253890871
825025,133,0.3837896253,0.6095598453,0.8978598457,0.7780618001,1.759337348,2.569113875
825026,117,0,0.298183469,0.5278095275,0,1.095554822,1.893204697
825026,133,0,0.1825021377,0.4053272743,0,1.249863808,2.028156835
825027,117,0,0.3308894193,0.6693481514,0,0.6454657725,1.227202288
825027,133,0,0.2304245868,0.5189704072,0,1.538368374,2.653728379
825037,109,0,0.158679013,0.3340071968,0,0.4949512504,0.8957873732
825037,143,0,0.3219168646,0.7125952966,0,0.5407276078,0.9768597193
825038,109,0,0.290230589,0.7337062951,0,1.390614622,2.300151576
825038,143,0,0.1663622697,0.3734482451,0,0.6079944937,1.144927877
825039,109,0,0.2517025489,0.5676959639,0,0.5548737042,0.9898375147
825039,112,0,0.2012232745,0.4534784791,0,0.48325843,0.8866051536
825040,109,0,0.2075987712,0.4606210774,0,1.255626437,2.088850743
825040,143,0,0.1558970082,0.3506553869,0,1.003124924,1.596787855
825041,109,0,0.2132278212,0.516472113,0,0.7473991341,1.341099439
825041,112,0,0.1982538566,0.3933766489,0,0.655147945,1.040376958
825042,109,0,0.2044689698,0.4532516447,0,0.9174323975,1.510363168
825042,112,0,0.2131476682,0.4938559911,0,0.7672245464,1.320871659
825043,109,0,0.4475955754,1.087742651,0,1.038226667,1.910410265
825043,113,0,0.2275084814,0.46080603,0,0.716379576,1.215910044
825044,109,0,0.2469833775,0.5342992665,0,0.814029034,1.447299202
825044,113,0,0.2079606698,0.4270912555,0,0.9256783937,1.504170921
825045,109,0,0.2037427581,0.4497099332,0,0.7589053652,1.352090432
825045,113,0,0.273585045,0.5998997682,0,1.11637066,1.905391836
825046,109,0,0.2710705824,0.6376861233,0,0.9042223741,1.535582049
825046,115,0,0.1866642925,0.4587658379,0,0.4921258056,0.8719864211
825047,109,0,0.1990609379,0.4709618584,0,0.7146935935,1.265702255
825047,115,0,0.3369055098,0.787983757,0,1.336434221,2.343535656
825048,109,0,0.1649885136,0.3948753747,0,0.8186411647,1.412534025
825048,115,0,0.2760678249,0.6880695596,0,0.8894050384,1.481809335
825049,109,0.1993459807,0.4085832129,0.6185250035,0.4446677631,1.284767468,1.944122379
825049,119,0.2298879313,0.4831020669,0.7950764015,0.2687710309,1.405242988,2.154402416
825050,109,0,0.2133420491,0.4745474895,0,0.5535298548,0.9786874423
825050,119,0,0.3230228272,0.5571359553,0,0.631093521,1.119648975
825051,109,0,0.1974612906,0.406380373,0,0.8589034875,1.458007654
825051,119,0,0.2188782529,0.4540697792,0,0.8907977856,1.432614206
825052,109,0,0.6368333483,1.088515995,0,1.209613462,1.860205064
825052,135,0,0.2659886988,0.6468836356,0,1.379502929,2.135754463
825053,109,0,0.2388778575,0.5289746805,0,1.038945195,1.839247389
825053,135,0,0.2407805972,0.5530555596,0,0.7499751339,1.397659902
825054,109,0,0.2366377851,0.5745443804,0,1.010937853,1.795115386
825054,135,0,0.2346855301,0.4451512499,0,0.6389457605,1.050439123
825055,109,0,0.267530688,0.5805987558,0,0.7236536964,1.341694296
825055,133,0,0.1889752497,0.4774536942,0,1.12138581,2.009372988
825056,109,0.4573351406,0.6846730266,0.945191959,0.9215228851,1.691428123,2.282318598
825056,133,0.3104688892,0.545546153,0.8558339456,1.26319968,2.007417717,2.541101083
825057,109,0.17315544,0.3734834084,0.6704285281,0.2016624,1.236113738,2.160388848
825057,138,0.207075664,0.4178171798,0.6679223857,0.207075664,1.644266264,2.607787366
825058,109,0,0.1885770043,0.4143444317,0,0.7759775485,1.279298308
825058,133,0,0.2765269239,0.5489584221,0,0.694620781,1.178244248
825059,109,0,0.1734481743,0.3966736816,0,0.6966294602,1.187117979
825059,138,0,0.2262700305,0.510170221,0,0.9339022851,1.44787407
825060,109,0,0.4092835441,1.102062607,0,1.729026699,2.806142274
825060,138,0,0.4838484914,0.9707328983,0,0.9406258714,1.565031339
825061,109,0,0.235608112,0.5264392787,0,0.4245619331,0.8294366797
825061,158,0,0.2044017962,0.4682513749,0,0.8384015643,1.521674091
825062,109,0.8744923766,1.099390341,1.370677664,0.9971566703,1.590861271,2.055397544
825062,158,0.3927123153,0.5927806048,0.8157586097,0.436567729,1.347717162,2.101834353
825063,109,0,0.2706606561,0.5429447986,0,0.7978421206,1.372050126
825063,158,0,0.2015719824,0.4341292788,0,0.6437398485,0.9723668297
825064,109,0,0.2127002688,0.4411098085,0,0.5215304998,0.8946907078
825064,137,0,0.2146272759,0.4663998838,0,0.7122781566,1.235666321
825065,109,0,0.1882736655,0.4032781532,0,0.5305662459,0.8986977386
825065,137,0,0.1768504487,0.4002630762,0,0.7045587977,1.318187613
825066,109,0,0.269696007,0.5408571234,0,0.8809463927,1.419365012
825066,137,0,0.2167287271,0.5215843182,0,1.456817936,2.470050933
825067,109,0,0.2096887688,0.4772974678,0,0.7003002564,1.152295548
825067,142,0,0.258905755,0.5629784508,0,0.7980660783,1.428260878
825068,109,0,0.2049840403,0.4780565216,0,1.30392934,1.865327592
825068,142,0,0.2247768605,0.52829907,0,1.593035539,2.758325435
825069,109,0,0.1675315552,0.3982032405,0,0.4675959266,0.8809576525
825069,142,0,0.1786397075,0.4105526942,0,0.9199490582,1.621328962
825070,108,0,0.2308937074,0.4611865874,0,0.5050729958,0.917043452
825070,109,0,0.2229420236,0.4851141768,0,0.6527236272,1.181777982
825071,108,0,0.20557518,0.4559891891,0,0.4538800426,0.7461916622
825071,109,0,0.2340764129,0.4125415818,0,0.2823246247,0.5188895824
825072,108,0,0.3176549911,0.7458714095,0,0.8879523561,1.650825212
825072,109,0,0.1766699641,0.3598269029,0,0.9719713048,1.586722506
825073,109,0,0.2575949635,0.6217428718,0,0.8131065293,1.433404919
825073,120,0,0.1588979225,0.3408187988,0,0.905326801,1.311111776
825074,109,0,0.2242287518,0.5006351793,0,0.4727217197,0.8974289059
825074,120,0,0.2766757569,0.6316374852,0,0.7194127303,1.345142814
825075,109,0,0.1892255714,0.43585485,0,0.6642409425,1.128232722
825075,120,0,0.2257083723,0.4749320632,0,0.4585771274,0.8601136438
825076,109,0,0.1813569518,0.4369030418,0,0.7840208145,1.367217258
825076,119,0,0.180860711,0.3790209918,0,0.5697287309,1.063850037
825077,109,0,0.1983296941,0.4719616748,0,0.9218801786,1.777941279
825077,119,0,0.1630171329,0.3745418695,0,0.4644713873,0.8670189443
825078,109,0,0.2646556819,0.7035963572,0,0.9841666314,1.543277619
825078,119,0,0.1649358557,0.3772591259,0,0.4264096374,0.7951755014
825079,109,0,0.2074276723,0.4719235455,0,0.8459134494,1.485534031
825079,119,0,0.1920847553,0.3693364827,0,0.8671342851,1.526782518
825080,109,0,0.1988219424,0.4225572965,0,1.001897573,1.755945117
825080,115,0,0.2039471551,0.4665595034,0,0.9663011582,1.67939662
825081,109,0,0.24561485,0.4751187377,0,0.4268352085,0.8115471501
825081,115,0,0.2655780376,0.5386141799,0,0.4604881366,0.8373247389
825082,109,0,0.2042131183,0.4794264883,0,0.7642609097,1.43053522
825082,115,0,0.2051686544,0.4910505809,0,0.7079288516,1.269280725
825083,109,0,0.1784763793,0.3934464636,0,1.14455045,1.818398757
825083,115,0,0.2113583122,0.4237114331,0,0.8042049306,1.411353076
825084,109,0,0.1828214154,0.4184697709,0,0.4188386486,0.7860364439
825084,137,0,0.2070733857,0.4599101632,0,0.5935240856,0.9278212935
825085,109,0,0.1785776613,0.3661405688,0,0.4117998706,0.7429131711
825085,121,0,0.3180057767,0.7019591507,0,0.9085931697,1.601803202
825086,109,0,0.1649705976,0.353696266,0,0.8286890318,1.413921385
825086,137,0,0.1879568217,0.4196474299,0,1.161900146,1.968530555
825087,109,0,0.1975789389,0.4343645286,0,0.5191799232,0.9080632516
825087,137,0,0.2897944042,0.4824475172,0,0.5104361951,0.9625618574
825088,109,0.4382535016,0.5966235606,0.7828223591,0.4529489712,0.9094588755,1.265244259
825088,121,0.1474508869,0.3517113204,0.5433274456,0.1474508869,0.7871328687,1.285829051
825089,109,0,0.2063551803,0.455083813,0,0.4304120598,0.7820765221
825089,121,0,0.1534962398,0.3378413334,0,0.8482126034,1.47332374
825090,109,0,0.2522520315,0.5201332755,0,0.5982564767,1.112498314
825090,134,0,0.2064750198,0.4719602147,0,0.6410778752,1.092795702
825091,109,0,0.3135439902,0.7147786407,0,0.7302842926,1.297489965
825091,134,0,0.2252720865,0.4673901999,0,0.4583210352,0.7877611508
825092,109,0,0.1623774032,0.3443386334,0,0.6778570315,1.219302833
825092,134,0,0.6415245015,1.259238778,0,1.033999213,1.852031618
825093,109,0,0.2373364851,0.5185053545,0,1.085111107,1.972493006
825093,135,0,0.2187905554,0.3707097928,0,0.5359905422,0.9186707664
825094,109,0,0.2019536473,0.4447451754,0,0.6670623254,1.192016795
825094,135,0,0.2348587843,0.4777378977,0,1.104592546,1.911888549
825095,109,0,0.2421088313,0.539613877,0,0.5235903144,0.9139526983
825095,135,0,0.2816872489,0.6102062328,0,0.8464241414,1.527761204
825096,109,0,0.221472031,0.4390791427,0,0.5744243934,1.078883111
825096,145,0,0.2034519636,0.4370996196,0,0.5257791741,0.9426256131
825097,109,0,0.2912466146,0.7136496107,0,1.031310419,1.779425295
825097,145,0,0.3618099696,0.9111404376,0,1.289749237,2.000003503
825098,109,0,0.293823573,0.6536750862,0,0.4697545648,0.863035436
825098,141,0,0.2952562583,0.6538228086,0,0.7208335619,1.264980724
825099,109,0,0.3489806367,0.920589996,0,1.097127705,1.90607864
825099,145,0,0.4447401917,0.7587240473,0,0.9253500404,1.781211011
825100,109,0,0.4396036492,0.9693883129,0,0.8817862406,1.573526628
825100,141,0,0.3601396162,0.6321616727,0,0.6489387405,1.167102657
825101,109,0,0.2067754049,0.4047992594,0,0.4832317664,0.8608366321
825101,141,0,0.1960791928,0.3811011534,0,0.8069245346,1.360487974
825102,109,0.08464299826,0.2677020922,0.5147197403,0.09437867895,0.7069898914,1.225750578
825102,144,0.05891499563,0.2729361329,0.5302957667,0.05891499563,0.8772741087,1.504566902
825103,109,0,0.2885577178,0.5240495829,0,0.4104909497,0.7320511635
825103,144,0,0.2160908186,0.4324090838,0,0.5879865678,1.037842452
825104,109,0,0.1963559939,0.467431322,0,0.7219339789,1.204208582
825104,144,0,0.2148588267,0.4630184521,0,0.3881423091,0.7017895415
825105,109,0,0.2095939575,0.4519164142,0,1.206369605,2.167538498
825105,144,0,0.1977598088,0.4126634199,0,0.8790221717,1.569390321
825106,109,0,0.2069965549,0.4395270692,0,0.3915126562,0.711596825
825106,116,0,0.2522298838,0.47623529,0,0.6693950187,1.10343598
825107,109,0,0.1703942978,0.4070347079,0,0.5211818301,0.9592495805
825107,116,0,0.2140876024,0.4595434526,0,0.709868721,1.228426845
825108,109,0,0.2766691752,0.6153676938,0,0.8921488241,1.496234714
825108,116,0,0.2253314957,0.5882351018,0,1.546972526,2.703744967
