entity_type,entity_id,entity_name,opportunities,recognized,raw_recognition_rate,expected_recognized,expected_recognition_rate,adjusted_recognition_rate,adjusted_effect,ci95_low,ci95_high,support_eligible,rank_eligible,identity_model_supported,method
batter,457705,Andrew McCutchen,5,3,0.6,0.875164042696,0.175032808539,0.260026246831,0.0849934382922,0.0880759940638,0.431976499599,False,False,True,EMPIRICAL_BASELINE_SHRINKAGE_PRIOR_WEIGHT_20
batter,467793,Carlos Santana,2,0,0,0.320855692246,0.160427846123,0.145843496476,-0.0145843496476,-0.00164460685931,0.293331599811,False,False,True,EMPIRICAL_BASELINE_SHRINKAGE_PRIOR_WEIGHT_20
batter,500743,Miguel Rojas,20,6,0.3,2.81480028136,0.140740014068,0.220370007034,0.0796299929659,0.091916316087,0.348823697981,True,False,True,EMPIRICAL_BASELINE_SHRINKAGE_PRIOR_WEIGHT_20
batter,502671,Paul Goldschmidt,36,1,0.0277777777778,6.88604494027,0.191279026118,0.0861710807566,-0.105107945362,0.0126731221726,0.159669039341,True,True,True,EMPIRICAL_BASELINE_SHRINKAGE_PRIOR_WEIGHT_20
batter,506702,Sandy León,4,0,0,0.893907759842,0.22347693996,0.1862307833,-0.0372461566601,0.0304812284283,0.341980338172,False,False,True,EMPIRICAL_BASELINE_SHRINKAGE_PRIOR_WEIGHT_20
batter,514888,Jose Altuve,43,20,0.46511627907,8.84416353087,0.205678221648,0.382754990999,0.177076769351,0.262729077133,0.502780904866,True,True,True,EMPIRICAL_BASELINE_SHRINKAGE_PRIOR_WEIGHT_20
batter,516782,Starling Marte,11,2,0.181818181818,3.59550597556,0.326864179597,0.275396244901,-0.0514679346956,0.118141223614,0.432651266188,False,False,True,EMPIRICAL_BASELINE_SHRINKAGE_PRIOR_WEIGHT_20
batter,518595,Travis d'Arnaud,2,0,0,0.218428845227,0.109214422614,0.0992858387398,-0.00992858387398,-0.025677287306,0.224248964786,False,False,True,EMPIRICAL_BASELINE_SHRINKAGE_PRIOR_WEIGHT_20
batter,518692,Freddie Freeman,35,5,0.142857142857,5.11029278495,0.146008365284,0.144003041922,-0.00200532336267,0.0512140042964,0.236792079547,True,True,True,EMPIRICAL_BASELINE_SHRINKAGE_PRIOR_WEIGHT_20
batter,519317,Giancarlo Stanton,4,1,0.25,0.483134360702,0.120783590176,0.14231965848,0.0215360683041,0.00253946897509,0.282099847984,False,False,True,EMPIRICAL_BASELINE_SHRINKAGE_PRIOR_WEIGHT_20
batter,521692,Salvador Perez,26,8,0.307692307692,3.66001463858,0.140769793792,0.235117301649,0.0943475078569,0.112566299051,0.357668304246,True,False,True,EMPIRICAL_BASELINE_SHRINKAGE_PRIOR_WEIGHT_20
batter,542303,Marcell Ozuna,33,12,0.363636363636,6.07449614655,0.184075640805,0.295877600304,0.111801959499,0.172992773808,0.418762426799,True,True,True,EMPIRICAL_BASELINE_SHRINKAGE_PRIOR_WEIGHT_20
batter,543309,Kyle Higashioka,13,2,0.153846153846,2.69971599191,0.207670460916,0.18646694601,-0.0212035149063,0.0535783748237,0.319355517196,False,False,True,EMPIRICAL_BASELINE_SHRINKAGE_PRIOR_WEIGHT_20
batter,543510,James McCann,12,1,0.0833333333333,1.24544150524,0.103786792103,0.0961167450643,-0.0076700470386,-0.00600936267373,0.198242852802,False,False,True,EMPIRICAL_BASELINE_SHRINKAGE_PRIOR_WEIGHT_20
batter,543760,Marcus Semien,27,9,0.333333333333,3.97729109954,0.147307077761,0.254173224579,0.106866146818,0.129695675956,0.378650773202,True,False,True,EMPIRICAL_BASELINE_SHRINKAGE_PRIOR_WEIGHT_20
batter,543807,George Springer,36,4,0.111111111111,7.0590283378,0.196084120494,0.141458614462,-0.0546255060321,0.0501824514449,0.23273477748,True,True,True,EMPIRICAL_BASELINE_SHRINKAGE_PRIOR_WEIGHT_20
batter,543877,Christian Vázquez,17,5,0.294117647059,2.44135581168,0.143609165393,0.212761711023,0.0691525456304,0.0808889646643,0.344634457382,False,False,True,EMPIRICAL_BASELINE_SHRINKAGE_PRIOR_WEIGHT_20
batter,545121,Ildemaro Vargas,27,2,0.0740740740741,4.97371464765,0.184211653617,0.120941129199,-0.063270524418,0.0277224098123,0.214159848585,True,False,True,EMPIRICAL_BASELINE_SHRINKAGE_PRIOR_WEIGHT_20
batter,545341,Randal Grichuk,15,6,0.4,2.49179057155,0.166119371437,0.266353926535,0.100234555099,0.119902063877,0.412805789193,False,False,True,EMPIRICAL_BASELINE_SHRINKAGE_PRIOR_WEIGHT_20
batter,545361,Mike Trout,73,8,0.109589041096,14.8516106109,0.203446720698,0.129773488322,-0.0736732323755,0.061473010583,0.198073966061,True,True,True,EMPIRICAL_BASELINE_SHRINKAGE_PRIOR_WEIGHT_20
batter,547180,Bryce Harper,31,21,0.677419354839,5.75612219862,0.185681361246,0.484580925979,0.298899564733,0.347418744325,0.621743107633,True,True,True,EMPIRICAL_BASELINE_SHRINKAGE_PRIOR_WEIGHT_20
batter,553869,Elias Díaz,11,0,0,2.22944200621,0.202676546019,0.130759061948,-0.0719174840714,0.0120780588038,0.249440065092,False,False,True,EMPIRICAL_BASELINE_SHRINKAGE_PRIOR_WEIGHT_20
batter,553993,Eugenio Suárez,44,5,0.113636363636,8.84746654735,0.201078785167,0.140962120365,-0.0601166648023,0.0557064146656,0.226217826064,True,True,True,EMPIRICAL_BASELINE_SHRINKAGE_PRIOR_WEIGHT_20
batter,571448,Nolan Arenado,38,8,0.210526315789,8.04092801665,0.211603368859,0.2108977134,-0.000705655459556,0.10590850505,0.31588692175,True,True,True,EMPIRICAL_BASELINE_SHRINKAGE_PRIOR_WEIGHT_20
batter,571771,Enrique Hernández,6,0,0,0.679022027854,0.113170337976,0.0870541061351,-0.0261162318405,-0.0213102731003,0.19541848537,False,False,True,EMPIRICAL_BASELINE_SHRINKAGE_PRIOR_WEIGHT_20
batter,571912,Luke Maile,4,0,0,0.553631039699,0.138407759925,0.115339799937,-0.0230679599875,-0.0124594462005,0.243139046075,False,False,True,EMPIRICAL_BASELINE_SHRINKAGE_PRIOR_WEIGHT_20
batter,571970,Max Muncy,29,3,0.103448275862,5.68693057614,0.19610105435,0.141265736469,-0.0548353178805,0.0437430073829,0.238788465556,True,False,True,EMPIRICAL_BASELINE_SHRINKAGE_PRIOR_WEIGHT_20
batter,572233,Christian Walker,27,11,0.407407407407,3.81072406379,0.141137928289,0.29410124608,0.152963317792,0.163836534479,0.424365957681,True,False,True,EMPIRICAL_BASELINE_SHRINKAGE_PRIOR_WEIGHT_20
batter,573262,Mike Yastrzemski,19,1,0.0526315789474,2.68149341278,0.141131232252,0.0980160165392,-0.0431152157123,0.00469666657382,0.191335366505,False,False,True,EMPIRICAL_BASELINE_SHRINKAGE_PRIOR_WEIGHT_20
batter,575929,Willson Contreras,30,8,0.266666666667,6.18113130615,0.206037710205,0.242415084082,0.036377373877,0.123628731111,0.361201437053,True,True,True,EMPIRICAL_BASELINE_SHRINKAGE_PRIOR_WEIGHT_20
batter,592206,Nick Castellanos,5,0,0,0.737705212852,0.14754104257,0.118032834056,-0.0295082085141,-0.00844478844438,0.244510456557,False,False,True,EMPIRICAL_BASELINE_SHRINKAGE_PRIOR_WEIGHT_20
batter,592450,Aaron Judge,23,6,0.260869565217,5.75140565616,0.250061115485,0.255842379296,0.00578126381016,0.125423473253,0.386261285338,True,False,True,EMPIRICAL_BASELINE_SHRINKAGE_PRIOR_WEIGHT_20
batter,592518,Manny Machado,32,10,0.3125,5.00209419764,0.156315443676,0.252429016799,0.0961135731223,0.134356109925,0.370501923672,True,True,True,EMPIRICAL_BASELINE_SHRINKAGE_PRIOR_WEIGHT_20
batter,592626,Joc Pederson,16,3,0.1875,3.7772758036,0.236079737725,0.214488743181,-0.0215909945444,0.080402791199,0.348574695162,False,False,True,EMPIRICAL_BASELINE_SHRINKAGE_PRIOR_WEIGHT_20
batter,592663,J.T. Realmuto,29,2,0.0689655172414,4.72782368656,0.163028402985,0.107358531831,-0.0556698711544,0.0206793422062,0.194037721455,True,False,True,EMPIRICAL_BASELINE_SHRINKAGE_PRIOR_WEIGHT_20
batter,592885,Christian Yelich,41,6,0.146341463415,8.99492973654,0.21938853016,0.170291321364,-0.0490972087958,0.0759612358974,0.26462140683,True,True,True,EMPIRICAL_BASELINE_SHRINKAGE_PRIOR_WEIGHT_20
batter,593428,Xander Bogaerts,55,18,0.327272727273,11.0314983244,0.200572696808,0.293486052482,0.0929133556743,0.190428566725,0.396543538239,True,True,True,EMPIRICAL_BASELINE_SHRINKAGE_PRIOR_WEIGHT_20
batter,593871,Jorge Polanco,11,4,0.363636363636,2.37739748466,0.21612704406,0.268469060684,0.0523420166238,0.112463996852,0.424474124516,False,False,True,EMPIRICAL_BASELINE_SHRINKAGE_PRIOR_WEIGHT_20
batter,595879,Javier Báez,8,4,0.5,1.70962494618,0.213703118272,0.295502227337,0.0817991090651,0.126498124766,0.464506329909,False,False,True,EMPIRICAL_BASELINE_SHRINKAGE_PRIOR_WEIGHT_20
batter,595978,Austin Hedges,13,1,0.0769230769231,2.621424722,0.201648055539,0.152513973054,-0.0491340824849,0.0298491061276,0.27517883998,False,False,True,EMPIRICAL_BASELINE_SHRINKAGE_PRIOR_WEIGHT_20
batter,596019,Francisco Lindor,36,0,0,4.86568410395,0.135157891776,0.0482706756345,-0.086887216142,-0.00786778142544,0.104409132694,True,True,True,EMPIRICAL_BASELINE_SHRINKAGE_PRIOR_WEIGHT_20
batter,596103,Austin Slater,5,1,0.2,0.446386205289,0.0892772410578,0.111421792846,0.0221445517884,-0.0119224737503,0.234766059443,False,False,True,EMPIRICAL_BASELINE_SHRINKAGE_PRIOR_WEIGHT_20
batter,596115,Trevor Story,17,2,0.117647058824,2.51284786443,0.14781458026,0.133953827168,-0.0138607530926,0.0242041387681,0.243703515567,False,False,True,EMPIRICAL_BASELINE_SHRINKAGE_PRIOR_WEIGHT_20
batter,596117,Garrett Stubbs,2,1,0.5,0.315069852081,0.157534926041,0.188668114582,0.0311331885418,0.025177337628,0.352158891537,False,False,True,EMPIRICAL_BASELINE_SHRINKAGE_PRIOR_WEIGHT_20
batter,596142,Gary Sánchez,24,14,0.583333333333,4.74407113164,0.197669630485,0.408031650221,0.210362019735,0.262811827362,0.553251473079,True,False,True,EMPIRICAL_BASELINE_SHRINKAGE_PRIOR_WEIGHT_20
batter,596146,Max Kepler,6,2,0.333333333333,0.91555721395,0.152592868992,0.194302206917,0.041709337925,0.0422144162392,0.346389997594,False,False,True,EMPIRICAL_BASELINE_SHRINKAGE_PRIOR_WEIGHT_20
batter,602104,Ramón Urías,4,2,0.5,0.803712326602,0.200928081651,0.250773401375,0.0498453197249,0.0773539614437,0.424192841307,False,False,True,EMPIRICAL_BASELINE_SHRINKAGE_PRIOR_WEIGHT_20
batter,605137,Josh Bell,30,12,0.4,5.49497513018,0.183165837673,0.313266335069,0.130100497396,0.184701528357,0.441831141781,True,True,True,EMPIRICAL_BASELINE_SHRINKAGE_PRIOR_WEIGHT_20
batter,605141,Mookie Betts,47,10,0.212765957447,6.88914180728,0.146577485261,0.193008204556,0.0464307192943,0.0985061794826,0.287510229629,True,True,True,EMPIRICAL_BASELINE_SHRINKAGE_PRIOR_WEIGHT_20
batter,605170,Victor Caratini,27,3,0.111111111111,5.43499516779,0.201296117326,0.1494877095,-0.0518084078253,0.0475464058656,0.251429013135,True,False,True,EMPIRICAL_BASELINE_SHRINKAGE_PRIOR_WEIGHT_20
batter,605244,Aramis Garcia,1,0,0,0.119499321182,0.119499321182,0.113808877317,-0.00569044386583,-0.0220219016183,0.249639656251,False,False,True,EMPIRICAL_BASELINE_SHRINKAGE_PRIOR_WEIGHT_20
batter,606115,Orlando Arcia,1,0,0,0.129696970976,0.129696970976,0.123520924739,-0.00617604623697,-0.0172093279108,0.26425117739,False,False,True,EMPIRICAL_BASELINE_SHRINKAGE_PRIOR_WEIGHT_20
batter,606192,Teoscar Hernández,27,11,0.407407407407,4.50933247886,0.167012314032,0.305111622992,0.13809930896,0.173469753207,0.436753492777,True,False,True,EMPIRICAL_BASELINE_SHRINKAGE_PRIOR_WEIGHT_20
batter,606466,Ketel Marte,34,5,0.147058823529,6.51345204903,0.191572119089,0.163545229292,-0.0280268897969,0.0648947129519,0.262195745633,True,True,True,EMPIRICAL_BASELINE_SHRINKAGE_PRIOR_WEIGHT_20
batter,606992,Eric Haase,4,0,0,0.794688947505,0.198672236876,0.165560197397,-0.0331120394794,0.0168550766014,0.314265318192,False,False,True,EMPIRICAL_BASELINE_SHRINKAGE_PRIOR_WEIGHT_20
batter,607043,Brandon Nimmo,27,3,0.111111111111,4.05744362735,0.150275689902,0.12777688932,-0.0224988005819,0.032333227594,0.223220551046,True,False,True,EMPIRICAL_BASELINE_SHRINKAGE_PRIOR_WEIGHT_20
batter,607208,Trea Turner,31,10,0.322580645161,5.11680586315,0.16505825365,0.260807158294,0.0957489046442,0.140300896863,0.381313419725,True,True,True,EMPIRICAL_BASELINE_SHRINKAGE_PRIOR_WEIGHT_20
batter,608070,José Ramírez,34,0,0,6.01181932646,0.176818215484,0.0654882279571,-0.111329987527,-0.000494945524148,0.131471401438,True,True,True,EMPIRICAL_BASELINE_SHRINKAGE_PRIOR_WEIGHT_20
batter,608324,Alex Bregman,54,13,0.240740740741,8.14813221749,0.150891337361,0.216457118206,0.0655657808448,0.122623701064,0.310290535347,True,True,True,EMPIRICAL_BASELINE_SHRINKAGE_PRIOR_WEIGHT_20
batter,608348,Carson Kelly,30,3,0.1,5.78561007056,0.192853669019,0.137141467608,-0.0557122014113,0.0417904648754,0.23249247034,True,True,True,EMPIRICAL_BASELINE_SHRINKAGE_PRIOR_WEIGHT_20
batter,608369,Corey Seager,25,5,0.2,4.39069940735,0.175627976294,0.189167989464,0.0135400131701,0.0747382046227,0.303597774305,True,False,True,EMPIRICAL_BASELINE_SHRINKAGE_PRIOR_WEIGHT_20
batter,608701,Rob Refsnyder,18,3,0.166666666667,4.81958265884,0.267754592158,0.219870837978,-0.04788375418,0.0881873428115,0.351554333144,False,False,True,EMPIRICAL_BASELINE_SHRINKAGE_PRIOR_WEIGHT_20
batter,608841,Joey Meneses,1,0,0,0.382957695274,0.382957695274,0.364721614546,-0.0182360807273,0.158843958785,0.570599270308,False,False,True,EMPIRICAL_BASELINE_SHRINKAGE_PRIOR_WEIGHT_20
batter,609280,Miguel Andujar,8,1,0.125,1.06902702506,0.133628378133,0.131163127238,-0.00246525089517,0.0061222364496,0.256204018026,False,False,True,EMPIRICAL_BASELINE_SHRINKAGE_PRIOR_WEIGHT_20
batter,620443,Luis Torrens,18,0,0,3.42829205939,0.190460669966,0.100242457877,-0.0902182120893,0.00475356142788,0.195731354326,False,False,True,EMPIRICAL_BASELINE_SHRINKAGE_PRIOR_WEIGHT_20
batter,621020,Dansby Swanson,18,1,0.0555555555556,2.797706878,0.155428159889,0.108120084152,-0.0473080757368,0.00938519278529,0.206854975519,False,False,True,EMPIRICAL_BASELINE_SHRINKAGE_PRIOR_WEIGHT_20
batter,621043,Carlos Correa,7,2,0.285714285714,1.53116417557,0.218737739367,0.236102029161,0.0173642897937,0.0759096958297,0.396294362492,False,False,True,EMPIRICAL_BASELINE_SHRINKAGE_PRIOR_WEIGHT_20
batter,621438,Tyrone Taylor,14,2,0.142857142857,3.02228131355,0.215877236682,0.185810139225,-0.0300670974574,0.055068428871,0.316551849579,False,False,True,EMPIRICAL_BASELINE_SHRINKAGE_PRIOR_WEIGHT_20
batter,621439,Byron Buxton,25,6,0.24,4.4207327022,0.176829308088,0.211924136928,0.03509482884,0.0925187173043,0.331329556552,True,False,True,EMPIRICAL_BASELINE_SHRINKAGE_PRIOR_WEIGHT_20
batter,621493,Taylor Ward,51,8,0.156862745098,9.74449220797,0.191068474666,0.166498161878,-0.0245703127883,0.0798449031612,0.253151420594,True,True,True,EMPIRICAL_BASELINE_SHRINKAGE_PRIOR_WEIGHT_20
batter,621566,Matt Olson,19,6,0.315789473684,2.31348196313,0.121762208586,0.216288312095,0.0945261035096,0.0870716686917,0.345504955499,False,False,True,EMPIRICAL_BASELINE_SHRINKAGE_PRIOR_WEIGHT_20
batter,622268,Donovan Walton,6,2,0.333333333333,1.2106396427,0.201773273783,0.232133287525,0.0303600137425,0.0698472976356,0.394419277415,False,False,True,EMPIRICAL_BASELINE_SHRINKAGE_PRIOR_WEIGHT_20
batter,622761,Jorge Mateo,12,3,0.25,2.11310311942,0.176091926618,0.203807454137,0.0277155275181,0.0642348544195,0.343380053854,False,False,True,EMPIRICAL_BASELINE_SHRINKAGE_PRIOR_WEIGHT_20
batter,623168,Tyler Heineman,4,1,0.25,0.875861513959,0.21896537849,0.224137815408,0.00517243691839,0.0572977657948,0.390977865021,False,False,True,EMPIRICAL_BASELINE_SHRINKAGE_PRIOR_WEIGHT_20
batter,623205,Andrew Velazquez,1,0,0,0.0518962026562,0.0518962026562,0.0494249549106,-0.00247124774553,-0.0432820966982,0.142132006519,False,False,True,EMPIRICAL_BASELINE_SHRINKAGE_PRIOR_WEIGHT_20
batter,624413,Pete Alonso,64,8,0.125,11.9083066403,0.186067291254,0.139539831251,-0.0465274600031,0.065437663857,0.213641998645,True,True,True,EMPIRICAL_BASELINE_SHRINKAGE_PRIOR_WEIGHT_20
batter,624424,Michael Conforto,19,5,0.263157894737,4.71493025083,0.248154223728,0.255463704476,0.00730948074782,0.118586442981,0.392340965971,False,False,True,EMPIRICAL_BASELINE_SHRINKAGE_PRIOR_WEIGHT_20
batter,624428,Adam Frazier,7,2,0.285714285714,2.10613774225,0.300876820321,0.29694579283,-0.00393102749056,0.124597421688,0.469294163972,False,False,True,EMPIRICAL_BASELINE_SHRINKAGE_PRIOR_WEIGHT_20
batter,624431,Jose Trevino,14,0,0,2.98057755113,0.21289839651,0.125234350888,-0.0876640456216,0.0139781546565,0.23649054712,False,False,True,EMPIRICAL_BASELINE_SHRINKAGE_PRIOR_WEIGHT_20
batter,624512,Reese McGuire,2,0,0,0.084232624889,0.0421163124445,0.0382875567677,-0.00382875567677,-0.0418980048682,0.118473118404,False,False,True,EMPIRICAL_BASELINE_SHRINKAGE_PRIOR_WEIGHT_20
batter,624585,Jorge Soler,15,3,0.2,2.91944350842,0.194629567228,0.196931181273,0.00230161404513,0.0651796492409,0.328682713305,False,False,True,EMPIRICAL_BASELINE_SHRINKAGE_PRIOR_WEIGHT_20
batter,624641,Edmundo Sosa,11,4,0.363636363636,1.16266717012,0.105697015465,0.197223880945,0.0915268654801,0.0571516012122,0.337296160678,False,False,True,EMPIRICAL_BASELINE_SHRINKAGE_PRIOR_WEIGHT_20
batter,630105,Jake Cronenworth,16,2,0.125,3.01015149848,0.188134468655,0.160074704808,-0.0280597638467,0.0402940987642,0.279855310853,False,False,True,EMPIRICAL_BASELINE_SHRINKAGE_PRIOR_WEIGHT_20
batter,640459,Brian Navarreto,4,0,0,0.969846495045,0.242461623761,0.202051353134,-0.0404102706269,0.0414057647941,0.362696941475,False,False,True,EMPIRICAL_BASELINE_SHRINKAGE_PRIOR_WEIGHT_20
batter,640492,José Azócar,1,0,0,0.118024083839,0.118024083839,0.11240388937,-0.00562019446851,-0.0226928255634,0.247500604304,False,False,True,EMPIRICAL_BASELINE_SHRINKAGE_PRIOR_WEIGHT_20
batter,640902,Jhonny Pereda,13,0,0,2.75433480113,0.211871907779,0.128407216836,-0.0834646909434,0.0142638625879,0.242550571084,False,False,True,EMPIRICAL_BASELINE_SHRINKAGE_PRIOR_WEIGHT_20
batter,641343,Jake Bauers,43,8,0.186046511628,8.82931757604,0.205332966885,0.192169195836,-0.0131637710482,0.0948747860568,0.289463605616,True,True,True,EMPIRICAL_BASELINE_SHRINKAGE_PRIOR_WEIGHT_20
batter,641355,Cody Bellinger,17,1,0.0588235294118,3.05153692382,0.179502171989,0.124055228102,-0.0554469438869,0.0178364973497,0.230273958855,False,False,True,EMPIRICAL_BASELINE_SHRINKAGE_PRIOR_WEIGHT_20
batter,641487,J.P. Crawford,18,2,0.111111111111,3.57701729044,0.198723182802,0.157222727791,-0.0415004550115,0.04148409598,0.272961359601,False,False,True,EMPIRICAL_BASELINE_SHRINKAGE_PRIOR_WEIGHT_20
batter,641555,J.C. Escarra,2,0,0,0.102149967917,0.0510749839585,0.0464318035986,-0.00464318035986,-0.0414964377237,0.134360044921,False,False,True,EMPIRICAL_BASELINE_SHRINKAGE_PRIOR_WEIGHT_20
batter,641584,Jake Fraley,6,4,0.666666666667,1.06645888587,0.177743147644,0.290571652034,0.11282850439,0.116049609215,0.465093694853,False,False,True,EMPIRICAL_BASELINE_SHRINKAGE_PRIOR_WEIGHT_20
batter,641598,Mitch Garver,11,1,0.0909090909091,2.25393368781,0.204903062528,0.164453588728,-0.0404494738002,0.0339620984159,0.294945079039,False,False,True,EMPIRICAL_BASELINE_SHRINKAGE_PRIOR_WEIGHT_20
batter,641680,Jonah Heim,14,2,0.142857142857,1.84974817409,0.132124869578,0.136544040928,0.00441917135039,0.0211261632789,0.251961918577,False,False,True,EMPIRICAL_BASELINE_SHRINKAGE_PRIOR_WEIGHT_20
batter,641857,Ryan McMahon,24,6,0.25,4.82755323703,0.201148051543,0.227794568883,0.0266465173402,0.103867025235,0.351722112531,True,False,True,EMPIRICAL_BASELINE_SHRINKAGE_PRIOR_WEIGHT_20
batter,641933,Tyler O'Neill,28,6,0.214285714286,4.93064151926,0.176094339973,0.198372641656,0.0222783016821,0.0855587434261,0.311186539885,True,False,True,EMPIRICAL_BASELINE_SHRINKAGE_PRIOR_WEIGHT_20
batter,642086,Dominic Smith,16,5,0.3125,3.6984395413,0.231152471332,0.267306928518,0.036154457186,0.122739328536,0.411874528499,False,False,True,EMPIRICAL_BASELINE_SHRINKAGE_PRIOR_WEIGHT_20
batter,642133,Rowdy Tellez,1,0,0,0.212636827984,0.212636827984,0.202511264746,-0.0101255632373,0.0306281181267,0.374394411366,False,False,True,EMPIRICAL_BASELINE_SHRINKAGE_PRIOR_WEIGHT_20
batter,642201,Eli White,13,2,0.153846153846,2.34572796712,0.180440612856,0.169964007791,-0.0104766050644,0.0418118139012,0.298116201681,False,False,True,EMPIRICAL_BASELINE_SHRINKAGE_PRIOR_WEIGHT_20
batter,642215,Weston Wilson,14,1,0.0714285714286,2.1631962941,0.154514021007,0.120302365298,-0.0342116557088,0.0109519572266,0.22965277337,False,False,True,EMPIRICAL_BASELINE_SHRINKAGE_PRIOR_WEIGHT_20
batter,642350,Jose Siri,16,1,0.0625,1.97876416537,0.123672760335,0.0964848668531,-0.0271878934824,3.48878521487e-05,0.192934845854,False,False,True,EMPIRICAL_BASELINE_SHRINKAGE_PRIOR_WEIGHT_20
batter,642708,Amed Rosario,8,0,0,1.21503344936,0.15187918117,0.108485129407,-0.0433940517629,-0.00670796829213,0.223678227106,False,False,True,EMPIRICAL_BASELINE_SHRINKAGE_PRIOR_WEIGHT_20
batter,642715,Willy Adames,34,7,0.205882352941,5.48901804368,0.161441707167,0.189422854506,0.0279811473392,0.0849093147265,0.293936394286,True,True,True,EMPIRICAL_BASELINE_SHRINKAGE_PRIOR_WEIGHT_20
batter,642851,Austin Wynns,8,0,0,1.09668219073,0.137085273841,0.0979180527438,-0.0391672210975,-0.0121677809277,0.208003886415,False,False,True,EMPIRICAL_BASELINE_SHRINKAGE_PRIOR_WEIGHT_20
batter,643217,Andrew Benintendi,16,0,0,2.40251904508,0.150157440318,0.0834208001765,-0.0667366401412,-0.00690815677256,0.173749757126,False,False,True,EMPIRICAL_BASELINE_SHRINKAGE_PRIOR_WEIGHT_20
batter,643289,Mauricio Dubón,43,7,0.162790697674,6.35224593577,0.147726649669,0.158008460212,0.0102818105434,0.0679385290179,0.248078391407,True,True,True,EMPIRICAL_BASELINE_SHRINKAGE_PRIOR_WEIGHT_20
batter,643376,Danny Jansen,9,0,0,1.74762602908,0.194180669898,0.133917703378,-0.0602629665201,0.00996510091442,0.257870305842,False,False,True,EMPIRICAL_BASELINE_SHRINKAGE_PRIOR_WEIGHT_20
batter,643396,Isiah Kiner-Falefa,11,3,0.272727272727,1.98301396915,0.180273997196,0.213079998191,0.0328060009951,0.0689309235518,0.35722907283,False,False,True,EMPIRICAL_BASELINE_SHRINKAGE_PRIOR_WEIGHT_20
batter,643446,Jeff McNeil,19,6,0.315789473684,2.14007218594,0.112635378207,0.21160788626,0.0989725080529,0.0834159143611,0.339799858159,False,False,True,EMPIRICAL_BASELINE_SHRINKAGE_PRIOR_WEIGHT_20
batter,644433,Chadwick Tromp,2,0,0,0.687045907591,0.343522953795,0.312293594359,-0.0312293594359,0.118639000445,0.505948188274,False,False,True,EMPIRICAL_BASELINE_SHRINKAGE_PRIOR_WEIGHT_20
batter,645277,Ozzie Albies,28,4,0.142857142857,3.85042168608,0.137515060217,0.14063127509,0.00311621487331,0.0422831280047,0.238979422176,True,False,True,EMPIRICAL_BASELINE_SHRINKAGE_PRIOR_WEIGHT_20
batter,645302,Victor Robles,10,1,0.1,1.60081183882,0.160081183882,0.140054122588,-0.0200270612941,0.0158663173323,0.264241927844,False,False,True,EMPIRICAL_BASELINE_SHRINKAGE_PRIOR_WEIGHT_20
batter,645305,Ali Sánchez,2,0,0,0.148724911803,0.0743624559013,0.0676022326376,-0.00676022326376,-0.0373099356636,0.172514400939,False,False,True,EMPIRICAL_BASELINE_SHRINKAGE_PRIOR_WEIGHT_20
batter,646240,Rafael Devers,22,3,0.136363636364,3.6448464294,0.1656748377,0.150321351286,-0.0153534864143,0.0422354335804,0.258407268991,True,False,True,EMPIRICAL_BASELINE_SHRINKAGE_PRIOR_WEIGHT_20
batter,647304,Josh Naylor,24,6,0.25,3.15992617671,0.131663590696,0.196210723044,0.0645471323475,0.0788663669304,0.313555079157,True,False,True,EMPIRICAL_BASELINE_SHRINKAGE_PRIOR_WEIGHT_20
batter,649966,Luis Urías,6,0,0,0.965916894337,0.160986149056,0.123835499274,-0.0371506497822,-0.00277939702135,0.250450395569,False,False,True,EMPIRICAL_BASELINE_SHRINKAGE_PRIOR_WEIGHT_20
batter,650333,Luis Arraez,42,3,0.0714285714286,5.269420126,0.125462383952,0.088858833533,-0.0366035504193,0.0180310966829,0.159686570383,True,True,True,EMPIRICAL_BASELINE_SHRINKAGE_PRIOR_WEIGHT_20
batter,650391,Eloy Jiménez,4,0,0,0.683729017774,0.170932254443,0.14244354537,-0.0284887090739,0.00261263090814,0.282274459831,False,False,True,EMPIRICAL_BASELINE_SHRINKAGE_PRIOR_WEIGHT_20
batter,650402,Gleyber Torres,38,5,0.131578947368,6.05697915414,0.159394188267,0.141170409747,-0.0182237785197,0.0515581535493,0.230782665945,True,True,True,EMPIRICAL_BASELINE_SHRINKAGE_PRIOR_WEIGHT_20
batter,650489,Willi Castro,25,6,0.24,2.97589050944,0.119035620378,0.186238053501,0.0672024331235,0.0724929487299,0.299983158272,True,False,True,EMPIRICAL_BASELINE_SHRINKAGE_PRIOR_WEIGHT_20
batter,650490,Yandy Díaz,51,0,0,7.8815153112,0.154539515906,0.0435322580017,-0.111007257904,-0.0039321051309,0.0909966211343,True,True,True,EMPIRICAL_BASELINE_SHRINKAGE_PRIOR_WEIGHT_20
batter,650559,Bryan De La Cruz,3,0,0,0.753444988773,0.251148329591,0.218389851818,-0.0327584777727,0.0495389148543,0.387240788782,False,False,True,EMPIRICAL_BASELINE_SHRINKAGE_PRIOR_WEIGHT_20
batter,650859,Luis Rengifo,22,2,0.0909090909091,3.31059424288,0.150481556494,0.119276931664,-0.0312046248304,0.0212536266578,0.21730023667,True,False,True,EMPIRICAL_BASELINE_SHRINKAGE_PRIOR_WEIGHT_20
batter,650968,Yohel Pozo,5,2,0.4,1.10612860279,0.221225720559,0.256980576447,0.0357548558882,0.085688884175,0.428272268719,False,False,True,EMPIRICAL_BASELINE_SHRINKAGE_PRIOR_WEIGHT_20
batter,655316,Andruw Monasterio,29,1,0.0344827586207,4.8535120997,0.167362486197,0.088719382121,-0.0786431040755,0.00910466574777,0.168334098494,True,False,True,EMPIRICAL_BASELINE_SHRINKAGE_PRIOR_WEIGHT_20
batter,656305,Matt Chapman,25,4,0.16,5.55695560501,0.222278224201,0.187679210756,-0.0345990134448,0.0735960138583,0.301762407653,True,False,True,EMPIRICAL_BASELINE_SHRINKAGE_PRIOR_WEIGHT_20
batter,656413,Stuart Fairchild,4,4,1,1.12316240769,0.280790601922,0.400658834935,0.119868233013,0.204605214659,0.596712455211,False,False,True,EMPIRICAL_BASELINE_SHRINKAGE_PRIOR_WEIGHT_20
batter,656484,Tristan Gray,11,3,0.272727272727,2.91688405719,0.265171277926,0.267852437372,0.00268115944561,0.111960973142,0.423743901601,False,False,True,EMPIRICAL_BASELINE_SHRINKAGE_PRIOR_WEIGHT_20
batter,656537,Derek Hill,11,2,0.181818181818,3.65709457888,0.332463143535,0.2790084797,-0.0534546638349,0.121120523046,0.436896436354,False,False,True,EMPIRICAL_BASELINE_SHRINKAGE_PRIOR_WEIGHT_20
batter,656555,Rhys Hoskins,20,7,0.35,3.63329274238,0.181664637119,0.265832318559,0.0841676814405,0.128924706175,0.402739930944,True,False,True,EMPIRICAL_BASELINE_SHRINKAGE_PRIOR_WEIGHT_20
batter,656577,Alex Jackson,2,0,0,0.126609728274,0.0633048641368,0.057549876488,-0.0057549876488,-0.0397687826883,0.154868535664,False,False,True,EMPIRICAL_BASELINE_SHRINKAGE_PRIOR_WEIGHT_20
batter,656582,Connor Joe,3,1,0.333333333333,0.357102414219,0.119034138073,0.14698620702,0.027952068947,0.00227289884196,0.291699515198,False,False,True,EMPIRICAL_BASELINE_SHRINKAGE_PRIOR_WEIGHT_20
batter,656716,Zach McKinstry,16,4,0.25,2.77169148109,0.173230717568,0.207350398649,0.0341196810809,0.0749168912741,0.339783906024,False,False,True,EMPIRICAL_BASELINE_SHRINKAGE_PRIOR_WEIGHT_20
batter,656775,Cedric Mullins,32,10,0.3125,5.87036848205,0.183449015064,0.262865005794,0.0794159907299,0.143220075482,0.382509936105,True,True,True,EMPIRICAL_BASELINE_SHRINKAGE_PRIOR_WEIGHT_20
batter,656811,Ryan O'Hearn,25,8,0.32,5.87001730471,0.234800692188,0.282133640973,0.0473329487842,0.150641725439,0.413625556506,True,False,True,EMPIRICAL_BASELINE_SHRINKAGE_PRIOR_WEIGHT_20
batter,656941,Kyle Schwarber,43,12,0.279069767442,7.85741026318,0.182730471237,0.248485863885,0.0657553926479,0.141775839953,0.355195887816,True,True,True,EMPIRICAL_BASELINE_SHRINKAGE_PRIOR_WEIGHT_20
batter,656976,Pavin Smith,4,1,0.25,1.1574279748,0.289356993699,0.282797494749,-0.00655949894983,0.102616438552,0.462978550946,False,False,True,EMPIRICAL_BASELINE_SHRINKAGE_PRIOR_WEIGHT_20
batter,657041,Lane Thomas,32,4,0.125,5.46914127365,0.170910664802,0.142657948001,-0.028252716801,0.0476019668344,0.237713929167,True,True,True,EMPIRICAL_BASELINE_SHRINKAGE_PRIOR_WEIGHT_20
batter,657136,Connor Wong,17,3,0.176470588235,3.18475785635,0.187338697432,0.182345241855,-0.00499345557697,0.057926039972,0.306764443739,False,False,True,EMPIRICAL_BASELINE_SHRINKAGE_PRIOR_WEIGHT_20
batter,657656,Ramón Laureano,9,2,0.222222222222,1.03881742143,0.115424157936,0.148568384784,0.0331442268474,0.0191204400542,0.278016329513,False,False,True,EMPIRICAL_BASELINE_SHRINKAGE_PRIOR_WEIGHT_20
batter,657757,Gavin Sheets,33,2,0.0606060606061,4.52433623793,0.137101098119,0.0894721124977,-0.0476289856213,0.0126283522738,0.166315872722,True,True,True,EMPIRICAL_BASELINE_SHRINKAGE_PRIOR_WEIGHT_20
batter,660162,Yoán Moncada,10,0,0,2.83030442049,0.283030442049,0.188686961366,-0.094343480683,0.0486764579627,0.328697464769,False,False,True,EMPIRICAL_BASELINE_SHRINKAGE_PRIOR_WEIGHT_20
batter,660271,Shohei Ohtani,25,6,0.24,4.09232201949,0.16369288078,0.206085724791,0.0423928440113,0.0879012104323,0.32427023915,True,False,True,EMPIRICAL_BASELINE_SHRINKAGE_PRIOR_WEIGHT_20
batter,660670,Ronald Acuña Jr.,34,10,0.294117647059,6.4919643423,0.190940127715,0.255903751005,0.0649636232908,0.13951471398,0.372292788031,True,True,True,EMPIRICAL_BASELINE_SHRINKAGE_PRIOR_WEIGHT_20
batter,660688,Keibert Ruiz,11,0,0,1.79760178093,0.163418343721,0.105431189497,-0.0579871542236,-0.00267900626113,0.213541385256,False,False,True,EMPIRICAL_BASELINE_SHRINKAGE_PRIOR_WEIGHT_20
batter,660710,Rodolfo Durán,11,0,0,2.5420143353,0.2310922123,0.149091749871,-0.0820004624291,0.0237073811629,0.274476118579,False,False,True,EMPIRICAL_BASELINE_SHRINKAGE_PRIOR_WEIGHT_20
batter,660821,Jesús Sánchez,17,5,0.294117647059,2.9551628964,0.173833111553,0.229098979218,0.0552658676649,0.0936841904065,0.364513768029,False,False,True,EMPIRICAL_BASELINE_SHRINKAGE_PRIOR_WEIGHT_20
batter,660844,Leo Rivas,13,2,0.153846153846,1.82653466017,0.140502666167,0.145759191616,0.00525652544954,0.0253645289596,0.266153854273,False,False,True,EMPIRICAL_BASELINE_SHRINKAGE_PRIOR_WEIGHT_20
batter,661388,William Contreras,44,6,0.136363636364,6.10467280349,0.138742563716,0.137107051161,-0.00163551255452,0.0528367706426,0.22137733168,True,True,True,EMPIRICAL_BASELINE_SHRINKAGE_PRIOR_WEIGHT_20
batter,661531,Brian Serven,6,0,0,1.70963490591,0.284939150984,0.219183962296,-0.0657551886887,0.0601652813464,0.378202643245,False,False,True,EMPIRICAL_BASELINE_SHRINKAGE_PRIOR_WEIGHT_20
batter,662139,Daulton Varsho,28,5,0.178571428571,3.88487618178,0.138745577921,0.161977324134,0.0232317462129,0.0577478737032,0.266206774564,True,False,True,EMPIRICAL_BASELINE_SHRINKAGE_PRIOR_WEIGHT_20
batter,663330,Jahmai Jones,9,4,0.444444444444,1.83198056917,0.203553396574,0.278312687293,0.0747592907183,0.115196106236,0.441429268349,False,False,True,EMPIRICAL_BASELINE_SHRINKAGE_PRIOR_WEIGHT_20
batter,663368,Blake Perkins,9,0,0,1.60323308752,0.178137009725,0.122853110155,-0.0552838995697,0.00337555858845,0.242330661722,False,False,True,EMPIRICAL_BASELINE_SHRINKAGE_PRIOR_WEIGHT_20
batter,663457,Lars Nootbaar,14,1,0.0714285714286,2.57374111821,0.183838651301,0.137552147824,-0.0462865034768,0.0217766323302,0.253327663318,False,False,True,EMPIRICAL_BASELINE_SHRINKAGE_PRIOR_WEIGHT_20
batter,663494,Bryan Torres,14,4,0.285714285714,2.32776325681,0.166268804058,0.215452237681,0.0491834336233,0.0772542206912,0.353650254671,False,False,True,EMPIRICAL_BASELINE_SHRINKAGE_PRIOR_WEIGHT_20
batter,663538,Nico Hoerner,35,11,0.314285714286,6.00110336945,0.17146009627,0.262349125916,0.0908890296463,0.146086542741,0.378611709092,True,True,True,EMPIRICAL_BASELINE_SHRINKAGE_PRIOR_WEIGHT_20
batter,663584,Hayden Senger,1,0,0,0.448436280569,0.448436280569,0.427082171971,-0.0213541085985,0.215514983977,0.638649359965,False,False,True,EMPIRICAL_BASELINE_SHRINKAGE_PRIOR_WEIGHT_20
batter,663586,Austin Riley,34,1,0.0294117647059,7.02904799155,0.206736705634,0.0950876687532,-0.11164903688,0.0168484428966,0.17332689461,True,True,True,EMPIRICAL_BASELINE_SHRINKAGE_PRIOR_WEIGHT_20
batter,663604,Brandon Lockridge,6,0,0,0.796202248103,0.132700374684,0.102077211295,-0.0306231633886,-0.0142960734013,0.218450495992,False,False,True,EMPIRICAL_BASELINE_SHRINKAGE_PRIOR_WEIGHT_20
batter,663611,Nick Madrigal,6,4,0.666666666667,1.6798951995,0.27998253325,0.369217333269,0.0892348000193,0.183714599855,0.554720066683,False,False,True,EMPIRICAL_BASELINE_SHRINKAGE_PRIOR_WEIGHT_20
batter,663616,Trevor Larnach,17,7,0.411764705882,2.38196962715,0.14011586042,0.264927492119,0.124811631699,0.122732659749,0.407122324489,False,False,True,EMPIRICAL_BASELINE_SHRINKAGE_PRIOR_WEIGHT_20
batter,663624,Ryan Mountcastle,1,1,1,0.421392916276,0.421392916276,0.448945634548,0.0275527182726,0.23620986234,0.661681406756,False,False,True,EMPIRICAL_BASELINE_SHRINKAGE_PRIOR_WEIGHT_20
batter,663647,Ke'Bryan Hayes,18,3,0.166666666667,4.52019634402,0.251122019112,0.211116852164,-0.0400051669478,0.0813594735356,0.340874230793,False,False,True,EMPIRICAL_BASELINE_SHRINKAGE_PRIOR_WEIGHT_20
batter,663656,Kyle Tucker,28,6,0.214285714286,5.38766993555,0.192416783413,0.205173659755,0.0127568763426,0.0909299280141,0.319417391496,True,False,True,EMPIRICAL_BASELINE_SHRINKAGE_PRIOR_WEIGHT_20
batter,663662,Daz Cameron,4,3,0.75,1.48616589006,0.371541472514,0.434617893762,0.0630764212476,0.236293889899,0.632941897625,False,False,True,EMPIRICAL_BASELINE_SHRINKAGE_PRIOR_WEIGHT_20
batter,663697,Jonathan India,6,0,0,0.818963234145,0.136493872358,0.104995286429,-0.0314985859287,-0.0128377203854,0.222828293243,False,False,True,EMPIRICAL_BASELINE_SHRINKAGE_PRIOR_WEIGHT_20
batter,663698,Joey Bart,6,0,0,1.17238905088,0.195398175147,0.150306288575,-0.0450918865724,0.0129371499595,0.28767542719,False,False,True,EMPIRICAL_BASELINE_SHRINKAGE_PRIOR_WEIGHT_20
batter,663728,Cal Raleigh,25,12,0.48,7.38709024478,0.295483609791,0.397992715463,0.102509105671,0.254975522665,0.54100990826,True,False,True,EMPIRICAL_BASELINE_SHRINKAGE_PRIOR_WEIGHT_20
batter,663743,Nick Fortes,20,4,0.2,4.3674465321,0.218372326605,0.209186163302,-0.0091861633024,0.0831399849332,0.335232341672,True,False,True,EMPIRICAL_BASELINE_SHRINKAGE_PRIOR_WEIGHT_20
batter,663757,Trent Grisham,29,8,0.275862068966,6.34183252069,0.218683880024,0.252524032663,0.033840152639,0.130875183041,0.374172882285,True,False,True,EMPIRICAL_BASELINE_SHRINKAGE_PRIOR_WEIGHT_20
batter,663837,Matt Vierling,23,1,0.0434782608696,3.3023879284,0.143582083844,0.0900381785319,-0.0535439053117,0.00448290589703,0.175593451167,True,False,True,EMPIRICAL_BASELINE_SHRINKAGE_PRIOR_WEIGHT_20
batter,663853,Romy Gonzalez,1,1,1,0.21157915125,0.21157915125,0.24912300119,0.0375438499405,0.0641374797481,0.434108522633,False,False,True,EMPIRICAL_BASELINE_SHRINKAGE_PRIOR_WEIGHT_20
batter,663886,Tyler Stephenson,31,6,0.193548387097,6.89864697956,0.222536999341,0.20491647033,-0.0176205290109,0.0941353392185,0.315697601441,True,True,True,EMPIRICAL_BASELINE_SHRINKAGE_PRIOR_WEIGHT_20
batter,663967,César Salazar,5,2,0.4,0.971543808259,0.194308761652,0.235447009321,0.0411382476697,0.0691300823637,0.401763936279,False,False,True,EMPIRICAL_BASELINE_SHRINKAGE_PRIOR_WEIGHT_20
batter,663968,Jake Mangum,22,4,0.181818181818,3.93035095946,0.178652316339,0.180310626828,0.00165831048904,0.0640408764421,0.296580377214,True,False,True,EMPIRICAL_BASELINE_SHRINKAGE_PRIOR_WEIGHT_20
batter,663993,Nathaniel Lowe,33,3,0.0909090909091,5.29978083435,0.160599419223,0.117207328009,-0.0433920912141,0.0306059347708,0.203808721246,True,True,True,EMPIRICAL_BASELINE_SHRINKAGE_PRIOR_WEIGHT_20
batter,664023,Ian Happ,41,5,0.121951219512,7.00282991677,0.170800729677,0.137967452353,-0.032833277324,0.0514225866872,0.224512318019,True,True,True,EMPIRICAL_BASELINE_SHRINKAGE_PRIOR_WEIGHT_20
batter,664034,Ty France,26,1,0.0384615384615,4.988953431,0.191882824269,0.105166445334,-0.0867163789348,0.016514783033,0.193818107636,True,False,True,EMPIRICAL_BASELINE_SHRINKAGE_PRIOR_WEIGHT_20
batter,664040,Brandon Lowe,33,1,0.030303030303,6.36865142443,0.192989437104,0.0916941272091,-0.101295309895,0.0139970005774,0.169391253841,True,True,True,EMPIRICAL_BASELINE_SHRINKAGE_PRIOR_WEIGHT_20
batter,664056,Harrison Bader,5,1,0.2,0.559650594645,0.111930118929,0.129544095143,0.0176139762142,-0.0020899616193,0.261178151906,False,False,True,EMPIRICAL_BASELINE_SHRINKAGE_PRIOR_WEIGHT_20
batter,664059,Sam Haggerty,1,0,0,0.201931756464,0.201931756464,0.192315958538,-0.00961579792688,0.0237480738844,0.360883843191,False,False,True,EMPIRICAL_BASELINE_SHRINKAGE_PRIOR_WEIGHT_20
batter,664238,Dylan Moore,2,1,0.5,0.133206461039,0.0666032305195,0.106002936836,0.0393997063164,-0.0226357878405,0.234641661512,False,False,True,EMPIRICAL_BASELINE_SHRINKAGE_PRIOR_WEIGHT_20
batter,664702,Myles Straw,24,9,0.375,3.97170268149,0.165487611729,0.27976709624,0.114279484512,0.147130145279,0.412404047202,True,False,True,EMPIRICAL_BASELINE_SHRINKAGE_PRIOR_WEIGHT_20
batter,664728,Kyle Isbel,16,0,0,1.99972262808,0.124982664255,0.0694348134751,-0.0555478507801,-0.013601270244,0.152470897194,False,False,True,EMPIRICAL_BASELINE_SHRINKAGE_PRIOR_WEIGHT_20
batter,664731,P.J. Higgins,2,0,0,0.191196704472,0.0955983522362,0.086907592942,-0.0086907592942,-0.0308071767863,0.20462236267,False,False,True,EMPIRICAL_BASELINE_SHRINKAGE_PRIOR_WEIGHT_20
batter,664761,Alec Bohm,38,11,0.289473684211,7.91234541346,0.208219616144,0.26145504005,0.0532354239059,0.148363777385,0.374546302714,True,True,True,EMPIRICAL_BASELINE_SHRINKAGE_PRIOR_WEIGHT_20
batter,664770,Nathan Lukes,13,0,0,1.50562887246,0.115817605574,0.0701924882266,-0.0456251173473,-0.0169722731487,0.157357249602,False,False,True,EMPIRICAL_BASELINE_SHRINKAGE_PRIOR_WEIGHT_20
batter,664774,LaMonte Wade Jr.,11,1,0.0909090909091,1.10699152243,0.100635592948,0.097184253515,-0.00345133943323,-0.00708895536478,0.201457462395,False,False,True,EMPIRICAL_BASELINE_SHRINKAGE_PRIOR_WEIGHT_20
batter,664954,Brett Sullivan,8,1,0.125,1.83284999657,0.229106249572,0.199361606837,-0.0297446427347,0.0513771767115,0.347346036962,False,False,True,EMPIRICAL_BASELINE_SHRINKAGE_PRIOR_WEIGHT_20
batter,664983,Jake McCarthy,25,4,0.16,3.64536267669,0.145814507068,0.153695336474,0.00788082940689,0.0483188954846,0.259071777464,True,False,True,EMPIRICAL_BASELINE_SHRINKAGE_PRIOR_WEIGHT_20
batter,665019,Kody Clemens,22,5,0.227272727273,2.5139169807,0.114268953668,0.173461406509,0.0591924528405,0.0589458662444,0.287976946773,True,False,True,EMPIRICAL_BASELINE_SHRINKAGE_PRIOR_WEIGHT_20
batter,665052,Griffin Conine,12,4,0.333333333333,2.61460361116,0.217883634264,0.261177271415,0.0432936371512,0.108975784226,0.413378758604,False,False,True,EMPIRICAL_BASELINE_SHRINKAGE_PRIOR_WEIGHT_20
batter,665161,Jeremy Peña,15,2,0.133333333333,1.87031334149,0.124687556099,0.128392889199,0.00370533310038,0.0175640160886,0.23922176231,False,False,True,EMPIRICAL_BASELINE_SHRINKAGE_PRIOR_WEIGHT_20
batter,665487,Fernando Tatis Jr.,30,4,0.133333333333,6.04628158347,0.201542719449,0.16061708778,-0.0409256316695,0.0588407066168,0.262393468943,True,True,True,EMPIRICAL_BASELINE_SHRINKAGE_PRIOR_WEIGHT_20
batter,665489,Vladimir Guerrero Jr.,36,8,0.222222222222,5.21184099953,0.144773361098,0.194561914678,0.0497885535798,0.0908790341431,0.298244795213,True,True,True,EMPIRICAL_BASELINE_SHRINKAGE_PRIOR_WEIGHT_20
batter,665506,Cristian Pache,2,0,0,0.16377610936,0.08188805468,0.0744436860727,-0.00744436860727,-0.0352445593065,0.184131931452,False,False,True,EMPIRICAL_BASELINE_SHRINKAGE_PRIOR_WEIGHT_20
batter,665561,Rafael Marchán,10,1,0.1,1.36182062576,0.136182062576,0.124121375051,-0.0120606875253,0.00613259872691,0.242110151374,False,False,True,EMPIRICAL_BASELINE_SHRINKAGE_PRIOR_WEIGHT_20
batter,665742,Juan Soto,27,10,0.37037037037,5.25244626261,0.194535046763,0.29554682841,0.101011781647,0.165096145086,0.425997511734,True,False,True,EMPIRICAL_BASELINE_SHRINKAGE_PRIOR_WEIGHT_20
batter,665750,Leody Taveras,32,8,0.25,6.6762363494,0.208632385919,0.2340893792,0.0254569932807,0.119000250965,0.349178507434,True,True,True,EMPIRICAL_BASELINE_SHRINKAGE_PRIOR_WEIGHT_20
batter,665804,Miguel Amaya,18,4,0.222222222222,2.30719639338,0.12817757741,0.172725040742,0.0445474633321,0.0525354477775,0.292914633707,False,False,True,EMPIRICAL_BASELINE_SHRINKAGE_PRIOR_WEIGHT_20
batter,665828,Oswaldo Cabrera,1,0,0,0.288644263784,0.288644263784,0.274899298842,-0.0137449649421,0.0839436973033,0.46585490038,False,False,True,EMPIRICAL_BASELINE_SHRINKAGE_PRIOR_WEIGHT_20
batter,665833,Oneil Cruz,26,1,0.0384615384615,6.29903198674,0.242270461029,0.127074113491,-0.115196347538,0.0308255212446,0.223322705737,True,False,True,EMPIRICAL_BASELINE_SHRINKAGE_PRIOR_WEIGHT_20
batter,665861,Sebastián Rivero,2,0,0,0.306293690737,0.153146845368,0.13922440488,-0.013922440488,-0.00543523801564,0.283884047776,False,False,True,EMPIRICAL_BASELINE_SHRINKAGE_PRIOR_WEIGHT_20
batter,665862,Jazz Chisholm Jr.,21,8,0.380952380952,3.35727067052,0.15987003193,0.273107332649,0.113237300719,0.136722533879,0.409492131419,True,False,True,EMPIRICAL_BASELINE_SHRINKAGE_PRIOR_WEIGHT_20
batter,665877,José Fermín,26,2,0.0769230769231,5.01201359223,0.192769753547,0.127291197194,-0.0654785563528,0.0309724069205,0.223609987468,True,False,True,EMPIRICAL_BASELINE_SHRINKAGE_PRIOR_WEIGHT_20
batter,665923,Esteury Ruiz,22,12,0.545454545455,5.57556868874,0.253434940397,0.406397590665,0.152962650268,0.257853692762,0.554941488568,True,False,True,EMPIRICAL_BASELINE_SHRINKAGE_PRIOR_WEIGHT_20
batter,665926,Andrés Giménez,22,4,0.181818181818,3.83744088987,0.174429131358,0.178299586361,0.00387045500319,0.0625382992849,0.294060873437,True,False,True,EMPIRICAL_BASELINE_SHRINKAGE_PRIOR_WEIGHT_20
batter,665953,Andrés Chaparro,15,1,0.0666666666667,1.48966752304,0.0993111682026,0.0853206675443,-0.0139905006583,-0.00723086287768,0.177872197966,False,False,True,EMPIRICAL_BASELINE_SHRINKAGE_PRIOR_WEIGHT_20
batter,665966,Carlos Narváez,14,2,0.142857142857,2.0959462982,0.149710449871,0.146888499924,-0.00282194994696,0.02789769322,0.265879306628,False,False,True,EMPIRICAL_BASELINE_SHRINKAGE_PRIOR_WEIGHT_20
batter,666018,Jonathan Aranda,43,9,0.209302325581,7.66459717796,0.178246445999,0.19944331619,0.0211968701912,0.100771849481,0.2981147829,True,True,True,EMPIRICAL_BASELINE_SHRINKAGE_PRIOR_WEIGHT_20
batter,666023,Freddy Fermin,10,2,0.2,1.7537011801,0.17537011801,0.183580078674,0.00820996066317,0.0450433218541,0.322116835493,False,False,True,EMPIRICAL_BASELINE_SHRINKAGE_PRIOR_WEIGHT_20
batter,666126,Carlos Cortes,32,5,0.15625,4.61197345519,0.144124170475,0.151586219413,0.00746204893865,0.0541123700081,0.249060068819,True,True,True,EMPIRICAL_BASELINE_SHRINKAGE_PRIOR_WEIGHT_20
batter,666139,Josh Lowe,11,0,0,1.96229072198,0.178390065635,0.115090364926,-0.0632997007091,0.00274784274713,0.227432887104,False,False,True,EMPIRICAL_BASELINE_SHRINKAGE_PRIOR_WEIGHT_20
batter,666152,David Hamilton,22,1,0.0454545454545,4.16480516138,0.189309325517,0.113956821675,-0.0753525038423,0.017855572411,0.210058070939,True,False,True,EMPIRICAL_BASELINE_SHRINKAGE_PRIOR_WEIGHT_20
batter,666160,Mickey Moniak,11,2,0.181818181818,1.66422243664,0.151292948786,0.162124483087,0.0108315343019,0.0323798874652,0.29186907871,False,False,True,EMPIRICAL_BASELINE_SHRINKAGE_PRIOR_WEIGHT_20
batter,666163,Ben Rortvedt,1,0,0,0.174709426253,0.174709426253,0.166389929765,-0.00831949648825,0.00709886348955,0.325680996041,False,False,True,EMPIRICAL_BASELINE_SHRINKAGE_PRIOR_WEIGHT_20
batter,666176,Jo Adell,30,3,0.1,5.23132280694,0.174377426898,0.129750970759,-0.0446264561389,0.0366084149193,0.222893526599,True,True,True,EMPIRICAL_BASELINE_SHRINKAGE_PRIOR_WEIGHT_20
batter,666181,Will Benson,8,3,0.375,1.76627932798,0.220784915998,0.26484636857,0.044061452572,0.101404574672,0.428288162468,False,False,True,EMPIRICAL_BASELINE_SHRINKAGE_PRIOR_WEIGHT_20
batter,666182,Bo Bichette,38,8,0.210526315789,5.25009444869,0.138160380229,0.185572544906,0.0474121646778,0.0855206912421,0.285624398571,True,True,True,EMPIRICAL_BASELINE_SHRINKAGE_PRIOR_WEIGHT_20
batter,666185,Dylan Carlson,1,0,0,0.224916319174,0.224916319174,0.214206018261,-0.010710300913,0.0387304702579,0.389681566264,False,False,True,EMPIRICAL_BASELINE_SHRINKAGE_PRIOR_WEIGHT_20
batter,666211,Taylor Trammell,15,7,0.466666666667,2.53170657339,0.168780438226,0.296445964701,0.127665526474,0.14514435454,0.447747574862,False,False,True,EMPIRICAL_BASELINE_SHRINKAGE_PRIOR_WEIGHT_20
batter,666310,Bo Naylor,9,1,0.111111111111,2.05985182323,0.228872424804,0.19232581021,-0.0365466145943,0.0488779877329,0.335773632686,False,False,True,EMPIRICAL_BASELINE_SHRINKAGE_PRIOR_WEIGHT_20
batter,666397,Edouard Julien,18,9,0.5,3.86672400883,0.21481800049,0.349904210784,0.135086210294,0.198259406824,0.501549014745,False,False,True,EMPIRICAL_BASELINE_SHRINKAGE_PRIOR_WEIGHT_20
batter,666464,Jerar Encarnacion,1,1,1,0.070761981764,0.070761981764,0.115011411204,0.0442494294398,-0.0214424174092,0.251465239817,False,False,True,EMPIRICAL_BASELINE_SHRINKAGE_PRIOR_WEIGHT_20
batter,666624,Christopher Morel,10,2,0.2,2.86398497058,0.286398497058,0.257598998039,-0.0287994990193,0.101108921344,0.414089074733,False,False,True,EMPIRICAL_BASELINE_SHRINKAGE_PRIOR_WEIGHT_20
batter,666969,Adolis García,21,4,0.190476190476,4.30169331112,0.204842538625,0.197484165183,-0.00735837344188,0.0756253117797,0.319343018586,True,False,True,EMPIRICAL_BASELINE_SHRINKAGE_PRIOR_WEIGHT_20
batter,666971,Lourdes Gurriel Jr.,9,1,0.111111111111,1.30010569538,0.144456188376,0.134107716121,-0.0103484722545,0.0100808156638,0.258134616578,False,False,True,EMPIRICAL_BASELINE_SHRINKAGE_PRIOR_WEIGHT_20
batter,667452,Corey Julks,1,0,0,0.432658355156,0.432658355156,0.412055576339,-0.0206027788169,0.201536013386,0.622575139291,False,False,True,EMPIRICAL_BASELINE_SHRINKAGE_PRIOR_WEIGHT_20
batter,667472,Dane Myers,25,5,0.2,4.49976202823,0.179990481129,0.191106880502,0.0111163993726,0.0762297584728,0.305984002531,True,False,True,EMPIRICAL_BASELINE_SHRINKAGE_PRIOR_WEIGHT_20
batter,667670,Brent Rooker,19,7,0.368421052632,3.00686591894,0.158256100997,0.260644154357,0.102388053361,0.122867854247,0.398420454467,False,False,True,EMPIRICAL_BASELINE_SHRINKAGE_PRIOR_WEIGHT_20
batter,668227,Randy Arozarena,48,10,0.208333333333,7.58173146779,0.157952738912,0.193515511445,0.0355627725325,0.0996172577345,0.287413765155,True,True,True,EMPIRICAL_BASELINE_SHRINKAGE_PRIOR_WEIGHT_20
batter,668670,Jake Rogers,8,1,0.125,1.69574079758,0.211967599698,0.18711971407,-0.024847885628,0.0426588780624,0.331580550077,False,False,True,EMPIRICAL_BASELINE_SHRINKAGE_PRIOR_WEIGHT_20
batter,668709,JJ Bleday,31,15,0.483870967742,7.67717884904,0.247650930614,0.391235659064,0.14358472845,0.257294269031,0.525177049098,True,True,True,EMPIRICAL_BASELINE_SHRINKAGE_PRIOR_WEIGHT_20
batter,668715,Spencer Steer,28,4,0.142857142857,5.27570714181,0.188418112207,0.161840880086,-0.026577232121,0.0576468573059,0.266034902867,True,False,True,EMPIRICAL_BASELINE_SHRINKAGE_PRIOR_WEIGHT_20
batter,668723,Ryan Vilade,15,4,0.266666666667,3.06681787749,0.204454525166,0.231116871523,0.0266623463575,0.0914581571261,0.370775585921,False,False,True,EMPIRICAL_BASELINE_SHRINKAGE_PRIOR_WEIGHT_20
batter,668800,Andrew Knizner,3,0,0,0.508576482993,0.169525494331,0.147413473331,-0.0221120209997,0.00252628803677,0.292300658626,False,False,True,EMPIRICAL_BASELINE_SHRINKAGE_PRIOR_WEIGHT_20
batter,668804,Bryan Reynolds,38,11,0.289473684211,7.87600565043,0.20726330659,0.261125278135,0.0538619715443,0.148080127524,0.374170428745,True,True,True,EMPIRICAL_BASELINE_SHRINKAGE_PRIOR_WEIGHT_20
batter,668885,Austin Martin,24,10,0.416666666667,5.03082215601,0.209617589834,0.322553449924,0.112935860091,0.184429783964,0.460677115884,True,False,True,EMPIRICAL_BASELINE_SHRINKAGE_PRIOR_WEIGHT_20
batter,668901,Mark Vientos,21,13,0.619047619048,2.64939748911,0.126161785196,0.378615504974,0.252453719778,0.230143850944,0.527087159003,True,False,True,EMPIRICAL_BASELINE_SHRINKAGE_PRIOR_WEIGHT_20
batter,668904,Royce Lewis,28,3,0.107142857143,5.27294575371,0.188319491204,0.140966454668,-0.0473530365357,0.0425203802761,0.239412529061,True,False,True,EMPIRICAL_BASELINE_SHRINKAGE_PRIOR_WEIGHT_20
batter,668930,Brice Turang,31,3,0.0967741935484,4.70726277365,0.151847186247,0.118371445587,-0.0334757406598,0.029709494751,0.207033396423,True,True,True,EMPIRICAL_BASELINE_SHRINKAGE_PRIOR_WEIGHT_20
batter,668939,Adley Rutschman,25,2,0.08,5.13822272474,0.20552890899,0.135790626218,-0.069738282772,0.0356998179461,0.235881434489,True,False,True,EMPIRICAL_BASELINE_SHRINKAGE_PRIOR_WEIGHT_20
batter,668942,Josh Rojas,6,1,0.166666666667,1.0033325758,0.167222095967,0.167093919974,-0.000128175992285,0.0236943868652,0.310493453083,False,False,True,EMPIRICAL_BASELINE_SHRINKAGE_PRIOR_WEIGHT_20
batter,668952,Ryan Kreidler,10,2,0.2,1.97271806392,0.197271806392,0.198181204261,0.000909397869349,0.0555334982986,0.340828910224,False,False,True,EMPIRICAL_BASELINE_SHRINKAGE_PRIOR_WEIGHT_20
batter,669003,Garrett Mitchell,34,2,0.0588235294118,7.46113584268,0.219445171844,0.118313026609,-0.101132145235,0.0321675088124,0.204458544405,True,True,True,EMPIRICAL_BASELINE_SHRINKAGE_PRIOR_WEIGHT_20
batter,669004,MJ Melendez,6,1,0.166666666667,0.81269724934,0.135449541557,0.142653493505,0.00720395194845,0.00822578533009,0.27708120168,False,False,True,EMPIRICAL_BASELINE_SHRINKAGE_PRIOR_WEIGHT_20
batter,669016,Brandon Marsh,26,2,0.0769230769231,3.9655063068,0.152519473338,0.109791075365,-0.0427283979739,0.019445550162,0.200136600567,True,False,True,EMPIRICAL_BASELINE_SHRINKAGE_PRIOR_WEIGHT_20
batter,669065,Kyle Stowers,25,4,0.16,4.20679389799,0.168271755919,0.163676335964,-0.00459541995523,0.0555752754919,0.271777396436,True,False,True,EMPIRICAL_BASELINE_SHRINKAGE_PRIOR_WEIGHT_20
batter,669127,Shea Langeliers,12,0,0,1.62172242241,0.135143535201,0.0844647095005,-0.0506788257003,-0.0118863008889,0.18081571989,False,False,True,EMPIRICAL_BASELINE_SHRINKAGE_PRIOR_WEIGHT_20
batter,669134,Luis Campusano,12,3,0.25,2.36862107135,0.197385089279,0.217115680799,0.0197305915203,0.0742672497365,0.359964111862,False,False,True,EMPIRICAL_BASELINE_SHRINKAGE_PRIOR_WEIGHT_20
batter,669208,Ryan Bliss,1,0,0,0.228620598108,0.228620598108,0.21773390296,-0.010886695148,0.04121683416,0.394250971761,False,False,True,EMPIRICAL_BASELINE_SHRINKAGE_PRIOR_WEIGHT_20
batter,669221,Sean Murphy,5,1,0.2,0.927691799164,0.185538359833,0.188430687866,0.00289232803345,0.0351368518453,0.341724523887,False,False,True,EMPIRICAL_BASELINE_SHRINKAGE_PRIOR_WEIGHT_20
batter,669224,Austin Wells,13,4,0.307692307692,1.75414664105,0.134934357004,0.202990519396,0.0680561623925,0.0657543072647,0.340226731528,False,False,True,EMPIRICAL_BASELINE_SHRINKAGE_PRIOR_WEIGHT_20
batter,669236,Jeremiah Jackson,7,1,0.142857142857,1.53836045515,0.219765779308,0.199826503191,-0.0199392761168,0.0489947375565,0.350658268825,False,False,True,EMPIRICAL_BASELINE_SHRINKAGE_PRIOR_WEIGHT_20
batter,669242,Tommy Edman,16,3,0.1875,3.3258448981,0.207865306131,0.198814058962,-0.00905124716939,0.0684388472007,0.329189270723,False,False,True,EMPIRICAL_BASELINE_SHRINKAGE_PRIOR_WEIGHT_20
batter,669257,Will Smith,15,1,0.0666666666667,2.35174584776,0.156783056517,0.118161746581,-0.0386213099359,0.0112181052868,0.225105387876,False,False,True,EMPIRICAL_BASELINE_SHRINKAGE_PRIOR_WEIGHT_20
batter,669288,Daniel Johnson,1,0,0,0.0981337667442,0.0981337667442,0.0934607302326,-0.00467303651163,-0.0310349607086,0.217956421174,False,False,True,EMPIRICAL_BASELINE_SHRINKAGE_PRIOR_WEIGHT_20
batter,669289,Santiago Espinal,4,0,0,0.898419384783,0.224604846196,0.187170705163,-0.0374341410326,0.0311188045375,0.343222605789,False,False,True,EMPIRICAL_BASELINE_SHRINKAGE_PRIOR_WEIGHT_20
batter,669326,Bryce Teodosio,3,0,0,0.825268812867,0.275089604289,0.239208351556,-0.0358812527333,0.0648618686699,0.413554834441,False,False,True,EMPIRICAL_BASELINE_SHRINKAGE_PRIOR_WEIGHT_20
batter,669357,Nolan Gorman,12,1,0.0833333333333,1.83693222074,0.153077685061,0.126923553163,-0.026154131898,0.0115839828671,0.24226312346,False,False,True,EMPIRICAL_BASELINE_SHRINKAGE_PRIOR_WEIGHT_20
batter,669364,Xavier Edwards,51,9,0.176470588235,9.33103230441,0.182961417734,0.178298990911,-0.00466242682275,0.0892645061516,0.26733347567,True,True,True,EMPIRICAL_BASELINE_SHRINKAGE_PRIOR_WEIGHT_20
batter,669369,Bryce Johnson,2,0,0,0.0924309684844,0.0462154842422,0.0420140765838,-0.00420140765838,-0.0418202164125,0.12584836958,False,False,True,EMPIRICAL_BASELINE_SHRINKAGE_PRIOR_WEIGHT_20
batter,669384,Raynel Delgado,2,1,0.5,0.207765438869,0.103882719434,0.139893381304,0.0360106618696,-0.00505703249562,0.284843795104,False,False,True,EMPIRICAL_BASELINE_SHRINKAGE_PRIOR_WEIGHT_20
batter,669392,Samad Taylor,9,1,0.111111111111,1.40532374561,0.156147082845,0.142170401962,-0.0139766808831,0.0150655346913,0.269275269234,False,False,True,EMPIRICAL_BASELINE_SHRINKAGE_PRIOR_WEIGHT_20
batter,669394,Jake Burger,41,10,0.243902439024,8.61759458201,0.210185233708,0.232847617609,0.0226623839014,0.126783649209,0.33891158601,True,True,True,EMPIRICAL_BASELINE_SHRINKAGE_PRIOR_WEIGHT_20
batter,669397,Nick Allen,5,2,0.4,0.717784347447,0.143556869489,0.194845495592,0.0512886261021,0.0395814615885,0.350109529595,False,False,True,EMPIRICAL_BASELINE_SHRINKAGE_PRIOR_WEIGHT_20
batter,669398,Gage Workman,2,1,0.5,0.935505979858,0.467752989929,0.470684536299,0.0029315463701,0.262107262332,0.679261810266,False,False,True,EMPIRICAL_BASELINE_SHRINKAGE_PRIOR_WEIGHT_20
batter,669477,Casey Schmitt,20,4,0.2,2.9188033041,0.145940165205,0.172970082602,0.0270299173975,0.0557580540495,0.290182111156,True,False,True,EMPIRICAL_BASELINE_SHRINKAGE_PRIOR_WEIGHT_20
batter,669699,Braden Shewmake,4,0,0,0.382834075718,0.0957085189295,0.0797570991079,-0.0159514198216,-0.0286321888326,0.188146387048,False,False,True,EMPIRICAL_BASELINE_SHRINKAGE_PRIOR_WEIGHT_20
batter,669701,Josh Smith,8,2,0.25,1.3876475376,0.1734559422,0.195325673,0.0218697308,0.048478093269,0.342173252731,False,False,True,EMPIRICAL_BASELINE_SHRINKAGE_PRIOR_WEIGHT_20
batter,669707,Jared Triolo,28,2,0.0714285714286,5.65540534968,0.201978762489,0.12582448437,-0.0761542781183,0.0319997482766,0.219649220464,True,False,True,EMPIRICAL_BASELINE_SHRINKAGE_PRIOR_WEIGHT_20
batter,669720,Austin Hays,7,1,0.142857142857,1.1876333144,0.169661902058,0.162712520043,-0.00694938201497,0.0234859982548,0.301939041831,False,False,True,EMPIRICAL_BASELINE_SHRINKAGE_PRIOR_WEIGHT_20
batter,669743,Alex Call,12,4,0.333333333333,2.35373904676,0.196144920564,0.247590575352,0.0514456547886,0.0980444207511,0.397136729953,False,False,True,EMPIRICAL_BASELINE_SHRINKAGE_PRIOR_WEIGHT_20
batter,669899,Ryan Ward,6,0,0,0.91356224868,0.15226037478,0.117123365215,-0.0351370095646,-0.00648309803833,0.240729828469,False,False,True,EMPIRICAL_BASELINE_SHRINKAGE_PRIOR_WEIGHT_20
batter,669911,Michael Toglia,1,0,0,0.315074788859,0.315074788859,0.300071227485,-0.0150035613742,0.104057934506,0.496084520463,False,False,True,EMPIRICAL_BASELINE_SHRINKAGE_PRIOR_WEIGHT_20
batter,670032,Nicky Lopez,16,2,0.125,3.80344579732,0.237715362333,0.18761964574,-0.0500957165922,0.0600863206369,0.315152970844,False,False,True,EMPIRICAL_BASELINE_SHRINKAGE_PRIOR_WEIGHT_20
batter,670042,Luke Raley,21,3,0.142857142857,3.97084437253,0.189087827263,0.165408696226,-0.0236791310372,0.0516773343007,0.279140058151,True,False,True,EMPIRICAL_BASELINE_SHRINKAGE_PRIOR_WEIGHT_20
batter,670097,Zack Short,4,0,0,0.854319011362,0.213579752841,0.177983127367,-0.0355966254734,0.0249518394749,0.331014415259,False,False,True,EMPIRICAL_BASELINE_SHRINKAGE_PRIOR_WEIGHT_20
batter,670156,Miles Mastrobuoni,1,0,0,0.135065714984,0.135065714984,0.128634014271,-0.00643170071353,-0.014559925066,0.271827953607,False,False,True,EMPIRICAL_BASELINE_SHRINKAGE_PRIOR_WEIGHT_20
batter,670224,Kameron Misner,3,0,0,0.804112617304,0.268037539101,0.233076120958,-0.0349614181436,0.0602866900498,0.405865551865,False,False,True,EMPIRICAL_BASELINE_SHRINKAGE_PRIOR_WEIGHT_20
batter,670231,John Rave,5,0,0,0.982807151428,0.196561430286,0.157249144228,-0.0393122860571,0.0145472252093,0.299951063248,False,False,True,EMPIRICAL_BASELINE_SHRINKAGE_PRIOR_WEIGHT_20
batter,670242,Matt Wallner,3,1,0.333333333333,0.319823602319,0.10660786744,0.136180754295,0.0295728868557,-0.00399130669263,0.276352815283,False,False,True,EMPIRICAL_BASELINE_SHRINKAGE_PRIOR_WEIGHT_20
batter,670541,Yordan Alvarez,23,1,0.0434782608696,2.98998113387,0.129999179733,0.0837205487132,-0.0462786310202,0.000935511155844,0.166505586271,True,False,True,EMPIRICAL_BASELINE_SHRINKAGE_PRIOR_WEIGHT_20
batter,670623,Isaac Paredes,46,11,0.239130434783,7.36112560183,0.160024469605,0.215158930183,0.0551344605784,0.11601762039,0.314300239976,True,True,True,EMPIRICAL_BASELINE_SHRINKAGE_PRIOR_WEIGHT_20
batter,670764,Taylor Walls,24,8,0.333333333333,3.82967855602,0.159569939834,0.254349972652,0.0947800328177,0.125669365959,0.383030579345,True,False,True,EMPIRICAL_BASELINE_SHRINKAGE_PRIOR_WEIGHT_20
batter,670770,TJ Friedl,16,1,0.0625,3.47190175022,0.216993859389,0.148329921883,-0.068663937506,0.0322238586984,0.264435985067,False,False,True,EMPIRICAL_BASELINE_SHRINKAGE_PRIOR_WEIGHT_20
batter,671056,Iván Herrera,43,11,0.255813953488,5.62316349681,0.130771244112,0.216117855274,0.0853466111618,0.114479762439,0.317755948108,True,True,True,EMPIRICAL_BASELINE_SHRINKAGE_PRIOR_WEIGHT_20
batter,671083,Buddy Kennedy,5,0,0,1.45366270683,0.290732541367,0.232586033093,-0.0581465082733,0.0669736782888,0.398198387898,False,False,True,EMPIRICAL_BASELINE_SHRINKAGE_PRIOR_WEIGHT_20
batter,671218,Heliot Ramos,25,10,0.4,4.61245969385,0.184498387754,0.304221505668,0.119723117914,0.169796435843,0.438646575494,True,False,True,EMPIRICAL_BASELINE_SHRINKAGE_PRIOR_WEIGHT_20
batter,671277,Luis García Jr.,23,5,0.217391304348,5.22320352974,0.227095805641,0.22190502588,-0.00519077976148,0.0977049909665,0.346105060793,True,False,True,EMPIRICAL_BASELINE_SHRINKAGE_PRIOR_WEIGHT_20
batter,671286,Johnathan Rodríguez,2,1,0.5,0.457257023276,0.228628511638,0.253298646944,0.0246701353056,0.0715652957838,0.435031998104,False,False,True,EMPIRICAL_BASELINE_SHRINKAGE_PRIOR_WEIGHT_20
batter,671289,Tyler Freeman,18,4,0.222222222222,2.86624633085,0.159235907269,0.189071530142,0.0298356228724,0.0645717408538,0.31357131943,False,False,True,EMPIRICAL_BASELINE_SHRINKAGE_PRIOR_WEIGHT_20
batter,671655,George Valera,1,0,0,0.0581615059703,0.0581615059703,0.0553919104479,-0.0027695955224,-0.0424433546862,0.153227175582,False,False,True,EMPIRICAL_BASELINE_SHRINKAGE_PRIOR_WEIGHT_20
batter,671732,Lawrence Butler,28,11,0.392857142857,5.50703197719,0.196679713471,0.31111654728,0.114436833808,0.180147133276,0.442085961283,True,False,True,EMPIRICAL_BASELINE_SHRINKAGE_PRIOR_WEIGHT_20
batter,671739,Michael Harris II,14,4,0.285714285714,2.70986687903,0.19356191993,0.231507011724,0.0379450917933,0.0897258135831,0.373288209864,False,False,True,EMPIRICAL_BASELINE_SHRINKAGE_PRIOR_WEIGHT_20
batter,671976,Tristan Peters,10,5,0.5,2.07969813404,0.207969813404,0.305313208936,0.0973433955319,0.140511101316,0.470115316557,False,False,True,EMPIRICAL_BASELINE_SHRINKAGE_PRIOR_WEIGHT_20
batter,672012,Tyler Black,3,0,0,0.679425805346,0.226475268449,0.196935016042,-0.0295402524064,0.0344067247125,0.359463307372,False,False,True,EMPIRICAL_BASELINE_SHRINKAGE_PRIOR_WEIGHT_20
batter,672016,Denzel Clarke,5,1,0.2,1.55377895034,0.310755790067,0.288604632054,-0.0221511580134,0.11098407321,0.466225190897,False,False,True,EMPIRICAL_BASELINE_SHRINKAGE_PRIOR_WEIGHT_20
batter,672275,Patrick Bailey,20,3,0.15,3.95406929725,0.197703464863,0.173851732431,-0.0238517324313,0.0564040137721,0.291299451091,True,False,True,EMPIRICAL_BASELINE_SHRINKAGE_PRIOR_WEIGHT_20
batter,672284,Jarred Kelenic,4,1,0.25,0.631248622122,0.157812155531,0.173176796275,0.0153646407449,0.0217852485125,0.324568344038,False,False,True,EMPIRICAL_BASELINE_SHRINKAGE_PRIOR_WEIGHT_20
batter,672356,Gabriel Arias,13,0,0,1.97735336451,0.152104104962,0.0921843060377,-0.0599197989245,-0.00651780465886,0.190886416734,False,False,True,EMPIRICAL_BASELINE_SHRINKAGE_PRIOR_WEIGHT_20
batter,672386,Alejandro Kirk,20,6,0.3,3.25944632564,0.162972316282,0.231486158141,0.0685138418589,0.100774466167,0.362197850115,True,False,True,EMPIRICAL_BASELINE_SHRINKAGE_PRIOR_WEIGHT_20
batter,672515,Gabriel Moreno,49,13,0.265306122449,8.33414028384,0.170084495589,0.237705650895,0.0676211553066,0.137264280551,0.338147021239,True,True,True,EMPIRICAL_BASELINE_SHRINKAGE_PRIOR_WEIGHT_20
batter,672569,Gustavo Campero,1,0,0,0.039240733531,0.039240733531,0.0373721271724,-0.00186860635862,-0.043751908855,0.1184961632,False,False,True,EMPIRICAL_BASELINE_SHRINKAGE_PRIOR_WEIGHT_20
batter,672580,Maikel Garcia,39,12,0.307692307692,7.46528756378,0.19141762984,0.268277162658,0.0768595328173,0.155220744344,0.381333580972,True,True,True,EMPIRICAL_BASELINE_SHRINKAGE_PRIOR_WEIGHT_20
batter,672613,Eliezer Alfonzo,2,0,0,0.272852191349,0.136426095675,0.124023723341,-0.0124023723341,-0.0137109508107,0.261758397492,False,False,True,EMPIRICAL_BASELINE_SHRINKAGE_PRIOR_WEIGHT_20
batter,672640,Otto Lopez,52,8,0.153846153846,9.95059849731,0.19135766341,0.164266017614,-0.0270916457959,0.0786810051585,0.249851030069,True,True,True,EMPIRICAL_BASELINE_SHRINKAGE_PRIOR_WEIGHT_20
batter,672642,Steward Berroa,1,0,0,0.228971896122,0.228971896122,0.218068472498,-0.0109034236249,0.0414536184096,0.394683326586,False,False,True,EMPIRICAL_BASELINE_SHRINKAGE_PRIOR_WEIGHT_20
batter,672695,Geraldo Perdomo,53,16,0.301886792453,10.3189049724,0.194696320234,0.27251953979,0.0778232195562,0.170377592986,0.374661486594,True,True,True,EMPIRICAL_BASELINE_SHRINKAGE_PRIOR_WEIGHT_20
batter,672724,Oswald Peraza,20,4,0.2,3.73482369213,0.186741184606,0.193370592303,0.00662940769677,0.0709771033242,0.315764081282,True,False,True,EMPIRICAL_BASELINE_SHRINKAGE_PRIOR_WEIGHT_20
batter,672761,Wenceel Pérez,11,2,0.181818181818,2.07288479908,0.188444072644,0.186092950093,-0.00235112255107,0.04909073471,0.323095165476,False,False,True,EMPIRICAL_BASELINE_SHRINKAGE_PRIOR_WEIGHT_20
batter,672820,Lenyn Sosa,13,1,0.0769230769231,1.18514770972,0.09116520844,0.0855546717818,-0.00561053665818,-0.00987860565508,0.180987949219,False,False,True,EMPIRICAL_BASELINE_SHRINKAGE_PRIOR_WEIGHT_20
batter,672960,Kazuma Okamoto,45,2,0.0444444444444,9.28070867784,0.206237970619,0.0942270678826,-0.112010902736,0.0232044133,0.165249722465,True,True,True,EMPIRICAL_BASELINE_SHRINKAGE_PRIOR_WEIGHT_20
batter,673237,Yainer Diaz,6,2,0.333333333333,1.18088575466,0.196814292443,0.228318686494,0.0315043940517,0.0669723466195,0.389665026369,False,False,True,EMPIRICAL_BASELINE_SHRINKAGE_PRIOR_WEIGHT_20
batter,673357,Luis Robert Jr.,12,3,0.25,3.15803963746,0.263169969788,0.258231231118,-0.00493873867052,0.106589149622,0.409873312613,False,False,True,EMPIRICAL_BASELINE_SHRINKAGE_PRIOR_WEIGHT_20
batter,673490,Ha-Seong Kim,14,3,0.214285714286,2.78088524106,0.198634660076,0.205079211809,0.00644455173342,0.0693606152958,0.340797808323,False,False,True,EMPIRICAL_BASELINE_SHRINKAGE_PRIOR_WEIGHT_20
batter,673548,Seiya Suzuki,51,11,0.21568627451,9.16982454135,0.179800481203,0.205577600339,0.0257771191359,0.111574855778,0.2995803449,True,True,True,EMPIRICAL_BASELINE_SHRINKAGE_PRIOR_WEIGHT_20
batter,673962,Josh Jung,29,4,0.137931034483,5.7130594733,0.197002050803,0.162041653389,-0.0349603974142,0.0588647285127,0.265218578266,True,False,True,EMPIRICAL_BASELINE_SHRINKAGE_PRIOR_WEIGHT_20
batter,675659,Greg Jones,1,0,0,0.0293647422299,0.0293647422299,0.0279664211713,-0.00139832105856,-0.0425524748577,0.0984853172003,False,False,True,EMPIRICAL_BASELINE_SHRINKAGE_PRIOR_WEIGHT_20
batter,675961,Alika Williams,9,1,0.111111111111,1.96882020972,0.218757801081,0.185350207642,-0.0334075934388,0.0439210071035,0.32677940818,False,False,True,EMPIRICAL_BASELINE_SHRINKAGE_PRIOR_WEIGHT_20
batter,676356,Jonny DeLuca,24,4,0.166666666667,5.13991281245,0.214163033852,0.188255924478,-0.0259071093739,0.07274750984,0.303764339116,True,False,True,EMPIRICAL_BASELINE_SHRINKAGE_PRIOR_WEIGHT_20
batter,676369,Nelson Velázquez,7,3,0.428571428571,1.12629522818,0.160899318311,0.230295791342,0.0693964730305,0.0714853251809,0.389106257502,False,False,True,EMPIRICAL_BASELINE_SHRINKAGE_PRIOR_WEIGHT_20
batter,676391,Ernie Clement,24,8,0.333333333333,3.10061400763,0.129192250318,0.240541931963,0.111349681645,0.114249586014,0.366834277911,True,False,True,EMPIRICAL_BASELINE_SHRINKAGE_PRIOR_WEIGHT_20
batter,676439,Hunter Feduccia,20,4,0.2,4.57578364246,0.228789182123,0.214394591062,-0.0143945910616,0.0872097884357,0.341579393687,True,False,True,EMPIRICAL_BASELINE_SHRINKAGE_PRIOR_WEIGHT_20
batter,676475,Alec Burleson,37,5,0.135135135135,5.71280500263,0.154400135206,0.141894784283,-0.0125053509234,0.0513064799532,0.232483088613,True,True,True,EMPIRICAL_BASELINE_SHRINKAGE_PRIOR_WEIGHT_20
batter,676551,Brewer Hicklen,1,0,0,0.0710853317001,0.0710853317001,0.0677003159049,-0.00338501579524,-0.0397529302729,0.175153562083,False,False,True,EMPIRICAL_BASELINE_SHRINKAGE_PRIOR_WEIGHT_20
batter,676572,Eric Wagaman,9,3,0.333333333333,1.47993462413,0.164437180458,0.216853227902,0.0524160474439,0.0668634717488,0.366842984056,False,False,True,EMPIRICAL_BASELINE_SHRINKAGE_PRIOR_WEIGHT_20
batter,676609,José Caballero,32,17,0.53125,5.12454843782,0.160142138682,0.388516207185,0.228374068503,0.256035863817,0.520996550554,True,True,True,EMPIRICAL_BASELINE_SHRINKAGE_PRIOR_WEIGHT_20
batter,676694,Jake Meyers,6,0,0,0.775949894011,0.129324982335,0.0994807556425,-0.0298442266927,-0.0155689294353,0.21453044072,False,False,True,EMPIRICAL_BASELINE_SHRINKAGE_PRIOR_WEIGHT_20
batter,676724,Jared Young,20,2,0.1,3.61437519301,0.18071875965,0.140359379825,-0.0403593798252,0.0327115545814,0.248007205069,True,False,True,EMPIRICAL_BASELINE_SHRINKAGE_PRIOR_WEIGHT_20
batter,676914,Davis Schneider,22,13,0.590909090909,3.23367007221,0.146985003282,0.37951666823,0.232531664947,0.232755245505,0.526278090954,True,False,True,EMPIRICAL_BASELINE_SHRINKAGE_PRIOR_WEIGHT_20
batter,677060,Chad Stevens,1,1,1,0.173827270952,0.173827270952,0.213168829478,0.0393415585261,0.0380031361724,0.388334522784,False,False,True,EMPIRICAL_BASELINE_SHRINKAGE_PRIOR_WEIGHT_20
batter,677347,Kyren Paris,2,0,0,0.153356954398,0.0766784771989,0.0697077065444,-0.00697077065444,-0.0367053308676,0.176120743956,False,False,True,EMPIRICAL_BASELINE_SHRINKAGE_PRIOR_WEIGHT_20
batter,677587,Brayan Rocchio,41,8,0.19512195122,5.43112221386,0.13246639546,0.174579146052,0.0421127505924,0.0793159704273,0.269842321678,True,True,True,EMPIRICAL_BASELINE_SHRINKAGE_PRIOR_WEIGHT_20
batter,677588,José Tena,14,2,0.142857142857,2.16993443873,0.154995317052,0.149997245325,-0.00499807172734,0.0299731555469,0.270021335103,False,False,True,EMPIRICAL_BASELINE_SHRINKAGE_PRIOR_WEIGHT_20
batter,677592,Everson Pereira,1,1,1,0.454899156704,0.454899156704,0.480856339718,0.0259571830141,0.267159610742,0.694553068693,False,False,True,EMPIRICAL_BASELINE_SHRINKAGE_PRIOR_WEIGHT_20
batter,677594,Julio Rodríguez,37,2,0.0540540540541,5.89070937263,0.159208361422,0.0909503022535,-0.068258059169,0.016302928969,0.165597675538,True,True,True,EMPIRICAL_BASELINE_SHRINKAGE_PRIOR_WEIGHT_20
batter,677595,Ronny Mauricio,3,1,0.333333333333,0.73809823753,0.246032745843,0.257419778994,0.0113870331509,0.0787361358626,0.436103422126,False,False,True,EMPIRICAL_BASELINE_SHRINKAGE_PRIOR_WEIGHT_20
batter,677649,Ezequiel Duran,32,3,0.09375,4.37550878634,0.136734649573,0.110282557528,-0.0264520920449,0.02514251427,0.195422600786,True,True,True,EMPIRICAL_BASELINE_SHRINKAGE_PRIOR_WEIGHT_20
batter,677800,Wilyer Abreu,41,6,0.146341463415,8.32276023967,0.202994152187,0.164916115471,-0.038078036716,0.0717865120596,0.258045718883,True,True,True,EMPIRICAL_BASELINE_SHRINKAGE_PRIOR_WEIGHT_20
batter,677870,Leo Jiménez,24,2,0.0833333333333,5.16288205937,0.215120085807,0.14323640264,-0.0718836831676,0.0397252991207,0.246747506159,True,False,True,EMPIRICAL_BASELINE_SHRINKAGE_PRIOR_WEIGHT_20
batter,677942,Blaze Alexander,25,5,0.2,3.74645514789,0.149858205915,0.177714758185,0.0278565522692,0.0660225673183,0.289406949051,True,False,True,EMPIRICAL_BASELINE_SHRINKAGE_PRIOR_WEIGHT_20
batter,677950,Alek Thomas,8,3,0.375,1.39697074869,0.174621343587,0.231872388276,0.0572510446895,0.0755510509557,0.388193725597,False,False,True,EMPIRICAL_BASELINE_SHRINKAGE_PRIOR_WEIGHT_20
batter,677951,Bobby Witt Jr.,42,6,0.142857142857,7.06708200428,0.168263857245,0.151052857176,-0.017211000069,0.061914418195,0.240191296156,True,True,True,EMPIRICAL_BASELINE_SHRINKAGE_PRIOR_WEIGHT_20
batter,677956,Rece Hinds,1,0,0,0.175758355555,0.175758355555,0.167388910052,-0.0083694455026,0.00771613974909,0.327061680355,False,False,True,EMPIRICAL_BASELINE_SHRINKAGE_PRIOR_WEIGHT_20
batter,678009,Parker Meadows,2,0,0,0.35840482289,0.179202411445,0.162911283132,-0.0162911283132,0.0085970243429,0.317225541921,False,False,True,EMPIRICAL_BASELINE_SHRINKAGE_PRIOR_WEIGHT_20
batter,678011,Anthony Seigler,15,6,0.4,2.66808865107,0.177872576738,0.27307004385,0.0951974671122,0.125463584712,0.420676502989,False,False,True,EMPIRICAL_BASELINE_SHRINKAGE_PRIOR_WEIGHT_20
batter,678218,Brandon Valenzuela,16,7,0.4375,3.68135913295,0.230084945809,0.322269414339,0.0921844685292,0.169603209791,0.474935618886,False,False,True,EMPIRICAL_BASELINE_SHRINKAGE_PRIOR_WEIGHT_20
batter,678246,Miguel Vargas,47,12,0.255319148936,10.0912583761,0.214707625023,0.243196305977,0.0284886809539,0.140468318838,0.345924293116,True,True,True,EMPIRICAL_BASELINE_SHRINKAGE_PRIOR_WEIGHT_20
batter,678391,Jorbit Vivas,19,3,0.157894736842,2.90901383382,0.153105991253,0.155438969874,0.00233297862011,0.0417235807808,0.269154358966,False,False,True,EMPIRICAL_BASELINE_SHRINKAGE_PRIOR_WEIGHT_20
batter,678489,Jorge Barrosa,15,2,0.133333333333,2.95463618301,0.196975745534,0.169700426019,-0.0272753195145,0.0453403659873,0.294060486051,False,False,True,EMPIRICAL_BASELINE_SHRINKAGE_PRIOR_WEIGHT_20
batter,678545,Osleivis Basabe,12,0,0,1.43877156725,0.119897630604,0.0749360191275,-0.0449616114765,-0.0162886457959,0.166160684051,False,False,True,EMPIRICAL_BASELINE_SHRINKAGE_PRIOR_WEIGHT_20
batter,678554,Curtis Mead,32,3,0.09375,6.23546012519,0.194858128912,0.132637741889,-0.0622203870229,0.0404468068887,0.22482867689,True,True,True,EMPIRICAL_BASELINE_SHRINKAGE_PRIOR_WEIGHT_20
batter,678577,Junior Perez,2,0,0,0.749676831399,0.374838415699,0.34076219609,-0.034076219609,0.142704607467,0.538819784714,False,False,True,EMPIRICAL_BASELINE_SHRINKAGE_PRIOR_WEIGHT_20
batter,678662,Ezequiel Tovar,28,3,0.107142857143,4.50813771291,0.161004918318,0.129585382633,-0.0314195356857,0.0345738008845,0.224596964381,True,False,True,EMPIRICAL_BASELINE_SHRINKAGE_PRIOR_WEIGHT_20
batter,678882,Ceddanne Rafaela,28,6,0.214285714286,4.26725358253,0.152401913662,0.188500797359,0.0360988836973,0.0778547008085,0.29914689391,True,False,True,EMPIRICAL_BASELINE_SHRINKAGE_PRIOR_WEIGHT_20
batter,679529,Spencer Torkelson,48,10,0.208333333333,7.85126012449,0.16356791926,0.195167035077,0.0315991158163,0.100965555226,0.289368514927,True,True,True,EMPIRICAL_BASELINE_SHRINKAGE_PRIOR_WEIGHT_20
batter,679822,Justin Foscue,19,7,0.368421052632,3.13648014631,0.165077902438,0.264142514071,0.099064611633,0.125773203342,0.402511824799,False,False,True,EMPIRICAL_BASELINE_SHRINKAGE_PRIOR_WEIGHT_20
batter,679845,Nick Loftin,29,10,0.344827586207,4.73146302967,0.163153897575,0.270675060235,0.10752116266,0.146268671151,0.395081449319,True,False,True,EMPIRICAL_BASELINE_SHRINKAGE_PRIOR_WEIGHT_20
batter,680474,Max Schuemann,9,7,0.777777777778,2.62011000488,0.291123333875,0.442154023362,0.151030689487,0.261394571545,0.62291347518,False,False,True,EMPIRICAL_BASELINE_SHRINKAGE_PRIOR_WEIGHT_20
batter,680574,Matt McLain,50,6,0.12,10.7816609954,0.215633219909,0.147323777117,-0.068309442792,0.0642936791891,0.230353875045,True,True,True,EMPIRICAL_BASELINE_SHRINKAGE_PRIOR_WEIGHT_20
batter,680664,Eduardo Valencia,1,0,0,0.0999182077523,0.0999182077523,0.0951601978594,-0.00475800989297,-0.0303444877769,0.220664883496,False,False,True,EMPIRICAL_BASELINE_SHRINKAGE_PRIOR_WEIGHT_20
batter,680700,Richie Palacios,24,2,0.0833333333333,4.80015430223,0.20000642926,0.136366558754,-0.0636398705052,0.0349641202505,0.237768997258,True,False,True,EMPIRICAL_BASELINE_SHRINKAGE_PRIOR_WEIGHT_20
batter,680718,Addison Barger,1,0,0,0.0303831986467,0.0303831986467,0.0289363796635,-0.00144681898317,-0.0427591971382,0.100631956465,False,False,True,EMPIRICAL_BASELINE_SHRINKAGE_PRIOR_WEIGHT_20
batter,680728,Adrian Del Castillo,11,2,0.181818181818,1.62383153946,0.147621049042,0.159755515511,0.0121344664689,0.0307803808131,0.288730650209,False,False,True,EMPIRICAL_BASELINE_SHRINKAGE_PRIOR_WEIGHT_20
batter,680737,Michael Helman,1,0,0,0.06405741538,0.06405741538,0.0610070622666,-0.00305035311333,-0.0413617449948,0.163375869528,False,False,True,EMPIRICAL_BASELINE_SHRINKAGE_PRIOR_WEIGHT_20
batter,680757,Steven Kwan,54,9,0.166666666667,8.72081421552,0.161496559547,0.165269340418,0.00377278087139,0.080642224366,0.24989645647,True,True,True,EMPIRICAL_BASELINE_SHRINKAGE_PRIOR_WEIGHT_20
batter,680776,Jarren Duran,25,4,0.16,4.79430086233,0.191772034493,0.174120904219,-0.017651130274,0.0633224993122,0.284919309126,True,False,True,EMPIRICAL_BASELINE_SHRINKAGE_PRIOR_WEIGHT_20
batter,680777,Ryan Jeffers,29,8,0.275862068966,7.58027820547,0.261388903637,0.269954654546,0.00856575090871,0.145652584972,0.39425672412,True,False,True,EMPIRICAL_BASELINE_SHRINKAGE_PRIOR_WEIGHT_20
batter,680779,Henry Davis,11,0,0,1.54409594418,0.140372358562,0.0905628119753,-0.0498095465864,-0.0104639720655,0.191589596016,False,False,True,EMPIRICAL_BASELINE_SHRINKAGE_PRIOR_WEIGHT_20
batter,680869,Zack Gelof,29,8,0.275862068966,6.97454349363,0.24050149978,0.261429183584,0.0209276838035,0.138393485921,0.384464881247,True,False,True,EMPIRICAL_BASELINE_SHRINKAGE_PRIOR_WEIGHT_20
batter,680977,Brendan Donovan,16,4,0.25,2.4709461994,0.154434137463,0.196907854146,0.0424737166833,0.0670048992838,0.326810809008,False,False,True,EMPIRICAL_BASELINE_SHRINKAGE_PRIOR_WEIGHT_20
batter,681047,Christian Franklin,10,0,0,1.88541139249,0.188541139249,0.125694092833,-0.0628470464164,0.00706680964127,0.244321376024,False,False,True,EMPIRICAL_BASELINE_SHRINKAGE_PRIOR_WEIGHT_20
batter,681082,Bryson Stott,43,3,0.0697674418605,7.68756606647,0.178780606197,0.104374795618,-0.0744058105789,0.0288748273513,0.179874763885,True,True,True,EMPIRICAL_BASELINE_SHRINKAGE_PRIOR_WEIGHT_20
batter,681146,Jonah Bride,1,0,0,0.076453269742,0.076453269742,0.0728126378495,-0.00364063189248,-0.0383179363133,0.183943212012,False,False,True,EMPIRICAL_BASELINE_SHRINKAGE_PRIOR_WEIGHT_20
batter,681198,TJ Rumfield,27,7,0.259259259259,3.95868765058,0.146618061132,0.211326834524,0.064708773392,0.0946101349538,0.328043534095,True,False,True,EMPIRICAL_BASELINE_SHRINKAGE_PRIOR_WEIGHT_20
batter,681230,BJ Murray Jr.,1,0,0,0.132016330054,0.132016330054,0.125729838147,-0.00628649190734,-0.0160741451722,0.267533821466,False,False,True,EMPIRICAL_BASELINE_SHRINKAGE_PRIOR_WEIGHT_20
batter,681297,Colton Cowser,21,6,0.285714285714,5.65763194358,0.269411044932,0.277761485333,0.00835044040046,0.140660530928,0.414862439738,True,False,True,EMPIRICAL_BASELINE_SHRINKAGE_PRIOR_WEIGHT_20
batter,681351,Logan O'Hoppe,20,2,0.1,4.31117338802,0.215558669401,0.1577793347,-0.0577793347005,0.0448090865823,0.270749582819,True,False,True,EMPIRICAL_BASELINE_SHRINKAGE_PRIOR_WEIGHT_20
batter,681393,Connor Norby,23,4,0.173913043478,3.82322067391,0.166226985822,0.170338132941,0.00411114711835,0.0579738331843,0.282702432697,True,False,True,EMPIRICAL_BASELINE_SHRINKAGE_PRIOR_WEIGHT_20
batter,681481,Kerry Carpenter,14,2,0.142857142857,1.78909819847,0.127792728462,0.133995722625,0.00620299416257,0.0194913427791,0.248500102471,False,False,True,EMPIRICAL_BASELINE_SHRINKAGE_PRIOR_WEIGHT_20
batter,681508,Mickey Gasper,13,2,0.153846153846,2.80670334921,0.215900257631,0.191454701595,-0.0244455560366,0.0572139739997,0.32569542919,False,False,True,EMPIRICAL_BASELINE_SHRINKAGE_PRIOR_WEIGHT_20
batter,681546,James Outman,11,3,0.272727272727,1.59131634093,0.144665121903,0.19010653026,0.045441408357,0.0519766323817,0.328236428138,False,False,True,EMPIRICAL_BASELINE_SHRINKAGE_PRIOR_WEIGHT_20
batter,681624,Andy Pages,45,11,0.244444444444,7.45561719146,0.165680382032,0.220209348318,0.0545289662853,0.119468342853,0.320950353782,True,True,True,EMPIRICAL_BASELINE_SHRINKAGE_PRIOR_WEIGHT_20
batter,681715,Heriberto Hernández,42,3,0.0714285714286,8.78785780457,0.209234709633,0.115882164398,-0.093352545235,0.0362068838045,0.195557444991,True,True,True,EMPIRICAL_BASELINE_SHRINKAGE_PRIOR_WEIGHT_20
batter,681807,David Fry,17,2,0.117647058824,2.68214673949,0.157773337617,0.139336939252,-0.0184363983645,0.0277521688053,0.250921709699,False,False,True,EMPIRICAL_BASELINE_SHRINKAGE_PRIOR_WEIGHT_20
batter,681987,Nate Eaton,2,0,0,0.477380436194,0.238690218097,0.216991107361,-0.0216991107361,0.0447451466449,0.389237068077,False,False,True,EMPIRICAL_BASELINE_SHRINKAGE_PRIOR_WEIGHT_20
batter,682177,Daniel Schneemann,10,2,0.2,1.62764881786,0.162764881786,0.175176587857,0.0124117060715,0.0391530816595,0.311200094055,False,False,True,EMPIRICAL_BASELINE_SHRINKAGE_PRIOR_WEIGHT_20
batter,682515,Logan Porter,1,0,0,0.19115745903,0.19115745903,0.182054722886,-0.0091027361443,0.0170070050813,0.347102440691,False,False,True,EMPIRICAL_BASELINE_SHRINKAGE_PRIOR_WEIGHT_20
batter,682622,Noelvi Marte,6,0,0,1.20891630561,0.201486050935,0.15498926995,-0.046496780985,0.015881520156,0.294097019744,False,False,True,EMPIRICAL_BASELINE_SHRINKAGE_PRIOR_WEIGHT_20
batter,682626,Francisco Alvarez,29,10,0.344827586207,5.02998618864,0.173447799608,0.274876652901,0.101428853293,0.149870064589,0.399883241214,True,False,True,EMPIRICAL_BASELINE_SHRINKAGE_PRIOR_WEIGHT_20
batter,682634,Kevin Alcántara,3,0,0,0.472368748125,0.157456249375,0.136918477717,-0.0205377716576,-0.00357271313952,0.277409668574,False,False,True,EMPIRICAL_BASELINE_SHRINKAGE_PRIOR_WEIGHT_20
batter,682641,Luis Matos,1,0,0,0.316318324698,0.316318324698,0.301255547332,-0.0150627773666,0.10502205323,0.497489041434,False,False,True,EMPIRICAL_BASELINE_SHRINKAGE_PRIOR_WEIGHT_20
batter,682657,Angel Martínez,22,3,0.136363636364,3.50859227655,0.159481467116,0.147372127198,-0.0121093399179,0.0401661832337,0.254578071162,True,False,True,EMPIRICAL_BASELINE_SHRINKAGE_PRIOR_WEIGHT_20
batter,682663,Agustín Ramírez,3,0,0,0.265784638321,0.0885948794404,0.0770390256003,-0.01155585384,-0.0319390696659,0.186017120867,False,False,True,EMPIRICAL_BASELINE_SHRINKAGE_PRIOR_WEIGHT_20
batter,682668,Luisangel Acuña,12,0,0,1.09783795222,0.0914864960186,0.0571790600116,-0.034307436007,-0.023268744767,0.13762686479,False,False,True,EMPIRICAL_BASELINE_SHRINKAGE_PRIOR_WEIGHT_20
batter,682674,Victor Bericoto,7,0,0,0.921842749474,0.131691821353,0.0975494972988,-0.0341423240546,-0.0143681063857,0.209467100983,False,False,True,EMPIRICAL_BASELINE_SHRINKAGE_PRIOR_WEIGHT_20
batter,682729,Jonatan Clase,1,0,0,0.0476021797785,0.0476021797785,0.0453354093129,-0.00226677046564,-0.0436442219789,0.134315040605,False,False,True,EMPIRICAL_BASELINE_SHRINKAGE_PRIOR_WEIGHT_20
batter,682818,Yohendrick Piñango,6,0,0,0.947372540293,0.157895423382,0.121458017986,-0.0364374053959,-0.00410558007407,0.247021616047,False,False,True,EMPIRICAL_BASELINE_SHRINKAGE_PRIOR_WEIGHT_20
batter,682829,Elly De La Cruz,41,7,0.170731707317,7.4127180697,0.1807980017,0.174032131705,-0.00676586999513,0.0788868075294,0.26917745588,True,True,True,EMPIRICAL_BASELINE_SHRINKAGE_PRIOR_WEIGHT_20
batter,682848,Endy Rodríguez,5,1,0.2,0.760029439005,0.152005887801,0.161604710241,0.0095988224398,0.0173142929816,0.3058951275,False,False,True,EMPIRICAL_BASELINE_SHRINKAGE_PRIOR_WEIGHT_20
batter,682877,Juan Brito,7,0,0,0.929054193625,0.132722027661,0.098312613082,-0.0344094145787,-0.0139943817601,0.210619607924,False,False,True,EMPIRICAL_BASELINE_SHRINKAGE_PRIOR_WEIGHT_20
batter,682927,Ronny Simon,4,1,0.25,0.525616653953,0.131404163488,0.15117013624,0.019765972752,0.00785443333583,0.294485839145,False,False,True,EMPIRICAL_BASELINE_SHRINKAGE_PRIOR_WEIGHT_20
batter,682928,CJ Abrams,34,12,0.352941176471,6.33191462472,0.18623278308,0.291197327067,0.104964543987,0.17002162158,0.412373032553,True,True,True,EMPIRICAL_BASELINE_SHRINKAGE_PRIOR_WEIGHT_20
batter,682985,Riley Greene,32,8,0.25,7.0312345222,0.219726078819,0.238356184161,0.0186301053423,0.122546848117,0.354165520205,True,True,True,EMPIRICAL_BASELINE_SHRINKAGE_PRIOR_WEIGHT_20
batter,682987,Spencer Jones,9,1,0.111111111111,1.53189076538,0.170210085042,0.151869024167,-0.018341060875,0.0212449768225,0.282493071511,False,False,True,EMPIRICAL_BASELINE_SHRINKAGE_PRIOR_WEIGHT_20
batter,682988,Tyler Locklear,2,0,0,0.408129566454,0.204064783227,0.185513439297,-0.0185513439297,0.0230803961445,0.34794648245,False,False,True,EMPIRICAL_BASELINE_SHRINKAGE_PRIOR_WEIGHT_20
batter,682997,Tyler Callihan,4,1,0.25,0.732612868317,0.183153217079,0.194294347566,0.0111411304868,0.0359987856528,0.35258990948,False,False,True,EMPIRICAL_BASELINE_SHRINKAGE_PRIOR_WEIGHT_20
batter,682998,Corbin Carroll,34,6,0.176470588235,4.40998269864,0.129705373489,0.159150138329,0.02944476484,0.0615788745437,0.256721402115,True,True,True,EMPIRICAL_BASELINE_SHRINKAGE_PRIOR_WEIGHT_20
batter,683002,Gunnar Henderson,26,6,0.230769230769,3.9698599237,0.152686920142,0.196820400062,0.0441334799196,0.08192079253,0.311720007594,True,False,True,EMPIRICAL_BASELINE_SHRINKAGE_PRIOR_WEIGHT_20
batter,683011,Anthony Volpe,17,5,0.294117647059,2.97104517434,0.174767363197,0.229603980106,0.0548366169097,0.0940844364372,0.365123523775,False,False,True,EMPIRICAL_BASELINE_SHRINKAGE_PRIOR_WEIGHT_20
batter,683021,Michael Stefanic,1,0,0,0.361426402007,0.361426402007,0.344215620959,-0.0172107810479,0.141006945362,0.547424296555,False,False,True,EMPIRICAL_BASELINE_SHRINKAGE_PRIOR_WEIGHT_20
batter,683083,Nasim Nuñez,37,3,0.0810810810811,5.15945861662,0.139444827476,0.101559588588,-0.037885238888,0.0231401463572,0.179979030819,True,True,True,EMPIRICAL_BASELINE_SHRINKAGE_PRIOR_WEIGHT_20
batter,683146,Brett Baty,19,3,0.157894736842,3.11836295446,0.164124366024,0.161089418474,-0.0030349475502,0.0457135160583,0.276465320889,False,False,True,EMPIRICAL_BASELINE_SHRINKAGE_PRIOR_WEIGHT_20
batter,683227,Cody Freeman,9,1,0.111111111111,1.66396993109,0.184885547899,0.161990033034,-0.0228955148652,0.0278909490044,0.296089117063,False,False,True,EMPIRICAL_BASELINE_SHRINKAGE_PRIOR_WEIGHT_20
batter,683357,Owen Caissie,25,6,0.24,5.35325361166,0.214130144466,0.228502286429,0.0143721419632,0.105825494289,0.35117907857,True,False,True,EMPIRICAL_BASELINE_SHRINKAGE_PRIOR_WEIGHT_20
batter,683679,Jesus Rodriguez,5,1,0.2,0.94459098986,0.188918197972,0.191134558378,0.00221636040562,0.0370022026475,0.345266914108,False,False,True,EMPIRICAL_BASELINE_SHRINKAGE_PRIOR_WEIGHT_20
batter,683734,Andrew Vaughn,33,0,0,6.51106027302,0.197304856758,0.0744546629276,-0.122850193831,0.00378013178419,0.145129194071,True,True,True,EMPIRICAL_BASELINE_SHRINKAGE_PRIOR_WEIGHT_20
batter,683737,Michael Busch,32,6,0.1875,3.9937405948,0.124804393587,0.163386305226,0.0385819116385,0.0628958739328,0.263876736519,True,True,True,EMPIRICAL_BASELINE_SHRINKAGE_PRIOR_WEIGHT_20
batter,683748,Victor Mesa Jr.,12,2,0.166666666667,1.85385187229,0.154487656024,0.159054785015,0.00456712899104,0.0323367868321,0.285772783198,False,False,True,EMPIRICAL_BASELINE_SHRINKAGE_PRIOR_WEIGHT_20
batter,683766,Christian Koss,10,2,0.2,2.97162227681,0.297162227681,0.264774818454,-0.0323874092271,0.106888691956,0.422660944952,False,False,True,EMPIRICAL_BASELINE_SHRINKAGE_PRIOR_WEIGHT_20
batter,683953,Travis Bazzana,26,8,0.307692307692,6.67781123645,0.25683889371,0.2855821277,0.0287432339903,0.155049577374,0.416114678026,True,False,True,EMPIRICAL_BASELINE_SHRINKAGE_PRIOR_WEIGHT_20
batter,685133,Wade Meckler,25,5,0.2,5.40335496291,0.216134198516,0.207170754896,-0.0089634436202,0.0887565319153,0.325584977877,True,False,True,EMPIRICAL_BASELINE_SHRINKAGE_PRIOR_WEIGHT_20
batter,686217,Sal Frelick,25,2,0.08,3.88654538331,0.155461815332,0.113538584592,-0.0419232307402,0.0208446171726,0.206232552012,True,False,True,EMPIRICAL_BASELINE_SHRINKAGE_PRIOR_WEIGHT_20
batter,686452,Drew Millas,13,0,0,1.61920423422,0.124554171863,0.0754873768868,-0.0490667949764,-0.0146474629235,0.165622216697,False,False,True,EMPIRICAL_BASELINE_SHRINKAGE_PRIOR_WEIGHT_20
batter,686469,Vinnie Pasquantino,23,4,0.173913043478,4.01504734779,0.174567275991,0.17421733767,-0.000349938320668,0.0608467467947,0.287587928546,True,False,True,EMPIRICAL_BASELINE_SHRINKAGE_PRIOR_WEIGHT_20
batter,686475,Tyler Tolbert,7,0,0,0.851403768088,0.121629109727,0.0900956368347,-0.0315334728922,-0.0179044097366,0.198095683406,False,False,True,EMPIRICAL_BASELINE_SHRINKAGE_PRIOR_WEIGHT_20
batter,686527,Dominic Canzone,23,5,0.217391304348,3.54804671639,0.154262900713,0.188029256145,0.0337663554327,0.0712395009076,0.304819011383,True,False,True,EMPIRICAL_BASELINE_SHRINKAGE_PRIOR_WEIGHT_20
batter,686554,Oliver Dunn,1,0,0,0.165434858235,0.165434858235,0.157557007843,-0.00787785039216,0.00173257772936,0.313381437957,False,False,True,EMPIRICAL_BASELINE_SHRINKAGE_PRIOR_WEIGHT_20
batter,686555,Isaac Collins,35,11,0.314285714286,4.74690418188,0.135625833768,0.249318485007,0.113692651239,0.13498331888,0.363653651133,True,True,True,EMPIRICAL_BASELINE_SHRINKAGE_PRIOR_WEIGHT_20
batter,686611,Dylan Crews,23,4,0.173913043478,5.49186318515,0.238776660224,0.204082167546,-0.0346944926778,0.0836178317901,0.324546503302,True,False,True,EMPIRICAL_BASELINE_SHRINKAGE_PRIOR_WEIGHT_20
batter,686668,Brenton Doyle,7,0,0,0.942639088079,0.134662726868,0.0997501680507,-0.0349125588178,-0.0132847260519,0.212785062153,False,False,True,EMPIRICAL_BASELINE_SHRINKAGE_PRIOR_WEIGHT_20
batter,686681,Michael Massey,20,6,0.3,4.16568766088,0.208284383044,0.254142191522,0.0458578084779,0.119217174544,0.3890672085,True,False,True,EMPIRICAL_BASELINE_SHRINKAGE_PRIOR_WEIGHT_20
batter,686765,Nick Sogard,25,9,0.36,5.40753652296,0.216301460919,0.29613398263,0.0798325217119,0.16273917129,0.429528793971,True,False,True,EMPIRICAL_BASELINE_SHRINKAGE_PRIOR_WEIGHT_20
batter,686780,Pedro Pagés,14,0,0,1.94325835598,0.138804168284,0.0816495107553,-0.0571546575287,-0.01039494562,0.17369396713,False,False,True,EMPIRICAL_BASELINE_SHRINKAGE_PRIOR_WEIGHT_20
batter,686797,Brooks Lee,25,4,0.16,3.33493666821,0.133397466728,0.148176651879,0.0147791851509,0.0443725600819,0.251980743677,True,False,True,EMPIRICAL_BASELINE_SHRINKAGE_PRIOR_WEIGHT_20
batter,686823,Will Brennan,2,0,0,0.357471240552,0.178735620276,0.162486927524,-0.0162486927524,0.0083347224313,0.316639132616,False,False,True,EMPIRICAL_BASELINE_SHRINKAGE_PRIOR_WEIGHT_20
batter,686894,Joey Wiemer,5,0,0,0.559382969036,0.111876593807,0.0895012750457,-0.0223753187614,-0.0224013692535,0.201403919345,False,False,True,EMPIRICAL_BASELINE_SHRINKAGE_PRIOR_WEIGHT_20
batter,686948,Drake Baldwin,24,1,0.0416666666667,3.29189884991,0.13716245208,0.0850738418544,-0.0520886102253,0.00263710772763,0.167510575981,True,False,True,EMPIRICAL_BASELINE_SHRINKAGE_PRIOR_WEIGHT_20
batter,687093,Vaughn Grissom,27,7,0.259259259259,5.97044474448,0.221127583129,0.243033014097,0.0219054309686,0.120408232104,0.365657796091,True,False,True,EMPIRICAL_BASELINE_SHRINKAGE_PRIOR_WEIGHT_20
batter,687221,Dalton Rushing,11,3,0.272727272727,2.02354497428,0.183958634025,0.215457183242,0.0314985492168,0.0707253581897,0.360189008295,False,False,True,EMPIRICAL_BASELINE_SHRINKAGE_PRIOR_WEIGHT_20
batter,687231,Darell Hernaiz,15,5,0.333333333333,3.2462596792,0.216417311947,0.266524178255,0.0501068663084,0.120042516936,0.413005839575,False,False,True,EMPIRICAL_BASELINE_SHRINKAGE_PRIOR_WEIGHT_20
batter,687263,Zach Neto,43,12,0.279069767442,7.47103976713,0.173745110863,0.245633368528,0.0718882576647,0.139336440541,0.351930296516,True,True,True,EMPIRICAL_BASELINE_SHRINKAGE_PRIOR_WEIGHT_20
batter,687282,Gabriel Rincones Jr.,8,6,0.75,0.718882902062,0.0898603627578,0.278471687684,0.188611324926,0.112438744029,0.444504631339,False,False,True,EMPIRICAL_BASELINE_SHRINKAGE_PRIOR_WEIGHT_20
batter,687363,Victor Scott II,12,3,0.25,2.60696921931,0.217247434943,0.229529646839,0.0122822118964,0.0838233091023,0.375235984576,False,False,True,EMPIRICAL_BASELINE_SHRINKAGE_PRIOR_WEIGHT_20
batter,687401,Joey Ortiz,27,3,0.111111111111,4.81586457411,0.178365354597,0.139729938126,-0.0386354164704,0.0406081152034,0.238851761049,True,False,True,EMPIRICAL_BASELINE_SHRINKAGE_PRIOR_WEIGHT_20
batter,687462,Spencer Horwitz,34,4,0.117647058824,4.83470645034,0.142197248539,0.126739721681,-0.0154575268581,0.0380062611462,0.215473182216,True,True,True,EMPIRICAL_BASELINE_SHRINKAGE_PRIOR_WEIGHT_20
batter,687515,Colby Thomas,3,2,0.666666666667,0.813160561304,0.271053520435,0.32265523516,0.0516017147259,0.131596718951,0.51371375137,False,False,True,EMPIRICAL_BASELINE_SHRINKAGE_PRIOR_WEIGHT_20
batter,687529,Grant McCray,4,2,0.5,1.0450004375,0.261250109375,0.301041757812,0.0397916484375,0.117519207246,0.484564308379,False,False,True,EMPIRICAL_BASELINE_SHRINKAGE_PRIOR_WEIGHT_20
batter,687551,Drew Gilbert,26,7,0.269230769231,4.76755402487,0.183367462495,0.231898896737,0.0485314342419,0.109933764438,0.353864029036,True,False,True,EMPIRICAL_BASELINE_SHRINKAGE_PRIOR_WEIGHT_20
batter,687597,Jordan Beck,14,4,0.285714285714,2.69266690387,0.192333350277,0.230784323692,0.0384509734155,0.0891580499528,0.372410597431,False,False,True,EMPIRICAL_BASELINE_SHRINKAGE_PRIOR_WEIGHT_20
batter,687605,Andrew Pinckney,4,0,0,0.847184776663,0.211796194166,0.176496828472,-0.0352993656943,0.0239681380721,0.329025518871,False,False,True,EMPIRICAL_BASELINE_SHRINKAGE_PRIOR_WEIGHT_20
batter,687637,Dylan Beavers,23,1,0.0434782608696,3.38837774037,0.14732077132,0.0917771029397,-0.0555436683806,0.00548218121593,0.178072024663,True,False,True,EMPIRICAL_BASELINE_SHRINKAGE_PRIOR_WEIGHT_20
batter,687749,Jase Bowen,7,1,0.142857142857,1.22648518236,0.175212168908,0.166823828821,-0.00838834008727,0.0261958768784,0.307451780763,False,False,True,EMPIRICAL_BASELINE_SHRINKAGE_PRIOR_WEIGHT_20
batter,687859,Troy Johnston,15,0,0,2.21570900741,0.147713933827,0.0844079621869,-0.0633059716402,-0.00769312580752,0.176509050181,False,False,True,EMPIRICAL_BASELINE_SHRINKAGE_PRIOR_WEIGHT_20
batter,687952,Christian Encarnacion-Strand,10,0,0,1.53368056072,0.153368056072,0.102245370715,-0.0511226853574,-0.00617130770004,0.21066204913,False,False,True,EMPIRICAL_BASELINE_SHRINKAGE_PRIOR_WEIGHT_20
batter,687957,Dustin Harris,8,1,0.125,2.36654787183,0.295818483978,0.247013202842,-0.0488052811366,0.0872668984724,0.406759507211,False,False,True,EMPIRICAL_BASELINE_SHRINKAGE_PRIOR_WEIGHT_20
batter,688363,Graham Pauley,15,1,0.0666666666667,2.69155296417,0.179436864278,0.131106779587,-0.0483300846905,0.0192872068703,0.242926352304,False,False,True,EMPIRICAL_BASELINE_SHRINKAGE_PRIOR_WEIGHT_20
batter,689414,Liam Hicks,32,7,0.21875,5.39439843961,0.168574951238,0.199451904322,0.0308769530844,0.0908425560796,0.308061252565,True,True,True,EMPIRICAL_BASELINE_SHRINKAGE_PRIOR_WEIGHT_20
batter,690022,Ryan Ritter,1,0,0,0.179079757982,0.179079757982,0.170552150459,-0.00852760752297,0.00968418596588,0.331420114953,False,False,True,EMPIRICAL_BASELINE_SHRINKAGE_PRIOR_WEIGHT_20
batter,690924,Braxton Fulford,6,1,0.166666666667,1.11381828298,0.185636380496,0.181258754228,-0.00437762626835,0.0331801788694,0.329337329586,False,False,True,EMPIRICAL_BASELINE_SHRINKAGE_PRIOR_WEIGHT_20
batter,690976,Alex Freeland,28,3,0.107142857143,3.93341895544,0.140479248409,0.12103302017,-0.0194462282384,0.0287602268335,0.213305813507,True,False,True,EMPIRICAL_BASELINE_SHRINKAGE_PRIOR_WEIGHT_20
batter,690984,Petey Halpin,9,0,0,1.48643894756,0.165159883063,0.113903367629,-0.0512565154332,-0.00172540018433,0.229532135443,False,False,True,EMPIRICAL_BASELINE_SHRINKAGE_PRIOR_WEIGHT_20
batter,690993,Colt Keith,32,9,0.28125,6.35631898698,0.198634968343,0.249474987824,0.0508400194811,0.13186329805,0.367086677599,True,True,True,EMPIRICAL_BASELINE_SHRINKAGE_PRIOR_WEIGHT_20
batter,691002,Yohandy Morales,4,0,0,0.807964145208,0.201991036302,0.168325863585,-0.033665172717,0.0186325251389,0.318019202031,False,False,True,EMPIRICAL_BASELINE_SHRINKAGE_PRIOR_WEIGHT_20
batter,691011,Drew Romo,7,3,0.428571428571,1.8722865383,0.267469505472,0.30923667072,0.0417671652481,0.134901777226,0.483571564214,False,False,True,EMPIRICAL_BASELINE_SHRINKAGE_PRIOR_WEIGHT_20
batter,691016,Tyler Soderstrom,29,4,0.137931034483,5.21617295072,0.179868032783,0.155048176646,-0.0248198561371,0.0537020075924,0.2563943457,True,False,True,EMPIRICAL_BASELINE_SHRINKAGE_PRIOR_WEIGHT_20
batter,691019,Kyle Teel,7,0,0,1.05470112783,0.15067158969,0.111608584955,-0.0390630047344,-0.00716644996628,0.230383619877,False,False,True,EMPIRICAL_BASELINE_SHRINKAGE_PRIOR_WEIGHT_20
batter,691023,Jordan Walker,34,7,0.205882352941,5.61570337277,0.165167746258,0.190802868984,0.0256351227264,0.0859986396174,0.295607098352,True,True,True,EMPIRICAL_BASELINE_SHRINKAGE_PRIOR_WEIGHT_20
batter,691026,Masyn Winn,42,6,0.142857142857,7.56728663939,0.180173491414,0.15489467465,-0.0252788167644,0.0648342709899,0.244955078309,True,True,True,EMPIRICAL_BASELINE_SHRINKAGE_PRIOR_WEIGHT_20
batter,691176,Jasson Domínguez,14,3,0.214285714286,2.52151992514,0.180108566082,0.19418150946,0.0140729433781,0.0612159505267,0.327147068393,False,False,True,EMPIRICAL_BASELINE_SHRINKAGE_PRIOR_WEIGHT_20
batter,691182,Adael Amador,4,1,0.25,0.975466822613,0.243866705653,0.244888921378,0.00102221572444,0.0728445611115,0.416933281644,False,False,True,EMPIRICAL_BASELINE_SHRINKAGE_PRIOR_WEIGHT_20
batter,691373,Jhostynxon Garcia,2,1,0.5,0.153164319555,0.0765821597776,0.115074690707,0.0384925309293,-0.0182737517065,0.24842313312,False,False,True,EMPIRICAL_BASELINE_SHRINKAGE_PRIOR_WEIGHT_20
batter,691406,Junior Caminero,44,9,0.204545454545,8.08035583511,0.183644450798,0.198013890874,0.0143694400764,0.100380733067,0.295647048682,True,True,True,EMPIRICAL_BASELINE_SHRINKAGE_PRIOR_WEIGHT_20
batter,691458,Blaze Jordan,8,0,0,1.46502538725,0.183128173407,0.130805838148,-0.0523223352591,0.0059096971297,0.255701979166,False,False,True,EMPIRICAL_BASELINE_SHRINKAGE_PRIOR_WEIGHT_20
batter,691594,Javier Sanoja,23,3,0.130434782609,3.90019272865,0.169573596898,0.148638882278,-0.0209347146198,0.0423115384449,0.254966226111,True,False,True,EMPIRICAL_BASELINE_SHRINKAGE_PRIOR_WEIGHT_20
batter,691718,Pete Crow-Armstrong,24,9,0.375,5.10715898575,0.212798291073,0.301271950488,0.0884736594148,0.165702082989,0.436841817986,True,False,True,EMPIRICAL_BASELINE_SHRINKAGE_PRIOR_WEIGHT_20
batter,691720,Kyle Karros,43,9,0.209302325581,9.66003002372,0.224651861017,0.214175193974,-0.0104766670431,0.112869641791,0.315480746156,True,True,True,EMPIRICAL_BASELINE_SHRINKAGE_PRIOR_WEIGHT_20
batter,691723,Coby Mayo,38,10,0.263157894737,9.61093835035,0.252919430272,0.259627389749,0.00670795947669,0.146792736135,0.372462043363,True,True,True,EMPIRICAL_BASELINE_SHRINKAGE_PRIOR_WEIGHT_20
batter,691728,Zac Veen,2,0,0,0.196397137644,0.098198568822,0.0892714262018,-0.00892714262018,-0.0298789584804,0.208421810884,False,False,True,EMPIRICAL_BASELINE_SHRINKAGE_PRIOR_WEIGHT_20
batter,691740,Daniel Susac,9,1,0.111111111111,1.58785773802,0.176428637557,0.156157681074,-0.0202709564834,0.024037427433,0.288277934715,False,False,True,EMPIRICAL_BASELINE_SHRINKAGE_PRIOR_WEIGHT_20
batter,691777,Max Muncy,21,2,0.0952380952381,3.94728853936,0.187966120922,0.140471278498,-0.0474948424234,0.0341088836593,0.246833673338,True,False,True,EMPIRICAL_BASELINE_SHRINKAGE_PRIOR_WEIGHT_20
batter,691781,Brady House,18,5,0.277777777778,3.88686774125,0.215937096736,0.245230050914,0.0292929541776,0.108438769632,0.382021332196,False,False,True,EMPIRICAL_BASELINE_SHRINKAGE_PRIOR_WEIGHT_20
batter,691783,Jordan Lawlar,11,0,0,3.05829310005,0.278026645459,0.179372029329,-0.0986546161307,0.0443123410528,0.314431717604,False,False,True,EMPIRICAL_BASELINE_SHRINKAGE_PRIOR_WEIGHT_20
batter,691785,Marcelo Mayer,16,1,0.0625,2.50760742604,0.156725464127,0.114847480071,-0.0418779840565,0.0106938019733,0.219001158168,False,False,True,EMPIRICAL_BASELINE_SHRINKAGE_PRIOR_WEIGHT_20
batter,691788,Joe Mack,18,2,0.111111111111,3.56130268242,0.197850149023,0.156763236328,-0.0410869126953,0.0411623537458,0.27236411891,False,False,True,EMPIRICAL_BASELINE_SHRINKAGE_PRIOR_WEIGHT_20
batter,691858,Jared Serna,1,1,1,0.0921411424881,0.0921411424881,0.135372516655,0.0432313741672,-0.0109550644271,0.281700097738,False,False,True,EMPIRICAL_BASELINE_SHRINKAGE_PRIOR_WEIGHT_20
batter,691907,Tsung-Che Cheng,5,1,0.2,1.2967234012,0.25934468024,0.247475744192,-0.0118689360481,0.0783099165227,0.416641571862,False,False,True,EMPIRICAL_BASELINE_SHRINKAGE_PRIOR_WEIGHT_20
batter,693304,Nick Gonzales,36,7,0.194444444444,5.7887679685,0.160799110236,0.182428253656,0.0216291434196,0.0812770522077,0.283579455104,True,True,True,EMPIRICAL_BASELINE_SHRINKAGE_PRIOR_WEIGHT_20
batter,693307,Dillon Dingler,40,7,0.175,6.85063657714,0.171265914429,0.17375530481,0.00248939038097,0.0778806475167,0.269629962102,True,True,True,EMPIRICAL_BASELINE_SHRINKAGE_PRIOR_WEIGHT_20
batter,693409,César Prieto,3,1,0.333333333333,0.469399633212,0.156466544404,0.179536125569,0.0230695811647,0.0226813269482,0.336390924189,False,False,True,EMPIRICAL_BASELINE_SHRINKAGE_PRIOR_WEIGHT_20
batter,694025,Felix Reyes,3,0,0,0.609109982363,0.203036660788,0.176553618076,-0.0264830427114,0.0207246742476,0.332382561905,False,False,True,EMPIRICAL_BASELINE_SHRINKAGE_PRIOR_WEIGHT_20
batter,694192,Jackson Chourio,31,0,0,5.70496938837,0.184031270592,0.0721691257225,-0.11186214487,0.00114905256363,0.143189198881,True,True,True,EMPIRICAL_BASELINE_SHRINKAGE_PRIOR_WEIGHT_20
batter,694197,Angel Genao,18,0,0,3.57738113479,0.198743396377,0.104601787567,-0.0941416088103,0.00729526830574,0.201908306828,False,False,True,EMPIRICAL_BASELINE_SHRINKAGE_PRIOR_WEIGHT_20
batter,694203,Denzer Guzman,9,2,0.222222222222,2.31954352584,0.257727058427,0.246708316157,-0.0110187422704,0.0898055668744,0.403611065439,False,False,True,EMPIRICAL_BASELINE_SHRINKAGE_PRIOR_WEIGHT_20
batter,694208,Moisés Ballesteros,15,3,0.2,3.19746481532,0.213164321021,0.207522469155,-0.00564185186621,0.0731692455984,0.341875692712,False,False,True,EMPIRICAL_BASELINE_SHRINKAGE_PRIOR_WEIGHT_20
batter,694212,Samuel Basallo,19,8,0.421052631579,3.0417374343,0.160091443911,0.287226381493,0.127134937582,0.145218731741,0.429234031244,False,False,True,EMPIRICAL_BASELINE_SHRINKAGE_PRIOR_WEIGHT_20
batter,694224,Gabriel Gonzalez,1,0,0,0.126677588823,0.126677588823,0.120645322689,-0.00603226613444,-0.0186651313417,0.259955776719,False,False,True,EMPIRICAL_BASELINE_SHRINKAGE_PRIOR_WEIGHT_20
batter,694249,Cole Carrigg,19,9,0.473684210526,2.92956609773,0.154187689354,0.309839840694,0.15565215134,0.16470645027,0.454973231119,False,False,True,EMPIRICAL_BASELINE_SHRINKAGE_PRIOR_WEIGHT_20
batter,694362,Blake Dunn,9,3,0.333333333333,1.27767069747,0.141963410831,0.201354076435,0.0593906656043,0.0554006062445,0.347307546625,False,False,True,EMPIRICAL_BASELINE_SHRINKAGE_PRIOR_WEIGHT_20
batter,694371,Tommy Troy,10,1,0.1,2.42836845837,0.242836845837,0.195224563892,-0.0476122819458,0.0533841366612,0.337064991122,False,False,True,EMPIRICAL_BASELINE_SHRINKAGE_PRIOR_WEIGHT_20
batter,694374,Tim Tawa,24,1,0.0416666666667,3.92179704706,0.163408210294,0.0970037319519,-0.0664044783423,0.00955229856022,0.184455165344,True,False,True,EMPIRICAL_BASELINE_SHRINKAGE_PRIOR_WEIGHT_20
batter,694376,Shay Whitcomb,6,1,0.166666666667,1.03779371655,0.172965619425,0.171512014942,-0.00145360448265,0.0266148863497,0.316409143535,False,False,True,EMPIRICAL_BASELINE_SHRINKAGE_PRIOR_WEIGHT_20
batter,694377,Nick Yorke,11,1,0.0909090909091,1.47988100472,0.134534636792,0.119054604382,-0.0154800324102,0.00504988825025,0.233059320514,False,False,True,EMPIRICAL_BASELINE_SHRINKAGE_PRIOR_WEIGHT_20
batter,694378,Jacob Gonzalez,7,0,0,0.862295127263,0.12318501818,0.0912481616152,-0.0319368565653,-0.0173716142298,0.19986793746,False,False,True,EMPIRICAL_BASELINE_SHRINKAGE_PRIOR_WEIGHT_20
batter,694384,Nolan Schanuel,39,20,0.512820512821,6.37994906472,0.163588437557,0.394436758494,0.230848320937,0.269727554092,0.519145962896,True,True,True,EMPIRICAL_BASELINE_SHRINKAGE_PRIOR_WEIGHT_20
batter,694388,Joey Loperfido,8,1,0.125,0.975906199864,0.121988274983,0.122848767845,0.000860492861994,0.00125825309521,0.244439282595,False,False,True,EMPIRICAL_BASELINE_SHRINKAGE_PRIOR_WEIGHT_20
batter,694410,LuJames Groover,5,0,0,0.994535632799,0.19890712656,0.159125701248,-0.039781425312,0.015734741512,0.302516660984,False,False,True,EMPIRICAL_BASELINE_SHRINKAGE_PRIOR_WEIGHT_20
batter,694497,Evan Carter,38,4,0.105263157895,8.85307079851,0.232975547329,0.149301912872,-0.083673634457,0.0575822417755,0.241021583969,True,True,True,EMPIRICAL_BASELINE_SHRINKAGE_PRIOR_WEIGHT_20
batter,694514,Sterlin Thompson,6,1,0.166666666667,0.890836351535,0.148472725256,0.15267132712,0.00419860186406,0.014418478273,0.290924175967,False,False,True,EMPIRICAL_BASELINE_SHRINKAGE_PRIOR_WEIGHT_20
batter,694671,Wyatt Langford,36,10,0.277777777778,5.56224700088,0.154506861136,0.233752450406,0.07924558927,0.122905259083,0.344599641728,True,True,True,EMPIRICAL_BASELINE_SHRINKAGE_PRIOR_WEIGHT_20
batter,694673,Abimelec Ortiz,6,2,0.333333333333,0.955054549257,0.159175758209,0.199365967853,0.040190209644,0.0457940056497,0.352937930057,False,False,True,EMPIRICAL_BASELINE_SHRINKAGE_PRIOR_WEIGHT_20
batter,694728,Brice Matthews,16,0,0,1.75845978378,0.109903736486,0.0610576313813,-0.0488461051051,-0.0171581278925,0.139273390655,False,False,True,EMPIRICAL_BASELINE_SHRINKAGE_PRIOR_WEIGHT_20
batter,695020,Tanner Murray,3,0,0,0.137776862014,0.0459256206712,0.0399353223228,-0.00599029834842,-0.0400888140976,0.119959458743,False,False,True,EMPIRICAL_BASELINE_SHRINKAGE_PRIOR_WEIGHT_20
batter,695238,Will Wagner,6,0,0,1.31783774909,0.219639624848,0.168953557575,-0.0506860672726,0.0249193275942,0.312987787557,False,False,True,EMPIRICAL_BASELINE_SHRINKAGE_PRIOR_WEIGHT_20
batter,695336,Thomas Saggese,4,2,0.5,0.778991532302,0.194747883075,0.245623235896,0.0508753528208,0.0734049246391,0.417841547153,False,False,True,EMPIRICAL_BASELINE_SHRINKAGE_PRIOR_WEIGHT_20
batter,695490,Edwin Arroyo,4,0,0,0.646781395267,0.161695348817,0.134746124014,-0.0269492248028,-0.00186320807125,0.271355456099,False,False,True,EMPIRICAL_BASELINE_SHRINKAGE_PRIOR_WEIGHT_20
batter,695491,Joshua Báez,7,2,0.285714285714,1.80447306618,0.257781866598,0.265023604887,0.00724173828953,0.0985470179768,0.431500191797,False,False,True,EMPIRICAL_BASELINE_SHRINKAGE_PRIOR_WEIGHT_20
batter,695506,Jac Caglianone,19,5,0.263157894737,5.2229329686,0.274891208874,0.26917497891,-0.00571622996417,0.129972228724,0.408377729095,False,False,True,EMPIRICAL_BASELINE_SHRINKAGE_PRIOR_WEIGHT_20
batter,695508,Cam Cauley,3,0,0,0.776876370807,0.258958790269,0.225181556756,-0.0337772335133,0.0544717239974,0.395891389514,False,False,True,EMPIRICAL_BASELINE_SHRINKAGE_PRIOR_WEIGHT_20
batter,695578,James Wood,40,7,0.175,6.80808625686,0.170202156421,0.173400718807,0.00319856238567,0.0776033888836,0.269198048731,True,True,True,EMPIRICAL_BASELINE_SHRINKAGE_PRIOR_WEIGHT_20
batter,695600,Carter Jensen,44,7,0.159090909091,8.64087676707,0.196383562888,0.170744863402,-0.0256386994855,0.0785548255577,0.262934901247,True,True,True,EMPIRICAL_BASELINE_SHRINKAGE_PRIOR_WEIGHT_20
batter,695657,Colson Montgomery,20,2,0.1,4.17283110985,0.208641555493,0.154320777746,-0.0543207777463,0.0423663929996,0.266275162493,True,False,True,EMPIRICAL_BASELINE_SHRINKAGE_PRIOR_WEIGHT_20
batter,695670,Harry Ford,7,1,0.142857142857,1.35143361237,0.193061944624,0.180045884906,-0.0130160597173,0.0351151267718,0.324976643041,False,False,True,EMPIRICAL_BASELINE_SHRINKAGE_PRIOR_WEIGHT_20
batter,695681,Christian Moore,5,0,0,1.23592172272,0.247184344543,0.197747475635,-0.0494368689086,0.0416136190019,0.353881332267,False,False,True,EMPIRICAL_BASELINE_SHRINKAGE_PRIOR_WEIGHT_20
batter,695720,Tommy White,12,0,0,2.25242006,0.187701671666,0.117313544791,-0.0703881268749,0.0058177744957,0.228809315087,False,False,True,EMPIRICAL_BASELINE_SHRINKAGE_PRIOR_WEIGHT_20
batter,695731,Braden Montgomery,22,5,0.227272727273,5.49911313576,0.249959687989,0.2380760419,-0.0118836460896,0.109267374304,0.366884709496,True,False,True,EMPIRICAL_BASELINE_SHRINKAGE_PRIOR_WEIGHT_20
batter,695734,Daylen Lile,30,2,0.0666666666667,4.23956823656,0.141318941219,0.0965275764875,-0.0447913647313,0.0146708786173,0.178384274358,True,True,True,EMPIRICAL_BASELINE_SHRINKAGE_PRIOR_WEIGHT_20
batter,696030,Alejandro Osuna,19,5,0.263157894737,3.03630649491,0.159805604995,0.21015672051,0.0503511155151,0.0822875426719,0.338025898349,False,False,True,EMPIRICAL_BASELINE_SHRINKAGE_PRIOR_WEIGHT_20
batter,696100,Hunter Goodman,26,5,0.192307692308,4.15170149986,0.159680826918,0.17812209866,0.0184412717422,0.0675514878109,0.288692709509,True,False,True,EMPIRICAL_BASELINE_SHRINKAGE_PRIOR_WEIGHT_20
batter,696135,Kahlil Watson,2,0,0,0.141683866028,0.0708419330139,0.0644017572853,-0.00644017572853,-0.03817247816,0.166975992731,False,False,True,EMPIRICAL_BASELINE_SHRINKAGE_PRIOR_WEIGHT_20
batter,696285,Jacob Young,47,5,0.106382978723,8.83004866972,0.187873375952,0.130708470433,-0.0571649055182,0.0499936545971,0.211423286269,True,True,True,EMPIRICAL_BASELINE_SHRINKAGE_PRIOR_WEIGHT_20
batter,699013,Esmerlyn Valdez,28,9,0.321428571429,5.84241342499,0.208657622321,0.274440675967,0.065783053646,0.148200917015,0.40068043492,True,False,True,EMPIRICAL_BASELINE_SHRINKAGE_PRIOR_WEIGHT_20
batter,699024,Leo Bernal,2,0,0,0.734494211483,0.367247105742,0.33386100522,-0.033386100522,0.13679577367,0.530926236769,False,False,True,EMPIRICAL_BASELINE_SHRINKAGE_PRIOR_WEIGHT_20
batter,699302,Héctor Rodríguez,5,0,0,0.789253268727,0.157850653745,0.126280522996,-0.0315701307491,-0.00392825453195,0.256489300525,False,False,True,EMPIRICAL_BASELINE_SHRINKAGE_PRIOR_WEIGHT_20
batter,699393,Pedro Ramírez,13,3,0.230769230769,2.23530671966,0.171946670743,0.19511919439,0.0231725236465,0.0599073042576,0.330331084522,False,False,True,EMPIRICAL_BASELINE_SHRINKAGE_PRIOR_WEIGHT_20
batter,699625,Jimmy Crooks,9,0,0,1.33293236788,0.148103596431,0.102140411332,-0.0459631850992,-0.00807950732354,0.212360329987,False,False,True,EMPIRICAL_BASELINE_SHRINKAGE_PRIOR_WEIGHT_20
batter,699912,Jose Fernandez,15,2,0.133333333333,3.15008528075,0.210005685384,0.177146105933,-0.0328595794501,0.0506581371288,0.303634074738,False,False,True,EMPIRICAL_BASELINE_SHRINKAGE_PRIOR_WEIGHT_20
batter,700246,Carson Williams,2,0,0,0.195557420547,0.0977787102735,0.0888897366123,-0.00888897366123,-0.0300305672007,0.207810040425,False,False,True,EMPIRICAL_BASELINE_SHRINKAGE_PRIOR_WEIGHT_20
batter,700250,Ben Rice,35,11,0.314285714286,5.53551092695,0.158157455056,0.257511801838,0.0993543467828,0.141948997319,0.373074606358,True,True,True,EMPIRICAL_BASELINE_SHRINKAGE_PRIOR_WEIGHT_20
batter,700337,Edgar Quero,12,0,0,1.30819513169,0.109016260974,0.0681351631089,-0.0408810978653,-0.0191706566111,0.155440982829,False,False,True,EMPIRICAL_BASELINE_SHRINKAGE_PRIOR_WEIGHT_20
batter,700932,Kyle Manzardo,17,2,0.117647058824,2.27354836592,0.133738139172,0.126344940093,-0.00739319907891,0.0192906355523,0.233399244633,False,False,True,EMPIRICAL_BASELINE_SHRINKAGE_PRIOR_WEIGHT_20
batter,701162,Ben Malgeri,8,1,0.125,1.6907936073,0.211349200913,0.186678000652,-0.0246712002607,0.0423485741575,0.331007427146,False,False,True,EMPIRICAL_BASELINE_SHRINKAGE_PRIOR_WEIGHT_20
batter,701305,Zach Dezenzo,6,1,0.166666666667,0.882851758876,0.147141959813,0.151647661394,0.00450570158171,0.0137758800902,0.289519442698,False,False,True,EMPIRICAL_BASELINE_SHRINKAGE_PRIOR_WEIGHT_20
batter,701350,Roman Anthony,8,2,0.25,2.07423687432,0.259279609289,0.25662829235,-0.00265131693983,0.0948454963706,0.418411088329,False,False,True,EMPIRICAL_BASELINE_SHRINKAGE_PRIOR_WEIGHT_20
batter,701358,Cam Smith,27,10,0.37037037037,3.69434985676,0.136827772473,0.270990541478,0.134162769005,0.14391827085,0.398062812105,True,False,True,EMPIRICAL_BASELINE_SHRINKAGE_PRIOR_WEIGHT_20
batter,701398,Sal Stewart,49,27,0.551020408163,11.6648208342,0.238057568044,0.460306541462,0.222248973418,0.342700758811,0.577912324113,True,True,True,EMPIRICAL_BASELINE_SHRINKAGE_PRIOR_WEIGHT_20
batter,701538,Jackson Merrill,20,3,0.15,3.64386231141,0.182193115571,0.166096557785,-0.0160965577853,0.0507607198932,0.281432395677,True,False,True,EMPIRICAL_BASELINE_SHRINKAGE_PRIOR_WEIGHT_20
batter,701649,James Triantos,1,0,0,0.205572827298,0.205572827298,0.195783645046,-0.00978918225228,0.0260683125357,0.365498977555,False,False,True,EMPIRICAL_BASELINE_SHRINKAGE_PRIOR_WEIGHT_20
batter,701675,Nathan Church,19,0,0,2.82358245341,0.148609602811,0.0762100527236,-0.0723995500874,-0.00706530651322,0.15948541196,False,False,True,EMPIRICAL_BASELINE_SHRINKAGE_PRIOR_WEIGHT_20
batter,701678,Hao-Yu Lee,21,3,0.142857142857,3.00893204652,0.143282478406,0.143064623612,-0.00021785479312,0.0358869546358,0.250242292589,True,False,True,EMPIRICAL_BASELINE_SHRINKAGE_PRIOR_WEIGHT_20
batter,701762,Nick Kurtz,39,9,0.230769230769,9.5377951629,0.244558850331,0.235443678078,-0.00911517225258,0.127181110119,0.343706246037,True,True,True,EMPIRICAL_BASELINE_SHRINKAGE_PRIOR_WEIGHT_20
batter,701785,Kaelen Culpepper,8,1,0.125,1.65488980463,0.206861225579,0.183472303985,-0.0233889215941,0.0401057742011,0.326838833769,False,False,True,EMPIRICAL_BASELINE_SHRINKAGE_PRIOR_WEIGHT_20
batter,701807,Carson Benge,33,6,0.181818181818,6.56236202167,0.198859455202,0.18824885102,-0.0106106041824,0.0830052354275,0.293492466612,True,True,True,EMPIRICAL_BASELINE_SHRINKAGE_PRIOR_WEIGHT_20
batter,701852,Drew Cavanaugh,8,2,0.25,1.64093708106,0.205117135133,0.217940810809,0.0128236756763,0.0650201561794,0.370861465439,False,False,True,EMPIRICAL_BASELINE_SHRINKAGE_PRIOR_WEIGHT_20
batter,702176,Alan Roden,5,0,0,0.42384556939,0.0847691138779,0.0678152911023,-0.0169538227756,-0.0307447485488,0.166375330753,False,False,True,EMPIRICAL_BASELINE_SHRINKAGE_PRIOR_WEIGHT_20
batter,702222,Justin Crawford,20,3,0.15,3.36202879489,0.168101439744,0.159050719872,-0.00905071987214,0.0457118711571,0.272389568587,True,False,True,EMPIRICAL_BASELINE_SHRINKAGE_PRIOR_WEIGHT_20
batter,702284,Cole Young,39,6,0.153846153846,6.82860163443,0.175092349601,0.161048254102,-0.0140440954988,0.0672539280547,0.254842580149,True,True,True,EMPIRICAL_BASELINE_SHRINKAGE_PRIOR_WEIGHT_20
batter,702332,Caleb Durbin,38,15,0.394736842105,7.91483750696,0.208285197552,0.330443171569,0.122157974018,0.209387765945,0.451498577194,True,True,True,EMPIRICAL_BASELINE_SHRINKAGE_PRIOR_WEIGHT_20
batter,702616,Jackson Holliday,19,2,0.105263157895,3.2516657592,0.171140303116,0.13904630929,-0.0320939938255,0.0304554182287,0.247637200351,False,False,True,EMPIRICAL_BASELINE_SHRINKAGE_PRIOR_WEIGHT_20
batter,703520,Brett Bateman,7,2,0.285714285714,1.26820708759,0.181172441084,0.208275882285,0.0271034412003,0.0551034467057,0.361448317864,False,False,True,EMPIRICAL_BASELINE_SHRINKAGE_PRIOR_WEIGHT_20
batter,703601,Max Clark,8,1,0.125,1.22369982448,0.152962478059,0.144973198614,-0.00798927944555,0.0145632330253,0.275383164202,False,False,True,EMPIRICAL_BASELINE_SHRINKAGE_PRIOR_WEIGHT_20
batter,703607,Henry Bolte,27,6,0.222222222222,4.40161443331,0.163022756789,0.197030960336,0.0340082035466,0.0833143830271,0.310747537645,True,False,True,EMPIRICAL_BASELINE_SHRINKAGE_PRIOR_WEIGHT_20
batter,800050,Chase DeLauter,31,7,0.225806451613,5.24577190894,0.169218448675,0.203615077912,0.0343966292366,0.0930959459574,0.314134209866,True,True,True,EMPIRICAL_BASELINE_SHRINKAGE_PRIOR_WEIGHT_20
batter,800325,Luis Lara,16,2,0.125,2.09097702767,0.13068606423,0.128158924572,-0.00252713965759,0.0189651418199,0.237352707324,False,False,True,EMPIRICAL_BASELINE_SHRINKAGE_PRIOR_WEIGHT_20
batter,801126,Brock Rodden,4,0,0,0.559211903634,0.139802975908,0.116502479924,-0.0233004959847,-0.0118548584409,0.244859818288,False,False,True,EMPIRICAL_BASELINE_SHRINKAGE_PRIOR_WEIGHT_20
batter,801501,Nate Furman,2,0,0,0.526441363559,0.26322068178,0.23929152889,-0.023929152889,0.0610054147087,0.417577643072,False,False,True,EMPIRICAL_BASELINE_SHRINKAGE_PRIOR_WEIGHT_20
batter,802139,JJ Wetherholt,42,5,0.119047619048,5.56045406145,0.132391763368,0.123352181732,-0.00903958163625,0.0414969914524,0.205207372011,True,True,True,EMPIRICAL_BASELINE_SHRINKAGE_PRIOR_WEIGHT_20
batter,802415,Chandler Simpson,27,0,0,4.87485041946,0.180550015536,0.076829793845,-0.103720221691,0.000689794935668,0.152969792754,True,False,True,EMPIRICAL_BASELINE_SHRINKAGE_PRIOR_WEIGHT_20
batter,803011,Sam Antonacci,37,12,0.324324324324,6.39444502273,0.172822838452,0.271165908229,0.0983430697766,0.155754025205,0.386577791253,True,True,True,EMPIRICAL_BASELINE_SHRINKAGE_PRIOR_WEIGHT_20
batter,804606,Konnor Griffin,9,2,0.222222222222,1.72402159231,0.191557954701,0.201074451518,0.00951649681691,0.0551968300569,0.346952072979,False,False,True,EMPIRICAL_BASELINE_SHRINKAGE_PRIOR_WEIGHT_20
batter,804668,Rafael Flores Jr.,2,0,0,0.854936450824,0.427468225412,0.388607477647,-0.0388607477647,0.184921857854,0.59229309744,False,False,True,EMPIRICAL_BASELINE_SHRINKAGE_PRIOR_WEIGHT_20
batter,805249,Otto Kemp,1,0,0,0.101963014551,0.101963014551,0.097107632906,-0.0048553816453,-0.0295382566271,0.223753522439,False,False,True,EMPIRICAL_BASELINE_SHRINKAGE_PRIOR_WEIGHT_20
batter,805300,Jakob Marsee,37,7,0.189189189189,7.94535031753,0.214739197771,0.198154104481,-0.0165850932901,0.0946719087869,0.301636300175,True,True,True,EMPIRICAL_BASELINE_SHRINKAGE_PRIOR_WEIGHT_20
batter,805347,Jim Jarvis,8,0,0,1.42212460678,0.177765575848,0.12697541132,-0.0507901645279,0.00365069994314,0.250300122696,False,False,True,EMPIRICAL_BASELINE_SHRINKAGE_PRIOR_WEIGHT_20
batter,805367,Chase Meidroth,60,4,0.0666666666667,6.94136499146,0.115689416524,0.0789223541311,-0.0367670623933,0.0198398063907,0.138004901872,True,True,True,EMPIRICAL_BASELINE_SHRINKAGE_PRIOR_WEIGHT_20
batter,805672,Collin Price,2,0,0,0.390310825523,0.195155412761,0.177414011601,-0.0177414011601,0.0177785608806,0.337049462322,False,False,True,EMPIRICAL_BASELINE_SHRINKAGE_PRIOR_WEIGHT_20
batter,805779,Jacob Wilson,22,2,0.0909090909091,3.74732983748,0.170333174431,0.128730083062,-0.0416030913686,0.0274444585074,0.230015707617,True,False,True,EMPIRICAL_BASELINE_SHRINKAGE_PRIOR_WEIGHT_20
batter,805805,Walker Jenkins,4,2,0.5,0.77628070057,0.194070175142,0.245058479285,0.0509883041429,0.0729738924763,0.417143066094,False,False,True,EMPIRICAL_BASELINE_SHRINKAGE_PRIOR_WEIGHT_20
batter,805808,Kevin McGonigle,51,18,0.352941176471,11.025107654,0.21617858145,0.314416501817,0.0982379203667,0.20641998698,0.422413016654,True,True,True,EMPIRICAL_BASELINE_SHRINKAGE_PRIOR_WEIGHT_20
batter,805811,Bryce Eldridge,33,13,0.393939393939,8.52357396288,0.258290120087,0.342750988712,0.0844608686249,0.214968169537,0.470533807887,True,True,True,EMPIRICAL_BASELINE_SHRINKAGE_PRIOR_WEIGHT_20
batter,805904,Zach Cole,6,3,0.5,0.865587403356,0.144264567226,0.226357359405,0.0820927921786,0.0655014922822,0.387213226527,False,False,True,EMPIRICAL_BASELINE_SHRINKAGE_PRIOR_WEIGHT_20
batter,805999,A.J. Ewing,35,12,0.342857142857,7.80082071509,0.22288059186,0.299229306131,0.0763487142712,0.178207186501,0.42025142576,True,True,True,EMPIRICAL_BASELINE_SHRINKAGE_PRIOR_WEIGHT_20
batter,806068,Colt Emerson,7,2,0.285714285714,2.20657675059,0.315225250085,0.307574259322,-0.00765099076267,0.133499507441,0.481649011202,False,False,True,EMPIRICAL_BASELINE_SHRINKAGE_PRIOR_WEIGHT_20
batter,806146,George Lombard Jr.,14,7,0.5,4.45071325203,0.317908089431,0.39288711143,0.074979021999,0.228720350207,0.557053872653,False,False,True,EMPIRICAL_BASELINE_SHRINKAGE_PRIOR_WEIGHT_20
batter,806198,Cooper Pratt,14,2,0.142857142857,3.62312052657,0.258794323327,0.21105548431,-0.0477388390168,0.0738921087294,0.34821885989,False,False,True,EMPIRICAL_BASELINE_SHRINKAGE_PRIOR_WEIGHT_20
batter,806367,Turner Hill,4,0,0,0.574063361815,0.143515840454,0.119596533711,-0.0239193067423,-0.0102261607628,0.249419228186,False,False,True,EMPIRICAL_BASELINE_SHRINKAGE_PRIOR_WEIGHT_20
batter,807712,Luke Keaschall,48,16,0.333333333333,9.07194091799,0.188998769125,0.290881990919,0.101883221794,0.182932825374,0.398831156464,True,True,True,EMPIRICAL_BASELINE_SHRINKAGE_PRIOR_WEIGHT_20
batter,807713,Matt Shaw,12,1,0.0833333333333,1.21962817158,0.101635680965,0.0947723006032,-0.00686338036194,-0.00671243185724,0.196257033064,False,False,True,EMPIRICAL_BASELINE_SHRINKAGE_PRIOR_WEIGHT_20
batter,807726,John Peck,1,0,0,0.529409195629,0.529409195629,0.504199233932,-0.0252099616966,0.290353243634,0.71804522423,False,False,True,EMPIRICAL_BASELINE_SHRINKAGE_PRIOR_WEIGHT_20
batter,807727,Charles McAdoo,4,1,0.25,0.948617454978,0.237154363744,0.23929530312,0.00214093937592,0.068598421774,0.409992184467,False,False,True,EMPIRICAL_BASELINE_SHRINKAGE_PRIOR_WEIGHT_20
batter,807799,Masataka Yoshida,18,2,0.111111111111,2.41239249794,0.134021805441,0.123169371285,-0.0108524341563,0.0186796691266,0.227659073443,False,False,True,EMPIRICAL_BASELINE_SHRINKAGE_PRIOR_WEIGHT_20
batter,808959,Munetaka Murakami,34,14,0.411764705882,6.11002184744,0.179706524925,0.325817231454,0.146110706529,0.20081002788,0.450824435027,True,True,True,EMPIRICAL_BASELINE_SHRINKAGE_PRIOR_WEIGHT_20
batter,808975,Hyeseong Kim,10,0,0,1.15358092992,0.115358092992,0.0769053953277,-0.0384526976638,-0.0184393920911,0.172250182746,False,False,True,EMPIRICAL_BASELINE_SHRINKAGE_PRIOR_WEIGHT_20
batter,808982,Jung Hoo Lee,41,5,0.121951219512,5.11458881409,0.124746068636,0.122867563487,-0.00187850514909,0.0404836605686,0.205251466406,True,True,True,EMPIRICAL_BASELINE_SHRINKAGE_PRIOR_WEIGHT_20
batter,810938,Ben Williamson,27,3,0.111111111111,4.79332386866,0.177530513654,0.139374686661,-0.0381558269928,0.0403585101203,0.238390863202,True,False,True,EMPIRICAL_BASELINE_SHRINKAGE_PRIOR_WEIGHT_20
batter,811965,Joshua Kuroda-Grauer,4,0,0,0.473373176993,0.118343294248,0.0986194118736,-0.0197238823747,-0.020665566215,0.217904389962,False,False,True,EMPIRICAL_BASELINE_SHRINKAGE_PRIOR_WEIGHT_20
batter,813841,Jonah Cox,9,1,0.111111111111,2.01983471025,0.224426078917,0.18925936477,-0.0351667141466,0.0466898301732,0.331828899367,False,False,True,EMPIRICAL_BASELINE_SHRINKAGE_PRIOR_WEIGHT_20
batter,814430,Brett Callahan,2,0,0,0.501449242487,0.250724621243,0.227931473858,-0.0227931473858,0.0526343443441,0.403228603371,False,False,True,EMPIRICAL_BASELINE_SHRINKAGE_PRIOR_WEIGHT_20
batter,814439,Ryan Waldschmidt,22,6,0.272727272727,6.55251031853,0.297841378115,0.284686370531,-0.0131550075841,0.148208255996,0.421164485066,True,False,True,EMPIRICAL_BASELINE_SHRINKAGE_PRIOR_WEIGHT_20
batter,815873,Sean Keys,2,0,0,0.217387034699,0.10869351735,0.0988122884997,-0.00988122884997,-0.0258852384158,0.223509815415,False,False,True,EMPIRICAL_BASELINE_SHRINKAGE_PRIOR_WEIGHT_20
batter,823550,Sung-Mun Song,11,2,0.181818181818,1.53665842377,0.139696220343,0.154642722802,0.0149465024591,0.0273627376112,0.281922707992,False,False,True,EMPIRICAL_BASELINE_SHRINKAGE_PRIOR_WEIGHT_20
batter,828599,Lucas Spence,5,0,0,0.901177138663,0.180235427733,0.144188342186,-0.0360470855465,0.00648634462742,0.281890339745,False,False,True,EMPIRICAL_BASELINE_SHRINKAGE_PRIOR_WEIGHT_20
pitcher,434378,Justin Verlander,2,0,0,0.320855692246,0.160427846123,0.145843496476,-0.0145843496476,-0.00164460685931,0.293331599811,False,False,False,EMPIRICAL_BASELINE_SHRINKAGE_PRIOR_WEIGHT_20
pitcher,445276,Kenley Jansen,9,1,0.111111111111,3.35870445045,0.373189383384,0.291854747161,-0.0813346362225,0.126391467854,0.457318026468,False,False,False,EMPIRICAL_BASELINE_SHRINKAGE_PRIOR_WEIGHT_20
pitcher,453286,Max Scherzer,15,1,0.0666666666667,1.50157011598,0.100104674398,0.0857740996563,-0.0143305747422,-0.00700003104002,0.178548230353,False,False,False,EMPIRICAL_BASELINE_SHRINKAGE_PRIOR_WEIGHT_20
pitcher,455119,Chris Martin,6,1,0.166666666667,0.554849148603,0.0924748581005,0.109596044693,0.0171211865922,-0.0104811071171,0.229673196502,False,False,False,EMPIRICAL_BASELINE_SHRINKAGE_PRIOR_WEIGHT_20
pitcher,471911,Carlos Carrasco,5,0,0,1.0093559782,0.20187119564,0.161496956512,-0.040374239128,0.0172453827983,0.305748530226,False,False,False,EMPIRICAL_BASELINE_SHRINKAGE_PRIOR_WEIGHT_20
pitcher,472610,Luis García,2,0,0,0.74355167393,0.371775836965,0.337978033605,-0.0337978033605,0.140315131093,0.535640936117,False,False,False,EMPIRICAL_BASELINE_SHRINKAGE_PRIOR_WEIGHT_20
pitcher,476594,Robert Stock,8,2,0.25,1.7385343556,0.21731679445,0.226654853179,0.00933805872855,0.0715782608337,0.381731445524,False,False,False,EMPIRICAL_BASELINE_SHRINKAGE_PRIOR_WEIGHT_20
pitcher,489446,Kirby Yates,17,3,0.176470588235,2.31538272991,0.136198984112,0.154702153574,0.018503169462,0.0381800623512,0.271224244797,False,False,False,EMPIRICAL_BASELINE_SHRINKAGE_PRIOR_WEIGHT_20
pitcher,500779,Jose Quintana,12,3,0.25,1.18041509515,0.098367924596,0.155229952872,0.0568620282765,0.029760472786,0.280699432959,False,False,False,EMPIRICAL_BASELINE_SHRINKAGE_PRIOR_WEIGHT_20
pitcher,518585,Fernando Cruz,17,5,0.294117647059,3.76518973915,0.221481749362,0.254854999655,0.0333732502933,0.114437193275,0.395272806035,False,False,False,EMPIRICAL_BASELINE_SHRINKAGE_PRIOR_WEIGHT_20
pitcher,518876,Merrill Kelly,33,6,0.181818181818,5.2559587252,0.159271476521,0.17330999114,0.0140385146188,0.0714036330731,0.275216349207,True,False,False,EMPIRICAL_BASELINE_SHRINKAGE_PRIOR_WEIGHT_20
pitcher,518886,Craig Kimbrel,13,1,0.0769230769231,2.76984513339,0.213065010261,0.159433339552,-0.0536316707088,0.0345297978405,0.284336881263,False,False,False,EMPIRICAL_BASELINE_SHRINKAGE_PRIOR_WEIGHT_20
pitcher,519141,Drew Pomeranz,11,5,0.454545454545,2.61616389171,0.237833081064,0.314731020042,0.0768979389771,0.151246914461,0.478215125622,False,False,False,EMPIRICAL_BASELINE_SHRINKAGE_PRIOR_WEIGHT_20
pitcher,519242,Chris Sale,39,9,0.230769230769,7.77936902506,0.199471000643,0.220159661235,0.0206886605922,0.114428795622,0.325890526847,True,False,False,EMPIRICAL_BASELINE_SHRINKAGE_PRIOR_WEIGHT_20
pitcher,527048,Martín Pérez,44,5,0.113636363636,6.84565137566,0.155582985811,0.126744683066,-0.0288383027447,0.0452364312472,0.208252934884,True,False,False,EMPIRICAL_BASELINE_SHRINKAGE_PRIOR_WEIGHT_20
pitcher,542888,Shawn Armstrong,11,5,0.454545454545,2.72646485143,0.247860441039,0.321200284541,0.0733398435023,0.156825948758,0.485574620324,False,False,False,EMPIRICAL_BASELINE_SHRINKAGE_PRIOR_WEIGHT_20
pitcher,543037,Gerrit Cole,45,7,0.155555555556,10.2592084204,0.227982409343,0.177840741336,-0.0501416680065,0.0848814083121,0.27080007436,True,False,False,EMPIRICAL_BASELINE_SHRINKAGE_PRIOR_WEIGHT_20
pitcher,543056,Danny Coulombe,5,2,0.4,0.544115214008,0.108823042802,0.167058434241,0.0582353914397,0.0208314451023,0.31328542338,False,False,False,EMPIRICAL_BASELINE_SHRINKAGE_PRIOR_WEIGHT_20
pitcher,543135,Nathan Eovaldi,28,5,0.178571428571,4.13985297056,0.147851891806,0.165771621586,0.0179197297801,0.060567434416,0.270975808755,True,False,False,EMPIRICAL_BASELINE_SHRINKAGE_PRIOR_WEIGHT_20
pitcher,543238,Anthony Gose,5,3,0.6,1.70394393836,0.340788787672,0.392631030138,0.0518422424655,0.201203376169,0.584058684107,False,False,False,EMPIRICAL_BASELINE_SHRINKAGE_PRIOR_WEIGHT_20
pitcher,543243,Sonny Gray,44,8,0.181818181818,7.624480297,0.173283643114,0.179151138473,0.00586749535942,0.0851988267206,0.273103450225,True,False,False,EMPIRICAL_BASELINE_SHRINKAGE_PRIOR_WEIGHT_20
pitcher,544150,Albert Suárez,22,3,0.136363636364,3.59025975169,0.163193625077,0.149139821465,-0.0140538036117,0.041404692752,0.256874950178,True,False,False,EMPIRICAL_BASELINE_SHRINKAGE_PRIOR_WEIGHT_20
pitcher,547179,Michael Lorenzen,42,1,0.0238095238095,4.82464867363,0.114872587467,0.0531847056347,-0.0616878818328,-0.00267340461453,0.109042815884,True,False,False,EMPIRICAL_BASELINE_SHRINKAGE_PRIOR_WEIGHT_20
pitcher,547184,Michael Kelly,3,0,0,1.31275321923,0.437584406409,0.380508179486,-0.0570762269229,0.182085212145,0.578931146827,False,False,False,EMPIRICAL_BASELINE_SHRINKAGE_PRIOR_WEIGHT_20
pitcher,547973,Aroldis Chapman,15,4,0.266666666667,3.98049723415,0.265366482276,0.265923704158,0.000557221881534,0.119547265956,0.41230014236,False,False,False,EMPIRICAL_BASELINE_SHRINKAGE_PRIOR_WEIGHT_20
pitcher,548384,Brooks Raley,15,3,0.2,2.59440724821,0.172960483214,0.184548847551,0.0115883643368,0.0560270789313,0.313070616171,False,False,False,EMPIRICAL_BASELINE_SHRINKAGE_PRIOR_WEIGHT_20
pitcher,552640,Andrew Kittredge,9,3,0.333333333333,2.08805721869,0.232006357632,0.263452660436,0.0314463028039,0.1031249099,0.423780410972,False,False,False,EMPIRICAL_BASELINE_SHRINKAGE_PRIOR_WEIGHT_20
pitcher,554430,Zack Wheeler,38,7,0.184210526316,6.98454974206,0.18380394058,0.184070324338,0.000266383757657,0.0843323995446,0.283808249132,True,False,False,EMPIRICAL_BASELINE_SHRINKAGE_PRIOR_WEIGHT_20
pitcher,571510,Matthew Boyd,33,2,0.0606060606061,3.20723188643,0.0971888450435,0.0744108849221,-0.0227779601214,0.0037554635813,0.145066306263,True,False,False,EMPIRICAL_BASELINE_SHRINKAGE_PRIOR_WEIGHT_20
pitcher,571578,Patrick Corbin,36,6,0.166666666667,7.13849589642,0.198291552678,0.177961268814,-0.0203302838646,0.0777835945781,0.278138943049,True,False,False,EMPIRICAL_BASELINE_SHRINKAGE_PRIOR_WEIGHT_20
pitcher,571882,Derek Law,1,0,0,0.0619128062676,0.0619128062676,0.0589645773977,-0.00294822886988,-0.0417854110197,0.159714565815,False,False,False,EMPIRICAL_BASELINE_SHRINKAGE_PRIOR_WEIGHT_20
pitcher,571927,Steven Matz,21,6,0.285714285714,4.19007218531,0.19952724692,0.243671827766,0.0441445808461,0.112263786381,0.375079869151,True,False,False,EMPIRICAL_BASELINE_SHRINKAGE_PRIOR_WEIGHT_20
pitcher,571945,Miles Mikolas,34,10,0.294117647059,6.89622178768,0.202830052579,0.260307426881,0.0574773743021,0.143269101229,0.377345752533,True,False,False,EMPIRICAL_BASELINE_SHRINKAGE_PRIOR_WEIGHT_20
pitcher,571948,Hoby Milner,11,2,0.181818181818,1.16082334524,0.105529395022,0.132599609691,0.0270702146697,0.0132128530615,0.251986366321,False,False,False,EMPIRICAL_BASELINE_SHRINKAGE_PRIOR_WEIGHT_20
pitcher,572143,Burch Smith,5,0,0,0.91063579703,0.182127159406,0.145701727525,-0.0364254318812,0.00740140859532,0.284002046454,False,False,False,EMPIRICAL_BASELINE_SHRINKAGE_PRIOR_WEIGHT_20
pitcher,572955,Pierce Johnson,6,1,0.166666666667,0.963680427428,0.160613404571,0.162010311209,0.00139690663738,0.0203787433194,0.303641879098,False,False,False,EMPIRICAL_BASELINE_SHRINKAGE_PRIOR_WEIGHT_20
pitcher,573009,Joe Mantiply,6,0,0,0.469853841256,0.0783089735426,0.0602376719559,-0.0180713015868,-0.031218391205,0.151693735117,False,False,False,EMPIRICAL_BASELINE_SHRINKAGE_PRIOR_WEIGHT_20
pitcher,573124,Taylor Rogers,21,5,0.238095238095,4.77224115488,0.227249578804,0.232804672587,0.00555509378339,0.103440813122,0.362168532052,True,False,False,EMPIRICAL_BASELINE_SHRINKAGE_PRIOR_WEIGHT_20
pitcher,573204,Caleb Thielbar,16,4,0.25,2.40719139514,0.150449462196,0.194694145665,0.0442446834684,0.0653455566887,0.32404273464,False,False,False,EMPIRICAL_BASELINE_SHRINKAGE_PRIOR_WEIGHT_20
pitcher,579328,Yusei Kikuchi,11,2,0.181818181818,0.47364271166,0.0430584283328,0.0922957602147,0.0492373318819,-0.00959581634544,0.194187336775,False,False,False,EMPIRICAL_BASELINE_SHRINKAGE_PRIOR_WEIGHT_20
pitcher,592094,Jason Adam,8,4,0.5,2.40714319378,0.300892899222,0.357780642302,0.0568877430793,0.180227987099,0.535333297504,False,False,False,EMPIRICAL_BASELINE_SHRINKAGE_PRIOR_WEIGHT_20
pitcher,592155,Cam Booser,8,2,0.25,1.09765537008,0.137206921259,0.169433515185,0.0322265939259,0.0304817982514,0.308385232119,False,False,False,EMPIRICAL_BASELINE_SHRINKAGE_PRIOR_WEIGHT_20
pitcher,592332,Kevin Gausman,70,8,0.114285714286,12.2589599288,0.175127998982,0.127806221996,-0.0473217769863,0.0588271563579,0.196785287634,True,False,False,EMPIRICAL_BASELINE_SHRINKAGE_PRIOR_WEIGHT_20
pitcher,592454,Tommy Kahnle,5,2,0.4,0.587612537514,0.117522507503,0.174018006002,0.0564954984994,0.0254010194622,0.322634992542,False,False,False,EMPIRICAL_BASELINE_SHRINKAGE_PRIOR_WEIGHT_20
pitcher,592662,Robbie Ray,43,9,0.209302325581,7.80619378525,0.181539390355,0.200488695351,0.018949304996,0.101623587171,0.299353803531,True,False,False,EMPIRICAL_BASELINE_SHRINKAGE_PRIOR_WEIGHT_20
pitcher,592773,Ryne Stanek,17,7,0.411764705882,5.04875074682,0.296985338048,0.34972180435,0.0527364663022,0.196059917908,0.503383690793,False,False,False,EMPIRICAL_BASELINE_SHRINKAGE_PRIOR_WEIGHT_20
pitcher,592779,Brock Stewart,2,1,0.5,0.584545208086,0.292272604043,0.311156912766,0.0188843087234,0.11769538632,0.504618439213,False,False,False,EMPIRICAL_BASELINE_SHRINKAGE_PRIOR_WEIGHT_20
pitcher,592791,Jameson Taillon,33,6,0.181818181818,3.75367169762,0.1137476272,0.156131180076,0.0423835528752,0.0584073616969,0.253854998454,True,False,False,EMPIRICAL_BASELINE_SHRINKAGE_PRIOR_WEIGHT_20
pitcher,592836,Taijuan Walker,11,0,0,1.40598185125,0.127816531932,0.0824622786656,-0.0453542532661,-0.0143688187872,0.179293376118,False,False,False,EMPIRICAL_BASELINE_SHRINKAGE_PRIOR_WEIGHT_20
pitcher,592866,Trevor Williams,12,4,0.333333333333,2.79921064885,0.233267554071,0.270792221295,0.0375246672233,0.116826223453,0.424758219136,False,False,False,EMPIRICAL_BASELINE_SHRINKAGE_PRIOR_WEIGHT_20
pitcher,593958,Eduardo Rodriguez,61,10,0.16393442623,11.4354683325,0.187466693975,0.16974486271,-0.0177218312654,0.0879892331188,0.251500492301,True,False,False,EMPIRICAL_BASELINE_SHRINKAGE_PRIOR_WEIGHT_20
pitcher,593974,Wandy Peralta,17,4,0.235294117647,4.24977802153,0.249986942443,0.243236185104,-0.00675075733876,0.104991170117,0.381481200092,False,False,False,EMPIRICAL_BASELINE_SHRINKAGE_PRIOR_WEIGHT_20
pitcher,594027,Tyron Guerrero,8,2,0.25,2.26328029567,0.282910036959,0.273507169256,-0.00940286770244,0.108395761795,0.438618576717,False,False,False,EMPIRICAL_BASELINE_SHRINKAGE_PRIOR_WEIGHT_20
pitcher,594580,Sam Moll,11,1,0.0909090909091,1.02636983548,0.0933063486796,0.0924557088255,-0.000850639854042,-0.00951513315624,0.194426550807,False,False,False,EMPIRICAL_BASELINE_SHRINKAGE_PRIOR_WEIGHT_20
pitcher,594798,Jacob deGrom,44,9,0.204545454545,6.80768711777,0.154720161768,0.188975050552,0.0342548887848,0.0930602944599,0.284889806645,True,False,False,EMPIRICAL_BASELINE_SHRINKAGE_PRIOR_WEIGHT_20
pitcher,595014,Blake Treinen,7,1,0.142857142857,1.26468414489,0.180669163556,0.170866047079,-0.00980311647749,0.0288902141171,0.31284188004,False,False,False,EMPIRICAL_BASELINE_SHRINKAGE_PRIOR_WEIGHT_20
pitcher,595345,Steven Okert,22,6,0.272727272727,3.4252053928,0.155691154218,0.216995787723,0.0613046335047,0.0923323418849,0.341659233561,True,False,False,EMPIRICAL_BASELINE_SHRINKAGE_PRIOR_WEIGHT_20
pitcher,596001,Jakob Junis,13,2,0.153846153846,1.34694979351,0.103611522578,0.123400922774,0.0197894001967,0.0111838825918,0.235617962957,False,False,False,EMPIRICAL_BASELINE_SHRINKAGE_PRIOR_WEIGHT_20
pitcher,596133,Luke Weaver,16,5,0.3125,4.48913460342,0.280570912714,0.294761618174,0.0141907054606,0.145822678693,0.443700557655,False,False,False,EMPIRICAL_BASELINE_SHRINKAGE_PRIOR_WEIGHT_20
pitcher,601713,Nick Pivetta,2,1,0.5,0.645547923721,0.32277396186,0.338885419873,0.0161114580127,0.141093046997,0.53667779275,False,False,False,EMPIRICAL_BASELINE_SHRINKAGE_PRIOR_WEIGHT_20
pitcher,605130,Scott Barlow,8,2,0.25,1.12943229702,0.141179037127,0.172270740805,0.031091703678,0.032399969441,0.312141512169,False,False,False,EMPIRICAL_BASELINE_SHRINKAGE_PRIOR_WEIGHT_20
pitcher,605135,Chris Bassitt,45,11,0.244444444444,7.69256383476,0.170945862995,0.221829496306,0.0508836333113,0.120823670881,0.322835321731,True,False,False,EMPIRICAL_BASELINE_SHRINKAGE_PRIOR_WEIGHT_20
pitcher,605156,Aaron Brooks,1,0,0,0.221150427766,0.221150427766,0.210619455015,-0.0105309727508,0.036222508921,0.38501640111,False,False,False,EMPIRICAL_BASELINE_SHRINKAGE_PRIOR_WEIGHT_20
pitcher,605218,Carl Edwards Jr.,2,0,0,0.352861638806,0.176430819403,0.160391654003,-0.0160391654003,0.00704511185106,0.313738196155,False,False,False,EMPIRICAL_BASELINE_SHRINKAGE_PRIOR_WEIGHT_20
pitcher,605242,Michael Fulmer,1,1,1,0.162279363341,0.162279363341,0.202170822229,0.0398914588885,0.0303955600011,0.373946084457,False,False,False,EMPIRICAL_BASELINE_SHRINKAGE_PRIOR_WEIGHT_20
pitcher,605280,Clay Holmes,16,0,0,3.00765706165,0.187978566353,0.104432536863,-0.0835460294903,0.00453106463717,0.204334009089,False,False,False,EMPIRICAL_BASELINE_SHRINKAGE_PRIOR_WEIGHT_20
pitcher,605288,Adrian Houser,42,6,0.142857142857,7.94535006574,0.189175001565,0.157798387602,-0.0313766139635,0.0670540486027,0.248542726601,True,False,False,EMPIRICAL_BASELINE_SHRINKAGE_PRIOR_WEIGHT_20
pitcher,605400,Aaron Nola,57,14,0.245614035088,12.8766563902,0.225906252459,0.240495130509,0.0145888780496,0.145033437181,0.335956823837,True,False,False,EMPIRICAL_BASELINE_SHRINKAGE_PRIOR_WEIGHT_20
pitcher,605447,Jordan Romano,7,2,0.285714285714,1.85298114521,0.264711592172,0.270156734943,0.00544514277012,0.102663646352,0.437649823533,False,False,False,EMPIRICAL_BASELINE_SHRINKAGE_PRIOR_WEIGHT_20
pitcher,605483,Blake Snell,6,2,0.333333333333,0.995001742341,0.165833623724,0.204487402864,0.0386537791407,0.0494536687393,0.359521136989,False,False,False,EMPIRICAL_BASELINE_SHRINKAGE_PRIOR_WEIGHT_20
pitcher,605488,Jeffrey Springs,43,8,0.186046511628,6.66389495243,0.154974301219,0.176182317847,0.0212080166281,0.0821055234077,0.270259112287,True,False,False,EMPIRICAL_BASELINE_SHRINKAGE_PRIOR_WEIGHT_20
pitcher,605540,Brandon Woodruff,7,3,0.428571428571,1.27010288105,0.181443268722,0.245513532386,0.0640702636647,0.0831690121492,0.407858052624,False,False,False,EMPIRICAL_BASELINE_SHRINKAGE_PRIOR_WEIGHT_20
pitcher,606965,Chris Devenski,1,0,0,0.121641206856,0.121641206856,0.115848768434,-0.00579243842169,-0.0210360904925,0.25273362736,False,False,False,EMPIRICAL_BASELINE_SHRINKAGE_PRIOR_WEIGHT_20
pitcher,606996,Kyle Hart,18,2,0.111111111111,2.86241826886,0.159023237159,0.136328019557,-0.0226952176015,0.0272263865474,0.245429652567,False,False,False,EMPIRICAL_BASELINE_SHRINKAGE_PRIOR_WEIGHT_20
pitcher,607067,Colin Rea,31,6,0.193548387097,3.5180372635,0.113485073016,0.162151009026,0.0486659360098,0.0609898756115,0.26331214244,True,False,False,EMPIRICAL_BASELINE_SHRINKAGE_PRIOR_WEIGHT_20
pitcher,607074,Carlos Rodón,18,4,0.222222222222,3.76061037594,0.208922798664,0.215222525612,0.00629972694886,0.0845508683165,0.345894182908,False,False,False,EMPIRICAL_BASELINE_SHRINKAGE_PRIOR_WEIGHT_20
pitcher,607192,Tyler Glasnow,17,3,0.176470588235,3.77960459389,0.222329681993,0.201259287564,-0.0210703944293,0.0720671495475,0.33045142558,False,False,False,EMPIRICAL_BASELINE_SHRINKAGE_PRIOR_WEIGHT_20
pitcher,607200,Erick Fedde,48,3,0.0625,6.1633533889,0.128403195602,0.0818832928241,-0.0465199027779,0.0167132194952,0.147053366153,True,False,False,EMPIRICAL_BASELINE_SHRINKAGE_PRIOR_WEIGHT_20
pitcher,607259,Nick Martinez,40,6,0.15,5.94336627564,0.148584156891,0.149528052297,0.000943895405992,0.0592937258338,0.23976237876,True,False,False,EMPIRICAL_BASELINE_SHRINKAGE_PRIOR_WEIGHT_20
pitcher,607455,Anthony Banda,11,2,0.181818181818,1.81802307731,0.16527482521,0.171145048522,0.00587022331266,0.0385593558084,0.303730741236,False,False,False,EMPIRICAL_BASELINE_SHRINKAGE_PRIOR_WEIGHT_20
pitcher,607481,Aaron Bummer,5,0,0,0.69531705295,0.13906341059,0.111250728472,-0.027812682118,-0.0120106804653,0.234512137409,False,False,False,EMPIRICAL_BASELINE_SHRINKAGE_PRIOR_WEIGHT_20
pitcher,607536,Kyle Freeland,31,7,0.225806451613,4.09021999274,0.131942580411,0.188997090357,0.0570545099463,0.0815462667809,0.296447913933,True,False,False,EMPIRICAL_BASELINE_SHRINKAGE_PRIOR_WEIGHT_20
pitcher,607625,Seth Lugo,47,6,0.127659574468,5.9538622527,0.12667792027,0.127366543364,0.000688623094067,0.0475372507049,0.207195836024,True,False,False,EMPIRICAL_BASELINE_SHRINKAGE_PRIOR_WEIGHT_20
pitcher,608331,Max Fried,28,4,0.142857142857,3.55229994613,0.126867855219,0.136194939675,0.00932708445562,0.0391609673978,0.233228911951,True,False,False,EMPIRICAL_BASELINE_SHRINKAGE_PRIOR_WEIGHT_20
pitcher,608337,Lucas Giolito,9,3,0.333333333333,2.25710812291,0.250789791434,0.276406752713,0.0256169612791,0.11363514636,0.439178359066,False,False,False,EMPIRICAL_BASELINE_SHRINKAGE_PRIOR_WEIGHT_20
pitcher,608344,Cole Irvin,1,0,0,0.137308235692,0.137308235692,0.130769748278,-0.00653848741389,-0.013430990095,0.274970486651,False,False,False,EMPIRICAL_BASELINE_SHRINKAGE_PRIOR_WEIGHT_20
pitcher,608371,Lucas Sims,4,1,0.25,0.250931725353,0.0627329313382,0.0939441094485,0.0312111781103,-0.0227805784885,0.210668797385,False,False,False,EMPIRICAL_BASELINE_SHRINKAGE_PRIOR_WEIGHT_20
pitcher,608372,Tomoyuki Sugano,31,5,0.161290322581,3.03350523545,0.097855007595,0.136413728469,0.0385587208736,0.0422132979143,0.230614159023,True,False,False,EMPIRICAL_BASELINE_SHRINKAGE_PRIOR_WEIGHT_20
pitcher,608379,Michael Wacha,37,6,0.162162162162,7.85291178951,0.212240859176,0.179733634799,-0.0325072243774,0.0800530048233,0.279414264774,True,False,False,EMPIRICAL_BASELINE_SHRINKAGE_PRIOR_WEIGHT_20
pitcher,608566,Germán Márquez,17,3,0.176470588235,2.86599251565,0.168587795038,0.172209618939,0.00362182390147,0.0505506588259,0.293868579053,False,False,False,EMPIRICAL_BASELINE_SHRINKAGE_PRIOR_WEIGHT_20
pitcher,608650,Dietrich Enns,4,2,0.5,0.883897099088,0.220974274772,0.26747856231,0.046504287538,0.090384047391,0.444573077229,False,False,False,EMPIRICAL_BASELINE_SHRINKAGE_PRIOR_WEIGHT_20
pitcher,608718,Brent Suter,29,5,0.172413793103,5.13392795921,0.177031998593,0.174298774936,-0.00273322365731,0.0680762395673,0.280521310305,True,False,False,EMPIRICAL_BASELINE_SHRINKAGE_PRIOR_WEIGHT_20
pitcher,608723,Austin Voth,7,1,0.142857142857,1.25350333945,0.179071905636,0.169682893064,-0.00938901257223,0.0280985558077,0.311267230319,False,False,False,EMPIRICAL_BASELINE_SHRINKAGE_PRIOR_WEIGHT_20
pitcher,615698,Cal Quantrill,24,7,0.291666666667,4.78474232142,0.199364263393,0.249711028815,0.0503467654222,0.121813287048,0.377608770582,True,False,False,EMPIRICAL_BASELINE_SHRINKAGE_PRIOR_WEIGHT_20
pitcher,621016,Jose Cuas,5,0,0,1.12792935835,0.22558587167,0.180468697336,-0.0451171743339,0.0297143718115,0.33122302286,False,False,False,EMPIRICAL_BASELINE_SHRINKAGE_PRIOR_WEIGHT_20
pitcher,621053,Tyler Ferguson,7,0,0,0.84758660651,0.12108380093,0.0896917043926,-0.0313920965374,-0.0180898836004,0.197473292386,False,False,False,EMPIRICAL_BASELINE_SHRINKAGE_PRIOR_WEIGHT_20
pitcher,621074,Michael Rucker,10,3,0.3,2.01911625555,0.201911625555,0.23460775037,0.0326961248148,0.0829695395022,0.386245961238,False,False,False,EMPIRICAL_BASELINE_SHRINKAGE_PRIOR_WEIGHT_20
pitcher,621097,Jacob Waguespack,9,3,0.333333333333,1.92065270439,0.213405856043,0.250624728305,0.0372188722625,0.0928931275086,0.408356329102,False,False,False,EMPIRICAL_BASELINE_SHRINKAGE_PRIOR_WEIGHT_20
pitcher,621107,Zach Eflin,3,0,0,0.219368354547,0.073122784849,0.0635850303035,-0.00953775454552,-0.0361399062191,0.163309966826,False,False,False,EMPIRICAL_BASELINE_SHRINKAGE_PRIOR_WEIGHT_20
pitcher,621111,Walker Buehler,39,7,0.179487179487,6.72662349906,0.172477525617,0.177111025633,0.00463350001587,0.0796965524427,0.274525498823,True,False,False,EMPIRICAL_BASELINE_SHRINKAGE_PRIOR_WEIGHT_20
pitcher,621112,Paul Blackburn,25,7,0.28,4.68861800311,0.187544720124,0.2389087645,0.0513640443754,0.114318468954,0.363499060045,True,False,False,EMPIRICAL_BASELINE_SHRINKAGE_PRIOR_WEIGHT_20
pitcher,621121,Lance McCullers Jr.,9,5,0.555555555556,1.56352257159,0.173724730177,0.292223951846,0.118499221669,0.126699214282,0.457748689411,False,False,False,EMPIRICAL_BASELINE_SHRINKAGE_PRIOR_WEIGHT_20
pitcher,621139,Brooks Kriske,1,0,0,0.156439186401,0.156439186401,0.148989701334,-0.00744948506671,-0.00330751192829,0.301286914597,False,False,False,EMPIRICAL_BASELINE_SHRINKAGE_PRIOR_WEIGHT_20
pitcher,621237,José Alvarado,15,3,0.2,3.73737889662,0.249158593108,0.228090624633,-0.0210679684748,0.0890765015928,0.367104747673,False,False,False,EMPIRICAL_BASELINE_SHRINKAGE_PRIOR_WEIGHT_20
pitcher,621242,Edwin Díaz,5,1,0.2,1.52606808252,0.305213616503,0.284170893203,-0.0210427233006,0.107371593697,0.460970192709,False,False,False,EMPIRICAL_BASELINE_SHRINKAGE_PRIOR_WEIGHT_20
pitcher,621345,A.J. Minter,10,1,0.1,1.74059375648,0.174059375648,0.149372917099,-0.0246864585494,0.0218168917367,0.276928942461,False,False,False,EMPIRICAL_BASELINE_SHRINKAGE_PRIOR_WEIGHT_20
pitcher,621366,Ryan Borucki,3,2,0.666666666667,0.328482393689,0.10949413123,0.182168809765,0.0726746785353,0.0244218497766,0.339915769753,False,False,False,EMPIRICAL_BASELINE_SHRINKAGE_PRIOR_WEIGHT_20
pitcher,621381,Matt Strahm,8,1,0.125,0.952556222161,0.11906952777,0.120763948407,0.0016944206371,6.6399318446e-05,0.241461497496,False,False,False,EMPIRICAL_BASELINE_SHRINKAGE_PRIOR_WEIGHT_20
pitcher,621383,Tanner Banks,10,0,0,0.878243346393,0.0878243346393,0.0585495564262,-0.0292747782131,-0.0254652789591,0.142564391811,False,False,False,EMPIRICAL_BASELINE_SHRINKAGE_PRIOR_WEIGHT_20
pitcher,622088,Tejay Antone,12,1,0.0833333333333,1.49043931484,0.124203276236,0.108877047648,-0.0153262285886,0.00095303975794,0.216801055538,False,False,False,EMPIRICAL_BASELINE_SHRINKAGE_PRIOR_WEIGHT_20
pitcher,622491,Luis Castillo,39,16,0.410256410256,6.98689960514,0.179151271927,0.331915685399,0.152764413472,0.211755776204,0.452075594594,True,False,False,EMPIRICAL_BASELINE_SHRINKAGE_PRIOR_WEIGHT_20
pitcher,622554,Seranthony Domínguez,10,5,0.5,3.08084432602,0.308084432602,0.372056288401,0.0639718557994,0.199090533579,0.545022043223,False,False,False,EMPIRICAL_BASELINE_SHRINKAGE_PRIOR_WEIGHT_20
pitcher,622608,Antonio Senzatela,14,3,0.214285714286,2.74717214215,0.196226581582,0.203662695048,0.0074361134661,0.0682931757984,0.339032214298,False,False,False,EMPIRICAL_BASELINE_SHRINKAGE_PRIOR_WEIGHT_20
pitcher,622663,Luis Severino,15,3,0.2,1.56369495253,0.104246330169,0.145283617239,0.0410372870705,0.0285377849837,0.262029449495,False,False,False,EMPIRICAL_BASELINE_SHRINKAGE_PRIOR_WEIGHT_20
pitcher,622694,Elieser Hernández,6,3,0.5,2.45921310738,0.409868851231,0.430668347101,0.0207994958698,0.240331207235,0.621005486966,False,False,False,EMPIRICAL_BASELINE_SHRINKAGE_PRIOR_WEIGHT_20
pitcher,623149,Paul Sewald,11,3,0.272727272727,2.11500262539,0.192272965944,0.220821268351,0.0285483024069,0.0748006378787,0.366841898823,False,False,False,EMPIRICAL_BASELINE_SHRINKAGE_PRIOR_WEIGHT_20
pitcher,623211,Huascar Brazobán,14,4,0.285714285714,3.55248387947,0.253748848534,0.266911087373,0.0131622388391,0.118222291054,0.415599883692,False,False,False,EMPIRICAL_BASELINE_SHRINKAGE_PRIOR_WEIGHT_20
pitcher,623352,Josh Hader,9,5,0.555555555556,2.98708748872,0.331898609858,0.401309386109,0.0694107762509,0.222908110296,0.579710661922,False,False,False,EMPIRICAL_BASELINE_SHRINKAGE_PRIOR_WEIGHT_20
pitcher,623437,Justin Topa,12,3,0.25,1.12998735594,0.0941656129953,0.152603508122,0.0584378951268,0.0280067703013,0.277200245943,False,False,False,EMPIRICAL_BASELINE_SHRINKAGE_PRIOR_WEIGHT_20
pitcher,623454,Drew Anderson,31,8,0.258064516129,6.37139365309,0.205528827519,0.237462285302,0.0319334577826,0.120674084177,0.354250486427,True,False,False,EMPIRICAL_BASELINE_SHRINKAGE_PRIOR_WEIGHT_20
pitcher,623465,Evan Phillips,8,2,0.25,2.36552556707,0.295690695884,0.282636211346,-0.0130544845382,0.115849793074,0.449422629617,False,False,False,EMPIRICAL_BASELINE_SHRINKAGE_PRIOR_WEIGHT_20
pitcher,623474,Jimmy Herget,13,3,0.230769230769,1.53005933437,0.117696871874,0.162240528409,0.0445436565343,0.0364527488838,0.288028307934,False,False,False,EMPIRICAL_BASELINE_SHRINKAGE_PRIOR_WEIGHT_20
pitcher,624133,Ranger Suarez,60,15,0.25,9.35442470477,0.155907078413,0.226476769603,0.0705696911904,0.134757710855,0.318195828351,True,False,False,EMPIRICAL_BASELINE_SHRINKAGE_PRIOR_WEIGHT_20
pitcher,624522,Keegan Thompson,4,2,0.5,1.0118533239,0.252963330975,0.294136109146,0.0411727781708,0.111836765516,0.476435452776,False,False,False,EMPIRICAL_BASELINE_SHRINKAGE_PRIOR_WEIGHT_20
pitcher,625643,Reynaldo López,22,4,0.181818181818,6.02082515362,0.273673870619,0.225558986009,-0.04811488461,0.0991564854695,0.351961486549,True,False,False,EMPIRICAL_BASELINE_SHRINKAGE_PRIOR_WEIGHT_20
pitcher,628452,Raisel Iglesias,13,3,0.230769230769,2.89869283562,0.222976371971,0.226046286043,0.00306991407222,0.0833359976749,0.368756574411,False,False,False,EMPIRICAL_BASELINE_SHRINKAGE_PRIOR_WEIGHT_20
pitcher,640448,Kyle Finnegan,15,6,0.4,5.1613698785,0.344091325233,0.368052185847,0.0239608606144,0.208274047069,0.527830324626,False,False,False,EMPIRICAL_BASELINE_SHRINKAGE_PRIOR_WEIGHT_20
pitcher,640451,Hunter Harvey,1,0,0,0.12480816193,0.12480816193,0.118864916124,-0.00594324580619,-0.019553703835,0.257283536083,False,False,False,EMPIRICAL_BASELINE_SHRINKAGE_PRIOR_WEIGHT_20
pitcher,640454,Matt Krook,3,0,0,0.568785570426,0.189595190142,0.164865382732,-0.0247298074098,0.0132179250394,0.316512840425,False,False,False,EMPIRICAL_BASELINE_SHRINKAGE_PRIOR_WEIGHT_20
pitcher,640455,Sean Manaea,36,9,0.25,7.04127718575,0.195591032938,0.230568226049,0.0349771931116,0.12025010779,0.340886344308,True,False,False,EMPIRICAL_BASELINE_SHRINKAGE_PRIOR_WEIGHT_20
pitcher,641302,Tyler Alexander,21,5,0.238095238095,4.63830766554,0.220871793597,0.229693557852,0.00882176425508,0.100936716117,0.358450399588,True,False,False,EMPIRICAL_BASELINE_SHRINKAGE_PRIOR_WEIGHT_20
pitcher,641312,Shaun Anderson,4,0,0,0.114611998099,0.0286529995247,0.0238774996039,-0.00477549992078,-0.0372022201315,0.0849572193393,False,False,False,EMPIRICAL_BASELINE_SHRINKAGE_PRIOR_WEIGHT_20
pitcher,641329,Bryan Baker,17,6,0.352941176471,3.92703553296,0.231002090174,0.287028156851,0.0560260666768,0.141263024972,0.432793288729,False,False,False,EMPIRICAL_BASELINE_SHRINKAGE_PRIOR_WEIGHT_20
pitcher,641401,Connor Brogdon,3,1,0.333333333333,0.635255989248,0.211751996416,0.227610431666,0.0158584352501,0.0562516229028,0.39896924043,False,False,False,EMPIRICAL_BASELINE_SHRINKAGE_PRIOR_WEIGHT_20
pitcher,641656,Ian Hamilton,2,0,0,0.0740372346984,0.0370186173492,0.0336532884993,-0.00336532884993,-0.0417039494151,0.109010526414,False,False,False,EMPIRICAL_BASELINE_SHRINKAGE_PRIOR_WEIGHT_20
pitcher,641743,Anthony Kay,35,6,0.171428571429,4.13998858562,0.11828538816,0.152103777513,0.0338183893524,0.0571928807608,0.247014674265,True,False,False,EMPIRICAL_BASELINE_SHRINKAGE_PRIOR_WEIGHT_20
pitcher,641745,Brad Keller,4,0,0,0.53104963139,0.132762407847,0.110635339873,-0.0221270679746,-0.0148628095497,0.236133489295,False,False,False,EMPIRICAL_BASELINE_SHRINKAGE_PRIOR_WEIGHT_20
pitcher,641755,Tyler Kinley,21,6,0.285714285714,4.85739440081,0.231304495277,0.259172924525,0.0278684292484,0.125045563188,0.393300285862,True,False,False,EMPIRICAL_BASELINE_SHRINKAGE_PRIOR_WEIGHT_20
pitcher,641778,Eric Lauer,39,8,0.205128205128,5.8193296691,0.149213581259,0.186174095342,0.036960514083,0.0868498105605,0.285498380124,True,False,False,EMPIRICAL_BASELINE_SHRINKAGE_PRIOR_WEIGHT_20
pitcher,641793,Zack Littell,38,11,0.289473684211,7.03432969417,0.18511393932,0.253487565283,0.0683736259625,0.141533742476,0.36544138809,True,False,False,EMPIRICAL_BASELINE_SHRINKAGE_PRIOR_WEIGHT_20
pitcher,641816,Tyler Mahle,49,8,0.163265306122,8.26575186297,0.16868881353,0.164837337255,-0.00385147627492,0.0772896140152,0.252385060495,True,False,False,EMPIRICAL_BASELINE_SHRINKAGE_PRIOR_WEIGHT_20
pitcher,641835,Tim Mayza,22,4,0.181818181818,4.39891195152,0.199950543251,0.190452639643,-0.00949790360755,0.0716992390499,0.309206040237,True,False,False,EMPIRICAL_BASELINE_SHRINKAGE_PRIOR_WEIGHT_20
pitcher,641927,Bailey Ober,37,3,0.0810810810811,7.23361586161,0.195503131395,0.12122916891,-0.0742739624844,0.0364947171346,0.205963620686,True,False,False,EMPIRICAL_BASELINE_SHRINKAGE_PRIOR_WEIGHT_20
pitcher,641941,Emilio Pagán,11,6,0.545454545455,2.18103963538,0.198276330489,0.321468600315,0.123192269826,0.157058127229,0.485879073402,False,False,False,EMPIRICAL_BASELINE_SHRINKAGE_PRIOR_WEIGHT_20
pitcher,642048,Tayler Saucedo,3,0,0,0.774939625153,0.258313208384,0.224620181204,-0.0336930271806,0.0540615167758,0.395178845632,False,False,False,EMPIRICAL_BASELINE_SHRINKAGE_PRIOR_WEIGHT_20
pitcher,642100,Gabe Speier,5,2,0.4,0.791990956505,0.158398191301,0.206718553041,0.0483203617398,0.0479774316881,0.365459674393,False,False,False,EMPIRICAL_BASELINE_SHRINKAGE_PRIOR_WEIGHT_20
pitcher,642121,Cole Sulser,10,6,0.6,2.27178991543,0.227178991543,0.351452661029,0.124273669486,0.180608672143,0.522296649914,False,False,False,EMPIRICAL_BASELINE_SHRINKAGE_PRIOR_WEIGHT_20
pitcher,642152,Lou Trivino III,1,1,1,0.544610952366,0.544610952366,0.56629614511,0.0216851927445,0.354330797436,0.778261492784,False,False,False,EMPIRICAL_BASELINE_SHRINKAGE_PRIOR_WEIGHT_20
pitcher,642207,Devin Williams,8,2,0.25,0.897151048602,0.112143881075,0.151531343625,0.0393874625499,0.0187166286801,0.28434605857,False,False,False,EMPIRICAL_BASELINE_SHRINKAGE_PRIOR_WEIGHT_20
pitcher,642232,Ryan Yarbrough,14,4,0.285714285714,2.56261789263,0.183044135188,0.225320079522,0.0422759443343,0.0848843190308,0.365755840014,False,False,False,EMPIRICAL_BASELINE_SHRINKAGE_PRIOR_WEIGHT_20
pitcher,642376,Jefry Yan,4,0,0,0.987511626989,0.246877906747,0.205731588956,-0.0411463177912,0.0440038235538,0.367459354358,False,False,False,EMPIRICAL_BASELINE_SHRINKAGE_PRIOR_WEIGHT_20
pitcher,642397,Gregory Soto,20,7,0.35,4.31044046904,0.215522023452,0.282761011726,0.067238988274,0.143198819144,0.422323204308,True,False,False,EMPIRICAL_BASELINE_SHRINKAGE_PRIOR_WEIGHT_20
pitcher,642528,Jonathan Loáisiga,15,2,0.133333333333,2.89917821513,0.193278547676,0.167587741529,-0.0256908061466,0.0438470875614,0.291328395496,False,False,False,EMPIRICAL_BASELINE_SHRINKAGE_PRIOR_WEIGHT_20
pitcher,642546,Jonathan Hernández,8,1,0.125,1.40661280108,0.175826600135,0.161304714382,-0.014521885753,0.0250653255103,0.297544103255,False,False,False,EMPIRICAL_BASELINE_SHRINKAGE_PRIOR_WEIGHT_20
pitcher,642547,Freddy Peralta,53,10,0.188679245283,7.90815714554,0.14921051218,0.177865893748,0.028655381568,0.0901431284758,0.26558865902,True,False,False,EMPIRICAL_BASELINE_SHRINKAGE_PRIOR_WEIGHT_20
pitcher,642701,Dennis Santana,11,1,0.0909090909091,1.85078827619,0.168253479654,0.140808696551,-0.0274447831029,0.0183654320759,0.263251961026,False,False,False,EMPIRICAL_BASELINE_SHRINKAGE_PRIOR_WEIGHT_20
pitcher,642759,Julian Fernández,1,0,0,0.219440123905,0.219440123905,0.208990594195,-0.0104495297098,0.0350901792806,0.38289100911,False,False,False,EMPIRICAL_BASELINE_SHRINKAGE_PRIOR_WEIGHT_20
pitcher,643377,Griffin Jax,28,5,0.178571428571,5.99627967818,0.214152845649,0.193397019021,-0.0207558266287,0.0816617569733,0.305132281068,True,False,False,EMPIRICAL_BASELINE_SHRINKAGE_PRIOR_WEIGHT_20
pitcher,643410,Mark Leiter Jr.,8,3,0.375,2.14281934479,0.267852418098,0.298466012927,0.030613594829,0.128974148987,0.467957876868,False,False,False,EMPIRICAL_BASELINE_SHRINKAGE_PRIOR_WEIGHT_20
pitcher,643511,Tyler Rogers,24,1,0.0416666666667,3.0425393121,0.126772471337,0.0803511233352,-0.0464213480022,2.87131092586e-05,0.160673533561,True,False,False,EMPIRICAL_BASELINE_SHRINKAGE_PRIOR_WEIGHT_20
pitcher,645261,Sandy Alcantara,45,12,0.266666666667,7.71263623071,0.171391916238,0.237351358842,0.0659594426045,0.133918743863,0.340783973821,True,False,False,EMPIRICAL_BASELINE_SHRINKAGE_PRIOR_WEIGHT_20
pitcher,646241,Enmanuel De Jesus,10,2,0.2,1.61780582779,0.161780582779,0.174520388519,0.0127398057404,0.0386978931713,0.310342883867,False,False,False,EMPIRICAL_BASELINE_SHRINKAGE_PRIOR_WEIGHT_20
pitcher,646242,Jhonathan Díaz,1,0,0,0.12548208491,0.12548208491,0.119506747533,-0.00597533737667,-0.0192345186101,0.258248013677,False,False,False,EMPIRICAL_BASELINE_SHRINKAGE_PRIOR_WEIGHT_20
pitcher,647315,Zach Pop,2,0,0,0.268125367169,0.134062683584,0.121875166895,-0.0121875166895,-0.0148285969755,0.258578930765,False,False,False,EMPIRICAL_BASELINE_SHRINKAGE_PRIOR_WEIGHT_20
pitcher,647336,Michael Soroka,23,3,0.130434782609,2.28020626062,0.0991394026355,0.115878791924,0.016739389288,0.020207921061,0.211549662786,True,False,False,EMPIRICAL_BASELINE_SHRINKAGE_PRIOR_WEIGHT_20
pitcher,650556,Bryan Abreu,14,6,0.428571428571,3.87871258443,0.277050898888,0.339441705228,0.0623908063403,0.180274061075,0.498609349381,False,False,False,EMPIRICAL_BASELINE_SHRINKAGE_PRIOR_WEIGHT_20
pitcher,650633,Michael King,50,8,0.16,5.19618617983,0.103923723597,0.143978206742,0.0400544831453,0.0617354153741,0.22622099811,True,False,False,EMPIRICAL_BASELINE_SHRINKAGE_PRIOR_WEIGHT_20
pitcher,650644,Aaron Civale,31,2,0.0645161290323,4.37786425521,0.141221427587,0.0945966382696,-0.0466247893179,0.0142754941428,0.174917782396,True,False,False,EMPIRICAL_BASELINE_SHRINKAGE_PRIOR_WEIGHT_20
pitcher,650911,Cristopher Sánchez,48,10,0.208333333333,6.14079677738,0.127933266195,0.184686254763,0.0567529885679,0.0924543273836,0.276918182143,True,False,False,EMPIRICAL_BASELINE_SHRINKAGE_PRIOR_WEIGHT_20
pitcher,650960,Daniel Duarte,9,1,0.111111111111,1.96381639659,0.218201821843,0.184966773685,-0.0332350481583,0.0436506910455,0.326282856325,False,False,False,EMPIRICAL_BASELINE_SHRINKAGE_PRIOR_WEIGHT_20
pitcher,655889,Manuel Rodríguez,1,0,0,0.250707583476,0.250707583476,0.23876912712,-0.011938456356,0.0564241912042,0.421114063036,False,False,False,EMPIRICAL_BASELINE_SHRINKAGE_PRIOR_WEIGHT_20
pitcher,656212,Charlie Barnes,3,0,0,0.104320043669,0.0347733478897,0.0302376938171,-0.00453565407257,-0.0397463664953,0.10022175413,False,False,False,EMPIRICAL_BASELINE_SHRINKAGE_PRIOR_WEIGHT_20
pitcher,656222,Jalen Beeks,4,0,0,0.933411424939,0.233352856235,0.194460713529,-0.0388921427058,0.0361137459,0.352807681158,False,False,False,EMPIRICAL_BASELINE_SHRINKAGE_PRIOR_WEIGHT_20
pitcher,656234,Jake Bird,8,0,0,0.981028802164,0.122628600271,0.0875918573361,-0.0350367429344,-0.0171218412626,0.192305555935,False,False,False,EMPIRICAL_BASELINE_SHRINKAGE_PRIOR_WEIGHT_20
pitcher,656240,Scott Blewett,5,2,0.4,1.29927756686,0.259855513372,0.287884410697,0.0280288973256,0.110395841829,0.465372979566,False,False,False,EMPIRICAL_BASELINE_SHRINKAGE_PRIOR_WEIGHT_20
pitcher,656271,Brock Burke,15,2,0.133333333333,2.80191681601,0.1867944544,0.163882545372,-0.0229119090288,0.0412453967472,0.286519693996,False,False,False,EMPIRICAL_BASELINE_SHRINKAGE_PRIOR_WEIGHT_20
pitcher,656288,Griffin Canning,28,3,0.107142857143,3.6947499791,0.131955356397,0.117481398499,-0.014473957898,0.0263890412757,0.208573755721,True,False,False,EMPIRICAL_BASELINE_SHRINKAGE_PRIOR_WEIGHT_20
pitcher,656302,Dylan Cease,67,21,0.313432835821,14.4007388706,0.214936401054,0.290789977254,0.0758535761996,0.195362466776,0.386217487732,True,False,False,EMPIRICAL_BASELINE_SHRINKAGE_PRIOR_WEIGHT_20
pitcher,656427,Jack Flaherty,41,8,0.19512195122,8.33705954293,0.203342915681,0.197817349404,-0.00552556627759,0.0978495860391,0.297785112768,True,False,False,EMPIRICAL_BASELINE_SHRINKAGE_PRIOR_WEIGHT_20
pitcher,656457,Tyler Gilbert,1,0,0,0.00417531835374,0.00417531835374,0.00397649367022,-0.000198824683511,-0.0229407983256,0.0308937856661,False,False,False,EMPIRICAL_BASELINE_SHRINKAGE_PRIOR_WEIGHT_20
pitcher,656464,Kevin Ginkel,13,3,0.230769230769,3.77928786854,0.290714451426,0.267099667531,-0.0236147838951,0.116140937187,0.418058397875,False,False,False,EMPIRICAL_BASELINE_SHRINKAGE_PRIOR_WEIGHT_20
pitcher,656492,Foster Griffin,79,15,0.189873417722,10.9580994893,0.138710120118,0.179537398004,0.0408272778858,0.10393330069,0.255141495317,True,False,False,EMPIRICAL_BASELINE_SHRINKAGE_PRIOR_WEIGHT_20
pitcher,656529,Sam Hentges,10,2,0.2,3.40697756894,0.340697756894,0.293798504596,-0.0468992522979,0.130799650637,0.456797358554,False,False,False,EMPIRICAL_BASELINE_SHRINKAGE_PRIOR_WEIGHT_20
pitcher,656546,Jeff Hoffman,18,4,0.222222222222,5.05035872568,0.28057548476,0.252934465663,-0.0276410190969,0.114721868049,0.391147063277,False,False,False,EMPIRICAL_BASELINE_SHRINKAGE_PRIOR_WEIGHT_20
pitcher,656550,Grant Holmes,33,8,0.242424242424,5.45051192397,0.165167027999,0.213270576603,0.0481035486044,0.102990691596,0.323550461611,True,False,False,EMPIRICAL_BASELINE_SHRINKAGE_PRIOR_WEIGHT_20
pitcher,656605,Mitch Keller,30,3,0.1,4.41199267356,0.147066422452,0.118826568981,-0.0282398534711,0.0291335701049,0.208519567857,True,False,False,EMPIRICAL_BASELINE_SHRINKAGE_PRIOR_WEIGHT_20
pitcher,656638,Alex Lange,12,4,0.333333333333,3.44759650439,0.287299708699,0.304562317937,0.0172626092379,0.145103596955,0.464021038919,False,False,False,EMPIRICAL_BASELINE_SHRINKAGE_PRIOR_WEIGHT_20
pitcher,656641,Jacob Latz,7,1,0.142857142857,1.19882624442,0.17126089206,0.163896957082,-0.00736393497863,0.0242634852072,0.303530428956,False,False,False,EMPIRICAL_BASELINE_SHRINKAGE_PRIOR_WEIGHT_20
pitcher,656730,Trevor Megill,23,10,0.434782608696,8.26158860417,0.359199504529,0.399627676525,0.0404281719962,0.253221312776,0.546034040274,True,False,False,EMPIRICAL_BASELINE_SHRINKAGE_PRIOR_WEIGHT_20
pitcher,656786,Parker Mushinski,6,2,0.333333333333,0.850444377457,0.141740729576,0.185954407366,0.0442136777901,0.0364007631375,0.335508051595,False,False,False,EMPIRICAL_BASELINE_SHRINKAGE_PRIOR_WEIGHT_20
pitcher,656794,Sean Newcomb,26,5,0.192307692308,2.72783242276,0.104916631645,0.154311578976,0.0493949473313,0.0499161206567,0.258707037295,True,False,False,EMPIRICAL_BASELINE_SHRINKAGE_PRIOR_WEIGHT_20
pitcher,656848,Michael Petersen,9,2,0.222222222222,2.56645993736,0.285162215262,0.265629113974,-0.0195331012881,0.104878502075,0.426379725872,False,False,False,EMPIRICAL_BASELINE_SHRINKAGE_PRIOR_WEIGHT_20
pitcher,656849,David Peterson,49,2,0.0408163265306,6.09422259018,0.124371889596,0.0650353303175,-0.059336559278,0.00685129994845,0.123219360687,True,False,False,EMPIRICAL_BASELINE_SHRINKAGE_PRIOR_WEIGHT_20
pitcher,656876,Drew Rasmussen,38,9,0.236842105263,7.73714861294,0.203609174025,0.225382473802,0.0217732997769,0.117848472822,0.332916474782,True,False,False,EMPIRICAL_BASELINE_SHRINKAGE_PRIOR_WEIGHT_20
pitcher,656945,Tanner Scott,5,2,0.4,1.98407924455,0.396815848911,0.397452679129,0.00063683021786,0.205619218555,0.589286139702,False,False,False,EMPIRICAL_BASELINE_SHRINKAGE_PRIOR_WEIGHT_20
pitcher,656986,Bennett Sousa,5,1,0.2,0.92149381886,0.184298763772,0.187439011018,0.0031402472456,0.0344557045866,0.340422317449,False,False,False,EMPIRICAL_BASELINE_SHRINKAGE_PRIOR_WEIGHT_20
pitcher,657044,Ryan Thompson,15,1,0.0666666666667,2.30541380379,0.153694253586,0.116396716335,-0.0372975372511,0.0101486404051,0.222644792264,False,False,False,EMPIRICAL_BASELINE_SHRINKAGE_PRIOR_WEIGHT_20
pitcher,657097,Jacob Webb,13,2,0.153846153846,2.34072493985,0.180055764604,0.169730766426,-0.0103249981771,0.041648542403,0.29781299045,False,False,False,EMPIRICAL_BASELINE_SHRINKAGE_PRIOR_WEIGHT_20
pitcher,657265,Peter Strzelecki,9,2,0.222222222222,1.86854410047,0.207616011163,0.212148973216,0.0045329620528,0.0633501172514,0.360947829181,False,False,False,EMPIRICAL_BASELINE_SHRINKAGE_PRIOR_WEIGHT_20
pitcher,657277,Logan Webb,57,7,0.122807017544,10.0155952686,0.175712197695,0.136548622778,-0.0391635749174,0.0598525168547,0.213244728701,True,False,False,EMPIRICAL_BASELINE_SHRINKAGE_PRIOR_WEIGHT_20
pitcher,657424,Matt Gage,9,3,0.333333333333,1.82756330063,0.203062588959,0.243491440661,0.0404288517025,0.087282515149,0.399700366173,False,False,False,EMPIRICAL_BASELINE_SHRINKAGE_PRIOR_WEIGHT_20
pitcher,657514,Brennan Bernardino,15,2,0.133333333333,2.70369290351,0.180246193568,0.160140682039,-0.020105511529,0.0386407154342,0.281640648643,False,False,False,EMPIRICAL_BASELINE_SHRINKAGE_PRIOR_WEIGHT_20
pitcher,657571,Caleb Ferguson,6,3,0.5,1.03461491998,0.172435819996,0.248027553843,0.0755917338471,0.0820228760234,0.414032231663,False,False,False,EMPIRICAL_BASELINE_SHRINKAGE_PRIOR_WEIGHT_20
pitcher,657612,Tim Hill,18,3,0.166666666667,2.96448362143,0.164693534524,0.165628176065,0.00093464154127,0.0474298849486,0.283826467182,False,False,False,EMPIRICAL_BASELINE_SHRINKAGE_PRIOR_WEIGHT_20
pitcher,657649,Jared Koenig,4,2,0.5,1.11486868821,0.278717172052,0.315597643377,0.0368804713246,0.129657537274,0.50153774948,False,False,False,EMPIRICAL_BASELINE_SHRINKAGE_PRIOR_WEIGHT_20
pitcher,657746,Joe Ryan,37,8,0.216216216216,5.77546692606,0.156093700704,0.195120596738,0.0390268960341,0.0922394945547,0.298001698922,True,False,False,EMPIRICAL_BASELINE_SHRINKAGE_PRIOR_WEIGHT_20
pitcher,657756,Connor Seabold,8,1,0.125,2.44720373602,0.305900467003,0.254214619288,-0.0516858477151,0.092933232273,0.415496006302,False,False,False,EMPIRICAL_BASELINE_SHRINKAGE_PRIOR_WEIGHT_20
pitcher,660271,Shohei Ohtani,16,3,0.1875,1.16605203529,0.0728782522056,0.123821251225,0.0509429990197,0.0162245955405,0.23141790691,False,False,False,EMPIRICAL_BASELINE_SHRINKAGE_PRIOR_WEIGHT_20
pitcher,660604,Alan Rangel,13,2,0.153846153846,2.8951715329,0.222705502531,0.195579092443,-0.0271264100879,0.0602466283026,0.330911556583,False,False,False,EMPIRICAL_BASELINE_SHRINKAGE_PRIOR_WEIGHT_20
pitcher,660761,José Suarez,14,2,0.142857142857,2.11408366107,0.151005975791,0.147650573995,-0.00335540179623,0.0284047938662,0.266896354123,False,False,False,EMPIRICAL_BASELINE_SHRINKAGE_PRIOR_WEIGHT_20
pitcher,660787,Yerry De los Santos,5,2,0.4,2.08886726035,0.41777345207,0.414218761656,-0.00355469041391,0.22112480624,0.607312717072,False,False,False,EMPIRICAL_BASELINE_SHRINKAGE_PRIOR_WEIGHT_20
pitcher,660825,Eduard Bazardo,17,6,0.352941176471,3.41900059072,0.201117681807,0.270874422598,0.0697567407914,0.127675293967,0.41407355123,False,False,False,EMPIRICAL_BASELINE_SHRINKAGE_PRIOR_WEIGHT_20
pitcher,660853,Enyel De Los Santos,16,4,0.25,3.16338521969,0.197711576231,0.220950875684,0.0232392994531,0.0854209792671,0.3564807721,False,False,False,EMPIRICAL_BASELINE_SHRINKAGE_PRIOR_WEIGHT_20
pitcher,661395,Jhoan Duran,4,1,0.25,0.642497874085,0.160624468521,0.175520390434,0.0148959219131,0.0233240540514,0.327716726817,False,False,False,EMPIRICAL_BASELINE_SHRINKAGE_PRIOR_WEIGHT_20
pitcher,661563,Luis Gil,10,2,0.2,1.77189180061,0.177189180061,0.184792786707,0.00760360664643,0.0459024731761,0.323683100238,False,False,False,EMPIRICAL_BASELINE_SHRINKAGE_PRIOR_WEIGHT_20
pitcher,662144,Brian Keller,1,1,1,0.279746523778,0.279746523778,0.31404430836,0.034297784582,0.115530866469,0.512557750251,False,False,False,EMPIRICAL_BASELINE_SHRINKAGE_PRIOR_WEIGHT_20
pitcher,662253,Andrés Muñoz,7,1,0.142857142857,2.11772233618,0.302531762312,0.26113463875,-0.0413971235624,0.0954473907713,0.426821886728,False,False,False,EMPIRICAL_BASELINE_SHRINKAGE_PRIOR_WEIGHT_20
pitcher,663158,Robert Suarez,6,1,0.166666666667,1.70847227091,0.284745378485,0.257496444988,-0.0272489334965,0.0894209941726,0.425571895804,False,False,False,EMPIRICAL_BASELINE_SHRINKAGE_PRIOR_WEIGHT_20
pitcher,663362,Matt Waldron,12,1,0.0833333333333,1.88579520176,0.157149600146,0.129468500091,-0.0276811000549,0.0131482343187,0.245788765864,False,False,False,EMPIRICAL_BASELINE_SHRINKAGE_PRIOR_WEIGHT_20
pitcher,663372,Ryan Feltner,18,5,0.277777777778,2.40031237787,0.13335068766,0.201763519821,0.0684128321612,0.0741633120106,0.329363727631,False,False,False,EMPIRICAL_BASELINE_SHRINKAGE_PRIOR_WEIGHT_20
pitcher,663423,Trent Thornton,10,1,0.1,1.10285212837,0.110285212837,0.106856808558,-0.00342840427903,-0.0036927695532,0.217406386669,False,False,False,EMPIRICAL_BASELINE_SHRINKAGE_PRIOR_WEIGHT_20
pitcher,663432,Tanner Rainey,6,2,0.333333333333,1.29606938549,0.216011564248,0.243085818652,0.0270742544044,0.0782040907252,0.407967546579,False,False,False,EMPIRICAL_BASELINE_SHRINKAGE_PRIOR_WEIGHT_20
pitcher,663436,Davis Martin,26,4,0.153846153846,3.40909787301,0.131119148962,0.143964847375,0.0128456984129,0.0425150496037,0.245414645146,True,False,False,EMPIRICAL_BASELINE_SHRINKAGE_PRIOR_WEIGHT_20
pitcher,663460,Kris Bubic,9,2,0.222222222222,1.77245731135,0.196939701261,0.204786000869,0.00784629960877,0.0579105498061,0.351661451933,False,False,False,EMPIRICAL_BASELINE_SHRINKAGE_PRIOR_WEIGHT_20
pitcher,663465,Kolby Allard,2,0,0,0.32792639598,0.16396319799,0.149057452718,-0.0149057452718,0.000233889640931,0.297881015795,False,False,False,EMPIRICAL_BASELINE_SHRINKAGE_PRIOR_WEIGHT_20
pitcher,663485,Cole Sands,3,0,0,0.342359553569,0.11411985119,0.0992346532083,-0.0148851979812,-0.022953659186,0.221422965603,False,False,False,EMPIRICAL_BASELINE_SHRINKAGE_PRIOR_WEIGHT_20
pitcher,663542,Bryan Hudson,18,5,0.277777777778,2.66432928727,0.148018293737,0.209483312493,0.061465018756,0.0800951603754,0.338871464611,False,False,False,EMPIRICAL_BASELINE_SHRINKAGE_PRIOR_WEIGHT_20
pitcher,663554,Casey Mize,36,8,0.222222222222,6.69788387091,0.186052329747,0.209304403481,0.0232520737338,0.102753803233,0.31585500373,True,False,False,EMPIRICAL_BASELINE_SHRINKAGE_PRIOR_WEIGHT_20
pitcher,663556,Shane McClanahan,24,6,0.25,4.56280695042,0.190116956267,0.222780434667,0.0326634783996,0.0998271546199,0.345733714714,True,False,False,EMPIRICAL_BASELINE_SHRINKAGE_PRIOR_WEIGHT_20
pitcher,663558,Jovani Morán,12,2,0.166666666667,2.4026325101,0.200219375841,0.187637109901,-0.0125822659405,0.0523627499581,0.322911469843,False,False,False,EMPIRICAL_BASELINE_SHRINKAGE_PRIOR_WEIGHT_20
pitcher,663559,Bailey Falter,3,1,0.333333333333,0.476781359748,0.158927119916,0.181675756449,0.0227486365327,0.0240949383714,0.339256574526,False,False,False,EMPIRICAL_BASELINE_SHRINKAGE_PRIOR_WEIGHT_20
pitcher,663567,Peter Lambert,38,5,0.131578947368,6.02179023861,0.158468164174,0.140851091094,-0.0176170730794,0.0513236021134,0.230378580075,True,False,False,EMPIRICAL_BASELINE_SHRINKAGE_PRIOR_WEIGHT_20
pitcher,663568,Stephen Kolek,10,1,0.1,1.38444115558,0.138444115558,0.125629410372,-0.012814705186,0.00702826713891,0.244230553605,False,False,False,EMPIRICAL_BASELINE_SHRINKAGE_PRIOR_WEIGHT_20
pitcher,663574,Tony Santillan,13,2,0.153846153846,1.22644238446,0.0943417218818,0.117782861747,0.0234411398648,0.00779927019899,0.227766453294,False,False,False,EMPIRICAL_BASELINE_SHRINKAGE_PRIOR_WEIGHT_20
pitcher,663623,Jake Irvin,26,5,0.192307692308,4.51831920983,0.17378150807,0.184252829596,0.0104713215255,0.0722156863386,0.296289972853,True,False,False,EMPIRICAL_BASELINE_SHRINKAGE_PRIOR_WEIGHT_20
pitcher,663687,Hogan Harris,19,8,0.421052631579,4.99176374755,0.262724407766,0.339858670649,0.0771342628833,0.191199602308,0.48851773899,False,False,False,EMPIRICAL_BASELINE_SHRINKAGE_PRIOR_WEIGHT_20
pitcher,663738,Daniel Lynch IV,19,4,0.210526315789,3.24694398506,0.170891788687,0.190200917276,0.0193091285882,0.0670270118553,0.313374822696,False,False,False,EMPIRICAL_BASELINE_SHRINKAGE_PRIOR_WEIGHT_20
pitcher,663765,Jake Woodford,9,0,0,1.20749340065,0.134165933405,0.0925282299347,-0.0416377034706,-0.0129373539523,0.197993813822,False,False,False,EMPIRICAL_BASELINE_SHRINKAGE_PRIOR_WEIGHT_20
pitcher,663767,Chase Shugart,13,3,0.230769230769,3.19491659616,0.24576281509,0.239856251569,-0.00590656352012,0.0941686858936,0.385543817245,False,False,False,EMPIRICAL_BASELINE_SHRINKAGE_PRIOR_WEIGHT_20
pitcher,663776,Patrick Sandoval,14,3,0.214285714286,2.0534501373,0.146675009807,0.174514711651,0.0278397018441,0.0469333292198,0.302096094083,False,False,False,EMPIRICAL_BASELINE_SHRINKAGE_PRIOR_WEIGHT_20
pitcher,663795,Justin Hagenman,2,0,0,0.212183003328,0.106091501664,0.0964468196944,-0.00964468196944,-0.026910676574,0.219804315963,False,False,False,EMPIRICAL_BASELINE_SHRINKAGE_PRIOR_WEIGHT_20
pitcher,663855,Jordan Hicks,5,1,0.2,0.411267703537,0.0822535407074,0.105802832566,0.0235492918585,-0.0147705262804,0.226376191412,False,False,False,EMPIRICAL_BASELINE_SHRINKAGE_PRIOR_WEIGHT_20
pitcher,663878,Nate Pearson,6,3,0.5,1.23805788818,0.206342981363,0.274109985664,0.0677670043008,0.102648241625,0.445571729703,False,False,False,EMPIRICAL_BASELINE_SHRINKAGE_PRIOR_WEIGHT_20
pitcher,663893,Brendon Little,10,1,0.1,2.56735180849,0.256735180849,0.204490120566,-0.052245060283,0.0601608561391,0.348819384993,False,False,False,EMPIRICAL_BASELINE_SHRINKAGE_PRIOR_WEIGHT_20
pitcher,663903,Brady Singer,61,12,0.196721311475,9.35660881243,0.153387029712,0.186021488818,0.0326344591058,0.10127892682,0.270764050816,True,False,False,EMPIRICAL_BASELINE_SHRINKAGE_PRIOR_WEIGHT_20
pitcher,663941,Tristan Beck,6,0,0,0.84943320124,0.141572200207,0.108901692467,-0.03267050774,-0.0108411384646,0.228644523398,False,False,False,EMPIRICAL_BASELINE_SHRINKAGE_PRIOR_WEIGHT_20
pitcher,663947,Tyler Holton,26,4,0.153846153846,4.55491886703,0.175189187193,0.163125733562,-0.012063453631,0.0563509988211,0.269900468303,True,False,False,EMPIRICAL_BASELINE_SHRINKAGE_PRIOR_WEIGHT_20
pitcher,663969,Tyler Phillips,33,9,0.272727272727,7.50343142235,0.227376709768,0.255613852743,0.0282371429744,0.138175629801,0.373052075684,True,False,False,EMPIRICAL_BASELINE_SHRINKAGE_PRIOR_WEIGHT_20
pitcher,663978,Chris Paddack,11,2,0.181818181818,1.35998374923,0.123634886294,0.144280571802,0.0206456855088,0.0205876500855,0.267973493519,False,False,False,EMPIRICAL_BASELINE_SHRINKAGE_PRIOR_WEIGHT_20
pitcher,663992,Richard Lovelady,5,1,0.2,0.236211699967,0.0472423399934,0.0777938719947,0.0305515320013,-0.0272021301006,0.18278987409,False,False,False,EMPIRICAL_BASELINE_SHRINKAGE_PRIOR_WEIGHT_20
pitcher,664074,Cody Ponce,1,0,0,0.0945958825608,0.0945958825608,0.0900913167246,-0.00450456583623,-0.0323665800003,0.212549213449,False,False,False,EMPIRICAL_BASELINE_SHRINKAGE_PRIOR_WEIGHT_20
pitcher,664076,Garrett Cleavinger,14,4,0.285714285714,5.7749039901,0.41249314215,0.360290083617,-0.0522030585322,0.198915806875,0.52166436036,False,False,False,EMPIRICAL_BASELINE_SHRINKAGE_PRIOR_WEIGHT_20
pitcher,664126,Pete Fairbanks,15,3,0.2,4.23042979466,0.282028652977,0.246873515987,-0.0351551369902,0.104019234763,0.389727797211,False,False,False,EMPIRICAL_BASELINE_SHRINKAGE_PRIOR_WEIGHT_20
pitcher,664129,Geoff Hartlieb,2,1,0.5,0.591803527668,0.295901763834,0.31445614894,0.018554385106,0.12043798224,0.50847431564,False,False,False,EMPIRICAL_BASELINE_SHRINKAGE_PRIOR_WEIGHT_20
pitcher,664141,JT Brubaker,21,5,0.238095238095,4.05838485347,0.193256421594,0.21622264468,0.0229662230861,0.0902108820589,0.342234407301,True,False,False,EMPIRICAL_BASELINE_SHRINKAGE_PRIOR_WEIGHT_20
pitcher,664192,Joey Lucchesi,1,0,0,0.0237001716997,0.0237001716997,0.0225715920949,-0.00112857960475,-0.0409571124159,0.0861002966058,False,False,False,EMPIRICAL_BASELINE_SHRINKAGE_PRIOR_WEIGHT_20
pitcher,664199,Taylor Clarke,15,1,0.0666666666667,2.21398736132,0.147599157421,0.112913804241,-0.0346853531806,0.00806137914106,0.217766229341,False,False,False,EMPIRICAL_BASELINE_SHRINKAGE_PRIOR_WEIGHT_20
pitcher,664208,Phil Maton,5,2,0.4,1.2057187099,0.24114374198,0.272914993584,0.031771251604,0.0982956467399,0.447534340428,False,False,False,EMPIRICAL_BASELINE_SHRINKAGE_PRIOR_WEIGHT_20
pitcher,664285,Framber Valdez,50,3,0.06,5.49264854881,0.109852970976,0.0742437059932,-0.035609264983,0.0128271853585,0.135660226628,True,False,False,EMPIRICAL_BASELINE_SHRINKAGE_PRIOR_WEIGHT_20
pitcher,664299,Cristian Javier,10,3,0.3,1.68730594586,0.168730594586,0.212487063057,0.0437564684714,0.0661040981233,0.358870027991,False,False,False,EMPIRICAL_BASELINE_SHRINKAGE_PRIOR_WEIGHT_20
pitcher,664353,José Urquidy,8,1,0.125,1.44460125821,0.180575157277,0.164696540912,-0.0158786163647,0.0273108713812,0.302082210442,False,False,False,EMPIRICAL_BASELINE_SHRINKAGE_PRIOR_WEIGHT_20
pitcher,664744,Jose Espada,1,0,0,0.119963836527,0.119963836527,0.114251272883,-0.00571256364416,-0.0218092752034,0.25031182097,False,False,False,EMPIRICAL_BASELINE_SHRINKAGE_PRIOR_WEIGHT_20
pitcher,664849,Danny Young,5,1,0.2,1.08306612173,0.216613224347,0.213290579477,-0.00332264486931,0.0527151547376,0.373866004217,False,False,False,EMPIRICAL_BASELINE_SHRINKAGE_PRIOR_WEIGHT_20
pitcher,664854,Ryan Helsley,2,2,1,1.45384180916,0.72692090458,0.751746276891,0.0248253723109,0.57122505723,0.932267496552,False,False,False,EMPIRICAL_BASELINE_SHRINKAGE_PRIOR_WEIGHT_20
pitcher,664875,Justin Lawrence,7,0,0,0.626481421154,0.0894973458791,0.0662943302808,-0.0232030155983,-0.0275520186315,0.160140679193,False,False,False,EMPIRICAL_BASELINE_SHRINKAGE_PRIOR_WEIGHT_20
pitcher,664991,Grant Wolfram,13,3,0.230769230769,2.95705257787,0.227465582913,0.228767019947,0.00130143703438,0.0854530240231,0.372081015871,False,False,False,EMPIRICAL_BASELINE_SHRINKAGE_PRIOR_WEIGHT_20
pitcher,665152,Dean Kremer,27,6,0.222222222222,3.22940787666,0.119607699135,0.178556467717,0.0589487685818,0.0690641137808,0.288048821654,True,False,False,EMPIRICAL_BASELINE_SHRINKAGE_PRIOR_WEIGHT_20
pitcher,665622,Luis Medina,25,4,0.16,3.5052057915,0.14020823166,0.151203658515,0.0109954268556,0.0465311303887,0.255876186642,True,False,False,EMPIRICAL_BASELINE_SHRINKAGE_PRIOR_WEIGHT_20
pitcher,665645,Kervin Castro,3,0,0,0.484660983972,0.161553661324,0.14048144463,-0.0210722166944,-0.0015319353732,0.282494824632,False,False,False,EMPIRICAL_BASELINE_SHRINKAGE_PRIOR_WEIGHT_20
pitcher,665660,Elvis Alvarado,8,4,0.5,2.37374541645,0.296718177056,0.354798697897,0.0580805208411,0.177577494222,0.532019901573,False,False,False,EMPIRICAL_BASELINE_SHRINKAGE_PRIOR_WEIGHT_20
pitcher,665665,Reiver Sanmartin,2,1,0.5,0.247889924377,0.123944962188,0.158131783808,0.0341868216192,0.00566460206536,0.31059896555,False,False,False,EMPIRICAL_BASELINE_SHRINKAGE_PRIOR_WEIGHT_20
pitcher,665795,Edward Cabrera,16,4,0.25,3.87520917924,0.242200573703,0.24566698539,0.00346641168777,0.105042878535,0.386291092245,False,False,False,EMPIRICAL_BASELINE_SHRINKAGE_PRIOR_WEIGHT_20
pitcher,665871,Javier Assad,20,1,0.05,4.22893048295,0.211446524147,0.130723262074,-0.0807232620737,0.0262556799873,0.23519084416,True,False,False,EMPIRICAL_BASELINE_SHRINKAGE_PRIOR_WEIGHT_20
pitcher,666142,Cole Ragans,13,1,0.0769230769231,1.37803517998,0.106002706152,0.0945470946378,-0.0114556115146,-0.00528176925687,0.194375958532,False,False,False,EMPIRICAL_BASELINE_SHRINKAGE_PRIOR_WEIGHT_20
pitcher,666157,Nick Lodolo,25,3,0.12,3.43482438876,0.137392975551,0.127730211356,-0.00966276419475,0.0302038446116,0.2252565781,True,False,False,EMPIRICAL_BASELINE_SHRINKAGE_PRIOR_WEIGHT_20
pitcher,666171,Ryan Zeferjahn,17,2,0.117647058824,3.05649958653,0.179794093325,0.151240050446,-0.0285540428792,0.0357934748609,0.266686626031,False,False,False,EMPIRICAL_BASELINE_SHRINKAGE_PRIOR_WEIGHT_20
pitcher,666200,Jesús Luzardo,37,7,0.189189189189,6.35255039834,0.171690551307,0.183049316248,0.0113587649413,0.0826569664968,0.283441665999,True,False,False,EMPIRICAL_BASELINE_SHRINKAGE_PRIOR_WEIGHT_20
pitcher,666277,George Soriano,18,3,0.166666666667,3.75563983816,0.208646657675,0.188761398777,-0.0198852588989,0.0643399739853,0.313182823568,False,False,False,EMPIRICAL_BASELINE_SHRINKAGE_PRIOR_WEIGHT_20
pitcher,666374,Matt Brash,2,0,0,0.525760985748,0.262880492874,0.238982266249,-0.0238982266249,0.0607751850421,0.417189347456,False,False,False,EMPIRICAL_BASELINE_SHRINKAGE_PRIOR_WEIGHT_20
pitcher,666661,Juan Morillo,6,3,0.5,2.01257735624,0.335429559374,0.373407353365,0.0379777939906,0.187475637418,0.559339069311,False,False,False,EMPIRICAL_BASELINE_SHRINKAGE_PRIOR_WEIGHT_20
pitcher,666711,Joel Peguero,3,1,0.333333333333,0.292927325007,0.0976424416689,0.128384731886,0.0307422902171,-0.00832872258461,0.265098186357,False,False,False,EMPIRICAL_BASELINE_SHRINKAGE_PRIOR_WEIGHT_20
pitcher,666745,Jhony Brito,2,0,0,0.24246667234,0.12123333617,0.110212123791,-0.0110212123791,-0.0206465934041,0.241070840986,False,False,False,EMPIRICAL_BASELINE_SHRINKAGE_PRIOR_WEIGHT_20
pitcher,666808,Camilo Doval,14,4,0.285714285714,3.36418455506,0.24029889679,0.258999351053,0.0187004542629,0.111742589621,0.406256112485,False,False,False,EMPIRICAL_BASELINE_SHRINKAGE_PRIOR_WEIGHT_20
pitcher,666974,Yennier Cano,14,2,0.142857142857,2.44431655457,0.174594039612,0.161525905654,-0.0130681339578,0.037822251196,0.285229560112,False,False,False,EMPIRICAL_BASELINE_SHRINKAGE_PRIOR_WEIGHT_20
pitcher,667297,Tommy Nance,19,2,0.105263157895,4.36446661185,0.229708769045,0.169081420023,-0.0606273490219,0.0514425223716,0.286720317674,False,False,False,EMPIRICAL_BASELINE_SHRINKAGE_PRIOR_WEIGHT_20
pitcher,667463,John King,6,1,0.166666666667,0.798173933055,0.133028988843,0.140791529879,0.00776254103633,0.00709906319998,0.274483996558,False,False,False,EMPIRICAL_BASELINE_SHRINKAGE_PRIOR_WEIGHT_20
pitcher,667652,Jack Ralston,6,0,0,0.97031517259,0.161719195432,0.124399381101,-0.0373198143304,-0.00246261402582,0.251261376228,False,False,False,EMPIRICAL_BASELINE_SHRINKAGE_PRIOR_WEIGHT_20
pitcher,667755,José Soriano,45,6,0.133333333333,8.24557479817,0.183234995515,0.148687690928,-0.0345473045872,0.0621946118274,0.235180770028,True,False,False,EMPIRICAL_BASELINE_SHRINKAGE_PRIOR_WEIGHT_20
pitcher,668390,Cole Winn,6,2,0.333333333333,1.4541491136,0.242358185601,0.263352450462,0.0209942648614,0.0940481640967,0.432656736827,False,False,False,EMPIRICAL_BASELINE_SHRINKAGE_PRIOR_WEIGHT_20
pitcher,668674,Lucas Erceg,16,6,0.375,4.81559959149,0.300974974468,0.333874985816,0.0329000113476,0.179820399001,0.48792957263,False,False,False,EMPIRICAL_BASELINE_SHRINKAGE_PRIOR_WEIGHT_20
pitcher,668678,Zac Gallen,44,5,0.113636363636,6.20144001371,0.140941818493,0.122169318279,-0.0187725002142,0.0419364094673,0.202402227091,True,False,False,EMPIRICAL_BASELINE_SHRINKAGE_PRIOR_WEIGHT_20
pitcher,668716,Noah Murdock,1,0,0,0.146686967662,0.146686967662,0.139701873964,-0.00698509369821,-0.00857452435306,0.287978272282,False,False,False,EMPIRICAL_BASELINE_SHRINKAGE_PRIOR_WEIGHT_20
pitcher,668820,Max Kranick,3,0,0,0.766050996292,0.255350332097,0.222043767041,-0.0333065650562,0.0521845847549,0.391902949327,False,False,False,EMPIRICAL_BASELINE_SHRINKAGE_PRIOR_WEIGHT_20
pitcher,668834,Easton McGee,2,2,1,0.696082520278,0.348041260139,0.40731023649,0.059268976351,0.201995034522,0.612625438457,False,False,False,EMPIRICAL_BASELINE_SHRINKAGE_PRIOR_WEIGHT_20
pitcher,668873,Caleb Kilian,8,3,0.375,2.25480139894,0.281850174868,0.30846441062,0.0266142357521,0.137389289723,0.479539531516,False,False,False,EMPIRICAL_BASELINE_SHRINKAGE_PRIOR_WEIGHT_20
pitcher,668881,Hunter Greene,5,1,0.2,0.940400662604,0.188080132521,0.190464106017,0.00238397349584,0.0365385634269,0.344389648606,False,False,False,EMPIRICAL_BASELINE_SHRINKAGE_PRIOR_WEIGHT_20
pitcher,668909,Gavin Williams,59,9,0.152542372881,11.2582975819,0.190818603083,0.162232557742,-0.0285860453404,0.0809357911776,0.243529324307,True,False,False,EMPIRICAL_BASELINE_SHRINKAGE_PRIOR_WEIGHT_20
pitcher,668933,Graham Ashcraft,8,4,0.5,2.57481485916,0.321851857395,0.37275132671,0.0508994693158,0.193646813227,0.551855840194,False,False,False,EMPIRICAL_BASELINE_SHRINKAGE_PRIOR_WEIGHT_20
pitcher,668941,JoJo Romero,20,2,0.1,2.66812766673,0.133406383337,0.116703191668,-0.0167031916683,0.017203720375,0.216202662962,True,False,False,EMPIRICAL_BASELINE_SHRINKAGE_PRIOR_WEIGHT_20
pitcher,668964,Tobias Myers,10,1,0.1,1.17640832401,0.117640832401,0.111760554934,-0.00588027746685,-0.000986380584834,0.224507490452,False,False,False,EMPIRICAL_BASELINE_SHRINKAGE_PRIOR_WEIGHT_20
pitcher,668970,Gavin Hollowell,6,0,0,0.71720578226,0.119534297043,0.0919494592641,-0.0275848377792,-0.0191211100285,0.203020028557,False,False,False,EMPIRICAL_BASELINE_SHRINKAGE_PRIOR_WEIGHT_20
pitcher,668984,Casey Legumina,8,0,0,0.892729502682,0.111591187835,0.0797079913109,-0.0318831965243,-0.0206127686727,0.180028751294,False,False,False,EMPIRICAL_BASELINE_SHRINKAGE_PRIOR_WEIGHT_20
pitcher,669020,Ryan Rolison,14,2,0.142857142857,1.48904182503,0.106360130359,0.121388311976,0.0150281816168,0.0116132888981,0.231163335054,False,False,False,EMPIRICAL_BASELINE_SHRINKAGE_PRIOR_WEIGHT_20
pitcher,669022,MacKenzie Gore,38,7,0.184210526316,7.28428671987,0.191691755786,0.186790260616,-0.00490149517011,0.0864857474804,0.287094773751,True,False,False,EMPIRICAL_BASELINE_SHRINKAGE_PRIOR_WEIGHT_20
pitcher,669060,Bryse Wilson,11,2,0.181818181818,2.20519921371,0.200472655792,0.193853326317,-0.0066193294746,0.0546918951984,0.333014757437,False,False,False,EMPIRICAL_BASELINE_SHRINKAGE_PRIOR_WEIGHT_20
pitcher,669062,Erik Miller,9,3,0.333333333333,1.53372866699,0.170414296332,0.220975376781,0.0505610804485,0.0699657596605,0.371984993902,False,False,False,EMPIRICAL_BASELINE_SHRINKAGE_PRIOR_WEIGHT_20
pitcher,669084,DL Hall,9,2,0.222222222222,2.16083748275,0.240093053639,0.234546933544,-0.00554612009473,0.0803302938958,0.388763573192,False,False,False,EMPIRICAL_BASELINE_SHRINKAGE_PRIOR_WEIGHT_20
pitcher,669093,Jeremiah Estrada,8,1,0.125,1.74231630852,0.217789538565,0.191278241832,-0.0265112967329,0.0455950643825,0.336961419282,False,False,False,EMPIRICAL_BASELINE_SHRINKAGE_PRIOR_WEIGHT_20
pitcher,669145,Bruce Zimmermann,2,0,0,0.336930330085,0.168465165043,0.153150150039,-0.0153150150039,0.00266049325663,0.303639806821,False,False,False,EMPIRICAL_BASELINE_SHRINKAGE_PRIOR_WEIGHT_20
pitcher,669160,Dustin May,43,3,0.0697674418605,6.13971589852,0.142784090663,0.0929473303693,-0.049836760294,0.0212471068057,0.164647553933,True,False,False,EMPIRICAL_BASELINE_SHRINKAGE_PRIOR_WEIGHT_20
pitcher,669165,Kyle Hurt,11,3,0.272727272727,2.15383046105,0.195802769187,0.223098560766,0.0272957915789,0.0765415589875,0.369655562544,False,False,False,EMPIRICAL_BASELINE_SHRINKAGE_PRIOR_WEIGHT_20
pitcher,669169,Jonathan Heasley,1,0,0,0.0713791520651,0.0713791520651,0.0679801448239,-0.0033990072412,-0.0396787826427,0.175639072291,False,False,False,EMPIRICAL_BASELINE_SHRINKAGE_PRIOR_WEIGHT_20
pitcher,669194,Ryne Nelson,15,4,0.266666666667,3.30361822178,0.220241214785,0.24013783702,0.019896622235,0.09861720605,0.38165846799,False,False,False,EMPIRICAL_BASELINE_SHRINKAGE_PRIOR_WEIGHT_20
pitcher,669199,Lake Bachar,25,10,0.4,7.55914975832,0.302365990333,0.356607106815,0.0542411164817,0.216653871943,0.496560341686,True,False,False,EMPIRICAL_BASELINE_SHRINKAGE_PRIOR_WEIGHT_20
pitcher,669211,Keegan Akin,6,1,0.166666666667,0.934254631915,0.155709105319,0.158237773322,0.00252866800328,0.0179502023877,0.298525344257,False,False,False,EMPIRICAL_BASELINE_SHRINKAGE_PRIOR_WEIGHT_20
pitcher,669212,Eli Morgan,8,1,0.125,1.30678659836,0.163348324796,0.152391660568,-0.0109566642273,0.0192679951611,0.285515325976,False,False,False,EMPIRICAL_BASELINE_SHRINKAGE_PRIOR_WEIGHT_20
pitcher,669270,Joel Kuhnel,4,1,0.25,0.578045539027,0.144511384757,0.162092820631,0.0175814358739,0.0146477370116,0.30953790425,False,False,False,EMPIRICAL_BASELINE_SHRINKAGE_PRIOR_WEIGHT_20
pitcher,669276,Dylan Lee,12,2,0.166666666667,2.64230652129,0.220192210107,0.200120131317,-0.0200720787902,0.0614959944351,0.338744268199,False,False,False,EMPIRICAL_BASELINE_SHRINKAGE_PRIOR_WEIGHT_20
pitcher,669298,TJ Shook,2,1,0.5,0.413348076406,0.206674038203,0.23334003473,0.026665996527,0.0565976328666,0.410082436593,False,False,False,EMPIRICAL_BASELINE_SHRINKAGE_PRIOR_WEIGHT_20
pitcher,669302,Logan Gilbert,31,5,0.161290322581,6.69706815415,0.216034456585,0.182758610426,-0.0332758461598,0.0766904385362,0.288826782315,True,False,False,EMPIRICAL_BASELINE_SHRINKAGE_PRIOR_WEIGHT_20
pitcher,669310,CJ Van Eyk,4,1,0.25,0.605127531862,0.151281882966,0.167734902471,0.0164530195057,0.018251487155,0.317218317788,False,False,False,EMPIRICAL_BASELINE_SHRINKAGE_PRIOR_WEIGHT_20
pitcher,669330,Tyler Wells,24,4,0.166666666667,5.98828098452,0.249511707688,0.204323503495,-0.0451882041937,0.0851836226817,0.323463384308,True,False,False,EMPIRICAL_BASELINE_SHRINKAGE_PRIOR_WEIGHT_20
pitcher,669358,Shane Baz,38,10,0.263157894737,7.76755902432,0.204409448009,0.242899809658,0.0384903616496,0.13253456268,0.353265056636,True,False,False,EMPIRICAL_BASELINE_SHRINKAGE_PRIOR_WEIGHT_20
pitcher,669371,Cole Henry,5,1,0.2,0.979236794005,0.195847358801,0.196677887041,0.000830528239784,0.0408630912162,0.352492682866,False,False,False,EMPIRICAL_BASELINE_SHRINKAGE_PRIOR_WEIGHT_20
pitcher,669372,J.T. Ginn,44,3,0.0681818181818,6.39602838782,0.145364281541,0.0923013379816,-0.0530629435596,0.0213858770134,0.16321679895,True,False,False,EMPIRICAL_BASELINE_SHRINKAGE_PRIOR_WEIGHT_20
pitcher,669373,Tarik Skubal,31,3,0.0967741935484,5.01358630406,0.161728590454,0.12224650606,-0.0394820843934,0.0323432348062,0.212149777314,True,False,False,EMPIRICAL_BASELINE_SHRINKAGE_PRIOR_WEIGHT_20
pitcher,669387,Carmen Mlodzinski,20,3,0.15,2.33932447012,0.116966223506,0.133483111753,0.0165168882469,0.028086232315,0.238879991191,True,False,False,EMPIRICAL_BASELINE_SHRINKAGE_PRIOR_WEIGHT_20
pitcher,669432,Trevor Rogers,46,5,0.108695652174,5.98800030844,0.130173919749,0.115204218106,-0.014969701643,0.0381777799568,0.192230656255,True,False,False,EMPIRICAL_BASELINE_SHRINKAGE_PRIOR_WEIGHT_20
pitcher,669438,Mason Englert,12,3,0.25,1.81978150984,0.151648459153,0.188530286971,0.0368818278176,0.0530089105213,0.32405166342,False,False,False,EMPIRICAL_BASELINE_SHRINKAGE_PRIOR_WEIGHT_20
pitcher,669456,Shane Bieber,30,4,0.133333333333,4.57975292809,0.152658430936,0.141063372375,-0.0115950585618,0.0445786033158,0.237548141433,True,False,False,EMPIRICAL_BASELINE_SHRINKAGE_PRIOR_WEIGHT_20
pitcher,669461,Matthew Liberatore,35,4,0.114285714286,5.46601257329,0.156171787808,0.129517013749,-0.0266547740599,0.0407772472952,0.218256780202,True,False,False,EMPIRICAL_BASELINE_SHRINKAGE_PRIOR_WEIGHT_20
pitcher,669467,Andre Pallante,41,7,0.170731707317,6.39808522265,0.156050859089,0.165918314455,0.00986745536647,0.0725622339122,0.259274394999,True,False,False,EMPIRICAL_BASELINE_SHRINKAGE_PRIOR_WEIGHT_20
pitcher,669620,Brady Basso,11,2,0.181818181818,1.43740050648,0.130672773316,0.148821144075,0.0181483707588,0.023530697476,0.274111590674,False,False,False,EMPIRICAL_BASELINE_SHRINKAGE_PRIOR_WEIGHT_20
pitcher,669622,Anthony Bender,8,1,0.125,1.03616439545,0.129520549431,0.128228963879,-0.00129158555175,0.0043859991721,0.252071928587,False,False,False,EMPIRICAL_BASELINE_SHRINKAGE_PRIOR_WEIGHT_20
pitcher,669684,Chris Murphy,5,1,0.2,0.391414085091,0.0782828170181,0.102626253615,0.0243434365964,-0.0163340282268,0.221586535456,False,False,False,EMPIRICAL_BASELINE_SHRINKAGE_PRIOR_WEIGHT_20
pitcher,669704,Kade Strowd,1,0,0,0.149811069697,0.149811069697,0.142677209235,-0.00713386046174,-0.00691049998847,0.292264918458,False,False,False,EMPIRICAL_BASELINE_SHRINKAGE_PRIOR_WEIGHT_20
pitcher,669711,Greg Weissert,12,3,0.25,3.75738359176,0.313115299314,0.289447062071,-0.0236682372426,0.132315338309,0.446578785833,False,False,False,EMPIRICAL_BASELINE_SHRINKAGE_PRIOR_WEIGHT_20
pitcher,669713,Hayden Wesneski,14,0,0,2.07477186489,0.148197990349,0.0871752884407,-0.0610227019085,-0.00764625138573,0.181996828267,False,False,False,EMPIRICAL_BASELINE_SHRINKAGE_PRIOR_WEIGHT_20
pitcher,669724,Brenan Hanifee,6,2,0.333333333333,2.23039465558,0.371732442596,0.362871109689,-0.00886133290674,0.178046736084,0.547695483295,False,False,False,EMPIRICAL_BASELINE_SHRINKAGE_PRIOR_WEIGHT_20
pitcher,669854,Ronel Blanco,6,0,0,0.610054452302,0.10167574205,0.0782121092694,-0.0234636327808,-0.0249979187271,0.181422137266,False,False,False,EMPIRICAL_BASELINE_SHRINKAGE_PRIOR_WEIGHT_20
pitcher,669920,Jason Alexander,3,0,0,0.364286822846,0.121428940949,0.105590383434,-0.015838557515,-0.0200046791994,0.231185446067,False,False,False,EMPIRICAL_BASELINE_SHRINKAGE_PRIOR_WEIGHT_20
pitcher,669923,George Kirby,33,3,0.0909090909091,5.65133815476,0.171252671356,0.121227423153,-0.050025248203,0.0333541464025,0.209100699904,True,False,False,EMPIRICAL_BASELINE_SHRINKAGE_PRIOR_WEIGHT_20
pitcher,669947,Jesse Scholtens,16,2,0.125,4.14469945174,0.259043715734,0.199468730963,-0.0595749847706,0.0689324054696,0.330005056457,False,False,False,EMPIRICAL_BASELINE_SHRINKAGE_PRIOR_WEIGHT_20
pitcher,670036,Matt Festa,10,4,0.4,1.85214065586,0.185214065586,0.256809377057,0.0715953114715,0.100476257766,0.413142496348,False,False,False,EMPIRICAL_BASELINE_SHRINKAGE_PRIOR_WEIGHT_20
pitcher,670059,Colin Holderman,16,5,0.3125,4.70523369577,0.294077105985,0.302265058881,0.00818795289539,0.152246831212,0.452283286549,False,False,False,EMPIRICAL_BASELINE_SHRINKAGE_PRIOR_WEIGHT_20
pitcher,670062,Julian Garcia,16,3,0.1875,3.60499704829,0.225312315518,0.208506841954,-0.0168054735636,0.0758014531517,0.341212230757,False,False,False,EMPIRICAL_BASELINE_SHRINKAGE_PRIOR_WEIGHT_20
pitcher,670090,Wyatt Mills,2,1,0.5,0.116818724719,0.0584093623595,0.0985539657814,0.0401446034219,-0.0259983049387,0.223106236501,False,False,False,EMPIRICAL_BASELINE_SHRINKAGE_PRIOR_WEIGHT_20
pitcher,670103,Raymond Burgos,5,1,0.2,1.14845866562,0.229691733124,0.223753386499,-0.00593834662486,0.0603839786843,0.387122794315,False,False,False,EMPIRICAL_BASELINE_SHRINKAGE_PRIOR_WEIGHT_20
pitcher,670167,John Schreiber,15,3,0.2,2.44487933471,0.162991955647,0.178852546084,0.0158605904369,0.0518886654815,0.305816426687,False,False,False,EMPIRICAL_BASELINE_SHRINKAGE_PRIOR_WEIGHT_20
pitcher,670183,Garrett Acton,4,0,0,1.32095881198,0.330239702995,0.275199752496,-0.0550399504992,0.0965165875026,0.45388291749,False,False,False,EMPIRICAL_BASELINE_SHRINKAGE_PRIOR_WEIGHT_20
pitcher,670245,Ryan Watson,17,8,0.470588235294,4.84521903917,0.285012884657,0.37027723495,0.0852643502928,0.214683032021,0.525871437878,False,False,False,EMPIRICAL_BASELINE_SHRINKAGE_PRIOR_WEIGHT_20
pitcher,670280,David Bednar,13,4,0.307692307692,3.07011113355,0.236162394888,0.264340845387,0.0281784504985,0.113881363984,0.41480032679,False,False,False,EMPIRICAL_BASELINE_SHRINKAGE_PRIOR_WEIGHT_20
pitcher,670329,Rico Garcia,20,11,0.55,6.72027126175,0.336013563088,0.443006781544,0.106993218456,0.289065103355,0.596948459733,True,False,False,EMPIRICAL_BASELINE_SHRINKAGE_PRIOR_WEIGHT_20
pitcher,670912,Johan Oviedo,1,0,0,0.167070836837,0.167070836837,0.159115082702,-0.0079557541351,0.00266695150034,0.315563213904,False,False,False,EMPIRICAL_BASELINE_SHRINKAGE_PRIOR_WEIGHT_20
pitcher,670950,Trevor Richards,25,4,0.16,7.37620364481,0.295048145793,0.22002139813,-0.0750267476625,0.0989828742394,0.341059922021,True,False,False,EMPIRICAL_BASELINE_SHRINKAGE_PRIOR_WEIGHT_20
pitcher,670970,Adrian Morejon,19,7,0.368421052632,3.64559747943,0.191873551549,0.277883872589,0.0860103210402,0.137292405993,0.418475339185,False,False,False,EMPIRICAL_BASELINE_SHRINKAGE_PRIOR_WEIGHT_20
pitcher,670990,Yohan Ramírez,25,4,0.16,5.33405151295,0.213362060518,0.183716471341,-0.0296455891768,0.070569123472,0.296863819211,True,False,False,EMPIRICAL_BASELINE_SHRINKAGE_PRIOR_WEIGHT_20
pitcher,671096,Andrew Abbott,47,9,0.191489361702,7.12828770149,0.151665695776,0.179601700232,0.0279360044554,0.0876867264473,0.271516674016,True,False,False,EMPIRICAL_BASELINE_SHRINKAGE_PRIOR_WEIGHT_20
pitcher,671106,Logan Allen,4,0,0,0.383131773807,0.0957829434516,0.079819119543,-0.0159638239086,-0.028608648888,0.188246887974,False,False,False,EMPIRICAL_BASELINE_SHRINKAGE_PRIOR_WEIGHT_20
pitcher,671111,Sammy Peralta,1,0,0,0.12158465063,0.12158465063,0.115794905362,-0.00578974526811,-0.021062296562,0.252652107286,False,False,False,EMPIRICAL_BASELINE_SHRINKAGE_PRIOR_WEIGHT_20
pitcher,671162,Connor Thomas,9,4,0.444444444444,1.41649792573,0.157388658415,0.246474936838,0.0890862784229,0.0896221261185,0.403327747557,False,False,False,EMPIRICAL_BASELINE_SHRINKAGE_PRIOR_WEIGHT_20
pitcher,671212,Joe Boyle,2,0,0,0.245239658216,0.122619829108,0.111472571917,-0.0111472571917,-0.0200390581926,0.242984202026,False,False,False,EMPIRICAL_BASELINE_SHRINKAGE_PRIOR_WEIGHT_20
pitcher,671345,Jason Foley,6,2,0.333333333333,0.997974633449,0.166329105575,0.20486854275,0.038539437175,0.0497275721195,0.36000951338,False,False,False,EMPIRICAL_BASELINE_SHRINKAGE_PRIOR_WEIGHT_20
pitcher,671382,Cameron Foster,5,0,0,1.20423669196,0.240847338393,0.192677870714,-0.0481694676786,0.0380722016122,0.347283539817,False,False,False,EMPIRICAL_BASELINE_SHRINKAGE_PRIOR_WEIGHT_20
pitcher,671737,Taj Bradley,38,5,0.131578947368,8.55407864173,0.225107332677,0.163830114716,-0.0612772179608,0.0685754608078,0.259084768625,True,False,False,EMPIRICAL_BASELINE_SHRINKAGE_PRIOR_WEIGHT_20
pitcher,671922,Cade Smith,15,5,0.333333333333,5.04585115239,0.336390076826,0.335080043901,-0.00131003292552,0.17870011376,0.491459974042,False,False,False,EMPIRICAL_BASELINE_SHRINKAGE_PRIOR_WEIGHT_20
pitcher,671936,Adam Macko,8,1,0.125,2.76246049374,0.345307561718,0.282362544084,-0.0629450176336,0.115625096989,0.449099991179,False,False,False,EMPIRICAL_BASELINE_SHRINKAGE_PRIOR_WEIGHT_20
pitcher,672021,Eric Cerantola,2,0,0,0.249954463195,0.124977231597,0.113615665088,-0.0113615665088,-0.0189939072822,0.246225237459,False,False,False,EMPIRICAL_BASELINE_SHRINKAGE_PRIOR_WEIGHT_20
pitcher,672282,Reid Detmers,43,5,0.116279069767,6.18788119538,0.143904213846,0.125048956777,-0.0188552570695,0.0433685842573,0.206729329296,True,False,False,EMPIRICAL_BASELINE_SHRINKAGE_PRIOR_WEIGHT_20
pitcher,672335,Cionel Pérez,17,1,0.0588235294118,2.3162630862,0.136250769776,0.100676091771,-0.0355746780053,0.00371969821203,0.19763248533,False,False,False,EMPIRICAL_BASELINE_SHRINKAGE_PRIOR_WEIGHT_20
pitcher,672442,Yovanny Cruz,1,0,0,0.0744653878056,0.0744653878056,0.0709194169577,-0.00354597084789,-0.0388687904645,0.18070762438,False,False,False,EMPIRICAL_BASELINE_SHRINKAGE_PRIOR_WEIGHT_20
pitcher,672456,Keider Montero,37,5,0.135135135135,6.32383964443,0.170914584985,0.147689328065,-0.0232252569199,0.0555824284245,0.239796227705,True,False,False,EMPIRICAL_BASELINE_SHRINKAGE_PRIOR_WEIGHT_20
pitcher,672582,Angel Zerpa,3,1,0.333333333333,0.583977957299,0.1946593191,0.212747234,0.0180879149,0.0454914242858,0.380003043714,False,False,False,EMPIRICAL_BASELINE_SHRINKAGE_PRIOR_WEIGHT_20
pitcher,672629,Gerardo Carrillo,4,2,0.5,0.88654404349,0.221636010873,0.26803000906,0.0463939981879,0.0908197749971,0.445240243124,False,False,False,EMPIRICAL_BASELINE_SHRINKAGE_PRIOR_WEIGHT_20
pitcher,672782,Yoendrys Gómez,12,2,0.166666666667,2.97638074293,0.248031728578,0.217519830361,-0.0305118982167,0.0745754191414,0.360464241581,False,False,False,EMPIRICAL_BASELINE_SHRINKAGE_PRIOR_WEIGHT_20
pitcher,672841,Carlos Vargas,4,0,0,0.851830775875,0.212957693969,0.177464744974,-0.0354929489948,0.0246082996304,0.330321190317,False,False,False,EMPIRICAL_BASELINE_SHRINKAGE_PRIOR_WEIGHT_20
pitcher,673380,Dedniel Núñez,2,1,0.5,0.218750300496,0.109375150248,0.144886500226,0.0355113499774,-0.00219924097062,0.291972241422,False,False,False,EMPIRICAL_BASELINE_SHRINKAGE_PRIOR_WEIGHT_20
pitcher,673513,Yuki Matsui,21,3,0.142857142857,2.90727103271,0.138441477748,0.140703159877,0.00226168212907,0.0342673728628,0.247138946891,True,False,False,EMPIRICAL_BASELINE_SHRINKAGE_PRIOR_WEIGHT_20
pitcher,673540,Kodai Senga,15,2,0.133333333333,2.54532179637,0.169688119758,0.154107497004,-0.0155806227534,0.0344908786334,0.273724115376,False,False,False,EMPIRICAL_BASELINE_SHRINKAGE_PRIOR_WEIGHT_20
pitcher,673929,Jordan Leasure,5,2,0.4,1.40128624367,0.280257248733,0.304205798986,0.0239485502534,0.123858262727,0.484553335246,False,False,False,EMPIRICAL_BASELINE_SHRINKAGE_PRIOR_WEIGHT_20
pitcher,674003,Cody Bradford,15,3,0.2,3.20623369318,0.213748912878,0.207856521645,-0.00589239123361,0.0734235489005,0.342289494389,False,False,False,EMPIRICAL_BASELINE_SHRINKAGE_PRIOR_WEIGHT_20
pitcher,674073,Jack Weisenburger,1,0,0,0.234327911401,0.234327911401,0.22316943943,-0.0111584719715,0.0450846051558,0.401254273703,False,False,False,EMPIRICAL_BASELINE_SHRINKAGE_PRIOR_WEIGHT_20
pitcher,674370,Osvaldo Bido,8,0,0,1.96048982762,0.245061228452,0.175043734609,-0.0700174938434,0.0342880953255,0.315799373891,False,False,False,EMPIRICAL_BASELINE_SHRINKAGE_PRIOR_WEIGHT_20
pitcher,674444,Steven Cruz,15,8,0.533333333333,4.20721914163,0.280481276109,0.388846443491,0.108365167382,0.227341326595,0.550351560386,False,False,False,EMPIRICAL_BASELINE_SHRINKAGE_PRIOR_WEIGHT_20
pitcher,674841,Andrew Alvarez,27,3,0.111111111111,3.88941139228,0.144052273788,0.125128627144,-0.0189236466443,0.0305359351308,0.219721319157,True,False,False,EMPIRICAL_BASELINE_SHRINKAGE_PRIOR_WEIGHT_20
pitcher,675512,Troy Melton,18,8,0.444444444444,4.45852921042,0.247696067245,0.340892666971,0.0931965997258,0.190179507466,0.491605826476,False,False,False,EMPIRICAL_BASELINE_SHRINKAGE_PRIOR_WEIGHT_20
pitcher,675540,Xzavion Curry,6,1,0.166666666667,1.41079050936,0.23513175156,0.219332116585,-0.0157996349754,0.0602747936492,0.37838943952,False,False,False,EMPIRICAL_BASELINE_SHRINKAGE_PRIOR_WEIGHT_20
pitcher,675627,Michael Grove,1,0,0,0.0669181964975,0.0669181964975,0.0637316157119,-0.00318658078559,-0.0407461959718,0.168209427395,False,False,False,EMPIRICAL_BASELINE_SHRINKAGE_PRIOR_WEIGHT_20
pitcher,675660,Shane Drohan,31,11,0.354838709677,6.18244090534,0.199433577592,0.293895520624,0.0944619430326,0.168869056221,0.418921985028,True,False,False,EMPIRICAL_BASELINE_SHRINKAGE_PRIOR_WEIGHT_20
pitcher,675848,Juan Mejia,21,7,0.333333333333,3.57530274792,0.170252511806,0.253781713076,0.0835292012703,0.120574651226,0.386988774926,True,False,False,EMPIRICAL_BASELINE_SHRINKAGE_PRIOR_WEIGHT_20
pitcher,675911,Spencer Strider,15,1,0.0666666666667,2.47031846612,0.164687897741,0.122678798709,-0.0420090990319,0.0139896671203,0.231367930298,False,False,False,EMPIRICAL_BASELINE_SHRINKAGE_PRIOR_WEIGHT_20
pitcher,675916,James Karinchak,4,1,0.25,1.27968717752,0.319921794381,0.308268161984,-0.0116536323968,0.123518492719,0.493017831248,False,False,False,EMPIRICAL_BASELINE_SHRINKAGE_PRIOR_WEIGHT_20
pitcher,675919,Nick Raquet,3,1,0.333333333333,0.538070298872,0.179356766291,0.19944066634,0.020083900049,0.0361370605293,0.36274427215,False,False,False,EMPIRICAL_BASELINE_SHRINKAGE_PRIOR_WEIGHT_20
pitcher,675989,Cody Bolton,9,3,0.333333333333,1.33394248935,0.14821583215,0.205666091138,0.0574502589878,0.0585568447937,0.352775337483,False,False,False,EMPIRICAL_BASELINE_SHRINKAGE_PRIOR_WEIGHT_20
pitcher,676051,Codi Heuer,2,0,0,0.214323550865,0.107161775432,0.0974197958475,-0.00974197958475,-0.0264915975147,0.22133118921,False,False,False,EMPIRICAL_BASELINE_SHRINKAGE_PRIOR_WEIGHT_20
pitcher,676083,Janson Junk,32,6,0.1875,5.68860976937,0.177769055293,0.183757328959,0.00598827366596,0.0784917504218,0.289022907496,True,False,False,EMPIRICAL_BASELINE_SHRINKAGE_PRIOR_WEIGHT_20
pitcher,676105,Jeff Criswell,1,0,0,0.106624139767,0.106624139767,0.101546799778,-0.0050773399889,-0.0276427172392,0.230736316795,False,False,False,EMPIRICAL_BASELINE_SHRINKAGE_PRIOR_WEIGHT_20
pitcher,676106,Emerson Hancock,28,5,0.178571428571,2.88859389281,0.1031640676,0.147151694833,0.0439876272332,0.0469317908602,0.247371598807,True,False,False,EMPIRICAL_BASELINE_SHRINKAGE_PRIOR_WEIGHT_20
pitcher,676130,José Buttó,1,0,0,0.0467516106505,0.0467516106505,0.0445253434767,-0.00222626717383,-0.0436931524884,0.132743839442,False,False,False,EMPIRICAL_BASELINE_SHRINKAGE_PRIOR_WEIGHT_20
pitcher,676254,Ryan Walker,3,1,0.333333333333,1.39182122895,0.463940409649,0.446904704043,-0.0170357056064,0.243715982034,0.650093426051,False,False,False,EMPIRICAL_BASELINE_SHRINKAGE_PRIOR_WEIGHT_20
pitcher,676263,Jack Dreyer,12,2,0.166666666667,1.95719860088,0.163099883407,0.164437427129,0.00133754372238,0.0360061184442,0.292868735815,False,False,False,EMPIRICAL_BASELINE_SHRINKAGE_PRIOR_WEIGHT_20
pitcher,676272,Bobby Miller,1,0,0,0.227318596445,0.227318596445,0.216493901376,-0.0108246950688,0.0403407374596,0.392647065292,False,False,False,EMPIRICAL_BASELINE_SHRINKAGE_PRIOR_WEIGHT_20
pitcher,676282,Joey Cantillo,40,10,0.25,6.63283498282,0.16582087457,0.221940291523,0.0561194169531,0.116791330615,0.327089252431,True,False,False,EMPIRICAL_BASELINE_SHRINKAGE_PRIOR_WEIGHT_20
pitcher,676395,Robert Garcia,1,0,0,0.0299975959523,0.0299975959523,0.0285691390022,-0.00142845695011,-0.0426834990365,0.0998217770408,False,False,False,EMPIRICAL_BASELINE_SHRINKAGE_PRIOR_WEIGHT_20
pitcher,676428,Brant Hurter,4,0,0,0.344948890026,0.0862372225065,0.0718643520887,-0.0143728704177,-0.0314624371569,0.175191141334,False,False,False,EMPIRICAL_BASELINE_SHRINKAGE_PRIOR_WEIGHT_20
pitcher,676440,Tanner Bibee,55,14,0.254545454545,9.46272729734,0.172049587224,0.232546556593,0.0604969693688,0.136935874666,0.32815723852,True,False,False,EMPIRICAL_BASELINE_SHRINKAGE_PRIOR_WEIGHT_20
pitcher,676467,Colton Gordon,6,0,0,0.812673575733,0.135445595955,0.104188919966,-0.0312566759897,-0.0132435999705,0.221621439902,False,False,False,EMPIRICAL_BASELINE_SHRINKAGE_PRIOR_WEIGHT_20
pitcher,676477,Garrett Whitlock,12,0,0,3.51280194429,0.292733495357,0.182958434598,-0.109775060759,0.0489971277624,0.316919741434,False,False,False,EMPIRICAL_BASELINE_SHRINKAGE_PRIOR_WEIGHT_20
pitcher,676508,Ben Casparius,4,0,0,0.692078822623,0.173019705656,0.144183088046,-0.0288366176093,0.0036437045442,0.284722471549,False,False,False,EMPIRICAL_BASELINE_SHRINKAGE_PRIOR_WEIGHT_20
pitcher,676510,Nolan Hoffman,1,0,0,0.174868553982,0.174868553982,0.166541479983,-0.00832707399914,0.00719237477989,0.325890585186,False,False,False,EMPIRICAL_BASELINE_SHRINKAGE_PRIOR_WEIGHT_20
pitcher,676534,Calvin Faucher,20,2,0.1,3.93067449165,0.196533724582,0.148266862291,-0.0482668622912,0.0381383185962,0.258395405986,True,False,False,EMPIRICAL_BASELINE_SHRINKAGE_PRIOR_WEIGHT_20
pitcher,676568,Ricky Vanasco,4,1,0.25,0.805128422398,0.201282105599,0.209401754666,0.00811964906676,0.0466151998976,0.372188309435,False,False,False,EMPIRICAL_BASELINE_SHRINKAGE_PRIOR_WEIGHT_20
pitcher,676571,PJ Poulin,12,1,0.0833333333333,1.86561621457,0.15546801788,0.128417511175,-0.0270505067052,0.0125004252795,0.244334597071,False,False,False,EMPIRICAL_BASELINE_SHRINKAGE_PRIOR_WEIGHT_20
pitcher,676596,Josh Fleming,1,0,0,0.0242775624842,0.0242775624842,0.0231214880802,-0.00115607440401,-0.041158323204,0.0874012993645,False,False,False,EMPIRICAL_BASELINE_SHRINKAGE_PRIOR_WEIGHT_20
pitcher,676604,Tyler Zuber,14,4,0.285714285714,4.15373114864,0.296695082046,0.292173577674,-0.00452150437189,0.139311250408,0.445035904941,False,False,False,EMPIRICAL_BASELINE_SHRINKAGE_PRIOR_WEIGHT_20
pitcher,676617,Riley O'Brien,11,3,0.272727272727,3.34948637974,0.304498761794,0.293225007609,-0.011273754185,0.132968263576,0.453481751642,False,False,False,EMPIRICAL_BASELINE_SHRINKAGE_PRIOR_WEIGHT_20
pitcher,676620,Blake Weiman,7,1,0.142857142857,1.30076018492,0.18582288356,0.174683617452,-0.0111392661081,0.0314613613205,0.317905873583,False,False,False,EMPIRICAL_BASELINE_SHRINKAGE_PRIOR_WEIGHT_20
pitcher,676661,Max Lazar,1,1,1,0.158167517898,0.158167517898,0.198254778951,0.0400872610525,0.0277343382603,0.368775219641,False,False,False,EMPIRICAL_BASELINE_SHRINKAGE_PRIOR_WEIGHT_20
pitcher,676664,JP Sears,9,0,0,0.906547826964,0.100727536329,0.069467266434,-0.0312602698953,-0.0230692198211,0.162003752689,False,False,False,EMPIRICAL_BASELINE_SHRINKAGE_PRIOR_WEIGHT_20
pitcher,676680,Tom Cosgrove,3,0,0,0.347427791802,0.115809263934,0.100703707769,-0.0151055561653,-0.0222852964471,0.223692711984,False,False,False,EMPIRICAL_BASELINE_SHRINKAGE_PRIOR_WEIGHT_20
pitcher,676684,Will Vest,5,2,0.4,0.978227697193,0.195645539439,0.236516431551,0.0408708921123,0.0699388420115,0.40309402109,False,False,False,EMPIRICAL_BASELINE_SHRINKAGE_PRIOR_WEIGHT_20
pitcher,676742,Cam Sanders,3,2,0.666666666667,0.534834425797,0.178278141932,0.241980992985,0.0637028510523,0.0669468274676,0.417015158502,False,False,False,EMPIRICAL_BASELINE_SHRINKAGE_PRIOR_WEIGHT_20
pitcher,676755,Isaac Mattson,6,1,0.166666666667,2.13910160992,0.356516934987,0.312705334606,-0.0438116003817,0.134504994338,0.490905674874,False,False,False,EMPIRICAL_BASELINE_SHRINKAGE_PRIOR_WEIGHT_20
pitcher,676760,Ron Marinaccio,17,2,0.117647058824,2.80691923831,0.165112896371,0.143304268309,-0.0218086280625,0.0304031941485,0.256205342469,False,False,False,EMPIRICAL_BASELINE_SHRINKAGE_PRIOR_WEIGHT_20
pitcher,676775,Keaton Winn,14,6,0.428571428571,3.89695289517,0.278353778226,0.340208104839,0.0618543266128,0.180953342291,0.499462867387,False,False,False,EMPIRICAL_BASELINE_SHRINKAGE_PRIOR_WEIGHT_20
pitcher,676879,Aaron Ashby,31,6,0.193548387097,5.04034683781,0.162591833478,0.181408562148,0.0188167286705,0.075645632397,0.287171491899,True,False,False,EMPIRICAL_BASELINE_SHRINKAGE_PRIOR_WEIGHT_20
pitcher,676910,Matt Seelinger,1,1,1,0.337716449228,0.337716449228,0.36925376117,0.0315373119415,0.162841152493,0.575666369847,False,False,False,EMPIRICAL_BASELINE_SHRINKAGE_PRIOR_WEIGHT_20
pitcher,676917,Cade Cavalli,41,8,0.19512195122,8.68561193751,0.211844193598,0.200604653639,-0.0112395399592,0.100110114358,0.301099192919,True,False,False,EMPIRICAL_BASELINE_SHRINKAGE_PRIOR_WEIGHT_20
pitcher,676962,Ben Brown,15,5,0.333333333333,3.34544389562,0.223029593041,0.270302624595,0.0472730315537,0.12316675085,0.41743849834,False,False,False,EMPIRICAL_BASELINE_SHRINKAGE_PRIOR_WEIGHT_20
pitcher,676974,Max Meyer,26,5,0.192307692308,4.78163180647,0.183908915634,0.188656050275,0.00474713464192,0.0755944767667,0.301717623784,True,False,False,EMPIRICAL_BASELINE_SHRINKAGE_PRIOR_WEIGHT_20
pitcher,676979,Garrett Crochet,12,1,0.0833333333333,1.23792395181,0.103160329317,0.0957252058233,-0.00743512349401,-0.0062147519447,0.197665163591,False,False,False,EMPIRICAL_BASELINE_SHRINKAGE_PRIOR_WEIGHT_20
pitcher,677020,Josh Walker,9,3,0.333333333333,1.95774731855,0.217527479838,0.253467227475,0.0359397476363,0.0951448078521,0.411789647097,False,False,False,EMPIRICAL_BASELINE_SHRINKAGE_PRIOR_WEIGHT_20
pitcher,677053,Andrew Nardi,6,3,0.5,1.03450886382,0.172418143971,0.248013956901,0.0755958129298,0.0820123285798,0.414015585221,False,False,False,EMPIRICAL_BASELINE_SHRINKAGE_PRIOR_WEIGHT_20
pitcher,677161,Zack Kelly,3,1,0.333333333333,0.425173899903,0.141724633301,0.166717072436,0.0249924391347,0.0143895308439,0.319044614027,False,False,False,EMPIRICAL_BASELINE_SHRINKAGE_PRIOR_WEIGHT_20
pitcher,677865,Justin Bruihl,29,5,0.172413793103,3.4054071009,0.117427831066,0.149970543292,0.0325427122265,0.0499986304973,0.249942456087,True,False,False,EMPIRICAL_BASELINE_SHRINKAGE_PRIOR_WEIGHT_20
pitcher,677944,Slade Cecconi,28,9,0.321428571429,4.58195058798,0.163641092428,0.255683788512,0.0920426960838,0.132269402165,0.379098174858,True,False,False,EMPIRICAL_BASELINE_SHRINKAGE_PRIOR_WEIGHT_20
pitcher,677952,Braxton Ashcraft,49,7,0.142857142857,9.32723489899,0.190351732632,0.156623690618,-0.0337280420143,0.0708664198035,0.242380961433,True,False,False,EMPIRICAL_BASELINE_SHRINKAGE_PRIOR_WEIGHT_20
pitcher,677955,Jaden Hill,9,0,0,1.47303341784,0.16367037976,0.112876123972,-0.0507942557876,-0.00229676224462,0.228049010189,False,False,False,EMPIRICAL_BASELINE_SHRINKAGE_PRIOR_WEIGHT_20
pitcher,677958,Kumar Rocker,16,0,0,2.05841148487,0.128650717804,0.0714726210025,-0.057178096802,-0.0126808497424,0.155626091747,False,False,False,EMPIRICAL_BASELINE_SHRINKAGE_PRIOR_WEIGHT_20
pitcher,677960,Ryan Weathers,70,14,0.2,10.9446152665,0.156351646664,0.190300365925,0.0339487192615,0.109201160383,0.271399571468,True,False,False,EMPIRICAL_BASELINE_SHRINKAGE_PRIOR_WEIGHT_20
pitcher,677961,Cole Wilcox,8,2,0.25,1.31745089458,0.164681361823,0.189058115588,0.0243767537649,0.0440241960106,0.334092035165,False,False,False,EMPIRICAL_BASELINE_SHRINKAGE_PRIOR_WEIGHT_20
pitcher,677976,Randy Dobnak,27,2,0.0740740740741,4.24172730968,0.157101011469,0.109404685732,-0.0476963257378,0.0201635051922,0.198645866271,True,False,False,EMPIRICAL_BASELINE_SHRINKAGE_PRIOR_WEIGHT_20
pitcher,678020,Seth Halvorsen,4,0,0,0.454409147879,0.11360228697,0.0946685724749,-0.018933714495,-0.0224584661624,0.211795611112,False,False,False,EMPIRICAL_BASELINE_SHRINKAGE_PRIOR_WEIGHT_20
pitcher,678022,Jack Perkins,27,7,0.259259259259,3.96472444898,0.146841646259,0.211421977131,0.0645803308727,0.0946860486182,0.328157905644,True,False,False,EMPIRICAL_BASELINE_SHRINKAGE_PRIOR_WEIGHT_20
pitcher,678061,Ray Kerr,2,0,0,0.436541893937,0.218270946969,0.198428133608,-0.0198428133608,0.0317734253643,0.365082841851,False,False,False,EMPIRICAL_BASELINE_SHRINKAGE_PRIOR_WEIGHT_20
pitcher,678368,Valente Bellozo,4,2,0.5,0.708700198894,0.177175049723,0.230979208103,0.0538041583794,0.0623604309203,0.399597985286,False,False,False,EMPIRICAL_BASELINE_SHRINKAGE_PRIOR_WEIGHT_20
pitcher,678394,Brayan Bello,27,6,0.222222222222,4.18359379508,0.154947918336,0.193594858867,0.0386469405301,0.0806332949786,0.306556422755,True,False,False,EMPIRICAL_BASELINE_SHRINKAGE_PRIOR_WEIGHT_20
pitcher,678606,José A. Ferrer,11,3,0.272727272727,2.12307158632,0.193006507848,0.221294521192,0.0282880133444,0.0751619012918,0.367427141092,False,False,False,EMPIRICAL_BASELINE_SHRINKAGE_PRIOR_WEIGHT_20
pitcher,678868,Eddy Yean,4,0,0,0.800435616329,0.200108904082,0.166757420069,-0.0333514840137,0.0176227005714,0.315892139566,False,False,False,EMPIRICAL_BASELINE_SHRINKAGE_PRIOR_WEIGHT_20
pitcher,678906,Kai-Wei Teng,23,3,0.130434782609,2.31085736157,0.100472059198,0.116498632185,0.0160265729869,0.0206058609035,0.212391403467,True,False,False,EMPIRICAL_BASELINE_SHRINKAGE_PRIOR_WEIGHT_20
pitcher,679358,Eric Orze,12,4,0.333333333333,2.34251809866,0.195209841555,0.247006150972,0.051796309417,0.0975785993351,0.396433702608,False,False,False,EMPIRICAL_BASELINE_SHRINKAGE_PRIOR_WEIGHT_20
pitcher,679775,Kyle Backhus,10,4,0.4,1.38628381142,0.138628381142,0.225752254095,0.0871238729526,0.0761454083598,0.37535909983,False,False,False,EMPIRICAL_BASELINE_SHRINKAGE_PRIOR_WEIGHT_20
pitcher,679883,Luinder Avila,28,4,0.142857142857,4.38396398865,0.156570142452,0.148570892688,-0.00799924976344,0.0479526876316,0.249189097745,True,False,False,EMPIRICAL_BASELINE_SHRINKAGE_PRIOR_WEIGHT_20
pitcher,679885,Justin Martinez,2,1,0.5,1.26845031118,0.634225155591,0.622022868719,-0.0122022868719,0.419403634733,0.824642102706,False,False,False,EMPIRICAL_BASELINE_SHRINKAGE_PRIOR_WEIGHT_20
pitcher,679922,Carlos Duran,1,0,0,0.437290046539,0.437290046539,0.41646671099,-0.0208233355495,0.205618758136,0.627314663843,False,False,False,EMPIRICAL_BASELINE_SHRINKAGE_PRIOR_WEIGHT_20
pitcher,680570,Grayson Rodriguez,29,4,0.137931034483,3.77951855397,0.130328225999,0.134827847346,0.00449962134764,0.0391967591176,0.230458935575,True,False,False,EMPIRICAL_BASELINE_SHRINKAGE_PRIOR_WEIGHT_20
pitcher,680573,Simeon Woods Richardson,19,4,0.210526315789,3.01550832459,0.158710964452,0.183954340745,0.0252433762925,0.0623536568433,0.305555024646,False,False,False,EMPIRICAL_BASELINE_SHRINKAGE_PRIOR_WEIGHT_20
pitcher,680604,Blas Castaño,6,1,0.166666666667,2.52220281968,0.420367136613,0.361820874318,-0.0585462622953,0.177112109514,0.546529639121,False,False,False,EMPIRICAL_BASELINE_SHRINKAGE_PRIOR_WEIGHT_20
pitcher,680689,Lyon Richardson,2,0,0,0.262542817077,0.131271408538,0.119337644126,-0.0119337644126,-0.0161308107436,0.254806098995,False,False,False,EMPIRICAL_BASELINE_SHRINKAGE_PRIOR_WEIGHT_20
pitcher,680694,Kyle Bradish,37,2,0.0540540540541,6.60452770553,0.178500748798,0.0977195609818,-0.0807811878164,0.0206327342794,0.174806387684,True,False,False,EMPIRICAL_BASELINE_SHRINKAGE_PRIOR_WEIGHT_20
pitcher,680702,Joey Gerber,2,0,0,0.410926237325,0.205463118663,0.18678465333,-0.018678465333,0.0239232737878,0.349646032871,False,False,False,EMPIRICAL_BASELINE_SHRINKAGE_PRIOR_WEIGHT_20
pitcher,680704,Nick Sandlin,1,0,0,0.0314419616225,0.0314419616225,0.0299447253548,-0.00149723626774,-0.0429514649469,0.102840915656,False,False,False,EMPIRICAL_BASELINE_SHRINKAGE_PRIOR_WEIGHT_20
pitcher,680723,Drew Rom,1,0,0,0.152505702676,0.152505702676,0.145243526358,-0.00726217631791,-0.00545743251044,0.295944485227,False,False,False,EMPIRICAL_BASELINE_SHRINKAGE_PRIOR_WEIGHT_20
pitcher,680730,Mitchell Parker,7,3,0.428571428571,1.01179860705,0.14454265815,0.218179746778,0.0736370886278,0.0623914374096,0.373968056146,False,False,False,EMPIRICAL_BASELINE_SHRINKAGE_PRIOR_WEIGHT_20
pitcher,680732,Sean Burke,49,12,0.244897959184,9.54177068966,0.194730014075,0.230356525819,0.0356265117441,0.131004533237,0.329708518401,True,False,False,EMPIRICAL_BASELINE_SHRINKAGE_PRIOR_WEIGHT_20
pitcher,680736,Justin Wrobleski,24,4,0.166666666667,2.44465559233,0.10186064968,0.137209386218,0.035348736538,0.0355437108996,0.238875061537,True,False,False,EMPIRICAL_BASELINE_SHRINKAGE_PRIOR_WEIGHT_20
pitcher,680742,Jonathan Bowlan,12,4,0.333333333333,2.63859011033,0.219882509194,0.262426568246,0.0425440590522,0.10999054335,0.414862593143,False,False,False,EMPIRICAL_BASELINE_SHRINKAGE_PRIOR_WEIGHT_20
pitcher,680744,Ty Madden,20,2,0.1,3.37175157675,0.168587578838,0.134293789419,-0.0342937894188,0.0286268066722,0.239960772165,True,False,False,EMPIRICAL_BASELINE_SHRINKAGE_PRIOR_WEIGHT_20
pitcher,680755,Braydon Fisher,33,8,0.242424242424,7.35894051072,0.222998197295,0.235093659356,0.0120954620619,0.120926097856,0.349261220857,True,False,False,EMPIRICAL_BASELINE_SHRINKAGE_PRIOR_WEIGHT_20
pitcher,680767,Victor Vodnik,16,8,0.5,4.59038100174,0.286898812609,0.381610451449,0.0947116388407,0.222921744378,0.540299158521,False,False,False,EMPIRICAL_BASELINE_SHRINKAGE_PRIOR_WEIGHT_20
pitcher,680802,Ryan Weiss,7,0,0,1.71319002782,0.244741432545,0.181289950033,-0.0634514825117,0.0359697072744,0.326610192793,False,False,False,EMPIRICAL_BASELINE_SHRINKAGE_PRIOR_WEIGHT_20
pitcher,680899,Erik Tolman,1,0,0,0.132408124549,0.132408124549,0.126102975761,-0.00630514878804,-0.0158809636801,0.268086915202,False,False,False,EMPIRICAL_BASELINE_SHRINKAGE_PRIOR_WEIGHT_20
pitcher,680916,Franco Aleman,8,0,0,1.21382194865,0.151727743582,0.108376959701,-0.0433507838805,-0.00676567922524,0.223519598628,False,False,False,EMPIRICAL_BASELINE_SHRINKAGE_PRIOR_WEIGHT_20
pitcher,681006,Josh Simpson,4,0,0,0.824561758755,0.206140439689,0.171783699741,-0.0343567399481,0.0208753349082,0.322692064573,False,False,False,EMPIRICAL_BASELINE_SHRINKAGE_PRIOR_WEIGHT_20
pitcher,681035,Christian Scott,23,3,0.130434782609,3.81294739271,0.165780321422,0.146874568103,-0.0189057533188,0.0410706893572,0.25267844685,True,False,False,EMPIRICAL_BASELINE_SHRINKAGE_PRIOR_WEIGHT_20
pitcher,681084,Tanner Andrews,2,1,0.5,0.5268024899,0.26340124495,0.284910222682,0.0215089777318,0.096294004956,0.473526440408,False,False,False,EMPIRICAL_BASELINE_SHRINKAGE_PRIOR_WEIGHT_20
pitcher,681151,Jayden Murray,6,1,0.166666666667,1.5744355249,0.262405920816,0.240312246781,-0.0220936740344,0.0760737687154,0.404550724848,False,False,False,EMPIRICAL_BASELINE_SHRINKAGE_PRIOR_WEIGHT_20
pitcher,681168,Luis Curvelo,2,1,0.5,0.36268824902,0.18134412451,0.210312840464,0.0289687159536,0.0400165595265,0.380609121401,False,False,False,EMPIRICAL_BASELINE_SHRINKAGE_PRIOR_WEIGHT_20
pitcher,681190,Randy Vásquez,35,3,0.0857142857143,5.61321592192,0.160377597769,0.112864581007,-0.0475130167622,0.0292371948299,0.196491967184,True,False,False,EMPIRICAL_BASELINE_SHRINKAGE_PRIOR_WEIGHT_20
pitcher,681217,Chase Silseth,9,2,0.222222222222,2.25518447711,0.250576053013,0.241776588285,-0.00879946472809,0.0859423832287,0.397610793341,False,False,False,EMPIRICAL_BASELINE_SHRINKAGE_PRIOR_WEIGHT_20
pitcher,681252,Jack Anderson,1,0,0,0.0374439309304,0.0374439309304,0.0356608866004,-0.00178304433002,-0.043654488636,0.114976261837,False,False,False,EMPIRICAL_BASELINE_SHRINKAGE_PRIOR_WEIGHT_20
pitcher,681293,Spencer Arrighetti,34,7,0.205882352941,5.48378143714,0.161287689328,0.189365810862,0.0280781215345,0.084864332199,0.293867289525,True,False,False,EMPIRICAL_BASELINE_SHRINKAGE_PRIOR_WEIGHT_20
pitcher,681320,Nate Lavender,7,2,0.285714285714,2.05607745809,0.293725351156,0.291648408264,-0.00207694289226,0.120201984066,0.463094832461,False,False,False,EMPIRICAL_BASELINE_SHRINKAGE_PRIOR_WEIGHT_20
pitcher,681343,Shane Smith,1,0,0,0.15386744262,0.15386744262,0.146540421542,-0.00732702107712,-0.00471697488992,0.297797817975,False,False,False,EMPIRICAL_BASELINE_SHRINKAGE_PRIOR_WEIGHT_20
pitcher,681347,Mike Burrows,25,4,0.16,3.05157732108,0.122063092843,0.143139152375,0.0210760595315,0.0408135795316,0.245464725218,True,False,False,EMPIRICAL_BASELINE_SHRINKAGE_PRIOR_WEIGHT_20
pitcher,681402,Gus Varland,15,7,0.466666666667,4.16147889798,0.277431926532,0.358532529447,0.0811006029147,0.19965091265,0.517414146244,False,False,False,EMPIRICAL_BASELINE_SHRINKAGE_PRIOR_WEIGHT_20
pitcher,681517,Kyle Leahy,48,5,0.104166666667,9.30406950363,0.193834781326,0.130539641566,-0.0632951397593,0.0504644998623,0.21061478327,True,False,False,EMPIRICAL_BASELINE_SHRINKAGE_PRIOR_WEIGHT_20
pitcher,681520,Antoine Kelly,2,0,0,0.400358461375,0.200179230688,0.181981118807,-0.0181981118807,0.0207534552923,0.343208782321,False,False,False,EMPIRICAL_BASELINE_SHRINKAGE_PRIOR_WEIGHT_20
pitcher,681544,Wyatt Olds,3,1,0.333333333333,0.549883660431,0.183294553477,0.202864829111,0.0195702756334,0.0385179282984,0.367211729923,False,False,False,EMPIRICAL_BASELINE_SHRINKAGE_PRIOR_WEIGHT_20
pitcher,681676,Ryan Fernandez,5,0,0,1.31113420318,0.262226840635,0.209781472508,-0.052445368127,0.05017766938,0.369385275636,False,False,False,EMPIRICAL_BASELINE_SHRINKAGE_PRIOR_WEIGHT_20
pitcher,681751,Lazaro Estrada,2,0,0,0.872738529786,0.436369264893,0.396699331721,-0.0396699331721,0.192270395571,0.601128267871,False,False,False,EMPIRICAL_BASELINE_SHRINKAGE_PRIOR_WEIGHT_20
pitcher,681799,Ethan Roberts,7,2,0.285714285714,1.46522666769,0.209318095384,0.229124515099,0.0198064197153,0.0705979366985,0.3876510935,False,False,False,EMPIRICAL_BASELINE_SHRINKAGE_PRIOR_WEIGHT_20
pitcher,681810,Austin Warren,27,5,0.185185185185,5.2008282979,0.192623270293,0.188350327784,-0.00427294250852,0.0765676159445,0.300133039624,True,False,False,EMPIRICAL_BASELINE_SHRINKAGE_PRIOR_WEIGHT_20
pitcher,681867,Cooper Criswell,6,1,0.166666666667,0.452612521816,0.0754354203027,0.0964887848482,0.0210533645455,-0.017005656057,0.209983225753,False,False,False,EMPIRICAL_BASELINE_SHRINKAGE_PRIOR_WEIGHT_20
pitcher,681870,Erik Sabrowski,14,4,0.285714285714,3.54940952362,0.253529251687,0.266781912757,0.0132526610701,0.118116004421,0.415447821093,False,False,False,EMPIRICAL_BASELINE_SHRINKAGE_PRIOR_WEIGHT_20
pitcher,681892,Kody Funderburk,13,1,0.0769230769231,2.42853642788,0.186810494452,0.143521511789,-0.043288982663,0.0238981973594,0.263144826219,False,False,False,EMPIRICAL_BASELINE_SHRINKAGE_PRIOR_WEIGHT_20
pitcher,681895,Evan Sisk,14,2,0.142857142857,2.86352152234,0.204537251596,0.179139559762,-0.0253976918335,0.0502413079573,0.308037811567,False,False,False,EMPIRICAL_BASELINE_SHRINKAGE_PRIOR_WEIGHT_20
pitcher,681911,Alex Vesia,14,3,0.214285714286,3.11125191367,0.222232279548,0.21896016444,-0.0032721151078,0.0799534557402,0.357966873139,False,False,False,EMPIRICAL_BASELINE_SHRINKAGE_PRIOR_WEIGHT_20
pitcher,681916,Dylan Smith,8,3,0.375,2.09683327359,0.262104159199,0.294360113714,0.0322559545145,0.125546254865,0.463173972563,False,False,False,EMPIRICAL_BASELINE_SHRINKAGE_PRIOR_WEIGHT_20
pitcher,681982,Grant Anderson,13,4,0.307692307692,2.02497233571,0.155767102747,0.215616425907,0.0598493231603,0.0753013718031,0.355931480011,False,False,False,EMPIRICAL_BASELINE_SHRINKAGE_PRIOR_WEIGHT_20
pitcher,682052,Jacob Lopez,41,8,0.19512195122,6.24689039872,0.152363180456,0.181102682117,0.0287395016604,0.0844601457734,0.27774521846,True,False,False,EMPIRICAL_BASELINE_SHRINKAGE_PRIOR_WEIGHT_20
pitcher,682120,Tim Herrin,10,2,0.2,1.98687642175,0.198687642175,0.199125094784,0.000437452608221,0.0562222795693,0.342027909998,False,False,False,EMPIRICAL_BASELINE_SHRINKAGE_PRIOR_WEIGHT_20
pitcher,682227,Brandon Williamson,13,1,0.0769230769231,1.30249685161,0.100192065508,0.0910254942475,-0.00916657126086,-0.00711686088798,0.189167849383,False,False,False,EMPIRICAL_BASELINE_SHRINKAGE_PRIOR_WEIGHT_20
pitcher,682243,Bryce Miller,17,1,0.0588235294118,1.6831061956,0.0990062468001,0.0805439171892,-0.0184623296108,-0.00714345960095,0.168231293979,False,False,False,EMPIRICAL_BASELINE_SHRINKAGE_PRIOR_WEIGHT_20
pitcher,682254,Mason Montgomery,13,5,0.384615384615,3.63289729358,0.279453637967,0.320880992708,0.0414273547401,0.161607303149,0.480154682266,False,False,False,EMPIRICAL_BASELINE_SHRINKAGE_PRIOR_WEIGHT_20
pitcher,682445,Domingo Gonzalez,1,0,0,0.414142330071,0.414142330071,0.394421266734,-0.0197210633367,0.185389691497,0.603452841971,False,False,False,EMPIRICAL_BASELINE_SHRINKAGE_PRIOR_WEIGHT_20
pitcher,682608,Peyton Gray,17,4,0.235294117647,4.42441495103,0.260259703002,0.24878902865,-0.0114706743521,0.109488814965,0.388089242335,False,False,False,EMPIRICAL_BASELINE_SHRINKAGE_PRIOR_WEIGHT_20
pitcher,682610,Roddery Muñoz,4,0,0,0.50402908079,0.126007270197,0.105006058498,-0.0210012116996,-0.0176439765911,0.227656093587,False,False,False,EMPIRICAL_BASELINE_SHRINKAGE_PRIOR_WEIGHT_20
pitcher,682825,Luis Mey,9,3,0.333333333333,2.51886209749,0.279873566388,0.296464528544,0.0165909621554,0.130243317934,0.462685739153,False,False,False,EMPIRICAL_BASELINE_SHRINKAGE_PRIOR_WEIGHT_20
pitcher,682842,Abner Uribe,17,1,0.0588235294118,3.53331808438,0.207842240258,0.139374183923,-0.0684680563345,0.0277769159355,0.25097145191,False,False,False,EMPIRICAL_BASELINE_SHRINKAGE_PRIOR_WEIGHT_20
pitcher,682982,Daniel Espino,3,0,0,0.92263396906,0.307544656353,0.267430135959,-0.0401145203939,0.0865370988594,0.44832317306,False,False,False,EMPIRICAL_BASELINE_SHRINKAGE_PRIOR_WEIGHT_20
pitcher,682989,Victor Mederos,7,2,0.285714285714,1.28050574381,0.182929391972,0.209577327387,0.0266479354146,0.0560534138188,0.363101240955,False,False,False,EMPIRICAL_BASELINE_SHRINKAGE_PRIOR_WEIGHT_20
pitcher,682995,Hunter Barco,11,0,0,1.76165533914,0.160150485376,0.103322893791,-0.0568275915851,-0.00382695086895,0.210472738451,False,False,False,EMPIRICAL_BASELINE_SHRINKAGE_PRIOR_WEIGHT_20
pitcher,683000,Riley Cornelio,11,5,0.454545454545,3.03975221695,0.276341110632,0.339574910085,0.0632337994532,0.172867538721,0.506282281449,False,False,False,EMPIRICAL_BASELINE_SHRINKAGE_PRIOR_WEIGHT_20
pitcher,683003,Jared Jones,16,5,0.3125,2.77157238411,0.173223274007,0.235124041115,0.061900767108,0.0965924427784,0.373655639452,False,False,False,EMPIRICAL_BASELINE_SHRINKAGE_PRIOR_WEIGHT_20
pitcher,683004,Jack Leiter,18,6,0.333333333333,4.22463049653,0.234701694252,0.281421944343,0.0467202500913,0.138440319578,0.424403569108,False,False,False,EMPIRICAL_BASELINE_SHRINKAGE_PRIOR_WEIGHT_20
pitcher,683155,Joey Estes,1,0,0,0.144798776004,0.144798776004,0.137903596194,-0.0068951798097,-0.00956927527698,0.285376467665,False,False,False,EMPIRICAL_BASELINE_SHRINKAGE_PRIOR_WEIGHT_20
pitcher,683175,Connor Phillips,11,2,0.181818181818,1.97322955084,0.179384504622,0.180248067498,0.000863562876021,0.0449312554508,0.315564879545,False,False,False,EMPIRICAL_BASELINE_SHRINKAGE_PRIOR_WEIGHT_20
pitcher,683232,Nick Mears,9,1,0.111111111111,2.26221986989,0.251357763321,0.207832940222,-0.0435248230997,0.0601526106291,0.355513269814,False,False,False,EMPIRICAL_BASELINE_SHRINKAGE_PRIOR_WEIGHT_20
pitcher,683352,Mitch Bratt,11,0,0,1.2465977906,0.113327071873,0.0731142399182,-0.040212831955,-0.0185266534364,0.164755133273,False,False,False,EMPIRICAL_BASELINE_SHRINKAGE_PRIOR_WEIGHT_20
pitcher,683363,Matt Wilkinson,9,2,0.222222222222,2.15418324227,0.239353693586,0.234037030059,-0.00531666352657,0.0799368136056,0.388137246513,False,False,False,EMPIRICAL_BASELINE_SHRINKAGE_PRIOR_WEIGHT_20
pitcher,683409,Angel Chivilli,1,1,1,0.486934737248,0.486934737248,0.511366416427,0.0244316791787,0.297568148931,0.725164683922,False,False,False,EMPIRICAL_BASELINE_SHRINKAGE_PRIOR_WEIGHT_20
pitcher,683618,Edgardo Henriquez,9,1,0.111111111111,1.64023305626,0.182248117363,0.160171115423,-0.0220770019402,0.0266823931453,0.2936598377,False,False,False,EMPIRICAL_BASELINE_SHRINKAGE_PRIOR_WEIGHT_20
pitcher,683627,Anthony Molina,3,0,0,0.458271240229,0.152757080076,0.132832243545,-0.0199248365317,-0.00587382679699,0.271538313886,False,False,False,EMPIRICAL_BASELINE_SHRINKAGE_PRIOR_WEIGHT_20
pitcher,683742,Jose Franco,3,0,0,0.260664243022,0.0868880810073,0.0755548530498,-0.0113332279575,-0.0324551328558,0.183564838955,False,False,False,EMPIRICAL_BASELINE_SHRINKAGE_PRIOR_WEIGHT_20
pitcher,683769,Hunter Gaddis,8,2,0.25,1.05747516867,0.132184396084,0.165845997203,0.0336616011188,0.0280766274168,0.303615366989,False,False,False,EMPIRICAL_BASELINE_SHRINKAGE_PRIOR_WEIGHT_20
pitcher,684007,Shota Imanaga,34,2,0.0588235294118,4.43407129746,0.13041386169,0.0853384672926,-0.0450753943974,0.010820359582,0.159856575003,True,False,False,EMPIRICAL_BASELINE_SHRINKAGE_PRIOR_WEIGHT_20
pitcher,684049,Brandan Bidois,5,1,0.2,1.5675171287,0.313503425739,0.290802740591,-0.0227006851479,0.112782723293,0.468822757889,False,False,False,EMPIRICAL_BASELINE_SHRINKAGE_PRIOR_WEIGHT_20
pitcher,684320,Yariel Rodríguez,7,2,0.285714285714,2.00580389698,0.286543413854,0.286328454707,-0.000214959147304,0.11581618527,0.456840724143,False,False,False,EMPIRICAL_BASELINE_SHRINKAGE_PRIOR_WEIGHT_20
pitcher,684442,Kohl Drake,5,1,0.2,0.749360933294,0.149872186659,0.159897749327,0.0100255626682,0.0162253592683,0.303570139386,False,False,False,EMPIRICAL_BASELINE_SHRINKAGE_PRIOR_WEIGHT_20
pitcher,684665,Luke Murphy,1,0,0,0.0934157942138,0.0934157942138,0.0889674230607,-0.00444837115304,-0.0327993741614,0.210734220283,False,False,False,EMPIRICAL_BASELINE_SHRINKAGE_PRIOR_WEIGHT_20
pitcher,684974,Craig Yoho,6,1,0.166666666667,0.573473653842,0.0955789423071,0.111983801775,0.0164048594676,-0.00923149942381,0.233199102973,False,False,False,EMPIRICAL_BASELINE_SHRINKAGE_PRIOR_WEIGHT_20
pitcher,685005,Christian Roa,2,0,0,0.28868346972,0.14434173486,0.131219758963,-0.0131219758963,-0.00987124256759,0.272310760495,False,False,False,EMPIRICAL_BASELINE_SHRINKAGE_PRIOR_WEIGHT_20
pitcher,685112,Zach McCambley,1,0,0,0.162358794506,0.162358794506,0.154627423339,-0.00773137116693,-9.69970508891e-06,0.309264546382,False,False,False,EMPIRICAL_BASELINE_SHRINKAGE_PRIOR_WEIGHT_20
pitcher,685126,Brandon Eisert,13,1,0.0769230769231,2.40762653619,0.185202041246,0.142546691664,-0.0426553495817,0.0232624942712,0.261830889057,False,False,False,EMPIRICAL_BASELINE_SHRINKAGE_PRIOR_WEIGHT_20
pitcher,685299,Tanner Gordon,18,3,0.166666666667,3.51118288677,0.195065715931,0.181613534701,-0.0134521812307,0.059034104646,0.304192964755,False,False,False,EMPIRICAL_BASELINE_SHRINKAGE_PRIOR_WEIGHT_20
pitcher,685464,Cade Winquest,5,2,0.4,1.44440937681,0.288881875363,0.31110550029,0.0222236249275,0.129630723725,0.492580276855,False,False,False,EMPIRICAL_BASELINE_SHRINKAGE_PRIOR_WEIGHT_20
pitcher,685801,Hunter Bigge,9,3,0.333333333333,3.11171904825,0.345746560916,0.341894179942,-0.00385238097408,0.169250457228,0.514537902657,False,False,False,EMPIRICAL_BASELINE_SHRINKAGE_PRIOR_WEIGHT_20
pitcher,686218,Emmet Sheehan,29,8,0.275862068966,5.01856543836,0.173053980633,0.233899583932,0.0608456032987,0.11537304439,0.352426123474,True,False,False,EMPIRICAL_BASELINE_SHRINKAGE_PRIOR_WEIGHT_20
pitcher,686228,Juan Burgos,1,0,0,0.491965754194,0.491965754194,0.468538813518,-0.0234269406759,0.255109048078,0.681968578958,False,False,False,EMPIRICAL_BASELINE_SHRINKAGE_PRIOR_WEIGHT_20
pitcher,686560,Gavin Collyer,6,2,0.333333333333,0.890161118964,0.148360186494,0.191046297303,0.0426861108091,0.0399337441158,0.34215885049,False,False,False,EMPIRICAL_BASELINE_SHRINKAGE_PRIOR_WEIGHT_20
pitcher,686563,Jonathan Cannon,1,0,0,0.0897370228535,0.0897370228535,0.0854638312891,-0.00427319156445,-0.0341105234572,0.205038186035,False,False,False,EMPIRICAL_BASELINE_SHRINKAGE_PRIOR_WEIGHT_20
pitcher,686580,Justin Slaten,7,3,0.428571428571,2.2922280648,0.327461152114,0.353674927492,0.0262137753777,0.173330873665,0.53401898132,False,False,False,EMPIRICAL_BASELINE_SHRINKAGE_PRIOR_WEIGHT_20
pitcher,686610,Ken Waldichuk,3,0,0,0.591920071505,0.197306690502,0.171571035219,-0.0257356552828,0.0174926292859,0.325649441152,False,False,False,EMPIRICAL_BASELINE_SHRINKAGE_PRIOR_WEIGHT_20
pitcher,686613,Hunter Brown,34,6,0.176470588235,4.92627691054,0.144890497369,0.164774258285,0.019883760916,0.0658265341559,0.263721982414,True,False,False,EMPIRICAL_BASELINE_SHRINKAGE_PRIOR_WEIGHT_20
pitcher,686628,Blake Burkhalter,1,0,0,0.105038358179,0.105038358179,0.100036531599,-0.00500182657996,-0.0282964183148,0.228369481513,False,False,False,EMPIRICAL_BASELINE_SHRINKAGE_PRIOR_WEIGHT_20
pitcher,686678,Chase Solesky,1,0,0,0.871622612484,0.871622612484,0.830116773794,-0.0415058386897,0.669499862984,0.990733684604,False,False,False,EMPIRICAL_BASELINE_SHRINKAGE_PRIOR_WEIGHT_20
pitcher,686751,Seth Johnson,7,1,0.142857142857,1.14357549591,0.163367927987,0.158050317027,-0.00531761095949,0.020451422809,0.295649211245,False,False,False,EMPIRICAL_BASELINE_SHRINKAGE_PRIOR_WEIGHT_20
pitcher,686753,Drey Jameson,3,1,0.333333333333,0.548456602672,0.182818867557,0.20245118918,0.0196323216229,0.0382293334858,0.366673044875,False,False,False,EMPIRICAL_BASELINE_SHRINKAGE_PRIOR_WEIGHT_20
pitcher,686790,Trevor McDonald,20,7,0.35,2.58832020741,0.129416010371,0.239708005185,0.110291994815,0.107408703007,0.372007307364,True,False,False,EMPIRICAL_BASELINE_SHRINKAGE_PRIOR_WEIGHT_20
pitcher,686796,Blake Walston,1,0,0,0.203707135426,0.203707135426,0.194006795644,-0.0097003397822,0.0248768203807,0.363136770907,False,False,False,EMPIRICAL_BASELINE_SHRINKAGE_PRIOR_WEIGHT_20
pitcher,686799,Jack Kochanowicz,18,0,0,1.33869551511,0.0743719730615,0.0391431437166,-0.0352288293449,-0.0225194049095,0.100805692343,False,False,False,EMPIRICAL_BASELINE_SHRINKAGE_PRIOR_WEIGHT_20
pitcher,686930,Mason Barnett,12,5,0.416666666667,2.29202835191,0.191002362659,0.275626476662,0.0846241140029,0.120807984649,0.430444968675,False,False,False,EMPIRICAL_BASELINE_SHRINKAGE_PRIOR_WEIGHT_20
pitcher,686973,Louis Varland,15,4,0.266666666667,6.1061257532,0.407075050213,0.346900028693,-0.06017502152,0.189206435384,0.504593622002,False,False,False,EMPIRICAL_BASELINE_SHRINKAGE_PRIOR_WEIGHT_20
pitcher,686993,Justin Sterner,3,0,0,0.275896894874,0.0919656316248,0.0799701144564,-0.0119955171685,-0.03088531776,0.190825546673,False,False,False,EMPIRICAL_BASELINE_SHRINKAGE_PRIOR_WEIGHT_20
pitcher,687064,Brandon Young,27,6,0.222222222222,4.20692147355,0.155811906428,0.193962513374,0.0381506069456,0.0809195161196,0.307005510628,True,False,False,EMPIRICAL_BASELINE_SHRINKAGE_PRIOR_WEIGHT_20
pitcher,687075,Brandon Sproat,21,3,0.142857142857,3.80586533423,0.181231682582,0.161576430528,-0.0196552520543,0.0489125029506,0.274240358105,True,False,False,EMPIRICAL_BASELINE_SHRINKAGE_PRIOR_WEIGHT_20
pitcher,687134,Bradley Blalock,1,0,0,0.0896871073844,0.0896871073844,0.0854162927471,-0.00427081463735,-0.0341279081504,0.204960493644,False,False,False,EMPIRICAL_BASELINE_SHRINKAGE_PRIOR_WEIGHT_20
pitcher,687209,Zach Maxwell,1,0,0,0.329607319617,0.329607319617,0.313911732969,-0.0156955866484,0.115421018751,0.512402447186,False,False,False,EMPIRICAL_BASELINE_SHRINKAGE_PRIOR_WEIGHT_20
pitcher,687223,Carson Palmquist,5,1,0.2,0.56418650723,0.112837301446,0.130269841157,0.0174325397108,-0.00167738774929,0.262217070063,False,False,False,EMPIRICAL_BASELINE_SHRINKAGE_PRIOR_WEIGHT_20
pitcher,687239,Ben Peoples,1,0,0,0.033610192558,0.033610192558,0.0320097071981,-0.0016004853599,-0.0432777754063,0.107297189803,False,False,False,EMPIRICAL_BASELINE_SHRINKAGE_PRIOR_WEIGHT_20
pitcher,687273,Quinn Mathews,10,0,0,1.49499795029,0.149499795029,0.0996665300195,-0.0498332650097,-0.00752779915015,0.206860859189,False,False,False,EMPIRICAL_BASELINE_SHRINKAGE_PRIOR_WEIGHT_20
pitcher,687309,Cooper Hjerpe,2,0,0,0.360871771893,0.180435885947,0.164032623588,-0.0164032623588,0.00929193993468,0.318773307241,False,False,False,EMPIRICAL_BASELINE_SHRINKAGE_PRIOR_WEIGHT_20
pitcher,687312,Gabriel Hughes,7,1,0.142857142857,1.31828205907,0.188326008439,0.176537784029,-0.0117882244101,0.0327192482002,0.320356319858,False,False,False,EMPIRICAL_BASELINE_SHRINKAGE_PRIOR_WEIGHT_20
pitcher,687330,Kevin Kelly,15,4,0.266666666667,1.98282535054,0.132188356703,0.189821918116,0.057633561413,0.0598990878156,0.319744748416,False,False,False,EMPIRICAL_BASELINE_SHRINKAGE_PRIOR_WEIGHT_20
pitcher,687377,Orlando Ribalta,9,0,0,1.33897789291,0.148775321434,0.102603669954,-0.0461716514795,-0.00783741501345,0.213044754922,False,False,False,EMPIRICAL_BASELINE_SHRINKAGE_PRIOR_WEIGHT_20
pitcher,687396,Brent Headrick,20,4,0.2,3.79339451326,0.189669725663,0.194834862832,0.00516513716846,0.072090405038,0.317579320625,True,False,False,EMPIRICAL_BASELINE_SHRINKAGE_PRIOR_WEIGHT_20
pitcher,687473,Ryan Gusto,19,5,0.263157894737,2.55948740117,0.134709863219,0.197287109343,0.0625772461239,0.0723897543346,0.322184464352,False,False,False,EMPIRICAL_BASELINE_SHRINKAGE_PRIOR_WEIGHT_20
pitcher,687531,William Kempner,3,0,0,0.373551594135,0.124517198045,0.108275824387,-0.016241373658,-0.0187152429461,0.23526689172,False,False,False,EMPIRICAL_BASELINE_SHRINKAGE_PRIOR_WEIGHT_20
pitcher,687562,Jake Bennett,30,3,0.1,4.36633585772,0.145544528591,0.118217811436,-0.0273267171543,0.0287239622532,0.207711660619,True,False,False,EMPIRICAL_BASELINE_SHRINKAGE_PRIOR_WEIGHT_20
pitcher,687570,Connor Prielipp,32,6,0.1875,3.42810232015,0.107128197505,0.156587768271,0.0494595707663,0.0578113522325,0.25536418431,True,False,False,EMPIRICAL_BASELINE_SHRINKAGE_PRIOR_WEIGHT_20
pitcher,687606,Paxton Schultz,18,4,0.222222222222,3.94752870317,0.219307150176,0.220687973777,0.00138082360073,0.0888291201159,0.352546827438,False,False,False,EMPIRICAL_BASELINE_SHRINKAGE_PRIOR_WEIGHT_20
pitcher,687765,Mitch Spence,2,0,0,0.288676476832,0.144338238416,0.131216580378,-0.0131216580378,-0.00987297039225,0.272306131149,False,False,False,EMPIRICAL_BASELINE_SHRINKAGE_PRIOR_WEIGHT_20
pitcher,687849,Zak Kent,4,2,0.5,1.17644514142,0.294111285355,0.328426071129,0.0343147857742,0.14053065855,0.516321483708,False,False,False,EMPIRICAL_BASELINE_SHRINKAGE_PRIOR_WEIGHT_20
pitcher,687911,Bryan King,16,2,0.125,2.93375454812,0.183359659257,0.157422032921,-0.0259376263366,0.0384506175175,0.276393448324,False,False,False,EMPIRICAL_BASELINE_SHRINKAGE_PRIOR_WEIGHT_20
pitcher,687931,Carson Whisenhunt,9,1,0.111111111111,0.820992485164,0.0912213872404,0.0973940601658,0.00617267292539,-0.0105186007543,0.205306721086,False,False,False,EMPIRICAL_BASELINE_SHRINKAGE_PRIOR_WEIGHT_20
pitcher,687941,Alec Gamboa,4,0,0,0.934465884387,0.233616471097,0.194680392581,-0.0389360785161,0.0362656143311,0.35309517083,False,False,False,EMPIRICAL_BASELINE_SHRINKAGE_PRIOR_WEIGHT_20
pitcher,688107,Robert Gasser,18,0,0,2.08766985013,0.115981658341,0.061042978074,-0.0549386802666,-0.0150781098673,0.137164066015,False,False,False,EMPIRICAL_BASELINE_SHRINKAGE_PRIOR_WEIGHT_20
pitcher,688158,David Morgan,6,0,0,1.25748065488,0.209580109147,0.161215468575,-0.0483646405724,0.0198647701558,0.302566166993,False,False,False,EMPIRICAL_BASELINE_SHRINKAGE_PRIOR_WEIGHT_20
pitcher,688297,Chris Roycroft,7,2,0.285714285714,2.10608886689,0.300869838127,0.296940620835,-0.00392921729219,0.124593116691,0.469288124979,False,False,False,EMPIRICAL_BASELINE_SHRINKAGE_PRIOR_WEIGHT_20
pitcher,688642,Zach Agnos,16,2,0.125,1.87628293659,0.117267683537,0.120704268632,0.00343658509475,0.0142817291756,0.227126808088,False,False,False,EMPIRICAL_BASELINE_SHRINKAGE_PRIOR_WEIGHT_20
pitcher,688692,Jared Simpson,1,0,0,0.460744905372,0.460744905372,0.438804671783,-0.0219402335891,0.226558889466,0.6510504541,False,False,False,EMPIRICAL_BASELINE_SHRINKAGE_PRIOR_WEIGHT_20
pitcher,688883,Peyton Pallette,7,2,0.285714285714,1.30954116606,0.187077309438,0.212649858843,0.0255725494051,0.0583055239911,0.366994193694,False,False,False,EMPIRICAL_BASELINE_SHRINKAGE_PRIOR_WEIGHT_20
pitcher,689017,Landon Knack,2,0,0,0.156629628894,0.078314814447,0.0711952858609,-0.00711952858609,-0.036261180634,0.178651752356,False,False,False,EMPIRICAL_BASELINE_SHRINKAGE_PRIOR_WEIGHT_20
pitcher,689147,Orion Kerkering,11,2,0.181818181818,1.98369966416,0.180336333106,0.180862150391,0.000525817285131,0.0453658097463,0.316358491035,False,False,False,EMPIRICAL_BASELINE_SHRINKAGE_PRIOR_WEIGHT_20
pitcher,689149,Chad Dallas,5,0,0,0.567260021301,0.11345200426,0.0907616034082,-0.0226904008521,-0.0218481559832,0.2033713628,False,False,False,EMPIRICAL_BASELINE_SHRINKAGE_PRIOR_WEIGHT_20
pitcher,689225,Beau Brieske,3,1,0.333333333333,0.869358095281,0.28978603176,0.295466114574,0.00568008281386,0.109001281438,0.481930947711,False,False,False,EMPIRICAL_BASELINE_SHRINKAGE_PRIOR_WEIGHT_20
pitcher,689254,Mason Fluharty,16,2,0.125,2.37902209955,0.148688881222,0.138160489568,-0.0105283916543,0.0254381607091,0.250882818427,False,False,False,EMPIRICAL_BASELINE_SHRINKAGE_PRIOR_WEIGHT_20
pitcher,689266,Dylan Dodd,11,2,0.181818181818,2.9726415711,0.270240142827,0.238864608276,-0.0313755345516,0.0887641265656,0.388965089986,False,False,False,EMPIRICAL_BASELINE_SHRINKAGE_PRIOR_WEIGHT_20
pitcher,689296,Anthony Nunez,13,1,0.0769230769231,2.62758572534,0.202121978872,0.152801199316,-0.0493207795556,0.0300416885257,0.275560710107,False,False,False,EMPIRICAL_BASELINE_SHRINKAGE_PRIOR_WEIGHT_20
pitcher,689441,Coleman Crow,3,0,0,0.214411122864,0.071470374288,0.0621481515547,-0.00932222273321,-0.036519179512,0.160815482622,False,False,False,EMPIRICAL_BASELINE_SHRINKAGE_PRIOR_WEIGHT_20
pitcher,689520,Cody Laweryson,4,0,0,0.548595963024,0.137148990756,0.11429082563,-0.022858165126,-0.0130013493506,0.24158300061,False,False,False,EMPIRICAL_BASELINE_SHRINKAGE_PRIOR_WEIGHT_20
pitcher,689546,Nick Davila,8,4,0.5,1.79268296471,0.224085370588,0.302918121849,0.0788327512605,0.13270949043,0.473126753267,False,False,False,EMPIRICAL_BASELINE_SHRINKAGE_PRIOR_WEIGHT_20
pitcher,689818,David Sandlin,5,1,0.2,0.462894612835,0.0925789225669,0.114063138054,0.0214842154866,-0.0105489320795,0.238675208187,False,False,False,EMPIRICAL_BASELINE_SHRINKAGE_PRIOR_WEIGHT_20
pitcher,690155,Matt Pushard,1,0,0,0.0788400741942,0.0788400741942,0.0750857849469,-0.00375428924734,-0.0376277352764,0.18779930517,False,False,False,EMPIRICAL_BASELINE_SHRINKAGE_PRIOR_WEIGHT_20
pitcher,690279,Mason Adams,5,0,0,0.490287716664,0.0980575433328,0.0784460346662,-0.0196115086666,-0.0269518636359,0.183843932968,False,False,False,EMPIRICAL_BASELINE_SHRINKAGE_PRIOR_WEIGHT_20
pitcher,690440,Bradley Hanner,2,0,0,0.507356575732,0.253678287866,0.230616625333,-0.0230616625333,0.0545968606398,0.406636390025,False,False,False,EMPIRICAL_BASELINE_SHRINKAGE_PRIOR_WEIGHT_20
pitcher,690829,Ben Joyce,3,0,0,1.21050937143,0.403503123811,0.350872281575,-0.0526308422363,0.155828656121,0.545915907029,False,False,False,EMPIRICAL_BASELINE_SHRINKAGE_PRIOR_WEIGHT_20
pitcher,690925,Clayton Beeter,11,2,0.181818181818,2.96902295615,0.269911177832,0.238652372795,-0.0312588050372,0.0885976730863,0.388707072504,False,False,False,EMPIRICAL_BASELINE_SHRINKAGE_PRIOR_WEIGHT_20
pitcher,690928,Hunter Dobbins,14,4,0.285714285714,2.35275045415,0.168053603868,0.216502119922,0.0484485160543,0.0780605223431,0.354943717502,False,False,False,EMPIRICAL_BASELINE_SHRINKAGE_PRIOR_WEIGHT_20
pitcher,690953,Mick Abel,10,2,0.2,1.42453577321,0.142453577321,0.161635718214,0.0191821408929,0.0299069908263,0.293364445602,False,False,False,EMPIRICAL_BASELINE_SHRINKAGE_PRIOR_WEIGHT_20
pitcher,690978,Dax Fulton,8,1,0.125,0.992059185538,0.124007398192,0.124290998709,0.000283600516515,0.00208942425469,0.246492573163,False,False,False,EMPIRICAL_BASELINE_SHRINKAGE_PRIOR_WEIGHT_20
pitcher,690986,Kyle Harrison,43,9,0.209302325581,5.85598257333,0.13618564124,0.186090679759,0.0499050385186,0.0899878626306,0.282193496887,True,False,False,EMPIRICAL_BASELINE_SHRINKAGE_PRIOR_WEIGHT_20
pitcher,690990,Cade Horton,1,0,0,0.15641155346,0.15641155346,0.148963384248,-0.00744816921238,-0.00332273239612,0.301249500892,False,False,False,EMPIRICAL_BASELINE_SHRINKAGE_PRIOR_WEIGHT_20
pitcher,690997,Nolan McLean,63,9,0.142857142857,11.694793303,0.18563163973,0.153164250537,-0.0324673891926,0.0756832318392,0.230645269236,True,False,False,EMPIRICAL_BASELINE_SHRINKAGE_PRIOR_WEIGHT_20
pitcher,691008,Max Rajcic,4,1,0.25,0.798179713747,0.199544928437,0.207954107031,0.00840917859386,0.045582767081,0.37032544698,False,False,False,EMPIRICAL_BASELINE_SHRINKAGE_PRIOR_WEIGHT_20
pitcher,691384,Luis Perales,3,0,0,0.484793703568,0.161597901189,0.140519914078,-0.0210779871116,-0.00150973055576,0.282549558711,False,False,False,EMPIRICAL_BASELINE_SHRINKAGE_PRIOR_WEIGHT_20
pitcher,691548,Rolddy Muñoz,2,1,0.5,0.20956908284,0.10478454142,0.140713219473,0.0359286780527,-0.00459201047046,0.286018449416,False,False,False,EMPIRICAL_BASELINE_SHRINKAGE_PRIOR_WEIGHT_20
pitcher,691587,Eury Pérez,31,8,0.258064516129,7.95841584136,0.256723091657,0.257538467316,0.000815375659527,0.137525267414,0.377551667219,True,False,False,EMPIRICAL_BASELINE_SHRINKAGE_PRIOR_WEIGHT_20
pitcher,691725,Andrew Painter,20,1,0.05,2.24033105345,0.112016552672,0.0810082763362,-0.0310082763362,-0.00354814060266,0.165564693275,True,False,False,EMPIRICAL_BASELINE_SHRINKAGE_PRIOR_WEIGHT_20
pitcher,691769,Philip Abner,1,0,0,0.321286801461,0.321286801461,0.305987429962,-0.0152993714981,0.108889580727,0.503085279198,False,False,False,EMPIRICAL_BASELINE_SHRINKAGE_PRIOR_WEIGHT_20
pitcher,691799,Grant Taylor,23,11,0.478260869565,5.5585924193,0.241677931274,0.368222293616,0.126544362342,0.224057560803,0.512387026429,True,False,False,EMPIRICAL_BASELINE_SHRINKAGE_PRIOR_WEIGHT_20
pitcher,691945,Carter Baumler,2,2,1,0.659128124853,0.329564062427,0.390512784024,0.0609487215976,0.186646850994,0.594378717054,False,False,False,EMPIRICAL_BASELINE_SHRINKAGE_PRIOR_WEIGHT_20
pitcher,691946,George Klassen,5,3,0.6,0.908907770348,0.18178155407,0.265425243256,0.0836436891861,0.0923339674355,0.438516519076,False,False,False,EMPIRICAL_BASELINE_SHRINKAGE_PRIOR_WEIGHT_20
pitcher,691951,Sam Aldegheri,9,2,0.222222222222,1.39362363961,0.154847071068,0.175756600737,0.0209095296685,0.0372276216695,0.314285579804,False,False,False,EMPIRICAL_BASELINE_SHRINKAGE_PRIOR_WEIGHT_20
pitcher,693308,Nick Frasso,5,2,0.4,1.31732779663,0.263465559327,0.290772447461,0.0273068881347,0.112757900846,0.468786994076,False,False,False,EMPIRICAL_BASELINE_SHRINKAGE_PRIOR_WEIGHT_20
pitcher,693312,Kyle Nicolas,1,0,0,0.0626311909843,0.0626311909843,0.0596487533184,-0.00298243766592,-0.0416472153655,0.160944722002,False,False,False,EMPIRICAL_BASELINE_SHRINKAGE_PRIOR_WEIGHT_20
pitcher,693313,Carson Seymour,6,2,0.333333333333,2.09856718222,0.349761197036,0.345970151566,-0.00379104546988,0.163123295308,0.528817007824,False,False,False,EMPIRICAL_BASELINE_SHRINKAGE_PRIOR_WEIGHT_20
pitcher,693433,Bryan Woo,24,4,0.166666666667,3.04450820072,0.126854508363,0.148570231074,0.0217157227109,0.0434781365444,0.253662325604,True,False,False,EMPIRICAL_BASELINE_SHRINKAGE_PRIOR_WEIGHT_20
pitcher,693645,Cam Schlittler,45,11,0.244444444444,10.0338738425,0.222974974278,0.237838453624,0.014863479346,0.134332830087,0.341344077161,True,False,False,EMPIRICAL_BASELINE_SHRINKAGE_PRIOR_WEIGHT_20
pitcher,693686,Spencer Miles,27,3,0.111111111111,4.81450111218,0.178314856007,0.139708449365,-0.0386064066422,0.0405930107155,0.238823888014,True,False,False,EMPIRICAL_BASELINE_SHRINKAGE_PRIOR_WEIGHT_20
pitcher,693821,Bryce Elder,57,9,0.157894736842,11.0698899169,0.194208595034,0.167326907801,-0.0268816872326,0.0839528638712,0.250700951731,True,False,False,EMPIRICAL_BASELINE_SHRINKAGE_PRIOR_WEIGHT_20
pitcher,693855,Ian Seymour,26,7,0.269230769231,4.23554023515,0.16290539366,0.223002345069,0.0600969514098,0.102708965977,0.343295724162,True,False,False,EMPIRICAL_BASELINE_SHRINKAGE_PRIOR_WEIGHT_20
pitcher,694037,Daniel Palencia,3,0,0,1.09748089236,0.36582696412,0.318110403583,-0.0477165605374,0.127766872407,0.508453934758,False,False,False,EMPIRICAL_BASELINE_SHRINKAGE_PRIOR_WEIGHT_20
pitcher,694297,Brandon Pfaadt,39,8,0.205128205128,6.48115069063,0.166183351042,0.191926559675,0.0257432086335,0.0914365192027,0.292416600148,True,False,False,EMPIRICAL_BASELINE_SHRINKAGE_PRIOR_WEIGHT_20
pitcher,694335,Matt Svanson,7,3,0.428571428571,1.10747573106,0.158210818723,0.228304310165,0.0700934914421,0.0699775656843,0.386631054646,False,False,False,EMPIRICAL_BASELINE_SHRINKAGE_PRIOR_WEIGHT_20
pitcher,694341,Brendan Beck,3,1,0.333333333333,0.602162324322,0.200720774774,0.218018065021,0.0172972902469,0.049270795652,0.38676533439,False,False,False,EMPIRICAL_BASELINE_SHRINKAGE_PRIOR_WEIGHT_20
pitcher,694346,Trey Gibson,12,4,0.333333333333,2.4253941412,0.202116178433,0.251322611521,0.0492064330876,0.101027718883,0.401617504158,False,False,False,EMPIRICAL_BASELINE_SHRINKAGE_PRIOR_WEIGHT_20
pitcher,694350,Zach Brzykcy,1,0,0,0.0495987804583,0.0495987804583,0.0472369337698,-0.00236184668849,-0.0434990871825,0.137972954722,False,False,False,EMPIRICAL_BASELINE_SHRINKAGE_PRIOR_WEIGHT_20
pitcher,694357,Ricky Tiedemann,2,0,0,0.209079790328,0.104539895164,0.0950362683307,-0.00950362683307,-0.0275113867721,0.217583923434,False,False,False,EMPIRICAL_BASELINE_SHRINKAGE_PRIOR_WEIGHT_20
pitcher,694360,Beck Way,5,2,0.4,1.02521183893,0.205042367785,0.244033894228,0.038991526443,0.0756648276491,0.412402960807,False,False,False,EMPIRICAL_BASELINE_SHRINKAGE_PRIOR_WEIGHT_20
pitcher,694361,Will Klein,9,3,0.333333333333,2.62755948761,0.291951054178,0.304793830468,0.0128427762894,0.137254426089,0.472333234847,False,False,False,EMPIRICAL_BASELINE_SHRINKAGE_PRIOR_WEIGHT_20
pitcher,694363,Jared Shuster,1,0,0,0.216785694844,0.216785694844,0.206462566518,-0.0103231283259,0.0333411511284,0.379583981908,False,False,False,EMPIRICAL_BASELINE_SHRINKAGE_PRIOR_WEIGHT_20
pitcher,694397,Marco Raya,1,0,0,0.104418817041,0.104418817041,0.0994464924199,-0.004972324621,-0.0285493667525,0.227442351592,False,False,False,EMPIRICAL_BASELINE_SHRINKAGE_PRIOR_WEIGHT_20
pitcher,694462,Hurston Waldrep,4,1,0.25,0.388612176689,0.0971530441722,0.12262753681,0.025474492638,-0.00860346757687,0.253858541197,False,False,False,EMPIRICAL_BASELINE_SHRINKAGE_PRIOR_WEIGHT_20
pitcher,694477,Chad Patrick,31,6,0.193548387097,6.74520518774,0.217587264121,0.202975397694,-0.0146118664262,0.0925856991289,0.31336509626,True,False,False,EMPIRICAL_BASELINE_SHRINKAGE_PRIOR_WEIGHT_20
pitcher,694646,Chayce McDermott,2,0,0,0.501019969961,0.25050998498,0.227736349982,-0.0227736349982,0.0524921288684,0.402980571096,False,False,False,EMPIRICAL_BASELINE_SHRINKAGE_PRIOR_WEIGHT_20
pitcher,694680,Trevor Martin,3,0,0,0.454699867089,0.151566622363,0.131797062924,-0.0197695594387,-0.00644991448268,0.270044040331,False,False,False,EMPIRICAL_BASELINE_SHRINKAGE_PRIOR_WEIGHT_20
pitcher,694738,Landen Roupp,61,13,0.213114754098,9.55751244833,0.15668053194,0.199180378257,0.042499846317,0.112203424877,0.286157331637,True,False,False,EMPIRICAL_BASELINE_SHRINKAGE_PRIOR_WEIGHT_20
pitcher,694753,Khristian Curtis,2,0,0,0.119856690095,0.0599283450477,0.0544803136797,-0.00544803136797,-0.0403614930021,0.149322120362,False,False,False,EMPIRICAL_BASELINE_SHRINKAGE_PRIOR_WEIGHT_20
pitcher,694795,Josh Ekness,4,1,0.25,0.793746729994,0.198436682499,0.207030568749,0.00859388625025,0.0449257552159,0.369135382282,False,False,False,EMPIRICAL_BASELINE_SHRINKAGE_PRIOR_WEIGHT_20
pitcher,694819,Jacob Misiorowski,30,7,0.233333333333,4.65781744976,0.155260581659,0.202104232664,0.0468436510047,0.0907948294397,0.313413635887,True,False,False,EMPIRICAL_BASELINE_SHRINKAGE_PRIOR_WEIGHT_20
pitcher,694820,Braxton Roxby,1,1,1,0.476540097045,0.476540097045,0.50146675909,0.0249266620455,0.287614146822,0.715319371358,False,False,False,EMPIRICAL_BASELINE_SHRINKAGE_PRIOR_WEIGHT_20
pitcher,694851,Andrew Hoffmann,5,1,0.2,1.2215751297,0.244315025941,0.235452020753,-0.00886300518816,0.0691338688842,0.401770172621,False,False,False,EMPIRICAL_BASELINE_SHRINKAGE_PRIOR_WEIGHT_20
pitcher,694918,Blade Tidwell,15,3,0.2,4.04507818407,0.269671878938,0.23981250225,-0.0298593766876,0.0983574964364,0.381267508064,False,False,False,EMPIRICAL_BASELINE_SHRINKAGE_PRIOR_WEIGHT_20
pitcher,694973,Paul Skenes,39,5,0.128205128205,8.0712259052,0.20695451039,0.15489983403,-0.0520546763593,0.0625768920701,0.247222775991,True,False,False,EMPIRICAL_BASELINE_SHRINKAGE_PRIOR_WEIGHT_20
pitcher,695001,Alimber Santa,1,0,0,0.0861672326706,0.0861672326706,0.0820640311149,-0.00410320155574,-0.0353254116537,0.199453473883,False,False,False,EMPIRICAL_BASELINE_SHRINKAGE_PRIOR_WEIGHT_20
pitcher,695034,Kade Morris,5,2,0.4,0.985894285052,0.19717885701,0.237743085608,0.0405642285979,0.0708683076727,0.404617863544,False,False,False,EMPIRICAL_BASELINE_SHRINKAGE_PRIOR_WEIGHT_20
pitcher,695049,Brett Kerry,6,1,0.166666666667,1.28884833604,0.214808056006,0.20369850462,-0.011109551386,0.0488874092854,0.358509599955,False,False,False,EMPIRICAL_BASELINE_SHRINKAGE_PRIOR_WEIGHT_20
pitcher,695076,Rhett Lowder,24,6,0.25,3.28297574749,0.136790656145,0.198541207339,0.0617505511934,0.080673276041,0.316409138637,True,False,False,EMPIRICAL_BASELINE_SHRINKAGE_PRIOR_WEIGHT_20
pitcher,695239,Robby Ahlstrom,11,2,0.181818181818,1.43585530455,0.130532300413,0.148730516396,0.0181982159824,0.0234715568718,0.273989475919,False,False,False,EMPIRICAL_BASELINE_SHRINKAGE_PRIOR_WEIGHT_20
pitcher,695243,Mason Miller,12,6,0.5,4.49699236368,0.37474936364,0.421718352275,0.0469689886351,0.25061361349,0.59282309106,False,False,False,EMPIRICAL_BASELINE_SHRINKAGE_PRIOR_WEIGHT_20
pitcher,695378,Jack Sinclair,1,0,0,0.340489756324,0.340489756324,0.324275958404,-0.0162137979202,0.12406470465,0.524487212158,False,False,False,EMPIRICAL_BASELINE_SHRINKAGE_PRIOR_WEIGHT_20
pitcher,695380,Alex Hoppe,4,1,0.25,0.977510399508,0.244377599877,0.245314666564,0.000937066687173,0.0731693694807,0.417459963648,False,False,False,EMPIRICAL_BASELINE_SHRINKAGE_PRIOR_WEIGHT_20
pitcher,695418,Brad Lord,24,5,0.208333333333,4.81360742026,0.200566975844,0.204803170838,0.00423619499412,0.0855594851645,0.324046856512,True,False,False,EMPIRICAL_BASELINE_SHRINKAGE_PRIOR_WEIGHT_20
pitcher,695445,Chase Lee,3,0,0,0.41064550763,0.136881835877,0.119027683371,-0.0178541525056,-0.0133141889614,0.251369555703,False,False,False,EMPIRICAL_BASELINE_SHRINKAGE_PRIOR_WEIGHT_20
pitcher,695505,Chase Burns,31,10,0.322580645161,6.36404278962,0.205291702891,0.276584981526,0.0712932786349,0.153818717197,0.399351245855,True,False,False,EMPIRICAL_BASELINE_SHRINKAGE_PRIOR_WEIGHT_20
pitcher,695534,Chase Petty,7,0,0,0.598189300113,0.0854556143018,0.0633004550384,-0.0221551592634,-0.0285492487141,0.155150158791,False,False,False,EMPIRICAL_BASELINE_SHRINKAGE_PRIOR_WEIGHT_20
pitcher,695549,Jackson Jobe,10,3,0.3,1.83716148078,0.183716148078,0.222477432052,0.0387612839742,0.0736459085996,0.371308955504,False,False,False,EMPIRICAL_BASELINE_SHRINKAGE_PRIOR_WEIGHT_20
pitcher,695611,Gage Jump,27,4,0.148148148148,5.06274298074,0.187508999287,0.164897446505,-0.0226115527818,0.0588051101636,0.270989782846,True,False,False,EMPIRICAL_BASELINE_SHRINKAGE_PRIOR_WEIGHT_20
pitcher,695684,Elmer Rodríguez,7,2,0.285714285714,1.06168077006,0.151668681437,0.186421245509,0.0347525640718,0.0395212808123,0.333321210206,False,False,False,EMPIRICAL_BASELINE_SHRINKAGE_PRIOR_WEIGHT_20
pitcher,696062,Wilber Dotel,8,1,0.125,1.12967304027,0.141209130034,0.136577950024,-0.00463118000969,0.00938034963514,0.263775550413,False,False,False,EMPIRICAL_BASELINE_SHRINKAGE_PRIOR_WEIGHT_20
pitcher,696070,Kendry Rojas,4,1,0.25,0.505201560484,0.126300390121,0.146916991767,0.0206166016465,0.00527823372359,0.288555749811,False,False,False,EMPIRICAL_BASELINE_SHRINKAGE_PRIOR_WEIGHT_20
pitcher,696131,Mason Black,10,3,0.3,1.49415532707,0.149415532707,0.199610355138,0.050194822431,0.0565768741001,0.342643836176,False,False,False,EMPIRICAL_BASELINE_SHRINKAGE_PRIOR_WEIGHT_20
pitcher,696136,Jordan Wicks,5,0,0,0.356757233394,0.0713514466787,0.057081157343,-0.0142702893357,-0.0338619123445,0.14802422703,False,False,False,EMPIRICAL_BASELINE_SHRINKAGE_PRIOR_WEIGHT_20
pitcher,696146,Hagen Smith,11,2,0.181818181818,2.36770468163,0.215245880148,0.203384438805,-0.0118614413428,0.0616881492431,0.345080728367,False,False,False,EMPIRICAL_BASELINE_SHRINKAGE_PRIOR_WEIGHT_20
pitcher,696147,Sam Bachman,4,0,0,0.810765308788,0.202691327197,0.168909439331,-0.0337818878662,0.0190094556603,0.318809423002,False,False,False,EMPIRICAL_BASELINE_SHRINKAGE_PRIOR_WEIGHT_20
pitcher,696149,Bubba Chandler,30,5,0.166666666667,5.75906097498,0.191968699166,0.176787479666,-0.0151812194997,0.0710441929771,0.282530766356,True,False,False,EMPIRICAL_BASELINE_SHRINKAGE_PRIOR_WEIGHT_20
pitcher,696270,Ryan Johnson,21,2,0.0952380952381,3.79054226005,0.180502012384,0.136830249943,-0.0436717624404,0.0316332610078,0.242027238879,True,False,False,EMPIRICAL_BASELINE_SHRINKAGE_PRIOR_WEIGHT_20
pitcher,696519,Samy Natera Jr.,6,3,0.5,1.53198198386,0.255330330644,0.311792562034,0.0564622313898,0.133734372294,0.489850751773,False,False,False,EMPIRICAL_BASELINE_SHRINKAGE_PRIOR_WEIGHT_20
pitcher,696522,Hayden Juenger,5,1,0.2,1.04005090511,0.208010181021,0.206408144817,-0.00160203620425,0.0477552198789,0.365061069755,False,False,False,EMPIRICAL_BASELINE_SHRINKAGE_PRIOR_WEIGHT_20
pitcher,697812,Joe Rock,3,0,0,0.341024862094,0.113674954031,0.0988477861142,-0.0148271679171,-0.023128302778,0.220823875006,False,False,False,EMPIRICAL_BASELINE_SHRINKAGE_PRIOR_WEIGHT_20
pitcher,699008,Antwone Kelly,2,0,0,0.261637340441,0.13081867022,0.118926063837,-0.0118926063837,-0.0163401800421,0.254192307716,False,False,False,EMPIRICAL_BASELINE_SHRINKAGE_PRIOR_WEIGHT_20
pitcher,699044,Miguel Ullola,1,0,0,0.0730489256244,0.0730489256244,0.0695704053566,-0.00347852026783,-0.0392475217716,0.178388332485,False,False,False,EMPIRICAL_BASELINE_SHRINKAGE_PRIOR_WEIGHT_20
pitcher,699134,Bradgley Rodriguez,16,3,0.1875,4.03673173261,0.252295733288,0.223497629604,-0.0287981036836,0.0874118722573,0.359583386952,False,False,False,EMPIRICAL_BASELINE_SHRINKAGE_PRIOR_WEIGHT_20
pitcher,699151,Jedixson Paez,4,1,0.25,0.56650850782,0.141627126955,0.159689272463,0.0180621455075,0.0131316957123,0.306246849213,False,False,False,EMPIRICAL_BASELINE_SHRINKAGE_PRIOR_WEIGHT_20
pitcher,699823,Tyler Davis,7,3,0.428571428571,1.68443883757,0.240634119652,0.28935860715,0.0487244874975,0.118310748326,0.460406465974,False,False,False,EMPIRICAL_BASELINE_SHRINKAGE_PRIOR_WEIGHT_20
pitcher,700241,Michael McGreevy,48,12,0.25,6.63010011527,0.138127085735,0.217096201687,0.078969115952,0.119106163345,0.315086240028,True,False,False,EMPIRICAL_BASELINE_SHRINKAGE_PRIOR_WEIGHT_20
pitcher,700249,Cade Povich,6,0,0,0.485170102012,0.0808616836687,0.0622012951298,-0.0186603885389,-0.0306363092961,0.155038899556,False,False,False,EMPIRICAL_BASELINE_SHRINKAGE_PRIOR_WEIGHT_20
pitcher,700270,Yilber Díaz,5,0,0,0.956563259717,0.191312651943,0.153050121555,-0.0382625303887,0.0119160854695,0.29418415764,False,False,False,EMPIRICAL_BASELINE_SHRINKAGE_PRIOR_WEIGHT_20
pitcher,700327,Welinton Herrera,1,0,0,0.317900111278,0.317900111278,0.302762010741,-0.0151381005371,0.106250662498,0.499273358985,False,False,False,EMPIRICAL_BASELINE_SHRINKAGE_PRIOR_WEIGHT_20
pitcher,700363,AJ Smith-Shawver,10,2,0.2,0.881669124528,0.0881669124528,0.125444608302,0.0372776958491,0.00691820532975,0.243971011274,False,False,False,EMPIRICAL_BASELINE_SHRINKAGE_PRIOR_WEIGHT_20
pitcher,700669,Gordon Graceffo,15,4,0.266666666667,3.56845901258,0.237897267505,0.250227010003,0.0123297424977,0.106726303898,0.393727716108,False,False,False,EMPIRICAL_BASELINE_SHRINKAGE_PRIOR_WEIGHT_20
pitcher,700712,Walbert Ureña,27,3,0.111111111111,5.36973423917,0.198879045895,0.148459168466,-0.0504198774292,0.0468077617898,0.250110575142,True,False,False,EMPIRICAL_BASELINE_SHRINKAGE_PRIOR_WEIGHT_20
pitcher,700842,Eduardo Rivera,2,1,0.5,0.183692789506,0.091846394753,0.128951267957,0.0371048732043,-0.0110973301318,0.268999866046,False,False,False,EMPIRICAL_BASELINE_SHRINKAGE_PRIOR_WEIGHT_20
pitcher,701121,Logan VanWey,1,1,1,0.319954444331,0.319954444331,0.35233756603,0.0323831216985,0.148022565675,0.556652566385,False,False,False,EMPIRICAL_BASELINE_SHRINKAGE_PRIOR_WEIGHT_20
pitcher,701519,Travis Adams,16,1,0.0625,2.59305866157,0.162066166348,0.11781453686,-0.0442516294882,0.0125009972628,0.223128076458,False,False,False,EMPIRICAL_BASELINE_SHRINKAGE_PRIOR_WEIGHT_20
pitcher,701542,Will Warren,59,15,0.254237288136,8.81485305335,0.14940428904,0.227697288364,0.0782929993247,0.135224227108,0.320170349621,True,False,False,EMPIRICAL_BASELINE_SHRINKAGE_PRIOR_WEIGHT_20
pitcher,701552,Andre Granillo,4,1,0.25,0.979389640137,0.244847410034,0.245706175029,0.000858764994294,0.0734682589462,0.417944091111,False,False,False,EMPIRICAL_BASELINE_SHRINKAGE_PRIOR_WEIGHT_20
pitcher,701656,Logan Henderson,12,1,0.0833333333333,1.67841017425,0.139867514521,0.118667196575,-0.0212003179453,0.00661602777951,0.230718365371,False,False,False,EMPIRICAL_BASELINE_SHRINKAGE_PRIOR_WEIGHT_20
pitcher,701719,Tyler Samaniego,2,0,0,0.452171725236,0.226085862618,0.20553260238,-0.020553260238,0.0366740229011,0.374391181859,False,False,False,EMPIRICAL_BASELINE_SHRINKAGE_PRIOR_WEIGHT_20
pitcher,701780,Tanner McDougal,1,1,1,0.0817004901341,0.0817004901341,0.125429038223,0.0437285480889,-0.0162295785439,0.26708765499,False,False,False,EMPIRICAL_BASELINE_SHRINKAGE_PRIOR_WEIGHT_20
pitcher,702021,Will Dion,11,3,0.272727272727,1.81068687876,0.164607898069,0.202972837464,0.0383649393948,0.0613834356039,0.344562239324,False,False,False,EMPIRICAL_BASELINE_SHRINKAGE_PRIOR_WEIGHT_20
pitcher,702056,Trey Yesavage,30,6,0.2,6.05036115233,0.201678705078,0.200671482031,-0.00100722304661,0.0896577885432,0.311685175519,True,False,False,EMPIRICAL_BASELINE_SHRINKAGE_PRIOR_WEIGHT_20
pitcher,702070,Noah Cameron,48,11,0.229166666667,6.67765684249,0.139117850885,0.202681720849,0.0635638699634,0.107133024307,0.29823041739,True,False,False,EMPIRICAL_BASELINE_SHRINKAGE_PRIOR_WEIGHT_20
pitcher,702153,Brian Fitzpatrick,4,0,0,0.500918260289,0.125229565072,0.104357970894,-0.0208715941787,-0.017957247815,0.226673189602,False,False,False,EMPIRICAL_BASELINE_SHRINKAGE_PRIOR_WEIGHT_20
pitcher,702193,Andrew Morris,19,2,0.105263157895,3.54212370804,0.186427563581,0.146885930042,-0.0395416335395,0.035785070512,0.257986789571,False,False,False,EMPIRICAL_BASELINE_SHRINKAGE_PRIOR_WEIGHT_20
pitcher,702273,Noah Schultz,18,4,0.222222222222,2.1994243736,0.122190242978,0.169573812094,0.0473835691158,0.0502590490834,0.288888575104,False,False,False,EMPIRICAL_BASELINE_SHRINKAGE_PRIOR_WEIGHT_20
pitcher,702275,JR Ritchie,15,1,0.0666666666667,1.48433996208,0.0989559974717,0.085117712841,-0.0138382846307,-0.00733392972482,0.177569355407,False,False,False,EMPIRICAL_BASELINE_SHRINKAGE_PRIOR_WEIGHT_20
pitcher,702281,Robby Snelling,1,1,1,0.846269566415,0.846269566415,0.853590063253,0.00732049683736,0.702388467073,1.00479165943,False,False,False,EMPIRICAL_BASELINE_SHRINKAGE_PRIOR_WEIGHT_20
pitcher,702303,Riley Martin,2,1,0.5,0.37782519324,0.18891259662,0.217193269654,0.0282806730346,0.0448893377192,0.389497201589,False,False,False,EMPIRICAL_BASELINE_SHRINKAGE_PRIOR_WEIGHT_20
pitcher,702352,Spencer Bivens,4,0,0,0.434526765199,0.1086316913,0.0905264094164,-0.0181052818833,-0.0242712793099,0.205324098143,False,False,False,EMPIRICAL_BASELINE_SHRINKAGE_PRIOR_WEIGHT_20
pitcher,702474,Mike Paredes,9,3,0.333333333333,1.39366856081,0.154852062312,0.210242801595,0.0553907392824,0.0619348500141,0.358550753175,False,False,False,EMPIRICAL_BASELINE_SHRINKAGE_PRIOR_WEIGHT_20
pitcher,702566,Owen Murphy,1,1,1,0.265800130718,0.265800130718,0.300762029255,0.0349618985373,0.104620106165,0.496903952345,False,False,False,EMPIRICAL_BASELINE_SHRINKAGE_PRIOR_WEIGHT_20
pitcher,702752,Jonathan Pintaro,6,1,0.166666666667,1.24038683126,0.206731138543,0.197485491187,-0.00924564735614,0.0444601202046,0.35051086217,False,False,False,EMPIRICAL_BASELINE_SHRINKAGE_PRIOR_WEIGHT_20
pitcher,702885,Cesar Perdomo,1,0,0,0.204373395011,0.204373395011,0.194641328582,-0.00973206642909,0.0253016918689,0.363980965295,False,False,False,EMPIRICAL_BASELINE_SHRINKAGE_PRIOR_WEIGHT_20
pitcher,703615,Jose Cabrera,6,2,0.333333333333,0.908362991481,0.151393831914,0.193379870703,0.0419860387892,0.0415666625534,0.345193078852,False,False,False,EMPIRICAL_BASELINE_SHRINKAGE_PRIOR_WEIGHT_20
pitcher,703725,Luis Gastelum,9,1,0.111111111111,2.09524295118,0.232804772354,0.195037774037,-0.0377669983167,0.0508248479712,0.339250700103,False,False,False,EMPIRICAL_BASELINE_SHRINKAGE_PRIOR_WEIGHT_20
pitcher,800048,Parker Messick,37,5,0.135135135135,4.97426720181,0.134439654103,0.134891106703,0.000451452599791,0.0462070214626,0.223575191943,True,False,False,EMPIRICAL_BASELINE_SHRINKAGE_PRIOR_WEIGHT_20
pitcher,800311,Didier Fuentes,20,5,0.25,4.33740987872,0.216870493936,0.233435246968,0.016564753032,0.102340975378,0.364529518558,True,False,False,EMPIRICAL_BASELINE_SHRINKAGE_PRIOR_WEIGHT_20
pitcher,800600,Jackson Kent,9,0,0,1.04924476458,0.11658275162,0.0804018976687,-0.0361808539509,-0.0185648401725,0.17936863551,False,False,False,EMPIRICAL_BASELINE_SHRINKAGE_PRIOR_WEIGHT_20
pitcher,801139,Payton Tolle,21,4,0.190476190476,4.04701290961,0.192714900457,0.191568244126,-0.00114665633185,0.0711069333321,0.312029554919,True,False,False,EMPIRICAL_BASELINE_SHRINKAGE_PRIOR_WEIGHT_20
pitcher,801403,Chase Dollander,11,2,0.181818181818,1.66709487763,0.151554079784,0.162292954699,0.0107388749153,0.0324940158535,0.292091893545,False,False,False,EMPIRICAL_BASELINE_SHRINKAGE_PRIOR_WEIGHT_20
pitcher,801434,Paul Gervase,1,0,0,0.284564704656,0.284564704656,0.271014004434,-0.0135507002217,0.080905352069,0.4611226568,False,False,False,EMPIRICAL_BASELINE_SHRINKAGE_PRIOR_WEIGHT_20
pitcher,802408,Brycen Mautz,3,0,0,0.361978529789,0.12065950993,0.104921312982,-0.0157381969473,-0.0203220209229,0.230164646887,False,False,False,EMPIRICAL_BASELINE_SHRINKAGE_PRIOR_WEIGHT_20
pitcher,804267,Zac Thornton,23,6,0.260869565217,2.81506513961,0.122394136505,0.196462389072,0.0740682525671,0.077703901309,0.315220876835,True,False,False,EMPIRICAL_BASELINE_SHRINKAGE_PRIOR_WEIGHT_20
pitcher,804619,John Klein,2,0,0,0.267215767696,0.133607883848,0.121461712589,-0.0121461712589,-0.015042098794,0.257965523972,False,False,False,EMPIRICAL_BASELINE_SHRINKAGE_PRIOR_WEIGHT_20
pitcher,804636,Jonah Tong,4,0,0,0.3687900924,0.0921975230999,0.07683126925,-0.01536625385,-0.029720336082,0.183382874582,False,False,False,EMPIRICAL_BASELINE_SHRINKAGE_PRIOR_WEIGHT_20
pitcher,805074,Yunior Marte,1,1,1,0.104294505648,0.104294505648,0.146947148237,0.0426526425882,-0.0044839160615,0.298378212535,False,False,False,EMPIRICAL_BASELINE_SHRINKAGE_PRIOR_WEIGHT_20
pitcher,805123,AJ Blubaugh,27,8,0.296296296296,4.28527956154,0.158714057835,0.237750662908,0.0790366050737,0.116043388033,0.359457937784,True,False,False,EMPIRICAL_BASELINE_SHRINKAGE_PRIOR_WEIGHT_20
pitcher,805299,Brandyn Garcia,13,3,0.230769230769,2.63428219017,0.202637091552,0.213719449425,0.0110823578736,0.0738541783717,0.353584720479,False,False,False,EMPIRICAL_BASELINE_SHRINKAGE_PRIOR_WEIGHT_20
pitcher,805326,Tyler Schweitzer,4,2,0.5,0.580568232076,0.145142058019,0.204285048349,0.0591429903302,0.0429801704821,0.365589926216,False,False,False,EMPIRICAL_BASELINE_SHRINKAGE_PRIOR_WEIGHT_20
pitcher,805345,Trent Harris,3,0,0,0.438712065834,0.146237355278,0.127162917633,-0.019074437645,-0.008993773825,0.263319609091,False,False,False,EMPIRICAL_BASELINE_SHRINKAGE_PRIOR_WEIGHT_20
pitcher,805427,Drew Sommers,6,2,0.333333333333,1.72442280367,0.287403800612,0.298002923548,0.0105991229357,0.122191410521,0.473814436574,False,False,False,EMPIRICAL_BASELINE_SHRINKAGE_PRIOR_WEIGHT_20
pitcher,805673,Zebby Matthews,37,10,0.27027027027,6.87925412362,0.185925787125,0.240675714781,0.0547499276558,0.12969476846,0.351656661101,True,False,False,EMPIRICAL_BASELINE_SHRINKAGE_PRIOR_WEIGHT_20
pitcher,806188,Cade Gibson,19,6,0.315789473684,4.43316939743,0.233324705128,0.273499848784,0.0401751436556,0.133599058547,0.41340063902,False,False,False,EMPIRICAL_BASELINE_SHRINKAGE_PRIOR_WEIGHT_20
pitcher,806960,Luis Morales,5,1,0.2,1.00666908203,0.201333816406,0.201067053125,-0.000266763281278,0.0439542095105,0.35817989674,False,False,False,EMPIRICAL_BASELINE_SHRINKAGE_PRIOR_WEIGHT_20
pitcher,807739,Kade Anderson,5,0,0,0.720148160858,0.144029632172,0.115223705737,-0.0288059264343,-0.00993864906313,0.240386060538,False,False,False,EMPIRICAL_BASELINE_SHRINKAGE_PRIOR_WEIGHT_20
pitcher,807743,Sean Sullivan,3,0,0,0.271722115044,0.0905740383481,0.0787600333462,-0.0118140050019,-0.0313258127053,0.188845879398,False,False,False,EMPIRICAL_BASELINE_SHRINKAGE_PRIOR_WEIGHT_20
pitcher,808825,Andrew Sears,3,0,0,0.320995342233,0.106998447411,0.0930421281836,-0.0139563192275,-0.0256783202658,0.211762576633,False,False,False,EMPIRICAL_BASELINE_SHRINKAGE_PRIOR_WEIGHT_20
pitcher,808963,Roki Sasaki,26,6,0.230769230769,4.99047997995,0.19194153769,0.213887625083,0.0219460873925,0.0953892756369,0.332385974529,True,False,False,EMPIRICAL_BASELINE_SHRINKAGE_PRIOR_WEIGHT_20
pitcher,808967,Yoshinobu Yamamoto,51,11,0.21568627451,8.85463668017,0.173620327062,0.203836711849,0.0302163847863,0.110130329122,0.297543094575,True,False,False,EMPIRICAL_BASELINE_SHRINKAGE_PRIOR_WEIGHT_20
pitcher,808970,Woo-Suk Go,2,1,0.5,1.03801846178,0.519009230889,0.51728111899,-0.00172811189897,0.308469246742,0.726092991238,False,False,False,EMPIRICAL_BASELINE_SHRINKAGE_PRIOR_WEIGHT_20
pitcher,813349,Connelly Early,30,0,0,4.59962609433,0.153320869811,0.0613283479244,-0.0919925218866,-0.00517730372795,0.127833999577,True,False,False,EMPIRICAL_BASELINE_SHRINKAGE_PRIOR_WEIGHT_20
pitcher,814305,Yunior Tur,4,1,0.25,1.21144269594,0.302860673984,0.294050561653,-0.00881011233064,0.11176668523,0.476334438076,False,False,False,EMPIRICAL_BASELINE_SHRINKAGE_PRIOR_WEIGHT_20
pitcher,814490,Ethan Pecko,6,2,0.333333333333,0.858274989994,0.143045831666,0.186958332051,0.0439125003848,0.0370940244366,0.336822639665,False,False,False,EMPIRICAL_BASELINE_SHRINKAGE_PRIOR_WEIGHT_20
pitcher,815081,Mark Manfredi,6,2,0.333333333333,1.78906013077,0.298176688461,0.306289760355,0.00811307189352,0.129105684029,0.48347383668,False,False,False,EMPIRICAL_BASELINE_SHRINKAGE_PRIOR_WEIGHT_20
pitcher,815083,Mitch Farris,17,2,0.117647058824,4.44819488739,0.261658522787,0.195491093399,-0.0661674293888,0.0677048434515,0.323277343346,False,False,False,EMPIRICAL_BASELINE_SHRINKAGE_PRIOR_WEIGHT_20
pitcher,820862,José Fermin,17,3,0.176470588235,2.52032811349,0.148254594911,0.161218699952,0.0129641050409,0.0427271756112,0.279710224293,False,False,False,EMPIRICAL_BASELINE_SHRINKAGE_PRIOR_WEIGHT_20
pitcher,837227,Tatsuya Imai,25,6,0.24,3.84703746445,0.153881498578,0.201725110479,0.0478436119011,0.0844769521876,0.318973268771,True,False,False,EMPIRICAL_BASELINE_SHRINKAGE_PRIOR_WEIGHT_20
catcher,506702,Sandy León,38,6,0.157894736842,8.15503369218,0.214606149794,0.177450396481,-0.0371557533135,0.0791259273475,0.275774865614,True,False,False,EMPIRICAL_BASELINE_SHRINKAGE_PRIOR_WEIGHT_20
catcher,518595,Travis d'Arnaud,40,4,0.1,5.37568836335,0.134392209084,0.111464069695,-0.0229281393891,0.0318324789952,0.191095660394,True,False,False,EMPIRICAL_BASELINE_SHRINKAGE_PRIOR_WEIGHT_20
catcher,521692,Salvador Perez,90,20,0.222222222222,12.5248251336,0.139164723707,0.207120858856,0.0679561351487,0.131389605536,0.282852112176,True,False,False,EMPIRICAL_BASELINE_SHRINKAGE_PRIOR_WEIGHT_20
catcher,543309,Kyle Higashioka,81,22,0.271604938272,14.9682638199,0.184793380493,0.254414530791,0.069621150298,0.169473982839,0.339355078743,True,False,False,EMPIRICAL_BASELINE_SHRINKAGE_PRIOR_WEIGHT_20
catcher,543510,James McCann,79,19,0.240506329114,12.1023232119,0.153193964707,0.222867467618,0.0696735029105,0.140887195012,0.304847740223,True,False,False,EMPIRICAL_BASELINE_SHRINKAGE_PRIOR_WEIGHT_20
catcher,543877,Christian Vázquez,206,47,0.228155339806,34.3764895223,0.166876162729,0.222732403781,0.0558562410519,0.168485015368,0.276979792195,True,False,False,EMPIRICAL_BASELINE_SHRINKAGE_PRIOR_WEIGHT_20
catcher,553869,Elias Díaz,131,28,0.213740458015,24.1457256842,0.184318516673,0.209843512142,0.025524995469,0.144894593296,0.274792430988,True,False,False,EMPIRICAL_BASELINE_SHRINKAGE_PRIOR_WEIGHT_20
catcher,571912,Luke Maile,44,13,0.295454545455,9.09688803925,0.206747455437,0.267733579824,0.0609861243868,0.15925298289,0.376214176759,True,False,False,EMPIRICAL_BASELINE_SHRINKAGE_PRIOR_WEIGHT_20
catcher,592663,J.T. Realmuto,223,42,0.188340807175,39.1719289207,0.175658874084,0.187297026674,0.0116381525899,0.138241911421,0.236352141926,True,False,False,EMPIRICAL_BASELINE_SHRINKAGE_PRIOR_WEIGHT_20
catcher,595978,Austin Hedges,146,36,0.246575342466,25.8753250454,0.177228253736,0.238220271534,0.0609920177988,0.173415633265,0.303024909804,True,False,False,EMPIRICAL_BASELINE_SHRINKAGE_PRIOR_WEIGHT_20
catcher,596117,Garrett Stubbs,41,9,0.219512195122,9.28605970802,0.226489261171,0.221799757761,-0.00468950341012,0.117539842304,0.326059673218,True,False,False,EMPIRICAL_BASELINE_SHRINKAGE_PRIOR_WEIGHT_20
catcher,596142,Gary Sánchez,78,21,0.269230769231,14.2456428454,0.182636446736,0.251558458518,0.0689220117814,0.165648909699,0.337468007336,True,False,False,EMPIRICAL_BASELINE_SHRINKAGE_PRIOR_WEIGHT_20
catcher,605170,Victor Caratini,184,33,0.179347826087,35.8341534853,0.194750834159,0.180857924918,-0.0138929092419,0.128039021994,0.233676827841,True,False,False,EMPIRICAL_BASELINE_SHRINKAGE_PRIOR_WEIGHT_20
catcher,605244,Aramis Garcia,13,0,0,2.22993306715,0.171533312858,0.10395958355,-0.0675737293076,-0.000175043643976,0.208094210744,False,False,False,EMPIRICAL_BASELINE_SHRINKAGE_PRIOR_WEIGHT_20
catcher,606992,Eric Haase,45,11,0.244444444444,8.46694833044,0.188154407343,0.227124433029,0.0389700256855,0.125268551881,0.328980314177,True,False,False,EMPIRICAL_BASELINE_SHRINKAGE_PRIOR_WEIGHT_20
catcher,608348,Carson Kelly,223,35,0.156950672646,34.2799616635,0.153721801182,0.156684921908,0.00296312072626,0.11098015799,0.202389685826,True,False,False,EMPIRICAL_BASELINE_SHRINKAGE_PRIOR_WEIGHT_20
catcher,620443,Luis Torrens,189,38,0.201058201058,32.7054371629,0.173044641074,0.198377477615,0.0253328365412,0.144312744242,0.252442210988,True,False,False,EMPIRICAL_BASELINE_SHRINKAGE_PRIOR_WEIGHT_20
catcher,623168,Tyler Heineman,174,30,0.172413793103,30.7718650057,0.176849798883,0.172871113287,-0.00397868559637,0.11965991795,0.226082308624,True,False,False,EMPIRICAL_BASELINE_SHRINKAGE_PRIOR_WEIGHT_20
catcher,624431,Jose Trevino,92,20,0.217391304348,16.1541620458,0.175588717889,0.209926556766,0.0343378388768,0.134501701875,0.285351411657,True,False,False,EMPIRICAL_BASELINE_SHRINKAGE_PRIOR_WEIGHT_20
catcher,624512,Reese McGuire,21,4,0.190476190476,3.14941445245,0.149972116783,0.170718105748,0.0207459889646,0.0555439529368,0.285892258559,True,False,False,EMPIRICAL_BASELINE_SHRINKAGE_PRIOR_WEIGHT_20
catcher,640459,Brian Navarreto,52,12,0.230769230769,13.411248298,0.257908621116,0.23830795031,-0.0196006708062,0.13989578214,0.336720118481,True,False,False,EMPIRICAL_BASELINE_SHRINKAGE_PRIOR_WEIGHT_20
catcher,640902,Jhonny Pereda,47,13,0.276595744681,6.52959431748,0.13892753867,0.235500757812,0.0965732191422,0.133898501136,0.337103014488,True,False,False,EMPIRICAL_BASELINE_SHRINKAGE_PRIOR_WEIGHT_20
catcher,641555,J.C. Escarra,64,15,0.234375,12.9501115852,0.202345493518,0.226748927028,0.0244034335099,0.137202282993,0.316295571063,True,False,False,EMPIRICAL_BASELINE_SHRINKAGE_PRIOR_WEIGHT_20
catcher,641598,Mitch Garver,53,21,0.396226415094,9.88763963079,0.186559238317,0.338783352964,0.152224114647,0.230208922036,0.447357783891,True,False,False,EMPIRICAL_BASELINE_SHRINKAGE_PRIOR_WEIGHT_20
catcher,641680,Jonah Heim,159,36,0.22641509434,30.3058654317,0.190602927244,0.222413734888,0.0318108076439,0.161490262578,0.283337207197,True,False,False,EMPIRICAL_BASELINE_SHRINKAGE_PRIOR_WEIGHT_20
catcher,642020,Chuckie Robinson,10,3,0.3,1.40126056667,0.140126056667,0.193417371112,0.0532913144442,0.0520765485895,0.334758193634,False,False,False,EMPIRICAL_BASELINE_SHRINKAGE_PRIOR_WEIGHT_20
catcher,642851,Austin Wynns,64,9,0.140625,9.93919115546,0.155299861804,0.144119014715,-0.0111808470888,0.0690114363677,0.219226593063,True,False,False,EMPIRICAL_BASELINE_SHRINKAGE_PRIOR_WEIGHT_20
catcher,643376,Danny Jansen,73,16,0.219178082192,14.0505056921,0.192472680714,0.2134349851,0.0209623043856,0.130159971165,0.296709999035,True,False,False,EMPIRICAL_BASELINE_SHRINKAGE_PRIOR_WEIGHT_20
catcher,644433,Chadwick Tromp,30,7,0.233333333333,6.26568415148,0.208856138383,0.223542455353,0.0146863169705,0.108061615225,0.339023295481,True,False,False,EMPIRICAL_BASELINE_SHRINKAGE_PRIOR_WEIGHT_20
catcher,645305,Ali Sánchez,99,23,0.232323232323,17.4628034521,0.176391954062,0.222923017489,0.0465310634275,0.148141879511,0.297704155468,True,False,False,EMPIRICAL_BASELINE_SHRINKAGE_PRIOR_WEIGHT_20
catcher,650968,Yohel Pozo,11,3,0.272727272727,1.8780901162,0.170735465109,0.206926106522,0.0361906414128,0.0643194839006,0.349532729144,False,False,False,EMPIRICAL_BASELINE_SHRINKAGE_PRIOR_WEIGHT_20
catcher,656577,Alex Jackson,34,5,0.147058823529,7.11907325698,0.209384507558,0.170142410207,-0.0392420973515,0.0699194405523,0.270365379861,True,False,False,EMPIRICAL_BASELINE_SHRINKAGE_PRIOR_WEIGHT_20
catcher,657136,Connor Wong,110,20,0.181818181818,18.3314139616,0.166649217833,0.179484495051,0.0128352772181,0.113515288583,0.24545370152,True,False,False,EMPIRICAL_BASELINE_SHRINKAGE_PRIOR_WEIGHT_20
catcher,660688,Keibert Ruiz,217,44,0.202764976959,38.9074445862,0.17929697966,0.200784555246,0.0214875755858,0.149783520928,0.251785589563,True,False,False,EMPIRICAL_BASELINE_SHRINKAGE_PRIOR_WEIGHT_20
catcher,660710,Rodolfo Durán,56,10,0.178571428571,8.54687355512,0.152622742056,0.171742826857,0.0191200848011,0.0869476438878,0.256538009826,True,False,False,EMPIRICAL_BASELINE_SHRINKAGE_PRIOR_WEIGHT_20
catcher,661388,William Contreras,242,48,0.198347107438,45.1208707334,0.186449879063,0.197438922066,0.0109890430024,0.149237388235,0.245640455897,True,False,False,EMPIRICAL_BASELINE_SHRINKAGE_PRIOR_WEIGHT_20
catcher,661531,Brian Serven,39,10,0.25641025641,6.84302186218,0.17546209903,0.228970203061,0.0535081040309,0.121755306441,0.336185099681,True,False,False,EMPIRICAL_BASELINE_SHRINKAGE_PRIOR_WEIGHT_20
catcher,663584,Hayden Senger,17,3,0.176470588235,3.26980751221,0.192341618365,0.185049523441,-0.00729209492448,0.059918555553,0.310180491328,False,False,False,EMPIRICAL_BASELINE_SHRINKAGE_PRIOR_WEIGHT_20
catcher,663698,Joey Bart,77,11,0.142857142857,12.7762416403,0.165925216108,0.14761344662,-0.0183117694877,0.0770221011608,0.21820479208,True,False,False,EMPIRICAL_BASELINE_SHRINKAGE_PRIOR_WEIGHT_20
catcher,663728,Cal Raleigh,162,23,0.141975308642,29.0100262266,0.179074235966,0.146052113842,-0.033022122124,0.0947435351011,0.197360692584,True,False,False,EMPIRICAL_BASELINE_SHRINKAGE_PRIOR_WEIGHT_20
catcher,663743,Nick Fortes,144,39,0.270833333333,32.3564759383,0.224697749572,0.265207042631,0.0405092930589,0.197644005148,0.332770080113,True,False,False,EMPIRICAL_BASELINE_SHRINKAGE_PRIOR_WEIGHT_20
catcher,663886,Tyler Stephenson,217,47,0.216589861751,34.8026506049,0.160380878364,0.211846487626,0.0514656092619,0.159823182527,0.263869792724,True,False,False,EMPIRICAL_BASELINE_SHRINKAGE_PRIOR_WEIGHT_20
catcher,663967,César Salazar,18,3,0.166666666667,2.0159049499,0.111994719439,0.137891957599,0.0258972381606,0.0282656996471,0.247518215552,False,False,False,EMPIRICAL_BASELINE_SHRINKAGE_PRIOR_WEIGHT_20
catcher,664731,P.J. Higgins,27,2,0.0740740740741,2.63409299339,0.0975589997552,0.0840676594703,-0.0134913402849,0.00473476178784,0.163400557153,True,False,False,EMPIRICAL_BASELINE_SHRINKAGE_PRIOR_WEIGHT_20
catcher,664954,Brett Sullivan,114,23,0.201754385965,17.0561669404,0.149615499477,0.193972462609,0.0443569631314,0.127022760088,0.260922165129,True,False,False,EMPIRICAL_BASELINE_SHRINKAGE_PRIOR_WEIGHT_20
catcher,665561,Rafael Marchán,76,15,0.197368421053,12.1538410677,0.159918961417,0.189566450295,0.0296474888782,0.111158536373,0.267974364217,True,False,False,EMPIRICAL_BASELINE_SHRINKAGE_PRIOR_WEIGHT_20
catcher,665804,Miguel Amaya,127,17,0.133858267717,19.6533000452,0.154750394057,0.136700733885,-0.0180496601718,0.0811661511761,0.192235316595,True,False,False,EMPIRICAL_BASELINE_SHRINKAGE_PRIOR_WEIGHT_20
catcher,665861,Sebastián Rivero,49,10,0.204081632653,9.7355945375,0.198685602806,0.202517566031,0.00383196322471,0.107692437856,0.297342694206,True,False,False,EMPIRICAL_BASELINE_SHRINKAGE_PRIOR_WEIGHT_20
catcher,665966,Carlos Narváez,202,51,0.252475247525,37.0555899787,0.183443514746,0.2462561725,0.0628126577537,0.18958202045,0.302930324549,True,False,False,EMPIRICAL_BASELINE_SHRINKAGE_PRIOR_WEIGHT_20
catcher,666023,Freddy Fermin,194,38,0.19587628866,40.4241647415,0.208371983204,0.19704411058,-0.011327872624,0.143750301959,0.2503379192,True,False,False,EMPIRICAL_BASELINE_SHRINKAGE_PRIOR_WEIGHT_20
catcher,666163,Ben Rortvedt,19,4,0.210526315789,4.89874550803,0.257828710949,0.234783954333,-0.0230447566162,0.101753826519,0.367814082147,False,False,False,EMPIRICAL_BASELINE_SHRINKAGE_PRIOR_WEIGHT_20
catcher,666310,Bo Naylor,64,10,0.15625,11.4001455863,0.178127274786,0.161458874949,-0.0166683998369,0.0827706818655,0.240147068033,True,False,False,EMPIRICAL_BASELINE_SHRINKAGE_PRIOR_WEIGHT_20
catcher,668670,Jake Rogers,100,20,0.2,20.3752749355,0.203752749355,0.200625458226,-0.00312729112924,0.128972582419,0.272278334033,True,False,False,EMPIRICAL_BASELINE_SHRINKAGE_PRIOR_WEIGHT_20
catcher,668800,Andrew Knizner,30,7,0.233333333333,6.72168640837,0.224056213612,0.229622485445,0.00556627183258,0.113040868356,0.346204102534,True,False,False,EMPIRICAL_BASELINE_SHRINKAGE_PRIOR_WEIGHT_20
catcher,668939,Adley Rutschman,206,40,0.194174757282,41.4734055485,0.2013272114,0.194807717823,-0.00651949357726,0.143171463301,0.246443972345,True,False,False,EMPIRICAL_BASELINE_SHRINKAGE_PRIOR_WEIGHT_20
catcher,669087,Sam Huff,20,2,0.1,2.49416798301,0.124708399151,0.112354199575,-0.0123541995753,0.0144862291407,0.21022217001,True,False,False,EMPIRICAL_BASELINE_SHRINKAGE_PRIOR_WEIGHT_20
catcher,669127,Shea Langeliers,164,25,0.15243902439,25.318893408,0.15438349639,0.152650380042,-0.00173311634773,0.100683406594,0.204617353491,True,False,False,EMPIRICAL_BASELINE_SHRINKAGE_PRIOR_WEIGHT_20
catcher,669134,Luis Campusano,106,18,0.169811320755,14.3945773041,0.135797899095,0.164412364936,0.0286144658407,0.0996930309583,0.229131698913,True,False,False,EMPIRICAL_BASELINE_SHRINKAGE_PRIOR_WEIGHT_20
catcher,669221,Sean Murphy,63,12,0.190476190476,12.1688557111,0.193156439859,0.191122033701,-0.0020344061583,0.106533030565,0.275711036837,True,False,False,EMPIRICAL_BASELINE_SHRINKAGE_PRIOR_WEIGHT_20
catcher,669224,Austin Wells,260,55,0.211538461538,48.5884812322,0.18687877397,0.209777055284,0.0228982813135,0.162086666177,0.257467444391,True,False,False,EMPIRICAL_BASELINE_SHRINKAGE_PRIOR_WEIGHT_20
catcher,669257,Will Smith,88,12,0.136363636364,13.2190714543,0.150216721071,0.138929022421,-0.0112876986508,0.0736971027506,0.204160942091,True,False,False,EMPIRICAL_BASELINE_SHRINKAGE_PRIOR_WEIGHT_20
catcher,671056,Iván Herrera,113,20,0.176991150442,20.1861647716,0.178638626297,0.177238891173,-0.00139973512487,0.112338600716,0.242139181629,True,False,False,EMPIRICAL_BASELINE_SHRINKAGE_PRIOR_WEIGHT_20
catcher,672275,Patrick Bailey,235,49,0.208510638298,42.2802255203,0.179915853278,0.206267910061,0.0263520567832,0.156604242898,0.255931577224,True,False,False,EMPIRICAL_BASELINE_SHRINKAGE_PRIOR_WEIGHT_20
catcher,672386,Alejandro Kirk,181,36,0.198895027624,33.4539147297,0.184828258175,0.197495349072,0.0126670908968,0.142457651436,0.252533046708,True,False,False,EMPIRICAL_BASELINE_SHRINKAGE_PRIOR_WEIGHT_20
catcher,672515,Gabriel Moreno,226,41,0.181415929204,43.3300322277,0.191725806317,0.182254130595,-0.0094716757223,0.134010899467,0.230497361722,True,False,False,EMPIRICAL_BASELINE_SHRINKAGE_PRIOR_WEIGHT_20
catcher,672613,Eliezer Alfonzo,29,6,0.206896551724,3.88310101813,0.133900035108,0.177102055146,0.0432020200383,0.0702106415096,0.283993468782,True,False,False,EMPIRICAL_BASELINE_SHRINKAGE_PRIOR_WEIGHT_20
catcher,673237,Yainer Diaz,138,27,0.195652173913,22.8728846581,0.165745541001,0.191866524177,0.0261209831764,0.130466480443,0.253266567912,True,False,False,EMPIRICAL_BASELINE_SHRINKAGE_PRIOR_WEIGHT_20
catcher,675448,Blake Hunt,3,0,0,0.38075294317,0.126917647723,0.110363171933,-0.01655447579,-0.017695978654,0.23842232252,False,False,False,EMPIRICAL_BASELINE_SHRINKAGE_PRIOR_WEIGHT_20
catcher,676439,Hunter Feduccia,160,31,0.19375,33.857821073,0.211611381707,0.195734597967,-0.0158767837392,0.137771270184,0.253697925751,True,False,False,EMPIRICAL_BASELINE_SHRINKAGE_PRIOR_WEIGHT_20
catcher,676566,Shawn Ross,1,0,0,0.0561637121242,0.0561637121242,0.0534892496421,-0.0026744624821,-0.0427478336789,0.149726332963,False,False,False,EMPIRICAL_BASELINE_SHRINKAGE_PRIOR_WEIGHT_20
catcher,677943,Will Banfield,8,1,0.125,1.92047420058,0.240059275072,0.20718519648,-0.0328740785921,0.0570639050415,0.357306487919,False,False,False,EMPIRICAL_BASELINE_SHRINKAGE_PRIOR_WEIGHT_20
catcher,678218,Brandon Valenzuela,202,28,0.138613861386,42.1324665839,0.208576567247,0.14491680786,-0.0636597593869,0.0986101807851,0.191223434935,True,False,False,EMPIRICAL_BASELINE_SHRINKAGE_PRIOR_WEIGHT_20
catcher,680664,Eduardo Valencia,32,8,0.25,7.50231328166,0.234447290052,0.244018188482,0.00957089842959,0.127277789763,0.3607585872,True,False,False,EMPIRICAL_BASELINE_SHRINKAGE_PRIOR_WEIGHT_20
catcher,680728,Adrian Del Castillo,32,2,0.0625,4.18803826657,0.13087619583,0.0887985368578,-0.0420776589725,0.0114834036073,0.166113670108,True,False,False,EMPIRICAL_BASELINE_SHRINKAGE_PRIOR_WEIGHT_20
catcher,680777,Ryan Jeffers,164,30,0.182926829268,25.4880743437,0.155415087462,0.17993642255,0.0245213350883,0.124431632734,0.235441212366,True,False,False,EMPIRICAL_BASELINE_SHRINKAGE_PRIOR_WEIGHT_20
catcher,680779,Henry Davis,162,29,0.179012345679,29.7907938802,0.183893789384,0.179548768064,-0.00434502131986,0.123786814822,0.235310721306,True,False,False,EMPIRICAL_BASELINE_SHRINKAGE_PRIOR_WEIGHT_20
catcher,681351,Logan O'Hoppe,131,17,0.129770992366,19.087114304,0.145703162626,0.131881213593,-0.013821949033,0.0779116827839,0.185850744402,True,False,False,EMPIRICAL_BASELINE_SHRINKAGE_PRIOR_WEIGHT_20
catcher,681508,Mickey Gasper,27,3,0.111111111111,5.07538362554,0.187977171316,0.143820072901,-0.0441570984158,0.0434973258591,0.244142819942,True,False,False,EMPIRICAL_BASELINE_SHRINKAGE_PRIOR_WEIGHT_20
catcher,681807,David Fry,6,2,0.333333333333,0.745534031799,0.124255671966,0.172504363051,0.0482486910847,0.0272757146211,0.317733011481,False,False,False,EMPIRICAL_BASELINE_SHRINKAGE_PRIOR_WEIGHT_20
catcher,682515,Logan Porter,5,1,0.2,0.895645612195,0.179129122439,0.183303297951,0.00417417551219,0.0316326272284,0.334973968674,False,False,False,EMPIRICAL_BASELINE_SHRINKAGE_PRIOR_WEIGHT_20
catcher,682626,Francisco Alvarez,191,26,0.13612565445,36.0715908472,0.188856496582,0.141123838539,-0.0477326580437,0.0941473761728,0.188100300904,True,False,False,EMPIRICAL_BASELINE_SHRINKAGE_PRIOR_WEIGHT_20
catcher,682663,Agustín Ramírez,39,6,0.153846153846,7.0585990115,0.180989718244,0.163047362116,-0.0179423561271,0.0687852003967,0.257309523836,True,False,False,EMPIRICAL_BASELINE_SHRINKAGE_PRIOR_WEIGHT_20
catcher,682848,Endy Rodríguez,89,18,0.202247191011,20.3329392549,0.228459991628,0.207056879198,-0.0214031124301,0.130987710146,0.28312604825,True,False,False,EMPIRICAL_BASELINE_SHRINKAGE_PRIOR_WEIGHT_20
catcher,683079,Omar Martinez,1,0,0,0.0682559243916,0.0682559243916,0.0650056422777,-0.00325028211388,-0.0404394681224,0.170450752678,False,False,False,EMPIRICAL_BASELINE_SHRINKAGE_PRIOR_WEIGHT_20
catcher,683679,Jesus Rodriguez,20,5,0.25,2.35711104626,0.117855552313,0.183927776156,0.0660722238436,0.0638634372869,0.303992115026,True,False,False,EMPIRICAL_BASELINE_SHRINKAGE_PRIOR_WEIGHT_20
catcher,686452,Drew Millas,143,34,0.237762237762,26.4188120281,0.18474693726,0.231257292915,0.0465103556556,0.166528055244,0.295986530586,True,False,False,EMPIRICAL_BASELINE_SHRINKAGE_PRIOR_WEIGHT_20
catcher,686780,Pedro Pagés,175,28,0.16,31.4924131633,0.179956646647,0.162046835554,-0.0179098110937,0.110325597073,0.213768074034,True,False,False,EMPIRICAL_BASELINE_SHRINKAGE_PRIOR_WEIGHT_20
catcher,686948,Drake Baldwin,179,32,0.178770949721,31.921460765,0.178332183045,0.178726852567,0.00039466952258,0.125495408432,0.231958296703,True,False,False,EMPIRICAL_BASELINE_SHRINKAGE_PRIOR_WEIGHT_20
catcher,687221,Dalton Rushing,108,30,0.277777777778,20.734666975,0.191987657176,0.264373071434,0.0723854142581,0.187973925395,0.340772217472,True,False,False,EMPIRICAL_BASELINE_SHRINKAGE_PRIOR_WEIGHT_20
catcher,689414,Liam Hicks,114,23,0.201754385965,21.1977771296,0.185945413418,0.199394837824,0.0134494244059,0.131744523238,0.267045152409,True,False,False,EMPIRICAL_BASELINE_SHRINKAGE_PRIOR_WEIGHT_20
catcher,690924,Braxton Fulford,11,1,0.0909090909091,1.37412161646,0.124920146951,0.11285170771,-0.0120684392405,0.00146652987769,0.224236885542,False,False,False,EMPIRICAL_BASELINE_SHRINKAGE_PRIOR_WEIGHT_20
catcher,691011,Drew Romo,159,26,0.163522012579,27.1830333731,0.170962474045,0.164353349055,-0.00660912498958,0.110062057489,0.218644640621,True,False,False,EMPIRICAL_BASELINE_SHRINKAGE_PRIOR_WEIGHT_20
catcher,691019,Kyle Teel,34,9,0.264705882353,5.80567597731,0.170755175803,0.229909324372,0.0591541485684,0.117679465576,0.342139183167,True,False,False,EMPIRICAL_BASELINE_SHRINKAGE_PRIOR_WEIGHT_20
catcher,691620,Jeferson Quero,2,0,0,0.102537064446,0.0512685322229,0.0466077565663,-0.00466077565663,-0.0414788009056,0.134694314038,False,False,False,EMPIRICAL_BASELINE_SHRINKAGE_PRIOR_WEIGHT_20
catcher,691740,Daniel Susac,129,26,0.201550387597,25.8624469149,0.200484084611,0.201407259679,0.000923175068078,0.137010624359,0.265803895,True,False,False,EMPIRICAL_BASELINE_SHRINKAGE_PRIOR_WEIGHT_20
catcher,691788,Joe Mack,182,48,0.263736263736,36.5051603111,0.200577803907,0.257482950882,0.0569051469746,0.197184265964,0.3177816358,True,False,False,EMPIRICAL_BASELINE_SHRINKAGE_PRIOR_WEIGHT_20
catcher,693307,Dillon Dingler,286,54,0.188811188811,53.6183664609,0.187476805808,0.188723974236,0.00124716842828,0.144881685693,0.232566262779,True,False,False,EMPIRICAL_BASELINE_SHRINKAGE_PRIOR_WEIGHT_20
catcher,694208,Moisés Ballesteros,32,4,0.125,5.99421230311,0.187319134472,0.148968897874,-0.0383502365983,0.0521912822196,0.245746513528,True,False,False,EMPIRICAL_BASELINE_SHRINKAGE_PRIOR_WEIGHT_20
catcher,694212,Samuel Basallo,118,24,0.203389830508,22.4805792675,0.190513383623,0.201523678786,0.0110102951629,0.134595256063,0.268452101509,True,False,False,EMPIRICAL_BASELINE_SHRINKAGE_PRIOR_WEIGHT_20
catcher,695600,Carter Jensen,223,40,0.179372197309,42.6586951594,0.191294597128,0.180353464784,-0.0109411323434,0.132011034093,0.228695895475,True,False,False,EMPIRICAL_BASELINE_SHRINKAGE_PRIOR_WEIGHT_20
catcher,695670,Harry Ford,52,6,0.115384615385,11.0235296856,0.211990955492,0.142219709859,-0.069771245633,0.0615412221807,0.222898197537,True,False,False,EMPIRICAL_BASELINE_SHRINKAGE_PRIOR_WEIGHT_20
catcher,696100,Hunter Goodman,190,38,0.2,30.3853019827,0.159922642014,0.196183108763,0.036260466749,0.142473029395,0.249893188132,True,False,False,EMPIRICAL_BASELINE_SHRINKAGE_PRIOR_WEIGHT_20
catcher,699024,Leo Bernal,12,4,0.333333333333,3.03495702323,0.25291308527,0.283070678293,0.0301575930239,0.126983691618,0.439157664969,False,False,False,EMPIRICAL_BASELINE_SHRINKAGE_PRIOR_WEIGHT_20
catcher,699625,Jimmy Crooks,92,17,0.184782608696,15.3958616469,0.167346322249,0.181668986116,0.0143226638669,0.110260148847,0.253077823385,True,False,False,EMPIRICAL_BASELINE_SHRINKAGE_PRIOR_WEIGHT_20
catcher,700337,Edgar Quero,112,28,0.25,18.7233045686,0.16717236222,0.237450357912,0.0702779956921,0.164858221036,0.310042494788,True,False,False,EMPIRICAL_BASELINE_SHRINKAGE_PRIOR_WEIGHT_20
catcher,700652,Kenny Piper,8,1,0.125,1.58588385499,0.198235481874,0.177311058481,-0.0209244233926,0.0358415656168,0.318780551346,False,False,False,EMPIRICAL_BASELINE_SHRINKAGE_PRIOR_WEIGHT_20
catcher,701852,Drew Cavanaugh,89,24,0.269662921348,18.4282310853,0.20705877624,0.258175922246,0.0511171460061,0.176017677254,0.340334167237,True,False,False,EMPIRICAL_BASELINE_SHRINKAGE_PRIOR_WEIGHT_20
catcher,804668,Rafael Flores Jr.,59,9,0.152542372881,11.5566507328,0.195875436149,0.163512768645,-0.0323626675034,0.0819582516776,0.245067285613,True,False,False,EMPIRICAL_BASELINE_SHRINKAGE_PRIOR_WEIGHT_20
catcher,805672,Collin Price,6,0,0,0.7217751863,0.120295864383,0.0925352802949,-0.0277605840885,-0.0188526013196,0.203923161909,False,False,False,EMPIRICAL_BASELINE_SHRINKAGE_PRIOR_WEIGHT_20
catcher,806956,Ethan Salas,3,0,0,0.671643600469,0.223881200156,0.194679304484,-0.0292018956726,0.0328577099216,0.356500899046,False,False,False,EMPIRICAL_BASELINE_SHRINKAGE_PRIOR_WEIGHT_20
umpire,427013,Lance Barksdale,130,29,0.223076923077,23.4985527812,0.180758098317,0.217434413109,0.0366763147918,0.151420579364,0.283448246854,True,False,False,EMPIRICAL_BASELINE_SHRINKAGE_PRIOR_WEIGHT_20
umpire,427044,CB Bucknor,18,6,0.333333333333,5.70232577056,0.316795876142,0.324629408496,0.00783353235356,0.175751836938,0.473506980054,False,False,False,EMPIRICAL_BASELINE_SHRINKAGE_PRIOR_WEIGHT_20
umpire,427113,Laz Diaz,157,35,0.222929936306,28.6369204976,0.182400767501,0.218350369209,0.0359496017083,0.157487493704,0.279213244714,True,False,False,EMPIRICAL_BASELINE_SHRINKAGE_PRIOR_WEIGHT_20
umpire,427128,Rob Drake,183,31,0.169398907104,33.4931618353,0.183022742269,0.170741156874,-0.0122815853956,0.118977825596,0.222504488152,True,False,False,EMPIRICAL_BASELINE_SHRINKAGE_PRIOR_WEIGHT_20
umpire,427129,Bruce Dreckman,161,28,0.173913043478,26.283649817,0.163252483335,0.172735081032,0.0094825976962,0.117663269556,0.227806892507,True,False,False,EMPIRICAL_BASELINE_SHRINKAGE_PRIOR_WEIGHT_20
umpire,427139,Doug Eddings,180,42,0.233333333333,34.7184466435,0.192880259131,0.229288025913,0.0364077667824,0.171027042054,0.287549009772,True,False,False,EMPIRICAL_BASELINE_SHRINKAGE_PRIOR_WEIGHT_20
umpire,427164,Andy Fletcher,113,30,0.265486725664,22.1835390977,0.196314505289,0.255084888013,0.0587703827241,0.181000617557,0.329169158469,True,False,False,EMPIRICAL_BASELINE_SHRINKAGE_PRIOR_WEIGHT_20
umpire,427197,Chris Guccione,113,29,0.256637168142,22.2130017055,0.196575236332,0.247605298696,0.0510300623648,0.17424973104,0.320960866353,True,False,False,EMPIRICAL_BASELINE_SHRINKAGE_PRIOR_WEIGHT_20
umpire,427243,Marvin Hudson,118,24,0.203389830508,22.3322620885,0.189256458377,0.201341515707,0.0120850573298,0.134435718507,0.268247312907,True,False,False,EMPIRICAL_BASELINE_SHRINKAGE_PRIOR_WEIGHT_20
umpire,427248,Dan Iassogna,187,47,0.251336898396,42.2182307582,0.225765939883,0.248866274385,0.0231003345016,0.189966646256,0.307765902514,True,False,False,EMPIRICAL_BASELINE_SHRINKAGE_PRIOR_WEIGHT_20
umpire,427292,Ron Kulpa,166,36,0.21686746988,36.0803808705,0.217351691991,0.216919536773,-0.000432155217525,0.157688119023,0.276150954524,True,False,False,EMPIRICAL_BASELINE_SHRINKAGE_PRIOR_WEIGHT_20
umpire,427315,Alfonso Márquez,128,22,0.171875,21.1198088386,0.164998506552,0.170945744129,0.00594723757677,0.110293644915,0.231597843342,True,False,False,EMPIRICAL_BASELINE_SHRINKAGE_PRIOR_WEIGHT_20
umpire,427344,Bill Miller,161,36,0.223602484472,30.4167907367,0.188924166066,0.219770626085,0.0308464600183,0.159443483558,0.280097768611,True,False,False,EMPIRICAL_BASELINE_SHRINKAGE_PRIOR_WEIGHT_20
umpire,427366,Brian O'Nora,103,20,0.194174757282,17.0399975154,0.165436869081,0.189501929932,0.0240650608505,0.120241317602,0.258762542262,True,False,False,EMPIRICAL_BASELINE_SHRINKAGE_PRIOR_WEIGHT_20
umpire,427533,Mark Wegner,131,20,0.152671755725,23.2009353829,0.177106376969,0.1559081294,-0.0211982475688,0.098045676942,0.213770581858,True,False,False,EMPIRICAL_BASELINE_SHRINKAGE_PRIOR_WEIGHT_20
umpire,427537,Hunter Wendelstedt,165,46,0.278787878788,32.8834731752,0.199293776819,0.270193921818,0.070900144999,0.206203977433,0.334183866204,True,False,False,EMPIRICAL_BASELINE_SHRINKAGE_PRIOR_WEIGHT_20
umpire,427554,Jim Wolf,126,23,0.18253968254,23.8341625126,0.189160019942,0.183446578074,-0.00571344186743,0.12066579151,0.246227364638,True,False,False,EMPIRICAL_BASELINE_SHRINKAGE_PRIOR_WEIGHT_20
umpire,428442,James Hoye,119,27,0.226890756303,20.7696847327,0.174535165821,0.219357577816,0.0448224119952,0.150563497937,0.288151657695,True,False,False,EMPIRICAL_BASELINE_SHRINKAGE_PRIOR_WEIGHT_20
umpire,429805,Todd Tichenor,114,18,0.157894736842,17.9997442329,0.157892493271,0.157894401981,1.90870946457e-06,0.0961538773188,0.219634926643,True,False,False,EMPIRICAL_BASELINE_SHRINKAGE_PRIOR_WEIGHT_20
umpire,431232,Chad Fairchild,160,24,0.15,26.6266747149,0.166416716968,0.151824079663,-0.014592637305,0.0993997221417,0.204248437185,True,False,False,EMPIRICAL_BASELINE_SHRINKAGE_PRIOR_WEIGHT_20
umpire,482608,Scott Barry,106,13,0.122641509434,14.2265965782,0.134213175266,0.124478281788,-0.00973489347791,0.0668346874606,0.182121876116,True,False,False,EMPIRICAL_BASELINE_SHRINKAGE_PRIOR_WEIGHT_20
umpire,482620,Chris Conroy,105,21,0.2,19.3977053669,0.184740051113,0.197558408178,0.0128183570651,0.127758389421,0.267358426935,True,False,False,EMPIRICAL_BASELINE_SHRINKAGE_PRIOR_WEIGHT_20
umpire,482631,Mike Estabrook,160,42,0.2625,29.8260523957,0.186412827473,0.254045869719,0.0676330422462,0.190449555047,0.317642184391,True,False,False,EMPIRICAL_BASELINE_SHRINKAGE_PRIOR_WEIGHT_20
umpire,482641,Adrian Johnson,123,24,0.19512195122,20.7465383305,0.168671043338,0.191422523544,0.0227514802062,0.126939500276,0.255905546812,True,False,False,EMPIRICAL_BASELINE_SHRINKAGE_PRIOR_WEIGHT_20
umpire,482663,David Rackley,147,24,0.163265306122,24.8275860205,0.168895142997,0.163939538083,-0.00495560491325,0.107788403992,0.220090672175,True,False,False,EMPIRICAL_BASELINE_SHRINKAGE_PRIOR_WEIGHT_20
umpire,482666,D.J. Reyburn,127,28,0.220472440945,23.6284022197,0.186050411179,0.215789171589,0.0297387604101,0.149288099735,0.282290243443,True,False,False,EMPIRICAL_BASELINE_SHRINKAGE_PRIOR_WEIGHT_20
umpire,483561,Lance Barrett,158,34,0.215189873418,29.0875323113,0.184098305768,0.21169643885,0.0275981330828,0.151682851103,0.271710026597,True,False,False,EMPIRICAL_BASELINE_SHRINKAGE_PRIOR_WEIGHT_20
umpire,483564,Dan Bellino,137,34,0.248175182482,28.4430487131,0.207613494256,0.24300808844,0.035394594184,0.175917402943,0.310098773938,True,False,False,EMPIRICAL_BASELINE_SHRINKAGE_PRIOR_WEIGHT_20
umpire,483569,Vic Carapazza,142,26,0.183098591549,26.20530148,0.18454437662,0.183277083533,-0.00126729308641,0.123698521423,0.242855645643,True,False,False,EMPIRICAL_BASELINE_SHRINKAGE_PRIOR_WEIGHT_20
umpire,483630,John Tumpane,119,27,0.226890756303,23.0932141467,0.194060623082,0.222166996127,0.0281063730452,0.153058470773,0.29127552148,True,False,False,EMPIRICAL_BASELINE_SHRINKAGE_PRIOR_WEIGHT_20
umpire,483912,Mike Muchlinski,181,24,0.132596685083,28.0870328026,0.15517697681,0.13484348028,-0.0203334965303,0.0876240914488,0.18206286911,True,False,False,EMPIRICAL_BASELINE_SHRINKAGE_PRIOR_WEIGHT_20
umpire,483919,Mark Ripperger,107,20,0.18691588785,18.7447055378,0.175184163905,0.185068372269,0.00988420836344,0.117525286157,0.25261145838,True,False,False,EMPIRICAL_BASELINE_SHRINKAGE_PRIOR_WEIGHT_20
umpire,484183,Cory Blaser,136,32,0.235294117647,24.9385195019,0.183371466926,0.228637367555,0.0452659006289,0.162735658738,0.294539076371,True,False,False,EMPIRICAL_BASELINE_SHRINKAGE_PRIOR_WEIGHT_20
umpire,484198,Alan Porter,113,22,0.194690265487,19.0548826897,0.16862728044,0.190771019615,0.0221437391753,0.1239947483,0.25754729093,True,False,False,EMPIRICAL_BASELINE_SHRINKAGE_PRIOR_WEIGHT_20
umpire,484499,Manny Gonzalez,156,36,0.230769230769,28.3984263617,0.182041194626,0.225231953935,0.0431907593085,0.163515553242,0.286948354627,True,False,False,EMPIRICAL_BASELINE_SHRINKAGE_PRIOR_WEIGHT_20
umpire,485856,Jonathan Parra,69,10,0.144927536232,13.3601733909,0.193625701317,0.155870944116,-0.0377547572012,0.0805096971807,0.231232191052,True,False,False,EMPIRICAL_BASELINE_SHRINKAGE_PRIOR_WEIGHT_20
umpire,489985,Chad Whitson,125,20,0.16,21.4268225025,0.17141458002,0.16157442483,-0.00984015518983,0.101665622387,0.221483227274,True,False,False,EMPIRICAL_BASELINE_SHRINKAGE_PRIOR_WEIGHT_20
umpire,490319,Jordan Baker,121,19,0.157024793388,22.7362919496,0.187903239253,0.161404714788,-0.0264985244656,0.100677853961,0.222131575614,True,False,False,EMPIRICAL_BASELINE_SHRINKAGE_PRIOR_WEIGHT_20
umpire,503077,Adam Hamari,119,21,0.176470588235,19.2856836623,0.16206456859,0.174397779653,0.0123332110629,0.111315907622,0.237479651684,True,False,False,EMPIRICAL_BASELINE_SHRINKAGE_PRIOR_WEIGHT_20
umpire,503490,Chris Segal,150,34,0.226666666667,26.7843386639,0.178562257759,0.221007324442,0.042445066683,0.15863360661,0.283381042275,True,False,False,EMPIRICAL_BASELINE_SHRINKAGE_PRIOR_WEIGHT_20
umpire,503493,Sean Barber,138,33,0.239130434783,28.135336559,0.203879250427,0.234668259548,0.0307890091203,0.168586809148,0.300749709948,True,False,False,EMPIRICAL_BASELINE_SHRINKAGE_PRIOR_WEIGHT_20
umpire,503502,Ryan Blakney,98,21,0.214285714286,17.0847525339,0.17433420953,0.207514272802,0.033180063272,0.134343982394,0.280684563209,True,False,False,EMPIRICAL_BASELINE_SHRINKAGE_PRIOR_WEIGHT_20
umpire,503586,Tripp Gibson,117,29,0.247863247863,24.0499211049,0.205554881239,0.241686843976,0.0361319627378,0.169998823494,0.313374864459,True,False,False,EMPIRICAL_BASELINE_SHRINKAGE_PRIOR_WEIGHT_20
umpire,504381,Will Little,120,29,0.241666666667,21.5478032772,0.17956502731,0.232795003901,0.0532299765913,0.162789112098,0.302800895705,True,False,False,EMPIRICAL_BASELINE_SHRINKAGE_PRIOR_WEIGHT_20
umpire,511890,Quinn Wolcott,132,19,0.143939393939,21.9793150514,0.16650996251,0.146909205593,-0.0196007569169,0.0906289047429,0.203189506444,True,False,False,EMPIRICAL_BASELINE_SHRINKAGE_PRIOR_WEIGHT_20
umpire,521051,Nick Mahrley,143,23,0.160839160839,23.5406892333,0.164620204428,0.161303092568,-0.00331711186057,0.104837207876,0.21776897726,True,False,False,EMPIRICAL_BASELINE_SHRINKAGE_PRIOR_WEIGHT_20
umpire,521251,Ben May,141,22,0.156028368794,23.8884041342,0.169421305916,0.157692087691,-0.0117292182247,0.101395311626,0.213988863756,True,False,False,EMPIRICAL_BASELINE_SHRINKAGE_PRIOR_WEIGHT_20
umpire,521889,Stu Scheurwater,139,31,0.223021582734,31.5373281845,0.226887253126,0.223507830582,-0.00337942254412,0.158752962792,0.288262698372,True,False,False,EMPIRICAL_BASELINE_SHRINKAGE_PRIOR_WEIGHT_20
umpire,544728,Nic Lentz,98,15,0.15306122449,17.7871113047,0.181501135762,0.157881548434,-0.0236195873281,0.0920904181062,0.223672678762,True,False,False,EMPIRICAL_BASELINE_SHRINKAGE_PRIOR_WEIGHT_20
umpire,545402,John Bacon,93,21,0.225806451613,18.2452112027,0.196185066696,0.220563728619,0.0243786619231,0.144114307182,0.297013150056,True,False,False,EMPIRICAL_BASELINE_SHRINKAGE_PRIOR_WEIGHT_20
umpire,547380,Carlos Torres,124,14,0.112903225806,21.6846113179,0.174875897725,0.121510541351,-0.0533653563744,0.0681463318519,0.17487475085,True,False,False,EMPIRICAL_BASELINE_SHRINKAGE_PRIOR_WEIGHT_20
umpire,554242,Edwin Moscoso,89,22,0.247191011236,14.6009675706,0.1640558154,0.231936846862,0.0678810314626,0.152700186607,0.311173507118,True,False,False,EMPIRICAL_BASELINE_SHRINKAGE_PRIOR_WEIGHT_20
umpire,573597,Gabe Morales,131,27,0.206106870229,26.0430754561,0.198802102718,0.205139351353,0.00633724863535,0.140731681857,0.269547020849,True,False,False,EMPIRICAL_BASELINE_SHRINKAGE_PRIOR_WEIGHT_20
umpire,575629,Shane Livensparger,109,21,0.192660550459,17.8472690893,0.163736413664,0.188176188165,0.0244397745012,0.120727354771,0.255625021559,True,False,False,EMPIRICAL_BASELINE_SHRINKAGE_PRIOR_WEIGHT_20
umpire,577468,Roberto Ortiz,118,26,0.220338983051,20.9822333701,0.177815537035,0.214176164788,0.0363606277526,0.145727544956,0.282624784619,True,False,False,EMPIRICAL_BASELINE_SHRINKAGE_PRIOR_WEIGHT_20
umpire,594151,Ramon De Jesus,124,27,0.217741935484,24.640560214,0.198714195274,0.215099193788,0.0163849985138,0.147986973919,0.282211413657,True,False,False,EMPIRICAL_BASELINE_SHRINKAGE_PRIOR_WEIGHT_20
umpire,596740,Jansen Visconti,79,14,0.177215189873,16.1837018972,0.204856986041,0.182799391119,-0.0220575949216,0.106663368165,0.258935414074,True,False,False,EMPIRICAL_BASELINE_SHRINKAGE_PRIOR_WEIGHT_20
umpire,596805,John Libka,87,10,0.114942528736,16.8138323431,0.193262440725,0.129581764622,-0.0636806761036,0.065946168342,0.193217360901,True,False,False,EMPIRICAL_BASELINE_SHRINKAGE_PRIOR_WEIGHT_20
umpire,596809,Ryan Additon,109,15,0.137614678899,16.8611214867,0.154689187951,0.140261889605,-0.0144272983465,0.0803360471513,0.200187732058,True,False,False,EMPIRICAL_BASELINE_SHRINKAGE_PRIOR_WEIGHT_20
umpire,598411,Nestor Ceja,113,20,0.176991150442,18.9017423012,0.167272055762,0.175529632445,0.00825757668302,0.11087598984,0.240183275051,True,False,False,EMPIRICAL_BASELINE_SHRINKAGE_PRIOR_WEIGHT_20
umpire,605670,Dan Merzel,142,28,0.197183098592,26.3515710526,0.185574444033,0.195749931362,0.0101754873294,0.134649408509,0.256850454215,True,False,False,EMPIRICAL_BASELINE_SHRINKAGE_PRIOR_WEIGHT_20
umpire,605671,Charlie Ramos,96,20,0.208333333333,15.3601674165,0.160001743922,0.200000300676,0.0399985567542,0.127207687073,0.27279291428,True,False,False,EMPIRICAL_BASELINE_SHRINKAGE_PRIOR_WEIGHT_20
umpire,605672,Jeremie Rehak,95,26,0.273684210526,19.1134446968,0.201194154703,0.261077244296,0.0598830895931,0.180800235513,0.341354253079,True,False,False,EMPIRICAL_BASELINE_SHRINKAGE_PRIOR_WEIGHT_20
umpire,605673,Alex Tosi,115,16,0.139130434783,17.3516278267,0.150883720232,0.140871662257,-0.0100120579754,0.0821862676995,0.199557056814,True,False,False,EMPIRICAL_BASELINE_SHRINKAGE_PRIOR_WEIGHT_20
umpire,605674,Ryan Wills,131,30,0.229007633588,25.0339084872,0.19109853807,0.223986561334,0.0328880232636,0.157487854472,0.290485268196,True,False,False,EMPIRICAL_BASELINE_SHRINKAGE_PRIOR_WEIGHT_20
umpire,607884,Paul Clemons,135,21,0.155555555556,21.2616968056,0.157494050412,0.155805683924,-0.00168836648756,0.0987100258825,0.212901341966,True,False,False,EMPIRICAL_BASELINE_SHRINKAGE_PRIOR_WEIGHT_20
umpire,608093,Junior Valentine,102,18,0.176470588235,18.388528701,0.180279693147,0.177095031664,-0.00318466148387,0.109353628696,0.244836434631,True,False,False,EMPIRICAL_BASELINE_SHRINKAGE_PRIOR_WEIGHT_20
umpire,608158,Nate Tomlinson,103,22,0.21359223301,20.9685187081,0.203577851535,0.211963878298,0.0083860267631,0.139735559422,0.284192197175,True,False,False,EMPIRICAL_BASELINE_SHRINKAGE_PRIOR_WEIGHT_20
umpire,621660,Emil Jimenez,130,22,0.169230769231,25.1131797773,0.193178305979,0.172423774131,-0.0207545318487,0.111971447763,0.232876100498,True,False,False,EMPIRICAL_BASELINE_SHRINKAGE_PRIOR_WEIGHT_20
umpire,623938,Erich Bacchus,123,18,0.146341463415,19.678793407,0.1599901903,0.148250376266,-0.0117398140346,0.0900076185611,0.206493133971,True,False,False,EMPIRICAL_BASELINE_SHRINKAGE_PRIOR_WEIGHT_20
umpire,623945,Alex MacKay,115,17,0.147826086957,20.0603453888,0.174437785989,0.151768560887,-0.022669225102,0.0912432153138,0.212293906461,True,False,False,EMPIRICAL_BASELINE_SHRINKAGE_PRIOR_WEIGHT_20
umpire,623946,Malachi Moore,160,37,0.23125,29.2088810901,0.182555506813,0.225839500757,0.0432839939437,0.164754402695,0.286924598819,True,False,False,EMPIRICAL_BASELINE_SHRINKAGE_PRIOR_WEIGHT_20
umpire,623949,Clint Vondrak,125,19,0.152,20.3175498527,0.162540398822,0.153453848113,-0.00908655070821,0.0947878745802,0.212119821646,True,False,False,EMPIRICAL_BASELINE_SHRINKAGE_PRIOR_WEIGHT_20
umpire,639723,Brennan Miller,129,18,0.139534883721,21.8856377033,0.169656106227,0.143578000836,-0.026078105391,0.0872725039438,0.199883497728,True,False,False,EMPIRICAL_BASELINE_SHRINKAGE_PRIOR_WEIGHT_20
umpire,644760,Adam Beck,131,23,0.175572519084,21.9627503856,0.167654583096,0.174523785841,0.00686920274449,0.113983120125,0.235064451556,True,False,False,EMPIRICAL_BASELINE_SHRINKAGE_PRIOR_WEIGHT_20
umpire,658082,Jacob Metz,95,14,0.147368421053,18.6779093046,0.196609571627,0.155932099413,-0.0406774722138,0.0896244539741,0.222239744853,True,False,False,EMPIRICAL_BASELINE_SHRINKAGE_PRIOR_WEIGHT_20
umpire,658292,Derek Thomas,66,9,0.136363636364,11.4476827302,0.173449738336,0.144988311241,-0.028461427095,0.0705735029212,0.219403119561,True,False,False,EMPIRICAL_BASELINE_SHRINKAGE_PRIOR_WEIGHT_20
umpire,658325,Tyler Jones,76,20,0.263157894737,14.6955621819,0.193362660288,0.248617220893,0.0552545606056,0.162156933017,0.33507750877,True,False,False,EMPIRICAL_BASELINE_SHRINKAGE_PRIOR_WEIGHT_20
umpire,658536,Austin Jones,79,14,0.177215189873,13.2640219835,0.16789901245,0.175333133828,0.00743412137838,0.100428317314,0.250237950342,True,False,False,EMPIRICAL_BASELINE_SHRINKAGE_PRIOR_WEIGHT_20
umpire,664263,Edwin Jimenez,70,9,0.128571428571,13.2797406717,0.189710581025,0.142157906894,-0.0475526741303,0.0700099556459,0.214305858143,True,False,False,EMPIRICAL_BASELINE_SHRINKAGE_PRIOR_WEIGHT_20
umpire,665281,Brian Walsh,116,35,0.301724137931,19.9538910856,0.172016302462,0.282649456244,0.110633153782,0.206970277551,0.358328634937,True,False,False,EMPIRICAL_BASELINE_SHRINKAGE_PRIOR_WEIGHT_20
umpire,665297,Tom Hanahan,126,27,0.214285714286,19.5081121924,0.154826287241,0.206140587293,0.0513143000524,0.140521044932,0.271760129655,True,False,False,EMPIRICAL_BASELINE_SHRINKAGE_PRIOR_WEIGHT_20
umpire,665298,Dexter Kelley,97,20,0.20618556701,17.8013916712,0.183519501764,0.202311025943,0.0187915241782,0.129518010347,0.275104041538,True,False,False,EMPIRICAL_BASELINE_SHRINKAGE_PRIOR_WEIGHT_20
umpire,665299,Louie Krupa,58,9,0.155172413793,12.377466022,0.213404586587,0.17010374015,-0.0433008464363,0.086720723122,0.253486757179,True,False,False,EMPIRICAL_BASELINE_SHRINKAGE_PRIOR_WEIGHT_20
umpire,665302,Dillon Wilson,35,6,0.171428571429,6.05528421636,0.173008120467,0.172002952897,-0.00100516757019,0.0722657758101,0.271740129984,True,False,False,EMPIRICAL_BASELINE_SHRINKAGE_PRIOR_WEIGHT_20
umpire,665576,Brock Ballou,91,22,0.241758241758,14.5684806212,0.160093193639,0.227043818674,0.0669506250346,0.149109837807,0.304977799541,True,False,False,EMPIRICAL_BASELINE_SHRINKAGE_PRIOR_WEIGHT_20
umpire,668921,Jen Pawol,77,18,0.233766233766,13.3297412122,0.173113522237,0.221260520049,0.0481469978122,0.138653250968,0.303867789129,True,False,False,EMPIRICAL_BASELINE_SHRINKAGE_PRIOR_WEIGHT_20
umpire,676580,Steven Jaschinski,78,10,0.128205128205,13.6587039916,0.175111589636,0.137777875436,-0.0373337141998,0.0695373508697,0.206018400002,True,False,False,EMPIRICAL_BASELINE_SHRINKAGE_PRIOR_WEIGHT_20
umpire,676581,James Jean,83,9,0.10843373494,12.9363437081,0.155859562748,0.117642633543,-0.0382169292049,0.0554209029774,0.179864364109,True,False,False,EMPIRICAL_BASELINE_SHRINKAGE_PRIOR_WEIGHT_20
umpire,681849,Felix Neon,39,17,0.435897435897,6.98527284868,0.179109560223,0.348850698381,0.169741138158,0.227234855682,0.470466541079,True,False,False,EMPIRICAL_BASELINE_SHRINKAGE_PRIOR_WEIGHT_20
umpire,691042,Willie Traynor,101,15,0.148514851485,17.2546248474,0.170837869776,0.152204606575,-0.0186332632018,0.0881982935891,0.21621091956,True,False,False,EMPIRICAL_BASELINE_SHRINKAGE_PRIOR_WEIGHT_20
