away_team,game_date,game_pk,home_team,processed,status,venue
Atlanta Braves,2026-09-02,822686,Washington Nationals,True,Final,Nationals Park
Atlanta Braves,2026-09-01,822687,Washington Nationals,True,Final,Nationals Park
Miami Marlins,2026-08-30,822688,Washington Nationals,True,Final,Nationals Park
Miami Marlins,2026-08-31,822689,Washington Nationals,True,Final,Nationals Park
Miami Marlins,2026-08-29,822690,Washington Nationals,True,Final,Nationals Park
Miami Marlins,2026-08-28,822691,Washington Nationals,True,Final,Nationals Park
Colorado Rockies,2026-08-26,822692,Washington Nationals,True,Final,Nationals Park
Colorado Rockies,2026-08-25,822693,Washington Nationals,True,Final,Nationals Park
Colorado Rockies,2026-08-27,822694,Washington Nationals,True,Final,Nationals Park
Colorado Rockies,2026-08-24,822695,Washington Nationals,True,Final,Nationals Park
Chicago Cubs,2026-08-13,822696,Washington Nationals,True,Final,Nationals Park
Chicago Cubs,2026-08-11,822697,Washington Nationals,True,Final,Nationals Park
Chicago Cubs,2026-08-12,822698,Washington Nationals,True,Final,Nationals Park
Cincinnati Reds,2026-08-07,822699,Washington Nationals,True,Final,Nationals Park
Cincinnati Reds,2026-08-09,822700,Washington Nationals,True,Final,Nationals Park
Cincinnati Reds,2026-08-08,822701,Washington Nationals,True,Final,Nationals Park
Toronto Blue Jays,2026-07-29,822702,Washington Nationals,True,Final,Nationals Park
Toronto Blue Jays,2026-07-28,822703,Washington Nationals,True,Final,Nationals Park
Arizona Diamondbacks,2026-07-25,822704,Washington Nationals,True,Final,Nationals Park
Toronto Blue Jays,2026-07-27,822705,Washington Nationals,True,Final,Nationals Park
Arizona Diamondbacks,2026-07-26,822706,Washington Nationals,True,Final,Nationals Park
Arizona Diamondbacks,2026-07-24,822707,Washington Nationals,True,Final,Nationals Park
New York Yankees,2026-07-12,822708,Washington Nationals,True,Final,Nationals Park
New York Yankees,2026-07-10,822709,Washington Nationals,True,Final,Nationals Park
Houston Astros,2026-07-08,822710,Washington Nationals,True,Final,Nationals Park
New York Yankees,2026-07-11,822711,Washington Nationals,True,Final,Nationals Park
Houston Astros,2026-07-06,822712,Washington Nationals,True,Final,Nationals Park
Houston Astros,2026-07-07,822713,Washington Nationals,True,Final,Nationals Park
Pittsburgh Pirates,2026-07-03,822714,Washington Nationals,True,Final,Nationals Park
Pittsburgh Pirates,2026-07-05,822715,Washington Nationals,True,Final,Nationals Park
Pittsburgh Pirates,2026-07-04,822716,Washington Nationals,True,Final,Nationals Park
Philadelphia Phillies,2026-06-25,822717,Washington Nationals,True,Final,Nationals Park
Philadelphia Phillies,2026-06-23,822718,Washington Nationals,True,Final,Nationals Park
Philadelphia Phillies,2026-06-24,822719,Washington Nationals,True,Final,Nationals Park
Philadelphia Phillies,2026-06-22,822720,Washington Nationals,True,Final,Nationals Park
Kansas City Royals,2026-06-17,822721,Washington Nationals,True,Final,Nationals Park
Seattle Mariners,2026-06-14,822722,Washington Nationals,True,Final,Nationals Park
Kansas City Royals,2026-06-16,822723,Washington Nationals,True,Final,Nationals Park
Kansas City Royals,2026-06-15,822724,Washington Nationals,True,Final,Nationals Park
Seattle Mariners,2026-06-13,822725,Washington Nationals,True,Final,Nationals Park
Seattle Mariners,2026-06-12,822726,Washington Nationals,True,Final,Nationals Park
Miami Marlins,2026-06-03,822727,Washington Nationals,True,Final,Nationals Park
Miami Marlins,2026-06-02,822728,Washington Nationals,True,Final,Nationals Park
San Diego Padres,2026-05-31,822729,Washington Nationals,True,Final,Nationals Park
Miami Marlins,2026-06-01,822730,Washington Nationals,True,Final,Nationals Park
San Diego Padres,2026-05-30,822731,Washington Nationals,True,Final,Nationals Park
San Diego Padres,2026-05-29,822732,Washington Nationals,True,Final,Nationals Park
New York Mets,2026-05-21,822733,Washington Nationals,True,Final,Nationals Park
New York Mets,2026-05-18,822734,Washington Nationals,True,Final,Nationals Park
New York Mets,2026-05-20,822735,Washington Nationals,True,Final,Nationals Park
New York Mets,2026-05-19,822736,Washington Nationals,True,Final,Nationals Park
Baltimore Orioles,2026-05-16,822737,Washington Nationals,True,Final,Nationals Park
Baltimore Orioles,2026-05-17,822738,Washington Nationals,True,Final,Nationals Park
Baltimore Orioles,2026-05-15,822739,Washington Nationals,True,Final,Nationals Park
Minnesota Twins,2026-05-06,822740,Washington Nationals,True,Final,Nationals Park
Minnesota Twins,2026-05-07,822741,Washington Nationals,True,Final,Nationals Park
Milwaukee Brewers,2026-05-03,822742,Washington Nationals,True,Final,Nationals Park
Minnesota Twins,2026-05-05,822743,Washington Nationals,True,Final,Nationals Park
Milwaukee Brewers,2026-05-01,822744,Washington Nationals,True,Final,Nationals Park
Atlanta Braves,2026-04-23,822745,Washington Nationals,True,Final,Nationals Park
Milwaukee Brewers,2026-05-02,822746,Washington Nationals,True,Final,Nationals Park
Atlanta Braves,2026-04-21,822747,Washington Nationals,True,Final,Nationals Park
Atlanta Braves,2026-04-22,822748,Washington Nationals,True,Final,Nationals Park
Atlanta Braves,2026-04-20,822749,Washington Nationals,True,Final,Nationals Park
San Francisco Giants,2026-04-19,822750,Washington Nationals,True,Final,Nationals Park
San Francisco Giants,2026-04-18,822751,Washington Nationals,True,Final,Nationals Park
San Francisco Giants,2026-04-17,822752,Washington Nationals,True,Final,Nationals Park
St. Louis Cardinals,2026-04-08,822753,Washington Nationals,True,Final,Nationals Park
St. Louis Cardinals,2026-04-07,822754,Washington Nationals,True,Final,Nationals Park
St. Louis Cardinals,2026-04-06,822755,Washington Nationals,True,Final,Nationals Park
Los Angeles Dodgers,2026-04-05,822756,Washington Nationals,True,Final,Nationals Park
Los Angeles Dodgers,2026-04-04,822757,Washington Nationals,True,Final,Nationals Park
Los Angeles Dodgers,2026-04-03,822758,Washington Nationals,True,Final,Nationals Park
Seattle Mariners,2026-08-30,822766,Toronto Blue Jays,True,Final,Rogers Centre
Seattle Mariners,2026-08-28,822769,Toronto Blue Jays,True,Final,Rogers Centre
Seattle Mariners,2026-08-29,822770,Toronto Blue Jays,True,Final,Rogers Centre
Kansas City Royals,2026-08-27,822771,Toronto Blue Jays,True,Final,Rogers Centre
Kansas City Royals,2026-08-26,822772,Toronto Blue Jays,True,Final,Rogers Centre
Kansas City Royals,2026-08-25,822773,Toronto Blue Jays,True,Final,Rogers Centre
New York Yankees,2026-08-16,822774,Toronto Blue Jays,True,Final,Rogers Centre
New York Yankees,2026-08-15,822775,Toronto Blue Jays,True,Final,Rogers Centre
Boston Red Sox,2026-08-13,822776,Toronto Blue Jays,True,Final,Rogers Centre
New York Yankees,2026-08-14,822777,Toronto Blue Jays,True,Final,Rogers Centre
Boston Red Sox,2026-08-11,822778,Toronto Blue Jays,True,Final,Rogers Centre
Boston Red Sox,2026-08-12,822779,Toronto Blue Jays,True,Final,Rogers Centre
Boston Red Sox,2026-08-10,822780,Toronto Blue Jays,True,Final,Rogers Centre
St. Louis Cardinals,2026-08-01,822781,Toronto Blue Jays,True,Final,Rogers Centre
St. Louis Cardinals,2026-07-31,822782,Toronto Blue Jays,True,Final,Rogers Centre
St. Louis Cardinals,2026-08-02,822783,Toronto Blue Jays,True,Final,Rogers Centre
Tampa Bay Rays,2026-07-22,822784,Toronto Blue Jays,True,Final,Rogers Centre
Tampa Bay Rays,2026-07-23,822785,Toronto Blue Jays,True,Final,Rogers Centre
Chicago White Sox,2026-07-19,822786,Toronto Blue Jays,True,Final,Rogers Centre
Tampa Bay Rays,2026-07-21,822787,Toronto Blue Jays,True,Final,Rogers Centre
Tampa Bay Rays,2026-07-20,822788,Toronto Blue Jays,True,Final,Rogers Centre
Chicago White Sox,2026-07-17,822789,Toronto Blue Jays,True,Final,Rogers Centre
Chicago White Sox,2026-07-18,822790,Toronto Blue Jays,True,Final,Rogers Centre
New York Mets,2026-07-01,822791,Toronto Blue Jays,True,Final,Rogers Centre
New York Mets,2026-06-29,822792,Toronto Blue Jays,True,Final,Rogers Centre
New York Mets,2026-06-30,822793,Toronto Blue Jays,True,Final,Rogers Centre
Texas Rangers,2026-06-27,822794,Toronto Blue Jays,True,Final,Rogers Centre
Texas Rangers,2026-06-28,822795,Toronto Blue Jays,True,Final,Rogers Centre
Texas Rangers,2026-06-26,822796,Toronto Blue Jays,True,Final,Rogers Centre
Texas Rangers,2026-06-25,822797,Toronto Blue Jays,True,Final,Rogers Centre
Houston Astros,2026-06-24,822798,Toronto Blue Jays,True,Final,Rogers Centre
Houston Astros,2026-06-23,822799,Toronto Blue Jays,True,Final,Rogers Centre
Houston Astros,2026-06-22,822800,Toronto Blue Jays,True,Final,Rogers Centre
New York Yankees,2026-06-14,822801,Toronto Blue Jays,True,Final,Rogers Centre
New York Yankees,2026-06-13,822802,Toronto Blue Jays,True,Final,Rogers Centre
New York Yankees,2026-06-12,822803,Toronto Blue Jays,True,Final,Rogers Centre
Philadelphia Phillies,2026-06-10,822804,Toronto Blue Jays,True,Final,Rogers Centre
Philadelphia Phillies,2026-06-09,822805,Toronto Blue Jays,True,Final,Rogers Centre
Philadelphia Phillies,2026-06-08,822806,Toronto Blue Jays,True,Final,Rogers Centre
Baltimore Orioles,2026-06-07,822807,Toronto Blue Jays,True,Final,Rogers Centre
Baltimore Orioles,2026-06-06,822808,Toronto Blue Jays,True,Final,Rogers Centre
Miami Marlins,2026-05-27,822809,Toronto Blue Jays,True,Final,Rogers Centre
Baltimore Orioles,2026-06-05,822810,Toronto Blue Jays,True,Final,Rogers Centre
Miami Marlins,2026-05-26,822811,Toronto Blue Jays,True,Final,Rogers Centre
Miami Marlins,2026-05-25,822812,Toronto Blue Jays,True,Final,Rogers Centre
Pittsburgh Pirates,2026-05-24,822813,Toronto Blue Jays,True,Final,Rogers Centre
Pittsburgh Pirates,2026-05-23,822814,Toronto Blue Jays,True,Final,Rogers Centre
Tampa Bay Rays,2026-05-13,822815,Toronto Blue Jays,True,Final,Rogers Centre
Pittsburgh Pirates,2026-05-22,822816,Toronto Blue Jays,True,Final,Rogers Centre
Tampa Bay Rays,2026-05-12,822817,Toronto Blue Jays,True,Final,Rogers Centre
Tampa Bay Rays,2026-05-11,822818,Toronto Blue Jays,True,Final,Rogers Centre
Los Angeles Angels,2026-05-10,822819,Toronto Blue Jays,True,Final,Rogers Centre
Los Angeles Angels,2026-05-09,822820,Toronto Blue Jays,True,Final,Rogers Centre
Boston Red Sox,2026-04-29,822821,Toronto Blue Jays,True,Final,Rogers Centre
Los Angeles Angels,2026-05-08,822822,Toronto Blue Jays,True,Final,Rogers Centre
Boston Red Sox,2026-04-28,822823,Toronto Blue Jays,True,Final,Rogers Centre
Cleveland Guardians,2026-04-26,822824,Toronto Blue Jays,True,Final,Rogers Centre
Boston Red Sox,2026-04-27,822825,Toronto Blue Jays,True,Final,Rogers Centre
Cleveland Guardians,2026-04-25,822826,Toronto Blue Jays,True,Final,Rogers Centre
Cleveland Guardians,2026-04-24,822827,Toronto Blue Jays,True,Final,Rogers Centre
Minnesota Twins,2026-04-12,822828,Toronto Blue Jays,True,Final,Rogers Centre
Minnesota Twins,2026-04-10,822829,Toronto Blue Jays,True,Final,Rogers Centre
Minnesota Twins,2026-04-11,822830,Toronto Blue Jays,True,Final,Rogers Centre
Los Angeles Dodgers,2026-04-07,822831,Toronto Blue Jays,True,Final,Rogers Centre
Los Angeles Dodgers,2026-04-06,822832,Toronto Blue Jays,True,Final,Rogers Centre
Los Angeles Dodgers,2026-04-08,822833,Toronto Blue Jays,True,Final,Rogers Centre
Colorado Rockies,2026-03-30,822834,Toronto Blue Jays,True,Final,Rogers Centre
Colorado Rockies,2026-04-01,822835,Toronto Blue Jays,True,Final,Rogers Centre
Colorado Rockies,2026-03-31,822836,Toronto Blue Jays,True,Final,Rogers Centre
Athletics,2026-03-29,822837,Toronto Blue Jays,True,Final,Rogers Centre
Athletics,2026-03-28,822838,Toronto Blue Jays,True,Final,Rogers Centre
Athletics,2026-03-27,822839,Toronto Blue Jays,True,Final,Rogers Centre
Tampa Bay Rays,2026-09-06,822848,Texas Rangers,True,Final,Globe Life Field
Tampa Bay Rays,2026-09-05,822850,Texas Rangers,True,Final,Globe Life Field
Athletics,2026-09-02,822851,Texas Rangers,True,Final,Globe Life Field
Tampa Bay Rays,2026-09-04,822852,Texas Rangers,True,Final,Globe Life Field
Tampa Bay Rays,2026-09-03,822853,Texas Rangers,True,Final,Globe Life Field
Athletics,2026-09-01,822854,Texas Rangers,True,Final,Globe Life Field
Athletics,2026-08-31,822855,Texas Rangers,True,Final,Globe Life Field
Los Angeles Angels,2026-08-23,822856,Texas Rangers,True,Final,Globe Life Field
Los Angeles Angels,2026-08-21,822857,Texas Rangers,True,Final,Globe Life Field
Los Angeles Angels,2026-08-22,822858,Texas Rangers,True,Final,Globe Life Field
Washington Nationals,2026-08-18,822859,Texas Rangers,True,Final,Globe Life Field
Washington Nationals,2026-08-19,822860,Texas Rangers,True,Final,Globe Life Field
Washington Nationals,2026-08-20,822861,Texas Rangers,True,Final,Globe Life Field
Baltimore Orioles,2026-08-09,822862,Texas Rangers,True,Final,Globe Life Field
Baltimore Orioles,2026-08-07,822863,Texas Rangers,True,Final,Globe Life Field
Baltimore Orioles,2026-08-08,822864,Texas Rangers,True,Final,Globe Life Field
San Francisco Giants,2026-08-04,822865,Texas Rangers,True,Final,Globe Life Field
San Francisco Giants,2026-08-05,822866,Texas Rangers,True,Final,Globe Life Field
San Francisco Giants,2026-08-03,822867,Texas Rangers,True,Final,Globe Life Field
Seattle Mariners,2026-07-27,822868,Texas Rangers,True,Final,Globe Life Field
Seattle Mariners,2026-07-25,822869,Texas Rangers,True,Final,Globe Life Field
Seattle Mariners,2026-07-26,822870,Texas Rangers,True,Final,Globe Life Field
Chicago White Sox,2026-07-21,822871,Texas Rangers,True,Final,Globe Life Field
Seattle Mariners,2026-07-24,822872,Texas Rangers,True,Final,Globe Life Field
Chicago White Sox,2026-07-22,822873,Texas Rangers,True,Final,Globe Life Field
Chicago White Sox,2026-07-20,822874,Texas Rangers,True,Final,Globe Life Field
Houston Astros,2026-07-11,822875,Texas Rangers,True,Final,Globe Life Field
Houston Astros,2026-07-12,822876,Texas Rangers,True,Final,Globe Life Field
Los Angeles Angels,2026-07-09,822877,Texas Rangers,True,Final,Globe Life Field
Houston Astros,2026-07-10,822878,Texas Rangers,True,Final,Globe Life Field
Detroit Tigers,2026-07-05,822879,Texas Rangers,True,Final,Globe Life Field
Los Angeles Angels,2026-07-08,822880,Texas Rangers,True,Final,Globe Life Field
Los Angeles Angels,2026-07-07,822881,Texas Rangers,True,Final,Globe Life Field
Detroit Tigers,2026-07-04,822882,Texas Rangers,True,Final,Globe Life Field
San Diego Padres,2026-06-21,822883,Texas Rangers,True,Final,Globe Life Field
Detroit Tigers,2026-07-02,822884,Texas Rangers,True,Final,Globe Life Field
San Diego Padres,2026-06-20,822885,Texas Rangers,True,Final,Globe Life Field
San Diego Padres,2026-06-19,822886,Texas Rangers,True,Final,Globe Life Field
Minnesota Twins,2026-06-15,822887,Texas Rangers,True,Final,Globe Life Field
Minnesota Twins,2026-06-16,822888,Texas Rangers,True,Final,Globe Life Field
Minnesota Twins,2026-06-18,822889,Texas Rangers,True,Final,Globe Life Field
Cleveland Guardians,2026-06-07,822890,Texas Rangers,True,Final,Globe Life Field
Cleveland Guardians,2026-06-06,822891,Texas Rangers,True,Final,Globe Life Field
Cleveland Guardians,2026-06-05,822892,Texas Rangers,True,Final,Globe Life Field
Kansas City Royals,2026-05-30,822893,Texas Rangers,True,Final,Globe Life Field
Kansas City Royals,2026-05-29,822894,Texas Rangers,True,Final,Globe Life Field
Kansas City Royals,2026-05-31,822895,Texas Rangers,True,Final,Globe Life Field
Houston Astros,2026-05-28,822896,Texas Rangers,True,Final,Globe Life Field
Houston Astros,2026-05-27,822897,Texas Rangers,True,Final,Globe Life Field
Houston Astros,2026-05-26,822898,Texas Rangers,True,Final,Globe Life Field
Houston Astros,2026-05-25,822899,Texas Rangers,True,Final,Globe Life Field
Arizona Diamondbacks,2026-05-13,822900,Texas Rangers,True,Final,Globe Life Field
Arizona Diamondbacks,2026-05-11,822901,Texas Rangers,True,Final,Globe Life Field
Chicago Cubs,2026-05-10,822902,Texas Rangers,True,Final,Globe Life Field
Arizona Diamondbacks,2026-05-12,822903,Texas Rangers,True,Final,Globe Life Field
Chicago Cubs,2026-05-08,822904,Texas Rangers,True,Final,Globe Life Field
Chicago Cubs,2026-05-09,822905,Texas Rangers,True,Final,Globe Life Field
New York Yankees,2026-04-27,822906,Texas Rangers,True,Final,Globe Life Field
New York Yankees,2026-04-29,822907,Texas Rangers,True,Final,Globe Life Field
New York Yankees,2026-04-28,822908,Texas Rangers,True,Final,Globe Life Field
Athletics,2026-04-24,822909,Texas Rangers,True,Final,Globe Life Field
Athletics,2026-04-25,822910,Texas Rangers,True,Final,Globe Life Field
Athletics,2026-04-26,822911,Texas Rangers,True,Final,Globe Life Field
Pittsburgh Pirates,2026-04-23,822912,Texas Rangers,True,Final,Globe Life Field
Pittsburgh Pirates,2026-04-22,822913,Texas Rangers,True,Final,Globe Life Field
Pittsburgh Pirates,2026-04-21,822914,Texas Rangers,True,Final,Globe Life Field
Seattle Mariners,2026-04-08,822915,Texas Rangers,True,Final,Globe Life Field
Seattle Mariners,2026-04-07,822916,Texas Rangers,True,Final,Globe Life Field
Cincinnati Reds,2026-04-05,822917,Texas Rangers,True,Final,Globe Life Field
Seattle Mariners,2026-04-06,822918,Texas Rangers,True,Final,Globe Life Field
Cincinnati Reds,2026-04-03,822919,Texas Rangers,True,Final,Globe Life Field
Cincinnati Reds,2026-04-04,822920,Texas Rangers,True,Final,Globe Life Field
New York Mets,2026-09-01,822929,Tampa Bay Rays,True,Final,Tropicana Field
New York Mets,2026-09-02,822931,Tampa Bay Rays,True,Final,Tropicana Field
New York Mets,2026-08-31,822932,Tampa Bay Rays,True,Final,Tropicana Field
San Diego Padres,2026-08-30,822933,Tampa Bay Rays,True,Final,Tropicana Field
Toronto Blue Jays,2026-08-20,822934,Tampa Bay Rays,True,Final,Tropicana Field
San Diego Padres,2026-08-28,822935,Tampa Bay Rays,True,Final,Tropicana Field
San Diego Padres,2026-08-29,822936,Tampa Bay Rays,True,Final,Tropicana Field
Toronto Blue Jays,2026-08-19,822937,Tampa Bay Rays,True,Final,Tropicana Field
Toronto Blue Jays,2026-08-18,822938,Tampa Bay Rays,True,Final,Tropicana Field
Baltimore Orioles,2026-08-17,822939,Tampa Bay Rays,True,Final,Tropicana Field
Baltimore Orioles,2026-08-16,822940,Tampa Bay Rays,True,Final,Tropicana Field
Baltimore Orioles,2026-08-15,822941,Tampa Bay Rays,True,Final,Tropicana Field
Baltimore Orioles,2026-08-14,822942,Tampa Bay Rays,True,Final,Tropicana Field
Chicago White Sox,2026-08-02,822943,Tampa Bay Rays,True,Final,Tropicana Field
Chicago White Sox,2026-08-01,822944,Tampa Bay Rays,True,Final,Tropicana Field
Chicago White Sox,2026-07-31,822945,Tampa Bay Rays,True,Final,Tropicana Field
Texas Rangers,2026-07-30,822946,Tampa Bay Rays,True,Final,Tropicana Field
Texas Rangers,2026-07-29,822947,Tampa Bay Rays,True,Final,Tropicana Field
Cleveland Guardians,2026-07-25,822948,Tampa Bay Rays,True,Final,Tropicana Field
Texas Rangers,2026-07-28,822949,Tampa Bay Rays,True,Final,Tropicana Field
Cleveland Guardians,2026-07-26,822950,Tampa Bay Rays,True,Final,Tropicana Field
Seattle Mariners,2026-07-12,822951,Tampa Bay Rays,True,Final,Tropicana Field
Cleveland Guardians,2026-07-24,822952,Tampa Bay Rays,True,Final,Tropicana Field
Seattle Mariners,2026-07-11,822953,Tampa Bay Rays,True,Final,Tropicana Field
New York Yankees,2026-07-09,822954,Tampa Bay Rays,True,Final,Tropicana Field
Seattle Mariners,2026-07-10,822955,Tampa Bay Rays,True,Final,Tropicana Field
New York Yankees,2026-07-07,822956,Tampa Bay Rays,True,Final,Tropicana Field
New York Yankees,2026-07-08,822957,Tampa Bay Rays,True,Final,Tropicana Field
New York Yankees,2026-07-06,822958,Tampa Bay Rays,True,Final,Tropicana Field
Arizona Diamondbacks,2026-06-28,822959,Tampa Bay Rays,True,Final,Tropicana Field
Arizona Diamondbacks,2026-06-27,822960,Tampa Bay Rays,True,Final,Tropicana Field
Kansas City Royals,2026-06-25,822961,Tampa Bay Rays,True,Final,Tropicana Field
Arizona Diamondbacks,2026-06-26,822962,Tampa Bay Rays,True,Final,Tropicana Field
Kansas City Royals,2026-06-23,822963,Tampa Bay Rays,True,Final,Tropicana Field
Kansas City Royals,2026-06-22,822964,Tampa Bay Rays,True,Final,Tropicana Field
Kansas City Royals,2026-06-24,822965,Tampa Bay Rays,True,Final,Tropicana Field
Washington Nationals,2026-06-19,822966,Tampa Bay Rays,True,Final,Tropicana Field
Washington Nationals,2026-06-20,822967,Tampa Bay Rays,True,Final,Tropicana Field
Washington Nationals,2026-06-21,822968,Tampa Bay Rays,True,Final,Tropicana Field
Boston Red Sox,2026-06-09,822969,Tampa Bay Rays,True,Final,Tropicana Field
Boston Red Sox,2026-06-10,822970,Tampa Bay Rays,True,Final,Tropicana Field
Detroit Tigers,2026-06-02,822971,Tampa Bay Rays,True,Final,Tropicana Field
Boston Red Sox,2026-06-08,822972,Tampa Bay Rays,True,Final,Tropicana Field
Detroit Tigers,2026-06-03,822973,Tampa Bay Rays,True,Final,Tropicana Field
Detroit Tigers,2026-06-01,822974,Tampa Bay Rays,True,Final,Tropicana Field
Los Angeles Angels,2026-05-30,822975,Tampa Bay Rays,True,Final,Tropicana Field
Los Angeles Angels,2026-05-31,822976,Tampa Bay Rays,True,Final,Tropicana Field
Baltimore Orioles,2026-05-20,822977,Tampa Bay Rays,True,Final,Tropicana Field
Los Angeles Angels,2026-05-29,822978,Tampa Bay Rays,True,Final,Tropicana Field
Baltimore Orioles,2026-05-19,822979,Tampa Bay Rays,True,Final,Tropicana Field
Baltimore Orioles,2026-05-18,822980,Tampa Bay Rays,True,Final,Tropicana Field
Miami Marlins,2026-05-16,822981,Tampa Bay Rays,True,Final,Tropicana Field
Miami Marlins,2026-05-17,822982,Tampa Bay Rays,True,Final,Tropicana Field
Miami Marlins,2026-05-15,822983,Tampa Bay Rays,True,Final,Tropicana Field
Toronto Blue Jays,2026-05-04,822984,Tampa Bay Rays,True,Final,Tropicana Field
Toronto Blue Jays,2026-05-06,822985,Tampa Bay Rays,True,Final,Tropicana Field
Toronto Blue Jays,2026-05-05,822986,Tampa Bay Rays,True,Final,Tropicana Field
San Francisco Giants,2026-05-03,822987,Tampa Bay Rays,True,Final,Tropicana Field
San Francisco Giants,2026-05-02,822988,Tampa Bay Rays,True,Final,Tropicana Field
Minnesota Twins,2026-04-25,822989,Tampa Bay Rays,True,Final,Tropicana Field
San Francisco Giants,2026-05-01,822990,Tampa Bay Rays,True,Final,Tropicana Field
Minnesota Twins,2026-04-26,822991,Tampa Bay Rays,True,Final,Tropicana Field
Minnesota Twins,2026-04-24,822992,Tampa Bay Rays,True,Final,Tropicana Field
Cincinnati Reds,2026-04-22,822993,Tampa Bay Rays,True,Final,Tropicana Field
Cincinnati Reds,2026-04-20,822994,Tampa Bay Rays,True,Final,Tropicana Field
Cincinnati Reds,2026-04-21,822995,Tampa Bay Rays,True,Final,Tropicana Field
New York Yankees,2026-04-11,822996,Tampa Bay Rays,True,Final,Tropicana Field
New York Yankees,2026-04-10,822997,Tampa Bay Rays,True,Final,Tropicana Field
New York Yankees,2026-04-12,822998,Tampa Bay Rays,True,Final,Tropicana Field
Chicago Cubs,2026-04-07,822999,Tampa Bay Rays,True,Final,Tropicana Field
Chicago Cubs,2026-04-08,823000,Tampa Bay Rays,True,Final,Tropicana Field
Chicago Cubs,2026-04-06,823002,Tampa Bay Rays,True,Final,Tropicana Field
Pittsburgh Pirates,2026-08-30,823010,St. Louis Cardinals,True,Final,Busch Stadium
Pittsburgh Pirates,2026-08-29,823011,St. Louis Cardinals,True,Final,Busch Stadium
Pittsburgh Pirates,2026-08-28,823013,St. Louis Cardinals,True,Final,Busch Stadium
Baltimore Orioles,2026-08-27,823014,St. Louis Cardinals,True,Final,Busch Stadium
Baltimore Orioles,2026-08-26,823015,St. Louis Cardinals,True,Final,Busch Stadium
Baltimore Orioles,2026-08-25,823016,St. Louis Cardinals,True,Final,Busch Stadium
Philadelphia Phillies,2026-08-12,823017,St. Louis Cardinals,True,Final,Busch Stadium
Philadelphia Phillies,2026-08-10,823018,St. Louis Cardinals,True,Final,Busch Stadium
Philadelphia Phillies,2026-08-11,823019,St. Louis Cardinals,True,Final,Busch Stadium
Colorado Rockies,2026-08-09,823020,St. Louis Cardinals,True,Final,Busch Stadium
Colorado Rockies,2026-08-08,823021,St. Louis Cardinals,True,Final,Busch Stadium
Chicago Cubs,2026-07-29,823022,St. Louis Cardinals,True,Final,Busch Stadium
Chicago Cubs,2026-07-30,823023,St. Louis Cardinals,True,Final,Busch Stadium
Colorado Rockies,2026-08-07,823024,St. Louis Cardinals,True,Final,Busch Stadium
Chicago Cubs,2026-07-27,823025,St. Louis Cardinals,True,Final,Busch Stadium
Chicago Cubs,2026-07-28,823026,St. Louis Cardinals,True,Final,Busch Stadium
Cincinnati Reds,2026-07-25,823027,St. Louis Cardinals,True,Final,Busch Stadium
Cincinnati Reds,2026-07-26,823028,St. Louis Cardinals,True,Final,Busch Stadium
Atlanta Braves,2026-07-12,823029,St. Louis Cardinals,True,Final,Busch Stadium
Atlanta Braves,2026-07-11,823030,St. Louis Cardinals,True,Final,Busch Stadium
Cincinnati Reds,2026-07-24,823031,St. Louis Cardinals,True,Final,Busch Stadium
Milwaukee Brewers,2026-07-08,823032,St. Louis Cardinals,True,Final,Busch Stadium
Atlanta Braves,2026-07-10,823033,St. Louis Cardinals,True,Final,Busch Stadium
Milwaukee Brewers,2026-07-09,823034,St. Louis Cardinals,True,Final,Busch Stadium
Milwaukee Brewers,2026-07-07,823035,St. Louis Cardinals,True,Final,Busch Stadium
Milwaukee Brewers,2026-07-06,823036,St. Louis Cardinals,True,Final,Busch Stadium
Miami Marlins,2026-06-28,823037,St. Louis Cardinals,True,Final,Busch Stadium
Miami Marlins,2026-06-27,823038,St. Louis Cardinals,True,Final,Busch Stadium
Miami Marlins,2026-06-26,823039,St. Louis Cardinals,True,Final,Busch Stadium
Arizona Diamondbacks,2026-06-22,823040,St. Louis Cardinals,True,Final,Busch Stadium
Arizona Diamondbacks,2026-06-24,823041,St. Louis Cardinals,True,Final,Busch Stadium
Arizona Diamondbacks,2026-07-23,823042,St. Louis Cardinals,True,Final,Busch Stadium
Arizona Diamondbacks,2026-06-23,823043,St. Louis Cardinals,True,Final,Busch Stadium
San Diego Padres,2026-06-17,823044,St. Louis Cardinals,True,Final,Busch Stadium
San Diego Padres,2026-06-16,823045,St. Louis Cardinals,True,Final,Busch Stadium
San Diego Padres,2026-06-15,823046,St. Louis Cardinals,True,Final,Busch Stadium
Cincinnati Reds,2026-06-07,823047,St. Louis Cardinals,True,Final,Busch Stadium
Cincinnati Reds,2026-06-06,823048,St. Louis Cardinals,True,Final,Busch Stadium
Cincinnati Reds,2026-06-05,823049,St. Louis Cardinals,True,Final,Busch Stadium
Texas Rangers,2026-06-01,823050,St. Louis Cardinals,True,Final,Busch Stadium
Texas Rangers,2026-06-03,823051,St. Louis Cardinals,True,Final,Busch Stadium
Texas Rangers,2026-06-02,823052,St. Louis Cardinals,True,Final,Busch Stadium
Chicago Cubs,2026-05-31,823053,St. Louis Cardinals,True,Final,Busch Stadium
Chicago Cubs,2026-05-30,823054,St. Louis Cardinals,True,Final,Busch Stadium
Chicago Cubs,2026-05-29,823055,St. Louis Cardinals,True,Final,Busch Stadium
Pittsburgh Pirates,2026-05-21,823056,St. Louis Cardinals,True,Final,Busch Stadium
Pittsburgh Pirates,2026-05-20,823057,St. Louis Cardinals,True,Final,Busch Stadium
Kansas City Royals,2026-05-17,823058,St. Louis Cardinals,True,Final,Busch Stadium
Pittsburgh Pirates,2026-05-19,823059,St. Louis Cardinals,True,Final,Busch Stadium
Kansas City Royals,2026-05-16,823060,St. Louis Cardinals,True,Final,Busch Stadium
Kansas City Royals,2026-05-15,823061,St. Louis Cardinals,True,Final,Busch Stadium
Milwaukee Brewers,2026-07-07,823062,St. Louis Cardinals,True,Final,Busch Stadium
Milwaukee Brewers,2026-05-06,823063,St. Louis Cardinals,True,Final,Busch Stadium
Milwaukee Brewers,2026-05-04,823064,St. Louis Cardinals,True,Final,Busch Stadium
Los Angeles Dodgers,2026-05-03,823065,St. Louis Cardinals,True,Final,Busch Stadium
Los Angeles Dodgers,2026-05-01,823066,St. Louis Cardinals,True,Final,Busch Stadium
Los Angeles Dodgers,2026-05-02,823067,St. Louis Cardinals,True,Final,Busch Stadium
Seattle Mariners,2026-04-26,823068,St. Louis Cardinals,True,Final,Busch Stadium
Seattle Mariners,2026-04-24,823069,St. Louis Cardinals,True,Final,Busch Stadium
Seattle Mariners,2026-04-25,823070,St. Louis Cardinals,True,Final,Busch Stadium
Cleveland Guardians,2026-04-15,823071,St. Louis Cardinals,True,Final,Busch Stadium
Cleveland Guardians,2026-04-14,823072,St. Louis Cardinals,True,Final,Busch Stadium
Cleveland Guardians,2026-04-13,823073,St. Louis Cardinals,True,Final,Busch Stadium
Boston Red Sox,2026-04-11,823074,St. Louis Cardinals,True,Final,Busch Stadium
Boston Red Sox,2026-04-12,823075,St. Louis Cardinals,True,Final,Busch Stadium
Boston Red Sox,2026-04-10,823076,St. Louis Cardinals,True,Final,Busch Stadium
New York Mets,2026-03-31,823077,St. Louis Cardinals,True,Final,Busch Stadium
New York Mets,2026-04-01,823078,St. Louis Cardinals,True,Final,Busch Stadium
Tampa Bay Rays,2026-03-29,823079,St. Louis Cardinals,True,Final,Busch Stadium
New York Mets,2026-03-30,823080,St. Louis Cardinals,True,Final,Busch Stadium
Tampa Bay Rays,2026-03-26,823081,St. Louis Cardinals,True,Final,Busch Stadium
Tampa Bay Rays,2026-03-28,823082,St. Louis Cardinals,True,Final,Busch Stadium
Texas Rangers,2026-09-09,823090,Seattle Mariners,True,Final,T-Mobile Park
Athletics,2026-09-06,823091,Seattle Mariners,True,Final,T-Mobile Park
Texas Rangers,2026-09-08,823092,Seattle Mariners,True,Final,T-Mobile Park
Athletics,2026-09-04,823093,Seattle Mariners,True,Final,T-Mobile Park
Athletics,2026-09-05,823094,Seattle Mariners,True,Final,T-Mobile Park
Athletics,2026-09-03,823095,Seattle Mariners,True,Final,T-Mobile Park
Philadelphia Phillies,2026-08-26,823096,Seattle Mariners,True,Final,T-Mobile Park
Philadelphia Phillies,2026-08-24,823097,Seattle Mariners,True,Final,T-Mobile Park
Philadelphia Phillies,2026-08-25,823098,Seattle Mariners,True,Final,T-Mobile Park
Chicago Cubs,2026-08-23,823099,Seattle Mariners,True,Final,T-Mobile Park
Chicago Cubs,2026-08-22,823100,Seattle Mariners,True,Final,T-Mobile Park
Chicago Cubs,2026-08-21,823101,Seattle Mariners,True,Final,T-Mobile Park
Tampa Bay Rays,2026-08-08,823102,Seattle Mariners,True,Final,T-Mobile Park
Tampa Bay Rays,2026-08-07,823103,Seattle Mariners,True,Final,T-Mobile Park
Tampa Bay Rays,2026-08-09,823104,Seattle Mariners,True,Final,T-Mobile Park
Detroit Tigers,2026-08-06,823105,Seattle Mariners,True,Final,T-Mobile Park
Detroit Tigers,2026-08-05,823106,Seattle Mariners,True,Final,T-Mobile Park
Minnesota Twins,2026-08-02,823107,Seattle Mariners,True,Final,T-Mobile Park
Detroit Tigers,2026-08-04,823108,Seattle Mariners,True,Final,T-Mobile Park
Minnesota Twins,2026-08-01,823109,Seattle Mariners,True,Final,T-Mobile Park
Cincinnati Reds,2026-07-22,823110,Seattle Mariners,True,Final,T-Mobile Park
Minnesota Twins,2026-07-31,823111,Seattle Mariners,True,Final,T-Mobile Park
Cincinnati Reds,2026-07-20,823112,Seattle Mariners,True,Final,T-Mobile Park
San Francisco Giants,2026-07-19,823113,Seattle Mariners,True,Final,T-Mobile Park
Cincinnati Reds,2026-07-21,823114,Seattle Mariners,True,Final,T-Mobile Park
San Francisco Giants,2026-07-17,823115,Seattle Mariners,True,Final,T-Mobile Park
San Francisco Giants,2026-07-18,823116,Seattle Mariners,True,Final,T-Mobile Park
Toronto Blue Jays,2026-07-05,823117,Seattle Mariners,True,Final,T-Mobile Park
Toronto Blue Jays,2026-07-04,823118,Seattle Mariners,True,Final,T-Mobile Park
Los Angeles Angels,2026-07-02,823119,Seattle Mariners,True,Final,T-Mobile Park
Toronto Blue Jays,2026-07-03,823120,Seattle Mariners,True,Final,T-Mobile Park
Los Angeles Angels,2026-06-29,823121,Seattle Mariners,True,Final,T-Mobile Park
Los Angeles Angels,2026-06-30,823122,Seattle Mariners,True,Final,T-Mobile Park
Boston Red Sox,2026-06-21,823123,Seattle Mariners,True,Final,T-Mobile Park
Boston Red Sox,2026-06-19,823124,Seattle Mariners,True,Final,T-Mobile Park
Baltimore Orioles,2026-06-18,823125,Seattle Mariners,True,Final,T-Mobile Park
Boston Red Sox,2026-06-20,823126,Seattle Mariners,True,Final,T-Mobile Park
Baltimore Orioles,2026-06-17,823127,Seattle Mariners,True,Final,T-Mobile Park
Baltimore Orioles,2026-06-16,823128,Seattle Mariners,True,Final,T-Mobile Park
New York Mets,2026-06-02,823129,Seattle Mariners,True,Final,T-Mobile Park
New York Mets,2026-06-03,823130,Seattle Mariners,True,Final,T-Mobile Park
New York Mets,2026-06-01,823131,Seattle Mariners,True,Final,T-Mobile Park
Arizona Diamondbacks,2026-05-30,823132,Seattle Mariners,True,Final,T-Mobile Park
Arizona Diamondbacks,2026-05-31,823133,Seattle Mariners,True,Final,T-Mobile Park
Chicago White Sox,2026-05-20,823134,Seattle Mariners,True,Final,T-Mobile Park
Arizona Diamondbacks,2026-05-29,823135,Seattle Mariners,True,Final,T-Mobile Park
Chicago White Sox,2026-05-19,823136,Seattle Mariners,True,Final,T-Mobile Park
Chicago White Sox,2026-05-18,823137,Seattle Mariners,True,Final,T-Mobile Park
San Diego Padres,2026-05-17,823138,Seattle Mariners,True,Final,T-Mobile Park
San Diego Padres,2026-05-16,823139,Seattle Mariners,True,Final,T-Mobile Park
San Diego Padres,2026-05-15,823140,Seattle Mariners,True,Final,T-Mobile Park
Atlanta Braves,2026-05-06,823141,Seattle Mariners,True,Final,T-Mobile Park
Atlanta Braves,2026-05-05,823142,Seattle Mariners,True,Final,T-Mobile Park
Atlanta Braves,2026-05-04,823143,Seattle Mariners,True,Final,T-Mobile Park
Kansas City Royals,2026-05-02,823144,Seattle Mariners,True,Final,T-Mobile Park
Kansas City Royals,2026-05-03,823145,Seattle Mariners,True,Final,T-Mobile Park
Kansas City Royals,2026-05-01,823146,Seattle Mariners,True,Final,T-Mobile Park
Athletics,2026-04-22,823147,Seattle Mariners,True,Final,T-Mobile Park
Athletics,2026-04-21,823148,Seattle Mariners,True,Final,T-Mobile Park
Athletics,2026-04-20,823149,Seattle Mariners,True,Final,T-Mobile Park
Texas Rangers,2026-04-19,823150,Seattle Mariners,True,Final,T-Mobile Park
Texas Rangers,2026-04-18,823151,Seattle Mariners,True,Final,T-Mobile Park
Texas Rangers,2026-04-17,823152,Seattle Mariners,True,Final,T-Mobile Park
Houston Astros,2026-04-13,823153,Seattle Mariners,True,Final,T-Mobile Park
Houston Astros,2026-04-12,823154,Seattle Mariners,True,Final,T-Mobile Park
Houston Astros,2026-04-11,823155,Seattle Mariners,True,Final,T-Mobile Park
Houston Astros,2026-04-10,823156,Seattle Mariners,True,Final,T-Mobile Park
New York Yankees,2026-04-01,823157,Seattle Mariners,True,Final,T-Mobile Park
New York Yankees,2026-03-31,823158,Seattle Mariners,True,Final,T-Mobile Park
New York Yankees,2026-03-30,823159,Seattle Mariners,True,Final,T-Mobile Park
Cleveland Guardians,2026-03-29,823160,Seattle Mariners,True,Final,T-Mobile Park
Cleveland Guardians,2026-03-28,823161,Seattle Mariners,True,Final,T-Mobile Park
Cleveland Guardians,2026-03-27,823162,Seattle Mariners,True,Final,T-Mobile Park
Cleveland Guardians,2026-03-26,823163,Seattle Mariners,True,Final,T-Mobile Park
St. Louis Cardinals,2026-09-09,823172,San Francisco Giants,True,Final,Oracle Park
St. Louis Cardinals,2026-09-08,823174,San Francisco Giants,True,Final,Oracle Park
St. Louis Cardinals,2026-09-07,823175,San Francisco Giants,True,Final,Oracle Park
Arizona Diamondbacks,2026-08-29,823176,San Francisco Giants,True,Final,Oracle Park
Arizona Diamondbacks,2026-08-29,823177,San Francisco Giants,True,Final,Oracle Park
Arizona Diamondbacks,2026-08-28,823178,San Francisco Giants,True,Final,Oracle Park
Arizona Diamondbacks,2026-08-27,823179,San Francisco Giants,True,Final,Oracle Park
Cincinnati Reds,2026-08-26,823180,San Francisco Giants,True,Final,Oracle Park
Cincinnati Reds,2026-08-25,823181,San Francisco Giants,True,Final,Oracle Park
Colorado Rockies,2026-08-16,823182,San Francisco Giants,True,Final,Oracle Park
Cincinnati Reds,2026-08-24,823183,San Francisco Giants,True,Final,Oracle Park
Colorado Rockies,2026-08-15,823184,San Francisco Giants,True,Final,Oracle Park
Colorado Rockies,2026-08-14,823185,San Francisco Giants,True,Final,Oracle Park
Houston Astros,2026-08-11,823186,San Francisco Giants,True,Final,Oracle Park
Houston Astros,2026-08-12,823187,San Francisco Giants,True,Final,Oracle Park
Detroit Tigers,2026-08-08,823188,San Francisco Giants,True,Final,Oracle Park
Houston Astros,2026-08-10,823189,San Francisco Giants,True,Final,Oracle Park
Detroit Tigers,2026-08-09,823190,San Francisco Giants,True,Final,Oracle Park
Detroit Tigers,2026-08-07,823191,San Francisco Giants,True,Final,Oracle Park
Milwaukee Brewers,2026-07-29,823192,San Francisco Giants,True,Final,Oracle Park
Milwaukee Brewers,2026-07-28,823193,San Francisco Giants,True,Final,Oracle Park
Los Angeles Angels,2026-07-26,823194,San Francisco Giants,True,Final,Oracle Park
Milwaukee Brewers,2026-07-27,823195,San Francisco Giants,True,Final,Oracle Park
Los Angeles Angels,2026-07-24,823196,San Francisco Giants,True,Final,Oracle Park
Los Angeles Angels,2026-07-25,823197,San Francisco Giants,True,Final,Oracle Park
Colorado Rockies,2026-07-11,823198,San Francisco Giants,True,Final,Oracle Park
Colorado Rockies,2026-07-12,823199,San Francisco Giants,True,Final,Oracle Park
Colorado Rockies,2026-07-10,823200,San Francisco Giants,True,Final,Oracle Park
Colorado Rockies,2026-07-09,823201,San Francisco Giants,True,Final,Oracle Park
Toronto Blue Jays,2026-07-08,823202,San Francisco Giants,True,Final,Oracle Park
Toronto Blue Jays,2026-07-07,823203,San Francisco Giants,True,Final,Oracle Park
Atlanta Braves,2026-06-28,823204,San Francisco Giants,True,Final,Oracle Park
Toronto Blue Jays,2026-07-06,823205,San Francisco Giants,True,Final,Oracle Park
Atlanta Braves,2026-06-26,823206,San Francisco Giants,True,Final,Oracle Park
Atlanta Braves,2026-06-27,823207,San Francisco Giants,True,Final,Oracle Park
Athletics,2026-06-24,823208,San Francisco Giants,True,Final,Oracle Park
Athletics,2026-06-25,823209,San Francisco Giants,True,Final,Oracle Park
Athletics,2026-06-23,823210,San Francisco Giants,True,Final,Oracle Park
Chicago Cubs,2026-06-12,823211,San Francisco Giants,True,Final,Oracle Park
Chicago Cubs,2026-06-14,823212,San Francisco Giants,True,Final,Oracle Park
Chicago Cubs,2026-06-13,823213,San Francisco Giants,True,Final,Oracle Park
Washington Nationals,2026-06-09,823214,San Francisco Giants,True,Final,Oracle Park
Washington Nationals,2026-06-10,823215,San Francisco Giants,True,Final,Oracle Park
Arizona Diamondbacks,2026-05-26,823216,San Francisco Giants,True,Final,Oracle Park
Arizona Diamondbacks,2026-05-27,823217,San Francisco Giants,True,Final,Oracle Park
Washington Nationals,2026-06-08,823218,San Francisco Giants,True,Final,Oracle Park
Arizona Diamondbacks,2026-05-25,823219,San Francisco Giants,True,Final,Oracle Park
Chicago White Sox,2026-05-24,823220,San Francisco Giants,True,Final,Oracle Park
Pittsburgh Pirates,2026-05-10,823221,San Francisco Giants,True,Final,Oracle Park
Chicago White Sox,2026-05-23,823222,San Francisco Giants,True,Final,Oracle Park
Chicago White Sox,2026-05-22,823223,San Francisco Giants,True,Final,Oracle Park
Pittsburgh Pirates,2026-05-09,823224,San Francisco Giants,True,Final,Oracle Park
Pittsburgh Pirates,2026-05-08,823225,San Francisco Giants,True,Final,Oracle Park
San Diego Padres,2026-05-06,823226,San Francisco Giants,True,Final,Oracle Park
San Diego Padres,2026-05-05,823227,San Francisco Giants,True,Final,Oracle Park
San Diego Padres,2026-05-04,823228,San Francisco Giants,True,Final,Oracle Park
Miami Marlins,2026-04-25,823229,San Francisco Giants,True,Final,Oracle Park
Miami Marlins,2026-04-26,823230,San Francisco Giants,True,Final,Oracle Park
Los Angeles Dodgers,2026-04-22,823231,San Francisco Giants,True,Final,Oracle Park
Miami Marlins,2026-04-24,823232,San Francisco Giants,True,Final,Oracle Park
Los Angeles Dodgers,2026-04-23,823233,San Francisco Giants,True,Final,Oracle Park
Philadelphia Phillies,2026-04-08,823234,San Francisco Giants,True,Final,Oracle Park
Philadelphia Phillies,2026-04-07,823235,San Francisco Giants,True,Final,Oracle Park
Los Angeles Dodgers,2026-04-21,823236,San Francisco Giants,True,Final,Oracle Park
Philadelphia Phillies,2026-04-06,823237,San Francisco Giants,True,Final,Oracle Park
New York Mets,2026-04-05,823238,San Francisco Giants,True,Final,Oracle Park
New York Mets,2026-04-04,823239,San Francisco Giants,True,Final,Oracle Park
New York Mets,2026-04-03,823240,San Francisco Giants,True,Final,Oracle Park
New York Yankees,2026-03-28,823241,San Francisco Giants,True,Final,Oracle Park
New York Mets,2026-04-02,823242,San Francisco Giants,True,Final,Oracle Park
New York Yankees,2026-03-27,823243,San Francisco Giants,True,Final,Oracle Park
New York Yankees,2026-03-25,823244,San Francisco Giants,True,Final,Oracle Park
Washington Nationals,2026-09-08,823250,San Diego Padres,True,Final,Petco Park
Washington Nationals,2026-09-09,823251,San Diego Padres,True,Final,Petco Park
New York Yankees,2026-09-06,823253,San Diego Padres,True,Final,Petco Park
Washington Nationals,2026-09-07,823254,San Diego Padres,True,Final,Petco Park
Pittsburgh Pirates,2026-08-26,823255,San Diego Padres,True,Final,Petco Park
New York Yankees,2026-09-04,823256,San Diego Padres,True,Final,Petco Park
New York Yankees,2026-09-05,823257,San Diego Padres,True,Final,Petco Park
Minnesota Twins,2026-08-23,823258,San Diego Padres,True,Final,Petco Park
Pittsburgh Pirates,2026-08-25,823259,San Diego Padres,True,Final,Petco Park
Pittsburgh Pirates,2026-08-24,823260,San Diego Padres,True,Final,Petco Park
Minnesota Twins,2026-08-22,823261,San Diego Padres,True,Final,Petco Park
Minnesota Twins,2026-08-21,823262,San Diego Padres,True,Final,Petco Park
Milwaukee Brewers,2026-08-12,823263,San Diego Padres,True,Final,Petco Park
Milwaukee Brewers,2026-08-11,823264,San Diego Padres,True,Final,Petco Park
Milwaukee Brewers,2026-08-10,823265,San Diego Padres,True,Final,Petco Park
Houston Astros,2026-08-07,823266,San Diego Padres,True,Final,Petco Park
Houston Astros,2026-08-08,823267,San Diego Padres,True,Final,Petco Park
Houston Astros,2026-08-09,823268,San Diego Padres,True,Final,Petco Park
San Francisco Giants,2026-08-01,823269,San Diego Padres,True,Final,Petco Park
San Francisco Giants,2026-08-02,823270,San Diego Padres,True,Final,Petco Park
San Francisco Giants,2026-07-30,823271,San Diego Padres,True,Final,Petco Park
San Francisco Giants,2026-07-31,823272,San Diego Padres,True,Final,Petco Park
Colorado Rockies,2026-07-29,823273,San Diego Padres,True,Final,Petco Park
Toronto Blue Jays,2026-07-12,823274,San Diego Padres,True,Final,Petco Park
Colorado Rockies,2026-07-28,823275,San Diego Padres,True,Final,Petco Park
Toronto Blue Jays,2026-07-11,823276,San Diego Padres,True,Final,Petco Park
Arizona Diamondbacks,2026-07-09,823277,San Diego Padres,True,Final,Petco Park
Toronto Blue Jays,2026-07-10,823278,San Diego Padres,True,Final,Petco Park
Arizona Diamondbacks,2026-07-08,823279,San Diego Padres,True,Final,Petco Park
Arizona Diamondbacks,2026-07-07,823280,San Diego Padres,True,Final,Petco Park
Los Angeles Dodgers,2026-06-28,823281,San Diego Padres,True,Final,Petco Park
Arizona Diamondbacks,2026-07-06,823282,San Diego Padres,True,Final,Petco Park
Los Angeles Dodgers,2026-06-27,823283,San Diego Padres,True,Final,Petco Park
Atlanta Braves,2026-06-24,823284,San Diego Padres,True,Final,Petco Park
Los Angeles Dodgers,2026-06-26,823285,San Diego Padres,True,Final,Petco Park
Atlanta Braves,2026-06-23,823286,San Diego Padres,True,Final,Petco Park
Cincinnati Reds,2026-06-10,823287,San Diego Padres,True,Final,Petco Park
Atlanta Braves,2026-06-22,823288,San Diego Padres,True,Final,Petco Park
Cincinnati Reds,2026-06-08,823289,San Diego Padres,True,Final,Petco Park
Cincinnati Reds,2026-06-09,823290,San Diego Padres,True,Final,Petco Park
New York Mets,2026-06-07,823291,San Diego Padres,True,Final,Petco Park
New York Mets,2026-06-06,823292,San Diego Padres,True,Final,Petco Park
New York Mets,2026-06-05,823293,San Diego Padres,True,Final,Petco Park
Philadelphia Phillies,2026-05-26,823294,San Diego Padres,True,Final,Petco Park
Philadelphia Phillies,2026-05-27,823295,San Diego Padres,True,Final,Petco Park
Philadelphia Phillies,2026-05-25,823296,San Diego Padres,True,Final,Petco Park
Athletics,2026-05-24,823297,San Diego Padres,True,Final,Petco Park
Athletics,2026-05-22,823298,San Diego Padres,True,Final,Petco Park
Los Angeles Dodgers,2026-05-20,823299,San Diego Padres,True,Final,Petco Park
Athletics,2026-05-23,823300,San Diego Padres,True,Final,Petco Park
Los Angeles Dodgers,2026-05-18,823301,San Diego Padres,True,Final,Petco Park
Los Angeles Dodgers,2026-05-19,823302,San Diego Padres,True,Final,Petco Park
St. Louis Cardinals,2026-05-08,823303,San Diego Padres,True,Final,Petco Park
St. Louis Cardinals,2026-05-09,823304,San Diego Padres,True,Final,Petco Park
St. Louis Cardinals,2026-05-10,823305,San Diego Padres,True,Final,Petco Park
St. Louis Cardinals,2026-05-07,823306,San Diego Padres,True,Final,Petco Park
Chicago White Sox,2026-05-03,823307,San Diego Padres,True,Final,Petco Park
Chicago White Sox,2026-05-02,823308,San Diego Padres,True,Final,Petco Park
Chicago White Sox,2026-05-01,823309,San Diego Padres,True,Final,Petco Park
Chicago Cubs,2026-04-28,823310,San Diego Padres,True,Final,Petco Park
Chicago Cubs,2026-04-27,823311,San Diego Padres,True,Final,Petco Park
Chicago Cubs,2026-04-29,823312,San Diego Padres,True,Final,Petco Park
Seattle Mariners,2026-04-16,823313,San Diego Padres,True,Final,Petco Park
Seattle Mariners,2026-04-15,823314,San Diego Padres,True,Final,Petco Park
Seattle Mariners,2026-04-14,823315,San Diego Padres,True,Final,Petco Park
Colorado Rockies,2026-04-11,823316,San Diego Padres,True,Final,Petco Park
Colorado Rockies,2026-04-12,823317,San Diego Padres,True,Final,Petco Park
Colorado Rockies,2026-04-10,823318,San Diego Padres,True,Final,Petco Park
Colorado Rockies,2026-04-09,823319,San Diego Padres,True,Final,Petco Park
San Francisco Giants,2026-03-30,823320,San Diego Padres,True,Final,Petco Park
San Francisco Giants,2026-04-01,823321,San Diego Padres,True,Final,Petco Park
San Francisco Giants,2026-03-31,823322,San Diego Padres,True,Final,Petco Park
Detroit Tigers,2026-03-28,823323,San Diego Padres,True,Final,Petco Park
Detroit Tigers,2026-03-27,823324,San Diego Padres,True,Final,Petco Park
Detroit Tigers,2026-03-26,823325,San Diego Padres,True,Final,Petco Park
Los Angeles Angels,2026-09-05,823335,Pittsburgh Pirates,True,Final,PNC Park
Los Angeles Angels,2026-09-06,823336,Pittsburgh Pirates,True,Final,PNC Park
San Francisco Giants,2026-09-03,823337,Pittsburgh Pirates,True,Final,PNC Park
Los Angeles Angels,2026-09-04,823338,Pittsburgh Pirates,True,Final,PNC Park
San Francisco Giants,2026-09-02,823339,Pittsburgh Pirates,True,Final,PNC Park
San Francisco Giants,2026-09-01,823340,Pittsburgh Pirates,True,Final,PNC Park
Detroit Tigers,2026-08-18,823341,Pittsburgh Pirates,True,Final,PNC Park
Detroit Tigers,2026-08-19,823342,Pittsburgh Pirates,True,Final,PNC Park
Detroit Tigers,2026-08-17,823343,Pittsburgh Pirates,True,Final,PNC Park
Boston Red Sox,2026-08-16,823344,Pittsburgh Pirates,True,Final,PNC Park
New York Mets,2026-08-09,823345,Pittsburgh Pirates,True,Final,PNC Park
Boston Red Sox,2026-08-14,823346,Pittsburgh Pirates,True,Final,PNC Park
Boston Red Sox,2026-08-15,823347,Pittsburgh Pirates,True,Final,PNC Park
New York Mets,2026-08-08,823348,Pittsburgh Pirates,True,Final,PNC Park
New York Mets,2026-08-07,823349,Pittsburgh Pirates,True,Final,PNC Park
Arizona Diamondbacks,2026-07-28,823350,Pittsburgh Pirates,True,Final,PNC Park
Arizona Diamondbacks,2026-07-29,823351,Pittsburgh Pirates,True,Final,PNC Park
Chicago Cubs,2026-07-24,823352,Pittsburgh Pirates,True,Final,PNC Park
Arizona Diamondbacks,2026-07-27,823353,Pittsburgh Pirates,True,Final,PNC Park
Chicago Cubs,2026-07-26,823354,Pittsburgh Pirates,True,Final,PNC Park
Chicago Cubs,2026-07-25,823355,Pittsburgh Pirates,True,Final,PNC Park
Milwaukee Brewers,2026-07-11,823356,Pittsburgh Pirates,True,Final,PNC Park
Milwaukee Brewers,2026-07-11,823357,Pittsburgh Pirates,True,Final,PNC Park
Milwaukee Brewers,2026-07-12,823358,Pittsburgh Pirates,True,Final,PNC Park
Atlanta Braves,2026-07-09,823359,Pittsburgh Pirates,True,Final,PNC Park
Atlanta Braves,2026-07-08,823360,Pittsburgh Pirates,True,Final,PNC Park
Atlanta Braves,2026-07-07,823361,Pittsburgh Pirates,True,Final,PNC Park
Cincinnati Reds,2026-06-28,823362,Pittsburgh Pirates,True,Final,PNC Park
Cincinnati Reds,2026-06-26,823363,Pittsburgh Pirates,True,Final,PNC Park
Cincinnati Reds,2026-06-27,823364,Pittsburgh Pirates,True,Final,PNC Park
Seattle Mariners,2026-06-23,823365,Pittsburgh Pirates,True,Final,PNC Park
Seattle Mariners,2026-06-25,823366,Pittsburgh Pirates,True,Final,PNC Park
Seattle Mariners,2026-06-24,823367,Pittsburgh Pirates,True,Final,PNC Park
Miami Marlins,2026-06-14,823368,Pittsburgh Pirates,True,Final,PNC Park
Miami Marlins,2026-06-13,823369,Pittsburgh Pirates,True,Final,PNC Park
Miami Marlins,2026-06-12,823370,Pittsburgh Pirates,True,Final,PNC Park
Los Angeles Dodgers,2026-06-11,823371,Pittsburgh Pirates,True,Final,PNC Park
Los Angeles Dodgers,2026-06-10,823372,Pittsburgh Pirates,True,Final,PNC Park
Minnesota Twins,2026-05-31,823373,Pittsburgh Pirates,True,Final,PNC Park
Los Angeles Dodgers,2026-06-09,823374,Pittsburgh Pirates,True,Final,PNC Park
Minnesota Twins,2026-05-30,823375,Pittsburgh Pirates,True,Final,PNC Park
Chicago Cubs,2026-05-27,823376,Pittsburgh Pirates,True,Final,PNC Park
Minnesota Twins,2026-05-29,823377,Pittsburgh Pirates,True,Final,PNC Park
Chicago Cubs,2026-05-28,823378,Pittsburgh Pirates,True,Final,PNC Park
Chicago Cubs,2026-05-26,823379,Pittsburgh Pirates,True,Final,PNC Park
Chicago Cubs,2026-05-25,823380,Pittsburgh Pirates,True,Final,PNC Park
Philadelphia Phillies,2026-05-17,823381,Pittsburgh Pirates,True,Final,PNC Park
Philadelphia Phillies,2026-05-16,823382,Pittsburgh Pirates,True,Final,PNC Park
Colorado Rockies,2026-05-14,823383,Pittsburgh Pirates,True,Final,PNC Park
Philadelphia Phillies,2026-05-15,823384,Pittsburgh Pirates,True,Final,PNC Park
Colorado Rockies,2026-05-12,823385,Pittsburgh Pirates,True,Final,PNC Park
Colorado Rockies,2026-05-13,823386,Pittsburgh Pirates,True,Final,PNC Park
Cincinnati Reds,2026-05-03,823387,Pittsburgh Pirates,True,Final,PNC Park
Cincinnati Reds,2026-05-02,823388,Pittsburgh Pirates,True,Final,PNC Park
Cincinnati Reds,2026-05-01,823389,Pittsburgh Pirates,True,Final,PNC Park
St. Louis Cardinals,2026-04-28,823390,Pittsburgh Pirates,True,Final,PNC Park
St. Louis Cardinals,2026-04-30,823391,Pittsburgh Pirates,True,Final,PNC Park
St. Louis Cardinals,2026-04-29,823392,Pittsburgh Pirates,True,Final,PNC Park
Tampa Bay Rays,2026-04-19,823393,Pittsburgh Pirates,True,Final,PNC Park
Tampa Bay Rays,2026-04-18,823394,Pittsburgh Pirates,True,Final,PNC Park
St. Louis Cardinals,2026-04-27,823395,Pittsburgh Pirates,True,Final,PNC Park
Washington Nationals,2026-04-16,823396,Pittsburgh Pirates,True,Final,PNC Park
Tampa Bay Rays,2026-04-17,823397,Pittsburgh Pirates,True,Final,PNC Park
Washington Nationals,2026-04-14,823398,Pittsburgh Pirates,True,Final,PNC Park
Washington Nationals,2026-04-15,823399,Pittsburgh Pirates,True,Final,PNC Park
Washington Nationals,2026-04-13,823400,Pittsburgh Pirates,True,Final,PNC Park
San Diego Padres,2026-04-06,823401,Pittsburgh Pirates,True,Final,PNC Park
San Diego Padres,2026-04-07,823402,Pittsburgh Pirates,True,Final,PNC Park
San Diego Padres,2026-04-08,823403,Pittsburgh Pirates,True,Final,PNC Park
Baltimore Orioles,2026-04-04,823404,Pittsburgh Pirates,True,Final,PNC Park
Baltimore Orioles,2026-04-05,823405,Pittsburgh Pirates,True,Final,PNC Park
Baltimore Orioles,2026-04-03,823406,Pittsburgh Pirates,True,Final,PNC Park
Houston Astros,2026-09-08,823414,Philadelphia Phillies,True,Final,Citizens Bank Park
Atlanta Braves,2026-09-07,823415,Philadelphia Phillies,True,Final,Citizens Bank Park
Houston Astros,2026-09-09,823416,Philadelphia Phillies,True,Final,Citizens Bank Park
Atlanta Braves,2026-09-06,823417,Philadelphia Phillies,True,Final,Citizens Bank Park
Atlanta Braves,2026-09-04,823418,Philadelphia Phillies,True,Final,Citizens Bank Park
Atlanta Braves,2026-09-05,823419,Philadelphia Phillies,True,Final,Citizens Bank Park
St. Louis Cardinals,2026-08-21,823420,Philadelphia Phillies,True,Final,Citizens Bank Park
St. Louis Cardinals,2026-08-23,823421,Philadelphia Phillies,True,Final,Citizens Bank Park
St. Louis Cardinals,2026-08-22,823422,Philadelphia Phillies,True,Final,Citizens Bank Park
Miami Marlins,2026-08-18,823423,Philadelphia Phillies,True,Final,Citizens Bank Park
Miami Marlins,2026-08-19,823424,Philadelphia Phillies,True,Final,Citizens Bank Park
Toronto Blue Jays,2026-08-09,823425,Philadelphia Phillies,True,Final,Citizens Bank Park
Toronto Blue Jays,2026-08-08,823426,Philadelphia Phillies,True,Final,Citizens Bank Park
Miami Marlins,2026-08-17,823427,Philadelphia Phillies,True,Final,Citizens Bank Park
Toronto Blue Jays,2026-08-07,823428,Philadelphia Phillies,True,Final,Citizens Bank Park
Washington Nationals,2026-08-05,823429,Philadelphia Phillies,True,Final,Citizens Bank Park
Washington Nationals,2026-08-06,823430,Philadelphia Phillies,True,Final,Citizens Bank Park
Washington Nationals,2026-08-03,823431,Philadelphia Phillies,True,Final,Citizens Bank Park
Washington Nationals,2026-08-04,823432,Philadelphia Phillies,True,Final,Citizens Bank Park
New York Yankees,2026-07-26,823433,Philadelphia Phillies,True,Final,Citizens Bank Park
New York Yankees,2026-07-24,823434,Philadelphia Phillies,True,Final,Citizens Bank Park
New York Yankees,2026-07-25,823435,Philadelphia Phillies,True,Final,Citizens Bank Park
Los Angeles Dodgers,2026-07-20,823436,Philadelphia Phillies,True,Final,Citizens Bank Park
Los Angeles Dodgers,2026-07-21,823437,Philadelphia Phillies,True,Final,Citizens Bank Park
Los Angeles Dodgers,2026-07-22,823438,Philadelphia Phillies,True,Final,Citizens Bank Park
New York Mets,2026-07-19,823439,Philadelphia Phillies,True,Final,Citizens Bank Park
New York Mets,2026-07-16,823440,Philadelphia Phillies,True,Final,Citizens Bank Park
New York Mets,2026-07-18,823441,Philadelphia Phillies,True,Final,Citizens Bank Park
Pittsburgh Pirates,2026-07-02,823442,Philadelphia Phillies,True,Final,Citizens Bank Park
Pittsburgh Pirates,2026-06-29,823444,Philadelphia Phillies,True,Final,Citizens Bank Park
Pittsburgh Pirates,2026-06-30,823445,Philadelphia Phillies,True,Final,Citizens Bank Park
Pittsburgh Pirates,2026-07-01,823446,Philadelphia Phillies,True,Final,Citizens Bank Park
New York Mets,2026-06-20,823447,Philadelphia Phillies,True,Final,Citizens Bank Park
New York Mets,2026-06-18,823448,Philadelphia Phillies,True,Final,Citizens Bank Park
New York Mets,2026-06-21,823449,Philadelphia Phillies,True,Final,Citizens Bank Park
Miami Marlins,2026-06-17,823450,Philadelphia Phillies,True,Final,Citizens Bank Park
Miami Marlins,2026-06-16,823451,Philadelphia Phillies,True,Final,Citizens Bank Park
Miami Marlins,2026-06-15,823452,Philadelphia Phillies,True,Final,Citizens Bank Park
Chicago White Sox,2026-06-07,823453,Philadelphia Phillies,True,Final,Citizens Bank Park
Chicago White Sox,2026-06-06,823454,Philadelphia Phillies,True,Final,Citizens Bank Park
Chicago White Sox,2026-06-05,823455,Philadelphia Phillies,True,Final,Citizens Bank Park
San Diego Padres,2026-06-03,823456,Philadelphia Phillies,True,Final,Citizens Bank Park
San Diego Padres,2026-06-04,823457,Philadelphia Phillies,True,Final,Citizens Bank Park
Cleveland Guardians,2026-05-23,823458,Philadelphia Phillies,True,Final,Citizens Bank Park
Cleveland Guardians,2026-05-24,823459,Philadelphia Phillies,True,Final,Citizens Bank Park
San Diego Padres,2026-06-02,823460,Philadelphia Phillies,True,Final,Citizens Bank Park
Cleveland Guardians,2026-05-22,823461,Philadelphia Phillies,True,Final,Citizens Bank Park
Cincinnati Reds,2026-05-20,823462,Philadelphia Phillies,True,Final,Citizens Bank Park
Colorado Rockies,2026-05-10,823463,Philadelphia Phillies,True,Final,Citizens Bank Park
Cincinnati Reds,2026-05-19,823464,Philadelphia Phillies,True,Final,Citizens Bank Park
Cincinnati Reds,2026-05-18,823465,Philadelphia Phillies,True,Final,Citizens Bank Park
Colorado Rockies,2026-05-08,823466,Philadelphia Phillies,True,Final,Citizens Bank Park
Athletics,2026-05-07,823467,Philadelphia Phillies,True,Final,Citizens Bank Park
Colorado Rockies,2026-05-09,823468,Philadelphia Phillies,True,Final,Citizens Bank Park
Athletics,2026-05-05,823469,Philadelphia Phillies,True,Final,Citizens Bank Park
Athletics,2026-05-06,823470,Philadelphia Phillies,True,Final,Citizens Bank Park
San Francisco Giants,2026-04-30,823471,Philadelphia Phillies,True,Final,Citizens Bank Park
San Francisco Giants,2026-04-30,823472,Philadelphia Phillies,True,Final,Citizens Bank Park
San Francisco Giants,2026-04-28,823473,Philadelphia Phillies,True,Final,Citizens Bank Park
Atlanta Braves,2026-04-18,823474,Philadelphia Phillies,True,Final,Citizens Bank Park
Atlanta Braves,2026-04-19,823475,Philadelphia Phillies,True,Final,Citizens Bank Park
Atlanta Braves,2026-04-17,823476,Philadelphia Phillies,True,Final,Citizens Bank Park
Chicago Cubs,2026-04-15,823477,Philadelphia Phillies,True,Final,Citizens Bank Park
Chicago Cubs,2026-04-14,823478,Philadelphia Phillies,True,Final,Citizens Bank Park
Arizona Diamondbacks,2026-04-12,823479,Philadelphia Phillies,True,Final,Citizens Bank Park
Arizona Diamondbacks,2026-04-11,823480,Philadelphia Phillies,True,Final,Citizens Bank Park
Chicago Cubs,2026-04-13,823481,Philadelphia Phillies,True,Final,Citizens Bank Park
Arizona Diamondbacks,2026-04-10,823482,Philadelphia Phillies,True,Final,Citizens Bank Park
Washington Nationals,2026-04-01,823483,Philadelphia Phillies,True,Final,Citizens Bank Park
Washington Nationals,2026-03-30,823484,Philadelphia Phillies,True,Final,Citizens Bank Park
Washington Nationals,2026-03-31,823485,Philadelphia Phillies,True,Final,Citizens Bank Park
Texas Rangers,2026-03-26,823486,Philadelphia Phillies,True,Final,Citizens Bank Park
Texas Rangers,2026-03-29,823487,Philadelphia Phillies,True,Final,Citizens Bank Park
Texas Rangers,2026-03-28,823488,Philadelphia Phillies,True,Final,Citizens Bank Park
Colorado Rockies,2026-09-09,823497,New York Yankees,True,Final,Yankee Stadium
Colorado Rockies,2026-09-08,823500,New York Yankees,True,Final,Yankee Stadium
Boston Red Sox,2026-08-29,823501,New York Yankees,True,Final,Yankee Stadium
Boston Red Sox,2026-08-30,823502,New York Yankees,True,Final,Yankee Stadium
Houston Astros,2026-08-27,823503,New York Yankees,True,Final,Yankee Stadium
Boston Red Sox,2026-08-28,823504,New York Yankees,True,Final,Yankee Stadium
Houston Astros,2026-08-25,823505,New York Yankees,True,Final,Yankee Stadium
Houston Astros,2026-08-26,823506,New York Yankees,True,Final,Yankee Stadium
Toronto Blue Jays,2026-08-23,823507,New York Yankees,True,Final,Yankee Stadium
Seattle Mariners,2026-08-13,823508,New York Yankees,True,Final,Yankee Stadium
Toronto Blue Jays,2026-08-22,823509,New York Yankees,True,Final,Yankee Stadium
Toronto Blue Jays,2026-08-21,823510,New York Yankees,True,Final,Yankee Stadium
Seattle Mariners,2026-08-12,823511,New York Yankees,True,Final,Yankee Stadium
Seattle Mariners,2026-08-11,823512,New York Yankees,True,Final,Yankee Stadium
Atlanta Braves,2026-08-09,823513,New York Yankees,True,Final,Yankee Stadium
Atlanta Braves,2026-08-08,823514,New York Yankees,True,Final,Yankee Stadium
Atlanta Braves,2026-08-07,823515,New York Yankees,True,Final,Yankee Stadium
St. Louis Cardinals,2026-08-05,823516,New York Yankees,True,Final,Yankee Stadium
St. Louis Cardinals,2026-08-04,823517,New York Yankees,True,Final,Yankee Stadium
Pittsburgh Pirates,2026-07-22,823518,New York Yankees,True,Final,Yankee Stadium
Pittsburgh Pirates,2026-07-22,823519,New York Yankees,True,Final,Yankee Stadium
St. Louis Cardinals,2026-08-03,823520,New York Yankees,True,Final,Yankee Stadium
Los Angeles Dodgers,2026-07-19,823521,New York Yankees,True,Final,Yankee Stadium
Pittsburgh Pirates,2026-07-20,823522,New York Yankees,True,Final,Yankee Stadium
Los Angeles Dodgers,2026-07-19,823523,New York Yankees,True,Final,Yankee Stadium
Los Angeles Dodgers,2026-07-17,823524,New York Yankees,True,Final,Yankee Stadium
Minnesota Twins,2026-07-05,823525,New York Yankees,True,Final,Yankee Stadium
Minnesota Twins,2026-07-04,823526,New York Yankees,True,Final,Yankee Stadium
Minnesota Twins,2026-07-03,823527,New York Yankees,True,Final,Yankee Stadium
Detroit Tigers,2026-06-30,823528,New York Yankees,True,Final,Yankee Stadium
Detroit Tigers,2026-06-29,823529,New York Yankees,True,Final,Yankee Stadium
Detroit Tigers,2026-07-01,823530,New York Yankees,True,Final,Yankee Stadium
Cincinnati Reds,2026-06-21,823531,New York Yankees,True,Final,Yankee Stadium
Cincinnati Reds,2026-06-20,823532,New York Yankees,True,Final,Yankee Stadium
Chicago White Sox,2026-06-18,823533,New York Yankees,True,Final,Yankee Stadium
Cincinnati Reds,2026-06-19,823534,New York Yankees,True,Final,Yankee Stadium
Chicago White Sox,2026-06-16,823535,New York Yankees,True,Final,Yankee Stadium
Chicago White Sox,2026-06-17,823536,New York Yankees,True,Final,Yankee Stadium
Boston Red Sox,2026-06-07,823537,New York Yankees,True,Final,Yankee Stadium
Boston Red Sox,2026-06-05,823538,New York Yankees,True,Final,Yankee Stadium
Boston Red Sox,2026-08-29,823539,New York Yankees,True,Final,Yankee Stadium
Cleveland Guardians,2026-06-03,823540,New York Yankees,True,Final,Yankee Stadium
Cleveland Guardians,2026-06-02,823541,New York Yankees,True,Final,Yankee Stadium
Cleveland Guardians,2026-06-04,823542,New York Yankees,True,Final,Yankee Stadium
Tampa Bay Rays,2026-05-24,823544,New York Yankees,True,Final,Yankee Stadium
Toronto Blue Jays,2026-05-21,823545,New York Yankees,True,Final,Yankee Stadium
Tampa Bay Rays,2026-05-22,823546,New York Yankees,True,Final,Yankee Stadium
Toronto Blue Jays,2026-05-20,823547,New York Yankees,True,Final,Yankee Stadium
Toronto Blue Jays,2026-05-19,823548,New York Yankees,True,Final,Yankee Stadium
Toronto Blue Jays,2026-05-18,823549,New York Yankees,True,Final,Yankee Stadium
Texas Rangers,2026-05-06,823550,New York Yankees,True,Final,Yankee Stadium
Texas Rangers,2026-05-07,823551,New York Yankees,True,Final,Yankee Stadium
Baltimore Orioles,2026-05-04,823552,New York Yankees,True,Final,Yankee Stadium
Texas Rangers,2026-05-05,823553,New York Yankees,True,Final,Yankee Stadium
Baltimore Orioles,2026-05-02,823554,New York Yankees,True,Final,Yankee Stadium
Baltimore Orioles,2026-05-03,823555,New York Yankees,True,Final,Yankee Stadium
Kansas City Royals,2026-04-19,823556,New York Yankees,True,Final,Yankee Stadium
Baltimore Orioles,2026-05-01,823557,New York Yankees,True,Final,Yankee Stadium
Kansas City Royals,2026-04-18,823558,New York Yankees,True,Final,Yankee Stadium
Kansas City Royals,2026-04-17,823559,New York Yankees,True,Final,Yankee Stadium
Los Angeles Angels,2026-04-16,823560,New York Yankees,True,Final,Yankee Stadium
Los Angeles Angels,2026-04-15,823561,New York Yankees,True,Final,Yankee Stadium
Los Angeles Angels,2026-04-14,823562,New York Yankees,True,Final,Yankee Stadium
Los Angeles Angels,2026-04-13,823563,New York Yankees,True,Final,Yankee Stadium
Athletics,2026-04-08,823564,New York Yankees,True,Final,Yankee Stadium
Athletics,2026-04-09,823565,New York Yankees,True,Final,Yankee Stadium
Miami Marlins,2026-04-05,823566,New York Yankees,True,Final,Yankee Stadium
Athletics,2026-04-07,823567,New York Yankees,True,Final,Yankee Stadium
Miami Marlins,2026-04-03,823568,New York Yankees,True,Final,Yankee Stadium
Miami Marlins,2026-04-04,823569,New York Yankees,True,Final,Yankee Stadium
San Francisco Giants,2026-09-05,823577,New York Mets,True,Final,Citi Field
San Francisco Giants,2026-09-06,823578,New York Mets,True,Final,Citi Field
San Francisco Giants,2026-09-04,823579,New York Mets,True,Final,Citi Field
Houston Astros,2026-08-30,823580,New York Mets,True,Final,Citi Field
Milwaukee Brewers,2026-08-27,823581,New York Mets,True,Final,Citi Field
Houston Astros,2026-08-29,823582,New York Mets,True,Final,Citi Field
Houston Astros,2026-08-28,823583,New York Mets,True,Final,Citi Field
Milwaukee Brewers,2026-08-26,823584,New York Mets,True,Final,Citi Field
Milwaukee Brewers,2026-08-25,823585,New York Mets,True,Final,Citi Field
San Diego Padres,2026-08-18,823586,New York Mets,True,Final,Citi Field
San Diego Padres,2026-08-19,823587,New York Mets,True,Final,Citi Field
Washington Nationals,2026-08-15,823588,New York Mets,True,Final,Citi Field
San Diego Padres,2026-08-17,823589,New York Mets,True,Final,Citi Field
Washington Nationals,2026-08-16,823590,New York Mets,True,Final,Citi Field
Washington Nationals,2026-08-14,823591,New York Mets,True,Final,Citi Field
Miami Marlins,2026-08-02,823592,New York Mets,True,Final,Citi Field
Miami Marlins,2026-07-31,823593,New York Mets,True,Final,Citi Field
Miami Marlins,2026-08-01,823594,New York Mets,True,Final,Citi Field
Miami Marlins,2026-07-30,823595,New York Mets,True,Final,Citi Field
Atlanta Braves,2026-07-29,823596,New York Mets,True,Final,Citi Field
Atlanta Braves,2026-07-27,823597,New York Mets,True,Final,Citi Field
Atlanta Braves,2026-07-29,823598,New York Mets,True,Final,Citi Field
Los Angeles Dodgers,2026-07-26,823599,New York Mets,True,Final,Citi Field
Los Angeles Dodgers,2026-07-25,823600,New York Mets,True,Final,Citi Field
Los Angeles Dodgers,2026-07-24,823601,New York Mets,True,Final,Citi Field
Boston Red Sox,2026-07-12,823602,New York Mets,True,Final,Citi Field
Boston Red Sox,2026-07-11,823603,New York Mets,True,Final,Citi Field
Boston Red Sox,2026-07-10,823604,New York Mets,True,Final,Citi Field
Kansas City Royals,2026-07-08,823605,New York Mets,True,Final,Citi Field
Kansas City Royals,2026-07-09,823606,New York Mets,True,Final,Citi Field
Kansas City Royals,2026-07-07,823607,New York Mets,True,Final,Citi Field
Philadelphia Phillies,2026-06-28,823608,New York Mets,True,Final,Citi Field
Philadelphia Phillies,2026-06-27,823609,New York Mets,True,Final,Citi Field
Philadelphia Phillies,2026-06-26,823610,New York Mets,True,Final,Citi Field
Chicago Cubs,2026-06-24,823611,New York Mets,True,Final,Citi Field
Chicago Cubs,2026-06-25,823612,New York Mets,True,Final,Citi Field
Chicago Cubs,2026-06-24,823613,New York Mets,True,Final,Citi Field
Chicago Cubs,2026-06-23,823614,New York Mets,True,Final,Citi Field
Atlanta Braves,2026-06-14,823615,New York Mets,True,Final,Citi Field
Atlanta Braves,2026-06-13,823616,New York Mets,True,Final,Citi Field
Atlanta Braves,2026-06-12,823617,New York Mets,True,Final,Citi Field
St. Louis Cardinals,2026-06-10,823618,New York Mets,True,Final,Citi Field
St. Louis Cardinals,2026-06-11,823619,New York Mets,True,Final,Citi Field
St. Louis Cardinals,2026-06-09,823620,New York Mets,True,Final,Citi Field
Miami Marlins,2026-05-31,823621,New York Mets,True,Final,Citi Field
Miami Marlins,2026-05-30,823622,New York Mets,True,Final,Citi Field
Miami Marlins,2026-05-29,823623,New York Mets,True,Final,Citi Field
Cincinnati Reds,2026-05-26,823624,New York Mets,True,Final,Citi Field
Cincinnati Reds,2026-05-25,823625,New York Mets,True,Final,Citi Field
Cincinnati Reds,2026-05-27,823626,New York Mets,True,Final,Citi Field
New York Yankees,2026-05-16,823627,New York Mets,True,Final,Citi Field
New York Yankees,2026-05-17,823628,New York Mets,True,Final,Citi Field
New York Yankees,2026-05-15,823629,New York Mets,True,Final,Citi Field
Detroit Tigers,2026-05-14,823630,New York Mets,True,Final,Citi Field
Detroit Tigers,2026-05-13,823631,New York Mets,True,Final,Citi Field
Detroit Tigers,2026-05-12,823632,New York Mets,True,Final,Citi Field
Washington Nationals,2026-04-29,823633,New York Mets,True,Final,Citi Field
Washington Nationals,2026-04-30,823634,New York Mets,True,Final,Citi Field
Colorado Rockies,2026-04-26,823635,New York Mets,True,Final,Citi Field
Washington Nationals,2026-04-28,823636,New York Mets,True,Final,Citi Field
Colorado Rockies,2026-04-26,823637,New York Mets,True,Final,Citi Field
Colorado Rockies,2026-04-24,823638,New York Mets,True,Final,Citi Field
Minnesota Twins,2026-04-23,823639,New York Mets,True,Final,Citi Field
Minnesota Twins,2026-04-21,823640,New York Mets,True,Final,Citi Field
Minnesota Twins,2026-04-22,823641,New York Mets,True,Final,Citi Field
Athletics,2026-04-12,823642,New York Mets,True,Final,Citi Field
Athletics,2026-04-10,823643,New York Mets,True,Final,Citi Field
Athletics,2026-04-11,823644,New York Mets,True,Final,Citi Field
Arizona Diamondbacks,2026-04-09,823645,New York Mets,True,Final,Citi Field
Arizona Diamondbacks,2026-04-08,823646,New York Mets,True,Final,Citi Field
Pittsburgh Pirates,2026-03-29,823647,New York Mets,True,Final,Citi Field
Arizona Diamondbacks,2026-04-07,823648,New York Mets,True,Final,Citi Field
Pittsburgh Pirates,2026-03-26,823649,New York Mets,True,Final,Citi Field
Pittsburgh Pirates,2026-03-28,823651,New York Mets,True,Final,Citi Field
Detroit Tigers,2026-09-02,823660,Minnesota Twins,True,Final,Target Field
Detroit Tigers,2026-09-01,823661,Minnesota Twins,True,Final,Target Field
Chicago White Sox,2026-08-30,823662,Minnesota Twins,True,Final,Target Field
Detroit Tigers,2026-08-31,823663,Minnesota Twins,True,Final,Target Field
Atlanta Braves,2026-08-19,823664,Minnesota Twins,True,Final,Target Field
Chicago White Sox,2026-08-29,823665,Minnesota Twins,True,Final,Target Field
Chicago White Sox,2026-08-28,823666,Minnesota Twins,True,Final,Target Field
Atlanta Braves,2026-08-18,823667,Minnesota Twins,True,Final,Target Field
Atlanta Braves,2026-08-17,823668,Minnesota Twins,True,Final,Target Field
Philadelphia Phillies,2026-08-13,823669,Minnesota Twins,True,Final,Field of Dreams
Philadelphia Phillies,2026-08-16,823670,Minnesota Twins,True,Final,Target Field
Philadelphia Phillies,2026-08-15,823671,Minnesota Twins,True,Final,Target Field
Baltimore Orioles,2026-08-12,823672,Minnesota Twins,True,Final,Target Field
Baltimore Orioles,2026-08-11,823673,Minnesota Twins,True,Final,Target Field
Kansas City Royals,2026-07-30,823674,Minnesota Twins,True,Final,Target Field
Baltimore Orioles,2026-08-10,823675,Minnesota Twins,True,Final,Target Field
Kansas City Royals,2026-07-28,823676,Minnesota Twins,True,Final,Target Field
Kansas City Royals,2026-07-29,823677,Minnesota Twins,True,Final,Target Field
Athletics,2026-07-26,823678,Minnesota Twins,True,Final,Target Field
Athletics,2026-07-25,823679,Minnesota Twins,True,Final,Target Field
Athletics,2026-07-24,823680,Minnesota Twins,True,Final,Target Field
Los Angeles Angels,2026-07-12,823681,Minnesota Twins,True,Final,Target Field
Los Angeles Angels,2026-07-11,823682,Minnesota Twins,True,Final,Target Field
Cleveland Guardians,2026-07-09,823683,Minnesota Twins,True,Final,Target Field
Cleveland Guardians,2026-07-08,823684,Minnesota Twins,True,Final,Target Field
Los Angeles Angels,2026-07-10,823685,Minnesota Twins,True,Final,Target Field
Colorado Rockies,2026-06-28,823686,Minnesota Twins,True,Final,Target Field
Cleveland Guardians,2026-07-07,823687,Minnesota Twins,True,Final,Target Field
Colorado Rockies,2026-06-26,823688,Minnesota Twins,True,Final,Target Field
Colorado Rockies,2026-06-27,823689,Minnesota Twins,True,Final,Target Field
Los Angeles Dodgers,2026-06-23,823690,Minnesota Twins,True,Final,Target Field
Los Angeles Dodgers,2026-06-24,823691,Minnesota Twins,True,Final,Target Field
Los Angeles Dodgers,2026-06-22,823692,Minnesota Twins,True,Final,Target Field
St. Louis Cardinals,2026-06-14,823693,Minnesota Twins,True,Final,Target Field
St. Louis Cardinals,2026-06-13,823694,Minnesota Twins,True,Final,Target Field
St. Louis Cardinals,2026-06-12,823695,Minnesota Twins,True,Final,Target Field
Kansas City Royals,2026-06-07,823696,Minnesota Twins,True,Final,Target Field
Kansas City Royals,2026-06-06,823697,Minnesota Twins,True,Final,Target Field
Kansas City Royals,2026-06-04,823698,Minnesota Twins,True,Final,Target Field
Kansas City Royals,2026-06-05,823699,Minnesota Twins,True,Final,Target Field
Chicago White Sox,2026-06-02,823700,Minnesota Twins,True,Final,Target Field
Chicago White Sox,2026-06-03,823701,Minnesota Twins,True,Final,Target Field
Chicago White Sox,2026-06-01,823702,Minnesota Twins,True,Final,Target Field
Houston Astros,2026-05-20,823703,Minnesota Twins,True,Final,Target Field
Houston Astros,2026-05-19,823704,Minnesota Twins,True,Final,Target Field
Houston Astros,2026-05-18,823705,Minnesota Twins,True,Final,Target Field
Milwaukee Brewers,2026-05-16,823706,Minnesota Twins,True,Final,Target Field
Milwaukee Brewers,2026-05-15,823707,Minnesota Twins,True,Final,Target Field
Milwaukee Brewers,2026-05-17,823708,Minnesota Twins,True,Final,Target Field
Miami Marlins,2026-05-14,823709,Minnesota Twins,True,Final,Target Field
Miami Marlins,2026-05-13,823710,Minnesota Twins,True,Final,Target Field
Toronto Blue Jays,2026-05-03,823711,Minnesota Twins,True,Final,Target Field
Miami Marlins,2026-05-12,823712,Minnesota Twins,True,Final,Target Field
Toronto Blue Jays,2026-05-01,823713,Minnesota Twins,True,Final,Target Field
Toronto Blue Jays,2026-04-30,823714,Minnesota Twins,True,Final,Target Field
Toronto Blue Jays,2026-05-02,823715,Minnesota Twins,True,Final,Target Field
Seattle Mariners,2026-04-28,823716,Minnesota Twins,True,Final,Target Field
Seattle Mariners,2026-04-29,823717,Minnesota Twins,True,Final,Target Field
Cincinnati Reds,2026-04-19,823718,Minnesota Twins,True,Final,Target Field
Seattle Mariners,2026-04-27,823719,Minnesota Twins,True,Final,Target Field
Cincinnati Reds,2026-04-17,823720,Minnesota Twins,True,Final,Target Field
Cincinnati Reds,2026-04-18,823721,Minnesota Twins,True,Final,Target Field
Boston Red Sox,2026-04-15,823722,Minnesota Twins,True,Final,Target Field
Boston Red Sox,2026-04-14,823723,Minnesota Twins,True,Final,Target Field
Detroit Tigers,2026-04-09,823724,Minnesota Twins,True,Final,Target Field
Boston Red Sox,2026-04-13,823725,Minnesota Twins,True,Final,Target Field
Detroit Tigers,2026-04-08,823726,Minnesota Twins,True,Final,Target Field
Detroit Tigers,2026-04-07,823727,Minnesota Twins,True,Final,Target Field
Detroit Tigers,2026-04-06,823728,Minnesota Twins,True,Final,Target Field
Tampa Bay Rays,2026-04-05,823729,Minnesota Twins,True,Final,Target Field
Tampa Bay Rays,2026-04-04,823730,Minnesota Twins,True,Final,Target Field
Tampa Bay Rays,2026-04-03,823732,Minnesota Twins,True,Final,Target Field
Chicago Cubs,2026-09-08,823738,Milwaukee Brewers,True,Final,American Family Field
Chicago Cubs,2026-09-09,823739,Milwaukee Brewers,True,Final,American Family Field
Texas Rangers,2026-08-30,823740,Milwaukee Brewers,True,Final,American Family Field
Texas Rangers,2026-08-29,823741,Milwaukee Brewers,True,Final,American Family Field
Chicago Cubs,2026-09-07,823742,Milwaukee Brewers,True,Final,American Family Field
Atlanta Braves,2026-08-22,823743,Milwaukee Brewers,True,Final,American Family Field
Texas Rangers,2026-08-28,823744,Milwaukee Brewers,True,Final,American Family Field
Atlanta Braves,2026-08-23,823745,Milwaukee Brewers,True,Final,Journey Bank Ballpark
Atlanta Braves,2026-08-21,823746,Milwaukee Brewers,True,Final,American Family Field
Seattle Mariners,2026-08-20,823747,Milwaukee Brewers,True,Final,American Family Field
Seattle Mariners,2026-08-19,823748,Milwaukee Brewers,True,Final,American Family Field
Seattle Mariners,2026-08-18,823749,Milwaukee Brewers,True,Final,American Family Field
Minnesota Twins,2026-08-07,823750,Milwaukee Brewers,True,Final,American Family Field
Minnesota Twins,2026-08-09,823751,Milwaukee Brewers,True,Final,American Family Field
Minnesota Twins,2026-08-08,823752,Milwaukee Brewers,True,Final,American Family Field
Pittsburgh Pirates,2026-08-05,823753,Milwaukee Brewers,True,Final,American Family Field
Pittsburgh Pirates,2026-08-06,823754,Milwaukee Brewers,True,Final,American Family Field
Colorado Rockies,2026-07-26,823755,Milwaukee Brewers,True,Final,American Family Field
Pittsburgh Pirates,2026-08-04,823756,Milwaukee Brewers,True,Final,American Family Field
Pittsburgh Pirates,2026-08-03,823757,Milwaukee Brewers,True,Final,American Family Field
Colorado Rockies,2026-07-25,823758,Milwaukee Brewers,True,Final,American Family Field
Colorado Rockies,2026-07-24,823759,Milwaukee Brewers,True,Final,American Family Field
New York Mets,2026-07-21,823760,Milwaukee Brewers,True,Final,American Family Field
New York Mets,2026-07-22,823761,Milwaukee Brewers,True,Final,American Family Field
New York Mets,2026-07-20,823762,Milwaukee Brewers,True,Final,American Family Field
Miami Marlins,2026-07-18,823763,Milwaukee Brewers,True,Final,American Family Field
Miami Marlins,2026-07-19,823764,Milwaukee Brewers,True,Final,American Family Field
Cincinnati Reds,2026-07-02,823765,Milwaukee Brewers,True,Final,American Family Field
Miami Marlins,2026-07-17,823766,Milwaukee Brewers,True,Final,American Family Field
Cincinnati Reds,2026-07-01,823767,Milwaukee Brewers,True,Final,American Family Field
Cincinnati Reds,2026-06-30,823768,Milwaukee Brewers,True,Final,American Family Field
Chicago Cubs,2026-06-28,823769,Milwaukee Brewers,True,Final,American Family Field
Chicago Cubs,2026-06-27,823770,Milwaukee Brewers,True,Final,American Family Field
Cincinnati Reds,2026-06-29,823771,Milwaukee Brewers,True,Final,American Family Field
Cleveland Guardians,2026-06-18,823772,Milwaukee Brewers,True,Final,American Family Field
Chicago Cubs,2026-06-26,823773,Milwaukee Brewers,True,Final,American Family Field
Cleveland Guardians,2026-06-17,823774,Milwaukee Brewers,True,Final,American Family Field
Cleveland Guardians,2026-06-16,823775,Milwaukee Brewers,True,Final,American Family Field
Philadelphia Phillies,2026-06-13,823776,Milwaukee Brewers,True,Final,American Family Field
Philadelphia Phillies,2026-06-14,823777,Milwaukee Brewers,True,Final,American Family Field
Philadelphia Phillies,2026-06-12,823778,Milwaukee Brewers,True,Final,American Family Field
San Francisco Giants,2026-06-04,823779,Milwaukee Brewers,True,Final,American Family Field
San Francisco Giants,2026-06-03,823780,Milwaukee Brewers,True,Final,American Family Field
San Francisco Giants,2026-06-01,823781,Milwaukee Brewers,True,Final,American Family Field
San Francisco Giants,2026-06-02,823782,Milwaukee Brewers,True,Final,American Family Field
St. Louis Cardinals,2026-05-27,823783,Milwaukee Brewers,True,Final,American Family Field
St. Louis Cardinals,2026-05-25,823784,Milwaukee Brewers,True,Final,American Family Field
St. Louis Cardinals,2026-05-26,823785,Milwaukee Brewers,True,Final,American Family Field
Los Angeles Dodgers,2026-05-24,823786,Milwaukee Brewers,True,Final,American Family Field
Los Angeles Dodgers,2026-05-23,823787,Milwaukee Brewers,True,Final,American Family Field
Los Angeles Dodgers,2026-05-22,823788,Milwaukee Brewers,True,Final,American Family Field
San Diego Padres,2026-05-14,823789,Milwaukee Brewers,True,Final,American Family Field
San Diego Padres,2026-05-12,823790,Milwaukee Brewers,True,Final,American Family Field
San Diego Padres,2026-05-13,823791,Milwaukee Brewers,True,Final,American Family Field
New York Yankees,2026-05-09,823792,Milwaukee Brewers,True,Final,American Family Field
New York Yankees,2026-05-10,823793,Milwaukee Brewers,True,Final,American Family Field
New York Yankees,2026-05-08,823794,Milwaukee Brewers,True,Final,American Family Field
Arizona Diamondbacks,2026-04-30,823795,Milwaukee Brewers,True,Final,American Family Field
Arizona Diamondbacks,2026-04-29,823796,Milwaukee Brewers,True,Final,American Family Field
Pittsburgh Pirates,2026-04-26,823797,Milwaukee Brewers,True,Final,American Family Field
Arizona Diamondbacks,2026-04-28,823798,Milwaukee Brewers,True,Final,American Family Field
Pittsburgh Pirates,2026-04-25,823799,Milwaukee Brewers,True,Final,American Family Field
Pittsburgh Pirates,2026-04-24,823800,Milwaukee Brewers,True,Final,American Family Field
Toronto Blue Jays,2026-04-16,823801,Milwaukee Brewers,True,Final,American Family Field
Toronto Blue Jays,2026-04-14,823802,Milwaukee Brewers,True,Final,American Family Field
Toronto Blue Jays,2026-04-15,823803,Milwaukee Brewers,True,Final,American Family Field
Washington Nationals,2026-04-12,823804,Milwaukee Brewers,True,Final,American Family Field
Washington Nationals,2026-04-11,823805,Milwaukee Brewers,True,Final,American Family Field
Tampa Bay Rays,2026-04-01,823806,Milwaukee Brewers,True,Final,American Family Field
Tampa Bay Rays,2026-03-31,823807,Milwaukee Brewers,True,Final,American Family Field
Washington Nationals,2026-04-10,823808,Milwaukee Brewers,True,Final,American Family Field
Tampa Bay Rays,2026-03-30,823809,Milwaukee Brewers,True,Final,American Family Field
Chicago White Sox,2026-03-29,823810,Milwaukee Brewers,True,Final,American Family Field
Chicago White Sox,2026-03-28,823811,Milwaukee Brewers,True,Final,American Family Field
Chicago White Sox,2026-03-26,823812,Milwaukee Brewers,True,Final,American Family Field
New York Mets,2026-09-09,823818,Miami Marlins,True,Final,loanDepot park
New York Mets,2026-09-07,823820,Miami Marlins,True,Final,loanDepot park
New York Mets,2026-09-08,823821,Miami Marlins,True,Final,loanDepot park
Chicago Cubs,2026-09-06,823822,Miami Marlins,True,Final,loanDepot park
Chicago Cubs,2026-09-05,823823,Miami Marlins,True,Final,loanDepot park
Chicago Cubs,2026-09-04,823824,Miami Marlins,True,Final,loanDepot park
Boston Red Sox,2026-08-26,823825,Miami Marlins,True,Final,loanDepot park
Boston Red Sox,2026-08-25,823826,Miami Marlins,True,Final,loanDepot park
Washington Nationals,2026-08-23,823827,Miami Marlins,True,Final,loanDepot park
Boston Red Sox,2026-08-24,823828,Miami Marlins,True,Final,loanDepot park
Pittsburgh Pirates,2026-08-13,823829,Miami Marlins,True,Final,loanDepot park
Washington Nationals,2026-08-21,823830,Miami Marlins,True,Final,loanDepot park
Washington Nationals,2026-08-22,823831,Miami Marlins,True,Final,loanDepot park
Pittsburgh Pirates,2026-08-11,823832,Miami Marlins,True,Final,loanDepot park
Pittsburgh Pirates,2026-08-12,823833,Miami Marlins,True,Final,loanDepot park
Los Angeles Angels,2026-08-08,823834,Miami Marlins,True,Final,loanDepot park
Los Angeles Angels,2026-08-09,823835,Miami Marlins,True,Final,loanDepot park
Los Angeles Angels,2026-08-07,823836,Miami Marlins,True,Final,loanDepot park
Philadelphia Phillies,2026-07-29,823837,Miami Marlins,True,Final,loanDepot park
Philadelphia Phillies,2026-07-28,823838,Miami Marlins,True,Final,loanDepot park
Philadelphia Phillies,2026-07-27,823839,Miami Marlins,True,Final,loanDepot park
San Diego Padres,2026-07-26,823840,Miami Marlins,True,Final,loanDepot park
San Diego Padres,2026-07-25,823841,Miami Marlins,True,Final,loanDepot park
Cleveland Guardians,2026-07-12,823842,Miami Marlins,True,Final,loanDepot park
San Diego Padres,2026-07-24,823843,Miami Marlins,True,Final,loanDepot park
Cleveland Guardians,2026-07-11,823844,Miami Marlins,True,Final,loanDepot park
Cleveland Guardians,2026-07-10,823845,Miami Marlins,True,Final,loanDepot park
Seattle Mariners,2026-07-09,823846,Miami Marlins,True,Final,loanDepot park
Seattle Mariners,2026-07-07,823847,Miami Marlins,True,Final,loanDepot park
Seattle Mariners,2026-07-08,823848,Miami Marlins,True,Final,loanDepot park
Texas Rangers,2026-06-23,823849,Miami Marlins,True,Final,loanDepot park
Texas Rangers,2026-06-24,823850,Miami Marlins,True,Final,loanDepot park
Texas Rangers,2026-06-22,823851,Miami Marlins,True,Final,loanDepot park
San Francisco Giants,2026-06-21,823852,Miami Marlins,True,Final,loanDepot park
San Francisco Giants,2026-06-19,823853,Miami Marlins,True,Final,loanDepot park
San Francisco Giants,2026-06-20,823854,Miami Marlins,True,Final,loanDepot park
Arizona Diamondbacks,2026-06-11,823855,Miami Marlins,True,Final,loanDepot park
Arizona Diamondbacks,2026-06-10,823856,Miami Marlins,True,Final,loanDepot park
Tampa Bay Rays,2026-06-07,823857,Miami Marlins,True,Final,loanDepot park
Arizona Diamondbacks,2026-06-09,823858,Miami Marlins,True,Final,loanDepot park
Tampa Bay Rays,2026-06-06,823859,Miami Marlins,True,Final,loanDepot park
Tampa Bay Rays,2026-06-05,823860,Miami Marlins,True,Final,loanDepot park
New York Mets,2026-05-24,823861,Miami Marlins,True,Final,loanDepot park
New York Mets,2026-05-23,823862,Miami Marlins,True,Final,loanDepot park
New York Mets,2026-05-22,823863,Miami Marlins,True,Final,loanDepot park
Atlanta Braves,2026-05-21,823864,Miami Marlins,True,Final,loanDepot park
Atlanta Braves,2026-05-19,823865,Miami Marlins,True,Final,loanDepot park
Atlanta Braves,2026-05-20,823866,Miami Marlins,True,Final,loanDepot park
Atlanta Braves,2026-05-18,823867,Miami Marlins,True,Final,loanDepot park
Washington Nationals,2026-05-10,823868,Miami Marlins,True,Final,loanDepot park
Washington Nationals,2026-05-09,823869,Miami Marlins,True,Final,loanDepot park
Baltimore Orioles,2026-05-07,823870,Miami Marlins,True,Final,loanDepot park
Washington Nationals,2026-05-08,823871,Miami Marlins,True,Final,loanDepot park
Baltimore Orioles,2026-05-06,823872,Miami Marlins,True,Final,loanDepot park
Baltimore Orioles,2026-05-05,823873,Miami Marlins,True,Final,loanDepot park
Philadelphia Phillies,2026-05-04,823874,Miami Marlins,True,Final,loanDepot park
Philadelphia Phillies,2026-05-03,823875,Miami Marlins,True,Final,loanDepot park
Philadelphia Phillies,2026-05-02,823876,Miami Marlins,True,Final,loanDepot park
Philadelphia Phillies,2026-05-01,823877,Miami Marlins,True,Final,loanDepot park
St. Louis Cardinals,2026-04-22,823878,Miami Marlins,True,Final,loanDepot park
St. Louis Cardinals,2026-04-20,823879,Miami Marlins,True,Final,loanDepot park
St. Louis Cardinals,2026-04-21,823880,Miami Marlins,True,Final,loanDepot park
Milwaukee Brewers,2026-04-19,823881,Miami Marlins,True,Final,loanDepot park
Milwaukee Brewers,2026-04-18,823882,Miami Marlins,True,Final,loanDepot park
Milwaukee Brewers,2026-04-17,823883,Miami Marlins,True,Final,loanDepot park
Cincinnati Reds,2026-04-09,823884,Miami Marlins,True,Final,loanDepot park
Cincinnati Reds,2026-04-08,823885,Miami Marlins,True,Final,loanDepot park
Cincinnati Reds,2026-04-06,823886,Miami Marlins,True,Final,loanDepot park
Cincinnati Reds,2026-04-07,823887,Miami Marlins,True,Final,loanDepot park
Chicago White Sox,2026-03-31,823888,Miami Marlins,True,Final,loanDepot park
Chicago White Sox,2026-04-01,823889,Miami Marlins,True,Final,loanDepot park
Chicago White Sox,2026-03-30,823890,Miami Marlins,True,Final,loanDepot park
Colorado Rockies,2026-03-29,823891,Miami Marlins,True,Final,loanDepot park
Colorado Rockies,2026-03-28,823892,Miami Marlins,True,Final,loanDepot park
Colorado Rockies,2026-03-27,823893,Miami Marlins,True,Final,loanDepot park
Cincinnati Reds,2026-09-09,823900,Los Angeles Dodgers,True,Final,UNIQLO Field at Dodger Stadium
Cincinnati Reds,2026-09-08,823901,Los Angeles Dodgers,True,Final,UNIQLO Field at Dodger Stadium
Cincinnati Reds,2026-09-07,823902,Los Angeles Dodgers,True,Final,UNIQLO Field at Dodger Stadium
Washington Nationals,2026-09-06,823903,Los Angeles Dodgers,True,Final,UNIQLO Field at Dodger Stadium
Washington Nationals,2026-09-05,823904,Los Angeles Dodgers,True,Final,UNIQLO Field at Dodger Stadium
Washington Nationals,2026-09-04,823905,Los Angeles Dodgers,True,Final,UNIQLO Field at Dodger Stadium
St. Louis Cardinals,2026-09-02,823906,Los Angeles Dodgers,True,Final,UNIQLO Field at Dodger Stadium
St. Louis Cardinals,2026-09-03,823907,Los Angeles Dodgers,True,Final,UNIQLO Field at Dodger Stadium
St. Louis Cardinals,2026-09-01,823908,Los Angeles Dodgers,True,Final,UNIQLO Field at Dodger Stadium
Pittsburgh Pirates,2026-08-23,823909,Los Angeles Dodgers,True,Final,UNIQLO Field at Dodger Stadium
Pittsburgh Pirates,2026-08-22,823910,Los Angeles Dodgers,True,Final,UNIQLO Field at Dodger Stadium
Pittsburgh Pirates,2026-08-21,823911,Los Angeles Dodgers,True,Final,UNIQLO Field at Dodger Stadium
Milwaukee Brewers,2026-08-16,823912,Los Angeles Dodgers,True,Final,UNIQLO Field at Dodger Stadium
Milwaukee Brewers,2026-08-14,823913,Los Angeles Dodgers,True,Final,UNIQLO Field at Dodger Stadium
Milwaukee Brewers,2026-08-15,823914,Los Angeles Dodgers,True,Final,UNIQLO Field at Dodger Stadium
Milwaukee Brewers,2026-08-13,823915,Los Angeles Dodgers,True,Final,UNIQLO Field at Dodger Stadium
Kansas City Royals,2026-08-12,823916,Los Angeles Dodgers,True,Final,UNIQLO Field at Dodger Stadium
Kansas City Royals,2026-08-11,823917,Los Angeles Dodgers,True,Final,UNIQLO Field at Dodger Stadium
Kansas City Royals,2026-08-10,823918,Los Angeles Dodgers,True,Final,UNIQLO Field at Dodger Stadium
Boston Red Sox,2026-08-02,823919,Los Angeles Dodgers,True,Final,UNIQLO Field at Dodger Stadium
Boston Red Sox,2026-08-01,823920,Los Angeles Dodgers,True,Final,UNIQLO Field at Dodger Stadium
Seattle Mariners,2026-07-30,823921,Los Angeles Dodgers,True,Final,UNIQLO Field at Dodger Stadium
Boston Red Sox,2026-07-31,823922,Los Angeles Dodgers,True,Final,UNIQLO Field at Dodger Stadium
Seattle Mariners,2026-07-28,823923,Los Angeles Dodgers,True,Final,UNIQLO Field at Dodger Stadium
Seattle Mariners,2026-07-29,823924,Los Angeles Dodgers,True,Final,UNIQLO Field at Dodger Stadium
Arizona Diamondbacks,2026-07-12,823925,Los Angeles Dodgers,True,Final,UNIQLO Field at Dodger Stadium
Arizona Diamondbacks,2026-07-11,823926,Los Angeles Dodgers,True,Final,UNIQLO Field at Dodger Stadium
Arizona Diamondbacks,2026-07-10,823927,Los Angeles Dodgers,True,Final,UNIQLO Field at Dodger Stadium
Colorado Rockies,2026-07-08,823928,Los Angeles Dodgers,True,Final,UNIQLO Field at Dodger Stadium
Colorado Rockies,2026-07-07,823929,Los Angeles Dodgers,True,Final,UNIQLO Field at Dodger Stadium
Colorado Rockies,2026-07-06,823930,Los Angeles Dodgers,True,Final,UNIQLO Field at Dodger Stadium
San Diego Padres,2026-07-05,823931,Los Angeles Dodgers,True,Final,UNIQLO Field at Dodger Stadium
San Diego Padres,2026-07-04,823932,Los Angeles Dodgers,True,Final,UNIQLO Field at Dodger Stadium
San Diego Padres,2026-07-03,823933,Los Angeles Dodgers,True,Final,UNIQLO Field at Dodger Stadium
Baltimore Orioles,2026-06-21,823934,Los Angeles Dodgers,True,Final,UNIQLO Field at Dodger Stadium
San Diego Padres,2026-07-02,823935,Los Angeles Dodgers,True,Final,UNIQLO Field at Dodger Stadium
Baltimore Orioles,2026-06-19,823936,Los Angeles Dodgers,True,Final,UNIQLO Field at Dodger Stadium
Baltimore Orioles,2026-06-20,823937,Los Angeles Dodgers,True,Final,UNIQLO Field at Dodger Stadium
Tampa Bay Rays,2026-06-15,823938,Los Angeles Dodgers,True,Final,UNIQLO Field at Dodger Stadium
Tampa Bay Rays,2026-06-16,823939,Los Angeles Dodgers,True,Final,UNIQLO Field at Dodger Stadium
Tampa Bay Rays,2026-06-17,823940,Los Angeles Dodgers,True,Final,UNIQLO Field at Dodger Stadium
Los Angeles Angels,2026-06-07,823941,Los Angeles Dodgers,True,Final,UNIQLO Field at Dodger Stadium
Los Angeles Angels,2026-06-06,823942,Los Angeles Dodgers,True,Final,UNIQLO Field at Dodger Stadium
Los Angeles Angels,2026-06-05,823943,Los Angeles Dodgers,True,Final,UNIQLO Field at Dodger Stadium
Philadelphia Phillies,2026-05-31,823944,Los Angeles Dodgers,True,Final,UNIQLO Field at Dodger Stadium
Philadelphia Phillies,2026-05-30,823945,Los Angeles Dodgers,True,Final,UNIQLO Field at Dodger Stadium
Philadelphia Phillies,2026-05-29,823946,Los Angeles Dodgers,True,Final,UNIQLO Field at Dodger Stadium
Colorado Rockies,2026-05-27,823947,Los Angeles Dodgers,True,Final,UNIQLO Field at Dodger Stadium
Colorado Rockies,2026-05-25,823948,Los Angeles Dodgers,True,Final,UNIQLO Field at Dodger Stadium
Colorado Rockies,2026-05-26,823949,Los Angeles Dodgers,True,Final,UNIQLO Field at Dodger Stadium
San Francisco Giants,2026-05-14,823950,Los Angeles Dodgers,True,Final,UNIQLO Field at Dodger Stadium
San Francisco Giants,2026-05-12,823951,Los Angeles Dodgers,True,Final,UNIQLO Field at Dodger Stadium
San Francisco Giants,2026-05-13,823952,Los Angeles Dodgers,True,Final,UNIQLO Field at Dodger Stadium
San Francisco Giants,2026-05-11,823953,Los Angeles Dodgers,True,Final,UNIQLO Field at Dodger Stadium
Atlanta Braves,2026-05-10,823954,Los Angeles Dodgers,True,Final,UNIQLO Field at Dodger Stadium
Atlanta Braves,2026-05-09,823955,Los Angeles Dodgers,True,Final,UNIQLO Field at Dodger Stadium
Miami Marlins,2026-04-28,823956,Los Angeles Dodgers,True,Final,UNIQLO Field at Dodger Stadium
Atlanta Braves,2026-05-08,823957,Los Angeles Dodgers,True,Final,UNIQLO Field at Dodger Stadium
Miami Marlins,2026-04-29,823958,Los Angeles Dodgers,True,Final,UNIQLO Field at Dodger Stadium
Chicago Cubs,2026-04-26,823959,Los Angeles Dodgers,True,Final,UNIQLO Field at Dodger Stadium
Chicago Cubs,2026-04-25,823960,Los Angeles Dodgers,True,Final,UNIQLO Field at Dodger Stadium
Miami Marlins,2026-04-27,823961,Los Angeles Dodgers,True,Final,UNIQLO Field at Dodger Stadium
Chicago Cubs,2026-04-24,823962,Los Angeles Dodgers,True,Final,UNIQLO Field at Dodger Stadium
New York Mets,2026-04-15,823963,Los Angeles Dodgers,True,Final,UNIQLO Field at Dodger Stadium
New York Mets,2026-04-13,823964,Los Angeles Dodgers,True,Final,UNIQLO Field at Dodger Stadium
New York Mets,2026-04-14,823965,Los Angeles Dodgers,True,Final,UNIQLO Field at Dodger Stadium
Texas Rangers,2026-04-12,823966,Los Angeles Dodgers,True,Final,UNIQLO Field at Dodger Stadium
Texas Rangers,2026-04-11,823967,Los Angeles Dodgers,True,Final,UNIQLO Field at Dodger Stadium
Texas Rangers,2026-04-10,823968,Los Angeles Dodgers,True,Final,UNIQLO Field at Dodger Stadium
Cleveland Guardians,2026-03-31,823969,Los Angeles Dodgers,True,Final,UNIQLO Field at Dodger Stadium
Cleveland Guardians,2026-04-01,823970,Los Angeles Dodgers,True,Final,UNIQLO Field at Dodger Stadium
Arizona Diamondbacks,2026-03-27,823971,Los Angeles Dodgers,True,Final,UNIQLO Field at Dodger Stadium
Cleveland Guardians,2026-03-30,823972,Los Angeles Dodgers,True,Final,UNIQLO Field at Dodger Stadium
Arizona Diamondbacks,2026-03-28,823973,Los Angeles Dodgers,True,Final,UNIQLO Field at Dodger Stadium
Arizona Diamondbacks,2026-03-26,823974,Los Angeles Dodgers,True,Final,UNIQLO Field at Dodger Stadium
New York Yankees,2026-08-31,823982,Los Angeles Angels,True,Final,Angel Stadium
New York Yankees,2026-09-02,823983,Los Angeles Angels,True,Final,Angel Stadium
New York Yankees,2026-09-01,823984,Los Angeles Angels,True,Final,Angel Stadium
Philadelphia Phillies,2026-08-28,823985,Los Angeles Angels,True,Final,Angel Stadium
Philadelphia Phillies,2026-08-29,823986,Los Angeles Angels,True,Final,Angel Stadium
Philadelphia Phillies,2026-08-30,823987,Los Angeles Angels,True,Final,Angel Stadium
Cleveland Guardians,2026-08-26,823988,Los Angeles Angels,True,Final,Angel Stadium
Cleveland Guardians,2026-08-25,823989,Los Angeles Angels,True,Final,Angel Stadium
Kansas City Royals,2026-08-15,823990,Los Angeles Angels,True,Final,Angel Stadium
Kansas City Royals,2026-08-16,823991,Los Angeles Angels,True,Final,Angel Stadium
Cleveland Guardians,2026-08-24,823992,Los Angeles Angels,True,Final,Angel Stadium
Kansas City Royals,2026-08-14,823993,Los Angeles Angels,True,Final,Angel Stadium
Texas Rangers,2026-08-12,823994,Los Angeles Angels,True,Final,Angel Stadium
Texas Rangers,2026-08-13,823995,Los Angeles Angels,True,Final,Angel Stadium
Milwaukee Brewers,2026-08-02,823996,Los Angeles Angels,True,Final,Angel Stadium
Texas Rangers,2026-08-11,823997,Los Angeles Angels,True,Final,Angel Stadium
Texas Rangers,2026-08-10,823998,Los Angeles Angels,True,Final,Angel Stadium
Milwaukee Brewers,2026-07-31,823999,Los Angeles Angels,True,Final,Angel Stadium
Milwaukee Brewers,2026-08-01,824000,Los Angeles Angels,True,Final,Angel Stadium
Houston Astros,2026-07-27,824001,Los Angeles Angels,True,Final,Angel Stadium
Houston Astros,2026-07-29,824002,Los Angeles Angels,True,Final,Angel Stadium
Houston Astros,2026-07-28,824003,Los Angeles Angels,True,Final,Angel Stadium
St. Louis Cardinals,2026-07-22,824004,Los Angeles Angels,True,Final,Angel Stadium
St. Louis Cardinals,2026-07-21,824005,Los Angeles Angels,True,Final,Angel Stadium
St. Louis Cardinals,2026-07-20,824006,Los Angeles Angels,True,Final,Angel Stadium
Detroit Tigers,2026-07-19,824007,Los Angeles Angels,True,Final,Angel Stadium
Detroit Tigers,2026-07-18,824008,Los Angeles Angels,True,Final,Angel Stadium
Detroit Tigers,2026-07-17,824009,Los Angeles Angels,True,Final,Angel Stadium
Boston Red Sox,2026-07-05,824010,Los Angeles Angels,True,Final,Angel Stadium
Athletics,2026-06-28,824011,Los Angeles Angels,True,Final,Angel Stadium
Boston Red Sox,2026-07-04,824012,Los Angeles Angels,True,Final,Angel Stadium
Boston Red Sox,2026-07-03,824013,Los Angeles Angels,True,Final,Angel Stadium
Athletics,2026-06-26,824014,Los Angeles Angels,True,Final,Angel Stadium
Athletics,2026-06-27,824015,Los Angeles Angels,True,Final,Angel Stadium
Baltimore Orioles,2026-06-22,824016,Los Angeles Angels,True,Final,Angel Stadium
Baltimore Orioles,2026-06-23,824017,Los Angeles Angels,True,Final,Angel Stadium
Baltimore Orioles,2026-06-24,824018,Los Angeles Angels,True,Final,Angel Stadium
Tampa Bay Rays,2026-06-13,824019,Los Angeles Angels,True,Final,Angel Stadium
Tampa Bay Rays,2026-06-12,824020,Los Angeles Angels,True,Final,Angel Stadium
Tampa Bay Rays,2026-06-14,824021,Los Angeles Angels,True,Final,Angel Stadium
Houston Astros,2026-06-10,824022,Los Angeles Angels,True,Final,Angel Stadium
Houston Astros,2026-06-09,824023,Los Angeles Angels,True,Final,Angel Stadium
Colorado Rockies,2026-06-03,824024,Los Angeles Angels,True,Final,Angel Stadium
Houston Astros,2026-06-08,824025,Los Angeles Angels,True,Final,Angel Stadium
Colorado Rockies,2026-06-02,824026,Los Angeles Angels,True,Final,Angel Stadium
Colorado Rockies,2026-06-01,824027,Los Angeles Angels,True,Final,Angel Stadium
Texas Rangers,2026-05-24,824028,Los Angeles Angels,True,Final,Angel Stadium
Texas Rangers,2026-05-22,824029,Los Angeles Angels,True,Final,Angel Stadium
Texas Rangers,2026-05-23,824030,Los Angeles Angels,True,Final,Angel Stadium
Athletics,2026-05-21,824031,Los Angeles Angels,True,Final,Angel Stadium
Athletics,2026-05-20,824032,Los Angeles Angels,True,Final,Angel Stadium
Athletics,2026-05-19,824033,Los Angeles Angels,True,Final,Angel Stadium
Los Angeles Dodgers,2026-05-17,824034,Los Angeles Angels,True,Final,Angel Stadium
Athletics,2026-05-18,824035,Los Angeles Angels,True,Final,Angel Stadium
Chicago White Sox,2026-05-06,824036,Los Angeles Angels,True,Final,Angel Stadium
Los Angeles Dodgers,2026-05-15,824037,Los Angeles Angels,True,Final,Angel Stadium
Los Angeles Dodgers,2026-05-16,824038,Los Angeles Angels,True,Final,Angel Stadium
Chicago White Sox,2026-05-04,824039,Los Angeles Angels,True,Final,Angel Stadium
Chicago White Sox,2026-05-05,824040,Los Angeles Angels,True,Final,Angel Stadium
New York Mets,2026-05-01,824041,Los Angeles Angels,True,Final,Angel Stadium
New York Mets,2026-05-02,824042,Los Angeles Angels,True,Final,Angel Stadium
New York Mets,2026-05-03,824043,Los Angeles Angels,True,Final,Angel Stadium
Toronto Blue Jays,2026-04-22,824044,Los Angeles Angels,True,Final,Angel Stadium
Toronto Blue Jays,2026-04-21,824045,Los Angeles Angels,True,Final,Angel Stadium
Toronto Blue Jays,2026-04-20,824046,Los Angeles Angels,True,Final,Angel Stadium
San Diego Padres,2026-04-19,824047,Los Angeles Angels,True,Final,Angel Stadium
San Diego Padres,2026-04-17,824048,Los Angeles Angels,True,Final,Angel Stadium
San Diego Padres,2026-04-18,824049,Los Angeles Angels,True,Final,Angel Stadium
Atlanta Braves,2026-04-08,824050,Los Angeles Angels,True,Final,Angel Stadium
Atlanta Braves,2026-04-07,824051,Los Angeles Angels,True,Final,Angel Stadium
Atlanta Braves,2026-04-06,824052,Los Angeles Angels,True,Final,Angel Stadium
Seattle Mariners,2026-04-05,824053,Los Angeles Angels,True,Final,Angel Stadium
Seattle Mariners,2026-04-04,824054,Los Angeles Angels,True,Final,Angel Stadium
Seattle Mariners,2026-04-03,824056,Los Angeles Angels,True,Final,Angel Stadium
Arizona Diamondbacks,2026-09-07,824062,Kansas City Royals,True,Final,Kauffman Stadium
Arizona Diamondbacks,2026-09-08,824063,Kansas City Royals,True,Final,Kauffman Stadium
Arizona Diamondbacks,2026-09-09,824064,Kansas City Royals,True,Final,Kauffman Stadium
Toronto Blue Jays,2026-09-06,824065,Kansas City Royals,True,Final,Kauffman Stadium
Toronto Blue Jays,2026-09-05,824066,Kansas City Royals,True,Final,Kauffman Stadium
Toronto Blue Jays,2026-09-04,824067,Kansas City Royals,True,Final,Kauffman Stadium
Miami Marlins,2026-09-02,824068,Kansas City Royals,True,Final,Kauffman Stadium
Miami Marlins,2026-09-03,824069,Kansas City Royals,True,Final,Kauffman Stadium
Miami Marlins,2026-09-01,824070,Kansas City Royals,True,Final,Kauffman Stadium
Detroit Tigers,2026-08-23,824071,Kansas City Royals,True,Final,Kauffman Stadium
Detroit Tigers,2026-08-21,824072,Kansas City Royals,True,Final,Kauffman Stadium
Detroit Tigers,2026-08-22,824073,Kansas City Royals,True,Final,Kauffman Stadium
Athletics,2026-08-20,824074,Kansas City Royals,True,Final,Kauffman Stadium
Athletics,2026-08-18,824075,Kansas City Royals,True,Final,Kauffman Stadium
Athletics,2026-08-19,824076,Kansas City Royals,True,Final,Kauffman Stadium
Athletics,2026-08-17,824077,Kansas City Royals,True,Final,Kauffman Stadium
Chicago Cubs,2026-08-09,824078,Kansas City Royals,True,Final,Kauffman Stadium
Chicago Cubs,2026-08-08,824079,Kansas City Royals,True,Final,Kauffman Stadium
Minnesota Twins,2026-08-06,824080,Kansas City Royals,True,Final,Kauffman Stadium
Chicago Cubs,2026-08-07,824081,Kansas City Royals,True,Final,Kauffman Stadium
Minnesota Twins,2026-08-05,824082,Kansas City Royals,True,Final,Kauffman Stadium
San Francisco Giants,2026-07-22,824083,Kansas City Royals,True,Final,Kauffman Stadium
Minnesota Twins,2026-08-04,824084,Kansas City Royals,True,Final,Kauffman Stadium
San Francisco Giants,2026-07-21,824085,Kansas City Royals,True,Final,Kauffman Stadium
San Diego Padres,2026-07-19,824086,Kansas City Royals,True,Final,Kauffman Stadium
San Francisco Giants,2026-07-20,824087,Kansas City Royals,True,Final,Kauffman Stadium
San Diego Padres,2026-07-18,824088,Kansas City Royals,True,Final,Kauffman Stadium
Philadelphia Phillies,2026-07-06,824089,Kansas City Royals,True,Final,Kauffman Stadium
San Diego Padres,2026-07-17,824090,Kansas City Royals,True,Final,Kauffman Stadium
Philadelphia Phillies,2026-07-05,824091,Kansas City Royals,True,Final,Kauffman Stadium
Philadelphia Phillies,2026-07-04,824092,Kansas City Royals,True,Final,Kauffman Stadium
Tampa Bay Rays,2026-07-02,824093,Kansas City Royals,True,Final,Kauffman Stadium
Tampa Bay Rays,2026-07-01,824094,Kansas City Royals,True,Final,Kauffman Stadium
St. Louis Cardinals,2026-06-21,824095,Kansas City Royals,True,Final,Kauffman Stadium
Tampa Bay Rays,2026-06-30,824096,Kansas City Royals,True,Final,Kauffman Stadium
St. Louis Cardinals,2026-06-19,824097,Kansas City Royals,True,Final,Kauffman Stadium
St. Louis Cardinals,2026-06-18,824098,Kansas City Royals,True,Final,Kauffman Stadium
Houston Astros,2026-06-14,824099,Kansas City Royals,True,Final,Kauffman Stadium
Houston Astros,2026-06-13,824100,Kansas City Royals,True,Final,Kauffman Stadium
Texas Rangers,2026-06-11,824101,Kansas City Royals,True,Final,Kauffman Stadium
Houston Astros,2026-06-12,824102,Kansas City Royals,True,Final,Kauffman Stadium
Texas Rangers,2026-06-10,824103,Kansas City Royals,True,Final,Kauffman Stadium
New York Yankees,2026-05-27,824104,Kansas City Royals,True,Final,Kauffman Stadium
Texas Rangers,2026-06-09,824105,Kansas City Royals,True,Final,Kauffman Stadium
New York Yankees,2026-05-26,824106,Kansas City Royals,True,Final,Kauffman Stadium
New York Yankees,2026-05-25,824107,Kansas City Royals,True,Final,Kauffman Stadium
Seattle Mariners,2026-05-24,824108,Kansas City Royals,True,Final,Kauffman Stadium
Seattle Mariners,2026-05-23,824109,Kansas City Royals,True,Final,Kauffman Stadium
Seattle Mariners,2026-05-22,824110,Kansas City Royals,True,Final,Kauffman Stadium
Boston Red Sox,2026-05-20,824111,Kansas City Royals,True,Final,Kauffman Stadium
Boston Red Sox,2026-05-19,824112,Kansas City Royals,True,Final,Kauffman Stadium
Detroit Tigers,2026-05-10,824113,Kansas City Royals,True,Final,Kauffman Stadium
Boston Red Sox,2026-05-18,824114,Kansas City Royals,True,Final,Kauffman Stadium
Detroit Tigers,2026-05-09,824115,Kansas City Royals,True,Final,Kauffman Stadium
Detroit Tigers,2026-05-08,824116,Kansas City Royals,True,Final,Kauffman Stadium
Cleveland Guardians,2026-05-07,824117,Kansas City Royals,True,Final,Kauffman Stadium
Cleveland Guardians,2026-05-06,824118,Kansas City Royals,True,Final,Kauffman Stadium
Cleveland Guardians,2026-05-05,824119,Kansas City Royals,True,Final,Kauffman Stadium
Cleveland Guardians,2026-05-04,824120,Kansas City Royals,True,Final,Kauffman Stadium
Los Angeles Angels,2026-04-25,824121,Kansas City Royals,True,Final,Kauffman Stadium
Los Angeles Angels,2026-04-26,824122,Kansas City Royals,True,Final,Kauffman Stadium
Baltimore Orioles,2026-04-22,824123,Kansas City Royals,True,Final,Kauffman Stadium
Los Angeles Angels,2026-04-24,824124,Kansas City Royals,True,Final,Kauffman Stadium
Baltimore Orioles,2026-04-20,824125,Kansas City Royals,True,Final,Kauffman Stadium
Chicago White Sox,2026-04-12,824126,Kansas City Royals,True,Final,Kauffman Stadium
Baltimore Orioles,2026-04-21,824127,Kansas City Royals,True,Final,Kauffman Stadium
Chicago White Sox,2026-04-10,824128,Kansas City Royals,True,Final,Kauffman Stadium
Chicago White Sox,2026-04-11,824129,Kansas City Royals,True,Final,Kauffman Stadium
Chicago White Sox,2026-04-09,824130,Kansas City Royals,True,Final,Kauffman Stadium
Milwaukee Brewers,2026-04-05,824131,Kansas City Royals,True,Final,Kauffman Stadium
Milwaukee Brewers,2026-04-04,824132,Kansas City Royals,True,Final,Kauffman Stadium
Minnesota Twins,2026-04-02,824133,Kansas City Royals,True,Final,Kauffman Stadium
Milwaukee Brewers,2026-04-04,824134,Kansas City Royals,True,Final,Kauffman Stadium
Minnesota Twins,2026-03-30,824135,Kansas City Royals,True,Final,Kauffman Stadium
Minnesota Twins,2026-04-01,824136,Kansas City Royals,True,Final,Kauffman Stadium
Arizona Diamondbacks,2026-09-06,824142,Houston Astros,True,Final,Daikin Park
Chicago White Sox,2026-09-03,824144,Houston Astros,True,Final,Daikin Park
Arizona Diamondbacks,2026-09-05,824145,Houston Astros,True,Final,Daikin Park
Arizona Diamondbacks,2026-09-04,824146,Houston Astros,True,Final,Daikin Park
Chicago White Sox,2026-09-02,824147,Houston Astros,True,Final,Daikin Park
Chicago White Sox,2026-09-01,824148,Houston Astros,True,Final,Daikin Park
Chicago White Sox,2026-08-31,824149,Houston Astros,True,Final,Daikin Park
Athletics,2026-08-23,824150,Houston Astros,True,Final,Daikin Park
Athletics,2026-08-22,824151,Houston Astros,True,Final,Daikin Park
Athletics,2026-08-21,824152,Houston Astros,True,Final,Daikin Park
Los Angeles Angels,2026-08-20,824153,Houston Astros,True,Final,Daikin Park
Los Angeles Angels,2026-08-18,824154,Houston Astros,True,Final,Daikin Park
Los Angeles Angels,2026-08-19,824155,Houston Astros,True,Final,Daikin Park
Seattle Mariners,2026-08-16,824156,Houston Astros,True,Final,Daikin Park
Seattle Mariners,2026-08-15,824157,Houston Astros,True,Final,Daikin Park
Toronto Blue Jays,2026-08-05,824158,Houston Astros,True,Final,Daikin Park
Seattle Mariners,2026-08-14,824159,Houston Astros,True,Final,Daikin Park
Toronto Blue Jays,2026-08-03,824160,Houston Astros,True,Final,Daikin Park
Toronto Blue Jays,2026-08-04,824161,Houston Astros,True,Final,Daikin Park
Texas Rangers,2026-08-01,824162,Houston Astros,True,Final,Daikin Park
Texas Rangers,2026-08-02,824163,Houston Astros,True,Final,Daikin Park
Texas Rangers,2026-07-31,824164,Houston Astros,True,Final,Daikin Park
Miami Marlins,2026-07-21,824165,Houston Astros,True,Final,Daikin Park
Miami Marlins,2026-07-22,824166,Houston Astros,True,Final,Daikin Park
Miami Marlins,2026-07-20,824167,Houston Astros,True,Final,Daikin Park
Baltimore Orioles,2026-07-19,824168,Houston Astros,True,Final,Daikin Park
Baltimore Orioles,2026-07-18,824169,Houston Astros,True,Final,Daikin Park
Baltimore Orioles,2026-07-17,824170,Houston Astros,True,Final,Daikin Park
Tampa Bay Rays,2026-07-04,824171,Houston Astros,True,Final,Daikin Park
Tampa Bay Rays,2026-07-05,824172,Houston Astros,True,Final,Daikin Park
Tampa Bay Rays,2026-07-03,824173,Houston Astros,True,Final,Daikin Park
Minnesota Twins,2026-07-01,824174,Houston Astros,True,Final,Daikin Park
Minnesota Twins,2026-06-30,824175,Houston Astros,True,Final,Daikin Park
Minnesota Twins,2026-06-29,824176,Houston Astros,True,Final,Daikin Park
Cleveland Guardians,2026-06-21,824177,Houston Astros,True,Final,Daikin Park
Detroit Tigers,2026-06-17,824178,Houston Astros,True,Final,Daikin Park
Cleveland Guardians,2026-06-19,824179,Houston Astros,True,Final,Daikin Park
Cleveland Guardians,2026-06-20,824180,Houston Astros,True,Final,Daikin Park
Detroit Tigers,2026-06-15,824181,Houston Astros,True,Final,Daikin Park
Detroit Tigers,2026-06-16,824182,Houston Astros,True,Final,Daikin Park
Athletics,2026-06-07,824183,Houston Astros,True,Final,Daikin Park
Athletics,2026-06-06,824184,Houston Astros,True,Final,Daikin Park
Pittsburgh Pirates,2026-06-04,824185,Houston Astros,True,Final,Daikin Park
Athletics,2026-06-05,824186,Houston Astros,True,Final,Daikin Park
Milwaukee Brewers,2026-05-31,824187,Houston Astros,True,Final,Daikin Park
Pittsburgh Pirates,2026-06-03,824188,Houston Astros,True,Final,Daikin Park
Pittsburgh Pirates,2026-06-02,824189,Houston Astros,True,Final,Daikin Park
Milwaukee Brewers,2026-05-30,824190,Houston Astros,True,Final,Daikin Park
Milwaukee Brewers,2026-05-29,824191,Houston Astros,True,Final,Daikin Park
Texas Rangers,2026-05-17,824192,Houston Astros,True,Final,Daikin Park
Texas Rangers,2026-05-16,824193,Houston Astros,True,Final,Daikin Park
Texas Rangers,2026-05-15,824194,Houston Astros,True,Final,Daikin Park
Seattle Mariners,2026-05-13,824195,Houston Astros,True,Final,Daikin Park
Seattle Mariners,2026-05-14,824196,Houston Astros,True,Final,Daikin Park
Seattle Mariners,2026-05-12,824197,Houston Astros,True,Final,Daikin Park
Los Angeles Dodgers,2026-05-06,824198,Houston Astros,True,Final,Daikin Park
Seattle Mariners,2026-05-11,824199,Houston Astros,True,Final,Daikin Park
Los Angeles Dodgers,2026-05-05,824200,Houston Astros,True,Final,Daikin Park
Los Angeles Dodgers,2026-05-04,824201,Houston Astros,True,Final,Daikin Park
New York Yankees,2026-04-26,824202,Houston Astros,True,Final,Daikin Park
New York Yankees,2026-04-25,824203,Houston Astros,True,Final,Daikin Park
New York Yankees,2026-04-24,824204,Houston Astros,True,Final,Daikin Park
St. Louis Cardinals,2026-04-19,824205,Houston Astros,True,Final,Daikin Park
St. Louis Cardinals,2026-04-18,824206,Houston Astros,True,Final,Daikin Park
St. Louis Cardinals,2026-04-17,824207,Houston Astros,True,Final,Daikin Park
Colorado Rockies,2026-04-16,824208,Houston Astros,True,Final,Daikin Park
Colorado Rockies,2026-04-15,824209,Houston Astros,True,Final,Daikin Park
Colorado Rockies,2026-04-14,824210,Houston Astros,True,Final,Daikin Park
Boston Red Sox,2026-04-01,824211,Houston Astros,True,Final,Daikin Park
Boston Red Sox,2026-03-31,824212,Houston Astros,True,Final,Daikin Park
Los Angeles Angels,2026-03-28,824213,Houston Astros,True,Final,Daikin Park
Boston Red Sox,2026-03-30,824214,Houston Astros,True,Final,Daikin Park
Los Angeles Angels,2026-03-29,824215,Houston Astros,True,Final,Daikin Park
Los Angeles Angels,2026-03-27,824216,Houston Astros,True,Final,Daikin Park
Los Angeles Angels,2026-03-26,824218,Houston Astros,True,Final,Daikin Park
Minnesota Twins,2026-09-09,824226,Detroit Tigers,True,Final,Comerica Park
Minnesota Twins,2026-09-08,824228,Detroit Tigers,True,Final,Comerica Park
Minnesota Twins,2026-09-07,824229,Detroit Tigers,True,Final,Comerica Park
Los Angeles Dodgers,2026-08-29,824230,Detroit Tigers,True,Final,Comerica Park
Los Angeles Dodgers,2026-08-28,824231,Detroit Tigers,True,Final,Comerica Park
Los Angeles Dodgers,2026-08-30,824232,Detroit Tigers,True,Final,Comerica Park
Tampa Bay Rays,2026-08-25,824233,Detroit Tigers,True,Final,Comerica Park
Tampa Bay Rays,2026-08-26,824234,Detroit Tigers,True,Final,Comerica Park
Tampa Bay Rays,2026-08-24,824235,Detroit Tigers,True,Final,Comerica Park
Chicago White Sox,2026-08-16,824236,Detroit Tigers,True,Final,Comerica Park
Chicago White Sox,2026-08-14,824237,Detroit Tigers,True,Final,Comerica Park
Cleveland Guardians,2026-08-13,824238,Detroit Tigers,True,Final,Comerica Park
Chicago White Sox,2026-08-15,824239,Detroit Tigers,True,Final,Comerica Park
Cleveland Guardians,2026-08-11,824240,Detroit Tigers,True,Final,Comerica Park
Cleveland Guardians,2026-08-12,824241,Detroit Tigers,True,Final,Comerica Park
Baltimore Orioles,2026-07-29,824242,Detroit Tigers,True,Final,Comerica Park
Baltimore Orioles,2026-07-28,824243,Detroit Tigers,True,Final,Comerica Park
Kansas City Royals,2026-07-25,824244,Detroit Tigers,True,Final,Comerica Park
Baltimore Orioles,2026-07-27,824245,Detroit Tigers,True,Final,Comerica Park
Kansas City Royals,2026-07-26,824246,Detroit Tigers,True,Final,Comerica Park
Kansas City Royals,2026-07-23,824247,Detroit Tigers,True,Final,Comerica Park
Kansas City Royals,2026-07-24,824248,Detroit Tigers,True,Final,Comerica Park
Philadelphia Phillies,2026-07-11,824249,Detroit Tigers,True,Final,Comerica Park
Philadelphia Phillies,2026-07-12,824250,Detroit Tigers,True,Final,Comerica Park
Athletics,2026-07-09,824251,Detroit Tigers,True,Final,Comerica Park
Philadelphia Phillies,2026-07-10,824252,Detroit Tigers,True,Final,Comerica Park
Athletics,2026-07-08,824253,Detroit Tigers,True,Final,Comerica Park
Athletics,2026-07-07,824254,Detroit Tigers,True,Final,Comerica Park
Houston Astros,2026-06-26,824255,Detroit Tigers,True,Final,Comerica Park
Houston Astros,2026-06-28,824256,Detroit Tigers,True,Final,Comerica Park
Houston Astros,2026-06-27,824257,Detroit Tigers,True,Final,Comerica Park
Houston Astros,2026-06-25,824258,Detroit Tigers,True,Final,Comerica Park
New York Yankees,2026-06-24,824259,Detroit Tigers,True,Final,Comerica Park
Chicago White Sox,2026-06-21,824260,Detroit Tigers,True,Final,Comerica Park
New York Yankees,2026-06-22,824261,Detroit Tigers,True,Final,Comerica Park
New York Yankees,2026-06-23,824262,Detroit Tigers,True,Final,Comerica Park
Chicago White Sox,2026-06-20,824263,Detroit Tigers,True,Final,Comerica Park
Chicago White Sox,2026-06-19,824264,Detroit Tigers,True,Final,Comerica Park
Minnesota Twins,2026-06-11,824265,Detroit Tigers,True,Final,Comerica Park
Minnesota Twins,2026-06-10,824266,Detroit Tigers,True,Final,Comerica Park
Minnesota Twins,2026-06-09,824267,Detroit Tigers,True,Final,Comerica Park
Seattle Mariners,2026-06-07,824268,Detroit Tigers,True,Final,Comerica Park
Seattle Mariners,2026-06-06,824269,Detroit Tigers,True,Final,Comerica Park
Los Angeles Angels,2026-05-27,824270,Detroit Tigers,True,Final,Comerica Park
Seattle Mariners,2026-06-05,824271,Detroit Tigers,True,Final,Comerica Park
Los Angeles Angels,2026-05-28,824272,Detroit Tigers,True,Final,Comerica Park
Cleveland Guardians,2026-05-20,824273,Detroit Tigers,True,Final,Comerica Park
Cleveland Guardians,2026-05-21,824274,Detroit Tigers,True,Final,Comerica Park
Los Angeles Angels,2026-05-26,824275,Detroit Tigers,True,Final,Comerica Park
Cleveland Guardians,2026-05-19,824276,Detroit Tigers,True,Final,Comerica Park
Cleveland Guardians,2026-05-18,824277,Detroit Tigers,True,Final,Comerica Park
Toronto Blue Jays,2026-05-16,824278,Detroit Tigers,True,Final,Comerica Park
Toronto Blue Jays,2026-05-17,824279,Detroit Tigers,True,Final,Comerica Park
Toronto Blue Jays,2026-05-15,824280,Detroit Tigers,True,Final,Comerica Park
Boston Red Sox,2026-05-05,824281,Detroit Tigers,True,Final,Comerica Park
Boston Red Sox,2026-05-06,824282,Detroit Tigers,True,Final,Comerica Park
Boston Red Sox,2026-05-04,824283,Detroit Tigers,True,Final,Comerica Park
Texas Rangers,2026-05-02,824284,Detroit Tigers,True,Final,Comerica Park
Texas Rangers,2026-05-03,824285,Detroit Tigers,True,Final,Comerica Park
Milwaukee Brewers,2026-04-22,824286,Detroit Tigers,True,Final,Comerica Park
Texas Rangers,2026-05-01,824287,Detroit Tigers,True,Final,Comerica Park
Milwaukee Brewers,2026-04-23,824288,Detroit Tigers,True,Final,Comerica Park
Kansas City Royals,2026-04-16,824289,Detroit Tigers,True,Final,Comerica Park
Milwaukee Brewers,2026-04-21,824290,Detroit Tigers,True,Final,Comerica Park
Kansas City Royals,2026-04-15,824291,Detroit Tigers,True,Final,Comerica Park
Kansas City Royals,2026-04-14,824292,Detroit Tigers,True,Final,Comerica Park
Miami Marlins,2026-04-12,824293,Detroit Tigers,True,Final,Comerica Park
Miami Marlins,2026-04-11,824294,Detroit Tigers,True,Final,Comerica Park
St. Louis Cardinals,2026-04-04,824295,Detroit Tigers,True,Completed Early,Comerica Park
St. Louis Cardinals,2026-04-05,824296,Detroit Tigers,True,Final,Comerica Park
Miami Marlins,2026-04-10,824297,Detroit Tigers,True,Final,Comerica Park
St. Louis Cardinals,2026-04-03,824299,Detroit Tigers,True,Final,Comerica Park
St. Louis Cardinals,2026-09-06,824309,Colorado Rockies,True,Final,Coors Field
St. Louis Cardinals,2026-09-05,824310,Colorado Rockies,True,Final,Coors Field
St. Louis Cardinals,2026-09-04,824311,Colorado Rockies,True,Final,Coors Field
Baltimore Orioles,2026-09-02,824312,Colorado Rockies,True,Final,Coors Field
Baltimore Orioles,2026-09-01,824313,Colorado Rockies,True,Final,Coors Field
Baltimore Orioles,2026-08-31,824314,Colorado Rockies,True,Final,Coors Field
Cleveland Guardians,2026-08-23,824315,Colorado Rockies,True,Final,Coors Field
Cleveland Guardians,2026-08-22,824316,Colorado Rockies,True,Final,Coors Field
Cleveland Guardians,2026-08-21,824317,Colorado Rockies,True,Final,Coors Field
Los Angeles Dodgers,2026-08-19,824318,Colorado Rockies,True,Final,Coors Field
Los Angeles Dodgers,2026-08-18,824319,Colorado Rockies,True,Final,Coors Field
Los Angeles Dodgers,2026-08-17,824320,Colorado Rockies,True,Final,Coors Field
Tampa Bay Rays,2026-08-04,824321,Colorado Rockies,True,Final,Coors Field
Tampa Bay Rays,2026-08-05,824322,Colorado Rockies,True,Final,Coors Field
Kansas City Royals,2026-08-02,824323,Colorado Rockies,True,Final,Coors Field
Tampa Bay Rays,2026-08-03,824324,Colorado Rockies,True,Final,Coors Field
Kansas City Royals,2026-07-31,824325,Colorado Rockies,True,Final,Coors Field
Kansas City Royals,2026-08-01,824326,Colorado Rockies,True,Final,Coors Field
Washington Nationals,2026-07-22,824327,Colorado Rockies,True,Final,Coors Field
Washington Nationals,2026-07-20,824328,Colorado Rockies,True,Final,Coors Field
Washington Nationals,2026-07-21,824329,Colorado Rockies,True,Final,Coors Field
Cincinnati Reds,2026-07-19,824330,Colorado Rockies,True,Final,Coors Field
Cincinnati Reds,2026-07-18,824331,Colorado Rockies,True,Final,Coors Field
Cincinnati Reds,2026-07-17,824332,Colorado Rockies,True,Final,Coors Field
San Francisco Giants,2026-07-05,824333,Colorado Rockies,True,Final,Coors Field
San Francisco Giants,2026-07-04,824334,Colorado Rockies,True,Final,Coors Field
Miami Marlins,2026-07-02,824335,Colorado Rockies,True,Final,Coors Field
San Francisco Giants,2026-07-03,824336,Colorado Rockies,True,Final,Coors Field
Miami Marlins,2026-07-01,824337,Colorado Rockies,True,Final,Coors Field
Miami Marlins,2026-06-30,824338,Colorado Rockies,True,Final,Coors Field
Miami Marlins,2026-06-29,824339,Colorado Rockies,True,Final,Coors Field
Boston Red Sox,2026-06-23,824340,Colorado Rockies,True,Final,Coors Field
Boston Red Sox,2026-06-24,824341,Colorado Rockies,True,Final,Coors Field
Pittsburgh Pirates,2026-06-20,824342,Colorado Rockies,True,Final,Coors Field
Pittsburgh Pirates,2026-06-21,824343,Colorado Rockies,True,Final,Coors Field
Boston Red Sox,2026-06-22,824344,Colorado Rockies,True,Final,Coors Field
Pittsburgh Pirates,2026-06-19,824345,Colorado Rockies,True,Final,Coors Field
Chicago Cubs,2026-06-11,824346,Colorado Rockies,True,Final,Coors Field
Chicago Cubs,2026-06-09,824347,Colorado Rockies,True,Final,Coors Field
Chicago Cubs,2026-06-10,824348,Colorado Rockies,True,Final,Coors Field
Milwaukee Brewers,2026-06-07,824349,Colorado Rockies,True,Final,Coors Field
Milwaukee Brewers,2026-06-05,824350,Colorado Rockies,True,Final,Coors Field
Milwaukee Brewers,2026-06-06,824351,Colorado Rockies,True,Final,Coors Field
San Francisco Giants,2026-05-30,824352,Colorado Rockies,True,Final,Coors Field
San Francisco Giants,2026-05-29,824353,Colorado Rockies,True,Final,Coors Field
San Francisco Giants,2026-05-31,824354,Colorado Rockies,True,Final,Coors Field
Texas Rangers,2026-05-20,824355,Colorado Rockies,True,Final,Coors Field
Texas Rangers,2026-05-19,824356,Colorado Rockies,True,Final,Coors Field
Texas Rangers,2026-05-18,824357,Colorado Rockies,True,Final,Coors Field
Arizona Diamondbacks,2026-05-17,824358,Colorado Rockies,True,Final,Coors Field
Arizona Diamondbacks,2026-05-16,824359,Colorado Rockies,True,Final,Coors Field
Arizona Diamondbacks,2026-05-15,824360,Colorado Rockies,True,Final,Coors Field
New York Mets,2026-05-06,824361,Colorado Rockies,True,Final,Coors Field
New York Mets,2026-05-07,824362,Colorado Rockies,True,Final,Coors Field
New York Mets,2026-05-04,824363,Colorado Rockies,True,Final,Coors Field
Atlanta Braves,2026-05-03,824364,Colorado Rockies,True,Final,Coors Field
Atlanta Braves,2026-05-02,824365,Colorado Rockies,True,Final,Coors Field
Atlanta Braves,2026-05-01,824366,Colorado Rockies,True,Final,Coors Field
San Diego Padres,2026-04-22,824367,Colorado Rockies,True,Final,Coors Field
San Diego Padres,2026-04-23,824368,Colorado Rockies,True,Final,Coors Field
San Diego Padres,2026-04-21,824369,Colorado Rockies,True,Final,Coors Field
Los Angeles Dodgers,2026-04-20,824370,Colorado Rockies,True,Final,Coors Field
Los Angeles Dodgers,2026-04-19,824371,Colorado Rockies,True,Final,Coors Field
Los Angeles Dodgers,2026-04-18,824372,Colorado Rockies,True,Final,Coors Field
Los Angeles Dodgers,2026-04-17,824373,Colorado Rockies,True,Final,Coors Field
Houston Astros,2026-04-08,824374,Colorado Rockies,True,Final,Coors Field
Houston Astros,2026-04-07,824375,Colorado Rockies,True,Final,Coors Field
Houston Astros,2026-04-06,824376,Colorado Rockies,True,Final,Coors Field
Philadelphia Phillies,2026-04-03,824377,Colorado Rockies,True,Final,Coors Field
Philadelphia Phillies,2026-04-04,824378,Colorado Rockies,True,Final,Coors Field
Philadelphia Phillies,2026-04-05,824379,Colorado Rockies,True,Final,Coors Field
Detroit Tigers,2026-09-06,824385,Cleveland Guardians,True,Final,Progressive Field
Detroit Tigers,2026-09-04,824387,Cleveland Guardians,True,Final,Progressive Field
Toronto Blue Jays,2026-09-03,824388,Cleveland Guardians,True,Final,Progressive Field
Detroit Tigers,2026-09-05,824389,Cleveland Guardians,True,Final,Progressive Field
Toronto Blue Jays,2026-09-02,824390,Cleveland Guardians,True,Final,Progressive Field
Toronto Blue Jays,2026-09-01,824391,Cleveland Guardians,True,Final,Progressive Field
Kansas City Royals,2026-08-29,824392,Cleveland Guardians,True,Final,Progressive Field
Kansas City Royals,2026-08-30,824393,Cleveland Guardians,True,Final,Progressive Field
San Francisco Giants,2026-08-19,824394,Cleveland Guardians,True,Final,Progressive Field
San Francisco Giants,2026-08-20,824395,Cleveland Guardians,True,Final,Progressive Field
Kansas City Royals,2026-08-28,824396,Cleveland Guardians,True,Final,Progressive Field
San Diego Padres,2026-08-16,824397,Cleveland Guardians,True,Final,Progressive Field
San Francisco Giants,2026-08-18,824398,Cleveland Guardians,True,Final,Progressive Field
San Diego Padres,2026-08-14,824399,Cleveland Guardians,True,Final,Progressive Field
San Diego Padres,2026-08-15,824400,Cleveland Guardians,True,Final,Progressive Field
New York Mets,2026-08-06,824401,Cleveland Guardians,True,Final,Progressive Field
New York Mets,2026-08-05,824402,Cleveland Guardians,True,Final,Progressive Field
New York Mets,2026-08-04,824403,Cleveland Guardians,True,Final,Progressive Field
Arizona Diamondbacks,2026-08-02,824404,Cleveland Guardians,True,Final,Progressive Field
Arizona Diamondbacks,2026-08-01,824405,Cleveland Guardians,True,Final,Progressive Field
Minnesota Twins,2026-07-23,824406,Cleveland Guardians,True,Final,Progressive Field
Arizona Diamondbacks,2026-07-31,824407,Cleveland Guardians,True,Final,Progressive Field
Minnesota Twins,2026-07-22,824408,Cleveland Guardians,True,Final,Progressive Field
Minnesota Twins,2026-07-21,824409,Cleveland Guardians,True,Final,Progressive Field
Minnesota Twins,2026-07-20,824410,Cleveland Guardians,True,Final,Progressive Field
Pittsburgh Pirates,2026-07-19,824411,Cleveland Guardians,True,Final,Progressive Field
Pittsburgh Pirates,2026-07-18,824412,Cleveland Guardians,True,Final,Progressive Field
Chicago White Sox,2026-07-05,824413,Cleveland Guardians,True,Final,Progressive Field
Pittsburgh Pirates,2026-07-18,824414,Cleveland Guardians,True,Final,Progressive Field
Chicago White Sox,2026-07-04,824415,Cleveland Guardians,True,Final,Progressive Field
Chicago White Sox,2026-07-02,824416,Cleveland Guardians,True,Final,Progressive Field
Chicago White Sox,2026-07-03,824417,Cleveland Guardians,True,Final,Progressive Field
Texas Rangers,2026-06-30,824418,Cleveland Guardians,True,Final,Progressive Field
Texas Rangers,2026-07-01,824419,Cleveland Guardians,True,Final,Progressive Field
Texas Rangers,2026-06-29,824420,Cleveland Guardians,True,Final,Progressive Field
Seattle Mariners,2026-06-27,824421,Cleveland Guardians,True,Final,Progressive Field
Seattle Mariners,2026-06-28,824422,Cleveland Guardians,True,Final,Progressive Field
Seattle Mariners,2026-06-26,824423,Cleveland Guardians,True,Final,Progressive Field
Detroit Tigers,2026-09-04,824424,Cleveland Guardians,True,Final,Progressive Field
Detroit Tigers,2026-06-12,824425,Cleveland Guardians,True,Final,Progressive Field
Detroit Tigers,2026-06-13,824426,Cleveland Guardians,True,Final,Progressive Field
New York Yankees,2026-06-08,824427,Cleveland Guardians,True,Final,Progressive Field
New York Yankees,2026-06-10,824428,Cleveland Guardians,True,Final,Progressive Field
New York Yankees,2026-06-09,824429,Cleveland Guardians,True,Final,Progressive Field
Boston Red Sox,2026-05-31,824430,Cleveland Guardians,True,Final,Progressive Field
Boston Red Sox,2026-05-30,824431,Cleveland Guardians,True,Final,Progressive Field
Washington Nationals,2026-05-27,824432,Cleveland Guardians,True,Final,Progressive Field
Boston Red Sox,2026-05-29,824433,Cleveland Guardians,True,Final,Progressive Field
Washington Nationals,2026-05-26,824434,Cleveland Guardians,True,Final,Progressive Field
Cincinnati Reds,2026-05-16,824435,Cleveland Guardians,True,Final,Progressive Field
Cincinnati Reds,2026-05-17,824436,Cleveland Guardians,True,Final,Progressive Field
Washington Nationals,2026-05-25,824437,Cleveland Guardians,True,Final,Progressive Field
Los Angeles Angels,2026-05-13,824438,Cleveland Guardians,True,Final,Progressive Field
Cincinnati Reds,2026-05-15,824439,Cleveland Guardians,True,Final,Progressive Field
Minnesota Twins,2026-05-10,824440,Cleveland Guardians,True,Final,Progressive Field
Los Angeles Angels,2026-05-11,824441,Cleveland Guardians,True,Final,Progressive Field
Los Angeles Angels,2026-05-12,824442,Cleveland Guardians,True,Final,Progressive Field
Minnesota Twins,2026-05-08,824443,Cleveland Guardians,True,Final,Progressive Field
Minnesota Twins,2026-05-09,824444,Cleveland Guardians,True,Final,Progressive Field
Tampa Bay Rays,2026-04-29,824445,Cleveland Guardians,True,Final,Progressive Field
Tampa Bay Rays,2026-04-27,824446,Cleveland Guardians,True,Final,Progressive Field
Tampa Bay Rays,2026-04-28,824447,Cleveland Guardians,True,Final,Progressive Field
Houston Astros,2026-04-21,824448,Cleveland Guardians,True,Final,Progressive Field
Houston Astros,2026-04-22,824449,Cleveland Guardians,True,Final,Progressive Field
Houston Astros,2026-04-20,824450,Cleveland Guardians,True,Final,Progressive Field
Baltimore Orioles,2026-04-18,824451,Cleveland Guardians,True,Final,Progressive Field
Baltimore Orioles,2026-04-19,824452,Cleveland Guardians,True,Final,Progressive Field
Baltimore Orioles,2026-04-16,824453,Cleveland Guardians,True,Final,Progressive Field
Baltimore Orioles,2026-04-17,824454,Cleveland Guardians,True,Final,Progressive Field
Kansas City Royals,2026-04-08,824455,Cleveland Guardians,True,Final,Progressive Field
Kansas City Royals,2026-04-06,824456,Cleveland Guardians,True,Final,Progressive Field
Kansas City Royals,2026-04-07,824457,Cleveland Guardians,True,Final,Progressive Field
Chicago Cubs,2026-04-03,824458,Cleveland Guardians,True,Final,Progressive Field
Chicago Cubs,2026-04-05,824459,Cleveland Guardians,True,Final,Progressive Field
Chicago Cubs,2026-04-05,824460,Cleveland Guardians,True,Final,Progressive Field
Milwaukee Brewers,2026-09-05,824468,Cincinnati Reds,True,Final,Great American Ball Park
Milwaukee Brewers,2026-09-06,824469,Cincinnati Reds,True,Final,Great American Ball Park
San Diego Padres,2026-09-02,824470,Cincinnati Reds,True,Final,Great American Ball Park
Milwaukee Brewers,2026-09-04,824471,Cincinnati Reds,True,Final,Great American Ball Park
San Diego Padres,2026-09-01,824472,Cincinnati Reds,True,Final,Great American Ball Park
San Diego Padres,2026-08-31,824473,Cincinnati Reds,True,Final,Great American Ball Park
St. Louis Cardinals,2026-08-20,824474,Cincinnati Reds,True,Final,Great American Ball Park
St. Louis Cardinals,2026-08-18,824475,Cincinnati Reds,True,Final,Great American Ball Park
St. Louis Cardinals,2026-08-19,824476,Cincinnati Reds,True,Final,Great American Ball Park
Miami Marlins,2026-08-16,824477,Cincinnati Reds,True,Final,Great American Ball Park
St. Louis Cardinals,2026-08-17,824478,Cincinnati Reds,True,Final,Great American Ball Park
Miami Marlins,2026-08-14,824479,Cincinnati Reds,True,Final,Great American Ball Park
Miami Marlins,2026-08-15,824480,Cincinnati Reds,True,Final,Great American Ball Park
Athletics,2026-08-06,824481,Cincinnati Reds,True,Final,Great American Ball Park
Athletics,2026-08-05,824482,Cincinnati Reds,True,Final,Great American Ball Park
Pittsburgh Pirates,2026-08-02,824483,Cincinnati Reds,True,Final,Great American Ball Park
Athletics,2026-08-04,824484,Cincinnati Reds,True,Final,Great American Ball Park
Pittsburgh Pirates,2026-08-01,824485,Cincinnati Reds,True,Final,Great American Ball Park
Pittsburgh Pirates,2026-07-31,824486,Cincinnati Reds,True,Final,Great American Ball Park
Cleveland Guardians,2026-07-29,824487,Cincinnati Reds,True,Final,Great American Ball Park
Pittsburgh Pirates,2026-07-30,824488,Cincinnati Reds,True,Final,Great American Ball Park
Cleveland Guardians,2026-07-28,824489,Cincinnati Reds,True,Final,Great American Ball Park
Cleveland Guardians,2026-07-28,824490,Cincinnati Reds,True,Final,Great American Ball Park
Chicago Cubs,2026-07-12,824491,Cincinnati Reds,True,Final,Great American Ball Park
Chicago Cubs,2026-07-11,824492,Cincinnati Reds,True,Final,Great American Ball Park
Chicago Cubs,2026-07-10,824493,Cincinnati Reds,True,Final,Great American Ball Park
Philadelphia Phillies,2026-07-09,824494,Cincinnati Reds,True,Final,Great American Ball Park
Philadelphia Phillies,2026-07-07,824495,Cincinnati Reds,True,Final,Great American Ball Park
Philadelphia Phillies,2026-07-08,824496,Cincinnati Reds,True,Final,Great American Ball Park
Baltimore Orioles,2026-07-05,824497,Cincinnati Reds,True,Final,Great American Ball Park
Baltimore Orioles,2026-07-03,824498,Cincinnati Reds,True,Final,Great American Ball Park
Baltimore Orioles,2026-07-04,824499,Cincinnati Reds,True,Final,Great American Ball Park
Milwaukee Brewers,2026-06-24,824500,Cincinnati Reds,True,Final,Great American Ball Park
Milwaukee Brewers,2026-06-23,824501,Cincinnati Reds,True,Final,Great American Ball Park
Milwaukee Brewers,2026-06-22,824502,Cincinnati Reds,True,Final,Great American Ball Park
New York Mets,2026-06-17,824503,Cincinnati Reds,True,Final,Great American Ball Park
New York Mets,2026-06-16,824504,Cincinnati Reds,True,Final,Great American Ball Park
New York Mets,2026-06-15,824505,Cincinnati Reds,True,Final,Great American Ball Park
Arizona Diamondbacks,2026-06-14,824506,Cincinnati Reds,True,Final,Great American Ball Park
Arizona Diamondbacks,2026-06-12,824507,Cincinnati Reds,True,Final,Great American Ball Park
Arizona Diamondbacks,2026-06-13,824508,Cincinnati Reds,True,Final,Great American Ball Park
Kansas City Royals,2026-06-03,824509,Cincinnati Reds,True,Final,Great American Ball Park
Kansas City Royals,2026-06-01,824510,Cincinnati Reds,True,Final,Great American Ball Park
Kansas City Royals,2026-06-02,824511,Cincinnati Reds,True,Final,Great American Ball Park
Atlanta Braves,2026-05-31,824512,Cincinnati Reds,True,Final,Great American Ball Park
Atlanta Braves,2026-05-30,824513,Cincinnati Reds,True,Final,Great American Ball Park
St. Louis Cardinals,2026-08-17,824514,Cincinnati Reds,True,Final,Great American Ball Park
Atlanta Braves,2026-05-29,824515,Cincinnati Reds,True,Final,Great American Ball Park
St. Louis Cardinals,2026-05-23,824516,Cincinnati Reds,True,Final,Great American Ball Park
Washington Nationals,2026-05-14,824517,Cincinnati Reds,True,Final,Great American Ball Park
St. Louis Cardinals,2026-05-23,824518,Cincinnati Reds,True,Final,Great American Ball Park
Washington Nationals,2026-05-13,824519,Cincinnati Reds,True,Final,Great American Ball Park
Houston Astros,2026-05-10,824520,Cincinnati Reds,True,Final,Great American Ball Park
Washington Nationals,2026-05-12,824521,Cincinnati Reds,True,Final,Great American Ball Park
Houston Astros,2026-05-08,824522,Cincinnati Reds,True,Final,Great American Ball Park
Houston Astros,2026-05-09,824523,Cincinnati Reds,True,Final,Great American Ball Park
Colorado Rockies,2026-04-30,824524,Cincinnati Reds,True,Final,Great American Ball Park
Colorado Rockies,2026-04-29,824525,Cincinnati Reds,True,Final,Great American Ball Park
Colorado Rockies,2026-04-28,824526,Cincinnati Reds,True,Final,Great American Ball Park
Detroit Tigers,2026-04-25,824527,Cincinnati Reds,True,Final,Great American Ball Park
Detroit Tigers,2026-04-26,824528,Cincinnati Reds,True,Final,Great American Ball Park
Detroit Tigers,2026-04-24,824529,Cincinnati Reds,True,Final,Great American Ball Park
San Francisco Giants,2026-04-16,824530,Cincinnati Reds,True,Final,Great American Ball Park
San Francisco Giants,2026-04-14,824531,Cincinnati Reds,True,Final,Great American Ball Park
San Francisco Giants,2026-04-15,824532,Cincinnati Reds,True,Final,Great American Ball Park
Los Angeles Angels,2026-04-12,824533,Cincinnati Reds,True,Final,Great American Ball Park
Los Angeles Angels,2026-04-10,824534,Cincinnati Reds,True,Final,Great American Ball Park
Los Angeles Angels,2026-04-11,824535,Cincinnati Reds,True,Final,Great American Ball Park
Pittsburgh Pirates,2026-04-01,824536,Cincinnati Reds,True,Final,Great American Ball Park
Pittsburgh Pirates,2026-03-31,824537,Cincinnati Reds,True,Final,Great American Ball Park
Boston Red Sox,2026-03-29,824538,Cincinnati Reds,True,Final,Great American Ball Park
Pittsburgh Pirates,2026-03-30,824539,Cincinnati Reds,True,Final,Great American Ball Park
Boston Red Sox,2026-03-28,824540,Cincinnati Reds,True,Final,Great American Ball Park
Boston Red Sox,2026-03-26,824541,Cincinnati Reds,True,Final,Great American Ball Park
Pittsburgh Pirates,2026-09-09,824549,Chicago White Sox,True,Final,Rate Field
Pittsburgh Pirates,2026-09-08,824551,Chicago White Sox,True,Final,Rate Field
Minnesota Twins,2026-09-06,824552,Chicago White Sox,True,Final,Rate Field
Minnesota Twins,2026-09-05,824553,Chicago White Sox,True,Final,Rate Field
Minnesota Twins,2026-09-04,824554,Chicago White Sox,True,Final,Rate Field
Texas Rangers,2026-08-26,824555,Chicago White Sox,True,Final,Rate Field
Texas Rangers,2026-08-25,824556,Chicago White Sox,True,Final,Rate Field
Texas Rangers,2026-08-24,824557,Chicago White Sox,True,Final,Rate Field
New York Mets,2026-08-23,824558,Chicago White Sox,True,Final,Rate Field
New York Mets,2026-08-21,824559,Chicago White Sox,True,Final,Rate Field
New York Mets,2026-08-22,824560,Chicago White Sox,True,Final,Rate Field
Cincinnati Reds,2026-08-13,824561,Chicago White Sox,True,Final,Rate Field
Cincinnati Reds,2026-08-12,824562,Chicago White Sox,True,Final,Rate Field
Cincinnati Reds,2026-08-11,824563,Chicago White Sox,True,Final,Rate Field
Cleveland Guardians,2026-08-09,824564,Chicago White Sox,True,Final,Rate Field
Cleveland Guardians,2026-08-08,824565,Chicago White Sox,True,Final,Rate Field
Cleveland Guardians,2026-08-07,824566,Chicago White Sox,True,Final,Rate Field
New York Yankees,2026-07-29,824567,Chicago White Sox,True,Final,Rate Field
New York Yankees,2026-07-30,824568,Chicago White Sox,True,Final,Rate Field
New York Yankees,2026-07-28,824569,Chicago White Sox,True,Final,Rate Field
New York Yankees,2026-07-27,824570,Chicago White Sox,True,Final,Rate Field
Houston Astros,2026-07-25,824571,Chicago White Sox,True,Final,Rate Field
Houston Astros,2026-07-26,824572,Chicago White Sox,True,Final,Rate Field
Houston Astros,2026-07-24,824573,Chicago White Sox,True,Final,Rate Field
Athletics,2026-07-12,824574,Chicago White Sox,True,Final,Rate Field
Athletics,2026-07-10,824575,Chicago White Sox,True,Final,Rate Field
Athletics,2026-07-11,824576,Chicago White Sox,True,Final,Rate Field
Boston Red Sox,2026-07-09,824577,Chicago White Sox,True,Final,Rate Field
Boston Red Sox,2026-07-08,824578,Chicago White Sox,True,Final,Rate Field
Boston Red Sox,2026-07-07,824579,Chicago White Sox,True,Final,Rate Field
Kansas City Royals,2026-06-28,824580,Chicago White Sox,True,Final,Rate Field
Kansas City Royals,2026-06-27,824581,Chicago White Sox,True,Final,Rate Field
Kansas City Royals,2026-06-26,824582,Chicago White Sox,True,Final,Rate Field
Cleveland Guardians,2026-06-24,824583,Chicago White Sox,True,Final,Rate Field
Cleveland Guardians,2026-06-23,824584,Chicago White Sox,True,Final,Rate Field
Cleveland Guardians,2026-06-22,824585,Chicago White Sox,True,Final,Rate Field
Los Angeles Dodgers,2026-06-14,824586,Chicago White Sox,True,Final,Rate Field
Los Angeles Dodgers,2026-06-13,824587,Chicago White Sox,True,Final,Rate Field
Los Angeles Dodgers,2026-06-12,824588,Chicago White Sox,True,Final,Rate Field
Atlanta Braves,2026-08-20,824589,Chicago White Sox,True,Final,Rate Field
Atlanta Braves,2026-06-10,824590,Chicago White Sox,True,Final,Rate Field
Atlanta Braves,2026-06-09,824591,Chicago White Sox,True,Final,Rate Field
Detroit Tigers,2026-05-31,824592,Chicago White Sox,True,Final,Rate Field
Detroit Tigers,2026-05-30,824593,Chicago White Sox,True,Final,Rate Field
Detroit Tigers,2026-05-29,824594,Chicago White Sox,True,Final,Rate Field
Minnesota Twins,2026-05-28,824595,Chicago White Sox,True,Final,Rate Field
Minnesota Twins,2026-05-27,824596,Chicago White Sox,True,Final,Rate Field
Minnesota Twins,2026-05-26,824597,Chicago White Sox,True,Final,Rate Field
Minnesota Twins,2026-05-25,824598,Chicago White Sox,True,Final,Rate Field
Chicago Cubs,2026-05-17,824599,Chicago White Sox,True,Final,Rate Field
Chicago Cubs,2026-05-16,824600,Chicago White Sox,True,Final,Rate Field
Chicago Cubs,2026-05-15,824601,Chicago White Sox,True,Final,Rate Field
Kansas City Royals,2026-05-14,824602,Chicago White Sox,True,Final,Rate Field
Kansas City Royals,2026-05-13,824603,Chicago White Sox,True,Final,Rate Field
Kansas City Royals,2026-05-12,824604,Chicago White Sox,True,Final,Rate Field
Seattle Mariners,2026-05-10,824605,Chicago White Sox,True,Final,Rate Field
Seattle Mariners,2026-05-09,824606,Chicago White Sox,True,Final,Rate Field
Seattle Mariners,2026-05-08,824607,Chicago White Sox,True,Final,Rate Field
Los Angeles Angels,2026-04-29,824608,Chicago White Sox,True,Final,Rate Field
Los Angeles Angels,2026-04-27,824609,Chicago White Sox,True,Final,Rate Field
Los Angeles Angels,2026-04-28,824610,Chicago White Sox,True,Final,Rate Field
Washington Nationals,2026-04-24,824611,Chicago White Sox,True,Final,Rate Field
Washington Nationals,2026-04-26,824612,Chicago White Sox,True,Final,Rate Field
Washington Nationals,2026-04-25,824613,Chicago White Sox,True,Final,Rate Field
Tampa Bay Rays,2026-04-16,824614,Chicago White Sox,True,Final,Rate Field
Tampa Bay Rays,2026-04-15,824615,Chicago White Sox,True,Final,Rate Field
Tampa Bay Rays,2026-04-14,824616,Chicago White Sox,True,Final,Rate Field
Baltimore Orioles,2026-04-08,824617,Chicago White Sox,True,Final,Rate Field
Baltimore Orioles,2026-04-07,824618,Chicago White Sox,True,Final,Rate Field
Baltimore Orioles,2026-04-06,824619,Chicago White Sox,True,Final,Rate Field
Toronto Blue Jays,2026-04-05,824620,Chicago White Sox,True,Final,Rate Field
Toronto Blue Jays,2026-04-03,824621,Chicago White Sox,True,Final,Rate Field
Toronto Blue Jays,2026-04-04,824622,Chicago White Sox,True,Final,Rate Field
Milwaukee Brewers,2026-09-03,824632,Chicago Cubs,True,Final,Wrigley Field
Milwaukee Brewers,2026-09-01,824633,Chicago Cubs,True,Final,Wrigley Field
Milwaukee Brewers,2026-09-02,824634,Chicago Cubs,True,Final,Wrigley Field
Milwaukee Brewers,2026-08-31,824635,Chicago Cubs,True,Final,Wrigley Field
Cincinnati Reds,2026-08-30,824636,Chicago Cubs,True,Final,Wrigley Field
Cincinnati Reds,2026-08-29,824637,Chicago Cubs,True,Final,Wrigley Field
Cincinnati Reds,2026-08-28,824638,Chicago Cubs,True,Final,Wrigley Field
Chicago White Sox,2026-08-18,824639,Chicago Cubs,True,Final,Wrigley Field
Chicago White Sox,2026-08-19,824640,Chicago Cubs,True,Final,Wrigley Field
Chicago White Sox,2026-08-17,824641,Chicago Cubs,True,Final,Wrigley Field
St. Louis Cardinals,2026-08-16,824642,Chicago Cubs,True,Final,Wrigley Field
St. Louis Cardinals,2026-08-14,824643,Chicago Cubs,True,Final,Wrigley Field
St. Louis Cardinals,2026-08-15,824644,Chicago Cubs,True,Final,Wrigley Field
Los Angeles Dodgers,2026-08-04,824645,Chicago Cubs,True,Final,Wrigley Field
Los Angeles Dodgers,2026-08-05,824646,Chicago Cubs,True,Final,Wrigley Field
Los Angeles Dodgers,2026-08-03,824647,Chicago Cubs,True,Final,Wrigley Field
New York Yankees,2026-08-02,824648,Chicago Cubs,True,Final,Wrigley Field
New York Yankees,2026-08-01,824649,Chicago Cubs,True,Final,Wrigley Field
Detroit Tigers,2026-07-22,824650,Chicago Cubs,True,Final,Wrigley Field
New York Yankees,2026-07-31,824651,Chicago Cubs,True,Final,Wrigley Field
Detroit Tigers,2026-07-21,824652,Chicago Cubs,True,Final,Wrigley Field
Minnesota Twins,2026-07-19,824653,Chicago Cubs,True,Final,Wrigley Field
Detroit Tigers,2026-07-20,824654,Chicago Cubs,True,Final,Wrigley Field
Minnesota Twins,2026-07-17,824655,Chicago Cubs,True,Final,Wrigley Field
St. Louis Cardinals,2026-07-05,824656,Chicago Cubs,True,Final,Wrigley Field
Minnesota Twins,2026-07-18,824657,Chicago Cubs,True,Final,Wrigley Field
St. Louis Cardinals,2026-07-04,824658,Chicago Cubs,True,Final,Wrigley Field
St. Louis Cardinals,2026-07-03,824659,Chicago Cubs,True,Final,Wrigley Field
San Diego Padres,2026-07-01,824660,Chicago Cubs,True,Final,Wrigley Field
San Diego Padres,2026-06-30,824661,Chicago Cubs,True,Final,Wrigley Field
San Diego Padres,2026-06-29,824662,Chicago Cubs,True,Final,Wrigley Field
Toronto Blue Jays,2026-06-19,824663,Chicago Cubs,True,Final,Wrigley Field
Toronto Blue Jays,2026-08-06,824664,Chicago Cubs,True,Final,Wrigley Field
Toronto Blue Jays,2026-06-20,824665,Chicago Cubs,True,Final,Wrigley Field
Colorado Rockies,2026-06-15,824666,Chicago Cubs,True,Final,Wrigley Field
Colorado Rockies,2026-06-16,824667,Chicago Cubs,True,Final,Wrigley Field
Colorado Rockies,2026-06-17,824668,Chicago Cubs,True,Final,Wrigley Field
San Francisco Giants,2026-06-06,824669,Chicago Cubs,True,Final,Wrigley Field
San Francisco Giants,2026-06-07,824670,Chicago Cubs,True,Final,Wrigley Field
Athletics,2026-06-03,824671,Chicago Cubs,True,Final,Wrigley Field
Athletics,2026-06-04,824672,Chicago Cubs,True,Final,Wrigley Field
San Francisco Giants,2026-06-05,824673,Chicago Cubs,True,Final,Wrigley Field
Houston Astros,2026-05-23,824674,Chicago Cubs,True,Final,Wrigley Field
Athletics,2026-06-02,824675,Chicago Cubs,True,Final,Wrigley Field
Houston Astros,2026-05-24,824676,Chicago Cubs,True,Final,Wrigley Field
Milwaukee Brewers,2026-05-19,824677,Chicago Cubs,True,Final,Wrigley Field
Milwaukee Brewers,2026-05-20,824678,Chicago Cubs,True,Final,Wrigley Field
Houston Astros,2026-05-22,824679,Chicago Cubs,True,Final,Wrigley Field
Milwaukee Brewers,2026-05-18,824680,Chicago Cubs,True,Final,Wrigley Field
Cincinnati Reds,2026-05-07,824681,Chicago Cubs,True,Final,Wrigley Field
Cincinnati Reds,2026-05-05,824682,Chicago Cubs,True,Final,Wrigley Field
Cincinnati Reds,2026-05-06,824683,Chicago Cubs,True,Final,Wrigley Field
Cincinnati Reds,2026-05-04,824684,Chicago Cubs,True,Final,Wrigley Field
Arizona Diamondbacks,2026-05-02,824685,Chicago Cubs,True,Final,Wrigley Field
Arizona Diamondbacks,2026-05-01,824686,Chicago Cubs,True,Final,Wrigley Field
Arizona Diamondbacks,2026-05-03,824687,Chicago Cubs,True,Final,Wrigley Field
Philadelphia Phillies,2026-04-22,824688,Chicago Cubs,True,Final,Wrigley Field
Philadelphia Phillies,2026-04-23,824689,Chicago Cubs,True,Final,Wrigley Field
Philadelphia Phillies,2026-04-21,824690,Chicago Cubs,True,Final,Wrigley Field
New York Mets,2026-04-19,824691,Chicago Cubs,True,Final,Wrigley Field
Philadelphia Phillies,2026-04-20,824692,Chicago Cubs,True,Final,Wrigley Field
New York Mets,2026-04-17,824693,Chicago Cubs,True,Final,Wrigley Field
New York Mets,2026-04-18,824694,Chicago Cubs,True,Final,Wrigley Field
Pittsburgh Pirates,2026-04-10,824695,Chicago Cubs,True,Final,Wrigley Field
Pittsburgh Pirates,2026-04-12,824696,Chicago Cubs,True,Final,Wrigley Field
Pittsburgh Pirates,2026-04-11,824697,Chicago Cubs,True,Final,Wrigley Field
Los Angeles Angels,2026-04-01,824698,Chicago Cubs,True,Final,Wrigley Field
Los Angeles Angels,2026-03-31,824699,Chicago Cubs,True,Final,Wrigley Field
Washington Nationals,2026-03-29,824700,Chicago Cubs,True,Final,Wrigley Field
Washington Nationals,2026-03-28,824701,Chicago Cubs,True,Final,Wrigley Field
Los Angeles Angels,2026-03-30,824702,Chicago Cubs,True,Final,Wrigley Field
Washington Nationals,2026-03-26,824704,Chicago Cubs,True,Final,Wrigley Field
Los Angeles Angels,2026-09-09,824713,Boston Red Sox,True,Final,Fenway Park
Los Angeles Angels,2026-09-08,824714,Boston Red Sox,True,Final,Fenway Park
Los Angeles Angels,2026-09-07,824715,Boston Red Sox,True,Final,Fenway Park
Seattle Mariners,2026-09-01,824716,Boston Red Sox,True,Final,Fenway Park
Seattle Mariners,2026-09-02,824717,Boston Red Sox,True,Final,Fenway Park
San Francisco Giants,2026-08-22,824718,Boston Red Sox,True,Final,Fenway Park
Seattle Mariners,2026-08-31,824719,Boston Red Sox,True,Final,Fenway Park
San Francisco Giants,2026-08-23,824720,Boston Red Sox,True,Final,Fenway Park
San Francisco Giants,2026-08-21,824721,Boston Red Sox,True,Final,Fenway Park
Arizona Diamondbacks,2026-08-19,824722,Boston Red Sox,True,Final,Fenway Park
Arizona Diamondbacks,2026-08-18,824723,Boston Red Sox,True,Final,Fenway Park
Athletics,2026-08-09,824724,Boston Red Sox,True,Final,Fenway Park
Arizona Diamondbacks,2026-08-17,824725,Boston Red Sox,True,Final,Fenway Park
Athletics,2026-08-08,824726,Boston Red Sox,True,Final,Fenway Park
Athletics,2026-08-07,824727,Boston Red Sox,True,Final,Fenway Park
Chicago White Sox,2026-08-05,824728,Boston Red Sox,True,Final,Fenway Park
Chicago White Sox,2026-08-06,824729,Boston Red Sox,True,Final,Fenway Park
Toronto Blue Jays,2026-07-26,824730,Boston Red Sox,True,Final,Fenway Park
Chicago White Sox,2026-08-04,824731,Boston Red Sox,True,Final,Fenway Park
Baltimore Orioles,2026-07-22,824732,Boston Red Sox,True,Final,Fenway Park
Toronto Blue Jays,2026-07-24,824733,Boston Red Sox,True,Final,Fenway Park
Toronto Blue Jays,2026-07-25,824734,Boston Red Sox,True,Final,Fenway Park
Baltimore Orioles,2026-07-22,824735,Boston Red Sox,True,Final,Fenway Park
Baltimore Orioles,2026-07-20,824736,Boston Red Sox,True,Final,Fenway Park
Tampa Bay Rays,2026-07-17,824737,Boston Red Sox,True,Final,Fenway Park
Tampa Bay Rays,2026-07-18,824738,Boston Red Sox,True,Final,Fenway Park
Tampa Bay Rays,2026-07-19,824739,Boston Red Sox,True,Final,Fenway Park
Washington Nationals,2026-07-01,824740,Boston Red Sox,True,Final,Fenway Park
Washington Nationals,2026-06-29,824741,Boston Red Sox,True,Final,Fenway Park
Washington Nationals,2026-06-30,824742,Boston Red Sox,True,Final,Fenway Park
New York Yankees,2026-06-26,824743,Boston Red Sox,True,Final,Fenway Park
New York Yankees,2026-06-28,824744,Boston Red Sox,True,Final,Fenway Park
New York Yankees,2026-06-27,824745,Boston Red Sox,True,Final,Fenway Park
Toronto Blue Jays,2026-06-17,824746,Boston Red Sox,True,Final,Fenway Park
New York Yankees,2026-06-25,824747,Boston Red Sox,True,Final,Fenway Park
Toronto Blue Jays,2026-06-18,824748,Boston Red Sox,True,Final,Fenway Park
Texas Rangers,2026-06-13,824749,Boston Red Sox,True,Final,Fenway Park
Toronto Blue Jays,2026-06-16,824750,Boston Red Sox,True,Final,Fenway Park
Texas Rangers,2026-06-14,824751,Boston Red Sox,True,Final,Fenway Park
Texas Rangers,2026-06-12,824752,Boston Red Sox,True,Final,Fenway Park
Baltimore Orioles,2026-06-04,824753,Boston Red Sox,True,Final,Fenway Park
Baltimore Orioles,2026-06-02,824754,Boston Red Sox,True,Final,Fenway Park
Baltimore Orioles,2026-06-03,824755,Boston Red Sox,True,Final,Fenway Park
Atlanta Braves,2026-05-27,824756,Boston Red Sox,True,Final,Fenway Park
Atlanta Braves,2026-05-28,824757,Boston Red Sox,True,Final,Fenway Park
Atlanta Braves,2026-05-26,824758,Boston Red Sox,True,Final,Fenway Park
Minnesota Twins,2026-05-24,824759,Boston Red Sox,True,Final,Fenway Park
Minnesota Twins,2026-05-23,824760,Boston Red Sox,True,Final,Fenway Park
Minnesota Twins,2026-05-22,824761,Boston Red Sox,True,Final,Fenway Park
Philadelphia Phillies,2026-05-14,824762,Boston Red Sox,True,Final,Fenway Park
Philadelphia Phillies,2026-05-13,824763,Boston Red Sox,True,Final,Fenway Park
Philadelphia Phillies,2026-05-12,824764,Boston Red Sox,True,Final,Fenway Park
Tampa Bay Rays,2026-05-10,824765,Boston Red Sox,True,Final,Fenway Park
Tampa Bay Rays,2026-07-17,824766,Boston Red Sox,True,Final,Fenway Park
Tampa Bay Rays,2026-05-07,824767,Boston Red Sox,True,Final,Fenway Park
Tampa Bay Rays,2026-05-08,824768,Boston Red Sox,True,Final,Fenway Park
Houston Astros,2026-05-03,824769,Boston Red Sox,True,Final,Fenway Park
New York Yankees,2026-04-23,824770,Boston Red Sox,True,Final,Fenway Park
Houston Astros,2026-05-02,824771,Boston Red Sox,True,Final,Fenway Park
Houston Astros,2026-05-01,824772,Boston Red Sox,True,Final,Fenway Park
New York Yankees,2026-04-21,824773,Boston Red Sox,True,Final,Fenway Park
New York Yankees,2026-04-22,824774,Boston Red Sox,True,Final,Fenway Park
Detroit Tigers,2026-04-18,824775,Boston Red Sox,True,Final,Fenway Park
Detroit Tigers,2026-04-20,824776,Boston Red Sox,True,Final,Fenway Park
Detroit Tigers,2026-04-19,824777,Boston Red Sox,True,Final,Fenway Park
Detroit Tigers,2026-04-17,824778,Boston Red Sox,True,Final,Fenway Park
Milwaukee Brewers,2026-04-08,824779,Boston Red Sox,True,Final,Fenway Park
Milwaukee Brewers,2026-04-07,824780,Boston Red Sox,True,Final,Fenway Park
San Diego Padres,2026-04-05,824781,Boston Red Sox,True,Final,Fenway Park
San Diego Padres,2026-04-04,824782,Boston Red Sox,True,Final,Fenway Park
Milwaukee Brewers,2026-04-06,824783,Boston Red Sox,True,Final,Fenway Park
San Diego Padres,2026-04-03,824786,Boston Red Sox,True,Final,Fenway Park
Cleveland Guardians,2026-09-09,824791,Baltimore Orioles,True,Final,Oriole Park at Camden Yards
Cleveland Guardians,2026-09-08,824792,Baltimore Orioles,True,Final,Oriole Park at Camden Yards
Cleveland Guardians,2026-09-07,824793,Baltimore Orioles,True,Final,Oriole Park at Camden Yards
Boston Red Sox,2026-09-06,824794,Baltimore Orioles,True,Final,Oriole Park at Camden Yards
Boston Red Sox,2026-09-05,824795,Baltimore Orioles,True,Final,Oriole Park at Camden Yards
Boston Red Sox,2026-09-03,824796,Baltimore Orioles,True,Final,Oriole Park at Camden Yards
Boston Red Sox,2026-09-04,824797,Baltimore Orioles,True,Final,Oriole Park at Camden Yards
Tampa Bay Rays,2026-08-22,824798,Baltimore Orioles,True,Final,Oriole Park at Camden Yards
Tampa Bay Rays,2026-08-23,824799,Baltimore Orioles,True,Final,Oriole Park at Camden Yards
Tampa Bay Rays,2026-08-21,824800,Baltimore Orioles,True,Final,Oriole Park at Camden Yards
New York Yankees,2026-08-19,824801,Baltimore Orioles,True,Final,Oriole Park at Camden Yards
New York Yankees,2026-08-20,824802,Baltimore Orioles,True,Final,Oriole Park at Camden Yards
New York Yankees,2026-08-18,824803,Baltimore Orioles,True,Final,Oriole Park at Camden Yards
Los Angeles Angels,2026-08-06,824804,Baltimore Orioles,True,Final,Oriole Park at Camden Yards
Los Angeles Angels,2026-08-04,824805,Baltimore Orioles,True,Final,Oriole Park at Camden Yards
Los Angeles Angels,2026-08-05,824806,Baltimore Orioles,True,Final,Oriole Park at Camden Yards
Philadelphia Phillies,2026-08-02,824807,Baltimore Orioles,True,Completed Early,Oriole Park at Camden Yards
Philadelphia Phillies,2026-08-01,824808,Baltimore Orioles,True,Final,Oriole Park at Camden Yards
Philadelphia Phillies,2026-07-31,824809,Baltimore Orioles,True,Final,Oriole Park at Camden Yards
Atlanta Braves,2026-07-26,824810,Baltimore Orioles,True,Final,Oriole Park at Camden Yards
Atlanta Braves,2026-07-25,824811,Baltimore Orioles,True,Final,Oriole Park at Camden Yards
Atlanta Braves,2026-07-24,824812,Baltimore Orioles,True,Final,Oriole Park at Camden Yards
Kansas City Royals,2026-07-11,824813,Baltimore Orioles,True,Final,Oriole Park at Camden Yards
Kansas City Royals,2026-07-12,824814,Baltimore Orioles,True,Final,Oriole Park at Camden Yards
Chicago Cubs,2026-07-08,824815,Baltimore Orioles,True,Final,Oriole Park at Camden Yards
Chicago Cubs,2026-07-09,824816,Baltimore Orioles,True,Final,Oriole Park at Camden Yards
Kansas City Royals,2026-07-10,824817,Baltimore Orioles,True,Final,Oriole Park at Camden Yards
Chicago White Sox,2026-07-01,824818,Baltimore Orioles,True,Final,Oriole Park at Camden Yards
Chicago White Sox,2026-06-30,824819,Baltimore Orioles,True,Final,Oriole Park at Camden Yards
Chicago Cubs,2026-07-07,824820,Baltimore Orioles,True,Final,Oriole Park at Camden Yards
Washington Nationals,2026-06-28,824821,Baltimore Orioles,True,Final,Oriole Park at Camden Yards
Chicago White Sox,2026-06-29,824822,Baltimore Orioles,True,Final,Oriole Park at Camden Yards
San Diego Padres,2026-06-14,824823,Baltimore Orioles,True,Final,Oriole Park at Camden Yards
Washington Nationals,2026-06-26,824824,Baltimore Orioles,True,Final,Oriole Park at Camden Yards
Washington Nationals,2026-06-27,824825,Baltimore Orioles,True,Final,Oriole Park at Camden Yards
San Diego Padres,2026-06-12,824826,Baltimore Orioles,True,Final,Oriole Park at Camden Yards
Seattle Mariners,2026-06-11,824827,Baltimore Orioles,True,Final,Oriole Park at Camden Yards
San Diego Padres,2026-06-13,824828,Baltimore Orioles,True,Final,Oriole Park at Camden Yards
Seattle Mariners,2026-06-08,824829,Baltimore Orioles,True,Final,Oriole Park at Camden Yards
Seattle Mariners,2026-06-09,824830,Baltimore Orioles,True,Final,Oriole Park at Camden Yards
Seattle Mariners,2026-06-10,824831,Baltimore Orioles,True,Final,Oriole Park at Camden Yards
Toronto Blue Jays,2026-05-31,824832,Baltimore Orioles,True,Final,Oriole Park at Camden Yards
Toronto Blue Jays,2026-05-30,824833,Baltimore Orioles,True,Final,Oriole Park at Camden Yards
Toronto Blue Jays,2026-05-28,824834,Baltimore Orioles,True,Final,Oriole Park at Camden Yards
Toronto Blue Jays,2026-05-29,824835,Baltimore Orioles,True,Final,Oriole Park at Camden Yards
Tampa Bay Rays,2026-05-27,824836,Baltimore Orioles,True,Final,Oriole Park at Camden Yards
Tampa Bay Rays,2026-05-26,824837,Baltimore Orioles,True,Final,Oriole Park at Camden Yards
Tampa Bay Rays,2026-05-25,824838,Baltimore Orioles,True,Final,Oriole Park at Camden Yards
Detroit Tigers,2026-05-24,824839,Baltimore Orioles,True,Final,Oriole Park at Camden Yards
Detroit Tigers,2026-05-24,824840,Baltimore Orioles,True,Final,Oriole Park at Camden Yards
New York Yankees,2026-05-13,824841,Baltimore Orioles,True,Final,Oriole Park at Camden Yards
Detroit Tigers,2026-05-22,824842,Baltimore Orioles,True,Final,Oriole Park at Camden Yards
New York Yankees,2026-05-12,824843,Baltimore Orioles,True,Final,Oriole Park at Camden Yards
New York Yankees,2026-05-11,824844,Baltimore Orioles,True,Final,Oriole Park at Camden Yards
Athletics,2026-05-10,824845,Baltimore Orioles,True,Final,Oriole Park at Camden Yards
Athletics,2026-05-08,824846,Baltimore Orioles,True,Final,Oriole Park at Camden Yards
Athletics,2026-05-09,824847,Baltimore Orioles,True,Final,Oriole Park at Camden Yards
Houston Astros,2026-04-30,824848,Baltimore Orioles,True,Final,Oriole Park at Camden Yards
Houston Astros,2026-04-28,824849,Baltimore Orioles,True,Final,Oriole Park at Camden Yards
Houston Astros,2026-04-30,824850,Baltimore Orioles,True,Final,Oriole Park at Camden Yards
Boston Red Sox,2026-04-25,824851,Baltimore Orioles,True,Final,Oriole Park at Camden Yards
Boston Red Sox,2026-04-26,824852,Baltimore Orioles,True,Final,Oriole Park at Camden Yards
Arizona Diamondbacks,2026-04-14,824853,Baltimore Orioles,True,Final,Oriole Park at Camden Yards
Boston Red Sox,2026-04-24,824854,Baltimore Orioles,True,Final,Oriole Park at Camden Yards
Arizona Diamondbacks,2026-04-15,824855,Baltimore Orioles,True,Final,Oriole Park at Camden Yards
Arizona Diamondbacks,2026-04-13,824856,Baltimore Orioles,True,Final,Oriole Park at Camden Yards
San Francisco Giants,2026-04-11,824857,Baltimore Orioles,True,Final,Oriole Park at Camden Yards
San Francisco Giants,2026-04-10,824858,Baltimore Orioles,True,Final,Oriole Park at Camden Yards
San Francisco Giants,2026-04-12,824859,Baltimore Orioles,True,Final,Oriole Park at Camden Yards
Texas Rangers,2026-04-01,824860,Baltimore Orioles,True,Final,Oriole Park at Camden Yards
Texas Rangers,2026-03-31,824861,Baltimore Orioles,True,Final,Oriole Park at Camden Yards
Minnesota Twins,2026-03-28,824862,Baltimore Orioles,True,Final,Oriole Park at Camden Yards
Texas Rangers,2026-03-30,824863,Baltimore Orioles,True,Final,Oriole Park at Camden Yards
Minnesota Twins,2026-03-29,824864,Baltimore Orioles,True,Final,Oriole Park at Camden Yards
Minnesota Twins,2026-03-26,824865,Baltimore Orioles,True,Final,Oriole Park at Camden Yards
Tampa Bay Rays,2026-09-09,824871,Atlanta Braves,True,Final,Truist Park
Colorado Rockies,2026-08-29,824874,Atlanta Braves,True,Final,Truist Park
Tampa Bay Rays,2026-09-08,824875,Atlanta Braves,True,Final,Truist Park
Colorado Rockies,2026-08-30,824876,Atlanta Braves,True,Final,Truist Park
Colorado Rockies,2026-08-28,824877,Atlanta Braves,True,Final,Truist Park
Los Angeles Dodgers,2026-08-26,824878,Atlanta Braves,True,Final,Truist Park
Los Angeles Dodgers,2026-08-27,824879,Atlanta Braves,True,Final,Truist Park
Arizona Diamondbacks,2026-08-16,824880,Atlanta Braves,True,Final,Truist Park
Los Angeles Dodgers,2026-08-25,824881,Atlanta Braves,True,Final,Truist Park
Arizona Diamondbacks,2026-08-14,824882,Atlanta Braves,True,Final,Truist Park
New York Mets,2026-08-12,824883,Atlanta Braves,True,Final,Truist Park
Arizona Diamondbacks,2026-08-15,824884,Atlanta Braves,True,Final,Truist Park
Miami Marlins,2026-08-06,824885,Atlanta Braves,True,Final,Truist Park
New York Mets,2026-08-11,824886,Atlanta Braves,True,Final,Truist Park
New York Mets,2026-08-10,824887,Atlanta Braves,True,Final,Truist Park
Miami Marlins,2026-08-04,824888,Atlanta Braves,True,Final,Truist Park
Miami Marlins,2026-08-05,824889,Atlanta Braves,True,Final,Truist Park
Washington Nationals,2026-08-01,824890,Atlanta Braves,True,Final,Truist Park
Washington Nationals,2026-08-02,824891,Atlanta Braves,True,Final,Truist Park
Washington Nationals,2026-07-31,824892,Atlanta Braves,True,Final,Truist Park
San Diego Padres,2026-07-23,824893,Atlanta Braves,True,Final,Truist Park
Washington Nationals,2026-07-30,824894,Atlanta Braves,True,Final,Truist Park
San Diego Padres,2026-07-21,824895,Atlanta Braves,True,Final,Truist Park
San Diego Padres,2026-07-22,824896,Atlanta Braves,True,Final,Truist Park
Texas Rangers,2026-07-19,824897,Atlanta Braves,True,Final,Truist Park
San Diego Padres,2026-07-20,824898,Atlanta Braves,True,Final,Truist Park
Texas Rangers,2026-07-18,824899,Atlanta Braves,True,Final,Truist Park
New York Mets,2026-07-06,824900,Atlanta Braves,True,Final,Truist Park
Texas Rangers,2026-07-17,824901,Atlanta Braves,True,Final,Truist Park
New York Mets,2026-07-05,824902,Atlanta Braves,True,Final,Truist Park
New York Mets,2026-07-04,824903,Atlanta Braves,True,Final,Truist Park
New York Mets,2026-07-03,824904,Atlanta Braves,True,Final,Truist Park
St. Louis Cardinals,2026-07-01,824905,Atlanta Braves,True,Final,Truist Park
St. Louis Cardinals,2026-07-02,824906,Atlanta Braves,True,Final,Truist Park
St. Louis Cardinals,2026-06-30,824907,Atlanta Braves,True,Final,Truist Park
Milwaukee Brewers,2026-06-21,824908,Atlanta Braves,True,Final,Truist Park
Milwaukee Brewers,2026-06-20,824909,Atlanta Braves,True,Final,Truist Park
Milwaukee Brewers,2026-06-19,824910,Atlanta Braves,True,Final,Truist Park
San Francisco Giants,2026-08-31,824911,Atlanta Braves,True,Final,Truist Park
San Francisco Giants,2026-06-16,824912,Atlanta Braves,True,Final,Truist Park
San Francisco Giants,2026-06-17,824913,Atlanta Braves,True,Final,Truist Park
Pittsburgh Pirates,2026-06-05,824914,Atlanta Braves,True,Final,Truist Park
Pittsburgh Pirates,2026-06-06,824915,Atlanta Braves,True,Final,Truist Park
Pittsburgh Pirates,2026-06-07,824916,Atlanta Braves,True,Final,Truist Park
Toronto Blue Jays,2026-06-03,824917,Atlanta Braves,True,Final,Truist Park
Toronto Blue Jays,2026-06-02,824918,Atlanta Braves,True,Final,Truist Park
Toronto Blue Jays,2026-06-04,824919,Atlanta Braves,True,Final,Truist Park
Washington Nationals,2026-05-23,824920,Atlanta Braves,True,Final,Truist Park
Washington Nationals,2026-05-24,824921,Atlanta Braves,True,Final,Truist Park
Washington Nationals,2026-05-22,824922,Atlanta Braves,True,Final,Truist Park
Boston Red Sox,2026-05-17,824923,Atlanta Braves,True,Final,Truist Park
Boston Red Sox,2026-05-16,824924,Atlanta Braves,True,Final,Truist Park
Boston Red Sox,2026-05-15,824925,Atlanta Braves,True,Final,Truist Park
Chicago Cubs,2026-05-14,824926,Atlanta Braves,True,Final,Truist Park
Chicago Cubs,2026-05-12,824927,Atlanta Braves,True,Final,Truist Park
Chicago Cubs,2026-05-13,824928,Atlanta Braves,True,Final,Truist Park
Detroit Tigers,2026-04-30,824929,Atlanta Braves,True,Final,Truist Park
Detroit Tigers,2026-04-29,824930,Atlanta Braves,True,Final,Truist Park
Detroit Tigers,2026-04-28,824931,Atlanta Braves,True,Final,Truist Park
Philadelphia Phillies,2026-04-24,824932,Atlanta Braves,True,Final,Truist Park
Philadelphia Phillies,2026-04-25,824933,Atlanta Braves,True,Final,Truist Park
Philadelphia Phillies,2026-04-26,824934,Atlanta Braves,True,Final,Truist Park
Miami Marlins,2026-04-14,824935,Atlanta Braves,True,Final,Truist Park
Miami Marlins,2026-04-15,824936,Atlanta Braves,True,Final,Truist Park
Miami Marlins,2026-04-13,824937,Atlanta Braves,True,Final,Truist Park
Cleveland Guardians,2026-04-12,824938,Atlanta Braves,True,Final,Truist Park
Cleveland Guardians,2026-04-11,824939,Atlanta Braves,True,Final,Truist Park
Athletics,2026-04-01,824940,Atlanta Braves,True,Final,Truist Park
Cleveland Guardians,2026-04-10,824941,Atlanta Braves,True,Final,Truist Park
Athletics,2026-03-31,824942,Atlanta Braves,True,Final,Truist Park
Athletics,2026-03-30,824943,Atlanta Braves,True,Final,Truist Park
Kansas City Royals,2026-03-29,824944,Atlanta Braves,True,Final,Truist Park
Kansas City Royals,2026-03-28,824945,Atlanta Braves,True,Final,Truist Park
Kansas City Royals,2026-03-27,824946,Atlanta Braves,True,Final,Truist Park
Toronto Blue Jays,2026-09-09,824956,Athletics,True,Final,Sutter Health Park
Toronto Blue Jays,2026-09-08,824957,Athletics,True,Final,Sutter Health Park
Toronto Blue Jays,2026-09-07,824958,Athletics,True,Final,Sutter Health Park
Baltimore Orioles,2026-08-30,824959,Athletics,True,Final,Sutter Health Park
Baltimore Orioles,2026-08-28,824960,Athletics,True,Final,Sutter Health Park
Baltimore Orioles,2026-08-29,824961,Athletics,True,Final,Sutter Health Park
Minnesota Twins,2026-08-25,824962,Athletics,True,Final,Sutter Health Park
Minnesota Twins,2026-08-26,824963,Athletics,True,Final,Sutter Health Park
Minnesota Twins,2026-08-24,824964,Athletics,True,Final,Sutter Health Park
Texas Rangers,2026-08-16,824965,Athletics,True,Final,Sutter Health Park
Texas Rangers,2026-08-15,824966,Athletics,True,Final,Sutter Health Park
Tampa Bay Rays,2026-08-12,824967,Athletics,True,Final,Sutter Health Park
Texas Rangers,2026-08-14,824968,Athletics,True,Final,Sutter Health Park
Tampa Bay Rays,2026-08-10,824969,Athletics,True,Final,Sutter Health Park
Tampa Bay Rays,2026-08-11,824970,Athletics,True,Final,Sutter Health Park
Detroit Tigers,2026-08-02,824971,Athletics,True,Final,Sutter Health Park
Detroit Tigers,2026-08-01,824972,Athletics,True,Final,Sutter Health Park
Boston Red Sox,2026-07-29,824973,Athletics,True,Final,Sutter Health Park
Boston Red Sox,2026-07-30,824974,Athletics,True,Final,Sutter Health Park
Detroit Tigers,2026-07-31,824975,Athletics,True,Final,Sutter Health Park
Boston Red Sox,2026-07-28,824976,Athletics,True,Final,Sutter Health Park
Boston Red Sox,2026-07-27,824977,Athletics,True,Final,Sutter Health Park
Washington Nationals,2026-07-19,824978,Athletics,True,Final,Sutter Health Park
Washington Nationals,2026-07-18,824979,Athletics,True,Final,Sutter Health Park
Miami Marlins,2026-07-05,824980,Athletics,True,Final,Sutter Health Park
Washington Nationals,2026-07-17,824981,Athletics,True,Final,Sutter Health Park
Miami Marlins,2026-07-03,824982,Athletics,True,Final,Sutter Health Park
Miami Marlins,2026-07-04,824983,Athletics,True,Final,Sutter Health Park
Los Angeles Dodgers,2026-06-30,824984,Athletics,True,Final,Sutter Health Park
Los Angeles Dodgers,2026-07-01,824985,Athletics,True,Final,Sutter Health Park
Los Angeles Dodgers,2026-06-29,824986,Athletics,True,Final,Sutter Health Park
Los Angeles Angels,2026-06-21,824987,Athletics,True,Final,Sutter Health Park
Los Angeles Angels,2026-06-20,824988,Athletics,True,Final,Sutter Health Park
Los Angeles Angels,2026-06-18,824989,Athletics,True,Final,Sutter Health Park
Los Angeles Angels,2026-06-19,824990,Athletics,True,Final,Sutter Health Park
Pittsburgh Pirates,2026-06-16,824991,Athletics,True,Final,Sutter Health Park
Pittsburgh Pirates,2026-06-17,824992,Athletics,True,Final,Sutter Health Park
Pittsburgh Pirates,2026-06-15,824993,Athletics,True,Final,Sutter Health Park
Colorado Rockies,2026-06-14,824994,Athletics,True,Final,Las Vegas Ballpark
Colorado Rockies,2026-06-13,824995,Athletics,True,Final,Las Vegas Ballpark
Milwaukee Brewers,2026-06-10,824996,Athletics,True,Final,Las Vegas Ballpark
Colorado Rockies,2026-06-12,824997,Athletics,True,Final,Las Vegas Ballpark
Milwaukee Brewers,2026-06-08,824998,Athletics,True,Final,Las Vegas Ballpark
Milwaukee Brewers,2026-06-09,824999,Athletics,True,Final,Las Vegas Ballpark
New York Yankees,2026-05-30,825000,Athletics,True,Final,Sutter Health Park
New York Yankees,2026-05-31,825001,Athletics,True,Final,Sutter Health Park
New York Yankees,2026-05-29,825002,Athletics,True,Final,Sutter Health Park
Seattle Mariners,2026-05-27,825003,Athletics,True,Final,Sutter Health Park
Seattle Mariners,2026-05-26,825004,Athletics,True,Final,Sutter Health Park
Seattle Mariners,2026-05-25,825005,Athletics,True,Final,Sutter Health Park
San Francisco Giants,2026-05-17,825006,Athletics,True,Final,Sutter Health Park
San Francisco Giants,2026-05-16,825007,Athletics,True,Final,Sutter Health Park
St. Louis Cardinals,2026-05-14,825008,Athletics,True,Final,Sutter Health Park
San Francisco Giants,2026-05-15,825009,Athletics,True,Final,Sutter Health Park
St. Louis Cardinals,2026-05-13,825010,Athletics,True,Final,Sutter Health Park
St. Louis Cardinals,2026-05-12,825011,Athletics,True,Final,Sutter Health Park
Cleveland Guardians,2026-05-01,825012,Athletics,True,Final,Sutter Health Park
Cleveland Guardians,2026-05-03,825013,Athletics,True,Final,Sutter Health Park
Cleveland Guardians,2026-05-02,825014,Athletics,True,Final,Sutter Health Park
Kansas City Royals,2026-04-29,825015,Athletics,True,Final,Sutter Health Park
Kansas City Royals,2026-04-30,825016,Athletics,True,Final,Sutter Health Park
Kansas City Royals,2026-04-28,825017,Athletics,True,Final,Sutter Health Park
Chicago White Sox,2026-04-19,825018,Athletics,True,Final,Sutter Health Park
Chicago White Sox,2026-04-17,825019,Athletics,True,Final,Sutter Health Park
Chicago White Sox,2026-04-18,825020,Athletics,True,Final,Sutter Health Park
Texas Rangers,2026-04-15,825021,Athletics,True,Final,Sutter Health Park
Texas Rangers,2026-04-14,825022,Athletics,True,Final,Sutter Health Park
Texas Rangers,2026-04-16,825023,Athletics,True,Final,Sutter Health Park
Texas Rangers,2026-04-13,825024,Athletics,True,Final,Sutter Health Park
Houston Astros,2026-04-05,825025,Athletics,True,Final,Sutter Health Park
Houston Astros,2026-04-03,825026,Athletics,True,Final,Sutter Health Park
Houston Astros,2026-04-04,825027,Athletics,True,Final,Sutter Health Park
Philadelphia Phillies,2026-09-02,825037,Arizona Diamondbacks,True,Final,Chase Field
Philadelphia Phillies,2026-09-01,825038,Arizona Diamondbacks,True,Final,Chase Field
Chicago Cubs,2026-08-26,825039,Arizona Diamondbacks,True,Final,Chase Field
Philadelphia Phillies,2026-08-31,825040,Arizona Diamondbacks,True,Final,Chase Field
Chicago Cubs,2026-08-24,825041,Arizona Diamondbacks,True,Final,Chase Field
Chicago Cubs,2026-08-25,825042,Arizona Diamondbacks,True,Final,Chase Field
Cincinnati Reds,2026-08-23,825043,Arizona Diamondbacks,True,Final,Chase Field
Cincinnati Reds,2026-08-22,825044,Arizona Diamondbacks,True,Final,Chase Field
Cincinnati Reds,2026-08-21,825045,Arizona Diamondbacks,True,Final,Chase Field
Colorado Rockies,2026-08-11,825046,Arizona Diamondbacks,True,Final,Chase Field
Colorado Rockies,2026-08-12,825047,Arizona Diamondbacks,True,Final,Chase Field
Colorado Rockies,2026-08-10,825048,Arizona Diamondbacks,True,Final,Chase Field
Los Angeles Dodgers,2026-08-08,825049,Arizona Diamondbacks,True,Final,Chase Field
Los Angeles Dodgers,2026-08-09,825050,Arizona Diamondbacks,True,Final,Chase Field
Los Angeles Dodgers,2026-08-07,825051,Arizona Diamondbacks,True,Final,Chase Field
San Diego Padres,2026-08-05,825052,Arizona Diamondbacks,True,Final,Chase Field
San Diego Padres,2026-08-06,825053,Arizona Diamondbacks,True,Final,Chase Field
San Diego Padres,2026-08-04,825054,Arizona Diamondbacks,True,Final,Chase Field
Athletics,2026-07-22,825055,Arizona Diamondbacks,True,Final,Chase Field
Athletics,2026-07-21,825056,Arizona Diamondbacks,True,Final,Chase Field
St. Louis Cardinals,2026-07-19,825057,Arizona Diamondbacks,True,Final,Chase Field
Athletics,2026-07-20,825058,Arizona Diamondbacks,True,Final,Chase Field
St. Louis Cardinals,2026-07-18,825059,Arizona Diamondbacks,True,Final,Chase Field
St. Louis Cardinals,2026-07-17,825060,Arizona Diamondbacks,True,Final,Chase Field
Milwaukee Brewers,2026-07-05,825061,Arizona Diamondbacks,True,Final,Chase Field
Milwaukee Brewers,2026-07-03,825062,Arizona Diamondbacks,True,Final,Chase Field
Milwaukee Brewers,2026-07-04,825063,Arizona Diamondbacks,True,Final,Chase Field
San Francisco Giants,2026-07-01,825064,Arizona Diamondbacks,True,Final,Chase Field
San Francisco Giants,2026-06-29,825065,Arizona Diamondbacks,True,Final,Chase Field
San Francisco Giants,2026-06-30,825066,Arizona Diamondbacks,True,Final,Chase Field
Minnesota Twins,2026-06-21,825067,Arizona Diamondbacks,True,Final,Chase Field
Minnesota Twins,2026-06-20,825068,Arizona Diamondbacks,True,Final,Chase Field
Minnesota Twins,2026-06-19,825069,Arizona Diamondbacks,True,Final,Chase Field
Los Angeles Angels,2026-06-16,825070,Arizona Diamondbacks,True,Final,Chase Field
Los Angeles Angels,2026-06-15,825071,Arizona Diamondbacks,True,Final,Chase Field
Los Angeles Angels,2026-06-17,825072,Arizona Diamondbacks,True,Final,Chase Field
Washington Nationals,2026-06-05,825073,Arizona Diamondbacks,True,Final,Chase Field
Washington Nationals,2026-06-07,825074,Arizona Diamondbacks,True,Final,Chase Field
Washington Nationals,2026-06-06,825075,Arizona Diamondbacks,True,Final,Chase Field
Los Angeles Dodgers,2026-06-04,825076,Arizona Diamondbacks,True,Final,Chase Field
Los Angeles Dodgers,2026-06-03,825077,Arizona Diamondbacks,True,Final,Chase Field
Los Angeles Dodgers,2026-06-01,825078,Arizona Diamondbacks,True,Final,Chase Field
Los Angeles Dodgers,2026-06-02,825079,Arizona Diamondbacks,True,Final,Chase Field
Colorado Rockies,2026-05-23,825080,Arizona Diamondbacks,True,Final,Chase Field
Colorado Rockies,2026-05-24,825081,Arizona Diamondbacks,True,Final,Chase Field
Colorado Rockies,2026-05-22,825082,Arizona Diamondbacks,True,Final,Chase Field
Colorado Rockies,2026-05-21,825083,Arizona Diamondbacks,True,Final,Chase Field
San Francisco Giants,2026-05-20,825084,Arizona Diamondbacks,True,Final,Chase Field
New York Mets,2026-05-10,825085,Arizona Diamondbacks,True,Final,Chase Field
San Francisco Giants,2026-05-19,825086,Arizona Diamondbacks,True,Final,Chase Field
San Francisco Giants,2026-05-18,825087,Arizona Diamondbacks,True,Final,Chase Field
New York Mets,2026-05-08,825088,Arizona Diamondbacks,True,Final,Chase Field
New York Mets,2026-05-09,825089,Arizona Diamondbacks,True,Final,Chase Field
Pittsburgh Pirates,2026-05-07,825090,Arizona Diamondbacks,True,Final,Chase Field
Pittsburgh Pirates,2026-05-06,825091,Arizona Diamondbacks,True,Final,Chase Field
Pittsburgh Pirates,2026-05-05,825092,Arizona Diamondbacks,True,Final,Chase Field
San Diego Padres,2026-04-25,825093,Arizona Diamondbacks,True,Final,Estadio Alfredo Harp Helu
San Diego Padres,2026-04-26,825094,Arizona Diamondbacks,True,Final,Estadio Alfredo Harp Helu
San Diego Padres,2026-08-03,825095,Arizona Diamondbacks,True,Final,Chase Field
Chicago White Sox,2026-04-23,825096,Arizona Diamondbacks,True,Final,Chase Field
Chicago White Sox,2026-04-22,825097,Arizona Diamondbacks,True,Final,Chase Field
Toronto Blue Jays,2026-04-18,825098,Arizona Diamondbacks,True,Final,Chase Field
Chicago White Sox,2026-04-21,825099,Arizona Diamondbacks,True,Final,Chase Field
Toronto Blue Jays,2026-04-19,825100,Arizona Diamondbacks,True,Final,Chase Field
Toronto Blue Jays,2026-04-17,825101,Arizona Diamondbacks,True,Final,Chase Field
Atlanta Braves,2026-04-05,825102,Arizona Diamondbacks,True,Final,Chase Field
Atlanta Braves,2026-04-03,825103,Arizona Diamondbacks,True,Final,Chase Field
Atlanta Braves,2026-04-04,825104,Arizona Diamondbacks,True,Final,Chase Field
Atlanta Braves,2026-04-02,825105,Arizona Diamondbacks,True,Final,Chase Field
Detroit Tigers,2026-04-01,825106,Arizona Diamondbacks,True,Final,Chase Field
Detroit Tigers,2026-03-31,825107,Arizona Diamondbacks,True,Final,Chase Field
Detroit Tigers,2026-03-30,825108,Arizona Diamondbacks,True,Final,Chase Field
