called_pitches,dimension,incorrect_calls,incorrect_with_challenge_available,name,population,rate_per_available_incorrect_call,rate_per_called_pitch,rate_per_incorrect_call,survived_recognition,value
194088,base_state,12646,11787,,ALL,0.7649104946127089,0.04645315526977453,0.7129527123201013,9016,000
7171,base_state,424,386,,ALL,0.7409326424870466,0.03988286152558918,0.6745283018867925,286,001
24761,base_state,1560,1462,,ALL,0.7127222982216143,0.04208230685351965,0.6679487179487179,1042,010
6153,base_state,362,332,,ALL,0.6325301204819277,0.034129692832764506,0.580110497237569,210,011
64106,base_state,4298,3930,,ALL,0.7534351145038168,0.04618912426293951,0.6889250814332247,2961,100
9166,base_state,570,514,,ALL,0.7217898832684825,0.040475670957887844,0.6508771929824562,371,101
22801,base_state,1463,1302,,ALL,0.6804915514592934,0.038857944826981274,0.605604921394395,886,110
7849,base_state,508,451,,ALL,0.6541019955654102,0.03758440565677156,0.5807086614173228,295,111
196,batter,15,15,Andrew McCutchen,ALL,0.6,0.04591836734693878,0.6,9,457705
52,batter,4,4,Carlos Santana,ALL,0.75,0.057692307692307696,0.75,3,467793
399,batter,33,32,Miguel Rojas,ALL,0.75,0.06015037593984962,0.7272727272727273,24,500743
35,batter,0,0,Tommy Pham,ALL,,0.0,,0,502054
731,batter,57,54,Paul Goldschmidt,ALL,0.9259259259259259,0.06839945280437756,0.8771929824561403,50,502671
77,batter,7,6,Sandy León,ALL,1.0,0.07792207792207792,0.8571428571428571,6,506702
917,batter,76,71,Jose Altuve,ALL,0.5352112676056338,0.04143947655398037,0.5,38,514888
299,batter,19,18,Starling Marte,ALL,0.6111111111111112,0.03678929765886288,0.5789473684210527,11,516782
141,batter,7,6,Travis d'Arnaud,ALL,0.8333333333333334,0.03546099290780142,0.7142857142857143,5,518595
1229,batter,95,92,Freddie Freeman,ALL,0.7282608695652174,0.05451586655817738,0.7052631578947368,67,518692
211,batter,11,10,Giancarlo Stanton,ALL,0.8,0.037914691943127965,0.7272727272727273,8,519317
921,batter,42,38,Salvador Perez,ALL,0.7105263157894737,0.029315960912052116,0.6428571428571429,27,521692
710,batter,49,45,Marcell Ozuna,ALL,0.5777777777777777,0.036619718309859155,0.5306122448979592,26,542303
425,batter,28,25,Kyle Higashioka,ALL,0.8,0.047058823529411764,0.7142857142857143,20,543309
272,batter,26,22,James McCann,ALL,0.8636363636363636,0.06985294117647059,0.7307692307692307,19,543510
925,batter,54,50,Marcus Semien,ALL,0.68,0.036756756756756756,0.6296296296296297,34,543760
940,batter,64,58,George Springer,ALL,0.8275862068965517,0.05106382978723404,0.75,48,543807
516,batter,37,34,Christian Vázquez,ALL,0.7352941176470589,0.04844961240310078,0.6756756756756757,25,543877
784,batter,49,46,Ildemaro Vargas,ALL,0.9130434782608695,0.05357142857142857,0.8571428571428571,42,545121
403,batter,30,29,Randal Grichuk,ALL,0.6896551724137931,0.04962779156327544,0.6666666666666666,20,545341
1433,batter,116,111,Mike Trout,ALL,0.8558558558558559,0.06629448709002093,0.8189655172413793,95,545361
1261,batter,77,74,Bryce Harper,ALL,0.5540540540540541,0.03251387787470262,0.5324675324675324,41,547180
366,batter,35,33,Elias Díaz,ALL,0.7272727272727273,0.06557377049180328,0.6857142857142857,24,553869
996,batter,73,69,Eugenio Suárez,ALL,0.782608695652174,0.05421686746987952,0.7397260273972602,54,553993
1162,batter,69,63,Nolan Arenado,ALL,0.7301587301587301,0.039586919104991396,0.6666666666666666,46,571448
22,batter,1,0,Kyle Farmer,ALL,,0.0,0.0,0,571657
119,batter,12,10,Enrique Hernández,ALL,0.8,0.06722689075630252,0.6666666666666666,8,571771
78,batter,4,4,Luke Maile,ALL,1.0,0.05128205128205128,1.0,4,571912
1,batter,0,0,Miles Mikolas,ALL,,0.0,,0,571945
1127,batter,70,68,Max Muncy,ALL,0.75,0.04525288376220053,0.7285714285714285,51,571970
1103,batter,63,53,Christian Walker,ALL,0.660377358490566,0.03173164097914778,0.5555555555555556,35,572233
876,batter,51,49,Mike Yastrzemski,ALL,0.7959183673469388,0.04452054794520548,0.7647058823529411,39,573262
1004,batter,65,62,Willson Contreras,ALL,0.7741935483870968,0.04780876494023904,0.7384615384615385,48,575929
205,batter,11,10,Nick Castellanos,ALL,0.7,0.03414634146341464,0.6363636363636364,7,592206
651,batter,38,38,Aaron Judge,ALL,0.6842105263157895,0.039938556067588324,0.6842105263157895,26,592450
1258,batter,66,59,Manny Machado,ALL,0.6440677966101694,0.030206677265500796,0.5757575757575758,38,592518
899,batter,52,47,Joc Pederson,ALL,0.7659574468085106,0.04004449388209121,0.6923076923076923,36,592626
864,batter,57,52,J.T. Realmuto,ALL,0.8846153846153846,0.05324074074074074,0.8070175438596491,46,592663
1025,batter,81,74,Christian Yelich,ALL,0.8783783783783784,0.06341463414634146,0.8024691358024691,65,592885
1248,batter,97,92,Xander Bogaerts,ALL,0.6521739130434783,0.04807692307692308,0.6185567010309279,60,593428
310,batter,21,21,Jorge Polanco,ALL,0.6666666666666666,0.04516129032258064,0.6666666666666666,14,593871
275,batter,11,10,Javier Báez,ALL,0.5,0.01818181818181818,0.45454545454545453,5,595879
462,batter,29,27,Austin Hedges,ALL,0.8148148148148148,0.047619047619047616,0.7586206896551724,22,595978
883,batter,68,65,Francisco Lindor,ALL,0.8615384615384616,0.06342015855039637,0.8235294117647058,56,596019
156,batter,12,10,Austin Slater,ALL,0.9,0.057692307692307696,0.75,9,596103
343,batter,25,24,Trevor Story,ALL,0.875,0.061224489795918366,0.84,21,596115
99,batter,4,4,Garrett Stubbs,ALL,0.75,0.030303030303030304,0.75,3,596117
680,batter,42,42,Gary Sánchez,ALL,0.5476190476190477,0.033823529411764704,0.5476190476190477,23,596142
250,batter,19,19,Max Kepler,ALL,0.631578947368421,0.048,0.631578947368421,12,596146
36,batter,1,1,Jeimer Candelario,ALL,1.0,0.027777777777777776,1.0,1,600869
178,batter,8,7,Ramón Urías,ALL,0.42857142857142855,0.016853932584269662,0.375,3,602104
1147,batter,68,67,Josh Bell,ALL,0.6417910447761194,0.037489102005231034,0.6323529411764706,43,605137
970,batter,78,73,Mookie Betts,ALL,0.6712328767123288,0.050515463917525774,0.6282051282051282,49,605141
773,batter,49,46,Victor Caratini,ALL,0.782608695652174,0.04657179818887452,0.7346938775510204,36,605170
30,batter,2,2,Aramis Garcia,ALL,1.0,0.06666666666666667,1.0,2,605244
7,batter,1,1,Vimael Machín,ALL,0.0,0.0,0.0,0,605353
82,batter,3,2,Orlando Arcia,ALL,1.0,0.024390243902439025,0.6666666666666666,2,606115
900,batter,53,49,Teoscar Hernández,ALL,0.6122448979591837,0.03333333333333333,0.5660377358490566,30,606192
1029,batter,57,57,Ketel Marte,ALL,0.8245614035087719,0.0456754130223518,0.8245614035087719,47,606466
162,batter,8,7,Eric Haase,ALL,1.0,0.043209876543209874,0.875,7,606992
1128,batter,69,67,Brandon Nimmo,ALL,0.7761194029850746,0.04609929078014184,0.7536231884057971,52,607043
1160,batter,64,59,Trea Turner,ALL,0.6949152542372882,0.0353448275862069,0.640625,41,607208
1060,batter,66,60,José Ramírez,ALL,0.9333333333333333,0.052830188679245285,0.8484848484848485,56,608070
1513,batter,113,101,Alex Bregman,ALL,0.6336633663366337,0.04230006609385327,0.5663716814159292,64,608324
834,batter,51,49,Carson Kelly,ALL,0.8367346938775511,0.049160671462829736,0.803921568627451,41,608348
649,batter,43,43,Corey Seager,ALL,0.6744186046511628,0.04468412942989214,0.6744186046511628,29,608369
285,batter,26,25,Rob Refsnyder,ALL,0.84,0.07368421052631578,0.8076923076923077,21,608701
41,batter,2,2,Joey Meneses,ALL,1.0,0.04878048780487805,1.0,2,608841
422,batter,24,20,Miguel Andujar,ALL,0.75,0.035545023696682464,0.625,15,609280
516,batter,33,29,Luis Torrens,ALL,0.8275862068965517,0.046511627906976744,0.7272727272727273,24,620443
932,batter,45,43,Dansby Swanson,ALL,0.7906976744186046,0.03648068669527897,0.7555555555555555,34,621020
320,batter,16,15,Carlos Correa,ALL,0.7333333333333333,0.034375,0.6875,11,621043
424,batter,27,25,Tyrone Taylor,ALL,0.8,0.04716981132075472,0.7407407407407407,20,621438
704,batter,45,41,Byron Buxton,ALL,0.7560975609756098,0.04403409090909091,0.6888888888888889,31,621439
1607,batter,96,95,Taylor Ward,ALL,0.7473684210526316,0.04418170504044804,0.7395833333333334,71,621493
82,batter,5,4,Patrick Wisdom,ALL,0.5,0.024390243902439025,0.4,2,621550
1440,batter,76,72,Matt Olson,ALL,0.7222222222222222,0.03611111111111111,0.6842105263157895,52,621566
415,batter,26,23,Donovan Walton,ALL,0.8260869565217391,0.04578313253012048,0.7307692307692307,19,622268
336,batter,25,24,Jorge Mateo,ALL,0.7083333333333334,0.050595238095238096,0.68,17,622761
276,batter,11,11,Tyler Heineman,ALL,0.6363636363636364,0.025362318840579712,0.6363636363636364,7,623168
17,batter,1,1,Andrew Velazquez,ALL,1.0,0.058823529411764705,1.0,1,623205
1422,batter,98,93,Pete Alonso,ALL,0.8172043010752689,0.053445850914205346,0.7755102040816326,76,624413
599,batter,40,36,Michael Conforto,ALL,0.6666666666666666,0.04006677796327212,0.6,24,624424
241,batter,17,15,Adam Frazier,ALL,0.7333333333333333,0.04564315352697095,0.6470588235294118,11,624428
247,batter,21,21,Jose Trevino,ALL,0.7619047619047619,0.06477732793522267,0.7619047619047619,16,624431
53,batter,3,2,Reese McGuire,ALL,1.0,0.03773584905660377,0.6666666666666666,2,624512
762,batter,30,27,Jorge Soler,ALL,0.7777777777777778,0.027559055118110236,0.7,21,624585
331,batter,22,21,Edmundo Sosa,ALL,0.7142857142857143,0.045317220543806644,0.6818181818181818,15,624641
27,batter,0,0,Andy Ibáñez,ALL,,0.0,,0,628451
808,batter,40,37,Jake Cronenworth,ALL,0.7567567567567568,0.034653465346534656,0.7,28,630105
101,batter,11,11,Brian Navarreto,ALL,0.9090909090909091,0.09900990099009901,0.9090909090909091,10,640459
29,batter,2,2,José Azócar,ALL,0.5,0.034482758620689655,0.5,1,640492
187,batter,20,20,Jhonny Pereda,ALL,0.85,0.09090909090909091,0.85,17,640902
1299,batter,91,88,Jake Bauers,ALL,0.7840909090909091,0.053117782909930716,0.7582417582417582,69,641343
1004,batter,60,55,Cody Bellinger,ALL,0.8181818181818182,0.044820717131474105,0.75,45,641355
1108,batter,72,67,J.P. Crawford,ALL,0.6865671641791045,0.04151624548736462,0.6388888888888888,46,641487
192,batter,7,3,J.C. Escarra,ALL,0.6666666666666666,0.010416666666666666,0.2857142857142857,2,641555
209,batter,15,12,Jake Fraley,ALL,0.5,0.028708133971291867,0.4,6,641584
370,batter,16,15,Mitch Garver,ALL,0.6666666666666666,0.02702702702702703,0.625,10,641598
653,batter,35,33,Jonah Heim,ALL,0.7575757575757576,0.03828483920367534,0.7142857142857143,25,641680
17,batter,1,1,Trey Mancini,ALL,0.0,0.0,0.0,0,641820
720,batter,49,47,Ryan McMahon,ALL,0.6808510638297872,0.044444444444444446,0.6530612244897959,32,641857
552,batter,40,39,Tyler O'Neill,ALL,0.7692307692307693,0.05434782608695652,0.75,30,641933
36,batter,2,2,Chuckie Robinson,ALL,1.0,0.05555555555555555,1.0,2,642020
568,batter,38,36,Dominic Smith,ALL,0.6666666666666666,0.04225352112676056,0.631578947368421,24,642086
29,batter,2,1,Rowdy Tellez,ALL,1.0,0.034482758620689655,0.5,1,642133
381,batter,24,23,Eli White,ALL,0.6521739130434783,0.03937007874015748,0.625,15,642201
350,batter,21,19,Weston Wilson,ALL,0.7368421052631579,0.04,0.6666666666666666,14,642215
352,batter,24,22,Jose Siri,ALL,0.9545454545454546,0.05965909090909091,0.875,21,642350
376,batter,17,12,Amed Rosario,ALL,0.9166666666666666,0.02925531914893617,0.6470588235294118,11,642708
1025,batter,67,62,Willy Adames,ALL,0.6935483870967742,0.041951219512195125,0.6417910447761194,43,642715
154,batter,12,11,Austin Wynns,ALL,0.9090909090909091,0.06493506493506493,0.8333333333333334,10,642851
775,batter,41,36,Andrew Benintendi,ALL,0.8055555555555556,0.03741935483870968,0.7073170731707317,29,643217
934,batter,63,58,Mauricio Dubón,ALL,0.8103448275862069,0.05032119914346895,0.746031746031746,47,643289
381,batter,30,28,Danny Jansen,ALL,0.9285714285714286,0.06824146981627296,0.8666666666666667,26,643376
277,batter,17,17,Isiah Kiner-Falefa,ALL,0.7058823529411765,0.04332129963898917,0.7058823529411765,12,643396
659,batter,40,35,Jeff McNeil,ALL,0.7142857142857143,0.03793626707132018,0.625,25,643446
79,batter,2,2,Chadwick Tromp,ALL,1.0,0.02531645569620253,1.0,2,644433
989,batter,49,46,Ozzie Albies,ALL,0.7391304347826086,0.034378159757330634,0.6938775510204082,34,645277
232,batter,20,17,Victor Robles,ALL,0.7647058823529411,0.05603448275862069,0.65,13,645302
136,batter,7,4,Ali Sánchez,ALL,0.75,0.022058823529411766,0.42857142857142855,3,645305
1340,batter,64,59,Rafael Devers,ALL,0.6779661016949152,0.029850746268656716,0.625,40,646240
921,batter,56,53,Josh Naylor,ALL,0.7169811320754716,0.04125950054288816,0.6785714285714286,38,647304
115,batter,7,6,Luis Urías,ALL,1.0,0.05217391304347826,0.8571428571428571,6,649966
1135,batter,78,75,Luis Arraez,ALL,0.8666666666666667,0.05726872246696035,0.8333333333333334,65,650333
63,batter,6,6,Eloy Jiménez,ALL,1.0,0.09523809523809523,1.0,6,650391
908,batter,75,67,Gleyber Torres,ALL,0.7910447761194029,0.05837004405286344,0.7066666666666667,53,650402
876,batter,54,48,Willi Castro,ALL,0.7083333333333334,0.03881278538812785,0.6296296296296297,34,650489
1207,batter,80,77,Yandy Díaz,ALL,0.8441558441558441,0.053852526926263466,0.8125,65,650490
114,batter,4,4,Bryan De La Cruz,ALL,0.75,0.02631578947368421,0.75,3,650559
695,batter,30,29,Luis Rengifo,ALL,0.8620689655172413,0.03597122302158273,0.8333333333333334,25,650859
65,batter,7,7,Yohel Pozo,ALL,0.7142857142857143,0.07692307692307693,0.7142857142857143,5,650968
738,batter,59,54,Andruw Monasterio,ALL,0.8518518518518519,0.06233062330623306,0.7796610169491526,46,655316
783,batter,46,43,Matt Chapman,ALL,0.813953488372093,0.04469987228607918,0.7608695652173914,35,656305
67,batter,5,5,Stuart Fairchild,ALL,0.2,0.014925373134328358,0.2,1,656413
319,batter,19,18,Tristan Gray,ALL,0.7222222222222222,0.04075235109717868,0.6842105263157895,13,656484
375,batter,21,17,Derek Hill,ALL,0.8235294117647058,0.037333333333333336,0.6666666666666666,14,656537
769,batter,53,47,Rhys Hoskins,ALL,0.6170212765957447,0.0377113133940182,0.5471698113207547,29,656555
114,batter,8,5,Alex Jackson,ALL,1.0,0.043859649122807015,0.625,5,656577
125,batter,13,12,Connor Joe,ALL,0.6666666666666666,0.064,0.6153846153846154,8,656582
758,batter,37,34,Zach McKinstry,ALL,0.6470588235294118,0.029023746701846966,0.5945945945945946,22,656716
915,batter,55,52,Cedric Mullins,ALL,0.7115384615384616,0.040437158469945354,0.6727272727272727,37,656775
809,batter,54,47,Ryan O'Hearn,ALL,0.6808510638297872,0.03955500618046971,0.5925925925925926,32,656811
1472,batter,88,80,Kyle Schwarber,ALL,0.7375,0.04008152173913043,0.6704545454545454,59,656941
202,batter,15,15,Pavin Smith,ALL,0.7333333333333333,0.054455445544554455,0.7333333333333333,11,656976
897,batter,54,47,Lane Thomas,ALL,0.8085106382978723,0.042363433667781496,0.7037037037037037,38,657041
452,batter,31,30,Connor Wong,ALL,0.7,0.046460176991150445,0.6774193548387096,21,657136
417,batter,22,21,Ramón Laureano,ALL,0.8095238095238095,0.0407673860911271,0.7727272727272727,17,657656
1003,batter,76,66,Gavin Sheets,ALL,0.7727272727272727,0.05084745762711865,0.6710526315789473,51,657757
335,batter,20,18,Yoán Moncada,ALL,0.9444444444444444,0.050746268656716415,0.85,17,660162
1206,batter,69,65,Shohei Ohtani,ALL,0.676923076923077,0.03648424543946932,0.6376811594202898,44,660271
17,batter,2,1,Vidal Bruján,ALL,1.0,0.058823529411764705,0.5,1,660644
832,batter,55,49,Ronald Acuña Jr.,ALL,0.7755102040816326,0.04567307692307692,0.6909090909090909,38,660670
496,batter,29,27,Keibert Ruiz,ALL,0.8148148148148148,0.04435483870967742,0.7586206896551724,22,660688
191,batter,15,15,Rodolfo Durán,ALL,1.0,0.07853403141361257,1.0,15,660710
519,batter,36,35,Jesús Sánchez,ALL,0.7428571428571429,0.05009633911368015,0.7222222222222222,26,660821
382,batter,34,29,Leo Rivas,ALL,0.7241379310344828,0.0549738219895288,0.6176470588235294,21,660844
1117,batter,92,84,William Contreras,ALL,0.7261904761904762,0.05461056401074306,0.6630434782608695,61,661388
131,batter,12,11,Brian Serven,ALL,0.6363636363636364,0.05343511450381679,0.5833333333333334,7,661531
890,batter,54,52,Daulton Varsho,ALL,0.75,0.043820224719101124,0.7222222222222222,39,662139
288,batter,18,16,Jahmai Jones,ALL,0.5625,0.03125,0.5,9,663330
236,batter,15,15,Blake Perkins,ALL,0.8666666666666667,0.05508474576271186,0.8666666666666667,13,663368
718,batter,39,39,Lars Nootbaar,ALL,0.717948717948718,0.03899721448467967,0.717948717948718,28,663457
358,batter,31,29,Bryan Torres,ALL,0.6896551724137931,0.055865921787709494,0.6451612903225806,20,663494
1182,batter,72,71,Nico Hoerner,ALL,0.7464788732394366,0.04483925549915398,0.7361111111111112,53,663538
20,batter,1,1,Hayden Senger,ALL,1.0,0.05,1.0,1,663584
1162,batter,63,59,Austin Riley,ALL,0.8983050847457628,0.04561101549053356,0.8412698412698413,53,663586
253,batter,13,13,Brandon Lockridge,ALL,0.8461538461538461,0.043478260869565216,0.8461538461538461,11,663604
16,batter,0,0,Luken Baker,ALL,,0.0,,0,663609
103,batter,13,12,Nick Madrigal,ALL,0.3333333333333333,0.038834951456310676,0.3076923076923077,4,663611
936,batter,44,40,Trevor Larnach,ALL,0.65,0.027777777777777776,0.5909090909090909,26,663616
20,batter,1,1,Ryan Mountcastle,ALL,0.0,0.0,0.0,0,663624
421,batter,31,29,Ke'Bryan Hayes,ALL,0.7931034482758621,0.05463182897862233,0.7419354838709677,23,663647
1146,batter,66,66,Kyle Tucker,ALL,0.7121212121212122,0.04101221640488656,0.7121212121212122,47,663656
46,batter,4,4,Daz Cameron,ALL,0.25,0.021739130434782608,0.25,1,663662
142,batter,11,10,Jonathan India,ALL,1.0,0.07042253521126761,0.9090909090909091,10,663697
249,batter,10,7,Joey Bart,ALL,0.8571428571428571,0.024096385542168676,0.6,6,663698
986,batter,63,58,Cal Raleigh,ALL,0.6379310344827587,0.037525354969574036,0.5873015873015873,37,663728
469,batter,36,34,Nick Fortes,ALL,0.8235294117647058,0.05970149253731343,0.7777777777777778,28,663743
1198,batter,88,85,Trent Grisham,ALL,0.6705882352941176,0.04757929883138564,0.6477272727272727,57,663757
571,batter,46,43,Matt Vierling,ALL,0.7674418604651163,0.05779334500875657,0.717391304347826,33,663837
135,batter,3,3,Romy Gonzalez,ALL,0.0,0.0,0.0,0,663853
958,batter,69,65,Tyler Stephenson,ALL,0.7076923076923077,0.04801670146137787,0.6666666666666666,46,663886
4,batter,0,0,Luke Williams,ALL,,0.0,,0,663897
52,batter,6,6,César Salazar,ALL,0.6666666666666666,0.07692307692307693,0.6666666666666666,4,663967
640,batter,45,36,Jake Mangum,ALL,0.8055555555555556,0.0453125,0.6444444444444445,29,663968
888,batter,62,56,Nathaniel Lowe,ALL,0.75,0.0472972972972973,0.6774193548387096,42,663993
1404,batter,85,81,Ian Happ,ALL,0.7530864197530864,0.04344729344729345,0.7176470588235294,61,664023
809,batter,53,48,Ty France,ALL,0.9166666666666666,0.054388133498145856,0.8301886792452831,44,664034
1183,batter,82,73,Brandon Lowe,ALL,0.7945205479452054,0.04902789518174133,0.7073170731707317,58,664040
196,batter,10,10,Harrison Bader,ALL,0.8,0.04081632653061224,0.8,8,664056
78,batter,5,5,Sam Haggerty,ALL,1.0,0.0641025641025641,1.0,5,664059
7,batter,0,0,Scott Kingery,ALL,,0.0,,0,664068
47,batter,3,3,Dylan Moore,ALL,0.6666666666666666,0.0425531914893617,0.6666666666666666,2,664238
663,batter,48,46,Myles Straw,ALL,0.6521739130434783,0.04524886877828054,0.625,30,664702
530,batter,32,28,Kyle Isbel,ALL,0.9285714285714286,0.04905660377358491,0.8125,26,664728
77,batter,4,4,P.J. Higgins,ALL,1.0,0.05194805194805195,1.0,4,664731
1103,batter,71,67,Alec Bohm,ALL,0.7313432835820896,0.044424297370806894,0.6901408450704225,49,664761
779,batter,39,38,Nathan Lukes,ALL,0.9210526315789473,0.044929396662387676,0.8974358974358975,35,664770
359,batter,24,18,LaMonte Wade Jr.,ALL,0.8333333333333334,0.04178272980501393,0.625,15,664774
364,batter,25,22,Brett Sullivan,ALL,0.7727272727272727,0.046703296703296704,0.68,17,664954
725,batter,39,37,Jake McCarthy,ALL,0.7837837837837838,0.04,0.7435897435897436,29,664983
1004,batter,52,46,Kody Clemens,ALL,0.7391304347826086,0.03386454183266932,0.6538461538461539,34,665019
533,batter,26,25,Griffin Conine,ALL,0.72,0.03377110694183865,0.6923076923076923,18,665052
674,batter,28,26,Jeremy Peña,ALL,0.8846153846153846,0.03412462908011869,0.8214285714285714,23,665161
1212,batter,68,65,Fernando Tatis Jr.,ALL,0.8,0.0429042904290429,0.7647058823529411,52,665487
1049,batter,65,63,Vladimir Guerrero Jr.,ALL,0.8095238095238095,0.04861773117254528,0.7846153846153846,51,665489
22,batter,2,2,Cristian Pache,ALL,1.0,0.09090909090909091,1.0,2,665506
180,batter,17,16,Rafael Marchán,ALL,0.8125,0.07222222222222222,0.7647058823529411,13,665561
965,batter,56,55,Juan Soto,ALL,0.6909090909090909,0.039378238341968914,0.6785714285714286,38,665742
922,batter,66,60,Leody Taveras,ALL,0.7,0.0455531453362256,0.6363636363636364,42,665750
503,batter,27,27,Miguel Amaya,ALL,0.7407407407407407,0.039761431411530816,0.7407407407407407,20,665804
17,batter,1,1,Oswaldo Cabrera,ALL,1.0,0.058823529411764705,1.0,1,665828
850,batter,60,55,Oneil Cruz,ALL,0.7818181818181819,0.05058823529411765,0.7166666666666667,43,665833
3,batter,0,0,Jair Camargo,ALL,,0.0,,0,665856
96,batter,5,4,Sebastián Rivero,ALL,0.75,0.03125,0.6,3,665861
1153,batter,68,57,Jazz Chisholm Jr.,ALL,0.7192982456140351,0.03555941023417172,0.6029411764705882,41,665862
830,batter,58,55,José Fermín,ALL,0.7636363636363637,0.05060240963855422,0.7241379310344828,42,665877
422,batter,39,35,Esteury Ruiz,ALL,0.6,0.04976303317535545,0.5384615384615384,21,665923
721,batter,39,34,Andrés Giménez,ALL,0.7647058823529411,0.036061026352288486,0.6666666666666666,26,665926
365,batter,24,21,Andrés Chaparro,ALL,0.9523809523809523,0.0547945205479452,0.8333333333333334,20,665953
524,batter,24,21,Carlos Narváez,ALL,0.7142857142857143,0.02862595419847328,0.625,15,665966
1266,batter,92,84,Jonathan Aranda,ALL,0.7142857142857143,0.04739336492890995,0.6521739130434783,60,666018
455,batter,26,21,Freddy Fermin,ALL,0.8095238095238095,0.03736263736263736,0.6538461538461539,17,666023
743,batter,66,63,Carlos Cortes,ALL,0.8253968253968254,0.06998654104979811,0.7878787878787878,52,666126
571,batter,27,21,Josh Lowe,ALL,0.7619047619047619,0.028021015761821366,0.5925925925925926,16,666139
777,batter,58,55,David Hamilton,ALL,0.7818181818181819,0.055341055341055344,0.7413793103448276,43,666152
575,batter,37,29,Mickey Moniak,ALL,0.6551724137931034,0.03304347826086956,0.5135135135135135,19,666160
50,batter,1,1,Ben Rortvedt,ALL,1.0,0.02,1.0,1,666163
1067,batter,52,49,Jo Adell,ALL,0.7959183673469388,0.03655107778819119,0.75,39,666176
266,batter,19,18,Will Benson,ALL,0.7222222222222222,0.04887218045112782,0.6842105263157895,13,666181
1096,batter,67,61,Bo Bichette,ALL,0.7868852459016393,0.043795620437956206,0.7164179104477612,48,666182
14,batter,4,4,Dylan Carlson,ALL,0.5,0.14285714285714285,0.5,2,666185
487,batter,32,30,Taylor Trammell,ALL,0.5666666666666667,0.03490759753593429,0.53125,17,666211
220,batter,17,15,Bo Naylor,ALL,0.7333333333333333,0.05,0.6470588235294118,11,666310
672,batter,57,52,Edouard Julien,ALL,0.6153846153846154,0.047619047619047616,0.5614035087719298,32,666397
76,batter,5,4,Jerar Encarnacion,ALL,0.0,0.0,0.0,0,666464
175,batter,16,16,Christopher Morel,ALL,0.875,0.08,0.875,14,666624
11,batter,0,0,Jared Oliva,ALL,,0.0,,0,666931
587,batter,38,36,Adolis García,ALL,0.7777777777777778,0.04770017035775128,0.7368421052631579,28,666969
339,batter,13,13,Lourdes Gurriel Jr.,ALL,0.8461538461538461,0.032448377581120944,0.8461538461538461,11,666971
14,batter,2,2,Corey Julks,ALL,0.5,0.07142857142857142,0.5,1,667452
691,batter,43,39,Dane Myers,ALL,0.7948717948717948,0.04486251808972504,0.7209302325581395,31,667472
365,batter,33,30,Brent Rooker,ALL,0.6333333333333333,0.052054794520547946,0.5757575757575758,19,667670
1309,batter,83,77,Randy Arozarena,ALL,0.7532467532467533,0.04430863254392666,0.6987951807228916,58,668227
369,batter,19,19,Jake Rogers,ALL,0.6842105263157895,0.03523035230352303,0.6842105263157895,13,668670
1032,batter,67,66,JJ Bleday,ALL,0.5606060606060606,0.035852713178294575,0.5522388059701493,37,668709
826,batter,53,48,Spencer Steer,ALL,0.8125,0.04721549636803874,0.7358490566037735,39,668715
474,batter,29,26,Ryan Vilade,ALL,0.7307692307692307,0.04008438818565401,0.6551724137931034,19,668723
84,batter,5,5,Andrew Knizner,ALL,1.0,0.05952380952380952,1.0,5,668800
1313,batter,91,82,Bryan Reynolds,ALL,0.6585365853658537,0.04112718964204113,0.5934065934065934,54,668804
774,batter,53,48,Austin Martin,ALL,0.6875,0.04263565891472868,0.6226415094339622,33,668885
435,batter,27,25,Mark Vientos,ALL,0.44,0.02528735632183908,0.4074074074074074,11,668901
873,batter,57,49,Royce Lewis,ALL,0.7551020408163265,0.042382588774341354,0.6491228070175439,37,668904
1475,batter,88,82,Brice Turang,ALL,0.8048780487804879,0.04474576271186441,0.75,66,668930
891,batter,53,49,Adley Rutschman,ALL,0.7346938775510204,0.04040404040404041,0.6792452830188679,36,668939
184,batter,9,8,Josh Rojas,ALL,0.875,0.03804347826086957,0.7777777777777778,7,668942
411,batter,29,27,Ryan Kreidler,ALL,0.7037037037037037,0.046228710462287104,0.6551724137931034,19,668952
1,batter,0,0,Maverick Handley,ALL,,0.0,,0,668974
1075,batter,67,61,Garrett Mitchell,ALL,0.8360655737704918,0.04744186046511628,0.7611940298507462,51,669003
323,batter,22,18,MJ Melendez,ALL,0.7777777777777778,0.043343653250773995,0.6363636363636364,14,669004
937,batter,57,55,Brandon Marsh,ALL,0.8363636363636363,0.04909284951974386,0.8070175438596491,46,669016
809,batter,55,52,Kyle Stowers,ALL,0.8076923076923077,0.0519159456118665,0.7636363636363637,42,669065
49,batter,1,1,Sam Huff,ALL,1.0,0.02040816326530612,1.0,1,669087
771,batter,30,28,Shea Langeliers,ALL,0.8214285714285714,0.029831387808041506,0.7666666666666667,23,669127
453,batter,24,21,Luis Campusano,ALL,0.6190476190476191,0.02869757174392936,0.5416666666666666,13,669134
21,batter,3,3,Ryan Bliss,ALL,1.0,0.14285714285714285,1.0,3,669208
146,batter,12,12,Sean Murphy,ALL,0.75,0.06164383561643835,0.75,9,669221
749,batter,47,40,Austin Wells,ALL,0.6,0.03204272363150868,0.5106382978723404,24,669224
363,batter,20,20,Jeremiah Jackson,ALL,0.8,0.0440771349862259,0.8,16,669236
513,batter,33,31,Tommy Edman,ALL,0.6774193548387096,0.04093567251461988,0.6363636363636364,21,669242
11,batter,0,0,Nick Solak,ALL,,0.0,,0,669256
568,batter,34,32,Will Smith,ALL,0.8125,0.045774647887323945,0.7647058823529411,26,669257
29,batter,1,1,Daniel Johnson,ALL,1.0,0.034482758620689655,1.0,1,669288
112,batter,6,5,Santiago Espinal,ALL,1.0,0.044642857142857144,0.8333333333333334,5,669289
89,batter,7,7,Bryce Teodosio,ALL,1.0,0.07865168539325842,1.0,7,669326
565,batter,32,30,Nolan Gorman,ALL,0.7333333333333333,0.03893805309734513,0.6875,22,669357
11,batter,1,1,Trei Cruz,ALL,1.0,0.09090909090909091,1.0,1,669360
1244,batter,92,83,Xavier Edwards,ALL,0.7951807228915663,0.05305466237942122,0.717391304347826,66,669364
95,batter,6,6,Bryce Johnson,ALL,0.6666666666666666,0.042105263157894736,0.6666666666666666,4,669369
63,batter,6,5,Raynel Delgado,ALL,0.6,0.047619047619047616,0.5,3,669384
290,batter,18,15,Samad Taylor,ALL,0.9333333333333333,0.04827586206896552,0.7777777777777778,14,669392
1029,batter,64,61,Jake Burger,ALL,0.7540983606557377,0.04470359572400389,0.71875,46,669394
278,batter,19,13,Nick Allen,ALL,0.5384615384615384,0.025179856115107913,0.3684210526315789,7,669397
60,batter,2,2,Gage Workman,ALL,0.5,0.016666666666666666,0.5,1,669398
662,batter,35,33,Casey Schmitt,ALL,0.7878787878787878,0.03927492447129909,0.7428571428571429,26,669477
114,batter,8,8,Braden Shewmake,ALL,0.875,0.06140350877192982,0.875,7,669699
422,batter,26,24,Josh Smith,ALL,0.75,0.04265402843601896,0.6923076923076923,18,669701
683,batter,41,41,Jared Triolo,ALL,0.926829268292683,0.055636896046852125,0.926829268292683,38,669707
12,batter,0,0,Will Wilson,ALL,,0.0,,0,669717
156,batter,11,9,Austin Hays,ALL,0.7777777777777778,0.04487179487179487,0.6363636363636364,7,669720
448,batter,29,26,Alex Call,ALL,0.6538461538461539,0.03794642857142857,0.5862068965517241,17,669743
118,batter,9,8,Ryan Ward,ALL,0.875,0.059322033898305086,0.7777777777777778,7,669899
59,batter,2,2,Michael Toglia,ALL,0.5,0.01694915254237288,0.5,1,669911
417,batter,34,29,Nicky Lopez,ALL,0.7931034482758621,0.05515587529976019,0.6764705882352942,23,670032
500,batter,33,26,Luke Raley,ALL,0.8461538461538461,0.044,0.6666666666666666,22,670042
149,batter,6,6,Zack Short,ALL,1.0,0.040268456375838924,1.0,6,670097
64,batter,4,3,Miles Mastrobuoni,ALL,0.6666666666666666,0.03125,0.5,2,670156
86,batter,11,10,Kameron Misner,ALL,0.8,0.09302325581395349,0.7272727272727273,8,670224
258,batter,20,17,John Rave,ALL,0.8823529411764706,0.05813953488372093,0.75,15,670231
264,batter,11,10,Matt Wallner,ALL,0.6,0.022727272727272728,0.5454545454545454,6,670242
1344,batter,62,57,Yordan Alvarez,ALL,0.8596491228070176,0.036458333333333336,0.7903225806451613,49,670541
1454,batter,99,87,Isaac Paredes,ALL,0.7586206896551724,0.0453920220082531,0.6666666666666666,66,670623
912,batter,57,48,Taylor Walls,ALL,0.7291666666666666,0.03837719298245614,0.6140350877192983,35,670764
556,batter,34,33,TJ Friedl,ALL,0.8484848484848485,0.050359712230215826,0.8235294117647058,28,670770
1429,batter,90,83,Iván Herrera,ALL,0.7108433734939759,0.041287613715885234,0.6555555555555556,59,671056
116,batter,8,8,Buddy Kennedy,ALL,0.875,0.0603448275862069,0.875,7,671083
40,batter,1,1,Ivan Johnson,ALL,1.0,0.025,1.0,1,671155
745,batter,44,38,Heliot Ramos,ALL,0.6842105263157895,0.0348993288590604,0.5909090909090909,26,671218
851,batter,46,43,Luis García Jr.,ALL,0.7441860465116279,0.03760282021151586,0.6956521739130435,32,671277
40,batter,2,2,Johnathan Rodríguez,ALL,0.5,0.025,0.5,1,671286
491,batter,35,32,Tyler Freeman,ALL,0.6875,0.04480651731160896,0.6285714285714286,22,671289
51,batter,2,2,George Valera,ALL,1.0,0.0392156862745098,1.0,2,671655
1066,batter,70,67,Lawrence Butler,ALL,0.6268656716417911,0.039399624765478425,0.6,42,671732
874,batter,41,39,Michael Harris II,ALL,0.6410256410256411,0.028604118993135013,0.6097560975609756,25,671739
714,batter,54,50,Tristan Peters,ALL,0.58,0.04061624649859944,0.5370370370370371,29,671976
45,batter,5,4,Tyler Black,ALL,0.75,0.06666666666666667,0.6,3,672012
158,batter,11,10,Denzel Clarke,ALL,0.7,0.04430379746835443,0.6363636363636364,7,672016
617,batter,34,33,Patrick Bailey,ALL,0.7878787878787878,0.04213938411669368,0.7647058823529411,26,672275
3,batter,1,0,Michael Siani,ALL,,0.0,0.0,0,672279
178,batter,9,9,Jarred Kelenic,ALL,0.7777777777777778,0.03932584269662921,0.7777777777777778,7,672284
264,batter,19,17,Gabriel Arias,ALL,1.0,0.06439393939393939,0.8947368421052632,17,672356
581,batter,41,39,Alejandro Kirk,ALL,0.717948717948718,0.04819277108433735,0.6829268292682927,28,672386
1251,batter,93,91,Gabriel Moreno,ALL,0.7032967032967034,0.051159072741806554,0.6881720430107527,64,672515
21,batter,1,1,Gustavo Campero,ALL,1.0,0.047619047619047616,1.0,1,672569
712,batter,59,56,Maikel Garcia,ALL,0.75,0.05898876404494382,0.711864406779661,42,672580
43,batter,3,2,Eliezer Alfonzo,ALL,1.0,0.046511627906976744,0.6666666666666666,2,672613
1211,batter,83,78,Otto Lopez,ALL,0.7948717948717948,0.05119735755573906,0.7469879518072289,62,672640
10,batter,1,1,Steward Berroa,ALL,1.0,0.1,1.0,1,672642
1584,batter,118,113,Geraldo Perdomo,ALL,0.6902654867256637,0.04924242424242424,0.6610169491525424,78,672695
583,batter,39,35,Oswald Peraza,ALL,0.8571428571428571,0.051457975986277875,0.7692307692307693,30,672724
340,batter,20,18,Wenceel Pérez,ALL,0.8333333333333334,0.04411764705882353,0.75,15,672761
192,batter,17,17,Lenyn Sosa,ALL,0.7647058823529411,0.06770833333333333,0.7647058823529411,13,672820
1269,batter,89,83,Kazuma Okamoto,ALL,0.7590361445783133,0.04964539007092199,0.7078651685393258,63,672960
402,batter,19,15,Yainer Diaz,ALL,0.4,0.014925373134328358,0.3157894736842105,6,673237
439,batter,26,24,Luis Robert Jr.,ALL,0.6666666666666666,0.03644646924829157,0.6153846153846154,16,673357
275,batter,18,17,Ha-Seong Kim,ALL,0.8235294117647058,0.05090909090909091,0.7777777777777778,14,673490
1481,batter,106,95,Seiya Suzuki,ALL,0.7052631578947368,0.04523970290344362,0.6320754716981132,67,673548
777,batter,44,39,Josh Jung,ALL,0.7948717948717948,0.039897039897039896,0.7045454545454546,31,673962
10,batter,0,0,Davis Wendzel,ALL,,0.0,,0,673995
10,batter,2,2,Blake Hunt,ALL,0.5,0.1,0.5,1,675448
37,batter,2,2,Greg Jones,ALL,1.0,0.05405405405405406,1.0,2,675659
336,batter,19,17,Alika Williams,ALL,0.7647058823529411,0.03869047619047619,0.6842105263157895,13,675961
536,batter,38,37,Jonny DeLuca,ALL,0.7837837837837838,0.054104477611940295,0.7631578947368421,29,676356
213,batter,12,12,Nelson Velázquez,ALL,0.6666666666666666,0.03755868544600939,0.6666666666666666,8,676369
750,batter,41,39,Ernie Clement,ALL,0.6410256410256411,0.03333333333333333,0.6097560975609756,25,676391
526,batter,32,32,Hunter Feduccia,ALL,0.78125,0.04752851711026616,0.78125,25,676439
1067,batter,70,69,Alec Burleson,ALL,0.7536231884057971,0.04873477038425492,0.7428571428571429,52,676475
61,batter,2,2,Brewer Hicklen,ALL,0.5,0.01639344262295082,0.5,1,676551
11,batter,0,0,Shawn Ross,ALL,,0.0,,0,676566
124,batter,16,15,Eric Wagaman,ALL,0.6,0.07258064516129033,0.5625,9,676572
830,batter,59,51,José Caballero,ALL,0.5686274509803921,0.03493975903614458,0.4915254237288136,29,676609
260,batter,13,11,Jake Meyers,ALL,1.0,0.04230769230769231,0.8461538461538461,11,676694
650,batter,32,31,Jared Young,ALL,0.8064516129032258,0.038461538461538464,0.78125,25,676724
394,batter,42,39,Davis Schneider,ALL,0.46153846153846156,0.04568527918781726,0.42857142857142855,18,676914
8,batter,0,0,Heston Kjerstad,ALL,,0.0,,0,677008
77,batter,3,3,Chad Stevens,ALL,0.3333333333333333,0.012987012987012988,0.3333333333333333,1,677060
28,batter,2,2,Kyren Paris,ALL,1.0,0.07142857142857142,1.0,2,677347
1009,batter,67,64,Brayan Rocchio,ALL,0.8125,0.05153617443012884,0.7761194029850746,52,677587
584,batter,31,25,José Tena,ALL,0.72,0.030821917808219176,0.5806451612903226,18,677588
182,batter,6,4,Everson Pereira,ALL,0.5,0.01098901098901099,0.3333333333333333,2,677592
1042,batter,72,64,Julio Rodríguez,ALL,0.890625,0.05470249520153551,0.7916666666666666,57,677594
63,batter,6,6,Ronny Mauricio,ALL,0.8333333333333334,0.07936507936507936,0.8333333333333334,5,677595
1015,batter,62,60,Ezequiel Duran,ALL,0.7166666666666667,0.042364532019704436,0.6935483870967742,43,677649
1303,batter,69,63,Wilyer Abreu,ALL,0.8412698412698413,0.04067536454336147,0.7681159420289855,53,677800
438,batter,36,32,Leo Jiménez,ALL,0.875,0.0639269406392694,0.7777777777777778,28,677870
481,batter,41,40,Blaze Alexander,ALL,0.775,0.06444906444906445,0.7560975609756098,31,677942
8,batter,0,0,Will Banfield,ALL,,0.0,,0,677943
176,batter,12,11,Alek Thomas,ALL,0.7272727272727273,0.045454545454545456,0.6666666666666666,8,677950
1101,batter,59,56,Bobby Witt Jr.,ALL,0.8214285714285714,0.04178019981834696,0.7796610169491526,46,677951
94,batter,1,1,Rece Hinds,ALL,1.0,0.010638297872340425,1.0,1,677956
88,batter,5,5,Parker Meadows,ALL,1.0,0.056818181818181816,1.0,5,678009
346,batter,25,23,Anthony Seigler,ALL,0.6086956521739131,0.04046242774566474,0.56,14,678011
523,batter,29,27,Brandon Valenzuela,ALL,0.5185185185185185,0.02676864244741874,0.4827586206896552,14,678218
5,batter,0,0,Jihwan Bae,ALL,,0.0,,0,678225
1380,batter,97,92,Miguel Vargas,ALL,0.717391304347826,0.04782608695652174,0.6804123711340206,66,678246
576,batter,36,32,Jorbit Vivas,ALL,0.71875,0.03993055555555555,0.6388888888888888,23,678391
377,batter,24,23,Jorge Barrosa,ALL,0.8260869565217391,0.050397877984084884,0.7916666666666666,19,678489
242,batter,21,19,Osleivis Basabe,ALL,0.8421052631578947,0.06611570247933884,0.7619047619047619,16,678545
829,batter,53,49,Curtis Mead,ALL,0.7551020408163265,0.04463208685162847,0.6981132075471698,37,678554
68,batter,4,3,Junior Perez,ALL,0.6666666666666666,0.029411764705882353,0.5,2,678577
656,batter,47,45,Ezequiel Tovar,ALL,0.8666666666666667,0.05945121951219512,0.8297872340425532,39,678662
16,batter,0,0,Eddys Leonard,ALL,,0.0,,0,678760
867,batter,51,47,Ceddanne Rafaela,ALL,0.7446808510638298,0.040369088811995385,0.6862745098039216,35,678882
1314,batter,83,78,Spencer Torkelson,ALL,0.7692307692307693,0.045662100456621,0.7228915662650602,60,679529
483,batter,34,34,Justin Foscue,ALL,0.6470588235294118,0.045548654244306416,0.6470588235294118,22,679822
871,batter,56,54,Nick Loftin,ALL,0.6481481481481481,0.040183696900114814,0.625,35,679845
203,batter,14,12,Max Schuemann,ALL,0.4166666666666667,0.024630541871921183,0.35714285714285715,5,680474
1030,batter,89,78,Matt McLain,ALL,0.8076923076923077,0.06116504854368932,0.7078651685393258,63,680574
158,batter,6,5,Eduardo Valencia,ALL,0.8,0.02531645569620253,0.6666666666666666,4,680664
743,batter,52,46,Richie Palacios,ALL,0.8260869565217391,0.05114401076716016,0.7307692307692307,38,680700
37,batter,1,0,Jonathan Ornelas,ALL,,0.0,0.0,0,680716
67,batter,3,3,Addison Barger,ALL,1.0,0.04477611940298507,1.0,3,680718
404,batter,20,20,Adrian Del Castillo,ALL,0.7,0.034653465346534656,0.7,14,680728
44,batter,2,1,Michael Helman,ALL,1.0,0.022727272727272728,0.5,1,680737
1484,batter,114,105,Steven Kwan,ALL,0.819047619047619,0.057951482479784364,0.7543859649122807,86,680757
1024,batter,73,69,Jarren Duran,ALL,0.7391304347826086,0.0498046875,0.6986301369863014,51,680776
812,batter,49,47,Ryan Jeffers,ALL,0.7659574468085106,0.04433497536945813,0.7346938775510204,36,680777
462,batter,30,29,Henry Davis,ALL,0.7586206896551724,0.047619047619047616,0.7333333333333333,22,680779
782,batter,59,56,Zack Gelof,ALL,0.6785714285714286,0.04859335038363171,0.6440677966101694,38,680869
322,batter,22,21,Brendan Donovan,ALL,0.7142857142857143,0.046583850931677016,0.6818181818181818,15,680977
116,batter,17,17,Christian Franklin,ALL,0.8235294117647058,0.1206896551724138,0.8235294117647058,14,681047
1307,batter,75,74,Bryson Stott,ALL,0.8108108108108109,0.045906656465187455,0.8,60,681082
15,batter,1,1,Jonah Bride,ALL,1.0,0.06666666666666667,1.0,1,681146
1104,batter,70,68,TJ Rumfield,ALL,0.6911764705882353,0.042572463768115944,0.6714285714285714,47,681198
20,batter,2,2,BJ Murray Jr.,ALL,1.0,0.1,1.0,2,681230
840,batter,59,57,Colton Cowser,ALL,0.7368421052631579,0.05,0.711864406779661,42,681297
478,batter,34,31,Logan O'Hoppe,ALL,0.8709677419354839,0.056485355648535567,0.7941176470588235,27,681351
633,batter,48,45,Connor Norby,ALL,0.8222222222222222,0.05845181674565561,0.7708333333333334,37,681393
501,batter,29,28,Kerry Carpenter,ALL,0.8214285714285714,0.04590818363273453,0.7931034482758621,23,681481
440,batter,26,26,Mickey Gasper,ALL,0.8461538461538461,0.05,0.8461538461538461,22,681508
334,batter,19,18,James Outman,ALL,0.5555555555555556,0.029940119760479042,0.5263157894736842,10,681546
1160,batter,86,80,Andy Pages,ALL,0.7375,0.05086206896551724,0.686046511627907,59,681624
937,batter,69,63,Heriberto Hernández,ALL,0.8095238095238095,0.054429028815368194,0.7391304347826086,51,681715
463,batter,33,32,David Fry,ALL,0.8125,0.056155507559395246,0.7878787878787878,26,681807
16,batter,0,0,Justin Dean,ALL,,0.0,,0,681909
92,batter,4,3,Nate Eaton,ALL,0.6666666666666666,0.021739130434782608,0.5,2,681987
567,batter,31,26,Daniel Schneemann,ALL,0.6538461538461539,0.029982363315696647,0.5483870967741935,17,682177
19,batter,1,1,Logan Porter,ALL,1.0,0.05263157894736842,1.0,1,682515
365,batter,18,16,Noelvi Marte,ALL,0.9375,0.0410958904109589,0.8333333333333334,15,682622
854,batter,54,51,Francisco Alvarez,ALL,0.6666666666666666,0.03981264637002342,0.6296296296296297,34,682626
69,batter,4,3,Kevin Alcántara,ALL,1.0,0.043478260869565216,0.75,3,682634
28,batter,2,2,Luis Matos,ALL,1.0,0.07142857142857142,1.0,2,682641
616,batter,42,40,Angel Martínez,ALL,0.8,0.05194805194805195,0.7619047619047619,32,682657
418,batter,14,13,Agustín Ramírez,ALL,0.9230769230769231,0.028708133971291867,0.8571428571428571,12,682663
351,batter,25,23,Luisangel Acuña,ALL,0.8260869565217391,0.05413105413105413,0.76,19,682668
134,batter,9,9,Victor Bericoto,ALL,0.8888888888888888,0.05970149253731343,0.8888888888888888,8,682674
65,batter,5,5,Jonatan Clase,ALL,0.8,0.06153846153846154,0.8,4,682729
343,batter,15,15,Yohendrick Piñango,ALL,0.9333333333333333,0.04081632653061224,0.9333333333333333,14,682818
1360,batter,79,76,Elly De La Cruz,ALL,0.75,0.04191176470588235,0.7215189873417721,57,682829
338,batter,17,16,Endy Rodríguez,ALL,0.625,0.029585798816568046,0.5882352941176471,10,682848
162,batter,11,10,Juan Brito,ALL,0.7,0.043209876543209874,0.6363636363636364,7,682877
59,batter,5,5,Ronny Simon,ALL,0.6,0.05084745762711865,0.6,3,682927
1122,batter,71,64,CJ Abrams,ALL,0.65625,0.0374331550802139,0.5915492957746479,42,682928
1167,batter,78,69,Riley Greene,ALL,0.7101449275362319,0.04198800342759212,0.6282051282051282,49,682985
468,batter,20,19,Spencer Jones,ALL,0.8421052631578947,0.03418803418803419,0.8,16,682987
85,batter,2,2,Tyler Locklear,ALL,1.0,0.023529411764705882,1.0,2,682988
1,batter,1,0,Victor Mederos,ALL,,0.0,0.0,0,682989
190,batter,11,10,Tyler Callihan,ALL,0.7,0.03684210526315789,0.6363636363636364,7,682997
1310,batter,85,81,Corbin Carroll,ALL,0.7654320987654321,0.04732824427480916,0.7294117647058823,62,682998
1319,batter,68,65,Gunnar Henderson,ALL,0.7538461538461538,0.037149355572403335,0.7205882352941176,49,683002
429,batter,32,30,Anthony Volpe,ALL,0.7333333333333333,0.05128205128205128,0.6875,22,683011
45,batter,4,3,Michael Stefanic,ALL,0.6666666666666666,0.044444444444444446,0.5,2,683021
7,batter,0,0,Omar Martinez,ALL,,0.0,,0,683079
974,batter,66,59,Nasim Nuñez,ALL,0.8135593220338984,0.049281314168377825,0.7272727272727273,48,683083
15,batter,1,1,Matthew Lugo,ALL,1.0,0.06666666666666667,1.0,1,683090
868,batter,57,51,Brett Baty,ALL,0.7058823529411765,0.041474654377880185,0.631578947368421,36,683146
215,batter,14,13,Cody Freeman,ALL,0.9230769230769231,0.05581395348837209,0.8571428571428571,12,683227
723,batter,49,43,Owen Caissie,ALL,0.7209302325581395,0.042876901798063624,0.6326530612244898,31,683357
98,batter,10,8,Jesus Rodriguez,ALL,0.875,0.07142857142857142,0.7,7,683679
802,batter,57,56,Andrew Vaughn,ALL,0.875,0.06109725685785536,0.8596491228070176,49,683734
1425,batter,96,86,Michael Busch,ALL,0.686046511627907,0.041403508771929824,0.6145833333333334,59,683737
344,batter,21,19,Victor Mesa Jr.,ALL,0.7894736842105263,0.0436046511627907,0.7142857142857143,15,683748
259,batter,17,16,Christian Koss,ALL,0.75,0.04633204633204633,0.7058823529411765,12,683766
1001,batter,57,51,Travis Bazzana,ALL,0.5882352941176471,0.029970029970029972,0.5263157894736842,30,683953
553,batter,38,37,Wade Meckler,ALL,0.8108108108108109,0.054249547920433995,0.7894736842105263,30,685133
773,batter,51,45,Sal Frelick,ALL,0.9111111111111111,0.05304010349288486,0.803921568627451,41,686217
320,batter,18,17,Drew Millas,ALL,0.8823529411764706,0.046875,0.8333333333333334,15,686452
914,batter,50,47,Vinnie Pasquantino,ALL,0.6595744680851063,0.03391684901531729,0.62,31,686469
235,batter,13,11,Tyler Tolbert,ALL,0.9090909090909091,0.0425531914893617,0.7692307692307693,10,686475
914,batter,52,48,Dominic Canzone,ALL,0.7291666666666666,0.038293216630196934,0.6730769230769231,35,686527
22,batter,1,1,Oliver Dunn,ALL,1.0,0.045454545454545456,1.0,1,686554
1120,batter,89,79,Isaac Collins,ALL,0.7341772151898734,0.05178571428571429,0.651685393258427,58,686555
675,batter,45,39,Dylan Crews,ALL,0.717948717948718,0.04148148148148148,0.6222222222222222,28,686611
293,batter,17,16,Brenton Doyle,ALL,0.9375,0.051194539249146756,0.8823529411764706,15,686668
684,batter,45,40,Michael Massey,ALL,0.825,0.04824561403508772,0.7333333333333333,33,686681
548,batter,40,36,Nick Sogard,ALL,0.6944444444444444,0.04562043795620438,0.625,25,686765
410,batter,33,32,Pedro Pagés,ALL,0.78125,0.06097560975609756,0.7575757575757576,25,686780
991,batter,53,50,Brooks Lee,ALL,0.72,0.03632694248234107,0.6792452830188679,36,686797
27,batter,5,4,Will Brennan,ALL,0.5,0.07407407407407407,0.4,2,686823
199,batter,13,7,Joey Wiemer,ALL,1.0,0.035175879396984924,0.5384615384615384,7,686894
1026,batter,59,52,Drake Baldwin,ALL,0.8461538461538461,0.042884990253411304,0.7457627118644068,44,686948
783,batter,50,44,Vaughn Grissom,ALL,0.6363636363636364,0.035759897828863345,0.56,28,687093
470,batter,22,20,Dalton Rushing,ALL,0.55,0.023404255319148935,0.5,11,687221
305,batter,23,20,Darell Hernaiz,ALL,0.65,0.04262295081967213,0.5652173913043478,13,687231
1215,batter,80,75,Zach Neto,ALL,0.72,0.044444444444444446,0.675,54,687263
144,batter,16,16,Gabriel Rincones Jr.,ALL,0.5625,0.0625,0.5625,9,687282
366,batter,27,25,Victor Scott II,ALL,0.68,0.04644808743169399,0.6296296296296297,17,687363
793,batter,62,52,Joey Ortiz,ALL,0.75,0.04918032786885246,0.6290322580645161,39,687401
979,batter,81,72,Spencer Horwitz,ALL,0.8194444444444444,0.0602655771195097,0.7283950617283951,59,687462
173,batter,11,10,Colby Thomas,ALL,0.8,0.046242774566473986,0.7272727272727273,8,687515
186,batter,9,9,Grant McCray,ALL,0.4444444444444444,0.021505376344086023,0.4444444444444444,4,687529
804,batter,57,51,Drew Gilbert,ALL,0.6470588235294118,0.041044776119402986,0.5789473684210527,33,687551
271,batter,19,19,Jordan Beck,ALL,0.7894736842105263,0.055350553505535055,0.7894736842105263,15,687597
55,batter,7,7,Andrew Pinckney,ALL,0.8571428571428571,0.10909090909090909,0.8571428571428571,6,687605
729,batter,54,52,Dylan Beavers,ALL,0.75,0.053497942386831275,0.7222222222222222,39,687637
155,batter,16,12,Jase Bowen,ALL,0.75,0.05806451612903226,0.5625,9,687749
721,batter,49,47,Troy Johnston,ALL,0.8297872340425532,0.05409153952843273,0.7959183673469388,39,687859
236,batter,19,18,Christian Encarnacion-Strand,ALL,0.9444444444444444,0.07203389830508475,0.8947368421052632,17,687952
150,batter,14,13,Dustin Harris,ALL,0.7692307692307693,0.06666666666666667,0.7142857142857143,10,687957
300,batter,23,22,Graham Pauley,ALL,0.8636363636363636,0.06333333333333334,0.8260869565217391,19,688363
1079,batter,70,64,Liam Hicks,ALL,0.765625,0.04541241890639481,0.7,49,689414
35,batter,1,1,Ryan Ritter,ALL,1.0,0.02857142857142857,1.0,1,690022
18,batter,0,0,Jace Jung,ALL,,0.0,,0,690291
177,batter,19,13,Braxton Fulford,ALL,0.7692307692307693,0.05649717514124294,0.5263157894736842,10,690924
600,batter,46,43,Alex Freeland,ALL,0.8604651162790697,0.06166666666666667,0.8043478260869565,37,690976
236,batter,15,13,Petey Halpin,ALL,0.8461538461538461,0.046610169491525424,0.7333333333333333,11,690984
849,batter,71,67,Colt Keith,ALL,0.7014925373134329,0.05535924617196702,0.6619718309859155,47,690993
40,batter,4,4,Yohandy Morales,ALL,1.0,0.1,1.0,4,691002
353,batter,12,10,Drew Romo,ALL,0.6,0.0169971671388102,0.5,6,691011
938,batter,58,56,Tyler Soderstrom,ALL,0.8035714285714286,0.04797441364605544,0.7758620689655172,45,691016
178,batter,14,11,Kyle Teel,ALL,0.8181818181818182,0.05056179775280899,0.6428571428571429,9,691019
1042,batter,57,55,Jordan Walker,ALL,0.6727272727272727,0.03550863723608445,0.6491228070175439,37,691023
1136,batter,75,71,Masyn Winn,ALL,0.7323943661971831,0.045774647887323945,0.6933333333333334,52,691026
392,batter,24,22,Jasson Domínguez,ALL,0.6363636363636364,0.03571428571428571,0.5833333333333334,14,691176
63,batter,6,6,Adael Amador,ALL,0.8333333333333334,0.07936507936507936,0.8333333333333334,5,691182
31,batter,1,1,Deyvison De Los Santos,ALL,1.0,0.03225806451612903,1.0,1,691277
69,batter,4,3,Jhostynxon Garcia,ALL,0.3333333333333333,0.014492753623188406,0.25,1,691373
1372,batter,89,78,Junior Caminero,ALL,0.6538461538461539,0.03717201166180758,0.5730337078651685,51,691406
326,batter,17,14,Blaze Jordan,ALL,0.8571428571428571,0.03680981595092025,0.7058823529411765,12,691458
707,batter,41,36,Javier Sanoja,ALL,0.7777777777777778,0.039603960396039604,0.6829268292682927,28,691594
6,batter,0,0,Jeferson Quero,ALL,,0.0,,0,691620
1308,batter,81,75,Pete Crow-Armstrong,ALL,0.76,0.04357798165137615,0.7037037037037037,57,691718
912,batter,62,59,Kyle Karros,ALL,0.7627118644067796,0.049342105263157895,0.7258064516129032,45,691720
845,batter,56,53,Coby Mayo,ALL,0.7735849056603774,0.0485207100591716,0.7321428571428571,41,691723
78,batter,5,5,Zac Veen,ALL,0.6,0.038461538461538464,0.6,3,691728
259,batter,15,15,Daniel Susac,ALL,0.8,0.04633204633204633,0.8,12,691740
533,batter,40,36,Max Muncy,ALL,0.8611111111111112,0.058161350844277676,0.775,31,691777
550,batter,25,22,Brady House,ALL,0.7272727272727273,0.02909090909090909,0.64,16,691781
203,batter,17,17,Jordan Lawlar,ALL,0.9411764705882353,0.07881773399014778,0.9411764705882353,16,691783
414,batter,30,25,Marcelo Mayer,ALL,0.88,0.05314009661835749,0.7333333333333333,22,691785
603,batter,29,28,Joe Mack,ALL,0.8571428571428571,0.03980099502487562,0.8275862068965517,24,691788
21,batter,1,1,Jared Serna,ALL,0.0,0.0,0.0,0,691858
85,batter,8,8,Tsung-Che Cheng,ALL,0.875,0.08235294117647059,0.875,7,691907
49,batter,4,3,CJ Kayfus,ALL,0.3333333333333333,0.02040816326530612,0.25,1,692216
959,batter,76,63,Nick Gonzales,ALL,0.8095238095238095,0.053180396246089674,0.6710526315789473,51,693304
1111,batter,79,76,Dillon Dingler,ALL,0.75,0.05130513051305131,0.7215189873417721,57,693307
46,batter,6,6,César Prieto,ALL,0.6666666666666666,0.08695652173913043,0.6666666666666666,4,693409
35,batter,0,0,Kyler Fedko,ALL,,0.0,,0,693459
49,batter,3,3,Felix Reyes,ALL,1.0,0.061224489795918366,1.0,3,694025
1011,batter,54,51,Jackson Chourio,ALL,0.8627450980392157,0.043521266073194856,0.8148148148148148,44,694192
237,batter,23,22,Angel Genao,ALL,0.9545454545454546,0.08860759493670886,0.9130434782608695,21,694197
422,batter,20,18,Denzer Guzman,ALL,0.7777777777777778,0.03317535545023697,0.7,14,694203
573,batter,26,26,Moisés Ballesteros,ALL,0.6923076923076923,0.031413612565445025,0.6923076923076923,18,694208
634,batter,39,37,Samuel Basallo,ALL,0.6756756756756757,0.03943217665615142,0.6410256410256411,25,694212
19,batter,2,1,Gabriel Gonzalez,ALL,1.0,0.05263157894736842,0.5,1,694224
562,batter,31,28,Cole Carrigg,ALL,0.6785714285714286,0.033807829181494664,0.6129032258064516,19,694249
290,batter,16,13,Blake Dunn,ALL,0.7692307692307693,0.034482758620689655,0.625,10,694362
314,batter,20,18,Tommy Troy,ALL,0.7777777777777778,0.044585987261146494,0.7,14,694371
611,batter,38,38,Tim Tawa,ALL,0.9210526315789473,0.057283142389525366,0.9210526315789473,35,694374
139,batter,9,9,Shay Whitcomb,ALL,0.7777777777777778,0.050359712230215826,0.7777777777777778,7,694376
233,batter,16,14,Nick Yorke,ALL,0.8571428571428571,0.05150214592274678,0.75,12,694377
363,batter,23,22,Jacob Gonzalez,ALL,0.7272727272727273,0.0440771349862259,0.6956521739130435,16,694378
926,batter,74,70,Nolan Schanuel,ALL,0.5142857142857142,0.038876889848812095,0.4864864864864865,36,694384
242,batter,19,16,Joey Loperfido,ALL,0.75,0.049586776859504134,0.631578947368421,12,694388
120,batter,9,8,LuJames Groover,ALL,1.0,0.06666666666666667,0.8888888888888888,8,694410
986,batter,66,64,Evan Carter,ALL,0.734375,0.04766734279918864,0.7121212121212122,47,694497
153,batter,9,8,Sterlin Thompson,ALL,0.875,0.0457516339869281,0.7777777777777778,7,694514
823,batter,61,59,Wyatt Langford,ALL,0.711864406779661,0.05103280680437424,0.6885245901639344,42,694671
230,batter,15,15,Abimelec Ortiz,ALL,0.8,0.05217391304347826,0.8,12,694673
502,batter,36,32,Brice Matthews,ALL,0.78125,0.049800796812749,0.6944444444444444,25,694728
59,batter,5,3,Cooper Ingle,ALL,0.6666666666666666,0.03389830508474576,0.4,2,694876
52,batter,5,5,Tanner Murray,ALL,0.8,0.07692307692307693,0.8,4,695020
105,batter,8,8,Will Wagner,ALL,1.0,0.0761904761904762,1.0,8,695238
76,batter,7,5,Billy Cook,ALL,0.4,0.02631578947368421,0.2857142857142857,2,695257
246,batter,12,10,Thomas Saggese,ALL,0.7,0.028455284552845527,0.5833333333333334,7,695336
23,batter,1,1,Brett Harris,ALL,0.0,0.0,0.0,0,695391
239,batter,13,10,Edwin Arroyo,ALL,0.8,0.03347280334728033,0.6153846153846154,8,695490
147,batter,9,9,Joshua Báez,ALL,0.7777777777777778,0.047619047619047616,0.7777777777777778,7,695491
821,batter,37,35,Jac Caglianone,ALL,0.6857142857142857,0.029232643118148598,0.6486486486486487,24,695506
123,batter,11,9,Cam Cauley,ALL,0.8888888888888888,0.06504065040650407,0.7272727272727273,8,695508
1461,batter,105,101,James Wood,ALL,0.7029702970297029,0.0485968514715948,0.6761904761904762,71,695578
1255,batter,94,84,Carter Jensen,ALL,0.75,0.050199203187251,0.6702127659574468,63,695600
1047,batter,46,41,Colson Montgomery,ALL,0.8048780487804879,0.03151862464183381,0.717391304347826,33,695657
243,batter,17,17,Harry Ford,ALL,0.7058823529411765,0.04938271604938271,0.7058823529411765,12,695670
194,batter,12,12,Christian Moore,ALL,0.6666666666666666,0.041237113402061855,0.6666666666666666,8,695681
254,batter,22,21,Tommy White,ALL,0.8571428571428571,0.07086614173228346,0.8181818181818182,18,695720
602,batter,47,42,Braden Montgomery,ALL,0.7380952380952381,0.05149501661129568,0.6595744680851063,31,695731
991,batter,52,47,Daylen Lile,ALL,0.8723404255319149,0.04137235116044399,0.7884615384615384,41,695734
407,batter,26,26,Alejandro Osuna,ALL,0.6538461538461539,0.04176904176904177,0.6538461538461539,17,696030
888,batter,52,49,Hunter Goodman,ALL,0.7346938775510204,0.04054054054054054,0.6923076923076923,36,696100
156,batter,7,6,Kahlil Watson,ALL,0.5,0.019230769230769232,0.42857142857142855,3,696135
900,batter,71,65,Jacob Young,ALL,0.8461538461538461,0.06111111111111111,0.7746478873239436,55,696285
732,batter,52,43,Esmerlyn Valdez,ALL,0.6976744186046512,0.040983606557377046,0.5769230769230769,30,699013
70,batter,3,3,Leo Bernal,ALL,0.6666666666666666,0.02857142857142857,0.6666666666666666,2,699024
13,batter,0,0,Carlos Jorge,ALL,,0.0,,0,699115
174,batter,9,9,Héctor Rodríguez,ALL,0.8888888888888888,0.04597701149425287,0.8888888888888888,8,699302
398,batter,27,24,Pedro Ramírez,ALL,0.7083333333333334,0.04271356783919598,0.6296296296296297,17,699393
279,batter,16,16,Jimmy Crooks,ALL,0.875,0.05017921146953405,0.875,14,699625
435,batter,25,25,Jose Fernandez,ALL,0.84,0.04827586206896552,0.84,21,699912
60,batter,3,2,Carson Williams,ALL,1.0,0.03333333333333333,0.6666666666666666,2,700246
1327,batter,81,71,Ben Rice,ALL,0.6619718309859155,0.03541823662396383,0.5802469135802469,47,700250
410,batter,23,18,Edgar Quero,ALL,0.9444444444444444,0.041463414634146344,0.7391304347826086,17,700337
24,batter,0,0,Kenny Piper,ALL,,0.0,,0,700652
774,batter,48,42,Kyle Manzardo,ALL,0.6904761904761905,0.037467700258397935,0.6041666666666666,29,700932
246,batter,15,15,Ben Malgeri,ALL,0.8666666666666667,0.052845528455284556,0.8666666666666667,13,701162
179,batter,10,9,Zach Dezenzo,ALL,0.6666666666666666,0.0335195530726257,0.6,6,701305
457,batter,28,28,Roman Anthony,ALL,0.6785714285714286,0.04157549234135667,0.6785714285714286,19,701350
1059,batter,70,63,Cam Smith,ALL,0.6507936507936508,0.03871576959395656,0.5857142857142857,41,701358
1263,batter,87,83,Sal Stewart,ALL,0.4939759036144578,0.03246239113222486,0.47126436781609193,41,701398
1024,batter,47,44,Jackson Merrill,ALL,0.7954545454545454,0.0341796875,0.7446808510638298,35,701538
12,batter,1,1,James Triantos,ALL,1.0,0.08333333333333333,1.0,1,701649
670,batter,44,40,Nathan Church,ALL,0.9,0.05373134328358209,0.8181818181818182,36,701675
589,batter,33,29,Hao-Yu Lee,ALL,0.8275862068965517,0.04074702886247878,0.7272727272727273,24,701678
1051,batter,81,76,Nick Kurtz,ALL,0.7105263157894737,0.05137963843958135,0.6666666666666666,54,701762
198,batter,13,11,Kaelen Culpepper,ALL,0.8181818181818182,0.045454545454545456,0.6923076923076923,9,701785
1282,batter,98,87,Carson Benge,ALL,0.7816091954022989,0.0530421216848674,0.6938775510204082,68,701807
283,batter,21,17,Drew Cavanaugh,ALL,0.6470588235294118,0.038869257950530034,0.5238095238095238,11,701852
149,batter,13,12,Alan Roden,ALL,0.9166666666666666,0.0738255033557047,0.8461538461538461,11,702176
712,batter,45,43,Justin Crawford,ALL,0.7209302325581395,0.04353932584269663,0.6888888888888889,31,702222
1135,batter,81,71,Cole Young,ALL,0.7464788732394366,0.04669603524229075,0.654320987654321,53,702284
1037,batter,78,70,Caleb Durbin,ALL,0.6571428571428571,0.044358727097396335,0.5897435897435898,46,702332
710,batter,51,44,Jackson Holliday,ALL,0.6590909090909091,0.04084507042253521,0.5686274509803921,29,702616
26,batter,0,0,Lazaro Montes,ALL,,0.0,,0,703155
3,batter,0,0,Michael Arroyo,ALL,,0.0,,0,703197
56,batter,4,3,Nick Morabito,ALL,0.6666666666666666,0.03571428571428571,0.5,2,703492
275,batter,24,23,Brett Bateman,ALL,0.7391304347826086,0.06181818181818182,0.7083333333333334,17,703520
258,batter,24,21,Max Clark,ALL,0.5238095238095238,0.04263565891472868,0.4583333333333333,11,703601
758,batter,53,52,Henry Bolte,ALL,0.6730769230769231,0.04617414248021108,0.660377358490566,35,703607
1116,batter,74,67,Chase DeLauter,ALL,0.6865671641791045,0.04121863799283154,0.6216216216216216,46,800050
428,batter,28,24,Luis Lara,ALL,0.75,0.04205607476635514,0.6428571428571429,18,800325
128,batter,8,7,Brock Rodden,ALL,0.8571428571428571,0.046875,0.75,6,801126
67,batter,7,7,Nate Furman,ALL,0.7142857142857143,0.07462686567164178,0.7142857142857143,5,801501
1337,batter,98,93,JJ Wetherholt,ALL,0.7526881720430108,0.05235602094240838,0.7142857142857143,70,802139
940,batter,50,48,Chandler Simpson,ALL,0.8125,0.04148936170212766,0.78,39,802415
1134,batter,84,76,Sam Antonacci,ALL,0.6973684210526315,0.04673721340388007,0.6309523809523809,53,803011
496,batter,25,22,Konnor Griffin,ALL,0.6818181818181818,0.03024193548387097,0.6,15,804606
249,batter,8,8,Rafael Flores Jr.,ALL,1.0,0.0321285140562249,1.0,8,804668
61,batter,3,3,Otto Kemp,ALL,1.0,0.04918032786885246,1.0,3,805249
1286,batter,96,90,Jakob Marsee,ALL,0.7444444444444445,0.052099533437014,0.6979166666666666,67,805300
6,batter,0,0,Ben Ross,ALL,,0.0,,0,805346
254,batter,14,13,Jim Jarvis,ALL,0.8461538461538461,0.04330708661417323,0.7857142857142857,11,805347
1394,batter,119,104,Chase Meidroth,ALL,0.8076923076923077,0.06025824964131994,0.7058823529411765,84,805367
27,batter,2,2,Collin Price,ALL,1.0,0.07407407407407407,1.0,2,805672
498,batter,42,36,Jacob Wilson,ALL,0.8888888888888888,0.0642570281124498,0.7619047619047619,32,805779
85,batter,6,5,Walker Jenkins,ALL,0.4,0.023529411764705882,0.3333333333333333,2,805805
1443,batter,107,99,Kevin McGonigle,ALL,0.6363636363636364,0.04365904365904366,0.5887850467289719,63,805808
1003,batter,70,67,Bryce Eldridge,ALL,0.6119402985074627,0.040877367896311065,0.5857142857142857,41,805811
121,batter,10,10,Zach Cole,ALL,0.6,0.049586776859504134,0.6,6,805904
913,batter,68,52,A.J. Ewing,ALL,0.6538461538461539,0.03723986856516977,0.5,34,805999
445,batter,19,17,Colt Emerson,ALL,0.7058823529411765,0.02696629213483146,0.631578947368421,12,806068
238,batter,22,22,George Lombard Jr.,ALL,0.5,0.046218487394957986,0.5,11,806146
468,batter,27,25,Cooper Pratt,ALL,0.88,0.04700854700854701,0.8148148148148148,22,806198
182,batter,17,17,Turner Hill,ALL,0.6470588235294118,0.06043956043956044,0.6470588235294118,11,806367
23,batter,0,0,Ethan Salas,ALL,,0.0,,0,806956
1164,batter,97,88,Luke Keaschall,ALL,0.6931818181818182,0.05240549828178694,0.6288659793814433,61,807712
382,batter,31,27,Matt Shaw,ALL,0.8518518518518519,0.060209424083769635,0.7419354838709677,23,807713
45,batter,2,2,John Peck,ALL,0.5,0.022222222222222223,0.5,1,807726
161,batter,9,9,Charles McAdoo,ALL,0.8888888888888888,0.049689440993788817,0.8888888888888888,8,807727
51,batter,1,1,Rikuu Nishida,ALL,0.0,0.0,0.0,0,807747
612,batter,30,30,Masataka Yoshida,ALL,0.8666666666666667,0.042483660130718956,0.8666666666666667,26,807799
1261,batter,85,78,Munetaka Murakami,ALL,0.6153846153846154,0.0380650277557494,0.5647058823529412,48,808959
271,batter,20,20,Hyeseong Kim,ALL,0.85,0.06273062730627306,0.85,17,808975
1028,batter,78,73,Jung Hoo Lee,ALL,0.8356164383561644,0.05933852140077821,0.782051282051282,61,808982
596,batter,46,43,Ben Williamson,ALL,0.813953488372093,0.0587248322147651,0.7608695652173914,35,810938
102,batter,7,6,Joshua Kuroda-Grauer,ALL,0.8333333333333334,0.049019607843137254,0.7142857142857143,5,811965
183,batter,12,12,Jonah Cox,ALL,0.8333333333333334,0.0546448087431694,0.8333333333333334,10,813841
64,batter,4,4,Brett Callahan,ALL,0.75,0.046875,0.75,3,814430
593,batter,40,38,Ryan Waldschmidt,ALL,0.6052631578947368,0.0387858347386172,0.575,23,814439
107,batter,7,6,Sean Keys,ALL,0.8333333333333334,0.04672897196261682,0.7142857142857143,5,815873
329,batter,21,19,Sung-Mun Song,ALL,0.7368421052631579,0.0425531914893617,0.6666666666666666,14,823550
77,batter,7,7,Lucas Spence,ALL,1.0,0.09090909090909091,1.0,7,828599
1133,catcher,75,73,Sandy León,ALL,0.6986301369863014,0.04501323918799647,0.68,51,506702
1711,catcher,104,94,Travis d'Arnaud,ALL,0.8404255319148937,0.046171829339567504,0.7596153846153846,79,518595
3316,catcher,221,206,Salvador Perez,ALL,0.6796116504854369,0.04221954161640531,0.6334841628959276,140,521692
3093,catcher,177,170,Kyle Higashioka,ALL,0.6941176470588235,0.038150662786938246,0.6666666666666666,118,543309
2819,catcher,192,179,James McCann,ALL,0.6815642458100558,0.043277758070237676,0.6354166666666666,122,543510
5571,catcher,369,336,Christian Vázquez,ALL,0.7321428571428571,0.04415724286483576,0.6666666666666666,246,543877
4198,catcher,285,254,Elias Díaz,ALL,0.7440944881889764,0.045021438780371605,0.6631578947368421,189,553869
930,catcher,67,57,Luke Maile,ALL,0.7543859649122807,0.046236559139784944,0.6417910447761194,43,571912
8010,catcher,487,449,J.T. Realmuto,ALL,0.7817371937639198,0.043820224719101124,0.7207392197125256,351,592663
4828,catcher,300,265,Austin Hedges,ALL,0.7358490566037735,0.0403893951946976,0.65,195,595978
1276,catcher,86,82,Garrett Stubbs,ALL,0.7317073170731707,0.047021943573667714,0.6976744186046512,60,596117
2600,catcher,185,160,Gary Sánchez,ALL,0.66875,0.04115384615384615,0.5783783783783784,107,596142
5073,catcher,353,326,Victor Caratini,ALL,0.6901840490797546,0.044352454169130695,0.6373937677053825,225,605170
372,catcher,27,23,Aramis Garcia,ALL,0.9565217391304348,0.05913978494623656,0.8148148148148148,22,605244
1876,catcher,106,92,Eric Haase,ALL,0.75,0.036780383795309166,0.6509433962264151,69,606992
6510,catcher,441,427,Carson Kelly,ALL,0.7845433255269321,0.05145929339477726,0.7596371882086168,335,608348
5211,catcher,340,326,Luis Torrens,ALL,0.7361963190184049,0.04605641911341393,0.7058823529411765,240,620443
4114,catcher,273,263,Tyler Heineman,ALL,0.7756653992395437,0.049586776859504134,0.7472527472527473,204,623168
3126,catcher,200,182,Jose Trevino,ALL,0.7362637362637363,0.04286628278950736,0.67,134,624431
773,catcher,47,45,Reese McGuire,ALL,0.8,0.04657179818887452,0.7659574468085106,36,624512
1235,catcher,95,90,Brian Navarreto,ALL,0.7333333333333333,0.05344129554655871,0.6947368421052632,66,640459
1807,catcher,123,101,Jhonny Pereda,ALL,0.693069306930693,0.0387382401770891,0.5691056910569106,70,640902
1900,catcher,132,114,J.C. Escarra,ALL,0.7017543859649122,0.042105263157894736,0.6060606060606061,80,641555
2271,catcher,134,129,Mitch Garver,ALL,0.6434108527131783,0.036547776309995596,0.6194029850746269,83,641598
4771,catcher,327,301,Jonah Heim,ALL,0.6777408637873754,0.04275833158666946,0.6238532110091743,204,641680
460,catcher,27,25,Chuckie Robinson,ALL,0.84,0.04565217391304348,0.7777777777777778,21,642020
1850,catcher,134,126,Austin Wynns,ALL,0.746031746031746,0.05081081081081081,0.7014925373134329,94,642851
3453,catcher,198,184,Danny Jansen,ALL,0.8097826086956522,0.04315088328989285,0.7525252525252525,149,643376
998,catcher,63,57,Chadwick Tromp,ALL,0.7368421052631579,0.04208416833667335,0.6666666666666666,42,644433
1931,catcher,153,139,Ali Sánchez,ALL,0.7122302158273381,0.05126877265665458,0.6470588235294118,99,645305
584,catcher,35,26,Yohel Pozo,ALL,0.7692307692307693,0.03424657534246575,0.5714285714285714,20,650968
1381,catcher,98,79,Alex Jackson,ALL,0.7341772151898734,0.041998551774076756,0.5918367346938775,58,656577
4172,catcher,287,269,Connor Wong,ALL,0.8141263940520446,0.0524928092042186,0.7630662020905923,219,657136
6439,catcher,432,397,Keibert Ruiz,ALL,0.7329974811083123,0.04519335300512502,0.6736111111111112,291,660688
2041,catcher,113,109,Rodolfo Durán,ALL,0.7798165137614679,0.04164625183733464,0.7522123893805309,85,660710
8329,catcher,544,491,William Contreras,ALL,0.7189409368635438,0.042382038660103254,0.6488970588235294,353,661388
1326,catcher,79,78,Brian Serven,ALL,0.7307692307692307,0.042986425339366516,0.7215189873417721,57,661531
429,catcher,33,32,Hayden Senger,ALL,0.875,0.06526806526806526,0.8484848484848485,28,663584
2573,catcher,168,143,Joey Bart,ALL,0.7972027972027972,0.04430625728721337,0.6785714285714286,114,663698
6151,catcher,370,334,Cal Raleigh,ALL,0.7994011976047904,0.043407576003901806,0.7216216216216216,267,663728
5178,catcher,321,294,Nick Fortes,ALL,0.6632653061224489,0.03765932792584009,0.6074766355140186,195,663743
7987,catcher,522,481,Tyler Stephenson,ALL,0.7214137214137214,0.04344559909853512,0.6647509578544061,347,663886
574,catcher,33,32,César Salazar,ALL,0.84375,0.047038327526132406,0.8181818181818182,27,663967
776,catcher,50,49,P.J. Higgins,ALL,0.7755102040816326,0.04896907216494845,0.76,38,664731
4029,catcher,265,234,Brett Sullivan,ALL,0.7136752136752137,0.04144949118888062,0.630188679245283,167,664954
2039,catcher,136,122,Rafael Marchán,ALL,0.7295081967213115,0.04364884747425209,0.6544117647058824,89,665561
4271,catcher,264,247,Miguel Amaya,ALL,0.7368421052631579,0.04261297120112386,0.6893939393939394,182,665804
11,catcher,0,0,Jair Camargo,ALL,,0.0,,0,665856
1387,catcher,97,88,Sebastián Rivero,ALL,0.7727272727272727,0.049026676279740444,0.7010309278350515,68,665861
5785,catcher,381,349,Carlos Narváez,ALL,0.7335243553008596,0.0442523768366465,0.6719160104986877,256,665966
5304,catcher,356,338,Freddy Fermin,ALL,0.772189349112426,0.04920814479638009,0.7331460674157303,261,666023
702,catcher,43,41,Ben Rortvedt,ALL,0.7560975609756098,0.04415954415954416,0.7209302325581395,31,666163
1960,catcher,114,104,Bo Naylor,ALL,0.8557692307692307,0.045408163265306126,0.7807017543859649,89,666310
3318,catcher,220,196,Jake Rogers,ALL,0.7857142857142857,0.046413502109704644,0.7,154,668670
951,catcher,75,74,Andrew Knizner,ALL,0.7027027027027027,0.054679284963196635,0.6933333333333334,52,668800
4986,catcher,340,322,Adley Rutschman,ALL,0.7639751552795031,0.049338146811071,0.7235294117647059,246,668939
585,catcher,40,37,Sam Huff,ALL,0.918918918918919,0.05811965811965812,0.85,34,669087
5774,catcher,376,353,Shea Langeliers,ALL,0.7762039660056658,0.04745410460685833,0.7287234042553191,274,669127
3574,catcher,235,215,Luis Campusano,ALL,0.7116279069767442,0.04280917739227756,0.6510638297872341,153,669134
1622,catcher,117,114,Sean Murphy,ALL,0.6929824561403509,0.04870530209617756,0.6752136752136753,79,669221
7101,catcher,473,444,Austin Wells,ALL,0.7162162162162162,0.04478242501056189,0.6723044397463002,318,669224
3550,catcher,214,203,Will Smith,ALL,0.7684729064039408,0.043943661971830986,0.7289719626168224,156,669257
4003,catcher,229,219,Iván Herrera,ALL,0.7625570776255708,0.041718710966774916,0.7292576419213974,167,671056
6561,catcher,431,400,Patrick Bailey,ALL,0.71,0.04328608443834781,0.6589327146171694,284,672275
4565,catcher,314,291,Alejandro Kirk,ALL,0.697594501718213,0.04446878422782037,0.6464968152866242,203,672386
6306,catcher,392,381,Gabriel Moreno,ALL,0.7716535433070866,0.046622264509990484,0.75,294,672515
651,catcher,43,41,Eliezer Alfonzo,ALL,0.8048780487804879,0.05069124423963134,0.7674418604651163,33,672613
5391,catcher,334,303,Yainer Diaz,ALL,0.7458745874587459,0.04192172138749768,0.6766467065868264,226,673237
72,catcher,7,7,Blake Hunt,ALL,1.0,0.09722222222222222,1.0,7,675448
4629,catcher,300,275,Hunter Feduccia,ALL,0.76,0.045150140419097,0.6966666666666667,209,676439
74,catcher,4,4,Shawn Ross,ALL,1.0,0.05405405405405406,1.0,4,676566
188,catcher,20,15,Will Banfield,ALL,0.8,0.06382978723404255,0.6,12,677943
4970,catcher,346,312,Brandon Valenzuela,ALL,0.8269230769230769,0.05191146881287726,0.7456647398843931,258,678218
855,catcher,60,55,Eduardo Valencia,ALL,0.7454545454545455,0.047953216374269005,0.6833333333333333,41,680664
1184,catcher,67,64,Adrian Del Castillo,ALL,0.828125,0.044763513513513514,0.7910447761194029,53,680728
5068,catcher,321,307,Ryan Jeffers,ALL,0.7328990228013029,0.044396211523283345,0.7009345794392523,225,680777
5962,catcher,373,335,Henry Davis,ALL,0.7701492537313432,0.043274069104327406,0.6916890080428955,258,680779
5465,catcher,353,318,Logan O'Hoppe,ALL,0.7830188679245284,0.04556267154620311,0.7053824362606232,249,681351
770,catcher,48,48,Mickey Gasper,ALL,0.7708333333333334,0.048051948051948054,0.7708333333333334,37,681508
337,catcher,18,10,David Fry,ALL,0.8,0.02373887240356083,0.4444444444444444,8,681807
153,catcher,10,10,Logan Porter,ALL,0.7,0.0457516339869281,0.7,7,682515
5573,catcher,350,333,Francisco Alvarez,ALL,0.7987987987987988,0.047730127399964115,0.76,266,682626
1442,catcher,91,86,Agustín Ramírez,ALL,0.6395348837209303,0.03814147018030513,0.6043956043956044,55,682663
2474,catcher,154,143,Endy Rodríguez,ALL,0.8111888111888111,0.04688763136620857,0.7532467532467533,116,682848
104,catcher,4,4,Omar Martinez,ALL,1.0,0.038461538461538464,1.0,4,683079
791,catcher,45,38,Jesus Rodriguez,ALL,0.7894736842105263,0.03792667509481669,0.6666666666666666,30,683679
3352,catcher,253,224,Drew Millas,ALL,0.7455357142857143,0.049821002386634845,0.6600790513833992,167,686452
4535,catcher,313,301,Pedro Pagés,ALL,0.8073089700996677,0.0535832414553473,0.7763578274760383,243,686780
5219,catcher,322,303,Drake Baldwin,ALL,0.7854785478547854,0.04560260586319218,0.7391304347826086,238,686948
3900,catcher,242,225,Dalton Rushing,ALL,0.76,0.04384615384615385,0.7066115702479339,171,687221
3827,catcher,254,222,Liam Hicks,ALL,0.6891891891891891,0.0399790958975699,0.6023622047244095,153,689414
750,catcher,47,35,Braxton Fulford,ALL,0.8,0.037333333333333336,0.5957446808510638,28,690924
4354,catcher,280,264,Drew Romo,ALL,0.7386363636363636,0.04478640330730363,0.6964285714285714,195,691011
1527,catcher,90,82,Kyle Teel,ALL,0.6463414634146342,0.03470857891290111,0.5888888888888889,53,691019
72,catcher,8,8,Jeferson Quero,ALL,0.75,0.08333333333333333,0.75,6,691620
3136,catcher,198,187,Daniel Susac,ALL,0.7379679144385026,0.04400510204081633,0.696969696969697,138,691740
5901,catcher,354,328,Joe Mack,ALL,0.6554878048780488,0.03643450262667344,0.6073446327683616,215,691788
7640,catcher,541,496,Dillon Dingler,ALL,0.7459677419354839,0.04842931937172775,0.6839186691312384,370,693307
1114,catcher,77,71,Moisés Ballesteros,ALL,0.7464788732394366,0.04757630161579892,0.6883116883116883,53,694208
3894,catcher,267,261,Samuel Basallo,ALL,0.7931034482758621,0.053158705701078585,0.7752808988764045,207,694212
6594,catcher,439,405,Carter Jensen,ALL,0.8049382716049382,0.04943888383378829,0.7425968109339408,326,695600
1889,catcher,124,114,Harry Ford,ALL,0.8157894736842105,0.04923239809422975,0.75,93,695670
6385,catcher,373,351,Hunter Goodman,ALL,0.6923076923076923,0.03805794831636648,0.6514745308310992,243,696100
520,catcher,22,21,Leo Bernal,ALL,0.6190476190476191,0.025,0.5909090909090909,13,699024
2718,catcher,166,152,Jimmy Crooks,ALL,0.8618421052631579,0.0481972038263429,0.7891566265060241,131,699625
3977,catcher,253,227,Edgar Quero,ALL,0.6740088105726872,0.03847120945436258,0.6047430830039525,153,700337
249,catcher,13,13,Kenny Piper,ALL,0.7692307692307693,0.040160642570281124,0.7692307692307693,10,700652
2862,catcher,184,172,Drew Cavanaugh,ALL,0.7441860465116279,0.04472396925227114,0.6956521739130435,128,701852
1622,catcher,123,113,Rafael Flores Jr.,ALL,0.7610619469026548,0.0530209617755857,0.6991869918699187,86,804668
226,catcher,14,12,Collin Price,ALL,1.0,0.05309734513274336,0.8571428571428571,12,805672
139,catcher,8,8,Ethan Salas,ALL,0.875,0.050359712230215826,0.875,7,806956
22978,challenges_remaining,1515,0,,ALL,,0.0,0.0,0,0
91598,challenges_remaining,5906,5823,,ALL,0.7655847501287996,0.04866918491670124,0.7548256010836437,4458,1
221519,challenges_remaining,14410,14341,,ALL,0.7397671013178997,0.04789205440616832,0.7362248438584317,10609,2
112207,count,8477,7805,,ALL,0.8362588084561179,0.058169276426604404,0.7699657897841218,6527,0-0
41950,count,2387,2230,,ALL,0.742152466367713,0.03945172824791418,0.6933389191453707,1655,0-1
21279,count,651,619,,ALL,0.5638126009693053,0.01640114667042624,0.5360983102918587,349,0-2
36253,count,2748,2524,,ALL,0.7908082408874801,0.05505751248172565,0.7263464337700145,1996,1-0
29098,count,1948,1818,,ALL,0.7156215621562156,0.044710976699429514,0.667864476386037,1301,1-1
26389,count,933,855,,ALL,0.5497076023391813,0.017810451324415475,0.5037513397642015,470,1-2
12955,count,1041,958,,ALL,0.7630480167014614,0.05642609031262061,0.7022094140249759,731,2-0
14221,count,1042,953,,ALL,0.6715634837355718,0.04500386751986499,0.6142034548944337,640,2-1
18848,count,868,807,,ALL,0.5043370508054523,0.021593803056027164,0.46889400921658986,407,2-2
6401,count,496,444,,ALL,0.8603603603603603,0.0596781752851117,0.7701612903225806,382,3-0
6921,count,587,547,,ALL,0.6672760511882998,0.052738043635312815,0.6218057921635435,365,3-1
9573,count,653,604,,ALL,0.40397350993377484,0.025488352658518752,0.37366003062787134,244,3-2
39562,inning,2602,2601,,ALL,0.7877739331026529,0.051792123755118546,0.7874711760184473,2049,1
2764,inning,169,162,,ALL,0.654320987654321,0.03835021707670044,0.6272189349112426,106,10
689,inning,46,43,,ALL,0.5581395348837209,0.03483309143686502,0.5217391304347826,24,11
247,inning,21,19,,ALL,0.6842105263157895,0.05263157894736842,0.6190476190476191,13,12
35,inning,1,1,,ALL,1.0,0.02857142857142857,1.0,1,13
37720,inning,2442,2433,,ALL,0.7870941224825319,0.05076882290562036,0.7841932841932842,1915,2
37865,inning,2469,2437,,ALL,0.776364382437423,0.04996698798362604,0.766302146618064,1892,3
36929,inning,2403,2350,,ALL,0.7723404255319148,0.04914836578298898,0.7553058676654182,1815,4
37261,inning,2413,2304,,ALL,0.7543402777777778,0.04664394407020746,0.7202652300041442,1738,5
37890,inning,2440,2241,,ALL,0.7344935296742525,0.04344154130377408,0.6745901639344263,1646,6
38341,inning,2499,2228,,ALL,0.7069120287253142,0.041078740773584414,0.6302521008403361,1575,7
38613,inning,2505,1997,,ALL,0.7225838758137206,0.037370833657058504,0.5760479041916168,1443,8
28179,inning,1821,1348,,ALL,0.6305637982195845,0.03016430675325597,0.46677649643053265,850,9
116144,outs,7589,7030,,ALL,0.7623044096728308,0.046140997382559584,0.7061536434312822,5359,0
110614,outs,7202,6677,,ALL,0.7449453347311666,0.0449671831775363,0.6906414884754235,4974,1
109337,outs,7040,6457,,ALL,0.7331578132259563,0.04329732844325343,0.6724431818181819,4734,2
35881,pitch_type,1611,1519,,ALL,0.7412771560236998,0.03138151110615646,0.6989447548106766,1126,CH
77,pitch_type,5,3,,ALL,0.6666666666666666,0.025974025974025976,0.4,2,CS
24493,pitch_type,1564,1478,,ALL,0.7699594046008119,0.04646225452170008,0.7276214833759591,1138,CU
564,pitch_type,121,0,,ALL,,0.0,0.0,0,EP
391,pitch_type,51,0,,ALL,,0.0,0.0,0,FA
25909,pitch_type,1891,1769,,ALL,0.7750141322781232,0.052915975143772435,0.7250132205182444,1371,FC
99992,pitch_type,6974,6489,,ALL,0.7383263985205732,0.04791383310664853,0.6869802122168053,4791,FF
236,pitch_type,7,7,,ALL,0.8571428571428571,0.025423728813559324,0.8571428571428571,6,FO
10086,pitch_type,430,411,,ALL,0.7226277372262774,0.02944675788221297,0.6906976744186046,297,FS
5518,pitch_type,334,326,,ALL,0.7300613496932515,0.04313156940920623,0.7125748502994012,238,KC
169,pitch_type,15,5,,ALL,0.6,0.01775147928994083,0.2,3,KN
34,pitch_type,0,0,,ALL,,0.0,,0,PO
57734,pitch_type,4465,4130,,ALL,0.7455205811138015,0.05333079294696366,0.689585666293393,3079,SI
43751,pitch_type,2632,2416,,ALL,0.7363410596026491,0.04066192772736623,0.6759118541033434,1779,SL
29399,pitch_type,1631,1515,,ALL,0.7643564356435644,0.039389094867172354,0.7099938687921521,1158,ST
1667,pitch_type,100,96,,ALL,0.8229166666666666,0.047390521895620874,0.79,79,SV
11,pitch_type,0,0,,ALL,,0.0,,0,UN
183,pitch_type,0,0,,ALL,,0.0,,0,UNKNOWN
41,pitcher,3,3,Justin Verlander,ALL,1.0,0.07317073170731707,1.0,3,434378
334,pitcher,29,21,Kenley Jansen,ALL,0.6666666666666666,0.041916167664670656,0.4827586206896552,14,445276
552,pitcher,30,30,Max Scherzer,ALL,0.8333333333333334,0.04528985507246377,0.8333333333333334,25,453286
115,pitcher,10,9,Chris Martin,ALL,0.8888888888888888,0.06956521739130435,0.8,8,455119
107,pitcher,7,6,Carlos Carrasco,ALL,0.8333333333333334,0.04672897196261682,0.7142857142857143,5,471911
125,pitcher,10,8,Luis García,ALL,0.75,0.048,0.6,6,472610
281,pitcher,16,16,Robert Stock,ALL,0.6875,0.03914590747330961,0.6875,11,476594
323,pitcher,27,21,Kirby Yates,ALL,0.8095238095238095,0.05263157894736842,0.6296296296296297,17,489446
25,pitcher,4,0,Miguel Rojas,ALL,,0.0,0.0,0,500743
363,pitcher,27,27,Jose Quintana,ALL,0.8148148148148148,0.06060606060606061,0.8148148148148148,22,500779
530,pitcher,32,26,Fernando Cruz,ALL,0.6153846153846154,0.03018867924528302,0.5,16,518585
1202,pitcher,60,60,Merrill Kelly,ALL,0.8,0.03993344425956739,0.8,48,518876
379,pitcher,21,19,Craig Kimbrel,ALL,0.7894736842105263,0.0395778364116095,0.7142857142857143,15,518886
238,pitcher,19,18,Drew Pomeranz,ALL,0.5555555555555556,0.04201680672268908,0.5263157894736842,10,519141
1165,pitcher,72,71,Chris Sale,ALL,0.7605633802816901,0.0463519313304721,0.75,54,519242
1132,pitcher,78,77,Martín Pérez,ALL,0.8181818181818182,0.05565371024734982,0.8076923076923077,63,527048
305,pitcher,23,18,Shawn Armstrong,ALL,0.6111111111111112,0.036065573770491806,0.4782608695652174,11,542888
844,pitcher,69,69,Gerrit Cole,ALL,0.7391304347826086,0.06042654028436019,0.7391304347826086,51,543037
215,pitcher,11,10,Danny Coulombe,ALL,0.8,0.037209302325581395,0.7272727272727273,8,543056
952,pitcher,55,55,Nathan Eovaldi,ALL,0.7272727272727273,0.04201680672268908,0.7272727272727273,40,543135
44,pitcher,6,6,Anthony Gose,ALL,0.3333333333333333,0.045454545454545456,0.3333333333333333,2,543238
1164,pitcher,96,92,Sonny Gray,ALL,0.8043478260869565,0.06357388316151202,0.7708333333333334,74,543243
30,pitcher,6,0,Kyle Higashioka,ALL,,0.0,0.0,0,543309
35,pitcher,4,0,James McCann,ALL,,0.0,0.0,0,543510
459,pitcher,39,35,Albert Suárez,ALL,0.8285714285714286,0.06318082788671024,0.7435897435897436,29,544150
31,pitcher,3,0,Ildemaro Vargas,ALL,,0.0,0.0,0,545121
1286,pitcher,79,78,Michael Lorenzen,ALL,0.8461538461538461,0.05132192846034215,0.8354430379746836,66,547179
67,pitcher,7,6,Michael Kelly,ALL,0.8333333333333334,0.07462686567164178,0.7142857142857143,5,547184
372,pitcher,31,25,Aroldis Chapman,ALL,0.72,0.04838709677419355,0.5806451612903226,18,547973
410,pitcher,26,24,Brooks Raley,ALL,0.75,0.04390243902439024,0.6923076923076923,18,548384
302,pitcher,16,12,Andrew Kittredge,ALL,0.75,0.029801324503311258,0.5625,9,552640
1133,pitcher,61,59,Zack Wheeler,ALL,0.7627118644067796,0.03971756398940865,0.7377049180327869,45,554430
871,pitcher,60,58,Matthew Boyd,ALL,0.8275862068965517,0.05510907003444317,0.8,48,571510
738,pitcher,47,46,Patrick Corbin,ALL,0.8695652173913043,0.05420054200542006,0.851063829787234,40,571578
2,pitcher,1,0,Enrique Hernández,ALL,,0.0,0.0,0,571771
67,pitcher,3,3,Derek Law,ALL,0.3333333333333333,0.014925373134328358,0.3333333333333333,1,571882
3,pitcher,0,0,Luke Maile,ALL,,0.0,,0,571912
647,pitcher,49,45,Steven Matz,ALL,0.6666666666666666,0.04636785162287481,0.6122448979591837,30,571927
940,pitcher,66,64,Miles Mikolas,ALL,0.734375,0.05,0.7121212121212122,47,571945
329,pitcher,29,26,Hoby Milner,ALL,0.6923076923076923,0.0547112462006079,0.6206896551724138,18,571948
155,pitcher,10,8,Burch Smith,ALL,0.875,0.04516129032258064,0.7,7,572143
396,pitcher,22,20,Pierce Johnson,ALL,0.7,0.03535353535353535,0.6363636363636364,14,572955
169,pitcher,9,9,Joe Mantiply,ALL,0.7777777777777778,0.04142011834319527,0.7777777777777778,7,573009
543,pitcher,38,34,Taylor Rogers,ALL,0.5294117647058824,0.03314917127071823,0.47368421052631576,18,573124
384,pitcher,26,23,Caleb Thielbar,ALL,0.7391304347826086,0.044270833333333336,0.6538461538461539,17,573204
423,pitcher,28,28,Yusei Kikuchi,ALL,0.75,0.04964539007092199,0.75,21,579328
255,pitcher,10,9,Jason Adam,ALL,0.5555555555555556,0.0196078431372549,0.5,5,592094
226,pitcher,12,12,Cam Booser,ALL,0.6666666666666666,0.035398230088495575,0.6666666666666666,8,592155
52,pitcher,1,1,Kent Emanuel,ALL,1.0,0.019230769230769232,1.0,1,592288
1412,pitcher,110,107,Kevin Gausman,ALL,0.822429906542056,0.06232294617563739,0.8,88,592332
82,pitcher,7,6,Tommy Kahnle,ALL,0.5,0.036585365853658534,0.42857142857142855,3,592454
1386,pitcher,63,61,Robbie Ray,ALL,0.7868852459016393,0.03463203463203463,0.7619047619047619,48,592662
504,pitcher,30,27,Ryne Stanek,ALL,0.6296296296296297,0.03373015873015873,0.5666666666666667,17,592773
154,pitcher,7,6,Brock Stewart,ALL,0.8333333333333334,0.032467532467532464,0.7142857142857143,5,592779
773,pitcher,59,59,Jameson Taillon,ALL,0.7796610169491526,0.059508408796895215,0.7796610169491526,46,592791
22,pitcher,2,1,Vince Velasquez,ALL,0.0,0.0,0.0,0,592826
232,pitcher,17,16,Taijuan Walker,ALL,0.9375,0.06465517241379311,0.8823529411764706,15,592836
218,pitcher,17,16,Trevor Williams,ALL,0.75,0.05504587155963303,0.7058823529411765,12,592866
1437,pitcher,101,100,Eduardo Rodriguez,ALL,0.74,0.05149617258176757,0.7326732673267327,74,593958
540,pitcher,29,26,Wandy Peralta,ALL,0.6923076923076923,0.03333333333333333,0.6206896551724138,18,593974
245,pitcher,19,18,Tyron Guerrero,ALL,0.7222222222222222,0.053061224489795916,0.6842105263157895,13,594027
615,pitcher,40,26,Sam Moll,ALL,0.7307692307692307,0.030894308943089432,0.475,19,594580
1151,pitcher,83,77,Jacob deGrom,ALL,0.8051948051948052,0.05386620330147698,0.7469879518072289,62,594798
66,pitcher,4,3,Marco Gonzales,ALL,1.0,0.045454545454545456,0.75,3,594835
210,pitcher,15,14,Blake Treinen,ALL,0.8571428571428571,0.05714285714285714,0.8,12,595014
521,pitcher,35,33,Steven Okert,ALL,0.7272727272727273,0.046065259117082535,0.6857142857142857,24,595345
26,pitcher,2,0,Austin Hedges,ALL,,0.0,0.0,0,595978
384,pitcher,24,21,Jakob Junis,ALL,0.8095238095238095,0.044270833333333336,0.7083333333333334,17,596001
14,pitcher,3,0,Garrett Stubbs,ALL,,0.0,0.0,0,596117
381,pitcher,29,25,Luke Weaver,ALL,0.64,0.04199475065616798,0.5517241379310345,16,596133
18,pitcher,4,0,Gary Sánchez,ALL,,0.0,0.0,0,596142
182,pitcher,11,11,Nick Pivetta,ALL,0.8181818181818182,0.04945054945054945,0.8181818181818182,9,601713
326,pitcher,17,14,Scott Barlow,ALL,0.7142857142857143,0.03067484662576687,0.5882352941176471,10,605130
776,pitcher,70,70,Chris Bassitt,ALL,0.7285714285714285,0.06572164948453608,0.7285714285714285,51,605135
41,pitcher,2,1,John Brebbia,ALL,1.0,0.024390243902439025,0.5,1,605154
11,pitcher,1,1,Aaron Brooks,ALL,1.0,0.09090909090909091,1.0,1,605156
56,pitcher,4,4,Carl Edwards Jr.,ALL,1.0,0.07142857142857142,1.0,4,605218
89,pitcher,4,4,Michael Fulmer,ALL,0.5,0.02247191011235955,0.5,2,605242
718,pitcher,44,43,Clay Holmes,ALL,0.7906976744186046,0.04735376044568245,0.7727272727272727,34,605280
926,pitcher,65,63,Adrian Houser,ALL,0.8412698412698413,0.05723542116630669,0.8153846153846154,53,605288
52,pitcher,3,3,Brandon Leibrandt,ALL,1.0,0.057692307692307696,1.0,3,605335
1430,pitcher,86,84,Aaron Nola,ALL,0.7261904761904762,0.04265734265734266,0.7093023255813954,61,605400
7,pitcher,0,0,Yacksel Ríos,ALL,,0.0,,0,605441
291,pitcher,23,17,Jordan Romano,ALL,0.47058823529411764,0.027491408934707903,0.34782608695652173,8,605447
95,pitcher,6,4,Joe Ross,ALL,0.75,0.031578947368421054,0.5,3,605452
271,pitcher,15,15,Blake Snell,ALL,0.6666666666666666,0.03690036900369004,0.6666666666666666,10,605483
1187,pitcher,90,87,Jeffrey Springs,ALL,0.7126436781609196,0.05223251895534962,0.6888888888888889,62,605488
312,pitcher,23,20,Brandon Woodruff,ALL,0.6,0.038461538461538464,0.5217391304347826,12,605540
11,pitcher,1,0,Orlando Arcia,ALL,,0.0,0.0,0,606115
81,pitcher,2,1,Joel Payamps,ALL,1.0,0.012345679012345678,0.5,1,606303
65,pitcher,4,2,Chris Devenski,ALL,0.5,0.015384615384615385,0.25,1,606965
558,pitcher,39,36,Kyle Hart,ALL,0.8333333333333334,0.053763440860215055,0.7692307692307693,30,606996
1161,pitcher,65,64,Colin Rea,ALL,0.6875,0.03789836347975883,0.676923076923077,44,607067
593,pitcher,33,33,Carlos Rodón,ALL,0.6363636363636364,0.03541315345699832,0.6363636363636364,21,607074
496,pitcher,34,34,Tyler Glasnow,ALL,0.6764705882352942,0.046370967741935484,0.6764705882352942,23,607192
1248,pitcher,86,81,Erick Fedde,ALL,0.8148148148148148,0.052884615384615384,0.7674418604651163,66,607200
1106,pitcher,84,83,Nick Martinez,ALL,0.7469879518072289,0.05605786618444846,0.7380952380952381,62,607259
327,pitcher,18,15,Anthony Banda,ALL,0.8,0.03669724770642202,0.6666666666666666,12,607455
173,pitcher,13,11,Aaron Bummer,ALL,0.7272727272727273,0.046242774566473986,0.6153846153846154,8,607481
979,pitcher,62,62,Kyle Freeland,ALL,0.6774193548387096,0.04290091930541369,0.6774193548387096,42,607536
1402,pitcher,96,89,Seth Lugo,ALL,0.8426966292134831,0.05349500713266762,0.78125,75,607625
18,pitcher,1,1,Carlos Estévez,ALL,0.0,0.0,0.0,0,608032
773,pitcher,59,59,Max Fried,ALL,0.7627118644067796,0.05821474773609314,0.7627118644067796,45,608331
325,pitcher,20,20,Lucas Giolito,ALL,0.75,0.046153846153846156,0.75,15,608337
46,pitcher,1,1,Cole Irvin,ALL,1.0,0.021739130434782608,1.0,1,608344
13,pitcher,3,0,Carson Kelly,ALL,,0.0,0.0,0,608348
96,pitcher,7,6,Lucas Sims,ALL,0.5,0.03125,0.42857142857142855,3,608371
1205,pitcher,60,56,Tomoyuki Sugano,ALL,0.8035714285714286,0.03734439834024896,0.75,45,608372
1393,pitcher,75,73,Michael Wacha,ALL,0.7945205479452054,0.0416367552045944,0.7733333333333333,58,608379
480,pitcher,32,32,Germán Márquez,ALL,0.875,0.058333333333333334,0.875,28,608566
157,pitcher,6,6,Dietrich Enns,ALL,0.6666666666666666,0.025477707006369428,0.6666666666666666,4,608650
769,pitcher,58,50,Brent Suter,ALL,0.82,0.053315994798439535,0.7068965517241379,41,608718
119,pitcher,8,8,Austin Voth,ALL,0.875,0.058823529411764705,0.875,7,608723
817,pitcher,59,57,Cal Quantrill,ALL,0.6842105263157895,0.04773561811505508,0.6610169491525424,39,615698
11,pitcher,4,0,Luis Torrens,ALL,,0.0,0.0,0,620443
192,pitcher,11,10,Jose Cuas,ALL,0.9,0.046875,0.8181818181818182,9,621016
146,pitcher,7,7,Tyler Ferguson,ALL,1.0,0.04794520547945205,1.0,7,621053
341,pitcher,20,18,Michael Rucker,ALL,0.7777777777777778,0.04105571847507331,0.7,14,621074
288,pitcher,14,14,Jacob Waguespack,ALL,0.7142857142857143,0.034722222222222224,0.7142857142857143,10,621097
40,pitcher,3,3,Zach Eflin,ALL,1.0,0.075,1.0,3,621107
1284,pitcher,79,77,Walker Buehler,ALL,0.7272727272727273,0.04361370716510903,0.7088607594936709,56,621111
611,pitcher,43,35,Paul Blackburn,ALL,0.6571428571428571,0.03764320785597381,0.5348837209302325,23,621112
461,pitcher,22,22,Lance McCullers Jr.,ALL,0.6363636363636364,0.03036876355748373,0.6363636363636364,14,621121
20,pitcher,1,1,Brooks Kriske,ALL,1.0,0.05,1.0,1,621139
524,pitcher,30,27,José Alvarado,ALL,0.8518518518518519,0.04389312977099236,0.7666666666666667,23,621237
170,pitcher,9,9,Edwin Díaz,ALL,0.4444444444444444,0.023529411764705882,0.4444444444444444,4,621242
263,pitcher,13,10,A.J. Minter,ALL,0.9,0.034220532319391636,0.6923076923076923,9,621345
190,pitcher,12,11,Ryan Borucki,ALL,0.5454545454545454,0.031578947368421054,0.5,6,621366
316,pitcher,24,23,Matt Strahm,ALL,0.8260869565217391,0.060126582278481014,0.7916666666666666,19,621381
275,pitcher,21,20,Tanner Banks,ALL,0.85,0.06181818181818182,0.8095238095238095,17,621383
16,pitcher,1,1,Ty Blach,ALL,0.0,0.0,0.0,0,621389
430,pitcher,32,30,Tejay Antone,ALL,0.6,0.04186046511627907,0.5625,18,622088
1083,pitcher,70,69,Luis Castillo,ALL,0.5797101449275363,0.03693444136657433,0.5714285714285714,40,622491
529,pitcher,29,23,Seranthony Domínguez,ALL,0.4782608695652174,0.020793950850661626,0.3793103448275862,11,622554
547,pitcher,35,30,Antonio Senzatela,ALL,0.6,0.03290676416819013,0.5142857142857142,18,622608
567,pitcher,37,35,Luis Severino,ALL,0.8571428571428571,0.05291005291005291,0.8108108108108109,30,622663
111,pitcher,10,10,Elieser Hernández,ALL,0.4,0.036036036036036036,0.4,4,622694
22,pitcher,4,0,Jorge Mateo,ALL,,0.0,0.0,0,622761
368,pitcher,26,22,Paul Sewald,ALL,0.6363636363636364,0.03804347826086957,0.5384615384615384,14,623149
29,pitcher,7,0,Tyler Heineman,ALL,,0.0,0.0,0,623168
497,pitcher,32,30,Huascar Brazobán,ALL,0.7,0.04225352112676056,0.65625,21,623211
275,pitcher,16,14,Josh Hader,ALL,0.42857142857142855,0.02181818181818182,0.375,6,623352
28,pitcher,1,1,Thomas Pannone,ALL,0.0,0.0,0.0,0,623381
231,pitcher,21,20,Justin Topa,ALL,0.7,0.06060606060606061,0.6666666666666666,14,623437
812,pitcher,49,47,Drew Anderson,ALL,0.7021276595744681,0.04064039408866995,0.673469387755102,33,623454
177,pitcher,14,12,Evan Phillips,ALL,0.75,0.05084745762711865,0.6428571428571429,9,623465
419,pitcher,17,16,Jimmy Herget,ALL,0.6875,0.026252983293556086,0.6470588235294118,11,623474
1139,pitcher,85,82,Ranger Suarez,ALL,0.6829268292682927,0.04916593503072871,0.6588235294117647,56,624133
28,pitcher,2,0,Adam Frazier,ALL,,0.0,0.0,0,624428
55,pitcher,11,0,Jose Trevino,ALL,,0.0,0.0,0,624431
4,pitcher,1,0,Reese McGuire,ALL,,0.0,0.0,0,624512
98,pitcher,7,6,Keegan Thompson,ALL,0.3333333333333333,0.02040816326530612,0.2857142857142857,2,624522
708,pitcher,40,38,Reynaldo López,ALL,0.7631578947368421,0.04096045197740113,0.725,29,625643
387,pitcher,25,21,Raisel Iglesias,ALL,0.6190476190476191,0.03359173126614987,0.52,13,628452
8,pitcher,1,1,Yunior Marte,ALL,1.0,0.125,1.0,1,628708
535,pitcher,36,30,Kyle Finnegan,ALL,0.6333333333333333,0.03551401869158879,0.5277777777777778,19,640448
41,pitcher,1,1,Hunter Harvey,ALL,1.0,0.024390243902439025,1.0,1,640451
103,pitcher,6,5,Matt Krook,ALL,0.8,0.038834951456310676,0.6666666666666666,4,640454
1094,pitcher,75,74,Sean Manaea,ALL,0.7432432432432432,0.050274223034734916,0.7333333333333333,55,640455
8,pitcher,0,0,Jhonny Pereda,ALL,,0.0,,0,640902
560,pitcher,42,39,Tyler Alexander,ALL,0.7435897435897436,0.05178571428571429,0.6904761904761905,29,641302
192,pitcher,14,10,Shaun Anderson,ALL,0.9,0.046875,0.6428571428571429,9,641312
412,pitcher,30,25,Bryan Baker,ALL,0.56,0.03398058252427184,0.4666666666666667,14,641329
25,pitcher,0,0,Ben Bowden,ALL,,0.0,,0,641386
136,pitcher,5,5,Connor Brogdon,ALL,0.6,0.022058823529411766,0.6,3,641401
63,pitcher,2,0,J.P. France,ALL,,0.0,0.0,0,641585
50,pitcher,6,4,Ian Hamilton,ALL,0.75,0.06,0.5,3,641656
1307,pitcher,77,74,Anthony Kay,ALL,0.7432432432432432,0.042081101759755164,0.7142857142857143,55,641743
291,pitcher,16,11,Brad Keller,ALL,0.8181818181818182,0.030927835051546393,0.5625,9,641745
452,pitcher,28,23,Tyler Kinley,ALL,0.6956521739130435,0.035398230088495575,0.5714285714285714,16,641755
867,pitcher,67,65,Eric Lauer,ALL,0.7846153846153846,0.058823529411764705,0.7611940298507462,51,641778
983,pitcher,73,71,Zack Littell,ALL,0.7464788732394366,0.05391658189216684,0.726027397260274,53,641793
1140,pitcher,87,84,Tyler Mahle,ALL,0.7261904761904762,0.05350877192982456,0.7011494252873564,61,641816
534,pitcher,39,35,Tim Mayza,ALL,0.7428571428571429,0.04868913857677903,0.6666666666666666,26,641835
960,pitcher,71,70,Bailey Ober,ALL,0.7714285714285715,0.05625,0.7605633802816901,54,641927
273,pitcher,21,16,Emilio Pagán,ALL,0.375,0.02197802197802198,0.2857142857142857,6,641941
140,pitcher,6,6,Tayler Saucedo,ALL,1.0,0.04285714285714286,1.0,6,642048
289,pitcher,12,11,Gabe Speier,ALL,0.6363636363636364,0.02422145328719723,0.5833333333333334,7,642100
399,pitcher,19,16,Cole Sulser,ALL,0.5625,0.022556390977443608,0.47368421052631576,9,642121
80,pitcher,4,1,Lou Trivino III,ALL,0.0,0.0,0.0,0,642152
358,pitcher,17,15,Devin Williams,ALL,0.4666666666666667,0.019553072625698324,0.4117647058823529,7,642207
30,pitcher,6,0,Weston Wilson,ALL,,0.0,0.0,0,642215
459,pitcher,31,25,Ryan Yarbrough,ALL,0.6,0.032679738562091505,0.4838709677419355,15,642232
130,pitcher,7,7,Jefry Yan,ALL,0.7142857142857143,0.038461538461538464,0.7142857142857143,5,642376
571,pitcher,36,29,Gregory Soto,ALL,0.5862068965517241,0.0297723292469352,0.4722222222222222,17,642397
409,pitcher,25,25,Jonathan Loáisiga,ALL,0.88,0.05378973105134474,0.88,22,642528
232,pitcher,11,11,Jonathan Hernández,ALL,0.9090909090909091,0.04310344827586207,0.9090909090909091,10,642546
1395,pitcher,87,87,Freddy Peralta,ALL,0.7586206896551724,0.047311827956989246,0.7586206896551724,66,642547
420,pitcher,22,17,Dennis Santana,ALL,0.7647058823529411,0.030952380952380953,0.5909090909090909,13,642701
42,pitcher,1,1,Julian Fernández,ALL,1.0,0.023809523809523808,1.0,1,642759
6,pitcher,0,0,Kevin Herget,ALL,,0.0,,0,643361
789,pitcher,50,49,Griffin Jax,ALL,0.7755102040816326,0.048162230671736375,0.76,38,643377
293,pitcher,15,13,Mark Leiter Jr.,ALL,0.6153846153846154,0.027303754266211604,0.5333333333333333,8,643410
473,pitcher,50,36,Tyler Rogers,ALL,0.8888888888888888,0.06765327695560254,0.64,32,643511
10,pitcher,4,0,Chadwick Tromp,ALL,,0.0,0.0,0,644433
1501,pitcher,83,82,Sandy Alcantara,ALL,0.6829268292682927,0.037308461025982675,0.6746987951807228,56,645261
15,pitcher,3,0,Victor Robles,ALL,,0.0,0.0,0,645302
349,pitcher,27,26,Enmanuel De Jesus,ALL,0.6923076923076923,0.05157593123209169,0.6666666666666666,18,646241
16,pitcher,1,1,Jhonathan Díaz,ALL,1.0,0.0625,1.0,1,646242
77,pitcher,6,5,Zach Pop,ALL,1.0,0.06493506493506493,0.8333333333333334,5,647315
798,pitcher,37,37,Michael Soroka,ALL,0.8108108108108109,0.03759398496240601,0.8108108108108109,30,647336
596,pitcher,35,27,Bryan Abreu,ALL,0.5555555555555556,0.025167785234899327,0.42857142857142855,15,650556
1434,pitcher,108,108,Michael King,ALL,0.7222222222222222,0.05439330543933055,0.7222222222222222,78,650633
929,pitcher,73,70,Aaron Civale,ALL,0.8142857142857143,0.061356297093649086,0.7808219178082192,57,650644
1413,pitcher,88,86,Cristopher Sánchez,ALL,0.7906976744186046,0.048124557678697805,0.7727272727272727,68,650911
213,pitcher,15,14,Daniel Duarte,ALL,0.9285714285714286,0.06103286384976526,0.8666666666666667,13,650960
20,pitcher,3,0,Andruw Monasterio,ALL,,0.0,0.0,0,655316
50,pitcher,2,2,Manuel Rodríguez,ALL,0.5,0.02,0.5,1,655889
114,pitcher,8,7,Charlie Barnes,ALL,1.0,0.06140350877192982,0.875,7,656212
215,pitcher,12,12,Jalen Beeks,ALL,0.9166666666666666,0.05116279069767442,0.9166666666666666,11,656222
393,pitcher,18,15,Jake Bird,ALL,0.6666666666666666,0.02544529262086514,0.5555555555555556,10,656234
203,pitcher,9,6,Scott Blewett,ALL,0.6666666666666666,0.019704433497536946,0.4444444444444444,4,656240
597,pitcher,34,32,Brock Burke,ALL,0.75,0.04020100502512563,0.7058823529411765,24,656271
766,pitcher,45,43,Griffin Canning,ALL,0.8372093023255814,0.04699738903394256,0.8,36,656288
1466,pitcher,96,94,Dylan Cease,ALL,0.6808510638297872,0.04365620736698499,0.6666666666666666,64,656302
893,pitcher,62,60,Jack Flaherty,ALL,0.7666666666666667,0.051511758118701005,0.7419354838709677,46,656427
74,pitcher,3,3,Tyler Gilbert,ALL,0.6666666666666666,0.02702702702702703,0.6666666666666666,2,656457
481,pitcher,29,26,Kevin Ginkel,ALL,0.7692307692307693,0.04158004158004158,0.6896551724137931,20,656464
1364,pitcher,123,122,Foster Griffin,ALL,0.7950819672131147,0.07111436950146628,0.7886178861788617,97,656492
347,pitcher,22,20,Sam Hentges,ALL,0.7,0.040345821325648415,0.6363636363636364,14,656529
546,pitcher,35,26,Jeff Hoffman,ALL,0.6923076923076923,0.03296703296703297,0.5142857142857142,18,656546
1110,pitcher,66,62,Grant Holmes,ALL,0.7580645161290323,0.04234234234234234,0.7121212121212122,47,656550
14,pitcher,1,0,Alex Jackson,ALL,,0.0,0.0,0,656577
985,pitcher,65,65,Mitch Keller,ALL,0.8461538461538461,0.05583756345177665,0.8461538461538461,55,656605
540,pitcher,24,23,Alex Lange,ALL,0.8260869565217391,0.03518518518518519,0.7916666666666666,19,656638
482,pitcher,20,17,Jacob Latz,ALL,0.6470588235294118,0.022821576763485476,0.55,11,656641
58,pitcher,0,0,Corbin Martin,ALL,,0.0,,0,656686
42,pitcher,12,0,Zach McKinstry,ALL,,0.0,0.0,0,656716
373,pitcher,42,35,Trevor Megill,ALL,0.45714285714285713,0.04289544235924933,0.38095238095238093,16,656730
140,pitcher,7,3,Jordan Montgomery,ALL,1.0,0.02142857142857143,0.42857142857142855,3,656756
81,pitcher,10,10,Parker Mushinski,ALL,0.6,0.07407407407407407,0.6,6,656786
711,pitcher,51,44,Sean Newcomb,ALL,0.6818181818181818,0.04219409282700422,0.5882352941176471,30,656794
484,pitcher,25,19,Michael Petersen,ALL,0.5789473684210527,0.022727272727272728,0.44,11,656848
1193,pitcher,84,83,David Peterson,ALL,0.8554216867469879,0.05951383067896061,0.8452380952380952,71,656849
1173,pitcher,76,74,Drew Rasmussen,ALL,0.6891891891891891,0.043478260869565216,0.6710526315789473,51,656876
378,pitcher,19,14,Tanner Scott,ALL,0.5714285714285714,0.021164021164021163,0.42105263157894735,8,656945
213,pitcher,15,14,Bennett Sousa,ALL,0.7857142857142857,0.051643192488262914,0.7333333333333333,11,656986
333,pitcher,28,26,Ryan Thompson,ALL,0.8461538461538461,0.06606606606606606,0.7857142857142857,22,657044
521,pitcher,29,25,Jacob Webb,ALL,0.76,0.036468330134357005,0.6551724137931034,19,657097
143,pitcher,14,14,Peter Strzelecki,ALL,0.8571428571428571,0.08391608391608392,0.8571428571428571,12,657265
1248,pitcher,89,86,Logan Webb,ALL,0.8255813953488372,0.05689102564102564,0.797752808988764,71,657277
275,pitcher,11,11,Matt Gage,ALL,0.6363636363636364,0.025454545454545455,0.6363636363636364,7,657424
486,pitcher,34,32,Brennan Bernardino,ALL,0.5625,0.037037037037037035,0.5294117647058824,18,657514
317,pitcher,13,12,Caleb Ferguson,ALL,0.4166666666666667,0.015772870662460567,0.38461538461538464,5,657571
370,pitcher,42,39,Tim Hill,ALL,0.6153846153846154,0.06486486486486487,0.5714285714285714,24,657612
92,pitcher,7,7,Jared Koenig,ALL,0.42857142857142855,0.03260869565217391,0.42857142857142855,3,657649
1068,pitcher,73,70,Joe Ryan,ALL,0.7428571428571429,0.04868913857677903,0.7123287671232876,52,657746
248,pitcher,13,12,Connor Seabold,ALL,0.8333333333333334,0.04032258064516129,0.7692307692307693,10,657756
695,pitcher,48,47,Shohei Ohtani,ALL,0.7446808510638298,0.050359712230215826,0.7291666666666666,35,660271
243,pitcher,25,25,Alan Rangel,ALL,0.72,0.07407407407407407,0.72,18,660604
18,pitcher,0,0,Rodolfo Durán,ALL,,0.0,,0,660710
545,pitcher,30,27,José Suarez,ALL,0.7407407407407407,0.03669724770642202,0.6666666666666666,20,660761
161,pitcher,10,10,Yerry De los Santos,ALL,0.5,0.031055900621118012,0.5,5,660787
576,pitcher,40,32,Eduard Bazardo,ALL,0.5625,0.03125,0.45,18,660825
19,pitcher,8,0,Leo Rivas,ALL,,0.0,0.0,0,660844
490,pitcher,27,25,Enyel De Los Santos,ALL,0.6,0.030612244897959183,0.5555555555555556,15,660853
396,pitcher,22,15,Jhoan Duran,ALL,0.6,0.022727272727272728,0.4090909090909091,9,661395
10,pitcher,1,1,Seth Martinez,ALL,0.0,0.0,0.0,0,661527
222,pitcher,14,14,Luis Gil,ALL,0.8571428571428571,0.05405405405405406,0.8571428571428571,12,661563
14,pitcher,1,1,Brian Keller,ALL,0.0,0.0,0.0,0,662144
457,pitcher,17,11,Andrés Muñoz,ALL,0.7272727272727273,0.0175054704595186,0.47058823529411764,8,662253
216,pitcher,14,12,Robert Suarez,ALL,0.75,0.041666666666666664,0.6428571428571429,9,663158
346,pitcher,26,24,Matt Waldron,ALL,0.875,0.06069364161849711,0.8076923076923077,21,663362
914,pitcher,45,45,Ryan Feltner,ALL,0.6666666666666666,0.03282275711159737,0.6666666666666666,30,663372
358,pitcher,22,20,Trent Thornton,ALL,0.85,0.04748603351955307,0.7727272727272727,17,663423
83,pitcher,8,7,Tanner Rainey,ALL,0.7142857142857143,0.060240963855421686,0.625,5,663432
1112,pitcher,62,59,Davis Martin,ALL,0.7627118644067796,0.040467625899280574,0.7258064516129032,45,663436
430,pitcher,21,20,Kris Bubic,ALL,0.7,0.03255813953488372,0.6666666666666666,14,663460
84,pitcher,6,3,Kolby Allard,ALL,1.0,0.03571428571428571,0.5,3,663465
105,pitcher,4,3,Cole Sands,ALL,1.0,0.02857142857142857,0.75,3,663485
8,pitcher,0,0,Bryan Torres,ALL,,0.0,,0,663494
494,pitcher,37,30,Bryan Hudson,ALL,0.7,0.04251012145748988,0.5675675675675675,21,663542
967,pitcher,68,64,Casey Mize,ALL,0.71875,0.047569803516028956,0.6764705882352942,46,663554
938,pitcher,55,52,Shane McClanahan,ALL,0.7307692307692307,0.04051172707889126,0.6909090909090909,38,663556
533,pitcher,32,30,Jovani Morán,ALL,0.7333333333333333,0.04127579737335835,0.6875,22,663558
106,pitcher,7,7,Bailey Falter,ALL,0.5714285714285714,0.03773584905660377,0.5714285714285714,4,663559
1207,pitcher,69,66,Peter Lambert,ALL,0.7727272727272727,0.04225352112676056,0.7391304347826086,51,663567
431,pitcher,23,23,Stephen Kolek,ALL,0.6521739130434783,0.03480278422273782,0.6521739130434783,15,663568
360,pitcher,28,23,Tony Santillan,ALL,0.8260869565217391,0.05277777777777778,0.6785714285714286,19,663574
884,pitcher,47,46,Jake Irvin,ALL,0.8043478260869565,0.0418552036199095,0.7872340425531915,37,663623
685,pitcher,50,45,Hogan Harris,ALL,0.5111111111111111,0.033576642335766425,0.46,23,663687
570,pitcher,33,31,Daniel Lynch IV,ALL,0.8387096774193549,0.0456140350877193,0.7878787878787878,26,663738
247,pitcher,17,15,Jake Woodford,ALL,0.8666666666666667,0.05263157894736842,0.7647058823529411,13,663765
457,pitcher,41,35,Chase Shugart,ALL,0.7142857142857143,0.05470459518599562,0.6097560975609756,25,663767
509,pitcher,34,34,Patrick Sandoval,ALL,0.8235294117647058,0.0550098231827112,0.8235294117647058,28,663776
34,pitcher,4,4,Justin Hagenman,ALL,1.0,0.11764705882352941,1.0,4,663795
426,pitcher,24,20,Jordan Hicks,ALL,0.6,0.028169014084507043,0.5,12,663855
342,pitcher,16,15,Nate Pearson,ALL,0.8,0.03508771929824561,0.75,12,663878
14,pitcher,0,0,Nolan Kingham,ALL,,0.0,,0,663884
280,pitcher,14,14,Brendon Little,ALL,0.7142857142857143,0.03571428571428571,0.7142857142857143,10,663893
1401,pitcher,108,104,Brady Singer,ALL,0.6923076923076923,0.05139186295503212,0.6666666666666666,72,663903
125,pitcher,7,7,Tristan Beck,ALL,0.8571428571428571,0.048,0.8571428571428571,6,663941
566,pitcher,47,46,Tyler Holton,ALL,0.8260869565217391,0.06713780918727916,0.8085106382978723,38,663947
5,pitcher,0,0,César Salazar,ALL,,0.0,,0,663967
992,pitcher,64,60,Tyler Phillips,ALL,0.6833333333333333,0.04133064516129032,0.640625,41,663969
504,pitcher,29,27,Chris Paddack,ALL,0.6296296296296297,0.03373015873015873,0.5862068965517241,17,663978
296,pitcher,13,12,Richard Lovelady,ALL,0.6666666666666666,0.02702702702702703,0.6153846153846154,8,663992
2,pitcher,2,0,Sam Haggerty,ALL,,0.0,0.0,0,664059
18,pitcher,1,1,Cody Ponce,ALL,1.0,0.05555555555555555,1.0,1,664074
382,pitcher,25,24,Garrett Cleavinger,ALL,0.625,0.03926701570680628,0.6,15,664076
399,pitcher,34,26,Pete Fairbanks,ALL,0.6153846153846154,0.040100250626566414,0.47058823529411764,16,664126
158,pitcher,11,10,Geoff Hartlieb,ALL,0.8,0.05063291139240506,0.7272727272727273,8,664129
548,pitcher,36,31,JT Brubaker,ALL,0.7741935483870968,0.043795620437956206,0.6666666666666666,24,664141
69,pitcher,6,4,Joey Lucchesi,ALL,0.25,0.014492753623188406,0.16666666666666666,1,664192
469,pitcher,26,25,Taylor Clarke,ALL,0.88,0.046908315565031986,0.8461538461538461,22,664199
284,pitcher,12,11,Phil Maton,ALL,0.5454545454545454,0.02112676056338028,0.5,6,664208
11,pitcher,0,0,Dylan Moore,ALL,,0.0,,0,664238
1316,pitcher,99,97,Framber Valdez,ALL,0.865979381443299,0.06382978723404255,0.8484848484848485,84,664285
432,pitcher,25,25,Cristian Javier,ALL,0.68,0.03935185185185185,0.68,17,664299
237,pitcher,23,20,José Urquidy,ALL,0.6,0.05063291139240506,0.5217391304347826,12,664353
29,pitcher,4,0,Myles Straw,ALL,,0.0,0.0,0,664702
5,pitcher,0,0,P.J. Higgins,ALL,,0.0,,0,664731
8,pitcher,1,1,Jose Espada,ALL,1.0,0.125,1.0,1,664744
4,pitcher,1,0,LaMonte Wade Jr.,ALL,,0.0,0.0,0,664774
173,pitcher,9,9,Danny Young,ALL,0.7777777777777778,0.04046242774566474,0.7777777777777778,7,664849
149,pitcher,9,6,Ryan Helsley,ALL,0.16666666666666666,0.006711409395973154,0.1111111111111111,1,664854
400,pitcher,11,8,Justin Lawrence,ALL,0.875,0.0175,0.6363636363636364,7,664875
49,pitcher,9,0,Brett Sullivan,ALL,,0.0,0.0,0,664954
408,pitcher,25,23,Grant Wolfram,ALL,0.6521739130434783,0.03676470588235294,0.6,15,664991
656,pitcher,43,43,Dean Kremer,ALL,0.6976744186046512,0.04573170731707317,0.6976744186046512,30,665152
650,pitcher,50,45,Luis Medina,ALL,0.6666666666666666,0.046153846153846156,0.6,30,665622
46,pitcher,6,6,Kervin Castro,ALL,0.6666666666666666,0.08695652173913043,0.6666666666666666,4,665645
398,pitcher,16,14,Elvis Alvarado,ALL,0.5,0.017587939698492462,0.4375,7,665660
185,pitcher,6,3,Reiver Sanmartin,ALL,0.6666666666666666,0.010810810810810811,0.3333333333333333,2,665665
667,pitcher,33,33,Edward Cabrera,ALL,0.7575757575757576,0.037481259370314844,0.7575757575757576,25,665795
777,pitcher,44,41,Javier Assad,ALL,0.9024390243902439,0.047619047619047616,0.8409090909090909,37,665871
75,pitcher,4,0,Carlos Cortes,ALL,,0.0,0.0,0,666126
78,pitcher,3,3,Braxton Garrett,ALL,1.0,0.038461538461538464,1.0,3,666129
349,pitcher,26,26,Cole Ragans,ALL,0.8076923076923077,0.06017191977077364,0.8076923076923077,21,666142
865,pitcher,56,56,Nick Lodolo,ALL,0.8392857142857143,0.05433526011560694,0.8392857142857143,47,666157
691,pitcher,34,28,Ryan Zeferjahn,ALL,0.8571428571428571,0.03473227206946455,0.7058823529411765,24,666171
1525,pitcher,85,82,Jesús Luzardo,ALL,0.7560975609756098,0.04065573770491803,0.7294117647058823,62,666200
100,pitcher,2,0,Alek Manoah,ALL,,0.0,0.0,0,666201
551,pitcher,35,27,George Soriano,ALL,0.7777777777777778,0.038112522686025406,0.6,21,666277
153,pitcher,10,7,Matt Brash,ALL,0.8571428571428571,0.0392156862745098,0.6,6,666374
49,pitcher,4,4,Gregory Santos,ALL,0.5,0.04081632653061224,0.5,2,666619
475,pitcher,28,24,Juan Morillo,ALL,0.5416666666666666,0.02736842105263158,0.4642857142857143,13,666661
73,pitcher,7,5,Joel Peguero,ALL,0.6,0.0410958904109589,0.42857142857142855,3,666711
51,pitcher,2,2,Jhony Brito,ALL,1.0,0.0392156862745098,1.0,2,666745
515,pitcher,37,27,Camilo Doval,ALL,0.7407407407407407,0.038834951456310676,0.5405405405405406,20,666808
397,pitcher,24,22,Yennier Cano,ALL,0.8181818181818182,0.04534005037783375,0.75,18,666974
460,pitcher,35,34,Tommy Nance,ALL,0.7352941176470589,0.05434782608695652,0.7142857142857143,25,667297
373,pitcher,14,10,John King,ALL,0.7,0.01876675603217158,0.5,7,667463
95,pitcher,9,9,Jack Ralston,ALL,0.8888888888888888,0.08421052631578947,0.8888888888888888,8,667652
1428,pitcher,87,87,José Soriano,ALL,0.7931034482758621,0.04831932773109244,0.7931034482758621,69,667755
364,pitcher,14,14,Cole Winn,ALL,0.5714285714285714,0.02197802197802198,0.5714285714285714,8,668390
29,pitcher,5,0,Jake Rogers,ALL,,0.0,0.0,0,668670
429,pitcher,37,30,Lucas Erceg,ALL,0.7,0.04895104895104895,0.5675675675675675,21,668674
919,pitcher,64,63,Zac Gallen,ALL,0.873015873015873,0.05984766050054407,0.859375,55,668678
38,pitcher,3,1,Noah Murdock,ALL,1.0,0.02631578947368421,0.3333333333333333,1,668716
176,pitcher,8,7,Max Kranick,ALL,0.7142857142857143,0.028409090909090908,0.625,5,668820
63,pitcher,1,1,Garrett Stallings,ALL,1.0,0.015873015873015872,1.0,1,668831
70,pitcher,4,4,Easton McGee,ALL,0.5,0.02857142857142857,0.5,2,668834
402,pitcher,19,16,Caleb Kilian,ALL,0.75,0.029850746268656716,0.631578947368421,12,668873
213,pitcher,13,13,Hunter Greene,ALL,0.38461538461538464,0.023474178403755867,0.38461538461538464,5,668881
1380,pitcher,97,96,Gavin Williams,ALL,0.8541666666666666,0.059420289855072465,0.845360824742268,82,668909
268,pitcher,23,21,Graham Ashcraft,ALL,0.5714285714285714,0.04477611940298507,0.5217391304347826,12,668933
477,pitcher,32,30,JoJo Romero,ALL,0.7666666666666667,0.04821802935010482,0.71875,23,668941
7,pitcher,1,0,Josh Rojas,ALL,,0.0,0.0,0,668942
351,pitcher,16,14,Tobias Myers,ALL,0.7857142857142857,0.03133903133903134,0.6875,11,668964
144,pitcher,17,14,Gavin Hollowell,ALL,0.7142857142857143,0.06944444444444445,0.5882352941176471,10,668970
476,pitcher,25,22,Casey Legumina,ALL,0.6818181818181818,0.031512605042016806,0.6,15,668984
488,pitcher,28,27,Ryan Rolison,ALL,0.6666666666666666,0.036885245901639344,0.6428571428571429,18,669020
1370,pitcher,77,77,MacKenzie Gore,ALL,0.7272727272727273,0.040875912408759124,0.7272727272727273,56,669022
244,pitcher,22,16,Bryse Wilson,ALL,0.8125,0.05327868852459016,0.5909090909090909,13,669060
509,pitcher,24,16,Erik Miller,ALL,0.625,0.019646365422396856,0.4166666666666667,10,669062
487,pitcher,26,22,DL Hall,ALL,0.6363636363636364,0.028747433264887063,0.5384615384615384,14,669084
272,pitcher,16,13,Jeremiah Estrada,ALL,0.7692307692307693,0.03676470588235294,0.625,10,669093
43,pitcher,2,2,Bruce Zimmermann,ALL,1.0,0.046511627906976744,1.0,2,669145
1119,pitcher,82,82,Dustin May,ALL,0.8536585365853658,0.06255585344057193,0.8536585365853658,70,669160
347,pitcher,26,24,Kyle Hurt,ALL,0.6666666666666666,0.04610951008645533,0.6153846153846154,16,669165
26,pitcher,1,1,Jonathan Heasley,ALL,1.0,0.038461538461538464,1.0,1,669169
587,pitcher,35,35,Ryne Nelson,ALL,0.6571428571428571,0.039182282793867124,0.6571428571428571,23,669194
711,pitcher,42,40,Lake Bachar,ALL,0.6,0.03375527426160337,0.5714285714285714,24,669199
30,pitcher,0,0,Corbin Burnes,ALL,,0.0,,0,669203
225,pitcher,10,10,Keegan Akin,ALL,0.9,0.04,0.9,9,669211
179,pitcher,9,9,Eli Morgan,ALL,0.7777777777777778,0.03910614525139665,0.7777777777777778,7,669212
323,pitcher,14,12,Joel Kuhnel,ALL,0.75,0.02786377708978328,0.6428571428571429,9,669270
462,pitcher,26,24,Dylan Lee,ALL,0.625,0.032467532467532464,0.5769230769230769,15,669276
70,pitcher,4,3,TJ Shook,ALL,0.3333333333333333,0.014285714285714285,0.25,1,669298
1311,pitcher,83,79,Logan Gilbert,ALL,0.8227848101265823,0.04958047292143402,0.7831325301204819,65,669302
74,pitcher,7,6,CJ Van Eyk,ALL,0.6666666666666666,0.05405405405405406,0.5714285714285714,4,669310
496,pitcher,43,41,Tyler Wells,ALL,0.7560975609756098,0.0625,0.7209302325581395,31,669330
1418,pitcher,94,92,Shane Baz,ALL,0.7717391304347826,0.05007052186177715,0.7553191489361702,71,669358
146,pitcher,6,6,Cole Henry,ALL,0.6666666666666666,0.0273972602739726,0.6666666666666666,4,669371
1177,pitcher,76,73,J.T. Ginn,ALL,0.8082191780821918,0.05012744265080714,0.7763157894736842,59,669372
977,pitcher,57,54,Tarik Skubal,ALL,0.8333333333333334,0.04605936540429888,0.7894736842105263,45,669373
1043,pitcher,60,54,Carmen Mlodzinski,ALL,0.7962962962962963,0.04122722914669223,0.7166666666666667,43,669387
1145,pitcher,81,81,Trevor Rogers,ALL,0.8395061728395061,0.059388646288209605,0.8395061728395061,68,669432
281,pitcher,22,20,Mason Englert,ALL,0.65,0.046263345195729534,0.5909090909090909,13,669438
530,pitcher,50,49,Shane Bieber,ALL,0.7142857142857143,0.0660377358490566,0.7,35,669456
1269,pitcher,68,68,Matthew Liberatore,ALL,0.7794117647058824,0.04176516942474389,0.7794117647058824,53,669461
1296,pitcher,84,84,Andre Pallante,ALL,0.8095238095238095,0.05246913580246913,0.8095238095238095,68,669467
278,pitcher,21,20,Brady Basso,ALL,0.8,0.05755395683453238,0.7619047619047619,16,669620
319,pitcher,22,17,Anthony Bender,ALL,0.7058823529411765,0.03761755485893417,0.5454545454545454,12,669622
257,pitcher,18,13,Chris Murphy,ALL,0.8461538461538461,0.042801556420233464,0.6111111111111112,11,669684
42,pitcher,4,4,Kade Strowd,ALL,1.0,0.09523809523809523,1.0,4,669704
450,pitcher,25,22,Greg Weissert,ALL,0.6363636363636364,0.03111111111111111,0.56,14,669711
342,pitcher,21,20,Hayden Wesneski,ALL,0.9,0.05263157894736842,0.8571428571428571,18,669713
174,pitcher,10,10,Brenan Hanifee,ALL,0.5,0.028735632183908046,0.5,5,669724
239,pitcher,14,12,Ronel Blanco,ALL,0.9166666666666666,0.04602510460251046,0.7857142857142857,11,669854
165,pitcher,5,5,Jason Alexander,ALL,1.0,0.030303030303030304,1.0,5,669920
1174,pitcher,68,68,George Kirby,ALL,0.8529411764705882,0.049403747870528106,0.8529411764705882,58,669923
360,pitcher,24,24,Jesse Scholtens,ALL,0.8333333333333334,0.05555555555555555,0.8333333333333334,20,669947
14,pitcher,1,0,Nicky Lopez,ALL,,0.0,0.0,0,670032
526,pitcher,26,23,Matt Festa,ALL,0.6086956521739131,0.026615969581749048,0.5384615384615384,14,670036
469,pitcher,32,27,Colin Holderman,ALL,0.5555555555555556,0.031982942430703626,0.46875,15,670059
346,pitcher,33,31,Julian Garcia,ALL,0.7419354838709677,0.06647398843930635,0.696969696969697,23,670062
85,pitcher,4,3,Wyatt Mills,ALL,0.3333333333333333,0.011764705882352941,0.25,1,670090
3,pitcher,0,0,Zack Short,ALL,,0.0,,0,670097
96,pitcher,5,5,Raymond Burgos,ALL,0.8,0.041666666666666664,0.8,4,670103
510,pitcher,28,27,John Schreiber,ALL,0.8148148148148148,0.043137254901960784,0.7857142857142857,22,670167
108,pitcher,6,5,Garrett Acton,ALL,0.8,0.037037037037037035,0.6666666666666666,4,670183
532,pitcher,33,29,Ryan Watson,ALL,0.6206896551724138,0.03383458646616541,0.5454545454545454,18,670245
482,pitcher,25,21,David Bednar,ALL,0.6666666666666666,0.029045643153526972,0.56,14,670280
465,pitcher,36,33,Rico Garcia,ALL,0.48484848484848486,0.034408602150537634,0.4444444444444444,16,670329
10,pitcher,1,1,Guillo Zuñiga,ALL,0.0,0.0,0.0,0,670871
34,pitcher,1,1,Johan Oviedo,ALL,1.0,0.029411764705882353,1.0,1,670912
560,pitcher,37,36,Trevor Richards,ALL,0.7777777777777778,0.05,0.7567567567567568,28,670950
573,pitcher,41,36,Adrian Morejon,ALL,0.6388888888888888,0.04013961605584642,0.5609756097560976,23,670970
707,pitcher,57,48,Yohan Ramírez,ALL,0.75,0.05091937765205092,0.631578947368421,36,670990
22,pitcher,0,0,Buddy Kennedy,ALL,,0.0,,0,671083
1409,pitcher,97,96,Andrew Abbott,ALL,0.8125,0.05535841022001419,0.8041237113402062,78,671096
166,pitcher,9,8,Logan Allen,ALL,0.75,0.03614457831325301,0.6666666666666666,6,671106
23,pitcher,1,1,Jake Eder,ALL,1.0,0.043478260869565216,1.0,1,671109
112,pitcher,2,2,Sammy Peralta,ALL,0.5,0.008928571428571428,0.5,1,671111
21,pitcher,1,1,Jackson Rutledge,ALL,1.0,0.047619047619047616,1.0,1,671131
145,pitcher,15,13,Connor Thomas,ALL,0.5384615384615384,0.04827586206896552,0.4666666666666667,7,671162
190,pitcher,10,7,Joe Boyle,ALL,1.0,0.03684210526315789,0.7,7,671212
180,pitcher,13,13,Jason Foley,ALL,0.6923076923076923,0.05,0.6923076923076923,9,671345
103,pitcher,11,11,Cameron Foster,ALL,1.0,0.10679611650485436,1.0,11,671382
1418,pitcher,95,95,Taj Bradley,ALL,0.7157894736842105,0.047954866008462625,0.7157894736842105,68,671737
567,pitcher,39,29,Cade Smith,ALL,0.41379310344827586,0.021164021164021163,0.3076923076923077,12,671922
270,pitcher,15,15,Adam Macko,ALL,0.6666666666666666,0.037037037037037035,0.6666666666666666,10,671936
85,pitcher,3,3,Eric Cerantola,ALL,1.0,0.03529411764705882,1.0,3,672021
1356,pitcher,99,97,Reid Detmers,ALL,0.845360824742268,0.06047197640117994,0.8282828282828283,82,672282
380,pitcher,31,27,Cionel Pérez,ALL,0.9259259259259259,0.06578947368421052,0.8064516129032258,25,672335
97,pitcher,10,6,Yovanny Cruz,ALL,0.8333333333333334,0.05154639175257732,0.5,5,672442
1115,pitcher,77,75,Keider Montero,ALL,0.7733333333333333,0.05201793721973094,0.7532467532467533,58,672456
25,pitcher,0,0,Carlos Hernández,ALL,,0.0,,0,672578
126,pitcher,9,8,Angel Zerpa,ALL,0.5,0.031746031746031744,0.4444444444444444,4,672582
190,pitcher,8,8,Gerardo Carrillo,ALL,0.5,0.021052631578947368,0.5,4,672629
536,pitcher,35,25,Yoendrys Gómez,ALL,0.64,0.029850746268656716,0.45714285714285713,16,672782
72,pitcher,5,5,Carlos Vargas,ALL,1.0,0.06944444444444445,1.0,5,672841
60,pitcher,4,3,Dedniel Núñez,ALL,0.3333333333333333,0.016666666666666666,0.25,1,673380
508,pitcher,33,27,Yuki Matsui,ALL,0.8518518518518519,0.045275590551181105,0.696969696969697,23,673513
572,pitcher,31,30,Kodai Senga,ALL,0.7666666666666667,0.04020979020979021,0.7419354838709677,23,673540
151,pitcher,8,7,Jordan Leasure,ALL,0.5714285714285714,0.026490066225165563,0.5,4,673929
277,pitcher,25,25,Cody Bradford,ALL,0.8,0.07220216606498195,0.8,20,674003
40,pitcher,1,1,Jack Weisenburger,ALL,1.0,0.025,1.0,1,674073
168,pitcher,10,10,Osvaldo Bido,ALL,0.9,0.05357142857142857,0.9,9,674370
409,pitcher,37,33,Steven Cruz,ALL,0.5757575757575758,0.04645476772616137,0.5135135135135135,19,674444
875,pitcher,57,53,Andrew Alvarez,ALL,0.7735849056603774,0.046857142857142854,0.7192982456140351,41,674841
794,pitcher,43,42,Troy Melton,ALL,0.6666666666666666,0.03526448362720403,0.6511627906976745,28,675512
153,pitcher,10,8,Xzavion Curry,ALL,0.75,0.0392156862745098,0.6,6,675540
44,pitcher,1,1,Michael Grove,ALL,1.0,0.022727272727272728,1.0,1,675627
945,pitcher,71,71,Shane Drohan,ALL,0.704225352112676,0.05291005291005291,0.704225352112676,50,675660
612,pitcher,42,36,Juan Mejia,ALL,0.6388888888888888,0.03758169934640523,0.5476190476190477,23,675848
368,pitcher,28,28,Spencer Strider,ALL,0.75,0.057065217391304345,0.75,21,675911
98,pitcher,6,6,James Karinchak,ALL,0.8333333333333334,0.05102040816326531,0.8333333333333334,5,675916
42,pitcher,4,3,Nick Raquet,ALL,0.6666666666666666,0.047619047619047616,0.5,2,675919
18,pitcher,1,1,Seth Lonsway,ALL,1.0,0.05555555555555555,1.0,1,675920
227,pitcher,17,17,Cody Bolton,ALL,0.7647058823529411,0.05726872246696035,0.7647058823529411,13,675989
105,pitcher,6,5,Codi Heuer,ALL,0.8,0.0380952380952381,0.6666666666666666,4,676051
907,pitcher,67,66,Janson Junk,ALL,0.7727272727272727,0.05622932745314223,0.7611940298507462,51,676083
42,pitcher,2,2,Jeff Criswell,ALL,1.0,0.047619047619047616,1.0,2,676105
1037,pitcher,60,58,Emerson Hancock,ALL,0.8103448275862069,0.04532304725168756,0.7833333333333333,47,676106
41,pitcher,2,2,José Buttó,ALL,1.0,0.04878048780487805,1.0,2,676130
347,pitcher,12,11,Ryan Walker,ALL,0.5454545454545454,0.01729106628242075,0.5,6,676254
474,pitcher,24,23,Jack Dreyer,ALL,0.7391304347826086,0.035864978902953586,0.7083333333333334,17,676263
32,pitcher,2,2,Bobby Miller,ALL,0.5,0.03125,0.5,1,676272
1404,pitcher,89,85,Joey Cantillo,ALL,0.6823529411764706,0.04131054131054131,0.651685393258427,58,676282
94,pitcher,4,4,Robert Garcia,ALL,1.0,0.0425531914893617,1.0,4,676395
210,pitcher,15,12,Brant Hurter,ALL,0.8333333333333334,0.047619047619047616,0.6666666666666666,10,676428
1423,pitcher,95,88,Tanner Bibee,ALL,0.7272727272727273,0.044975404075895994,0.6736842105263158,64,676440
102,pitcher,7,7,Colton Gordon,ALL,1.0,0.06862745098039216,1.0,7,676467
290,pitcher,28,24,Garrett Whitlock,ALL,0.875,0.07241379310344828,0.75,21,676477
59,pitcher,6,5,Ben Casparius,ALL,1.0,0.0847457627118644,0.8333333333333334,5,676508
79,pitcher,4,4,Nolan Hoffman,ALL,0.75,0.0379746835443038,0.75,3,676510
596,pitcher,37,31,Calvin Faucher,ALL,0.7096774193548387,0.03691275167785235,0.5945945945945946,22,676534
102,pitcher,8,7,Ricky Vanasco,ALL,0.8571428571428571,0.058823529411764705,0.75,6,676568
380,pitcher,28,25,PJ Poulin,ALL,0.84,0.05526315789473684,0.75,21,676571
39,pitcher,3,3,Josh Fleming,ALL,1.0,0.07692307692307693,1.0,3,676596
310,pitcher,31,28,Tyler Zuber,ALL,0.6071428571428571,0.054838709677419356,0.5483870967741935,17,676604
538,pitcher,26,20,Riley O'Brien,ALL,0.6,0.022304832713754646,0.46153846153846156,12,676617
96,pitcher,11,11,Blake Weiman,ALL,0.7272727272727273,0.08333333333333333,0.7272727272727273,8,676620
66,pitcher,3,2,Max Lazar,ALL,0.5,0.015151515151515152,0.3333333333333333,1,676661
276,pitcher,18,18,JP Sears,ALL,0.8888888888888888,0.057971014492753624,0.8888888888888888,16,676664
129,pitcher,5,4,Tom Cosgrove,ALL,1.0,0.031007751937984496,0.8,4,676680
249,pitcher,17,11,Will Vest,ALL,0.7272727272727273,0.0321285140562249,0.47058823529411764,8,676684
6,pitcher,1,0,Jake Meyers,ALL,,0.0,0.0,0,676694
26,pitcher,1,1,Hunter Stratton,ALL,1.0,0.038461538461538464,1.0,1,676702
257,pitcher,13,12,Cam Sanders,ALL,0.5,0.023346303501945526,0.46153846153846156,6,676742
365,pitcher,18,16,Isaac Mattson,ALL,0.6875,0.030136986301369864,0.6111111111111112,11,676755
544,pitcher,30,28,Ron Marinaccio,ALL,0.8214285714285714,0.042279411764705885,0.7666666666666667,23,676760
336,pitcher,22,20,Keaton Winn,ALL,0.55,0.03273809523809524,0.5,11,676775
852,pitcher,55,50,Aaron Ashby,ALL,0.7,0.04107981220657277,0.6363636363636364,35,676879
28,pitcher,2,2,Matt Seelinger,ALL,0.5,0.03571428571428571,0.5,1,676910
1356,pitcher,83,83,Cade Cavalli,ALL,0.6987951807228916,0.04277286135693215,0.6987951807228916,58,676917
529,pitcher,36,33,Ben Brown,ALL,0.5757575757575758,0.035916824196597356,0.5277777777777778,19,676962
946,pitcher,58,58,Max Meyer,ALL,0.7413793103448276,0.045454545454545456,0.7413793103448276,43,676974
260,pitcher,17,17,Garrett Crochet,ALL,0.8235294117647058,0.05384615384615385,0.8235294117647058,14,676979
190,pitcher,16,13,Josh Walker,ALL,0.6923076923076923,0.04736842105263158,0.5625,9,677020
196,pitcher,19,16,Andrew Nardi,ALL,0.375,0.030612244897959183,0.3157894736842105,6,677053
159,pitcher,11,11,Zack Kelly,ALL,0.8181818181818182,0.05660377358490566,0.8181818181818182,9,677161
7,pitcher,0,0,José Tena,ALL,,0.0,,0,677588
644,pitcher,49,47,Justin Bruihl,ALL,0.8085106382978723,0.059006211180124224,0.7755102040816326,38,677865
1027,pitcher,59,53,Slade Cecconi,ALL,0.7169811320754716,0.03700097370983447,0.6440677966101694,38,677944
1151,pitcher,99,93,Braxton Ashcraft,ALL,0.8387096774193549,0.0677671589921807,0.7878787878787878,78,677952
311,pitcher,21,15,Jaden Hill,ALL,0.9333333333333333,0.04501607717041801,0.6666666666666666,14,677955
1186,pitcher,60,58,Kumar Rocker,ALL,0.896551724137931,0.04384485666104553,0.8666666666666667,52,677958
1256,pitcher,109,105,Ryan Weathers,ALL,0.780952380952381,0.06528662420382166,0.7522935779816514,82,677960
260,pitcher,18,15,Cole Wilcox,ALL,0.6,0.03461538461538462,0.5,9,677961
576,pitcher,38,38,Randy Dobnak,ALL,0.8947368421052632,0.059027777777777776,0.8947368421052632,34,677976
240,pitcher,9,8,Seth Halvorsen,ALL,0.75,0.025,0.6666666666666666,6,678020
951,pitcher,67,65,Jack Perkins,ALL,0.676923076923077,0.046267087276550996,0.6567164179104478,44,678022
59,pitcher,6,5,Ray Kerr,ALL,1.0,0.0847457627118644,0.8333333333333334,5,678061
91,pitcher,6,6,Valente Bellozo,ALL,0.6666666666666666,0.04395604395604396,0.6666666666666666,4,678368
22,pitcher,3,0,Jorbit Vivas,ALL,,0.0,0.0,0,678391
878,pitcher,54,54,Brayan Bello,ALL,0.7592592592592593,0.04669703872437358,0.7592592592592593,41,678394
38,pitcher,1,1,Wilkin Ramos,ALL,1.0,0.02631578947368421,1.0,1,678576
481,pitcher,33,28,José A. Ferrer,ALL,0.6785714285714286,0.0395010395010395,0.5757575757575758,19,678606
89,pitcher,11,10,Eddy Yean,ALL,0.7,0.07865168539325842,0.6363636363636364,7,678868
697,pitcher,48,47,Kai-Wei Teng,ALL,0.851063829787234,0.05738880918220947,0.8333333333333334,40,678906
381,pitcher,21,19,Eric Orze,ALL,0.5789473684210527,0.028871391076115485,0.5238095238095238,11,679358
199,pitcher,12,12,Kyle Backhus,ALL,0.6666666666666666,0.04020100502512563,0.6666666666666666,8,679775
743,pitcher,57,57,Luinder Avila,ALL,0.7368421052631579,0.05652759084791386,0.7368421052631579,42,679883
82,pitcher,9,8,Justin Martinez,ALL,0.75,0.07317073170731707,0.6666666666666666,6,679885
25,pitcher,1,1,Carlos Duran,ALL,1.0,0.04,1.0,1,679922
9,pitcher,2,0,Max Schuemann,ALL,,0.0,0.0,0,680474
752,pitcher,55,55,Grayson Rodriguez,ALL,0.7818181818181819,0.057180851063829786,0.7818181818181819,43,680570
668,pitcher,46,46,Simeon Woods Richardson,ALL,0.7608695652173914,0.05239520958083832,0.7608695652173914,35,680573
215,pitcher,10,9,Blas Castaño,ALL,0.6666666666666666,0.027906976744186046,0.6,6,680604
42,pitcher,3,3,Lyon Richardson,ALL,1.0,0.07142857142857142,1.0,3,680689
1399,pitcher,73,69,Kyle Bradish,ALL,0.8405797101449275,0.04145818441744103,0.7945205479452054,58,680694
78,pitcher,6,5,Joey Gerber,ALL,0.8,0.05128205128205128,0.6666666666666666,4,680702
93,pitcher,2,1,Nick Sandlin,ALL,1.0,0.010752688172043012,0.5,1,680704
128,pitcher,6,5,Drew Rom,ALL,0.4,0.015625,0.3333333333333333,2,680723
5,pitcher,2,0,Adrian Del Castillo,ALL,,0.0,0.0,0,680728
328,pitcher,16,14,Mitchell Parker,ALL,0.6428571428571429,0.027439024390243903,0.5625,9,680730
1318,pitcher,86,83,Sean Burke,ALL,0.6987951807228916,0.04400606980273141,0.6744186046511628,58,680732
1002,pitcher,72,70,Justin Wrobleski,ALL,0.8714285714285714,0.06087824351297405,0.8472222222222222,61,680736
451,pitcher,29,25,Jonathan Bowlan,ALL,0.72,0.03991130820399113,0.6206896551724138,18,680742
327,pitcher,25,23,Ty Madden,ALL,0.8695652173913043,0.06116207951070336,0.8,20,680744
642,pitcher,50,44,Braydon Fisher,ALL,0.7272727272727273,0.04984423676012461,0.64,32,680755
461,pitcher,26,24,Victor Vodnik,ALL,0.5416666666666666,0.028199566160520606,0.5,13,680767
294,pitcher,16,12,Ryan Weiss,ALL,0.8333333333333334,0.034013605442176874,0.625,10,680802
62,pitcher,3,3,Erik Tolman,ALL,0.6666666666666666,0.03225806451612903,0.6666666666666666,2,680899
214,pitcher,14,11,Franco Aleman,ALL,0.9090909090909091,0.04672897196261682,0.7142857142857143,10,680916
27,pitcher,0,0,Doug Nikhazy,ALL,,0.0,,0,680951
88,pitcher,6,6,Josh Simpson,ALL,1.0,0.06818181818181818,1.0,6,681006
901,pitcher,49,48,Christian Scott,ALL,0.7708333333333334,0.041065482796892344,0.7551020408163265,37,681035
25,pitcher,2,2,Tanner Andrews,ALL,0.5,0.04,0.5,1,681084
156,pitcher,14,10,Jayden Murray,ALL,0.8,0.05128205128205128,0.5714285714285714,8,681151
86,pitcher,6,3,Luis Curvelo,ALL,0.6666666666666666,0.023255813953488372,0.3333333333333333,2,681168
1022,pitcher,68,68,Randy Vásquez,ALL,0.7941176470588235,0.05283757338551859,0.7941176470588235,54,681190
517,pitcher,29,27,Chase Silseth,ALL,0.7037037037037037,0.0367504835589942,0.6551724137931034,19,681217
85,pitcher,5,2,Jack Anderson,ALL,1.0,0.023529411764705882,0.4,2,681252
1023,pitcher,63,62,Spencer Arrighetti,ALL,0.7741935483870968,0.0469208211143695,0.7619047619047619,48,681293
103,pitcher,11,11,Nate Lavender,ALL,0.7272727272727273,0.07766990291262135,0.7272727272727273,8,681320
128,pitcher,5,5,Shane Smith,ALL,0.4,0.015625,0.4,2,681343
791,pitcher,50,49,Mike Burrows,ALL,0.673469387755102,0.041719342604298354,0.66,33,681347
283,pitcher,31,23,Gus Varland,ALL,0.4782608695652174,0.038869257950530034,0.3548387096774194,11,681402
9,pitcher,0,0,Luke Little,ALL,,0.0,,0,681432
1168,pitcher,84,84,Kyle Leahy,ALL,0.8928571428571429,0.0642123287671233,0.8928571428571429,75,681517
11,pitcher,2,2,Antoine Kelly,ALL,1.0,0.18181818181818182,1.0,2,681520
110,pitcher,5,3,Wyatt Olds,ALL,0.6666666666666666,0.01818181818181818,0.4,2,681544
199,pitcher,7,6,Ryan Fernandez,ALL,0.8333333333333334,0.02512562814070352,0.7142857142857143,5,681676
126,pitcher,7,6,Lazaro Estrada,ALL,0.6666666666666666,0.031746031746031744,0.5714285714285714,4,681751
243,pitcher,17,16,Ethan Roberts,ALL,0.8125,0.053497942386831275,0.7647058823529411,13,681799
36,pitcher,4,2,Andrew Wantz,ALL,0.5,0.027777777777777776,0.25,1,681806
491,pitcher,33,32,Austin Warren,ALL,0.8125,0.05295315682281059,0.7878787878787878,26,681810
263,pitcher,15,11,Cooper Criswell,ALL,0.7272727272727273,0.030418250950570342,0.5333333333333333,8,681867
384,pitcher,29,26,Erik Sabrowski,ALL,0.6153846153846154,0.041666666666666664,0.5517241379310345,16,681870
445,pitcher,32,22,Kody Funderburk,ALL,0.7272727272727273,0.035955056179775284,0.5,16,681892
457,pitcher,32,26,Evan Sisk,ALL,0.8461538461538461,0.04814004376367615,0.6875,22,681895
478,pitcher,29,24,Alex Vesia,ALL,0.75,0.03765690376569038,0.6206896551724138,18,681911
297,pitcher,26,20,Dylan Smith,ALL,0.55,0.037037037037037035,0.4230769230769231,11,681916
469,pitcher,25,21,Grant Anderson,ALL,0.8095238095238095,0.03624733475479744,0.68,17,681982
1067,pitcher,91,90,Jacob Lopez,ALL,0.7222222222222222,0.06091846298031865,0.7142857142857143,65,682052
453,pitcher,19,18,Tim Herrin,ALL,0.7777777777777778,0.03090507726269316,0.7368421052631579,14,682120
381,pitcher,28,28,Brandon Williamson,ALL,0.9285714285714286,0.06824146981627296,0.9285714285714286,26,682227
731,pitcher,38,33,Bryce Miller,ALL,0.8181818181818182,0.036935704514363885,0.7105263157894737,27,682243
520,pitcher,23,23,Mason Montgomery,ALL,0.6086956521739131,0.026923076923076925,0.6086956521739131,14,682254
68,pitcher,4,3,Yaramil Hiraldo,ALL,1.0,0.04411764705882353,0.75,3,682274
68,pitcher,2,1,Domingo Gonzalez,ALL,1.0,0.014705882352941176,0.5,1,682445
462,pitcher,33,33,Peyton Gray,ALL,0.6666666666666666,0.047619047619047616,0.6666666666666666,22,682608
66,pitcher,4,4,Roddery Muñoz,ALL,1.0,0.06060606060606061,1.0,4,682610
18,pitcher,6,0,Luisangel Acuña,ALL,,0.0,0.0,0,682668
15,pitcher,4,0,Eiberson Castellano,ALL,,0.0,0.0,0,682769
309,pitcher,22,21,Luis Mey,ALL,0.7142857142857143,0.04854368932038835,0.6818181818181818,15,682825
467,pitcher,42,29,Abner Uribe,ALL,0.7241379310344828,0.044967880085653104,0.5,21,682842
94,pitcher,9,6,Daniel Espino,ALL,0.8333333333333334,0.05319148936170213,0.5555555555555556,5,682982
246,pitcher,13,12,Victor Mederos,ALL,0.6666666666666666,0.032520325203252036,0.6153846153846154,8,682989
214,pitcher,22,19,Hunter Barco,ALL,0.9473684210526315,0.08411214953271028,0.8181818181818182,18,682995
34,pitcher,3,0,Tyler Callihan,ALL,,0.0,0.0,0,682997
255,pitcher,21,18,Riley Cornelio,ALL,0.7222222222222222,0.050980392156862744,0.6190476190476191,13,683000
679,pitcher,41,41,Jared Jones,ALL,0.7073170731707317,0.042709867452135494,0.7073170731707317,29,683003
724,pitcher,42,41,Jack Leiter,ALL,0.6829268292682927,0.03867403314917127,0.6666666666666666,28,683004
34,pitcher,4,4,Joey Estes,ALL,0.75,0.08823529411764706,0.75,3,683155
323,pitcher,19,18,Connor Phillips,ALL,0.7222222222222222,0.04024767801857585,0.6842105263157895,13,683175
191,pitcher,18,16,Nick Mears,ALL,0.75,0.06282722513089005,0.6666666666666666,12,683232
382,pitcher,31,30,Mitch Bratt,ALL,0.7333333333333333,0.05759162303664921,0.7096774193548387,22,683352
146,pitcher,18,18,Matt Wilkinson,ALL,0.7777777777777778,0.0958904109589041,0.7777777777777778,14,683363
140,pitcher,5,2,Angel Chivilli,ALL,0.0,0.0,0.0,0,683409
470,pitcher,28,24,Edgardo Henriquez,ALL,0.75,0.03829787234042553,0.6428571428571429,18,683618
142,pitcher,5,5,Anthony Molina,ALL,1.0,0.035211267605633804,1.0,5,683627
54,pitcher,11,0,Andrew Vaughn,ALL,,0.0,0.0,0,683734
193,pitcher,8,8,Jose Franco,ALL,0.625,0.025906735751295335,0.625,5,683742
16,pitcher,3,0,Christian Koss,ALL,,0.0,0.0,0,683766
409,pitcher,20,17,Hunter Gaddis,ALL,0.7058823529411765,0.029339853300733496,0.6,12,683769
1207,pitcher,73,72,Shota Imanaga,ALL,0.875,0.05219552609776305,0.863013698630137,63,684007
165,pitcher,9,8,Brandan Bidois,ALL,0.875,0.04242424242424243,0.7777777777777778,7,684049
101,pitcher,11,11,Yariel Rodríguez,ALL,0.7272727272727273,0.07920792079207921,0.7272727272727273,8,684320
210,pitcher,14,14,Kohl Drake,ALL,0.6428571428571429,0.04285714285714286,0.6428571428571429,9,684442
20,pitcher,0,0,Hancel Rincon,ALL,,0.0,,0,684516
151,pitcher,3,2,Luke Murphy,ALL,0.5,0.006622516556291391,0.3333333333333333,1,684665
301,pitcher,14,11,Craig Yoho,ALL,0.6363636363636364,0.023255813953488372,0.5,7,684974
94,pitcher,8,7,Christian Roa,ALL,1.0,0.07446808510638298,0.875,7,685005
91,pitcher,7,5,Zach McCambley,ALL,0.8,0.04395604395604396,0.5714285714285714,4,685112
378,pitcher,23,22,Brandon Eisert,ALL,0.7727272727272727,0.04497354497354497,0.7391304347826086,17,685126
664,pitcher,49,46,Tanner Gordon,ALL,0.7391304347826086,0.05120481927710843,0.6938775510204082,34,685299
66,pitcher,7,7,Cade Winquest,ALL,0.7142857142857143,0.07575757575757576,0.7142857142857143,5,685464
180,pitcher,16,15,Hunter Bigge,ALL,0.6,0.05,0.5625,9,685801
876,pitcher,54,54,Emmet Sheehan,ALL,0.7592592592592593,0.04680365296803653,0.7592592592592593,41,686218
23,pitcher,3,3,Juan Burgos,ALL,1.0,0.13043478260869565,1.0,3,686228
69,pitcher,19,0,Tyler Tolbert,ALL,,0.0,0.0,0,686475
274,pitcher,15,15,Gavin Collyer,ALL,0.8666666666666667,0.04744525547445255,0.8666666666666667,13,686560
40,pitcher,2,2,Jonathan Cannon,ALL,1.0,0.05,1.0,2,686563
250,pitcher,16,15,Justin Slaten,ALL,0.8,0.048,0.75,12,686580
86,pitcher,4,4,Ken Waldichuk,ALL,0.75,0.03488372093023256,0.75,3,686610
918,pitcher,69,68,Hunter Brown,ALL,0.7794117647058824,0.05773420479302832,0.7681159420289855,53,686613
13,pitcher,1,1,Blake Burkhalter,ALL,1.0,0.07692307692307693,1.0,1,686628
36,pitcher,2,1,Chase Solesky,ALL,1.0,0.027777777777777776,0.5,1,686678
6,pitcher,0,0,Joe La Sorsa,ALL,,0.0,,0,686747
244,pitcher,12,11,Seth Johnson,ALL,0.7272727272727273,0.03278688524590164,0.6666666666666666,8,686751
161,pitcher,8,8,Drey Jameson,ALL,0.5,0.024844720496894408,0.5,4,686753
6,pitcher,2,0,Pedro Pagés,ALL,,0.0,0.0,0,686780
619,pitcher,38,37,Trevor McDonald,ALL,0.8108108108108109,0.048465266558966075,0.7894736842105263,30,686790
27,pitcher,2,2,Blake Walston,ALL,1.0,0.07407407407407407,1.0,2,686796
601,pitcher,41,41,Jack Kochanowicz,ALL,0.8536585365853658,0.05823627287853577,0.8536585365853658,35,686799
26,pitcher,7,0,Joey Wiemer,ALL,,0.0,0.0,0,686894
417,pitcher,20,19,Mason Barnett,ALL,0.631578947368421,0.02877697841726619,0.6,12,686930
100,pitcher,4,3,Alex McFarlane,ALL,0.6666666666666666,0.02,0.5,2,686934
550,pitcher,33,26,Louis Varland,ALL,0.5769230769230769,0.02727272727272727,0.45454545454545453,15,686973
348,pitcher,22,17,Justin Sterner,ALL,0.8235294117647058,0.040229885057471264,0.6363636363636364,14,686993
20,pitcher,2,0,Blake Adams,ALL,,0.0,0.0,0,687060
1131,pitcher,64,64,Brandon Young,ALL,0.890625,0.050397877984084884,0.890625,57,687064
944,pitcher,63,61,Brandon Sproat,ALL,0.7213114754098361,0.046610169491525424,0.6984126984126984,44,687075
52,pitcher,2,2,Bradley Blalock,ALL,1.0,0.038461538461538464,1.0,2,687134
165,pitcher,11,10,Zach Maxwell,ALL,0.8,0.048484848484848485,0.7272727272727273,8,687209
159,pitcher,10,9,Carson Palmquist,ALL,0.7777777777777778,0.0440251572327044,0.7,7,687223
135,pitcher,6,3,Ben Peoples,ALL,0.6666666666666666,0.014814814814814815,0.3333333333333333,2,687239
326,pitcher,15,15,Quinn Mathews,ALL,1.0,0.046012269938650305,1.0,15,687273
28,pitcher,1,1,Patrick Monteverde,ALL,1.0,0.03571428571428571,1.0,1,687287
23,pitcher,3,3,Cooper Hjerpe,ALL,0.6666666666666666,0.08695652173913043,0.6666666666666666,2,687309
510,pitcher,23,20,Gabriel Hughes,ALL,0.65,0.025490196078431372,0.5652173913043478,13,687312
455,pitcher,28,26,Kevin Kelly,ALL,0.6153846153846154,0.035164835164835165,0.5714285714285714,16,687330
364,pitcher,18,17,Orlando Ribalta,ALL,0.8235294117647058,0.038461538461538464,0.7777777777777778,14,687377
537,pitcher,33,27,Brent Headrick,ALL,0.7037037037037037,0.035381750465549346,0.5757575757575758,19,687396
587,pitcher,47,45,Ryan Gusto,ALL,0.5777777777777777,0.044293015332197615,0.5531914893617021,26,687473
106,pitcher,8,6,William Kempner,ALL,0.5,0.02830188679245283,0.375,3,687531
675,pitcher,53,53,Jake Bennett,ALL,0.8301886792452831,0.06518518518518518,0.8301886792452831,44,687562
956,pitcher,66,66,Connor Prielipp,ALL,0.7575757575757576,0.05230125523012552,0.7575757575757576,50,687570
336,pitcher,28,23,Paxton Schultz,ALL,0.7391304347826086,0.050595238095238096,0.6071428571428571,17,687606
9,pitcher,1,0,Cameron Weston,ALL,,0.0,0.0,0,687721
110,pitcher,4,4,Mitch Spence,ALL,1.0,0.03636363636363636,1.0,4,687765
152,pitcher,10,6,Zak Kent,ALL,0.3333333333333333,0.013157894736842105,0.2,2,687849
15,pitcher,3,0,Troy Johnston,ALL,,0.0,0.0,0,687859
469,pitcher,39,29,Bryan King,ALL,0.7241379310344828,0.04477611940298507,0.5384615384615384,21,687911
336,pitcher,18,18,Carson Whisenhunt,ALL,0.7777777777777778,0.041666666666666664,0.7777777777777778,14,687931
176,pitcher,7,7,Alec Gamboa,ALL,0.7142857142857143,0.028409090909090908,0.7142857142857143,5,687941
30,pitcher,3,0,Josh White,ALL,,0.0,0.0,0,687985
758,pitcher,43,43,Robert Gasser,ALL,0.7441860465116279,0.04221635883905013,0.7441860465116279,32,688107
233,pitcher,20,19,David Morgan,ALL,0.7894736842105263,0.06437768240343347,0.75,15,688158
291,pitcher,17,15,Chris Roycroft,ALL,0.8666666666666667,0.044673539518900345,0.7647058823529411,13,688297
43,pitcher,2,2,Taylor Rashi,ALL,1.0,0.046511627906976744,1.0,2,688497
639,pitcher,33,29,Zach Agnos,ALL,0.8275862068965517,0.03755868544600939,0.7272727272727273,24,688642
41,pitcher,2,2,Jared Simpson,ALL,0.5,0.024390243902439025,0.5,1,688692
263,pitcher,13,10,Peyton Pallette,ALL,0.8,0.030418250950570342,0.6153846153846154,8,688883
65,pitcher,5,3,Landon Knack,ALL,1.0,0.046153846153846156,0.6,3,689017
569,pitcher,30,26,Orion Kerkering,ALL,0.8461538461538461,0.03866432337434095,0.7333333333333333,22,689147
99,pitcher,7,7,Chad Dallas,ALL,1.0,0.0707070707070707,1.0,7,689149
104,pitcher,9,7,Beau Brieske,ALL,0.42857142857142855,0.028846153846153848,0.3333333333333333,3,689225
481,pitcher,40,37,Mason Fluharty,ALL,0.7837837837837838,0.060291060291060294,0.725,29,689254
326,pitcher,18,18,Dylan Dodd,ALL,0.7777777777777778,0.04294478527607362,0.7777777777777778,14,689266
464,pitcher,25,22,Anthony Nunez,ALL,0.8636363636363636,0.040948275862068964,0.76,19,689296
141,pitcher,9,9,Coleman Crow,ALL,0.7777777777777778,0.04964539007092199,0.7777777777777778,7,689441
156,pitcher,10,8,Cody Laweryson,ALL,0.625,0.03205128205128205,0.5,5,689520
239,pitcher,16,14,Nick Davila,ALL,0.6428571428571429,0.03765690376569038,0.5625,9,689546
41,pitcher,1,1,Alek Jacob,ALL,0.0,0.0,0.0,0,689690
224,pitcher,10,10,David Sandlin,ALL,0.8,0.03571428571428571,0.8,8,689818
69,pitcher,7,2,Matt Pushard,ALL,1.0,0.028985507246376812,0.2857142857142857,2,690155
118,pitcher,8,8,Mason Adams,ALL,0.625,0.0423728813559322,0.625,5,690279
32,pitcher,3,2,Bradley Hanner,ALL,1.0,0.0625,0.6666666666666666,2,690440
105,pitcher,9,8,Ben Joyce,ALL,0.875,0.06666666666666667,0.7777777777777778,7,690829
433,pitcher,21,15,Clayton Beeter,ALL,0.6,0.020785219399538105,0.42857142857142855,9,690925
515,pitcher,28,26,Hunter Dobbins,ALL,0.7307692307692307,0.036893203883495145,0.6785714285714286,19,690928
177,pitcher,22,21,Mick Abel,ALL,0.7619047619047619,0.0903954802259887,0.7272727272727273,16,690953
199,pitcher,16,13,Dax Fulton,ALL,0.7692307692307693,0.05025125628140704,0.625,10,690978
1015,pitcher,85,82,Kyle Harrison,ALL,0.7439024390243902,0.060098522167487685,0.7176470588235294,61,690986
49,pitcher,2,2,Cade Horton,ALL,1.0,0.04081632653061224,1.0,2,690990
1471,pitcher,104,104,Nolan McLean,ALL,0.8269230769230769,0.05846363018354861,0.8269230769230769,86,690997
96,pitcher,4,4,Max Rajcic,ALL,0.75,0.03125,0.75,3,691008
70,pitcher,7,7,Luis Perales,ALL,0.8571428571428571,0.08571428571428572,0.8571428571428571,6,691384
28,pitcher,2,2,Rolddy Muñoz,ALL,0.5,0.03571428571428571,0.5,1,691548
1149,pitcher,59,58,Eury Pérez,ALL,0.6551724137931034,0.03307223672758921,0.6440677966101694,38,691587
33,pitcher,5,0,Javier Sanoja,ALL,,0.0,0.0,0,691594
938,pitcher,63,61,Andrew Painter,ALL,0.8032786885245902,0.05223880597014925,0.7777777777777778,49,691725
135,pitcher,3,3,Philip Abner,ALL,1.0,0.022222222222222223,1.0,3,691769
639,pitcher,43,37,Grant Taylor,ALL,0.4594594594594595,0.026604068857589983,0.3953488372093023,17,691799
66,pitcher,3,3,Carter Baumler,ALL,0.3333333333333333,0.015151515151515152,0.3333333333333333,1,691945
266,pitcher,17,17,George Klassen,ALL,0.5882352941176471,0.03759398496240601,0.5882352941176471,10,691946
330,pitcher,23,19,Sam Aldegheri,ALL,0.6842105263157895,0.03939393939393939,0.5652173913043478,13,691951
52,pitcher,2,2,Jose Corniell,ALL,0.0,0.0,0.0,0,692030
91,pitcher,3,3,Carlos Rodriguez,ALL,1.0,0.03296703296703297,1.0,3,692230
20,pitcher,1,0,Winston Santos,ALL,,0.0,0.0,0,692437
131,pitcher,8,6,Nick Frasso,ALL,0.6666666666666666,0.030534351145038167,0.5,4,693308
139,pitcher,6,4,Kyle Nicolas,ALL,1.0,0.02877697841726619,0.6666666666666666,4,693312
228,pitcher,9,9,Carson Seymour,ALL,0.7777777777777778,0.03070175438596491,0.7777777777777778,7,693313
1115,pitcher,68,68,Bryan Woo,ALL,0.7205882352941176,0.04394618834080718,0.7205882352941176,49,693433
1322,pitcher,78,77,Cam Schlittler,ALL,0.7402597402597403,0.04311649016641452,0.7307692307692307,57,693645
699,pitcher,52,48,Spencer Miles,ALL,0.8541666666666666,0.058655221745350504,0.7884615384615384,41,693686
23,pitcher,0,0,Emiliano Teodo,ALL,,0.0,,0,693713
1203,pitcher,97,97,Bryce Elder,ALL,0.8041237113402062,0.06483790523690773,0.8041237113402062,78,693821
924,pitcher,55,51,Ian Seymour,ALL,0.6862745098039216,0.03787878787878788,0.6363636363636364,35,693855
199,pitcher,10,10,Daniel Palencia,ALL,0.7,0.035175879396984924,0.7,7,694037
893,pitcher,63,60,Brandon Pfaadt,ALL,0.7833333333333333,0.05263157894736842,0.746031746031746,47,694297
402,pitcher,26,24,Matt Svanson,ALL,0.75,0.04477611940298507,0.6923076923076923,18,694335
86,pitcher,3,3,Brendan Beck,ALL,0.6666666666666666,0.023255813953488372,0.6666666666666666,2,694341
363,pitcher,26,26,Trey Gibson,ALL,0.6923076923076923,0.049586776859504134,0.6923076923076923,18,694346
30,pitcher,3,3,Zach Brzykcy,ALL,0.6666666666666666,0.06666666666666667,0.6666666666666666,2,694350
51,pitcher,2,2,Ricky Tiedemann,ALL,1.0,0.0392156862745098,1.0,2,694357
214,pitcher,17,12,Beck Way,ALL,0.75,0.04205607476635514,0.5294117647058824,9,694360
429,pitcher,17,15,Will Klein,ALL,0.6666666666666666,0.023310023310023312,0.5882352941176471,10,694361
100,pitcher,5,5,Jared Shuster,ALL,0.8,0.04,0.8,4,694363
58,pitcher,3,1,Marco Raya,ALL,1.0,0.017241379310344827,0.3333333333333333,1,694397
127,pitcher,7,7,Hurston Waldrep,ALL,0.5714285714285714,0.031496062992125984,0.5714285714285714,4,694462
836,pitcher,54,50,Chad Patrick,ALL,0.82,0.04904306220095694,0.7592592592592593,41,694477
18,pitcher,0,0,Ty Johnson,ALL,,0.0,,0,694494
83,pitcher,5,3,Chayce McDermott,ALL,1.0,0.03614457831325301,0.6,3,694646
118,pitcher,6,6,Trevor Martin,ALL,0.8333333333333334,0.0423728813559322,0.8333333333333334,5,694680
1476,pitcher,112,106,Landen Roupp,ALL,0.7264150943396226,0.0521680216802168,0.6875,77,694738
86,pitcher,5,4,Khristian Curtis,ALL,0.5,0.023255813953488372,0.4,2,694753
259,pitcher,10,8,Josh Ekness,ALL,0.625,0.019305019305019305,0.5,5,694795
1197,pitcher,71,68,Jacob Misiorowski,ALL,0.6764705882352942,0.03842940685045948,0.647887323943662,46,694819
21,pitcher,1,1,Braxton Roxby,ALL,0.0,0.0,0.0,0,694820
140,pitcher,14,14,Andrew Hoffmann,ALL,0.7857142857142857,0.07857142857142857,0.7857142857142857,11,694851
446,pitcher,35,35,Blade Tidwell,ALL,0.7428571428571429,0.05829596412556054,0.7428571428571429,26,694918
1275,pitcher,73,70,Paul Skenes,ALL,0.8,0.04392156862745098,0.7671232876712328,56,694973
130,pitcher,8,4,Alimber Santa,ALL,0.75,0.023076923076923078,0.375,3,695001
160,pitcher,8,8,Kade Morris,ALL,0.75,0.0375,0.75,6,695034
107,pitcher,7,7,Brett Kerry,ALL,0.8571428571428571,0.056074766355140186,0.8571428571428571,6,695049
1143,pitcher,58,58,Rhett Lowder,ALL,0.7758620689655172,0.03937007874015748,0.7758620689655172,45,695076
308,pitcher,26,19,Robby Ahlstrom,ALL,0.7368421052631579,0.045454545454545456,0.5384615384615384,14,695239
520,pitcher,31,23,Mason Miller,ALL,0.5217391304347826,0.023076923076923078,0.3870967741935484,12,695243
32,pitcher,3,2,Jack Sinclair,ALL,0.5,0.03125,0.3333333333333333,1,695378
354,pitcher,16,12,Alex Hoppe,ALL,0.75,0.025423728813559324,0.5625,9,695380
671,pitcher,47,40,Brad Lord,ALL,0.7,0.041728763040238454,0.5957446808510638,28,695418
78,pitcher,4,4,Chase Lee,ALL,1.0,0.05128205128205128,1.0,4,695445
1242,pitcher,69,66,Chase Burns,ALL,0.6666666666666666,0.03542673107890499,0.6376811594202898,44,695505
244,pitcher,16,14,Chase Petty,ALL,0.7857142857142857,0.045081967213114756,0.6875,11,695534
260,pitcher,20,20,Jackson Jobe,ALL,0.75,0.057692307692307696,0.75,15,695549
881,pitcher,52,52,Gage Jump,ALL,0.7884615384615384,0.046538024971623154,0.7884615384615384,41,695611
294,pitcher,11,11,Elmer Rodríguez,ALL,0.7272727272727273,0.027210884353741496,0.7272727272727273,8,695684
286,pitcher,19,15,Wilber Dotel,ALL,0.7333333333333333,0.038461538461538464,0.5789473684210527,11,696062
292,pitcher,12,11,Kendry Rojas,ALL,0.7272727272727273,0.0273972602739726,0.6666666666666666,8,696070
322,pitcher,23,20,Mason Black,ALL,0.65,0.040372670807453416,0.5652173913043478,13,696131
87,pitcher,7,7,Jordan Wicks,ALL,1.0,0.08045977011494253,1.0,7,696136
154,pitcher,15,15,Hagen Smith,ALL,0.7333333333333333,0.07142857142857142,0.7333333333333333,11,696146
423,pitcher,22,16,Sam Bachman,ALL,0.6875,0.026004728132387706,0.5,11,696147
1270,pitcher,67,67,Bubba Chandler,ALL,0.835820895522388,0.04409448818897638,0.835820895522388,56,696149
789,pitcher,54,54,Ryan Johnson,ALL,0.7777777777777778,0.053231939163498096,0.7777777777777778,42,696270
288,pitcher,17,14,Samy Natera Jr.,ALL,0.35714285714285715,0.017361111111111112,0.29411764705882354,5,696519
156,pitcher,9,9,Hayden Juenger,ALL,0.6666666666666666,0.038461538461538464,0.6666666666666666,6,696522
5,pitcher,0,0,Dylan Ross,ALL,,0.0,,0,697811
109,pitcher,5,5,Joe Rock,ALL,1.0,0.045871559633027525,1.0,5,697812
70,pitcher,2,2,Antwone Kelly,ALL,1.0,0.02857142857142857,1.0,2,699008
54,pitcher,2,1,Miguel Ullola,ALL,1.0,0.018518518518518517,0.5,1,699044
507,pitcher,35,31,Bradgley Rodriguez,ALL,0.7096774193548387,0.04339250493096647,0.6285714285714286,22,699134
80,pitcher,5,5,Jedixson Paez,ALL,0.6,0.0375,0.6,3,699151
228,pitcher,12,11,Tyler Davis,ALL,0.6363636363636364,0.03070175438596491,0.5833333333333334,7,699823
1389,pitcher,83,83,Michael McGreevy,ALL,0.7831325301204819,0.04679625629949604,0.7831325301204819,65,700241
288,pitcher,13,13,Cade Povich,ALL,1.0,0.04513888888888889,1.0,13,700249
73,pitcher,7,7,Yilber Díaz,ALL,0.8571428571428571,0.0821917808219178,0.8571428571428571,6,700270
24,pitcher,3,3,Welinton Herrera,ALL,1.0,0.125,1.0,3,700327
204,pitcher,15,15,AJ Smith-Shawver,ALL,0.6666666666666666,0.049019607843137254,0.6666666666666666,10,700363
19,pitcher,0,0,Tyler Uberstine,ALL,,0.0,,0,700413
596,pitcher,32,29,Gordon Graceffo,ALL,0.7241379310344828,0.03523489932885906,0.65625,21,700669
1184,pitcher,73,71,Walbert Ureña,ALL,0.8591549295774648,0.05152027027027027,0.8356164383561644,61,700712
114,pitcher,5,5,Eduardo Rivera,ALL,0.6,0.02631578947368421,0.6,3,700842
40,pitcher,1,1,Logan VanWey,ALL,0.0,0.0,0.0,0,701121
15,pitcher,0,0,Duncan Davitt,ALL,,0.0,,0,701474
418,pitcher,25,22,Travis Adams,ALL,0.8636363636363636,0.045454545454545456,0.76,19,701519
1341,pitcher,99,94,Will Warren,ALL,0.723404255319149,0.05070842654735272,0.6868686868686869,68,701542
123,pitcher,10,9,Andre Granillo,ALL,0.6666666666666666,0.04878048780487805,0.6,6,701552
623,pitcher,30,29,Logan Henderson,ALL,0.7241379310344828,0.033707865168539325,0.7,21,701656
173,pitcher,7,6,Tyler Samaniego,ALL,0.8333333333333334,0.028901734104046242,0.7142857142857143,5,701719
18,pitcher,2,2,Tanner McDougal,ALL,0.0,0.0,0.0,0,701780
298,pitcher,19,14,Will Dion,ALL,0.7857142857142857,0.03691275167785235,0.5789473684210527,11,702021
43,pitcher,1,1,Alex Cook,ALL,1.0,0.023255813953488372,1.0,1,702047
814,pitcher,41,41,Trey Yesavage,ALL,0.7073170731707317,0.03562653562653563,0.7073170731707317,29,702056
1358,pitcher,90,88,Noah Cameron,ALL,0.75,0.048600883652430045,0.7333333333333333,66,702070
53,pitcher,7,4,Brian Fitzpatrick,ALL,1.0,0.07547169811320754,0.5714285714285714,4,702153
589,pitcher,38,31,Andrew Morris,ALL,0.8387096774193549,0.044142614601018676,0.6842105263157895,26,702193
629,pitcher,45,44,Noah Schultz,ALL,0.75,0.05246422893481717,0.7333333333333333,33,702273
598,pitcher,39,31,JR Ritchie,ALL,0.8064516129032258,0.04180602006688963,0.6410256410256411,25,702275
44,pitcher,2,2,Robby Snelling,ALL,0.5,0.022727272727272728,0.5,1,702281
59,pitcher,6,6,Riley Martin,ALL,0.5,0.05084745762711865,0.5,3,702303
73,pitcher,9,7,Spencer Bivens,ALL,0.8571428571428571,0.0821917808219178,0.6666666666666666,6,702352
274,pitcher,17,17,Mike Paredes,ALL,0.7058823529411765,0.043795620437956206,0.7058823529411765,12,702474
45,pitcher,2,2,Owen Murphy,ALL,0.5,0.022222222222222223,0.5,1,702566
248,pitcher,11,10,Jonathan Pintaro,ALL,0.8,0.03225806451612903,0.7272727272727273,8,702752
66,pitcher,3,3,Cesar Perdomo,ALL,1.0,0.045454545454545456,1.0,3,702885
234,pitcher,11,11,Jose Cabrera,ALL,0.7272727272727273,0.03418803418803419,0.7272727272727273,8,703615
249,pitcher,15,12,Luis Gastelum,ALL,0.8333333333333334,0.040160642570281124,0.6666666666666666,10,703725
1346,pitcher,73,71,Parker Messick,ALL,0.8450704225352113,0.04457652303120357,0.821917808219178,60,800048
509,pitcher,37,35,Didier Fuentes,ALL,0.6571428571428571,0.04518664047151277,0.6216216216216216,23,800311
282,pitcher,20,20,Jackson Kent,ALL,0.95,0.0673758865248227,0.95,19,800600
937,pitcher,67,67,Payton Tolle,ALL,0.8208955223880597,0.05869797225186766,0.8208955223880597,55,801139
383,pitcher,24,24,Chase Dollander,ALL,0.7083333333333334,0.044386422976501305,0.7083333333333334,17,801403
74,pitcher,4,2,Paul Gervase,ALL,1.0,0.02702702702702703,0.5,2,801434
32,pitcher,2,2,Luis De León,ALL,0.5,0.03125,0.5,1,801725
107,pitcher,6,6,Brycen Mautz,ALL,1.0,0.056074766355140186,1.0,6,802408
482,pitcher,37,37,Zac Thornton,ALL,0.7297297297297297,0.056016597510373446,0.7297297297297297,27,804267
43,pitcher,4,4,John Klein,ALL,1.0,0.09302325581395349,1.0,4,804619
134,pitcher,9,8,Jonah Tong,ALL,1.0,0.05970149253731343,0.8888888888888888,8,804636
2,pitcher,1,0,Rafael Flores Jr.,ALL,,0.0,0.0,0,804668
17,pitcher,0,0,Austin Peterson,ALL,,0.0,,0,804926
75,pitcher,2,2,Yunior Marte,ALL,0.5,0.013333333333333334,0.5,1,805074
766,pitcher,48,38,AJ Blubaugh,ALL,0.7631578947368421,0.037859007832898174,0.6041666666666666,29,805123
332,pitcher,28,27,Brandyn Garcia,ALL,0.6666666666666666,0.05421686746987952,0.6428571428571429,18,805299
258,pitcher,14,13,Tyler Schweitzer,ALL,0.6923076923076923,0.03488372093023256,0.6428571428571429,9,805326
160,pitcher,11,11,Trent Harris,ALL,0.6363636363636364,0.04375,0.6363636363636364,7,805345
276,pitcher,15,15,Drew Sommers,ALL,0.6666666666666666,0.036231884057971016,0.6666666666666666,10,805427
1007,pitcher,73,72,Zebby Matthews,ALL,0.6111111111111112,0.04369414101290963,0.6027397260273972,44,805673
425,pitcher,28,27,Cade Gibson,ALL,0.6296296296296297,0.04,0.6071428571428571,17,806188
194,pitcher,5,5,Luis Morales,ALL,0.8,0.020618556701030927,0.8,4,806960
155,pitcher,19,19,Kade Anderson,ALL,0.9473684210526315,0.11612903225806452,0.9473684210526315,18,807739
212,pitcher,13,13,Sean Sullivan,ALL,0.6923076923076923,0.04245283018867924,0.6923076923076923,9,807743
115,pitcher,5,5,Andrew Sears,ALL,1.0,0.043478260869565216,1.0,5,808825
1017,pitcher,55,54,Roki Sasaki,ALL,0.8148148148148148,0.043264503441494594,0.8,44,808963
1288,pitcher,96,95,Yoshinobu Yamamoto,ALL,0.7578947368421053,0.055900621118012424,0.75,72,808967
42,pitcher,3,2,Woo-Suk Go,ALL,0.5,0.023809523809523808,0.3333333333333333,1,808970
29,pitcher,6,0,Ben Williamson,ALL,,0.0,0.0,0,810938
802,pitcher,57,55,Connelly Early,ALL,0.8727272727272727,0.059850374064837904,0.8421052631578947,48,813349
91,pitcher,11,11,Yunior Tur,ALL,0.6363636363636364,0.07692307692307693,0.6363636363636364,7,814305
192,pitcher,15,15,Ethan Pecko,ALL,0.8,0.0625,0.8,12,814490
107,pitcher,11,9,Mark Manfredi,ALL,0.4444444444444444,0.037383177570093455,0.36363636363636365,4,815081
473,pitcher,29,28,Mitch Farris,ALL,0.8571428571428571,0.0507399577167019,0.8275862068965517,24,815083
455,pitcher,30,25,José Fermin,ALL,0.84,0.046153846153846156,0.7,21,820862
788,pitcher,54,50,Tatsuya Imai,ALL,0.7,0.044416243654822336,0.6481481481481481,35,837227
4181,umpire,267,255,Lance Barksdale,ALL,0.7294117647058823,0.04448696484094714,0.6966292134831461,186,427013
369,umpire,32,21,CB Bucknor,ALL,0.6666666666666666,0.037940379403794036,0.4375,14,427044
4218,umpire,304,288,Laz Diaz,ALL,0.7465277777777778,0.05097202465623518,0.7072368421052632,215,427113
4069,umpire,299,271,Rob Drake,ALL,0.7564575645756457,0.05038092897517818,0.68561872909699,205,427128
3992,umpire,304,292,Bruce Dreckman,ALL,0.7636986301369864,0.05586172344689379,0.7335526315789473,223,427129
4233,umpire,289,268,Doug Eddings,ALL,0.7388059701492538,0.04677533664068037,0.6851211072664359,198,427139
3106,umpire,234,227,Andy Fletcher,ALL,0.6872246696035242,0.050225370251126854,0.6666666666666666,156,427164
4147,umpire,274,239,Chris Guccione,ALL,0.7071129707112971,0.04075235109717868,0.6167883211678832,169,427197
3115,umpire,213,199,Marvin Hudson,ALL,0.7587939698492462,0.048475120385232745,0.7089201877934272,151,427243
4394,umpire,326,302,Dan Iassogna,ALL,0.7152317880794702,0.04915794264906691,0.6625766871165644,216,427248
3263,umpire,257,243,Ron Kulpa,ALL,0.7901234567901234,0.058841556849524974,0.7470817120622568,192,427292
4099,umpire,280,257,Alfonso Márquez,ALL,0.7276264591439688,0.04562088314222981,0.6678571428571428,187,427315
4183,umpire,277,269,Bill Miller,ALL,0.7286245353159851,0.04685632321300502,0.7075812274368231,196,427344
2404,umpire,177,167,Brian O'Nora,ALL,0.7664670658682635,0.05324459234608985,0.7231638418079096,128,427366
4263,umpire,253,237,Mark Wegner,ALL,0.7679324894514767,0.042692939244663386,0.7193675889328063,182,427533
4340,umpire,322,293,Hunter Wendelstedt,ALL,0.6791808873720137,0.04585253456221198,0.6180124223602484,199,427537
3948,umpire,259,241,Jim Wolf,ALL,0.7178423236514523,0.04381965552178318,0.667953667953668,173,427554
4247,umpire,264,239,James Hoye,ALL,0.7322175732217573,0.041205556863668474,0.6628787878787878,175,428442
4113,umpire,262,248,Todd Tichenor,ALL,0.7620967741935484,0.045951859956236324,0.7213740458015268,189,429805
3924,umpire,281,255,Chad Fairchild,ALL,0.788235294117647,0.05122324159021407,0.7153024911032029,201,431232
3829,umpire,252,229,Scott Barry,ALL,0.7729257641921398,0.04622616871245756,0.7023809523809523,177,482608
4011,umpire,223,210,Chris Conroy,ALL,0.7523809523809524,0.0393916728995263,0.7085201793721974,158,482620
4041,umpire,302,289,Mike Estabrook,ALL,0.726643598615917,0.05196733481811433,0.695364238410596,210,482631
3337,umpire,258,227,Adrian Johnson,ALL,0.6872246696035242,0.04674857656577765,0.6046511627906976,156,482641
3789,umpire,247,233,David Rackley,ALL,0.8111587982832618,0.0498812351543943,0.7651821862348178,189,482663
3460,umpire,227,215,D.J. Reyburn,ALL,0.772093023255814,0.04797687861271676,0.7312775330396476,166,482666
4407,umpire,302,287,Lance Barrett,ALL,0.6933797909407665,0.04515543453596551,0.6589403973509934,199,483561
4147,umpire,275,272,Dan Bellino,ALL,0.7316176470588235,0.04798649626235833,0.7236363636363636,199,483564
4818,umpire,297,265,Vic Carapazza,ALL,0.7773584905660378,0.042756330427563306,0.6936026936026936,206,483569
3875,umpire,227,217,John Tumpane,ALL,0.7050691244239631,0.03948387096774193,0.6740088105726872,153,483630
4525,umpire,288,273,Mike Muchlinski,ALL,0.8021978021978022,0.04839779005524862,0.7604166666666666,219,483912
4398,umpire,220,201,Mark Ripperger,ALL,0.7313432835820896,0.03342428376534789,0.6681818181818182,147,483919
3720,umpire,248,233,Cory Blaser,ALL,0.6995708154506438,0.04381720430107527,0.657258064516129,163,484183
3939,umpire,260,242,Alan Porter,ALL,0.7231404958677686,0.04442751967504443,0.6730769230769231,175,484198
3971,umpire,294,273,Manny Gonzalez,ALL,0.7032967032967034,0.04835054142533367,0.6530612244897959,192,484499
2477,umpire,166,148,Jonathan Parra,ALL,0.7905405405405406,0.04723455793298345,0.7048192771084337,117,485856
3663,umpire,251,224,Chad Whitson,ALL,0.7455357142857143,0.04559104559104559,0.6653386454183267,167,489985
3775,umpire,252,239,Jordan Baker,ALL,0.7489539748953975,0.047417218543046355,0.7103174603174603,179,490319
4478,umpire,253,244,Adam Hamari,ALL,0.8237704918032787,0.04488610987047789,0.7944664031620553,201,503077
3849,umpire,277,257,Chris Segal,ALL,0.7237354085603113,0.048324240062353856,0.6714801444043321,186,503490
4033,umpire,308,278,Sean Barber,ALL,0.7050359712230215,0.0485990577733697,0.6363636363636364,196,503493
3312,umpire,234,216,Ryan Blakney,ALL,0.7361111111111112,0.04800724637681159,0.6794871794871795,159,503502
4262,umpire,248,231,Tripp Gibson,ALL,0.7575757575757576,0.041060534960112624,0.7056451612903226,175,503586
4425,umpire,271,238,Will Little,ALL,0.7310924369747899,0.03932203389830508,0.6420664206642066,174,504381
4293,umpire,264,257,Quinn Wolcott,ALL,0.7859922178988327,0.047053342650826925,0.7651515151515151,202,511890
3794,umpire,273,241,Nick Mahrley,ALL,0.8174273858921162,0.051924090669478125,0.7216117216117216,197,521051
3954,umpire,253,235,Ben May,ALL,0.7872340425531915,0.04678806272129489,0.7312252964426877,185,521251
4130,umpire,302,277,Stu Scheurwater,ALL,0.7220216606498195,0.048426150121065374,0.6622516556291391,200,521889
4428,umpire,283,238,Nic Lentz,ALL,0.7605042016806722,0.040876242095754294,0.6395759717314488,181,544728
2247,umpire,175,149,John Bacon,ALL,0.697986577181208,0.046283934134401426,0.5942857142857143,104,545402
3678,umpire,260,245,Carlos Torres,ALL,0.8122448979591836,0.05410549211528004,0.7653846153846153,199,547380
3868,umpire,209,204,Edwin Moscoso,ALL,0.696078431372549,0.03671147880041365,0.6794258373205742,142,554242
3902,umpire,215,209,Gabe Morales,ALL,0.7703349282296651,0.041260891850333166,0.7488372093023256,161,573597
3764,umpire,238,221,Shane Livensparger,ALL,0.7647058823529411,0.0448990435706695,0.7100840336134454,169,575629
3824,umpire,272,255,Roberto Ortiz,ALL,0.7333333333333333,0.04890167364016736,0.6875,187,577468
3586,umpire,226,213,Ramon De Jesus,ALL,0.7136150234741784,0.042387060791968766,0.672566371681416,152,594151
3580,umpire,176,163,Jansen Visconti,ALL,0.7852760736196319,0.035754189944134075,0.7272727272727273,128,596740
3928,umpire,234,213,John Libka,ALL,0.784037558685446,0.042515274949083505,0.7136752136752137,167,596805
4317,umpire,270,236,Ryan Additon,ALL,0.7669491525423728,0.04192726430391475,0.6703703703703704,181,596809
4439,umpire,240,221,Nestor Ceja,ALL,0.755656108597285,0.037621085830141926,0.6958333333333333,167,598411
4195,umpire,256,234,Dan Merzel,ALL,0.7307692307692307,0.040762812872467226,0.66796875,171,605670
3392,umpire,241,220,Charlie Ramos,ALL,0.6863636363636364,0.044516509433962265,0.6265560165975104,151,605671
3327,umpire,196,171,Jeremie Rehak,ALL,0.7251461988304093,0.037270814547640516,0.6326530612244898,124,605672
3811,umpire,224,212,Alex Tosi,ALL,0.7735849056603774,0.04303332458672265,0.7321428571428571,164,605673
4170,umpire,282,258,Ryan Wills,ALL,0.7558139534883721,0.046762589928057555,0.6914893617021277,195,605674
3982,umpire,260,239,Paul Clemons,ALL,0.7656903765690377,0.045956805625313915,0.7038461538461539,183,607884
3555,umpire,203,199,Junior Valentine,ALL,0.7638190954773869,0.04275668073136427,0.7487684729064039,152,608093
4167,umpire,236,221,Nate Tomlinson,ALL,0.7873303167420814,0.04175665946724262,0.7372881355932204,174,608158
3976,umpire,267,228,Emil Jimenez,ALL,0.7587719298245614,0.04351106639839034,0.6479400749063671,173,621660
4250,umpire,251,229,Erich Bacchus,ALL,0.8253275109170306,0.044470588235294116,0.7529880478087649,189,623938
3980,umpire,231,224,Alex MacKay,ALL,0.7232142857142857,0.0407035175879397,0.7012987012987013,162,623945
4642,umpire,337,300,Malachi Moore,ALL,0.7333333333333333,0.04739336492890995,0.6528189910979229,220,623946
3960,umpire,274,261,Clint Vondrak,ALL,0.7624521072796935,0.05025252525252525,0.7262773722627737,199,623949
4112,umpire,289,268,Brennan Miller,ALL,0.7723880597014925,0.05034046692607004,0.7162629757785467,207,639723
4160,umpire,266,261,Adam Beck,ALL,0.7739463601532567,0.04855769230769231,0.7593984962406015,202,644760
2948,umpire,204,174,Jacob Metz,ALL,0.7241379310344828,0.042740841248303935,0.6176470588235294,126,658082
3040,umpire,170,149,Derek Thomas,ALL,0.7919463087248322,0.03881578947368421,0.6941176470588235,118,658292
3348,umpire,184,165,Tyler Jones,ALL,0.6424242424242425,0.031660692951015534,0.5760869565217391,106,658325
2720,umpire,155,132,Austin Jones,ALL,0.7878787878787878,0.03823529411764706,0.6709677419354839,104,658536
2179,umpire,136,121,Edwin Jimenez,ALL,0.768595041322314,0.04268012849931161,0.6838235294117647,93,664263
3732,umpire,231,212,Brian Walsh,ALL,0.6745283018867925,0.03831725616291533,0.6190476190476191,143,665281
3964,umpire,247,226,Tom Hanahan,ALL,0.7300884955752213,0.04162462159434914,0.6680161943319838,165,665297
3170,umpire,179,161,Dexter Kelley,ALL,0.7515527950310559,0.038170347003154574,0.6759776536312849,121,665298
2349,umpire,126,114,Louie Krupa,ALL,0.7719298245614035,0.037462750106428265,0.6984126984126984,88,665299
1326,umpire,61,56,Dillon Wilson,ALL,0.875,0.03695324283559578,0.8032786885245902,49,665302
3026,umpire,201,182,Brock Ballou,ALL,0.6978021978021978,0.04196959682749504,0.6318407960199005,127,665576
1846,umpire,148,137,Jen Pawol,ALL,0.7372262773722628,0.05471289274106175,0.6824324324324325,101,668921
2429,umpire,141,131,Steven Jaschinski,ALL,0.7786259541984732,0.04199258954302182,0.723404255319149,102,676580
3559,umpire,218,198,James Jean,ALL,0.797979797979798,0.04439449283506603,0.7247706422018348,158,676581
1054,umpire,78,73,Felix Neon,ALL,0.6164383561643836,0.04269449715370019,0.5769230769230769,45,681849
4845,umpire,295,279,Willie Traynor,ALL,0.7706093189964157,0.04437564499484004,0.7288135593220338,215,691042
62463,base_state,6958,6467,,OFFENSE,0.8164527601670017,0.08453004178473657,0.7588387467663121,5280,000
1817,base_state,237,215,,OFFENSE,0.8186046511627907,0.09686296092460099,0.7426160337552743,176,001
6898,base_state,837,774,,OFFENSE,0.7661498708010336,0.08596694694114236,0.7084826762246117,593,010
1538,base_state,196,181,,OFFENSE,0.7071823204419889,0.08322496749024708,0.6530612244897959,128,011
19650,base_state,2195,1987,,OFFENSE,0.8122798188223452,0.08213740458015267,0.7353075170842824,1614,100
2479,base_state,260,234,,OFFENSE,0.7692307692307693,0.07260992335619201,0.6923076923076923,180,101
6678,base_state,757,668,,OFFENSE,0.75,0.07502246181491465,0.6618229854689565,501,110
2245,base_state,264,229,,OFFENSE,0.7510917030567685,0.07661469933184856,0.6515151515151515,172,111
51,batter,5,5,Andrew McCutchen,OFFENSE,0.4,0.0392156862745098,0.4,2,457705
16,batter,2,2,Carlos Santana,OFFENSE,1.0,0.125,1.0,2,467793
125,batter,21,20,Miguel Rojas,OFFENSE,0.7,0.112,0.6666666666666666,14,500743
13,batter,0,0,Tommy Pham,OFFENSE,,0.0,,0,502054
260,batter,38,36,Paul Goldschmidt,OFFENSE,0.9722222222222222,0.1346153846153846,0.9210526315789473,35,502671
32,batter,5,4,Sandy León,OFFENSE,1.0,0.125,0.8,4,506702
311,batter,47,43,Jose Altuve,OFFENSE,0.5348837209302325,0.07395498392282958,0.48936170212765956,23,514888
101,batter,12,11,Starling Marte,OFFENSE,0.8181818181818182,0.0891089108910891,0.75,9,516782
46,batter,2,2,Travis d'Arnaud,OFFENSE,1.0,0.043478260869565216,1.0,2,518595
275,batter,35,35,Freddie Freeman,OFFENSE,0.8571428571428571,0.10909090909090909,0.8571428571428571,30,518692
65,batter,5,4,Giancarlo Stanton,OFFENSE,0.75,0.046153846153846156,0.6,3,519317
258,batter,27,26,Salvador Perez,OFFENSE,0.6923076923076923,0.06976744186046512,0.6666666666666666,18,521692
241,batter,35,33,Marcell Ozuna,OFFENSE,0.6363636363636364,0.08713692946058091,0.6,21,542303
154,batter,14,13,Kyle Higashioka,OFFENSE,0.8461538461538461,0.07142857142857142,0.7857142857142857,11,543309
95,batter,13,12,James McCann,OFFENSE,0.9166666666666666,0.11578947368421053,0.8461538461538461,11,543510
264,batter,30,27,Marcus Semien,OFFENSE,0.6666666666666666,0.06818181818181818,0.6,18,543760
253,batter,41,36,George Springer,OFFENSE,0.8888888888888888,0.12648221343873517,0.7804878048780488,32,543807
182,batter,20,17,Christian Vázquez,OFFENSE,0.7058823529411765,0.06593406593406594,0.6,12,543877
291,batter,29,27,Ildemaro Vargas,OFFENSE,0.9259259259259259,0.0859106529209622,0.8620689655172413,25,545121
126,batter,16,15,Randal Grichuk,OFFENSE,0.6,0.07142857142857142,0.5625,9,545341
465,batter,77,73,Mike Trout,OFFENSE,0.8904109589041096,0.13978494623655913,0.8441558441558441,65,545361
278,batter,32,31,Bryce Harper,OFFENSE,0.3225806451612903,0.03597122302158273,0.3125,10,547180
99,batter,12,11,Elias Díaz,OFFENSE,1.0,0.1111111111111111,0.9166666666666666,11,553869
322,batter,48,44,Eugenio Suárez,OFFENSE,0.8863636363636364,0.12111801242236025,0.8125,39,553993
382,batter,40,38,Nolan Arenado,OFFENSE,0.7894736842105263,0.07853403141361257,0.75,30,571448
12,batter,1,0,Kyle Farmer,OFFENSE,,0.0,0.0,0,571657
35,batter,7,6,Enrique Hernández,OFFENSE,1.0,0.17142857142857143,0.8571428571428571,6,571771
34,batter,4,4,Luke Maile,OFFENSE,1.0,0.11764705882352941,1.0,4,571912
322,batter,30,29,Max Muncy,OFFENSE,0.896551724137931,0.08074534161490683,0.8666666666666667,26,571970
278,batter,32,27,Christian Walker,OFFENSE,0.5925925925925926,0.05755395683453238,0.5,16,572233
298,batter,21,19,Mike Yastrzemski,OFFENSE,0.9473684210526315,0.06040268456375839,0.8571428571428571,18,573262
290,batter,32,30,Willson Contreras,OFFENSE,0.7333333333333333,0.07586206896551724,0.6875,22,575929
46,batter,5,5,Nick Castellanos,OFFENSE,1.0,0.10869565217391304,1.0,5,592206
192,batter,23,23,Aaron Judge,OFFENSE,0.7391304347826086,0.08854166666666667,0.7391304347826086,17,592450
366,batter,33,32,Manny Machado,OFFENSE,0.6875,0.060109289617486336,0.6666666666666666,22,592518
273,batter,17,16,Joc Pederson,OFFENSE,0.8125,0.047619047619047616,0.7647058823529411,13,592626
284,batter,33,29,J.T. Realmuto,OFFENSE,0.9310344827586207,0.09507042253521127,0.8181818181818182,27,592663
304,batter,46,41,Christian Yelich,OFFENSE,0.8536585365853658,0.11513157894736842,0.7608695652173914,35,592885
430,batter,58,55,Xander Bogaerts,OFFENSE,0.6727272727272727,0.08604651162790698,0.6379310344827587,37,593428
102,batter,11,11,Jorge Polanco,OFFENSE,0.6363636363636364,0.06862745098039216,0.6363636363636364,7,593871
100,batter,9,8,Javier Báez,OFFENSE,0.5,0.04,0.4444444444444444,4,595879
151,batter,15,13,Austin Hedges,OFFENSE,0.9230769230769231,0.07947019867549669,0.8,12,595978
252,batter,37,36,Francisco Lindor,OFFENSE,1.0,0.14285714285714285,0.972972972972973,36,596019
50,batter,7,5,Austin Slater,OFFENSE,0.8,0.08,0.5714285714285714,4,596103
118,batter,18,17,Trevor Story,OFFENSE,0.8823529411764706,0.1271186440677966,0.8333333333333334,15,596115
28,batter,2,2,Garrett Stubbs,OFFENSE,0.5,0.03571428571428571,0.5,1,596117
247,batter,24,24,Gary Sánchez,OFFENSE,0.4166666666666667,0.04048582995951417,0.4166666666666667,10,596142
65,batter,6,6,Max Kepler,OFFENSE,0.6666666666666666,0.06153846153846154,0.6666666666666666,4,596146
12,batter,0,0,Jeimer Candelario,OFFENSE,,0.0,,0,600869
53,batter,5,4,Ramón Urías,OFFENSE,0.5,0.03773584905660377,0.4,2,602104
284,batter,31,30,Josh Bell,OFFENSE,0.6,0.06338028169014084,0.5806451612903226,18,605137
349,batter,51,47,Mookie Betts,OFFENSE,0.7872340425531915,0.10601719197707736,0.7254901960784313,37,605141
281,batter,28,27,Victor Caratini,OFFENSE,0.8888888888888888,0.08540925266903915,0.8571428571428571,24,605170
10,batter,1,1,Aramis Garcia,OFFENSE,1.0,0.1,1.0,1,605244
3,batter,0,0,Vimael Machín,OFFENSE,,0.0,,0,605353
25,batter,2,1,Orlando Arcia,OFFENSE,1.0,0.04,0.5,1,606115
269,batter,31,27,Teoscar Hernández,OFFENSE,0.5925925925925926,0.05947955390334572,0.5161290322580645,16,606192
313,batter,34,34,Ketel Marte,OFFENSE,0.8529411764705882,0.0926517571884984,0.8529411764705882,29,606466
56,batter,5,4,Eric Haase,OFFENSE,1.0,0.07142857142857142,0.8,4,606992
320,batter,28,27,Brandon Nimmo,OFFENSE,0.8888888888888888,0.075,0.8571428571428571,24,607043
350,batter,33,31,Trea Turner,OFFENSE,0.6774193548387096,0.06,0.6363636363636364,21,607208
319,batter,38,34,José Ramírez,OFFENSE,1.0,0.10658307210031348,0.8947368421052632,34,608070
532,batter,63,54,Alex Bregman,OFFENSE,0.7592592592592593,0.07706766917293233,0.6507936507936508,41,608324
255,batter,32,30,Carson Kelly,OFFENSE,0.9,0.10588235294117647,0.84375,27,608348
111,batter,25,25,Corey Seager,OFFENSE,0.8,0.18018018018018017,0.8,20,608369
98,batter,18,18,Rob Refsnyder,OFFENSE,0.8333333333333334,0.15306122448979592,0.8333333333333334,15,608701
12,batter,1,1,Joey Meneses,OFFENSE,1.0,0.08333333333333333,1.0,1,608841
140,batter,12,8,Miguel Andujar,OFFENSE,0.875,0.05,0.5833333333333334,7,609280
174,batter,22,18,Luis Torrens,OFFENSE,1.0,0.10344827586206896,0.8181818181818182,18,620443
238,batter,19,18,Dansby Swanson,OFFENSE,0.9444444444444444,0.07142857142857142,0.8947368421052632,17,621020
99,batter,7,7,Carlos Correa,OFFENSE,0.7142857142857143,0.050505050505050504,0.7142857142857143,5,621043
146,batter,16,14,Tyrone Taylor,OFFENSE,0.8571428571428571,0.0821917808219178,0.75,12,621438
189,batter,28,25,Byron Buxton,OFFENSE,0.76,0.10052910052910052,0.6785714285714286,19,621439
571,batter,52,51,Taylor Ward,OFFENSE,0.8431372549019608,0.07530647985989491,0.8269230769230769,43,621493
21,batter,0,0,Patrick Wisdom,OFFENSE,,0.0,,0,621550
404,batter,19,19,Matt Olson,OFFENSE,0.6842105263157895,0.03217821782178218,0.6842105263157895,13,621566
97,batter,7,6,Donovan Walton,OFFENSE,0.6666666666666666,0.041237113402061855,0.5714285714285714,4,622268
102,batter,12,12,Jorge Mateo,OFFENSE,0.75,0.08823529411764706,0.75,9,622761
89,batter,4,4,Tyler Heineman,OFFENSE,0.75,0.033707865168539325,0.75,3,623168
8,batter,1,1,Andrew Velazquez,OFFENSE,1.0,0.125,1.0,1,623205
438,batter,67,64,Pete Alonso,OFFENSE,0.875,0.1278538812785388,0.835820895522388,56,624413
189,batter,21,19,Michael Conforto,OFFENSE,0.7368421052631579,0.07407407407407407,0.6666666666666666,14,624424
82,batter,9,7,Adam Frazier,OFFENSE,0.7142857142857143,0.06097560975609756,0.5555555555555556,5,624428
104,batter,14,14,Jose Trevino,OFFENSE,1.0,0.1346153846153846,1.0,14,624431
26,batter,2,2,Reese McGuire,OFFENSE,1.0,0.07692307692307693,1.0,2,624512
218,batter,17,15,Jorge Soler,OFFENSE,0.8,0.05504587155963303,0.7058823529411765,12,624585
115,batter,12,11,Edmundo Sosa,OFFENSE,0.6363636363636364,0.06086956521739131,0.5833333333333334,7,624641
10,batter,0,0,Andy Ibáñez,OFFENSE,,0.0,,0,628451
263,batter,19,16,Jake Cronenworth,OFFENSE,0.875,0.053231939163498096,0.7368421052631579,14,630105
28,batter,4,4,Brian Navarreto,OFFENSE,1.0,0.14285714285714285,1.0,4,640459
9,batter,1,1,José Azócar,OFFENSE,1.0,0.1111111111111111,1.0,1,640492
60,batter,13,13,Jhonny Pereda,OFFENSE,1.0,0.21666666666666667,1.0,13,640902
389,batter,46,43,Jake Bauers,OFFENSE,0.813953488372093,0.08997429305912596,0.7608695652173914,35,641343
302,batter,19,17,Cody Bellinger,OFFENSE,0.9411764705882353,0.052980132450331126,0.8421052631578947,16,641355
350,batter,18,18,J.P. Crawford,OFFENSE,0.8888888888888888,0.045714285714285714,0.8888888888888888,16,641487
60,batter,6,2,J.C. Escarra,OFFENSE,1.0,0.03333333333333333,0.3333333333333333,2,641555
63,batter,7,6,Jake Fraley,OFFENSE,0.3333333333333333,0.031746031746031744,0.2857142857142857,2,641584
114,batter,11,11,Mitch Garver,OFFENSE,0.9090909090909091,0.08771929824561403,0.9090909090909091,10,641598
205,batter,16,14,Jonah Heim,OFFENSE,0.8571428571428571,0.05853658536585366,0.75,12,641680
3,batter,0,0,Trey Mancini,OFFENSE,,0.0,,0,641820
248,batter,25,24,Ryan McMahon,OFFENSE,0.75,0.07258064516129033,0.72,18,641857
166,batter,29,28,Tyler O'Neill,OFFENSE,0.7857142857142857,0.13253012048192772,0.7586206896551724,22,641933
10,batter,0,0,Chuckie Robinson,OFFENSE,,0.0,,0,642020
163,batter,17,16,Dominic Smith,OFFENSE,0.6875,0.06748466257668712,0.6470588235294118,11,642086
12,batter,2,1,Rowdy Tellez,OFFENSE,1.0,0.08333333333333333,0.5,1,642133
110,batter,14,13,Eli White,OFFENSE,0.8461538461538461,0.1,0.7857142857142857,11,642201
118,batter,15,14,Weston Wilson,OFFENSE,0.9285714285714286,0.11016949152542373,0.8666666666666667,13,642215
119,batter,16,16,Jose Siri,OFFENSE,0.9375,0.12605042016806722,0.9375,15,642350
116,batter,12,8,Amed Rosario,OFFENSE,1.0,0.06896551724137931,0.6666666666666666,8,642708
331,batter,37,34,Willy Adames,OFFENSE,0.7941176470588235,0.08157099697885196,0.7297297297297297,27,642715
60,batter,9,8,Austin Wynns,OFFENSE,1.0,0.13333333333333333,0.8888888888888888,8,642851
200,batter,19,16,Andrew Benintendi,OFFENSE,1.0,0.08,0.8421052631578947,16,643217
279,batter,45,43,Mauricio Dubón,OFFENSE,0.8372093023255814,0.12903225806451613,0.8,36,643289
112,batter,9,9,Danny Jansen,OFFENSE,1.0,0.08035714285714286,1.0,9,643376
89,batter,11,11,Isiah Kiner-Falefa,OFFENSE,0.7272727272727273,0.0898876404494382,0.7272727272727273,8,643396
133,batter,22,19,Jeff McNeil,OFFENSE,0.6842105263157895,0.09774436090225563,0.5909090909090909,13,643446
32,batter,2,2,Chadwick Tromp,OFFENSE,1.0,0.0625,1.0,2,644433
225,batter,31,28,Ozzie Albies,OFFENSE,0.8571428571428571,0.10666666666666667,0.7741935483870968,24,645277
61,batter,12,10,Victor Robles,OFFENSE,0.9,0.14754098360655737,0.75,9,645302
47,batter,4,2,Ali Sánchez,OFFENSE,1.0,0.0425531914893617,0.5,2,645305
390,batter,25,22,Rafael Devers,OFFENSE,0.8636363636363636,0.04871794871794872,0.76,19,646240
259,batter,25,24,Josh Naylor,OFFENSE,0.75,0.0694980694980695,0.72,18,647304
37,batter,6,6,Luis Urías,OFFENSE,1.0,0.16216216216216217,1.0,6,649966
424,batter,44,42,Luis Arraez,OFFENSE,0.9285714285714286,0.09198113207547169,0.8863636363636364,39,650333
17,batter,4,4,Eloy Jiménez,OFFENSE,1.0,0.23529411764705882,1.0,4,650391
273,batter,43,38,Gleyber Torres,OFFENSE,0.868421052631579,0.12087912087912088,0.7674418604651163,33,650402
228,batter,29,25,Willi Castro,OFFENSE,0.76,0.08333333333333333,0.6551724137931034,19,650489
397,batter,52,51,Yandy Díaz,OFFENSE,1.0,0.12846347607052896,0.9807692307692307,51,650490
37,batter,3,3,Bryan De La Cruz,OFFENSE,1.0,0.08108108108108109,1.0,3,650559
201,batter,23,22,Luis Rengifo,OFFENSE,0.9090909090909091,0.09950248756218906,0.8695652173913043,20,650859
23,batter,5,5,Yohel Pozo,OFFENSE,0.6,0.13043478260869565,0.6,3,650968
247,batter,33,29,Andruw Monasterio,OFFENSE,0.9655172413793104,0.11336032388663968,0.8484848484848485,28,655316
269,batter,27,25,Matt Chapman,OFFENSE,0.84,0.07806691449814127,0.7777777777777778,21,656305
19,batter,4,4,Stuart Fairchild,OFFENSE,0.0,0.0,0.0,0,656413
93,batter,12,11,Tristan Gray,OFFENSE,0.7272727272727273,0.08602150537634409,0.6666666666666666,8,656484
115,batter,13,11,Derek Hill,OFFENSE,0.8181818181818182,0.0782608695652174,0.6923076923076923,9,656537
220,batter,22,20,Rhys Hoskins,OFFENSE,0.65,0.05909090909090909,0.5909090909090909,13,656555
36,batter,4,2,Alex Jackson,OFFENSE,1.0,0.05555555555555555,0.5,2,656577
39,batter,4,3,Connor Joe,OFFENSE,0.6666666666666666,0.05128205128205128,0.5,2,656582
246,batter,17,16,Zach McKinstry,OFFENSE,0.75,0.04878048780487805,0.7058823529411765,12,656716
254,batter,34,32,Cedric Mullins,OFFENSE,0.6875,0.08661417322834646,0.6470588235294118,22,656775
263,batter,27,25,Ryan O'Hearn,OFFENSE,0.68,0.06463878326996197,0.6296296296296297,17,656811
406,batter,44,43,Kyle Schwarber,OFFENSE,0.7209302325581395,0.07635467980295567,0.7045454545454546,31,656941
64,batter,4,4,Pavin Smith,OFFENSE,0.75,0.046875,0.75,3,656976
298,batter,36,32,Lane Thomas,OFFENSE,0.875,0.09395973154362416,0.7777777777777778,28,657041
150,batter,17,17,Connor Wong,OFFENSE,0.8235294117647058,0.09333333333333334,0.8235294117647058,14,657136
111,batter,9,9,Ramón Laureano,OFFENSE,0.7777777777777778,0.06306306306306306,0.7777777777777778,7,657656
338,batter,37,33,Gavin Sheets,OFFENSE,0.9393939393939394,0.09171597633136094,0.8378378378378378,31,657757
120,batter,10,10,Yoán Moncada,OFFENSE,1.0,0.08333333333333333,1.0,10,660162
332,batter,25,25,Shohei Ohtani,OFFENSE,0.76,0.0572289156626506,0.76,19,660271
1,batter,1,0,Vidal Bruján,OFFENSE,,0.0,0.0,0,660644
198,batter,38,34,Ronald Acuña Jr.,OFFENSE,0.7058823529411765,0.12121212121212122,0.631578947368421,24,660670
168,batter,12,11,Keibert Ruiz,OFFENSE,1.0,0.06547619047619048,0.9166666666666666,11,660688
71,batter,11,11,Rodolfo Durán,OFFENSE,1.0,0.15492957746478872,1.0,11,660710
149,batter,18,17,Jesús Sánchez,OFFENSE,0.7058823529411765,0.08053691275167785,0.6666666666666666,12,660821
138,batter,16,13,Leo Rivas,OFFENSE,0.8461538461538461,0.07971014492753623,0.6875,11,660844
326,batter,50,44,William Contreras,OFFENSE,0.8636363636363636,0.1165644171779141,0.76,38,661388
47,batter,6,6,Brian Serven,OFFENSE,1.0,0.1276595744680851,1.0,6,661531
244,batter,28,28,Daulton Varsho,OFFENSE,0.8214285714285714,0.0942622950819672,0.8214285714285714,23,662139
78,batter,9,9,Jahmai Jones,OFFENSE,0.5555555555555556,0.0641025641025641,0.5555555555555556,5,663330
85,batter,9,9,Blake Perkins,OFFENSE,1.0,0.10588235294117647,1.0,9,663368
255,batter,14,14,Lars Nootbaar,OFFENSE,0.9285714285714286,0.050980392156862744,0.9285714285714286,13,663457
124,batter,15,14,Bryan Torres,OFFENSE,0.7142857142857143,0.08064516129032258,0.6666666666666666,10,663494
434,batter,36,35,Nico Hoerner,OFFENSE,0.6857142857142857,0.055299539170506916,0.6666666666666666,24,663538
5,batter,1,1,Hayden Senger,OFFENSE,1.0,0.2,1.0,1,663584
340,batter,38,34,Austin Riley,OFFENSE,0.9705882352941176,0.09705882352941177,0.868421052631579,33,663586
94,batter,6,6,Brandon Lockridge,OFFENSE,1.0,0.06382978723404255,1.0,6,663604
6,batter,0,0,Luken Baker,OFFENSE,,0.0,,0,663609
38,batter,7,6,Nick Madrigal,OFFENSE,0.3333333333333333,0.05263157894736842,0.2857142857142857,2,663611
311,batter,20,17,Trevor Larnach,OFFENSE,0.5882352941176471,0.03215434083601286,0.5,10,663616
5,batter,1,1,Ryan Mountcastle,OFFENSE,0.0,0.0,0.0,0,663624
155,batter,19,18,Ke'Bryan Hayes,OFFENSE,0.8333333333333334,0.0967741935483871,0.7894736842105263,15,663647
273,batter,28,28,Kyle Tucker,OFFENSE,0.7857142857142857,0.08058608058608059,0.7857142857142857,22,663656
20,batter,4,4,Daz Cameron,OFFENSE,0.25,0.05,0.25,1,663662
49,batter,6,6,Jonathan India,OFFENSE,1.0,0.12244897959183673,1.0,6,663697
85,batter,8,6,Joey Bart,OFFENSE,1.0,0.07058823529411765,0.75,6,663698
246,batter,27,25,Cal Raleigh,OFFENSE,0.52,0.052845528455284556,0.48148148148148145,13,663728
158,batter,22,20,Nick Fortes,OFFENSE,0.8,0.10126582278481013,0.7272727272727273,16,663743
377,batter,30,29,Trent Grisham,OFFENSE,0.7241379310344828,0.05570291777188329,0.7,21,663757
209,batter,26,23,Matt Vierling,OFFENSE,0.9565217391304348,0.10526315789473684,0.8461538461538461,22,663837
32,batter,1,1,Romy Gonzalez,OFFENSE,0.0,0.0,0.0,0,663853
289,batter,32,31,Tyler Stephenson,OFFENSE,0.8064516129032258,0.08650519031141868,0.78125,25,663886
18,batter,5,5,César Salazar,OFFENSE,0.6,0.16666666666666666,0.6,3,663967
207,batter,27,22,Jake Mangum,OFFENSE,0.8181818181818182,0.08695652173913043,0.6666666666666666,18,663968
292,batter,34,33,Nathaniel Lowe,OFFENSE,0.9090909090909091,0.10273972602739725,0.8823529411764706,30,663993
417,batter,42,41,Ian Happ,OFFENSE,0.8780487804878049,0.08633093525179857,0.8571428571428571,36,664023
199,batter,28,26,Ty France,OFFENSE,0.9615384615384616,0.12562814070351758,0.8928571428571429,25,664034
308,batter,37,33,Brandon Lowe,OFFENSE,0.9696969696969697,0.1038961038961039,0.8648648648648649,32,664040
63,batter,5,5,Harrison Bader,OFFENSE,0.8,0.06349206349206349,0.8,4,664056
23,batter,1,1,Sam Haggerty,OFFENSE,1.0,0.043478260869565216,1.0,1,664059
2,batter,0,0,Scott Kingery,OFFENSE,,0.0,,0,664068
14,batter,2,2,Dylan Moore,OFFENSE,0.5,0.07142857142857142,0.5,1,664238
240,batter,25,24,Myles Straw,OFFENSE,0.625,0.0625,0.6,15,664702
196,batter,20,16,Kyle Isbel,OFFENSE,1.0,0.08163265306122448,0.8,16,664728
27,batter,2,2,P.J. Higgins,OFFENSE,1.0,0.07407407407407407,1.0,2,664731
349,batter,40,38,Alec Bohm,OFFENSE,0.7368421052631579,0.08022922636103152,0.7,28,664761
256,batter,13,13,Nathan Lukes,OFFENSE,1.0,0.05078125,1.0,13,664770
117,batter,13,11,LaMonte Wade Jr.,OFFENSE,0.9090909090909091,0.08547008547008547,0.7692307692307693,10,664774
111,batter,9,8,Brett Sullivan,OFFENSE,0.875,0.06306306306306306,0.7777777777777778,7,664954
183,batter,27,25,Jake McCarthy,OFFENSE,0.84,0.11475409836065574,0.7777777777777778,21,664983
309,batter,25,22,Kody Clemens,OFFENSE,0.7727272727272727,0.05501618122977346,0.68,17,665019
152,batter,13,12,Griffin Conine,OFFENSE,0.6666666666666666,0.05263157894736842,0.6153846153846154,8,665052
178,batter,16,15,Jeremy Peña,OFFENSE,0.8666666666666667,0.07303370786516854,0.8125,13,665161
344,batter,33,30,Fernando Tatis Jr.,OFFENSE,0.8666666666666667,0.0755813953488372,0.7878787878787878,26,665487
297,batter,37,36,Vladimir Guerrero Jr.,OFFENSE,0.7777777777777778,0.09427609427609428,0.7567567567567568,28,665489
8,batter,2,2,Cristian Pache,OFFENSE,1.0,0.25,1.0,2,665506
66,batter,10,10,Rafael Marchán,OFFENSE,0.9,0.13636363636363635,0.9,9,665561
277,batter,27,27,Juan Soto,OFFENSE,0.6296296296296297,0.061371841155234655,0.6296296296296297,17,665742
278,batter,37,32,Leody Taveras,OFFENSE,0.75,0.08633093525179857,0.6486486486486487,24,665750
145,batter,18,18,Miguel Amaya,OFFENSE,0.7777777777777778,0.09655172413793103,0.7777777777777778,14,665804
8,batter,1,1,Oswaldo Cabrera,OFFENSE,1.0,0.125,1.0,1,665828
270,batter,29,26,Oneil Cruz,OFFENSE,0.9615384615384616,0.09259259259259259,0.8620689655172413,25,665833
1,batter,0,0,Jair Camargo,OFFENSE,,0.0,,0,665856
27,batter,2,2,Sebastián Rivero,OFFENSE,1.0,0.07407407407407407,1.0,2,665861
348,batter,30,21,Jazz Chisholm Jr.,OFFENSE,0.6190476190476191,0.03735632183908046,0.43333333333333335,13,665862
304,batter,27,26,José Fermín,OFFENSE,0.9230769230769231,0.07894736842105263,0.8888888888888888,24,665877
129,batter,22,22,Esteury Ruiz,OFFENSE,0.45454545454545453,0.07751937984496124,0.45454545454545453,10,665923
230,batter,25,22,Andrés Giménez,OFFENSE,0.8181818181818182,0.0782608695652174,0.72,18,665926
100,batter,16,15,Andrés Chaparro,OFFENSE,0.9333333333333333,0.14,0.875,14,665953
170,batter,16,14,Carlos Narváez,OFFENSE,0.8571428571428571,0.07058823529411765,0.75,12,665966
387,batter,48,43,Jonathan Aranda,OFFENSE,0.7906976744186046,0.08785529715762273,0.7083333333333334,34,666018
127,batter,13,10,Freddy Fermin,OFFENSE,0.8,0.06299212598425197,0.6153846153846154,8,666023
235,batter,34,32,Carlos Cortes,OFFENSE,0.84375,0.1148936170212766,0.7941176470588235,27,666126
134,batter,14,11,Josh Lowe,OFFENSE,1.0,0.08208955223880597,0.7857142857142857,11,666139
259,batter,23,22,David Hamilton,OFFENSE,0.9545454545454546,0.08108108108108109,0.9130434782608695,21,666152
144,batter,14,11,Mickey Moniak,OFFENSE,0.8181818181818182,0.0625,0.6428571428571429,9,666160
21,batter,1,1,Ben Rortvedt,OFFENSE,1.0,0.047619047619047616,1.0,1,666163
289,batter,31,30,Jo Adell,OFFENSE,0.9,0.09342560553633218,0.8709677419354839,27,666176
70,batter,8,8,Will Benson,OFFENSE,0.625,0.07142857142857142,0.625,5,666181
363,batter,41,38,Bo Bichette,OFFENSE,0.7894736842105263,0.08264462809917356,0.7317073170731707,30,666182
4,batter,1,1,Dylan Carlson,OFFENSE,1.0,0.25,1.0,1,666185
145,batter,15,15,Taylor Trammell,OFFENSE,0.5333333333333333,0.05517241379310345,0.5333333333333333,8,666211
71,batter,11,9,Bo Naylor,OFFENSE,0.8888888888888888,0.11267605633802817,0.7272727272727273,8,666310
196,batter,20,18,Edouard Julien,OFFENSE,0.5,0.04591836734693878,0.45,9,666397
28,batter,2,1,Jerar Encarnacion,OFFENSE,0.0,0.0,0.0,0,666464
64,batter,10,10,Christopher Morel,OFFENSE,0.8,0.125,0.8,8,666624
4,batter,0,0,Jared Oliva,OFFENSE,,0.0,,0,666931
189,batter,22,21,Adolis García,OFFENSE,0.8095238095238095,0.08994708994708994,0.7727272727272727,17,666969
107,batter,9,9,Lourdes Gurriel Jr.,OFFENSE,0.8888888888888888,0.07476635514018691,0.8888888888888888,8,666971
4,batter,1,1,Corey Julks,OFFENSE,1.0,0.25,1.0,1,667452
234,batter,28,25,Dane Myers,OFFENSE,0.8,0.08547008547008547,0.7142857142857143,20,667472
109,batter,22,19,Brent Rooker,OFFENSE,0.631578947368421,0.11009174311926606,0.5454545454545454,12,667670
446,batter,51,48,Randy Arozarena,OFFENSE,0.7916666666666666,0.08520179372197309,0.7450980392156863,38,668227
120,batter,8,8,Jake Rogers,OFFENSE,0.875,0.058333333333333334,0.875,7,668670
278,batter,31,31,JJ Bleday,OFFENSE,0.5161290322580645,0.05755395683453238,0.5161290322580645,16,668709
269,batter,32,28,Spencer Steer,OFFENSE,0.8571428571428571,0.08921933085501858,0.75,24,668715
136,batter,18,15,Ryan Vilade,OFFENSE,0.7333333333333333,0.08088235294117647,0.6111111111111112,11,668723
27,batter,3,3,Andrew Knizner,OFFENSE,1.0,0.1111111111111111,1.0,3,668800
353,batter,43,38,Bryan Reynolds,OFFENSE,0.7105263157894737,0.0764872521246459,0.627906976744186,27,668804
245,batter,28,24,Austin Martin,OFFENSE,0.5833333333333334,0.05714285714285714,0.5,14,668885
133,batter,23,21,Mark Vientos,OFFENSE,0.38095238095238093,0.06015037593984962,0.34782608695652173,8,668901
251,batter,34,28,Royce Lewis,OFFENSE,0.8928571428571429,0.099601593625498,0.7352941176470589,25,668904
464,batter,35,31,Brice Turang,OFFENSE,0.9032258064516129,0.0603448275862069,0.8,28,668930
304,batter,27,25,Adley Rutschman,OFFENSE,0.92,0.0756578947368421,0.8518518518518519,23,668939
59,batter,6,6,Josh Rojas,OFFENSE,0.8333333333333334,0.0847457627118644,0.8333333333333334,5,668942
99,batter,12,10,Ryan Kreidler,OFFENSE,0.8,0.08080808080808081,0.6666666666666666,8,668952
320,batter,36,34,Garrett Mitchell,OFFENSE,0.9411764705882353,0.1,0.8888888888888888,32,669003
89,batter,10,6,MJ Melendez,OFFENSE,0.8333333333333334,0.056179775280898875,0.5,5,669004
279,batter,26,26,Brandon Marsh,OFFENSE,0.9230769230769231,0.08602150537634409,0.9230769230769231,24,669016
184,batter,25,25,Kyle Stowers,OFFENSE,0.84,0.11413043478260869,0.84,21,669065
16,batter,0,0,Sam Huff,OFFENSE,,0.0,,0,669087
192,batter,13,12,Shea Langeliers,OFFENSE,1.0,0.0625,0.9230769230769231,12,669127
136,batter,14,12,Luis Campusano,OFFENSE,0.75,0.0661764705882353,0.6428571428571429,9,669134
5,batter,1,1,Ryan Bliss,OFFENSE,1.0,0.2,1.0,1,669208
47,batter,5,5,Sean Murphy,OFFENSE,0.8,0.0851063829787234,0.8,4,669221
212,batter,17,13,Austin Wells,OFFENSE,0.6923076923076923,0.04245283018867924,0.5294117647058824,9,669224
92,batter,7,7,Jeremiah Jackson,OFFENSE,0.8571428571428571,0.06521739130434782,0.8571428571428571,6,669236
168,batter,17,16,Tommy Edman,OFFENSE,0.8125,0.07738095238095238,0.7647058823529411,13,669242
5,batter,0,0,Nick Solak,OFFENSE,,0.0,,0,669256
183,batter,17,15,Will Smith,OFFENSE,0.9333333333333333,0.07650273224043716,0.8235294117647058,14,669257
8,batter,1,1,Daniel Johnson,OFFENSE,1.0,0.125,1.0,1,669288
43,batter,5,4,Santiago Espinal,OFFENSE,1.0,0.09302325581395349,0.8,4,669289
27,batter,3,3,Bryce Teodosio,OFFENSE,1.0,0.1111111111111111,1.0,3,669326
161,batter,14,12,Nolan Gorman,OFFENSE,0.9166666666666666,0.06832298136645963,0.7857142857142857,11,669357
4,batter,0,0,Trei Cruz,OFFENSE,,0.0,,0,669360
380,batter,56,51,Xavier Edwards,OFFENSE,0.8235294117647058,0.11052631578947368,0.75,42,669364
35,batter,2,2,Bryce Johnson,OFFENSE,1.0,0.05714285714285714,1.0,2,669369
16,batter,3,2,Raynel Delgado,OFFENSE,0.5,0.0625,0.3333333333333333,1,669384
105,batter,11,9,Samad Taylor,OFFENSE,0.8888888888888888,0.0761904761904762,0.7272727272727273,8,669392
320,batter,41,41,Jake Burger,OFFENSE,0.7560975609756098,0.096875,0.7560975609756098,31,669394
90,batter,8,5,Nick Allen,OFFENSE,0.6,0.03333333333333333,0.375,3,669397
16,batter,2,2,Gage Workman,OFFENSE,0.5,0.0625,0.5,1,669398
214,batter,21,20,Casey Schmitt,OFFENSE,0.8,0.07476635514018691,0.7619047619047619,16,669477
41,batter,4,4,Braden Shewmake,OFFENSE,1.0,0.0975609756097561,1.0,4,669699
140,batter,9,8,Josh Smith,OFFENSE,0.75,0.04285714285714286,0.6666666666666666,6,669701
237,batter,28,28,Jared Triolo,OFFENSE,0.9285714285714286,0.10970464135021098,0.9285714285714286,26,669707
2,batter,0,0,Will Wilson,OFFENSE,,0.0,,0,669717
42,batter,7,7,Austin Hays,OFFENSE,0.8571428571428571,0.14285714285714285,0.8571428571428571,6,669720
152,batter,14,12,Alex Call,OFFENSE,0.6666666666666666,0.05263157894736842,0.5714285714285714,8,669743
30,batter,6,6,Ryan Ward,OFFENSE,1.0,0.2,1.0,6,669899
21,batter,1,1,Michael Toglia,OFFENSE,1.0,0.047619047619047616,1.0,1,669911
137,batter,19,16,Nicky Lopez,OFFENSE,0.875,0.10218978102189781,0.7368421052631579,14,670032
130,batter,22,21,Luke Raley,OFFENSE,0.8571428571428571,0.13846153846153847,0.8181818181818182,18,670042
47,batter,4,4,Zack Short,OFFENSE,1.0,0.0851063829787234,1.0,4,670097
25,batter,1,1,Miles Mastrobuoni,OFFENSE,1.0,0.04,1.0,1,670156
18,batter,4,3,Kameron Misner,OFFENSE,1.0,0.16666666666666666,0.75,3,670224
85,batter,6,5,John Rave,OFFENSE,1.0,0.058823529411764705,0.8333333333333334,5,670231
67,batter,4,3,Matt Wallner,OFFENSE,0.6666666666666666,0.029850746268656716,0.5,2,670242
394,batter,26,23,Yordan Alvarez,OFFENSE,0.9565217391304348,0.05583756345177665,0.8461538461538461,22,670541
473,batter,51,46,Isaac Paredes,OFFENSE,0.7608695652173914,0.07399577167019028,0.6862745098039216,35,670623
297,batter,30,24,Taylor Walls,OFFENSE,0.6666666666666666,0.05387205387205387,0.5333333333333333,16,670764
179,batter,16,16,TJ Friedl,OFFENSE,0.9375,0.08379888268156424,0.9375,15,670770
481,batter,47,43,Iván Herrera,OFFENSE,0.7441860465116279,0.06652806652806653,0.6808510638297872,32,671056
37,batter,5,5,Buddy Kennedy,OFFENSE,1.0,0.13513513513513514,1.0,5,671083
12,batter,0,0,Ivan Johnson,OFFENSE,,0.0,,0,671155
234,batter,29,25,Heliot Ramos,OFFENSE,0.6,0.0641025641025641,0.5172413793103449,15,671218
244,batter,24,23,Luis García Jr.,OFFENSE,0.782608695652174,0.07377049180327869,0.75,18,671277
10,batter,2,2,Johnathan Rodríguez,OFFENSE,0.5,0.1,0.5,1,671286
147,batter,21,18,Tyler Freeman,OFFENSE,0.7777777777777778,0.09523809523809523,0.6666666666666666,14,671289
17,batter,1,1,George Valera,OFFENSE,1.0,0.058823529411764705,1.0,1,671655
286,batter,28,28,Lawrence Butler,OFFENSE,0.6071428571428571,0.05944055944055944,0.6071428571428571,17,671732
254,batter,14,14,Michael Harris II,OFFENSE,0.7142857142857143,0.03937007874015748,0.7142857142857143,10,671739
167,batter,14,10,Tristan Peters,OFFENSE,0.5,0.029940119760479042,0.35714285714285715,5,671976
14,batter,4,3,Tyler Black,OFFENSE,1.0,0.21428571428571427,0.75,3,672012
47,batter,5,5,Denzel Clarke,OFFENSE,0.8,0.0851063829787234,0.8,4,672016
179,batter,20,20,Patrick Bailey,OFFENSE,0.85,0.09497206703910614,0.85,17,672275
1,batter,1,0,Michael Siani,OFFENSE,,0.0,0.0,0,672279
52,batter,4,4,Jarred Kelenic,OFFENSE,0.75,0.057692307692307696,0.75,3,672284
89,batter,15,13,Gabriel Arias,OFFENSE,1.0,0.14606741573033707,0.8666666666666667,13,672356
210,batter,20,20,Alejandro Kirk,OFFENSE,0.7,0.06666666666666667,0.7,14,672386
455,batter,50,49,Gabriel Moreno,OFFENSE,0.7346938775510204,0.07912087912087912,0.72,36,672515
3,batter,1,1,Gustavo Campero,OFFENSE,1.0,0.3333333333333333,1.0,1,672569
284,batter,40,39,Maikel Garcia,OFFENSE,0.6923076923076923,0.09507042253521127,0.675,27,672580
15,batter,3,2,Eliezer Alfonzo,OFFENSE,1.0,0.13333333333333333,0.6666666666666666,2,672613
450,batter,55,52,Otto Lopez,OFFENSE,0.8461538461538461,0.09777777777777778,0.8,44,672640
7,batter,1,1,Steward Berroa,OFFENSE,1.0,0.14285714285714285,1.0,1,672642
560,batter,54,53,Geraldo Perdomo,OFFENSE,0.6981132075471698,0.06607142857142857,0.6851851851851852,37,672695
170,batter,22,20,Oswald Peraza,OFFENSE,0.8,0.09411764705882353,0.7272727272727273,16,672724
110,batter,12,11,Wenceel Pérez,OFFENSE,0.8181818181818182,0.08181818181818182,0.75,9,672761
72,batter,13,13,Lenyn Sosa,OFFENSE,0.9230769230769231,0.16666666666666666,0.9230769230769231,12,672820
390,batter,51,45,Kazuma Okamoto,OFFENSE,0.9555555555555556,0.11025641025641025,0.8431372549019608,43,672960
110,batter,8,6,Yainer Diaz,OFFENSE,0.6666666666666666,0.03636363636363636,0.5,4,673237
112,batter,12,12,Luis Robert Jr.,OFFENSE,0.75,0.08035714285714286,0.75,9,673357
107,batter,14,14,Ha-Seong Kim,OFFENSE,0.7857142857142857,0.102803738317757,0.7857142857142857,11,673490
472,batter,56,51,Seiya Suzuki,OFFENSE,0.7843137254901961,0.0847457627118644,0.7142857142857143,40,673548
260,batter,32,29,Josh Jung,OFFENSE,0.8620689655172413,0.09615384615384616,0.78125,25,673962
1,batter,0,0,Davis Wendzel,OFFENSE,,0.0,,0,673995
3,batter,0,0,Blake Hunt,OFFENSE,,0.0,,0,675448
15,batter,1,1,Greg Jones,OFFENSE,1.0,0.06666666666666667,1.0,1,675659
113,batter,9,9,Alika Williams,OFFENSE,0.8888888888888888,0.07079646017699115,0.8888888888888888,8,675961
172,batter,25,24,Jonny DeLuca,OFFENSE,0.8333333333333334,0.11627906976744186,0.8,20,676356
70,batter,7,7,Nelson Velázquez,OFFENSE,0.5714285714285714,0.05714285714285714,0.5714285714285714,4,676369
244,batter,26,24,Ernie Clement,OFFENSE,0.6666666666666666,0.06557377049180328,0.6153846153846154,16,676391
169,batter,20,20,Hunter Feduccia,OFFENSE,0.8,0.09467455621301775,0.8,16,676439
292,batter,37,37,Alec Burleson,OFFENSE,0.8648648648648649,0.1095890410958904,0.8648648648648649,32,676475
13,batter,1,1,Brewer Hicklen,OFFENSE,1.0,0.07692307692307693,1.0,1,676551
3,batter,0,0,Shawn Ross,OFFENSE,,0.0,,0,676566
46,batter,9,9,Eric Wagaman,OFFENSE,0.6666666666666666,0.13043478260869565,0.6666666666666666,6,676572
280,batter,38,32,José Caballero,OFFENSE,0.46875,0.05357142857142857,0.39473684210526316,15,676609
74,batter,7,6,Jake Meyers,OFFENSE,1.0,0.08108108108108109,0.8571428571428571,6,676694
186,batter,21,20,Jared Young,OFFENSE,0.9,0.0967741935483871,0.8571428571428571,18,676724
137,batter,25,22,Davis Schneider,OFFENSE,0.4090909090909091,0.06569343065693431,0.36,9,676914
3,batter,0,0,Heston Kjerstad,OFFENSE,,0.0,,0,677008
20,batter,1,1,Chad Stevens,OFFENSE,0.0,0.0,0.0,0,677060
8,batter,2,2,Kyren Paris,OFFENSE,1.0,0.25,1.0,2,677347
317,batter,44,41,Brayan Rocchio,OFFENSE,0.8048780487804879,0.10410094637223975,0.75,33,677587
171,batter,16,14,José Tena,OFFENSE,0.8571428571428571,0.07017543859649122,0.75,12,677588
46,batter,2,1,Everson Pereira,OFFENSE,0.0,0.0,0.0,0,677592
312,batter,42,37,Julio Rodríguez,OFFENSE,0.9459459459459459,0.11217948717948718,0.8333333333333334,35,677594
23,batter,3,3,Ronny Mauricio,OFFENSE,0.6666666666666666,0.08695652173913043,0.6666666666666666,2,677595
304,batter,33,32,Ezequiel Duran,OFFENSE,0.90625,0.09539473684210527,0.8787878787878788,29,677649
381,batter,42,41,Wilyer Abreu,OFFENSE,0.8536585365853658,0.09186351706036745,0.8333333333333334,35,677800
151,batter,27,24,Leo Jiménez,OFFENSE,0.9166666666666666,0.1456953642384106,0.8148148148148148,22,677870
107,batter,26,25,Blaze Alexander,OFFENSE,0.8,0.18691588785046728,0.7692307692307693,20,677942
4,batter,0,0,Will Banfield,OFFENSE,,0.0,,0,677943
54,batter,8,8,Alek Thomas,OFFENSE,0.625,0.09259259259259259,0.625,5,677950
350,batter,45,42,Bobby Witt Jr.,OFFENSE,0.8571428571428571,0.10285714285714286,0.8,36,677951
23,batter,1,1,Rece Hinds,OFFENSE,1.0,0.043478260869565216,1.0,1,677956
26,batter,2,2,Parker Meadows,OFFENSE,1.0,0.07692307692307693,1.0,2,678009
112,batter,16,15,Anthony Seigler,OFFENSE,0.6,0.08035714285714286,0.5625,9,678011
151,batter,17,16,Brandon Valenzuela,OFFENSE,0.5625,0.059602649006622516,0.5294117647058824,9,678218
1,batter,0,0,Jihwan Bae,OFFENSE,,0.0,,0,678225
381,batter,51,47,Miguel Vargas,OFFENSE,0.7446808510638298,0.09186351706036745,0.6862745098039216,35,678246
140,batter,21,19,Jorbit Vivas,OFFENSE,0.8421052631578947,0.11428571428571428,0.7619047619047619,16,678391
128,batter,15,15,Jorge Barrosa,OFFENSE,0.8666666666666667,0.1015625,0.8666666666666667,13,678489
101,batter,14,12,Osleivis Basabe,OFFENSE,1.0,0.1188118811881188,0.8571428571428571,12,678545
297,batter,35,32,Curtis Mead,OFFENSE,0.90625,0.09764309764309764,0.8285714285714286,29,678554
23,batter,3,2,Junior Perez,OFFENSE,1.0,0.08695652173913043,0.6666666666666666,2,678577
156,batter,30,28,Ezequiel Tovar,OFFENSE,0.8928571428571429,0.16025641025641027,0.8333333333333334,25,678662
4,batter,0,0,Eddys Leonard,OFFENSE,,0.0,,0,678760
290,batter,30,28,Ceddanne Rafaela,OFFENSE,0.7857142857142857,0.07586206896551724,0.7333333333333333,22,678882
408,batter,52,48,Spencer Torkelson,OFFENSE,0.7916666666666666,0.09313725490196079,0.7307692307692307,38,679529
183,batter,19,19,Justin Foscue,OFFENSE,0.631578947368421,0.06557377049180328,0.631578947368421,12,679822
313,batter,30,29,Nick Loftin,OFFENSE,0.6551724137931034,0.06070287539936102,0.6333333333333333,19,679845
62,batter,10,9,Max Schuemann,OFFENSE,0.2222222222222222,0.03225806451612903,0.2,2,680474
356,batter,58,50,Matt McLain,OFFENSE,0.88,0.12359550561797752,0.7586206896551724,44,680574
43,batter,2,1,Eduardo Valencia,OFFENSE,1.0,0.023255813953488372,0.5,1,680664
224,batter,28,24,Richie Palacios,OFFENSE,0.9166666666666666,0.09821428571428571,0.7857142857142857,22,680700
14,batter,1,0,Jonathan Ornelas,OFFENSE,,0.0,0.0,0,680716
17,batter,1,1,Addison Barger,OFFENSE,1.0,0.058823529411764705,1.0,1,680718
119,batter,11,11,Adrian Del Castillo,OFFENSE,0.8181818181818182,0.07563025210084033,0.8181818181818182,9,680728
12,batter,1,1,Michael Helman,OFFENSE,1.0,0.08333333333333333,1.0,1,680737
579,batter,58,54,Steven Kwan,OFFENSE,0.8333333333333334,0.07772020725388601,0.7758620689655172,45,680757
294,batter,27,25,Jarren Duran,OFFENSE,0.84,0.07142857142857142,0.7777777777777778,21,680776
290,batter,30,29,Ryan Jeffers,OFFENSE,0.7241379310344828,0.07241379310344828,0.7,21,680777
111,batter,11,11,Henry Davis,OFFENSE,1.0,0.0990990990990991,1.0,11,680779
248,batter,30,29,Zack Gelof,OFFENSE,0.7241379310344828,0.0846774193548387,0.7,21,680869
107,batter,17,16,Brendan Donovan,OFFENSE,0.75,0.11214953271028037,0.7058823529411765,12,680977
35,batter,10,10,Christian Franklin,OFFENSE,1.0,0.2857142857142857,1.0,10,681047
503,batter,43,43,Bryson Stott,OFFENSE,0.9302325581395349,0.07952286282306163,0.9302325581395349,40,681082
6,batter,1,1,Jonah Bride,OFFENSE,1.0,0.16666666666666666,1.0,1,681146
267,batter,29,27,TJ Rumfield,OFFENSE,0.7407407407407407,0.0749063670411985,0.6896551724137931,20,681198
8,batter,1,1,BJ Murray Jr.,OFFENSE,1.0,0.125,1.0,1,681230
270,batter,22,21,Colton Cowser,OFFENSE,0.7142857142857143,0.05555555555555555,0.6818181818181818,15,681297
141,batter,23,20,Logan O'Hoppe,OFFENSE,0.9,0.1276595744680851,0.782608695652174,18,681351
160,batter,26,23,Connor Norby,OFFENSE,0.8260869565217391,0.11875,0.7307692307692307,19,681393
151,batter,14,14,Kerry Carpenter,OFFENSE,0.8571428571428571,0.07947019867549669,0.8571428571428571,12,681481
138,batter,13,13,Mickey Gasper,OFFENSE,0.8461538461538461,0.07971014492753623,0.8461538461538461,11,681508
86,batter,12,11,James Outman,OFFENSE,0.7272727272727273,0.09302325581395349,0.6666666666666666,8,681546
350,batter,47,45,Andy Pages,OFFENSE,0.7555555555555555,0.09714285714285714,0.723404255319149,34,681624
265,batter,46,42,Heriberto Hernández,OFFENSE,0.9285714285714286,0.1471698113207547,0.8478260869565217,39,681715
141,batter,17,17,David Fry,OFFENSE,0.8823529411764706,0.10638297872340426,0.8823529411764706,15,681807
3,batter,0,0,Justin Dean,OFFENSE,,0.0,,0,681909
26,batter,2,2,Nate Eaton,OFFENSE,1.0,0.07692307692307693,1.0,2,681987
173,batter,11,10,Daniel Schneemann,OFFENSE,0.8,0.046242774566473986,0.7272727272727273,8,682177
7,batter,1,1,Logan Porter,OFFENSE,1.0,0.14285714285714285,1.0,1,682515
113,batter,7,6,Noelvi Marte,OFFENSE,1.0,0.05309734513274336,0.8571428571428571,6,682622
274,batter,30,29,Francisco Alvarez,OFFENSE,0.6551724137931034,0.06934306569343066,0.6333333333333333,19,682626
30,batter,4,3,Kevin Alcántara,OFFENSE,1.0,0.1,0.75,3,682634
8,batter,1,1,Luis Matos,OFFENSE,1.0,0.125,1.0,1,682641
222,batter,24,22,Angel Martínez,OFFENSE,0.8636363636363636,0.08558558558558559,0.7916666666666666,19,682657
115,batter,4,3,Agustín Ramírez,OFFENSE,1.0,0.02608695652173913,0.75,3,682663
99,batter,13,12,Luisangel Acuña,OFFENSE,1.0,0.12121212121212122,0.9230769230769231,12,682668
44,batter,7,7,Victor Bericoto,OFFENSE,1.0,0.1590909090909091,1.0,7,682674
18,batter,1,1,Jonatan Clase,OFFENSE,1.0,0.05555555555555555,1.0,1,682729
110,batter,6,6,Yohendrick Piñango,OFFENSE,1.0,0.05454545454545454,1.0,6,682818
456,batter,41,41,Elly De La Cruz,OFFENSE,0.8292682926829268,0.07456140350877193,0.8292682926829268,34,682829
101,batter,6,5,Endy Rodríguez,OFFENSE,0.8,0.039603960396039604,0.6666666666666666,4,682848
54,batter,8,7,Juan Brito,OFFENSE,1.0,0.12962962962962962,0.875,7,682877
17,batter,4,4,Ronny Simon,OFFENSE,0.75,0.17647058823529413,0.75,3,682927
342,batter,38,34,CJ Abrams,OFFENSE,0.6470588235294118,0.06432748538011696,0.5789473684210527,22,682928
307,batter,34,32,Riley Greene,OFFENSE,0.75,0.0781758957654723,0.7058823529411765,24,682985
92,batter,9,9,Spencer Jones,OFFENSE,0.8888888888888888,0.08695652173913043,0.8888888888888888,8,682987
26,batter,2,2,Tyler Locklear,OFFENSE,1.0,0.07692307692307693,1.0,2,682988
47,batter,5,4,Tyler Callihan,OFFENSE,0.75,0.06382978723404255,0.6,3,682997
382,batter,36,34,Corbin Carroll,OFFENSE,0.8235294117647058,0.07329842931937172,0.7777777777777778,28,682998
395,batter,27,26,Gunnar Henderson,OFFENSE,0.7692307692307693,0.05063291139240506,0.7407407407407407,20,683002
135,batter,18,17,Anthony Volpe,OFFENSE,0.7058823529411765,0.08888888888888889,0.6666666666666666,12,683011
17,batter,1,1,Michael Stefanic,OFFENSE,1.0,0.058823529411764705,1.0,1,683021
2,batter,0,0,Omar Martinez,OFFENSE,,0.0,,0,683079
316,batter,42,37,Nasim Nuñez,OFFENSE,0.918918918918919,0.10759493670886076,0.8095238095238095,34,683083
2,batter,0,0,Matthew Lugo,OFFENSE,,0.0,,0,683090
253,batter,23,19,Brett Baty,OFFENSE,0.8421052631578947,0.06324110671936758,0.6956521739130435,16,683146
86,batter,9,9,Cody Freeman,OFFENSE,0.8888888888888888,0.09302325581395349,0.8888888888888888,8,683227
229,batter,27,25,Owen Caissie,OFFENSE,0.76,0.08296943231441048,0.7037037037037037,19,683357
28,batter,6,5,Jesus Rodriguez,OFFENSE,0.8,0.14285714285714285,0.6666666666666666,4,683679
285,batter,34,33,Andrew Vaughn,OFFENSE,1.0,0.11578947368421053,0.9705882352941176,33,683734
401,batter,34,32,Michael Busch,OFFENSE,0.8125,0.06483790523690773,0.7647058823529411,26,683737
90,batter,13,12,Victor Mesa Jr.,OFFENSE,0.8333333333333334,0.1111111111111111,0.7692307692307693,10,683748
81,batter,11,10,Christian Koss,OFFENSE,0.8,0.09876543209876543,0.7272727272727273,8,683766
311,batter,30,26,Travis Bazzana,OFFENSE,0.6923076923076923,0.05787781350482315,0.6,18,683953
174,batter,25,25,Wade Meckler,OFFENSE,0.8,0.11494252873563218,0.8,20,685133
280,batter,27,25,Sal Frelick,OFFENSE,0.92,0.08214285714285714,0.8518518518518519,23,686217
118,batter,14,13,Drew Millas,OFFENSE,1.0,0.11016949152542373,0.9285714285714286,13,686452
260,batter,25,23,Vinnie Pasquantino,OFFENSE,0.8260869565217391,0.07307692307692308,0.76,19,686469
69,batter,8,7,Tyler Tolbert,OFFENSE,1.0,0.10144927536231885,0.875,7,686475
299,batter,26,23,Dominic Canzone,OFFENSE,0.782608695652174,0.06020066889632107,0.6923076923076923,18,686527
8,batter,1,1,Oliver Dunn,OFFENSE,1.0,0.125,1.0,1,686554
372,batter,39,35,Isaac Collins,OFFENSE,0.6857142857142857,0.06451612903225806,0.6153846153846154,24,686555
187,batter,27,23,Dylan Crews,OFFENSE,0.8260869565217391,0.10160427807486631,0.7037037037037037,19,686611
79,batter,7,7,Brenton Doyle,OFFENSE,1.0,0.08860759493670886,1.0,7,686668
220,batter,22,20,Michael Massey,OFFENSE,0.7,0.06363636363636363,0.6363636363636364,14,686681
196,batter,26,25,Nick Sogard,OFFENSE,0.64,0.08163265306122448,0.6153846153846154,16,686765
133,batter,15,14,Pedro Pagés,OFFENSE,1.0,0.10526315789473684,0.9333333333333333,14,686780
272,batter,28,25,Brooks Lee,OFFENSE,0.84,0.07720588235294118,0.75,21,686797
9,batter,2,2,Will Brennan,OFFENSE,1.0,0.2222222222222222,1.0,2,686823
72,batter,11,5,Joey Wiemer,OFFENSE,1.0,0.06944444444444445,0.45454545454545453,5,686894
284,batter,26,24,Drake Baldwin,OFFENSE,0.9583333333333334,0.08098591549295775,0.8846153846153846,23,686948
276,batter,29,27,Vaughn Grissom,OFFENSE,0.7407407407407407,0.07246376811594203,0.6896551724137931,20,687093
133,batter,11,11,Dalton Rushing,OFFENSE,0.7272727272727273,0.06015037593984962,0.7272727272727273,8,687221
103,batter,18,15,Darell Hernaiz,OFFENSE,0.6666666666666666,0.0970873786407767,0.5555555555555556,10,687231
343,batter,46,43,Zach Neto,OFFENSE,0.7209302325581395,0.09037900874635568,0.6739130434782609,31,687263
51,batter,8,8,Gabriel Rincones Jr.,OFFENSE,0.25,0.0392156862745098,0.25,2,687282
111,batter,13,12,Victor Scott II,OFFENSE,0.75,0.08108108108108109,0.6923076923076923,9,687363
305,batter,34,27,Joey Ortiz,OFFENSE,0.8888888888888888,0.07868852459016394,0.7058823529411765,24,687401
331,batter,39,34,Spencer Horwitz,OFFENSE,0.8823529411764706,0.09063444108761329,0.7692307692307693,30,687462
38,batter,4,3,Colby Thomas,OFFENSE,0.3333333333333333,0.02631578947368421,0.25,1,687515
51,batter,4,4,Grant McCray,OFFENSE,0.5,0.0392156862745098,0.5,2,687529
277,batter,31,26,Drew Gilbert,OFFENSE,0.7307692307692307,0.06859205776173286,0.6129032258064516,19,687551
95,batter,14,14,Jordan Beck,OFFENSE,0.7142857142857143,0.10526315789473684,0.7142857142857143,10,687597
19,batter,4,4,Andrew Pinckney,OFFENSE,1.0,0.21052631578947367,1.0,4,687605
245,batter,25,23,Dylan Beavers,OFFENSE,0.9565217391304348,0.08979591836734693,0.88,22,687637
60,batter,9,7,Jase Bowen,OFFENSE,0.8571428571428571,0.1,0.6666666666666666,6,687749
191,batter,15,15,Troy Johnston,OFFENSE,1.0,0.07853403141361257,1.0,15,687859
71,batter,11,10,Christian Encarnacion-Strand,OFFENSE,1.0,0.14084507042253522,0.9090909090909091,10,687952
53,batter,8,8,Dustin Harris,OFFENSE,0.875,0.1320754716981132,0.875,7,687957
96,batter,15,15,Graham Pauley,OFFENSE,0.9333333333333333,0.14583333333333334,0.9333333333333333,14,688363
369,batter,36,32,Liam Hicks,OFFENSE,0.78125,0.06775067750677506,0.6944444444444444,25,689414
10,batter,1,1,Ryan Ritter,OFFENSE,1.0,0.1,1.0,1,690022
4,batter,0,0,Jace Jung,OFFENSE,,0.0,,0,690291
53,batter,12,6,Braxton Fulford,OFFENSE,0.8333333333333334,0.09433962264150944,0.4166666666666667,5,690924
211,batter,29,28,Alex Freeland,OFFENSE,0.8928571428571429,0.11848341232227488,0.8620689655172413,25,690976
55,batter,10,9,Petey Halpin,OFFENSE,1.0,0.16363636363636364,0.9,9,690984
275,batter,33,32,Colt Keith,OFFENSE,0.71875,0.08363636363636363,0.696969696969697,23,690993
13,batter,4,4,Yohandy Morales,OFFENSE,1.0,0.3076923076923077,1.0,4,691002
94,batter,8,7,Drew Romo,OFFENSE,0.5714285714285714,0.0425531914893617,0.5,4,691011
263,batter,30,29,Tyler Soderstrom,OFFENSE,0.8620689655172413,0.09505703422053231,0.8333333333333334,25,691016
53,batter,9,7,Kyle Teel,OFFENSE,1.0,0.1320754716981132,0.7777777777777778,7,691019
301,batter,34,34,Jordan Walker,OFFENSE,0.7941176470588235,0.08970099667774087,0.7941176470588235,27,691023
415,batter,45,42,Masyn Winn,OFFENSE,0.8571428571428571,0.08674698795180723,0.8,36,691026
114,batter,15,14,Jasson Domínguez,OFFENSE,0.7857142857142857,0.09649122807017543,0.7333333333333333,11,691176
24,batter,4,4,Adael Amador,OFFENSE,0.75,0.125,0.75,3,691182
12,batter,0,0,Deyvison De Los Santos,OFFENSE,,0.0,,0,691277
20,batter,3,2,Jhostynxon Garcia,OFFENSE,0.5,0.05,0.3333333333333333,1,691373
413,batter,54,44,Junior Caminero,OFFENSE,0.7954545454545454,0.0847457627118644,0.6481481481481481,35,691406
95,batter,9,8,Blaze Jordan,OFFENSE,1.0,0.08421052631578947,0.8888888888888888,8,691458
251,batter,28,23,Javier Sanoja,OFFENSE,0.8695652173913043,0.0796812749003984,0.7142857142857143,20,691594
1,batter,0,0,Jeferson Quero,OFFENSE,,0.0,,0,691620
356,batter,28,24,Pete Crow-Armstrong,OFFENSE,0.625,0.042134831460674156,0.5357142857142857,15,691718
272,batter,46,43,Kyle Karros,OFFENSE,0.7906976744186046,0.125,0.7391304347826086,34,691720
295,batter,40,38,Coby Mayo,OFFENSE,0.7368421052631579,0.09491525423728814,0.7,28,691723
11,batter,2,2,Zac Veen,OFFENSE,1.0,0.18181818181818182,1.0,2,691728
77,batter,9,9,Daniel Susac,OFFENSE,0.8888888888888888,0.1038961038961039,0.8888888888888888,8,691740
164,batter,24,21,Max Muncy,OFFENSE,0.9047619047619048,0.11585365853658537,0.7916666666666666,19,691777
163,batter,20,18,Brady House,OFFENSE,0.7222222222222222,0.07975460122699386,0.65,13,691781
62,batter,11,11,Jordan Lawlar,OFFENSE,1.0,0.1774193548387097,1.0,11,691783
114,batter,19,16,Marcelo Mayer,OFFENSE,0.9375,0.13157894736842105,0.7894736842105263,15,691785
189,batter,19,18,Joe Mack,OFFENSE,0.8888888888888888,0.08465608465608465,0.8421052631578947,16,691788
6,batter,1,1,Jared Serna,OFFENSE,0.0,0.0,0.0,0,691858
29,batter,5,5,Tsung-Che Cheng,OFFENSE,0.8,0.13793103448275862,0.8,4,691907
10,batter,1,0,CJ Kayfus,OFFENSE,,0.0,0.0,0,692216
247,batter,43,36,Nick Gonzales,OFFENSE,0.8055555555555556,0.11740890688259109,0.6744186046511628,29,693304
361,batter,41,40,Dillon Dingler,OFFENSE,0.825,0.09141274238227147,0.8048780487804879,33,693307
14,batter,3,3,César Prieto,OFFENSE,0.6666666666666666,0.14285714285714285,0.6666666666666666,2,693409
10,batter,0,0,Kyler Fedko,OFFENSE,,0.0,,0,693459
19,batter,3,3,Felix Reyes,OFFENSE,1.0,0.15789473684210525,1.0,3,694025
350,batter,34,31,Jackson Chourio,OFFENSE,1.0,0.08857142857142856,0.9117647058823529,31,694192
77,batter,18,18,Angel Genao,OFFENSE,1.0,0.23376623376623376,1.0,18,694197
131,batter,11,9,Denzer Guzman,OFFENSE,0.7777777777777778,0.05343511450381679,0.6363636363636364,7,694203
161,batter,15,15,Moisés Ballesteros,OFFENSE,0.8,0.07453416149068323,0.8,12,694208
180,batter,21,19,Samuel Basallo,OFFENSE,0.5789473684210527,0.06111111111111111,0.5238095238095238,11,694212
3,batter,2,1,Gabriel Gonzalez,OFFENSE,1.0,0.3333333333333333,0.5,1,694224
157,batter,20,19,Cole Carrigg,OFFENSE,0.5263157894736842,0.06369426751592357,0.5,10,694249
107,batter,11,9,Blake Dunn,OFFENSE,0.6666666666666666,0.056074766355140186,0.5454545454545454,6,694362
104,batter,11,10,Tommy Troy,OFFENSE,0.9,0.08653846153846154,0.8181818181818182,9,694371
190,batter,24,24,Tim Tawa,OFFENSE,0.9583333333333334,0.12105263157894737,0.9583333333333334,23,694374
44,batter,6,6,Shay Whitcomb,OFFENSE,0.8333333333333334,0.11363636363636363,0.8333333333333334,5,694376
74,batter,11,11,Nick Yorke,OFFENSE,0.9090909090909091,0.13513513513513514,0.9090909090909091,10,694377
97,batter,7,7,Jacob Gonzalez,OFFENSE,1.0,0.07216494845360824,1.0,7,694378
319,batter,42,39,Nolan Schanuel,OFFENSE,0.48717948717948717,0.05956112852664577,0.4523809523809524,19,694384
77,batter,11,8,Joey Loperfido,OFFENSE,0.875,0.09090909090909091,0.6363636363636364,7,694388
47,batter,6,5,LuJames Groover,OFFENSE,1.0,0.10638297872340426,0.8333333333333334,5,694410
342,batter,39,38,Evan Carter,OFFENSE,0.8947368421052632,0.09941520467836257,0.8717948717948718,34,694497
39,batter,7,6,Sterlin Thompson,OFFENSE,0.8333333333333334,0.1282051282051282,0.7142857142857143,5,694514
247,batter,36,36,Wyatt Langford,OFFENSE,0.7222222222222222,0.10526315789473684,0.7222222222222222,26,694671
69,batter,6,6,Abimelec Ortiz,OFFENSE,0.6666666666666666,0.057971014492753624,0.6666666666666666,4,694673
152,batter,19,16,Brice Matthews,OFFENSE,1.0,0.10526315789473684,0.8421052631578947,16,694728
20,batter,2,0,Cooper Ingle,OFFENSE,,0.0,0.0,0,694876
16,batter,3,3,Tanner Murray,OFFENSE,1.0,0.1875,1.0,3,695020
33,batter,6,6,Will Wagner,OFFENSE,1.0,0.18181818181818182,1.0,6,695238
25,batter,1,0,Billy Cook,OFFENSE,,0.0,0.0,0,695257
72,batter,6,4,Thomas Saggese,OFFENSE,0.5,0.027777777777777776,0.3333333333333333,2,695336
8,batter,0,0,Brett Harris,OFFENSE,,0.0,,0,695391
58,batter,4,4,Edwin Arroyo,OFFENSE,1.0,0.06896551724137931,1.0,4,695490
51,batter,7,7,Joshua Báez,OFFENSE,0.7142857142857143,0.09803921568627451,0.7142857142857143,5,695491
223,batter,20,19,Jac Caglianone,OFFENSE,0.7368421052631579,0.06278026905829596,0.7,14,695506
38,batter,3,3,Cam Cauley,OFFENSE,1.0,0.07894736842105263,1.0,3,695508
438,batter,42,40,James Wood,OFFENSE,0.825,0.07534246575342465,0.7857142857142857,33,695578
349,batter,47,44,Carter Jensen,OFFENSE,0.8409090909090909,0.10601719197707736,0.7872340425531915,37,695600
270,batter,22,20,Colson Montgomery,OFFENSE,0.9,0.06666666666666667,0.8181818181818182,18,695657
63,batter,7,7,Harry Ford,OFFENSE,0.8571428571428571,0.09523809523809523,0.8571428571428571,6,695670
58,batter,5,5,Christian Moore,OFFENSE,1.0,0.08620689655172414,1.0,5,695681
84,batter,13,12,Tommy White,OFFENSE,1.0,0.14285714285714285,0.9230769230769231,12,695720
137,batter,25,22,Braden Montgomery,OFFENSE,0.7727272727272727,0.12408759124087591,0.68,17,695731
259,batter,32,30,Daylen Lile,OFFENSE,0.9333333333333333,0.10810810810810811,0.875,28,695734
154,batter,19,19,Alejandro Osuna,OFFENSE,0.7368421052631579,0.09090909090909091,0.7368421052631579,14,696030
226,batter,28,26,Hunter Goodman,OFFENSE,0.8076923076923077,0.09292035398230089,0.75,21,696100
41,batter,2,2,Kahlil Watson,OFFENSE,1.0,0.04878048780487805,1.0,2,696135
349,batter,52,47,Jacob Young,OFFENSE,0.8936170212765957,0.12034383954154727,0.8076923076923077,42,696285
217,batter,33,28,Esmerlyn Valdez,OFFENSE,0.6785714285714286,0.08755760368663594,0.5757575757575758,19,699013
19,batter,2,2,Leo Bernal,OFFENSE,1.0,0.10526315789473684,1.0,2,699024
6,batter,0,0,Carlos Jorge,OFFENSE,,0.0,,0,699115
51,batter,5,5,Héctor Rodríguez,OFFENSE,1.0,0.09803921568627451,1.0,5,699302
124,batter,16,13,Pedro Ramírez,OFFENSE,0.7692307692307693,0.08064516129032258,0.625,10,699393
88,batter,9,9,Jimmy Crooks,OFFENSE,1.0,0.10227272727272728,1.0,9,699625
170,batter,15,15,Jose Fernandez,OFFENSE,0.8666666666666667,0.07647058823529412,0.8666666666666667,13,699912
17,batter,2,2,Carson Williams,OFFENSE,1.0,0.11764705882352941,1.0,2,700246
402,batter,42,35,Ben Rice,OFFENSE,0.6857142857142857,0.05970149253731343,0.5714285714285714,24,700250
105,batter,15,12,Edgar Quero,OFFENSE,1.0,0.11428571428571428,0.8,12,700337
6,batter,0,0,Kenny Piper,OFFENSE,,0.0,,0,700652
241,batter,18,17,Kyle Manzardo,OFFENSE,0.8823529411764706,0.06224066390041494,0.8333333333333334,15,700932
71,batter,8,8,Ben Malgeri,OFFENSE,0.875,0.09859154929577464,0.875,7,701162
68,batter,6,6,Zach Dezenzo,OFFENSE,0.8333333333333334,0.07352941176470588,0.8333333333333334,5,701305
153,batter,8,8,Roman Anthony,OFFENSE,0.75,0.0392156862745098,0.75,6,701350
296,batter,31,27,Cam Smith,OFFENSE,0.6296296296296297,0.057432432432432436,0.5483870967741935,17,701358
385,batter,51,49,Sal Stewart,OFFENSE,0.4489795918367347,0.05714285714285714,0.43137254901960786,22,701398
234,batter,22,20,Jackson Merrill,OFFENSE,0.85,0.07264957264957266,0.7727272727272727,17,701538
6,batter,1,1,James Triantos,OFFENSE,1.0,0.16666666666666666,1.0,1,701649
193,batter,19,19,Nathan Church,OFFENSE,1.0,0.09844559585492228,1.0,19,701675
190,batter,21,21,Hao-Yu Lee,OFFENSE,0.8571428571428571,0.09473684210526316,0.8571428571428571,18,701678
287,batter,41,39,Nick Kurtz,OFFENSE,0.7692307692307693,0.10452961672473868,0.7317073170731707,30,701762
73,batter,10,8,Kaelen Culpepper,OFFENSE,0.875,0.0958904109589041,0.7,7,701785
424,batter,43,33,Carson Benge,OFFENSE,0.8181818181818182,0.06367924528301887,0.627906976744186,27,701807
81,batter,12,8,Drew Cavanaugh,OFFENSE,0.75,0.07407407407407407,0.5,6,701852
44,batter,6,5,Alan Roden,OFFENSE,1.0,0.11363636363636363,0.8333333333333334,5,702176
231,batter,20,20,Justin Crawford,OFFENSE,0.85,0.0735930735930736,0.85,17,702222
369,batter,44,39,Cole Young,OFFENSE,0.8461538461538461,0.08943089430894309,0.75,33,702284
356,batter,44,38,Caleb Durbin,OFFENSE,0.6052631578947368,0.06460674157303371,0.5227272727272727,23,702332
222,batter,25,19,Jackson Holliday,OFFENSE,0.8947368421052632,0.07657657657657657,0.68,17,702616
7,batter,0,0,Lazaro Montes,OFFENSE,,0.0,,0,703155
1,batter,0,0,Michael Arroyo,OFFENSE,,0.0,,0,703197
21,batter,0,0,Nick Morabito,OFFENSE,,0.0,,0,703492
99,batter,8,7,Brett Bateman,OFFENSE,0.7142857142857143,0.050505050505050504,0.625,5,703520
83,batter,11,8,Max Clark,OFFENSE,0.875,0.08433734939759036,0.6363636363636364,7,703601
199,batter,27,27,Henry Bolte,OFFENSE,0.7777777777777778,0.10552763819095477,0.7777777777777778,21,703607
311,batter,33,31,Chase DeLauter,OFFENSE,0.7741935483870968,0.07717041800643087,0.7272727272727273,24,800050
144,batter,19,16,Luis Lara,OFFENSE,0.875,0.09722222222222222,0.7368421052631579,14,800325
37,batter,4,4,Brock Rodden,OFFENSE,1.0,0.10810810810810811,1.0,4,801126
18,batter,2,2,Nate Furman,OFFENSE,1.0,0.1111111111111111,1.0,2,801501
415,batter,43,42,JJ Wetherholt,OFFENSE,0.8809523809523809,0.0891566265060241,0.8604651162790697,37,802139
335,batter,27,27,Chandler Simpson,OFFENSE,1.0,0.08059701492537313,1.0,27,802415
374,batter,44,37,Sam Antonacci,OFFENSE,0.6756756756756757,0.06684491978609626,0.5681818181818182,25,803011
149,batter,10,9,Konnor Griffin,OFFENSE,0.7777777777777778,0.04697986577181208,0.7,7,804606
92,batter,2,2,Rafael Flores Jr.,OFFENSE,1.0,0.021739130434782608,1.0,2,804668
16,batter,1,1,Otto Kemp,OFFENSE,1.0,0.0625,1.0,1,805249
421,batter,42,37,Jakob Marsee,OFFENSE,0.8108108108108109,0.07125890736342043,0.7142857142857143,30,805300
1,batter,0,0,Ben Ross,OFFENSE,,0.0,,0,805346
87,batter,9,8,Jim Jarvis,OFFENSE,1.0,0.09195402298850575,0.8888888888888888,8,805347
548,batter,69,60,Chase Meidroth,OFFENSE,0.9333333333333333,0.10218978102189781,0.8115942028985508,56,805367
10,batter,2,2,Collin Price,OFFENSE,1.0,0.2,1.0,2,805672
170,batter,25,22,Jacob Wilson,OFFENSE,0.9090909090909091,0.11764705882352941,0.8,20,805779
22,batter,5,4,Walker Jenkins,OFFENSE,0.5,0.09090909090909091,0.4,2,805805
402,batter,53,51,Kevin McGonigle,OFFENSE,0.6470588235294118,0.08208955223880597,0.6226415094339622,33,805808
290,batter,35,33,Bryce Eldridge,OFFENSE,0.6060606060606061,0.06896551724137931,0.5714285714285714,20,805811
45,batter,6,6,Zach Cole,OFFENSE,0.5,0.06666666666666667,0.5,3,805904
285,batter,47,35,A.J. Ewing,OFFENSE,0.6571428571428571,0.08070175438596491,0.48936170212765956,23,805999
139,batter,8,7,Colt Emerson,OFFENSE,0.7142857142857143,0.03597122302158273,0.625,5,806068
87,batter,14,14,George Lombard Jr.,OFFENSE,0.5,0.08045977011494253,0.5,7,806146
169,batter,16,14,Cooper Pratt,OFFENSE,0.8571428571428571,0.07100591715976332,0.75,12,806198
57,batter,4,4,Turner Hill,OFFENSE,1.0,0.07017543859649122,1.0,4,806367
8,batter,0,0,Ethan Salas,OFFENSE,,0.0,,0,806956
385,batter,56,48,Luke Keaschall,OFFENSE,0.6666666666666666,0.08311688311688312,0.5714285714285714,32,807712
132,batter,15,12,Matt Shaw,OFFENSE,0.9166666666666666,0.08333333333333333,0.7333333333333333,11,807713
14,batter,1,1,John Peck,OFFENSE,1.0,0.07142857142857142,1.0,1,807726
53,batter,4,4,Charles McAdoo,OFFENSE,0.75,0.05660377358490566,0.75,3,807727
21,batter,0,0,Rikuu Nishida,OFFENSE,,0.0,,0,807747
221,batter,18,18,Masataka Yoshida,OFFENSE,0.8888888888888888,0.07239819004524888,0.8888888888888888,16,807799
370,batter,40,34,Munetaka Murakami,OFFENSE,0.5882352941176471,0.05405405405405406,0.5,20,808959
94,batter,10,10,Hyeseong Kim,OFFENSE,1.0,0.10638297872340426,1.0,10,808975
377,batter,46,41,Jung Hoo Lee,OFFENSE,0.8780487804878049,0.09549071618037135,0.782608695652174,36,808982
239,batter,30,27,Ben Williamson,OFFENSE,0.8888888888888888,0.100418410041841,0.8,24,810938
40,batter,5,4,Joshua Kuroda-Grauer,OFFENSE,1.0,0.1,0.8,4,811965
59,batter,9,9,Jonah Cox,OFFENSE,0.8888888888888888,0.13559322033898305,0.8888888888888888,8,813841
21,batter,2,2,Brett Callahan,OFFENSE,1.0,0.09523809523809523,1.0,2,814430
206,batter,23,22,Ryan Waldschmidt,OFFENSE,0.7272727272727273,0.07766990291262135,0.6956521739130435,16,814439
31,batter,2,2,Sean Keys,OFFENSE,1.0,0.06451612903225806,1.0,2,815873
106,batter,11,11,Sung-Mun Song,OFFENSE,0.8181818181818182,0.08490566037735849,0.8181818181818182,9,823550
23,batter,5,5,Lucas Spence,OFFENSE,1.0,0.21739130434782608,1.0,5,828599
359,catcher,40,38,Sandy León,OFFENSE,0.8421052631578947,0.08913649025069638,0.8,32,506702
523,catcher,45,40,Travis d'Arnaud,OFFENSE,0.9,0.06883365200764818,0.8,36,518595
958,catcher,96,90,Salvador Perez,OFFENSE,0.7777777777777778,0.07306889352818371,0.7291666666666666,70,521692
955,catcher,85,81,Kyle Higashioka,OFFENSE,0.7283950617283951,0.061780104712041886,0.6941176470588235,59,543309
835,catcher,86,79,James McCann,OFFENSE,0.759493670886076,0.0718562874251497,0.6976744186046512,60,543510
1678,catcher,222,206,Christian Vázquez,OFFENSE,0.7718446601941747,0.09475566150178784,0.7162162162162162,159,543877
1219,catcher,146,131,Elias Díaz,OFFENSE,0.7862595419847328,0.0844954881050041,0.7054794520547946,103,553869
279,catcher,53,44,Luke Maile,OFFENSE,0.7045454545454546,0.1111111111111111,0.5849056603773585,31,571912
2546,catcher,255,223,J.T. Realmuto,OFFENSE,0.8116591928251121,0.07109190887666929,0.7098039215686275,181,592663
1528,catcher,165,146,Austin Hedges,OFFENSE,0.7534246575342466,0.07198952879581152,0.6666666666666666,110,595978
399,catcher,45,41,Garrett Stubbs,OFFENSE,0.7804878048780488,0.08020050125313283,0.7111111111111111,32,596117
775,catcher,93,78,Gary Sánchez,OFFENSE,0.7307692307692307,0.07354838709677419,0.6129032258064516,57,596142
1581,catcher,197,184,Victor Caratini,OFFENSE,0.8206521739130435,0.09550917141049968,0.766497461928934,151,605170
109,catcher,17,13,Aramis Garcia,OFFENSE,1.0,0.11926605504587157,0.7647058823529411,13,605244
558,catcher,55,45,Eric Haase,OFFENSE,0.7555555555555555,0.06093189964157706,0.6181818181818182,34,606992
2029,catcher,236,223,Carson Kelly,OFFENSE,0.8430493273542601,0.09265648102513553,0.7966101694915254,188,608348
1627,catcher,197,189,Luis Torrens,OFFENSE,0.798941798941799,0.09280885064535956,0.766497461928934,151,620443
1278,catcher,182,174,Tyler Heineman,OFFENSE,0.8275862068965517,0.11267605633802817,0.7912087912087912,144,623168
949,catcher,109,92,Jose Trevino,OFFENSE,0.782608695652174,0.07586933614330875,0.6605504587155964,72,624431
231,catcher,23,21,Reese McGuire,OFFENSE,0.8095238095238095,0.0735930735930736,0.7391304347826086,17,624512
373,catcher,54,52,Brian Navarreto,OFFENSE,0.7692307692307693,0.10723860589812333,0.7407407407407407,40,640459
555,catcher,61,47,Jhonny Pereda,OFFENSE,0.723404255319149,0.06126126126126126,0.5573770491803278,34,640902
588,catcher,73,64,J.C. Escarra,OFFENSE,0.765625,0.08333333333333333,0.6712328767123288,49,641555
669,catcher,55,53,Mitch Garver,OFFENSE,0.6037735849056604,0.04783258594917788,0.5818181818181818,32,641598
1387,catcher,175,159,Jonah Heim,OFFENSE,0.7735849056603774,0.08868060562364816,0.7028571428571428,123,641680
135,catcher,12,10,Chuckie Robinson,OFFENSE,0.7,0.05185185185185185,0.5833333333333334,7,642020
517,catcher,65,64,Austin Wynns,OFFENSE,0.859375,0.10638297872340426,0.8461538461538461,55,642851
1046,catcher,85,73,Danny Jansen,OFFENSE,0.7808219178082192,0.05449330783938815,0.6705882352941176,57,643376
329,catcher,32,30,Chadwick Tromp,OFFENSE,0.7666666666666667,0.06990881458966565,0.71875,23,644433
619,catcher,107,99,Ali Sánchez,OFFENSE,0.7676767676767676,0.12277867528271405,0.7102803738317757,76,645305
161,catcher,17,11,Yohel Pozo,OFFENSE,0.7272727272727273,0.049689440993788817,0.47058823529411764,8,650968
426,catcher,36,34,Alex Jackson,OFFENSE,0.8529411764705882,0.06807511737089202,0.8055555555555556,29,656577
1298,catcher,118,110,Connor Wong,OFFENSE,0.8181818181818182,0.06933744221879815,0.7627118644067796,90,657136
2056,catcher,235,217,Keibert Ruiz,OFFENSE,0.7972350230414746,0.08414396887159534,0.7361702127659574,173,660688
605,catcher,59,56,Rodolfo Durán,OFFENSE,0.8214285714285714,0.07603305785123966,0.7796610169491526,46,660710
2731,catcher,265,242,William Contreras,OFFENSE,0.8016528925619835,0.0710362504577078,0.7320754716981132,194,661388
405,catcher,39,39,Brian Serven,OFFENSE,0.7435897435897436,0.07160493827160494,0.7435897435897436,29,661531
136,catcher,17,17,Hayden Senger,OFFENSE,0.8235294117647058,0.10294117647058823,0.8235294117647058,14,663584
790,catcher,84,77,Joey Bart,OFFENSE,0.8571428571428571,0.08354430379746836,0.7857142857142857,66,663698
1940,catcher,180,162,Cal Raleigh,OFFENSE,0.8580246913580247,0.07164948453608247,0.7722222222222223,139,663728
1655,catcher,159,144,Nick Fortes,OFFENSE,0.7291666666666666,0.0634441087613293,0.660377358490566,105,663743
2415,catcher,246,217,Tyler Stephenson,OFFENSE,0.783410138248848,0.07039337474120083,0.6910569105691057,170,663886
181,catcher,18,18,César Salazar,OFFENSE,0.8333333333333334,0.08287292817679558,0.8333333333333334,15,663967
238,catcher,27,27,P.J. Higgins,OFFENSE,0.9259259259259259,0.10504201680672269,0.9259259259259259,25,664731
1172,catcher,131,114,Brett Sullivan,OFFENSE,0.7982456140350878,0.07764505119453925,0.6946564885496184,91,664954
621,catcher,88,76,Rafael Marchán,OFFENSE,0.8026315789473685,0.09822866344605476,0.6931818181818182,61,665561
1344,catcher,132,127,Miguel Amaya,OFFENSE,0.8661417322834646,0.0818452380952381,0.8333333333333334,110,665804
4,catcher,0,0,Jair Camargo,OFFENSE,,0.0,,0,665856
399,catcher,49,49,Sebastián Rivero,OFFENSE,0.7959183673469388,0.09774436090225563,0.7959183673469388,39,665861
1825,catcher,219,202,Carlos Narváez,OFFENSE,0.7475247524752475,0.08273972602739726,0.6894977168949772,151,665966
1632,catcher,207,194,Freddy Fermin,OFFENSE,0.8041237113402062,0.09558823529411764,0.7536231884057971,156,666023
213,catcher,20,19,Ben Rortvedt,OFFENSE,0.7894736842105263,0.07042253521126761,0.75,15,666163
617,catcher,69,64,Bo Naylor,OFFENSE,0.84375,0.08752025931928688,0.782608695652174,54,666310
1025,catcher,114,100,Jake Rogers,OFFENSE,0.8,0.07804878048780488,0.7017543859649122,80,668670
283,catcher,31,30,Andrew Knizner,OFFENSE,0.7666666666666667,0.0812720848056537,0.7419354838709677,23,668800
1537,catcher,219,206,Adley Rutschman,OFFENSE,0.8058252427184466,0.10800260247234873,0.7579908675799086,166,668939
212,catcher,22,20,Sam Huff,OFFENSE,0.9,0.08490566037735849,0.8181818181818182,18,669087
1727,catcher,176,164,Shea Langeliers,OFFENSE,0.8475609756097561,0.08048639258830341,0.7897727272727273,139,669127
1052,catcher,110,106,Luis Campusano,OFFENSE,0.8301886792452831,0.08365019011406843,0.8,88,669134
487,catcher,64,63,Sean Murphy,OFFENSE,0.8095238095238095,0.10472279260780287,0.796875,51,669221
2274,catcher,281,260,Austin Wells,OFFENSE,0.7884615384615384,0.0901495162708883,0.7295373665480427,205,669224
1127,catcher,99,88,Will Smith,OFFENSE,0.8636363636363636,0.06743566992014197,0.7676767676767676,76,669257
1222,catcher,120,113,Iván Herrera,OFFENSE,0.8230088495575221,0.07610474631751228,0.775,93,671056
2054,catcher,248,235,Patrick Bailey,OFFENSE,0.7914893617021277,0.09055501460564752,0.75,186,672275
1373,catcher,194,181,Alejandro Kirk,OFFENSE,0.8011049723756906,0.1056081573197378,0.7474226804123711,145,672386
1899,catcher,233,226,Gabriel Moreno,OFFENSE,0.8185840707964602,0.09741969457609267,0.7939914163090128,185,672515
206,catcher,30,29,Eliezer Alfonzo,OFFENSE,0.7931034482758621,0.11165048543689321,0.7666666666666667,23,672613
1580,catcher,156,138,Yainer Diaz,OFFENSE,0.8043478260869565,0.07025316455696203,0.7115384615384616,111,673237
22,catcher,3,3,Blake Hunt,OFFENSE,1.0,0.13636363636363635,1.0,3,675448
1463,catcher,170,160,Hunter Feduccia,OFFENSE,0.80625,0.08817498291182502,0.7588235294117647,129,676439
25,catcher,1,1,Shawn Ross,OFFENSE,1.0,0.04,1.0,1,676566
65,catcher,13,8,Will Banfield,OFFENSE,0.875,0.1076923076923077,0.5384615384615384,7,677943
1542,catcher,226,202,Brandon Valenzuela,OFFENSE,0.8613861386138614,0.11284046692607004,0.7699115044247787,174,678218
268,catcher,36,32,Eduardo Valencia,OFFENSE,0.75,0.08955223880597014,0.6666666666666666,24,680664
357,catcher,34,32,Adrian Del Castillo,OFFENSE,0.9375,0.08403361344537816,0.8823529411764706,30,680728
1530,catcher,172,164,Ryan Jeffers,OFFENSE,0.8170731707317073,0.08758169934640522,0.7790697674418605,134,680777
1861,catcher,189,162,Henry Davis,OFFENSE,0.8209876543209876,0.07146695325094035,0.7037037037037037,133,680779
1643,catcher,151,131,Logan O'Hoppe,OFFENSE,0.8702290076335878,0.06938527084601338,0.7549668874172185,114,681351
241,catcher,27,27,Mickey Gasper,OFFENSE,0.8888888888888888,0.0995850622406639,0.8888888888888888,24,681508
104,catcher,9,6,David Fry,OFFENSE,0.6666666666666666,0.038461538461538464,0.4444444444444444,4,681807
53,catcher,5,5,Logan Porter,OFFENSE,0.8,0.07547169811320754,0.8,4,682515
1713,catcher,198,191,Francisco Alvarez,OFFENSE,0.8638743455497382,0.09632224168126094,0.8333333333333334,165,682626
459,catcher,43,39,Agustín Ramírez,OFFENSE,0.8461538461538461,0.0718954248366013,0.7674418604651163,33,682663
745,catcher,94,89,Endy Rodríguez,OFFENSE,0.797752808988764,0.0953020134228188,0.7553191489361702,71,682848
34,catcher,1,1,Omar Martinez,OFFENSE,1.0,0.029411764705882353,1.0,1,683079
233,catcher,21,20,Jesus Rodriguez,OFFENSE,0.75,0.06437768240343347,0.7142857142857143,15,683679
1086,catcher,157,143,Drew Millas,OFFENSE,0.7622377622377622,0.1003683241252302,0.6942675159235668,109,686452
1410,catcher,182,175,Pedro Pagés,OFFENSE,0.84,0.10425531914893617,0.8076923076923077,147,686780
1611,catcher,184,179,Drake Baldwin,OFFENSE,0.8212290502793296,0.09124767225325885,0.7989130434782609,147,686948
1225,catcher,118,108,Dalton Rushing,OFFENSE,0.7222222222222222,0.0636734693877551,0.6610169491525424,78,687221
1227,catcher,132,114,Liam Hicks,OFFENSE,0.8070175438596491,0.07497962510187449,0.696969696969697,92,689414
218,catcher,20,11,Braxton Fulford,OFFENSE,0.9090909090909091,0.045871559633027525,0.5,10,690924
1375,catcher,162,159,Drew Romo,OFFENSE,0.8364779874213837,0.09672727272727273,0.8209876543209876,133,691011
470,catcher,38,34,Kyle Teel,OFFENSE,0.7352941176470589,0.05319148936170213,0.6578947368421053,25,691019
18,catcher,2,2,Jeferson Quero,OFFENSE,1.0,0.1111111111111111,1.0,2,691620
1003,catcher,135,129,Daniel Susac,OFFENSE,0.7984496124031008,0.10269192422731804,0.762962962962963,103,691740
1924,catcher,200,182,Joe Mack,OFFENSE,0.7362637362637363,0.06964656964656965,0.67,134,691788
2400,catcher,321,286,Dillon Dingler,OFFENSE,0.8111888111888111,0.09666666666666666,0.7227414330218068,232,693307
338,catcher,33,32,Moisés Ballesteros,OFFENSE,0.875,0.08284023668639054,0.8484848484848485,28,694208
1192,catcher,123,118,Samuel Basallo,OFFENSE,0.7966101694915254,0.07885906040268456,0.7642276422764228,94,694212
2063,catcher,249,223,Carter Jensen,OFFENSE,0.820627802690583,0.08870576829859428,0.7349397590361446,183,695600
544,catcher,62,52,Harry Ford,OFFENSE,0.8846153846153846,0.08455882352941177,0.7419354838709677,46,695670
1914,catcher,202,190,Hunter Goodman,OFFENSE,0.8,0.0794148380355277,0.7524752475247525,152,696100
151,catcher,12,12,Leo Bernal,OFFENSE,0.6666666666666666,0.052980132450331126,0.6666666666666666,8,699024
893,catcher,104,92,Jimmy Crooks,OFFENSE,0.8152173913043478,0.083986562150056,0.7211538461538461,75,699625
1234,catcher,120,112,Edgar Quero,OFFENSE,0.75,0.06807131280388978,0.7,84,700337
70,catcher,8,8,Kenny Piper,OFFENSE,0.875,0.1,0.875,7,700652
848,catcher,91,89,Drew Cavanaugh,OFFENSE,0.7303370786516854,0.07665094339622641,0.7142857142857143,65,701852
536,catcher,67,59,Rafael Flores Jr.,OFFENSE,0.847457627118644,0.09328358208955224,0.746268656716418,50,804668
68,catcher,8,6,Collin Price,OFFENSE,1.0,0.08823529411764706,0.75,6,805672
36,catcher,3,3,Ethan Salas,OFFENSE,1.0,0.08333333333333333,1.0,3,806956
6993,challenges_remaining,829,0,,OFFENSE,,0.0,0.0,0,0
27914,challenges_remaining,3234,3168,,OFFENSE,0.8068181818181818,0.09156695564949488,0.7903525046382189,2556,1
68861,challenges_remaining,7641,7587,,OFFENSE,0.8024252010017134,0.08840998533277182,0.7967543515246696,6088,2
48329,count,4911,4514,,OFFENSE,0.8976517501107665,0.08384199962755282,0.8250865404194665,4052,0-0
8692,count,955,881,,OFFENSE,0.771850170261067,0.07823285780027611,0.7120418848167539,680,0-1
1579,count,215,207,,OFFENSE,0.5314009661835749,0.06966434452184928,0.5116279069767442,110,0-2
14631,count,1733,1587,,OFFENSE,0.8380592312539382,0.09090287745198551,0.7674552798615119,1330,1-0
6855,count,927,862,,OFFENSE,0.7320185614849188,0.09204959883296863,0.6806903991370011,631,1-1
2380,count,402,365,,OFFENSE,0.589041095890411,0.09033613445378151,0.5348258706467661,215,1-2
6002,count,673,617,,OFFENSE,0.813614262560778,0.08363878707097634,0.7459138187221397,502,2-0
4243,count,535,482,,OFFENSE,0.7095435684647303,0.08060334668866369,0.6392523364485981,342,2-1
2452,count,380,350,,OFFENSE,0.5285714285714286,0.07544861337683524,0.4868421052631579,185,2-2
4017,count,351,314,,OFFENSE,0.910828025477707,0.07119741100323625,0.8148148148148148,286,3-0
2646,count,320,296,,OFFENSE,0.6722972972972973,0.07520786092214664,0.621875,199,3-1
1942,count,302,280,,OFFENSE,0.4,0.057672502574665295,0.3708609271523179,112,3-2
12302,inning,1218,1217,,OFFENSE,0.8373048479868529,0.08283205982767029,0.8366174055829229,1019,1
751,inning,81,79,,OFFENSE,0.6582278481012658,0.0692410119840213,0.6419753086419753,52,10
194,inning,28,26,,OFFENSE,0.5769230769230769,0.07731958762886598,0.5357142857142857,15,11
66,inning,14,12,,OFFENSE,0.75,0.13636363636363635,0.6428571428571429,9,12
9,inning,0,0,,OFFENSE,,0.0,,0,13
11993,inning,1169,1166,,OFFENSE,0.8430531732418525,0.08196447927957975,0.8408896492728828,983,2
11545,inning,1237,1222,,OFFENSE,0.8289689034369886,0.08774361195322651,0.8189167340339532,1013,3
11254,inning,1331,1301,,OFFENSE,0.8347425057647964,0.09649902256975297,0.8159278737791135,1086,4
11213,inning,1336,1283,,OFFENSE,0.8067030397505845,0.09230357620618924,0.7747005988023952,1035,5
11559,inning,1344,1239,,OFFENSE,0.8006456820016142,0.08582057271390259,0.7380952380952381,992,6
12012,inning,1434,1290,,OFFENSE,0.7651162790697674,0.08216783216783216,0.6882845188284519,987,7
11934,inning,1410,1110,,OFFENSE,0.7855855855855856,0.07306854365677895,0.6184397163120567,872,8
8936,inning,1102,810,,OFFENSE,0.717283950617284,0.06501790510295434,0.5272232304900182,581,9
37132,outs,4040,3727,,OFFENSE,0.8119130668097666,0.08149305181514596,0.749009900990099,3026,0
33801,outs,3862,3569,,OFFENSE,0.8002241524236481,0.08449454158161002,0.739513205592957,2856,1
32835,outs,3802,3459,,OFFENSE,0.7984966753396936,0.08411755748439166,0.7264597580220936,2762,2
6231,pitch_type,799,751,,OFFENSE,0.8069241011984021,0.09725565719788155,0.7584480600750939,606,CH
9,pitch_type,2,1,,OFFENSE,1.0,0.1111111111111111,0.5,1,CS
7544,pitch_type,863,807,,OFFENSE,0.815365551425031,0.08722163308589607,0.7624565469293163,658,CU
159,pitch_type,97,0,,OFFENSE,,0.0,0.0,0,EP
114,pitch_type,40,0,,OFFENSE,,0.0,0.0,0,FA
8446,pitch_type,1073,1007,,OFFENSE,0.8212512413108243,0.09791617333649065,0.7707362534948742,827,FC
33199,pitch_type,3669,3429,,OFFENSE,0.8008165645960922,0.08271333473899817,0.7484328154810576,2746,FF
27,pitch_type,2,2,,OFFENSE,1.0,0.07407407407407407,1.0,2,FO
1517,pitch_type,195,183,,OFFENSE,0.7923497267759563,0.0955833882663151,0.7435897435897436,145,FS
1575,pitch_type,200,196,,OFFENSE,0.75,0.09333333333333334,0.735,147,KC
42,pitch_type,11,2,,OFFENSE,0.5,0.023809523809523808,0.09090909090909091,1,KN
23239,pitch_type,2372,2181,,OFFENSE,0.801467216872994,0.07521838289083008,0.7369308600337268,1748,SI
12388,pitch_type,1452,1331,,OFFENSE,0.7851239669421488,0.0843558282208589,0.7196969696969697,1045,SL
8705,pitch_type,864,803,,OFFENSE,0.825653798256538,0.07616312464101091,0.7673611111111112,663,ST
518,pitch_type,65,62,,OFFENSE,0.8870967741935484,0.10617760617760617,0.8461538461538461,55,SV
55,pitch_type,0,0,,OFFENSE,,0.0,,0,UNKNOWN
14,pitcher,2,2,Justin Verlander,OFFENSE,1.0,0.14285714285714285,1.0,2,434378
97,pitcher,13,9,Kenley Jansen,OFFENSE,0.8888888888888888,0.08247422680412371,0.6153846153846154,8,445276
157,pitcher,15,15,Max Scherzer,OFFENSE,0.9333333333333333,0.08917197452229299,0.9333333333333333,14,453286
40,pitcher,6,6,Chris Martin,OFFENSE,0.8333333333333334,0.125,0.8333333333333334,5,455119
30,pitcher,5,5,Carlos Carrasco,OFFENSE,1.0,0.16666666666666666,1.0,5,471911
33,pitcher,4,2,Luis García,OFFENSE,1.0,0.06060606060606061,0.5,2,472610
83,pitcher,8,8,Robert Stock,OFFENSE,0.75,0.07228915662650602,0.75,6,476594
95,pitcher,20,17,Kirby Yates,OFFENSE,0.8235294117647058,0.14736842105263157,0.7,14,489446
6,pitcher,4,0,Miguel Rojas,OFFENSE,,0.0,0.0,0,500743
87,pitcher,12,12,Jose Quintana,OFFENSE,0.75,0.10344827586206896,0.75,9,500779
156,pitcher,21,17,Fernando Cruz,OFFENSE,0.7058823529411765,0.07692307692307693,0.5714285714285714,12,518585
326,pitcher,33,33,Merrill Kelly,OFFENSE,0.8181818181818182,0.08282208588957055,0.8181818181818182,27,518876
93,pitcher,14,13,Craig Kimbrel,OFFENSE,0.9230769230769231,0.12903225806451613,0.8571428571428571,12,518886
67,pitcher,11,11,Drew Pomeranz,OFFENSE,0.5454545454545454,0.08955223880597014,0.5454545454545454,6,519141
422,pitcher,39,39,Chris Sale,OFFENSE,0.7692307692307693,0.07109004739336493,0.7692307692307693,30,519242
359,pitcher,45,44,Martín Pérez,OFFENSE,0.8863636363636364,0.10863509749303621,0.8666666666666667,39,527048
88,pitcher,13,11,Shawn Armstrong,OFFENSE,0.5454545454545454,0.06818181818181818,0.46153846153846156,6,542888
311,pitcher,45,45,Gerrit Cole,OFFENSE,0.8444444444444444,0.12218649517684887,0.8444444444444444,38,543037
62,pitcher,6,5,Danny Coulombe,OFFENSE,0.6,0.04838709677419355,0.5,3,543056
292,pitcher,28,28,Nathan Eovaldi,OFFENSE,0.8214285714285714,0.07876712328767123,0.8214285714285714,23,543135
15,pitcher,5,5,Anthony Gose,OFFENSE,0.4,0.13333333333333333,0.4,2,543238
372,pitcher,45,44,Sonny Gray,OFFENSE,0.8181818181818182,0.0967741935483871,0.8,36,543243
8,pitcher,3,0,Kyle Higashioka,OFFENSE,,0.0,0.0,0,543309
6,pitcher,2,0,James McCann,OFFENSE,,0.0,0.0,0,543510
111,pitcher,24,22,Albert Suárez,OFFENSE,0.8636363636363636,0.17117117117117117,0.7916666666666666,19,544150
7,pitcher,3,0,Ildemaro Vargas,OFFENSE,,0.0,0.0,0,545121
388,pitcher,43,42,Michael Lorenzen,OFFENSE,0.9761904761904762,0.1056701030927835,0.9534883720930233,41,547179
24,pitcher,3,3,Michael Kelly,OFFENSE,1.0,0.125,1.0,3,547184
113,pitcher,18,15,Aroldis Chapman,OFFENSE,0.7333333333333333,0.09734513274336283,0.6111111111111112,11,547973
148,pitcher,17,15,Brooks Raley,OFFENSE,0.8,0.08108108108108109,0.7058823529411765,12,548384
110,pitcher,10,9,Andrew Kittredge,OFFENSE,0.6666666666666666,0.05454545454545454,0.6,6,552640
321,pitcher,40,38,Zack Wheeler,OFFENSE,0.8157894736842105,0.09657320872274143,0.775,31,554430
282,pitcher,35,33,Matthew Boyd,OFFENSE,0.9393939393939394,0.1099290780141844,0.8857142857142857,31,571510
210,pitcher,37,36,Patrick Corbin,OFFENSE,0.8333333333333334,0.14285714285714285,0.8108108108108109,30,571578
1,pitcher,1,0,Enrique Hernández,OFFENSE,,0.0,0.0,0,571771
17,pitcher,1,1,Derek Law,OFFENSE,1.0,0.058823529411764705,1.0,1,571882
212,pitcher,23,21,Steven Matz,OFFENSE,0.7142857142857143,0.07075471698113207,0.6521739130434783,15,571927
315,pitcher,34,34,Miles Mikolas,OFFENSE,0.7058823529411765,0.0761904761904762,0.7058823529411765,24,571945
117,pitcher,14,11,Hoby Milner,OFFENSE,0.8181818181818182,0.07692307692307693,0.6428571428571429,9,571948
52,pitcher,7,5,Burch Smith,OFFENSE,1.0,0.09615384615384616,0.7142857142857143,5,572143
140,pitcher,7,6,Pierce Johnson,OFFENSE,0.8333333333333334,0.03571428571428571,0.7142857142857143,5,572955
54,pitcher,6,6,Joe Mantiply,OFFENSE,1.0,0.1111111111111111,1.0,6,573009
190,pitcher,24,21,Taylor Rogers,OFFENSE,0.7619047619047619,0.08421052631578947,0.6666666666666666,16,573124
130,pitcher,17,16,Caleb Thielbar,OFFENSE,0.75,0.09230769230769231,0.7058823529411765,12,573204
123,pitcher,11,11,Yusei Kikuchi,OFFENSE,0.8181818181818182,0.07317073170731707,0.8181818181818182,9,579328
73,pitcher,9,8,Jason Adam,OFFENSE,0.5,0.0547945205479452,0.4444444444444444,4,592094
68,pitcher,8,8,Cam Booser,OFFENSE,0.75,0.08823529411764706,0.75,6,592155
17,pitcher,0,0,Kent Emanuel,OFFENSE,,0.0,,0,592288
446,pitcher,71,70,Kevin Gausman,OFFENSE,0.8857142857142857,0.13901345291479822,0.8732394366197183,62,592332
25,pitcher,5,5,Tommy Kahnle,OFFENSE,0.6,0.12,0.6,3,592454
348,pitcher,45,43,Robbie Ray,OFFENSE,0.7906976744186046,0.09770114942528736,0.7555555555555555,34,592662
127,pitcher,19,17,Ryne Stanek,OFFENSE,0.5882352941176471,0.07874015748031496,0.5263157894736842,10,592773
48,pitcher,3,2,Brock Stewart,OFFENSE,0.5,0.020833333333333332,0.3333333333333333,1,592779
231,pitcher,33,33,Jameson Taillon,OFFENSE,0.8181818181818182,0.11688311688311688,0.8181818181818182,27,592791
7,pitcher,1,0,Vince Velasquez,OFFENSE,,0.0,0.0,0,592826
71,pitcher,11,11,Taijuan Walker,OFFENSE,1.0,0.15492957746478872,1.0,11,592836
63,pitcher,12,12,Trevor Williams,OFFENSE,0.6666666666666666,0.12698412698412698,0.6666666666666666,8,592866
423,pitcher,62,61,Eduardo Rodriguez,OFFENSE,0.8360655737704918,0.12056737588652482,0.8225806451612904,51,593958
140,pitcher,19,17,Wandy Peralta,OFFENSE,0.7647058823529411,0.09285714285714286,0.6842105263157895,13,593974
89,pitcher,8,8,Tyron Guerrero,OFFENSE,0.75,0.06741573033707865,0.75,6,594027
189,pitcher,24,11,Sam Moll,OFFENSE,0.9090909090909091,0.05291005291005291,0.4166666666666667,10,594580
327,pitcher,50,44,Jacob deGrom,OFFENSE,0.7954545454545454,0.10703363914373089,0.7,35,594798
22,pitcher,1,0,Marco Gonzales,OFFENSE,,0.0,0.0,0,594835
70,pitcher,8,7,Blake Treinen,OFFENSE,0.8571428571428571,0.08571428571428572,0.75,6,595014
175,pitcher,23,22,Steven Okert,OFFENSE,0.7272727272727273,0.09142857142857143,0.6956521739130435,16,595345
11,pitcher,2,0,Austin Hedges,OFFENSE,,0.0,0.0,0,595978
149,pitcher,15,13,Jakob Junis,OFFENSE,0.8461538461538461,0.0738255033557047,0.7333333333333333,11,596001
4,pitcher,3,0,Garrett Stubbs,OFFENSE,,0.0,0.0,0,596117
116,pitcher,18,16,Luke Weaver,OFFENSE,0.6875,0.09482758620689655,0.6111111111111112,11,596133
5,pitcher,2,0,Gary Sánchez,OFFENSE,,0.0,0.0,0,596142
59,pitcher,2,2,Nick Pivetta,OFFENSE,0.5,0.01694915254237288,0.5,1,601713
97,pitcher,10,8,Scott Barlow,OFFENSE,0.75,0.061855670103092786,0.6,6,605130
244,pitcher,45,45,Chris Bassitt,OFFENSE,0.7555555555555555,0.13934426229508196,0.7555555555555555,34,605135
15,pitcher,1,0,John Brebbia,OFFENSE,,0.0,0.0,0,605154
1,pitcher,1,1,Aaron Brooks,OFFENSE,1.0,1.0,1.0,1,605156
19,pitcher,2,2,Carl Edwards Jr.,OFFENSE,1.0,0.10526315789473684,1.0,2,605218
29,pitcher,1,1,Michael Fulmer,OFFENSE,0.0,0.0,0.0,0,605242
227,pitcher,17,16,Clay Holmes,OFFENSE,1.0,0.07048458149779736,0.9411764705882353,16,605280
297,pitcher,42,42,Adrian Houser,OFFENSE,0.8571428571428571,0.12121212121212122,0.8571428571428571,36,605288
13,pitcher,0,0,Brandon Leibrandt,OFFENSE,,0.0,,0,605335
465,pitcher,59,57,Aaron Nola,OFFENSE,0.7543859649122807,0.09247311827956989,0.7288135593220338,43,605400
4,pitcher,0,0,Yacksel Ríos,OFFENSE,,0.0,,0,605441
93,pitcher,10,7,Jordan Romano,OFFENSE,0.7142857142857143,0.053763440860215055,0.5,5,605447
14,pitcher,0,0,Joe Ross,OFFENSE,,0.0,,0,605452
80,pitcher,6,6,Blake Snell,OFFENSE,0.6666666666666666,0.05,0.6666666666666666,4,605483
357,pitcher,45,43,Jeffrey Springs,OFFENSE,0.813953488372093,0.09803921568627451,0.7777777777777778,35,605488
111,pitcher,10,7,Brandon Woodruff,OFFENSE,0.5714285714285714,0.036036036036036036,0.4,4,605540
3,pitcher,1,0,Orlando Arcia,OFFENSE,,0.0,0.0,0,606115
23,pitcher,1,0,Joel Payamps,OFFENSE,,0.0,0.0,0,606303
19,pitcher,2,1,Chris Devenski,OFFENSE,1.0,0.05263157894736842,0.5,1,606965
192,pitcher,18,18,Kyle Hart,OFFENSE,0.8888888888888888,0.08333333333333333,0.8888888888888888,16,606996
363,pitcher,32,31,Colin Rea,OFFENSE,0.8064516129032258,0.06887052341597796,0.78125,25,607067
145,pitcher,18,18,Carlos Rodón,OFFENSE,0.7777777777777778,0.09655172413793103,0.7777777777777778,14,607074
168,pitcher,17,17,Tyler Glasnow,OFFENSE,0.8235294117647058,0.08333333333333333,0.8235294117647058,14,607192
381,pitcher,53,48,Erick Fedde,OFFENSE,0.9375,0.11811023622047244,0.8490566037735849,45,607200
382,pitcher,40,40,Nick Martinez,OFFENSE,0.85,0.08900523560209424,0.85,34,607259
94,pitcher,12,11,Anthony Banda,OFFENSE,0.8181818181818182,0.09574468085106383,0.75,9,607455
52,pitcher,5,5,Aaron Bummer,OFFENSE,1.0,0.09615384615384616,1.0,5,607481
319,pitcher,31,31,Kyle Freeland,OFFENSE,0.7741935483870968,0.07523510971786834,0.7741935483870968,24,607536
460,pitcher,47,47,Seth Lugo,OFFENSE,0.8723404255319149,0.0891304347826087,0.8723404255319149,41,607625
2,pitcher,0,0,Carlos Estévez,OFFENSE,,0.0,,0,608032
240,pitcher,28,28,Max Fried,OFFENSE,0.8571428571428571,0.1,0.8571428571428571,24,608331
85,pitcher,9,9,Lucas Giolito,OFFENSE,0.6666666666666666,0.07058823529411765,0.6666666666666666,6,608337
12,pitcher,1,1,Cole Irvin,OFFENSE,1.0,0.08333333333333333,1.0,1,608344
4,pitcher,1,0,Carson Kelly,OFFENSE,,0.0,0.0,0,608348
29,pitcher,4,4,Lucas Sims,OFFENSE,0.75,0.10344827586206896,0.75,3,608371
335,pitcher,32,31,Tomoyuki Sugano,OFFENSE,0.8387096774193549,0.07761194029850746,0.8125,26,608372
443,pitcher,38,37,Michael Wacha,OFFENSE,0.8378378378378378,0.06997742663656885,0.8157894736842105,31,608379
139,pitcher,17,17,Germán Márquez,OFFENSE,0.8235294117647058,0.10071942446043165,0.8235294117647058,14,608566
47,pitcher,4,4,Dietrich Enns,OFFENSE,0.5,0.0425531914893617,0.5,2,608650
273,pitcher,34,29,Brent Suter,OFFENSE,0.8275862068965517,0.08791208791208792,0.7058823529411765,24,608718
30,pitcher,7,7,Austin Voth,OFFENSE,0.8571428571428571,0.2,0.8571428571428571,6,608723
245,pitcher,26,24,Cal Quantrill,OFFENSE,0.7083333333333334,0.06938775510204082,0.6538461538461539,17,615698
2,pitcher,2,0,Luis Torrens,OFFENSE,,0.0,0.0,0,620443
47,pitcher,6,5,Jose Cuas,OFFENSE,1.0,0.10638297872340426,0.8333333333333334,5,621016
51,pitcher,7,7,Tyler Ferguson,OFFENSE,1.0,0.13725490196078433,1.0,7,621053
119,pitcher,11,10,Michael Rucker,OFFENSE,0.7,0.058823529411764705,0.6363636363636364,7,621074
90,pitcher,9,9,Jacob Waguespack,OFFENSE,0.6666666666666666,0.06666666666666667,0.6666666666666666,6,621097
10,pitcher,3,3,Zach Eflin,OFFENSE,1.0,0.3,1.0,3,621107
403,pitcher,39,39,Walker Buehler,OFFENSE,0.8205128205128205,0.0794044665012407,0.8205128205128205,32,621111
190,pitcher,28,25,Paul Blackburn,OFFENSE,0.72,0.09473684210526316,0.6428571428571429,18,621112
136,pitcher,9,9,Lance McCullers Jr.,OFFENSE,0.4444444444444444,0.029411764705882353,0.4444444444444444,4,621121
7,pitcher,1,1,Brooks Kriske,OFFENSE,1.0,0.14285714285714285,1.0,1,621139
146,pitcher,17,15,José Alvarado,OFFENSE,0.8,0.0821917808219178,0.7058823529411765,12,621237
56,pitcher,5,5,Edwin Díaz,OFFENSE,0.8,0.07142857142857142,0.8,4,621242
70,pitcher,10,10,A.J. Minter,OFFENSE,0.9,0.12857142857142856,0.9,9,621345
49,pitcher,4,3,Ryan Borucki,OFFENSE,0.3333333333333333,0.02040816326530612,0.25,1,621366
103,pitcher,9,8,Matt Strahm,OFFENSE,0.875,0.06796116504854369,0.7777777777777778,7,621381
86,pitcher,11,10,Tanner Banks,OFFENSE,1.0,0.11627906976744186,0.9090909090909091,10,621383
7,pitcher,0,0,Ty Blach,OFFENSE,,0.0,,0,621389
154,pitcher,13,12,Tejay Antone,OFFENSE,0.9166666666666666,0.07142857142857142,0.8461538461538461,11,622088
304,pitcher,39,39,Luis Castillo,OFFENSE,0.5897435897435898,0.0756578947368421,0.5897435897435898,23,622491
138,pitcher,12,10,Seranthony Domínguez,OFFENSE,0.5,0.036231884057971016,0.4166666666666667,5,622554
163,pitcher,17,14,Antonio Senzatela,OFFENSE,0.7857142857142857,0.06748466257668712,0.6470588235294118,11,622608
174,pitcher,15,15,Luis Severino,OFFENSE,0.8,0.06896551724137931,0.8,12,622663
37,pitcher,6,6,Elieser Hernández,OFFENSE,0.5,0.08108108108108109,0.5,3,622694
6,pitcher,2,0,Jorge Mateo,OFFENSE,,0.0,0.0,0,622761
124,pitcher,14,11,Paul Sewald,OFFENSE,0.7272727272727273,0.06451612903225806,0.5714285714285714,8,623149
12,pitcher,6,0,Tyler Heineman,OFFENSE,,0.0,0.0,0,623168
141,pitcher,14,14,Huascar Brazobán,OFFENSE,0.7142857142857143,0.07092198581560284,0.7142857142857143,10,623211
92,pitcher,11,9,Josh Hader,OFFENSE,0.4444444444444444,0.043478260869565216,0.36363636363636365,4,623352
7,pitcher,0,0,Thomas Pannone,OFFENSE,,0.0,,0,623381
73,pitcher,12,12,Justin Topa,OFFENSE,0.75,0.1232876712328767,0.75,9,623437
252,pitcher,33,31,Drew Anderson,OFFENSE,0.7419354838709677,0.09126984126984126,0.696969696969697,23,623454
68,pitcher,8,8,Evan Phillips,OFFENSE,0.75,0.08823529411764706,0.75,6,623465
129,pitcher,14,13,Jimmy Herget,OFFENSE,0.7692307692307693,0.07751937984496124,0.7142857142857143,10,623474
378,pitcher,63,60,Ranger Suarez,OFFENSE,0.75,0.11904761904761904,0.7142857142857143,45,624133
8,pitcher,1,0,Adam Frazier,OFFENSE,,0.0,0.0,0,624428
14,pitcher,10,0,Jose Trevino,OFFENSE,,0.0,0.0,0,624431
3,pitcher,1,0,Reese McGuire,OFFENSE,,0.0,0.0,0,624512
31,pitcher,5,4,Keegan Thompson,OFFENSE,0.5,0.06451612903225806,0.4,2,624522
212,pitcher,22,22,Reynaldo López,OFFENSE,0.8181818181818182,0.08490566037735849,0.8181818181818182,18,625643
143,pitcher,14,13,Raisel Iglesias,OFFENSE,0.7692307692307693,0.06993006993006994,0.7142857142857143,10,628452
2,pitcher,0,0,Yunior Marte,OFFENSE,,0.0,,0,628708
147,pitcher,20,15,Kyle Finnegan,OFFENSE,0.6,0.061224489795918366,0.45,9,640448
17,pitcher,1,1,Hunter Harvey,OFFENSE,1.0,0.058823529411764705,1.0,1,640451
28,pitcher,4,3,Matt Krook,OFFENSE,1.0,0.10714285714285714,0.75,3,640454
363,pitcher,36,36,Sean Manaea,OFFENSE,0.75,0.0743801652892562,0.75,27,640455
2,pitcher,0,0,Jhonny Pereda,OFFENSE,,0.0,,0,640902
188,pitcher,24,21,Tyler Alexander,OFFENSE,0.7619047619047619,0.0851063829787234,0.6666666666666666,16,641302
53,pitcher,4,4,Shaun Anderson,OFFENSE,1.0,0.07547169811320754,1.0,4,641312
141,pitcher,20,17,Bryan Baker,OFFENSE,0.6470588235294118,0.07801418439716312,0.55,11,641329
5,pitcher,0,0,Ben Bowden,OFFENSE,,0.0,,0,641386
31,pitcher,3,3,Connor Brogdon,OFFENSE,0.6666666666666666,0.06451612903225806,0.6666666666666666,2,641401
17,pitcher,0,0,J.P. France,OFFENSE,,0.0,,0,641585
17,pitcher,4,2,Ian Hamilton,OFFENSE,1.0,0.11764705882352941,0.5,2,641656
379,pitcher,35,35,Anthony Kay,OFFENSE,0.8285714285714286,0.07651715039577836,0.8285714285714286,29,641743
87,pitcher,9,4,Brad Keller,OFFENSE,1.0,0.04597701149425287,0.4444444444444444,4,641745
152,pitcher,23,21,Tyler Kinley,OFFENSE,0.7142857142857143,0.09868421052631579,0.6521739130434783,15,641755
249,pitcher,39,39,Eric Lauer,OFFENSE,0.7948717948717948,0.12449799196787148,0.7948717948717948,31,641778
293,pitcher,39,38,Zack Littell,OFFENSE,0.7105263157894737,0.09215017064846416,0.6923076923076923,27,641793
356,pitcher,49,49,Tyler Mahle,OFFENSE,0.8367346938775511,0.1151685393258427,0.8367346938775511,41,641816
179,pitcher,26,22,Tim Mayza,OFFENSE,0.8181818181818182,0.1005586592178771,0.6923076923076923,18,641835
288,pitcher,37,37,Bailey Ober,OFFENSE,0.918918918918919,0.11805555555555555,0.918918918918919,34,641927
74,pitcher,15,11,Emilio Pagán,OFFENSE,0.45454545454545453,0.06756756756756757,0.3333333333333333,5,641941
38,pitcher,3,3,Tayler Saucedo,OFFENSE,1.0,0.07894736842105263,1.0,3,642048
98,pitcher,6,5,Gabe Speier,OFFENSE,0.6,0.030612244897959183,0.5,3,642100
101,pitcher,12,10,Cole Sulser,OFFENSE,0.4,0.039603960396039604,0.3333333333333333,4,642121
18,pitcher,3,1,Lou Trivino III,OFFENSE,0.0,0.0,0.0,0,642152
104,pitcher,9,8,Devin Williams,OFFENSE,0.75,0.057692307692307696,0.6666666666666666,6,642207
12,pitcher,6,0,Weston Wilson,OFFENSE,,0.0,0.0,0,642215
148,pitcher,16,14,Ryan Yarbrough,OFFENSE,0.7142857142857143,0.06756756756756757,0.625,10,642232
36,pitcher,4,4,Jefry Yan,OFFENSE,1.0,0.1111111111111111,1.0,4,642376
195,pitcher,25,20,Gregory Soto,OFFENSE,0.65,0.06666666666666667,0.52,13,642397
128,pitcher,15,15,Jonathan Loáisiga,OFFENSE,0.8666666666666667,0.1015625,0.8666666666666667,13,642528
77,pitcher,8,8,Jonathan Hernández,OFFENSE,0.875,0.09090909090909091,0.875,7,642546
364,pitcher,53,53,Freddy Peralta,OFFENSE,0.8113207547169812,0.11813186813186813,0.8113207547169812,43,642547
123,pitcher,13,11,Dennis Santana,OFFENSE,0.9090909090909091,0.08130081300813008,0.7692307692307693,10,642701
11,pitcher,1,1,Julian Fernández,OFFENSE,1.0,0.09090909090909091,1.0,1,642759
2,pitcher,0,0,Kevin Herget,OFFENSE,,0.0,,0,643361
248,pitcher,28,28,Griffin Jax,OFFENSE,0.8214285714285714,0.09274193548387097,0.8214285714285714,23,643377
100,pitcher,9,8,Mark Leiter Jr.,OFFENSE,0.625,0.05,0.5555555555555556,5,643410
180,pitcher,30,24,Tyler Rogers,OFFENSE,0.9583333333333334,0.12777777777777777,0.7666666666666667,23,643511
2,pitcher,2,0,Chadwick Tromp,OFFENSE,,0.0,0.0,0,644433
481,pitcher,45,45,Sandy Alcantara,OFFENSE,0.7333333333333333,0.06860706860706861,0.7333333333333333,33,645261
6,pitcher,3,0,Victor Robles,OFFENSE,,0.0,0.0,0,645302
114,pitcher,11,10,Enmanuel De Jesus,OFFENSE,0.8,0.07017543859649122,0.7272727272727273,8,646241
8,pitcher,1,1,Jhonathan Díaz,OFFENSE,1.0,0.125,1.0,1,646242
27,pitcher,3,2,Zach Pop,OFFENSE,1.0,0.07407407407407407,0.6666666666666666,2,647315
257,pitcher,23,23,Michael Soroka,OFFENSE,0.8695652173913043,0.07782101167315175,0.8695652173913043,20,647336
180,pitcher,20,14,Bryan Abreu,OFFENSE,0.5714285714285714,0.044444444444444446,0.4,8,650556
439,pitcher,50,50,Michael King,OFFENSE,0.84,0.09567198177676538,0.84,42,650633
320,pitcher,32,31,Aaron Civale,OFFENSE,0.9354838709677419,0.090625,0.90625,29,650644
460,pitcher,50,48,Cristopher Sánchez,OFFENSE,0.7916666666666666,0.08260869565217391,0.76,38,650911
74,pitcher,10,9,Daniel Duarte,OFFENSE,0.8888888888888888,0.10810810810810811,0.8,8,650960
3,pitcher,2,0,Andruw Monasterio,OFFENSE,,0.0,0.0,0,655316
12,pitcher,1,1,Manuel Rodríguez,OFFENSE,1.0,0.08333333333333333,1.0,1,655889
32,pitcher,4,3,Charlie Barnes,OFFENSE,1.0,0.09375,0.75,3,656212
72,pitcher,4,4,Jalen Beeks,OFFENSE,1.0,0.05555555555555555,1.0,4,656222
143,pitcher,9,8,Jake Bird,OFFENSE,1.0,0.055944055944055944,0.8888888888888888,8,656234
52,pitcher,6,5,Scott Blewett,OFFENSE,0.6,0.057692307692307696,0.5,3,656240
180,pitcher,16,15,Brock Burke,OFFENSE,0.8666666666666667,0.07222222222222222,0.8125,13,656271
220,pitcher,28,28,Griffin Canning,OFFENSE,0.8928571428571429,0.11363636363636363,0.8928571428571429,25,656288
446,pitcher,68,67,Dylan Cease,OFFENSE,0.6865671641791045,0.1031390134529148,0.6764705882352942,46,656302
266,pitcher,43,41,Jack Flaherty,OFFENSE,0.8048780487804879,0.12406015037593984,0.7674418604651163,33,656427
23,pitcher,1,1,Tyler Gilbert,OFFENSE,1.0,0.043478260869565216,1.0,1,656457
136,pitcher,15,13,Kevin Ginkel,OFFENSE,0.7692307692307693,0.07352941176470588,0.6666666666666666,10,656464
468,pitcher,80,79,Foster Griffin,OFFENSE,0.810126582278481,0.13675213675213677,0.8,64,656492
100,pitcher,11,10,Sam Hentges,OFFENSE,0.8,0.08,0.7272727272727273,8,656529
171,pitcher,24,18,Jeff Hoffman,OFFENSE,0.7777777777777778,0.08187134502923976,0.5833333333333334,14,656546
309,pitcher,34,33,Grant Holmes,OFFENSE,0.7575757575757576,0.08090614886731391,0.7352941176470589,25,656550
3,pitcher,1,0,Alex Jackson,OFFENSE,,0.0,0.0,0,656577
302,pitcher,30,30,Mitch Keller,OFFENSE,0.9,0.08940397350993377,0.9,27,656605
156,pitcher,13,12,Alex Lange,OFFENSE,0.6666666666666666,0.05128205128205128,0.6153846153846154,8,656638
141,pitcher,9,7,Jacob Latz,OFFENSE,0.8571428571428571,0.0425531914893617,0.6666666666666666,6,656641
13,pitcher,0,0,Corbin Martin,OFFENSE,,0.0,,0,656686
12,pitcher,9,0,Zach McKinstry,OFFENSE,,0.0,0.0,0,656716
134,pitcher,24,23,Trevor Megill,OFFENSE,0.5652173913043478,0.09701492537313433,0.5416666666666666,13,656730
44,pitcher,4,0,Jordan Montgomery,OFFENSE,,0.0,0.0,0,656756
26,pitcher,6,6,Parker Mushinski,OFFENSE,0.6666666666666666,0.15384615384615385,0.6666666666666666,4,656786
251,pitcher,29,26,Sean Newcomb,OFFENSE,0.8076923076923077,0.08366533864541832,0.7241379310344828,21,656794
137,pitcher,11,9,Michael Petersen,OFFENSE,0.7777777777777778,0.051094890510948905,0.6363636363636364,7,656848
366,pitcher,49,49,David Peterson,OFFENSE,0.9591836734693877,0.1284153005464481,0.9591836734693877,47,656849
390,pitcher,40,38,Drew Rasmussen,OFFENSE,0.7631578947368421,0.07435897435897436,0.725,29,656876
119,pitcher,8,5,Tanner Scott,OFFENSE,0.6,0.025210084033613446,0.375,3,656945
75,pitcher,5,5,Bennett Sousa,OFFENSE,0.8,0.05333333333333334,0.8,4,656986
118,pitcher,15,15,Ryan Thompson,OFFENSE,0.9333333333333333,0.11864406779661017,0.9333333333333333,14,657044
164,pitcher,14,13,Jacob Webb,OFFENSE,0.8461538461538461,0.06707317073170732,0.7857142857142857,11,657097
43,pitcher,9,9,Peter Strzelecki,OFFENSE,0.7777777777777778,0.16279069767441862,0.7777777777777778,7,657265
427,pitcher,57,57,Logan Webb,OFFENSE,0.8771929824561403,0.117096018735363,0.8771929824561403,50,657277
67,pitcher,9,9,Matt Gage,OFFENSE,0.6666666666666666,0.08955223880597014,0.6666666666666666,6,657424
134,pitcher,15,15,Brennan Bernardino,OFFENSE,0.8666666666666667,0.09701492537313433,0.8666666666666667,13,657514
107,pitcher,6,6,Caleb Ferguson,OFFENSE,0.5,0.028037383177570093,0.5,3,657571
126,pitcher,20,18,Tim Hill,OFFENSE,0.8333333333333334,0.11904761904761904,0.75,15,657612
33,pitcher,4,4,Jared Koenig,OFFENSE,0.5,0.06060606060606061,0.5,2,657649
369,pitcher,38,37,Joe Ryan,OFFENSE,0.7837837837837838,0.07859078590785908,0.7631578947368421,29,657746
79,pitcher,9,8,Connor Seabold,OFFENSE,0.875,0.08860759493670886,0.7777777777777778,7,657756
222,pitcher,17,16,Shohei Ohtani,OFFENSE,0.8125,0.05855855855855856,0.7647058823529411,13,660271
73,pitcher,13,13,Alan Rangel,OFFENSE,0.8461538461538461,0.1506849315068493,0.8461538461538461,11,660604
4,pitcher,0,0,Rodolfo Durán,OFFENSE,,0.0,,0,660710
143,pitcher,15,14,José Suarez,OFFENSE,0.8571428571428571,0.08391608391608392,0.8,12,660761
53,pitcher,5,5,Yerry De los Santos,OFFENSE,0.6,0.05660377358490566,0.6,3,660787
217,pitcher,19,17,Eduard Bazardo,OFFENSE,0.6470588235294118,0.05069124423963134,0.5789473684210527,11,660825
5,pitcher,5,0,Leo Rivas,OFFENSE,,0.0,0.0,0,660844
134,pitcher,17,16,Enyel De Los Santos,OFFENSE,0.75,0.08955223880597014,0.7058823529411765,12,660853
108,pitcher,11,4,Jhoan Duran,OFFENSE,0.75,0.027777777777777776,0.2727272727272727,3,661395
5,pitcher,0,0,Seth Martinez,OFFENSE,,0.0,,0,661527
72,pitcher,10,10,Luis Gil,OFFENSE,0.8,0.1111111111111111,0.8,8,661563
5,pitcher,1,1,Brian Keller,OFFENSE,0.0,0.0,0.0,0,662144
150,pitcher,10,7,Andrés Muñoz,OFFENSE,0.8571428571428571,0.04,0.6,6,662253
57,pitcher,7,6,Robert Suarez,OFFENSE,0.8333333333333334,0.08771929824561403,0.7142857142857143,5,663158
117,pitcher,14,12,Matt Waldron,OFFENSE,0.9166666666666666,0.09401709401709402,0.7857142857142857,11,663362
257,pitcher,18,18,Ryan Feltner,OFFENSE,0.7222222222222222,0.05058365758754864,0.7222222222222222,13,663372
106,pitcher,11,10,Trent Thornton,OFFENSE,0.9,0.08490566037735849,0.8181818181818182,9,663423
26,pitcher,7,6,Tanner Rainey,OFFENSE,0.6666666666666666,0.15384615384615385,0.5714285714285714,4,663432
332,pitcher,26,26,Davis Martin,OFFENSE,0.8461538461538461,0.06626506024096386,0.8461538461538461,22,663436
125,pitcher,10,9,Kris Bubic,OFFENSE,0.7777777777777778,0.056,0.7,7,663460
32,pitcher,4,2,Kolby Allard,OFFENSE,1.0,0.0625,0.5,2,663465
32,pitcher,4,3,Cole Sands,OFFENSE,1.0,0.09375,0.75,3,663485
191,pitcher,19,18,Bryan Hudson,OFFENSE,0.7222222222222222,0.06806282722513089,0.6842105263157895,13,663542
305,pitcher,39,36,Casey Mize,OFFENSE,0.7777777777777778,0.09180327868852459,0.717948717948718,28,663554
300,pitcher,26,24,Shane McClanahan,OFFENSE,0.75,0.06,0.6923076923076923,18,663556
157,pitcher,14,12,Jovani Morán,OFFENSE,0.8333333333333334,0.06369426751592357,0.7142857142857143,10,663558
33,pitcher,3,3,Bailey Falter,OFFENSE,0.6666666666666666,0.06060606060606061,0.6666666666666666,2,663559
355,pitcher,40,38,Peter Lambert,OFFENSE,0.868421052631579,0.09295774647887324,0.825,33,663567
126,pitcher,10,10,Stephen Kolek,OFFENSE,0.9,0.07142857142857142,0.9,9,663568
107,pitcher,16,13,Tony Santillan,OFFENSE,0.8461538461538461,0.102803738317757,0.6875,11,663574
274,pitcher,27,26,Jake Irvin,OFFENSE,0.8076923076923077,0.07664233576642336,0.7777777777777778,21,663623
218,pitcher,22,19,Hogan Harris,OFFENSE,0.5789473684210527,0.05045871559633028,0.5,11,663687
180,pitcher,20,19,Daniel Lynch IV,OFFENSE,0.7894736842105263,0.08333333333333333,0.75,15,663738
82,pitcher,10,9,Jake Woodford,OFFENSE,1.0,0.10975609756097561,0.9,9,663765
158,pitcher,17,13,Chase Shugart,OFFENSE,0.7692307692307693,0.06329113924050633,0.5882352941176471,10,663767
151,pitcher,14,14,Patrick Sandoval,OFFENSE,0.7857142857142857,0.0728476821192053,0.7857142857142857,11,663776
9,pitcher,2,2,Justin Hagenman,OFFENSE,1.0,0.2222222222222222,1.0,2,663795
135,pitcher,7,5,Jordan Hicks,OFFENSE,0.8,0.02962962962962963,0.5714285714285714,4,663855
100,pitcher,7,6,Nate Pearson,OFFENSE,0.5,0.03,0.42857142857142855,3,663878
3,pitcher,0,0,Nolan Kingham,OFFENSE,,0.0,,0,663884
75,pitcher,10,10,Brendon Little,OFFENSE,0.9,0.12,0.9,9,663893
435,pitcher,65,61,Brady Singer,OFFENSE,0.8032786885245902,0.11264367816091954,0.7538461538461538,49,663903
37,pitcher,6,6,Tristan Beck,OFFENSE,1.0,0.16216216216216217,1.0,6,663941
184,pitcher,27,26,Tyler Holton,OFFENSE,0.8461538461538461,0.11956521739130435,0.8148148148148148,22,663947
1,pitcher,0,0,César Salazar,OFFENSE,,0.0,,0,663967
335,pitcher,34,33,Tyler Phillips,OFFENSE,0.7575757575757576,0.07462686567164178,0.7352941176470589,25,663969
138,pitcher,13,11,Chris Paddack,OFFENSE,0.8181818181818182,0.06521739130434782,0.6923076923076923,9,663978
98,pitcher,6,5,Richard Lovelady,OFFENSE,0.8,0.04081632653061224,0.6666666666666666,4,663992
2,pitcher,2,0,Sam Haggerty,OFFENSE,,0.0,0.0,0,664059
1,pitcher,1,1,Cody Ponce,OFFENSE,1.0,1.0,1.0,1,664074
117,pitcher,15,14,Garrett Cleavinger,OFFENSE,0.7142857142857143,0.08547008547008547,0.6666666666666666,10,664076
146,pitcher,22,15,Pete Fairbanks,OFFENSE,0.8,0.0821917808219178,0.5454545454545454,12,664126
40,pitcher,3,2,Geoff Hartlieb,OFFENSE,0.5,0.025,0.3333333333333333,1,664129
178,pitcher,24,21,JT Brubaker,OFFENSE,0.7619047619047619,0.0898876404494382,0.6666666666666666,16,664141
17,pitcher,3,1,Joey Lucchesi,OFFENSE,1.0,0.058823529411764705,0.3333333333333333,1,664192
127,pitcher,16,15,Taylor Clarke,OFFENSE,0.9333333333333333,0.11023622047244094,0.875,14,664199
101,pitcher,5,5,Phil Maton,OFFENSE,0.6,0.0297029702970297,0.6,3,664208
2,pitcher,0,0,Dylan Moore,OFFENSE,,0.0,,0,664238
432,pitcher,52,50,Framber Valdez,OFFENSE,0.94,0.1087962962962963,0.9038461538461539,47,664285
110,pitcher,10,10,Cristian Javier,OFFENSE,0.7,0.06363636363636363,0.7,7,664299
78,pitcher,8,8,José Urquidy,OFFENSE,0.875,0.08974358974358974,0.875,7,664353
6,pitcher,4,0,Myles Straw,OFFENSE,,0.0,0.0,0,664702
2,pitcher,0,0,P.J. Higgins,OFFENSE,,0.0,,0,664731
3,pitcher,1,1,Jose Espada,OFFENSE,1.0,0.3333333333333333,1.0,1,664744
1,pitcher,1,0,LaMonte Wade Jr.,OFFENSE,,0.0,0.0,0,664774
55,pitcher,5,5,Danny Young,OFFENSE,0.8,0.07272727272727272,0.8,4,664849
42,pitcher,4,2,Ryan Helsley,OFFENSE,0.0,0.0,0.0,0,664854
122,pitcher,9,7,Justin Lawrence,OFFENSE,1.0,0.05737704918032787,0.7777777777777778,7,664875
19,pitcher,6,0,Brett Sullivan,OFFENSE,,0.0,0.0,0,664954
130,pitcher,13,13,Grant Wolfram,OFFENSE,0.7692307692307693,0.07692307692307693,0.7692307692307693,10,664991
202,pitcher,27,27,Dean Kremer,OFFENSE,0.7777777777777778,0.10396039603960396,0.7777777777777778,21,665152
195,pitcher,28,25,Luis Medina,OFFENSE,0.84,0.1076923076923077,0.75,21,665622
12,pitcher,3,3,Kervin Castro,OFFENSE,1.0,0.25,1.0,3,665645
103,pitcher,9,8,Elvis Alvarado,OFFENSE,0.5,0.038834951456310676,0.4444444444444444,4,665660
62,pitcher,3,2,Reiver Sanmartin,OFFENSE,0.5,0.016129032258064516,0.3333333333333333,1,665665
170,pitcher,16,16,Edward Cabrera,OFFENSE,0.75,0.07058823529411765,0.75,12,665795
253,pitcher,23,20,Javier Assad,OFFENSE,0.95,0.07509881422924901,0.8260869565217391,19,665871
19,pitcher,4,0,Carlos Cortes,OFFENSE,,0.0,0.0,0,666126
14,pitcher,0,0,Braxton Garrett,OFFENSE,,0.0,,0,666129
93,pitcher,13,13,Cole Ragans,OFFENSE,0.9230769230769231,0.12903225806451613,0.9230769230769231,12,666142
254,pitcher,25,25,Nick Lodolo,OFFENSE,0.88,0.08661417322834646,0.88,22,666157
217,pitcher,20,17,Ryan Zeferjahn,OFFENSE,0.8823529411764706,0.06912442396313365,0.75,15,666171
517,pitcher,40,37,Jesús Luzardo,OFFENSE,0.8108108108108109,0.058027079303675046,0.75,30,666200
26,pitcher,0,0,Alek Manoah,OFFENSE,,0.0,,0,666201
176,pitcher,22,18,George Soriano,OFFENSE,0.8333333333333334,0.08522727272727272,0.6818181818181818,15,666277
48,pitcher,4,2,Matt Brash,OFFENSE,1.0,0.041666666666666664,0.5,2,666374
15,pitcher,0,0,Gregory Santos,OFFENSE,,0.0,,0,666619
143,pitcher,7,6,Juan Morillo,OFFENSE,0.5,0.02097902097902098,0.42857142857142855,3,666661
21,pitcher,3,3,Joel Peguero,OFFENSE,0.6666666666666666,0.09523809523809523,0.6666666666666666,2,666711
15,pitcher,2,2,Jhony Brito,OFFENSE,1.0,0.13333333333333333,1.0,2,666745
144,pitcher,18,14,Camilo Doval,OFFENSE,0.7142857142857143,0.06944444444444445,0.5555555555555556,10,666808
132,pitcher,14,14,Yennier Cano,OFFENSE,0.8571428571428571,0.09090909090909091,0.8571428571428571,12,666974
158,pitcher,20,19,Tommy Nance,OFFENSE,0.8947368421052632,0.10759493670886076,0.85,17,667297
122,pitcher,7,6,John King,OFFENSE,0.8333333333333334,0.040983606557377046,0.7142857142857143,5,667463
38,pitcher,6,6,Jack Ralston,OFFENSE,1.0,0.15789473684210525,1.0,6,667652
429,pitcher,45,45,José Soriano,OFFENSE,0.8666666666666667,0.09090909090909091,0.8666666666666667,39,667755
101,pitcher,6,6,Cole Winn,OFFENSE,0.6666666666666666,0.039603960396039604,0.6666666666666666,4,668390
10,pitcher,5,0,Jake Rogers,OFFENSE,,0.0,0.0,0,668670
116,pitcher,21,16,Lucas Erceg,OFFENSE,0.625,0.08620689655172414,0.47619047619047616,10,668674
298,pitcher,44,44,Zac Gallen,OFFENSE,0.8863636363636364,0.13087248322147652,0.8863636363636364,39,668678
12,pitcher,3,1,Noah Murdock,OFFENSE,1.0,0.08333333333333333,0.3333333333333333,1,668716
45,pitcher,4,3,Max Kranick,OFFENSE,1.0,0.06666666666666667,0.75,3,668820
17,pitcher,0,0,Garrett Stallings,OFFENSE,,0.0,,0,668831
17,pitcher,2,2,Easton McGee,OFFENSE,0.0,0.0,0.0,0,668834
128,pitcher,9,8,Caleb Kilian,OFFENSE,0.625,0.0390625,0.5555555555555556,5,668873
57,pitcher,5,5,Hunter Greene,OFFENSE,0.8,0.07017543859649122,0.8,4,668881
482,pitcher,59,59,Gavin Williams,OFFENSE,0.847457627118644,0.1037344398340249,0.847457627118644,50,668909
82,pitcher,8,8,Graham Ashcraft,OFFENSE,0.5,0.04878048780487805,0.5,4,668933
176,pitcher,22,20,JoJo Romero,OFFENSE,0.9,0.10227272727272728,0.8181818181818182,18,668941
1,pitcher,1,0,Josh Rojas,OFFENSE,,0.0,0.0,0,668942
105,pitcher,12,10,Tobias Myers,OFFENSE,0.9,0.08571428571428572,0.75,9,668964
46,pitcher,6,6,Gavin Hollowell,OFFENSE,1.0,0.13043478260869565,1.0,6,668970
145,pitcher,10,8,Casey Legumina,OFFENSE,1.0,0.05517241379310345,0.8,8,668984
155,pitcher,15,14,Ryan Rolison,OFFENSE,0.8571428571428571,0.07741935483870968,0.8,12,669020
375,pitcher,38,38,MacKenzie Gore,OFFENSE,0.8157894736842105,0.08266666666666667,0.8157894736842105,31,669022
95,pitcher,14,11,Bryse Wilson,OFFENSE,0.8181818181818182,0.09473684210526316,0.6428571428571429,9,669060
156,pitcher,15,9,Erik Miller,OFFENSE,0.6666666666666666,0.038461538461538464,0.4,6,669062
154,pitcher,10,9,DL Hall,OFFENSE,0.7777777777777778,0.045454545454545456,0.7,7,669084
69,pitcher,9,8,Jeremiah Estrada,OFFENSE,0.875,0.10144927536231885,0.7777777777777778,7,669093
17,pitcher,2,2,Bruce Zimmermann,OFFENSE,1.0,0.11764705882352941,1.0,2,669145
369,pitcher,43,43,Dustin May,OFFENSE,0.9302325581395349,0.10840108401084012,0.9302325581395349,40,669160
102,pitcher,13,11,Kyle Hurt,OFFENSE,0.7272727272727273,0.0784313725490196,0.6153846153846154,8,669165
9,pitcher,1,1,Jonathan Heasley,OFFENSE,1.0,0.1111111111111111,1.0,1,669169
165,pitcher,15,15,Ryne Nelson,OFFENSE,0.7333333333333333,0.06666666666666667,0.7333333333333333,11,669194
214,pitcher,25,25,Lake Bachar,OFFENSE,0.6,0.07009345794392523,0.6,15,669199
8,pitcher,0,0,Corbin Burnes,OFFENSE,,0.0,,0,669203
75,pitcher,6,6,Keegan Akin,OFFENSE,0.8333333333333334,0.06666666666666667,0.8333333333333334,5,669211
58,pitcher,8,8,Eli Morgan,OFFENSE,0.875,0.1206896551724138,0.875,7,669212
93,pitcher,5,4,Joel Kuhnel,OFFENSE,0.75,0.03225806451612903,0.6,3,669270
144,pitcher,13,12,Dylan Lee,OFFENSE,0.8333333333333334,0.06944444444444445,0.7692307692307693,10,669276
23,pitcher,2,2,TJ Shook,OFFENSE,0.5,0.043478260869565216,0.5,1,669298
388,pitcher,33,31,Logan Gilbert,OFFENSE,0.8387096774193549,0.06701030927835051,0.7878787878787878,26,669302
20,pitcher,5,4,CJ Van Eyk,OFFENSE,0.75,0.15,0.6,3,669310
166,pitcher,25,24,Tyler Wells,OFFENSE,0.8333333333333334,0.12048192771084337,0.8,20,669330
436,pitcher,39,38,Shane Baz,OFFENSE,0.7368421052631579,0.06422018348623854,0.717948717948718,28,669358
40,pitcher,5,5,Cole Henry,OFFENSE,0.8,0.1,0.8,4,669371
320,pitcher,46,44,J.T. Ginn,OFFENSE,0.9318181818181818,0.128125,0.8913043478260869,41,669372
309,pitcher,32,31,Tarik Skubal,OFFENSE,0.9032258064516129,0.09061488673139159,0.875,28,669373
348,pitcher,23,20,Carmen Mlodzinski,OFFENSE,0.85,0.04885057471264368,0.7391304347826086,17,669387
391,pitcher,46,46,Trevor Rogers,OFFENSE,0.8913043478260869,0.10485933503836317,0.8913043478260869,41,669432
91,pitcher,13,12,Mason Englert,OFFENSE,0.75,0.0989010989010989,0.6923076923076923,9,669438
155,pitcher,31,30,Shane Bieber,OFFENSE,0.8666666666666667,0.16774193548387098,0.8387096774193549,26,669456
408,pitcher,35,35,Matthew Liberatore,OFFENSE,0.8857142857142857,0.07598039215686274,0.8857142857142857,31,669461
403,pitcher,41,41,Andre Pallante,OFFENSE,0.8292682926829268,0.08436724565756824,0.8292682926829268,34,669467
90,pitcher,12,11,Brady Basso,OFFENSE,0.8181818181818182,0.1,0.75,9,669620
143,pitcher,12,8,Anthony Bender,OFFENSE,0.875,0.04895104895104895,0.5833333333333334,7,669622
71,pitcher,7,5,Chris Murphy,OFFENSE,0.8,0.056338028169014086,0.5714285714285714,4,669684
6,pitcher,1,1,Kade Strowd,OFFENSE,1.0,0.16666666666666666,1.0,1,669704
142,pitcher,13,12,Greg Weissert,OFFENSE,0.75,0.06338028169014084,0.6923076923076923,9,669711
106,pitcher,14,14,Hayden Wesneski,OFFENSE,1.0,0.1320754716981132,1.0,14,669713
60,pitcher,6,6,Brenan Hanifee,OFFENSE,0.6666666666666666,0.06666666666666667,0.6666666666666666,4,669724
67,pitcher,7,6,Ronel Blanco,OFFENSE,1.0,0.08955223880597014,0.8571428571428571,6,669854
54,pitcher,3,3,Jason Alexander,OFFENSE,1.0,0.05555555555555555,1.0,3,669920
369,pitcher,33,33,George Kirby,OFFENSE,0.9090909090909091,0.08130081300813008,0.9090909090909091,30,669923
109,pitcher,16,16,Jesse Scholtens,OFFENSE,0.875,0.12844036697247707,0.875,14,669947
5,pitcher,1,0,Nicky Lopez,OFFENSE,,0.0,0.0,0,670032
164,pitcher,12,10,Matt Festa,OFFENSE,0.6,0.036585365853658534,0.5,6,670036
144,pitcher,19,16,Colin Holderman,OFFENSE,0.6875,0.0763888888888889,0.5789473684210527,11,670059
121,pitcher,17,16,Julian Garcia,OFFENSE,0.8125,0.10743801652892562,0.7647058823529411,13,670062
21,pitcher,3,2,Wyatt Mills,OFFENSE,0.5,0.047619047619047616,0.3333333333333333,1,670090
38,pitcher,5,5,Raymond Burgos,OFFENSE,0.8,0.10526315789473684,0.8,4,670103
166,pitcher,16,15,John Schreiber,OFFENSE,0.8,0.07228915662650602,0.75,12,670167
35,pitcher,5,4,Garrett Acton,OFFENSE,1.0,0.11428571428571428,0.8,4,670183
171,pitcher,17,17,Ryan Watson,OFFENSE,0.5294117647058824,0.05263157894736842,0.5294117647058824,9,670245
144,pitcher,16,13,David Bednar,OFFENSE,0.6923076923076923,0.0625,0.5625,9,670280
145,pitcher,23,20,Rico Garcia,OFFENSE,0.45,0.06206896551724138,0.391304347826087,9,670329
2,pitcher,0,0,Guillo Zuñiga,OFFENSE,,0.0,,0,670871
10,pitcher,1,1,Johan Oviedo,OFFENSE,1.0,0.1,1.0,1,670912
178,pitcher,25,25,Trevor Richards,OFFENSE,0.84,0.11797752808988764,0.84,21,670950
192,pitcher,19,19,Adrian Morejon,OFFENSE,0.631578947368421,0.0625,0.631578947368421,12,670970
233,pitcher,30,25,Yohan Ramírez,OFFENSE,0.84,0.09012875536480687,0.7,21,670990
4,pitcher,0,0,Buddy Kennedy,OFFENSE,,0.0,,0,671083
430,pitcher,48,47,Andrew Abbott,OFFENSE,0.8085106382978723,0.08837209302325581,0.7916666666666666,38,671096
50,pitcher,4,4,Logan Allen,OFFENSE,1.0,0.08,1.0,4,671106
3,pitcher,0,0,Jake Eder,OFFENSE,,0.0,,0,671109
46,pitcher,1,1,Sammy Peralta,OFFENSE,1.0,0.021739130434782608,1.0,1,671111
7,pitcher,0,0,Jackson Rutledge,OFFENSE,,0.0,,0,671131
43,pitcher,10,9,Connor Thomas,OFFENSE,0.5555555555555556,0.11627906976744186,0.5,5,671162
61,pitcher,4,2,Joe Boyle,OFFENSE,1.0,0.03278688524590164,0.5,2,671212
53,pitcher,6,6,Jason Foley,OFFENSE,0.6666666666666666,0.07547169811320754,0.6666666666666666,4,671345
30,pitcher,5,5,Cameron Foster,OFFENSE,1.0,0.16666666666666666,1.0,5,671382
412,pitcher,38,38,Taj Bradley,OFFENSE,0.868421052631579,0.08009708737864078,0.868421052631579,33,671737
177,pitcher,16,15,Cade Smith,OFFENSE,0.6666666666666666,0.05649717514124294,0.625,10,671922
86,pitcher,8,8,Adam Macko,OFFENSE,0.875,0.08139534883720931,0.875,7,671936
19,pitcher,2,2,Eric Cerantola,OFFENSE,1.0,0.10526315789473684,1.0,2,672021
443,pitcher,43,43,Reid Detmers,OFFENSE,0.8837209302325582,0.08577878103837472,0.8837209302325582,38,672282
124,pitcher,18,17,Cionel Pérez,OFFENSE,0.9411764705882353,0.12903225806451613,0.8888888888888888,16,672335
32,pitcher,3,1,Yovanny Cruz,OFFENSE,1.0,0.03125,0.3333333333333333,1,672442
372,pitcher,38,37,Keider Montero,OFFENSE,0.8648648648648649,0.08602150537634409,0.8421052631578947,32,672456
5,pitcher,0,0,Carlos Hernández,OFFENSE,,0.0,,0,672578
45,pitcher,4,3,Angel Zerpa,OFFENSE,0.6666666666666666,0.044444444444444446,0.5,2,672582
53,pitcher,4,4,Gerardo Carrillo,OFFENSE,0.5,0.03773584905660377,0.5,2,672629
148,pitcher,15,12,Yoendrys Gómez,OFFENSE,0.8333333333333334,0.06756756756756757,0.6666666666666666,10,672782
22,pitcher,4,4,Carlos Vargas,OFFENSE,1.0,0.18181818181818182,1.0,4,672841
19,pitcher,2,2,Dedniel Núñez,OFFENSE,0.5,0.05263157894736842,0.5,1,673380
147,pitcher,24,21,Yuki Matsui,OFFENSE,0.8571428571428571,0.12244897959183673,0.75,18,673513
145,pitcher,15,15,Kodai Senga,OFFENSE,0.8666666666666667,0.0896551724137931,0.8666666666666667,13,673540
35,pitcher,6,5,Jordan Leasure,OFFENSE,0.6,0.08571428571428572,0.5,3,673929
102,pitcher,15,15,Cody Bradford,OFFENSE,0.8,0.11764705882352941,0.8,12,674003
9,pitcher,1,1,Jack Weisenburger,OFFENSE,1.0,0.1111111111111111,1.0,1,674073
52,pitcher,8,8,Osvaldo Bido,OFFENSE,1.0,0.15384615384615385,1.0,8,674370
118,pitcher,18,15,Steven Cruz,OFFENSE,0.4666666666666667,0.059322033898305086,0.3888888888888889,7,674444
265,pitcher,27,27,Andrew Alvarez,OFFENSE,0.8888888888888888,0.09056603773584905,0.8888888888888888,24,674841
232,pitcher,19,18,Troy Melton,OFFENSE,0.5555555555555556,0.04310344827586207,0.5263157894736842,10,675512
44,pitcher,6,6,Xzavion Curry,OFFENSE,0.8333333333333334,0.11363636363636363,0.8333333333333334,5,675540
19,pitcher,1,1,Michael Grove,OFFENSE,1.0,0.05263157894736842,1.0,1,675627
300,pitcher,31,31,Shane Drohan,OFFENSE,0.6451612903225806,0.06666666666666667,0.6451612903225806,20,675660
187,pitcher,25,21,Juan Mejia,OFFENSE,0.6666666666666666,0.0748663101604278,0.56,14,675848
100,pitcher,15,15,Spencer Strider,OFFENSE,0.9333333333333333,0.14,0.9333333333333333,14,675911
33,pitcher,4,4,James Karinchak,OFFENSE,0.75,0.09090909090909091,0.75,3,675916
15,pitcher,4,3,Nick Raquet,OFFENSE,0.6666666666666666,0.13333333333333333,0.5,2,675919
7,pitcher,0,0,Seth Lonsway,OFFENSE,,0.0,,0,675920
73,pitcher,9,9,Cody Bolton,OFFENSE,0.6666666666666666,0.0821917808219178,0.6666666666666666,6,675989
28,pitcher,2,2,Codi Heuer,OFFENSE,1.0,0.07142857142857142,1.0,2,676051
304,pitcher,32,32,Janson Junk,OFFENSE,0.8125,0.08552631578947369,0.8125,26,676083
7,pitcher,1,1,Jeff Criswell,OFFENSE,1.0,0.14285714285714285,1.0,1,676105
293,pitcher,30,28,Emerson Hancock,OFFENSE,0.8214285714285714,0.07849829351535836,0.7666666666666667,23,676106
8,pitcher,1,1,José Buttó,OFFENSE,1.0,0.125,1.0,1,676130
115,pitcher,4,3,Ryan Walker,OFFENSE,0.6666666666666666,0.017391304347826087,0.5,2,676254
154,pitcher,13,12,Jack Dreyer,OFFENSE,0.8333333333333334,0.06493506493506493,0.7692307692307693,10,676263
9,pitcher,1,1,Bobby Miller,OFFENSE,1.0,0.1111111111111111,1.0,1,676272
437,pitcher,42,40,Joey Cantillo,OFFENSE,0.75,0.06864988558352403,0.7142857142857143,30,676282
30,pitcher,1,1,Robert Garcia,OFFENSE,1.0,0.03333333333333333,1.0,1,676395
70,pitcher,6,4,Brant Hurter,OFFENSE,1.0,0.05714285714285714,0.6666666666666666,4,676428
462,pitcher,55,55,Tanner Bibee,OFFENSE,0.7454545454545455,0.08874458874458875,0.7454545454545455,41,676440
31,pitcher,6,6,Colton Gordon,OFFENSE,1.0,0.1935483870967742,1.0,6,676467
92,pitcher,13,12,Garrett Whitlock,OFFENSE,1.0,0.13043478260869565,0.9230769230769231,12,676477
20,pitcher,4,4,Ben Casparius,OFFENSE,1.0,0.2,1.0,4,676508
20,pitcher,1,1,Nolan Hoffman,OFFENSE,1.0,0.05,1.0,1,676510
188,pitcher,23,20,Calvin Faucher,OFFENSE,0.9,0.09574468085106383,0.782608695652174,18,676534
35,pitcher,5,4,Ricky Vanasco,OFFENSE,0.75,0.08571428571428572,0.6,3,676568
126,pitcher,14,12,PJ Poulin,OFFENSE,0.9166666666666666,0.0873015873015873,0.7857142857142857,11,676571
8,pitcher,1,1,Josh Fleming,OFFENSE,1.0,0.125,1.0,1,676596
109,pitcher,17,14,Tyler Zuber,OFFENSE,0.7142857142857143,0.09174311926605505,0.5882352941176471,10,676604
171,pitcher,14,11,Riley O'Brien,OFFENSE,0.7272727272727273,0.04678362573099415,0.5714285714285714,8,676617
40,pitcher,7,7,Blake Weiman,OFFENSE,0.8571428571428571,0.15,0.8571428571428571,6,676620
22,pitcher,2,1,Max Lazar,OFFENSE,0.0,0.0,0.0,0,676661
75,pitcher,9,9,JP Sears,OFFENSE,1.0,0.12,1.0,9,676664
45,pitcher,4,3,Tom Cosgrove,OFFENSE,1.0,0.06666666666666667,0.75,3,676680
81,pitcher,10,5,Will Vest,OFFENSE,0.6,0.037037037037037035,0.3,3,676684
2,pitcher,1,0,Jake Meyers,OFFENSE,,0.0,0.0,0,676694
11,pitcher,0,0,Hunter Stratton,OFFENSE,,0.0,,0,676702
69,pitcher,4,3,Cam Sanders,OFFENSE,0.3333333333333333,0.014492753623188406,0.25,1,676742
107,pitcher,8,6,Isaac Mattson,OFFENSE,0.8333333333333334,0.04672897196261682,0.625,5,676755
135,pitcher,19,17,Ron Marinaccio,OFFENSE,0.8823529411764706,0.1111111111111111,0.7894736842105263,15,676760
110,pitcher,15,14,Keaton Winn,OFFENSE,0.5714285714285714,0.07272727272727272,0.5333333333333333,8,676775
295,pitcher,32,31,Aaron Ashby,OFFENSE,0.8064516129032258,0.0847457627118644,0.78125,25,676879
8,pitcher,1,1,Matt Seelinger,OFFENSE,0.0,0.0,0.0,0,676910
460,pitcher,41,41,Cade Cavalli,OFFENSE,0.8048780487804879,0.07173913043478261,0.8048780487804879,33,676917
174,pitcher,15,15,Ben Brown,OFFENSE,0.6666666666666666,0.05747126436781609,0.6666666666666666,10,676962
302,pitcher,26,26,Max Meyer,OFFENSE,0.8076923076923077,0.0695364238410596,0.8076923076923077,21,676974
74,pitcher,12,12,Garrett Crochet,OFFENSE,0.9166666666666666,0.14864864864864866,0.9166666666666666,11,676979
62,pitcher,11,9,Josh Walker,OFFENSE,0.6666666666666666,0.0967741935483871,0.5454545454545454,6,677020
60,pitcher,8,6,Andrew Nardi,OFFENSE,0.5,0.05,0.375,3,677053
47,pitcher,3,3,Zack Kelly,OFFENSE,0.6666666666666666,0.0425531914893617,0.6666666666666666,2,677161
225,pitcher,31,29,Justin Bruihl,OFFENSE,0.8275862068965517,0.10666666666666667,0.7741935483870968,24,677865
337,pitcher,32,28,Slade Cecconi,OFFENSE,0.6785714285714286,0.05637982195845697,0.59375,19,677944
428,pitcher,52,49,Braxton Ashcraft,OFFENSE,0.8571428571428571,0.09813084112149532,0.8076923076923077,42,677952
91,pitcher,12,9,Jaden Hill,OFFENSE,1.0,0.0989010989010989,0.75,9,677955
310,pitcher,16,16,Kumar Rocker,OFFENSE,1.0,0.05161290322580645,1.0,16,677958
432,pitcher,74,70,Ryan Weathers,OFFENSE,0.8,0.12962962962962962,0.7567567567567568,56,677960
84,pitcher,9,8,Cole Wilcox,OFFENSE,0.75,0.07142857142857142,0.6666666666666666,6,677961
174,pitcher,27,27,Randy Dobnak,OFFENSE,0.9259259259259259,0.14367816091954022,0.9259259259259259,25,677976
56,pitcher,4,4,Seth Halvorsen,OFFENSE,1.0,0.07142857142857142,1.0,4,678020
297,pitcher,27,27,Jack Perkins,OFFENSE,0.7407407407407407,0.06734006734006734,0.7407407407407407,20,678022
21,pitcher,2,2,Ray Kerr,OFFENSE,1.0,0.09523809523809523,1.0,2,678061
25,pitcher,4,4,Valente Bellozo,OFFENSE,0.5,0.08,0.5,2,678368
3,pitcher,3,0,Jorbit Vivas,OFFENSE,,0.0,0.0,0,678391
261,pitcher,27,27,Brayan Bello,OFFENSE,0.7777777777777778,0.08045977011494253,0.7777777777777778,21,678394
13,pitcher,0,0,Wilkin Ramos,OFFENSE,,0.0,,0,678576
164,pitcher,13,11,José A. Ferrer,OFFENSE,0.7272727272727273,0.04878048780487805,0.6153846153846154,8,678606
25,pitcher,5,4,Eddy Yean,OFFENSE,1.0,0.16,0.8,4,678868
235,pitcher,23,23,Kai-Wei Teng,OFFENSE,0.8695652173913043,0.0851063829787234,0.8695652173913043,20,678906
138,pitcher,13,12,Eric Orze,OFFENSE,0.6666666666666666,0.057971014492753624,0.6153846153846154,8,679358
79,pitcher,10,10,Kyle Backhus,OFFENSE,0.6,0.0759493670886076,0.6,6,679775
213,pitcher,28,28,Luinder Avila,OFFENSE,0.8571428571428571,0.11267605633802817,0.8571428571428571,24,679883
23,pitcher,3,2,Justin Martinez,OFFENSE,0.5,0.043478260869565216,0.3333333333333333,1,679885
6,pitcher,1,1,Carlos Duran,OFFENSE,1.0,0.16666666666666666,1.0,1,679922
2,pitcher,2,0,Max Schuemann,OFFENSE,,0.0,0.0,0,680474
225,pitcher,29,29,Grayson Rodriguez,OFFENSE,0.8620689655172413,0.1111111111111111,0.8620689655172413,25,680570
192,pitcher,19,19,Simeon Woods Richardson,OFFENSE,0.7894736842105263,0.078125,0.7894736842105263,15,680573
75,pitcher,6,6,Blas Castaño,OFFENSE,0.8333333333333334,0.06666666666666667,0.8333333333333334,5,680604
10,pitcher,2,2,Lyon Richardson,OFFENSE,1.0,0.2,1.0,2,680689
416,pitcher,38,37,Kyle Bradish,OFFENSE,0.9459459459459459,0.08413461538461539,0.9210526315789473,35,680694
28,pitcher,3,2,Joey Gerber,OFFENSE,1.0,0.07142857142857142,0.6666666666666666,2,680702
24,pitcher,1,1,Nick Sandlin,OFFENSE,1.0,0.041666666666666664,1.0,1,680704
39,pitcher,2,1,Drew Rom,OFFENSE,1.0,0.02564102564102564,0.5,1,680723
3,pitcher,2,0,Adrian Del Castillo,OFFENSE,,0.0,0.0,0,680728
105,pitcher,8,7,Mitchell Parker,OFFENSE,0.5714285714285714,0.0380952380952381,0.5,4,680730
448,pitcher,50,49,Sean Burke,OFFENSE,0.7551020408163265,0.08258928571428571,0.74,37,680732
350,pitcher,26,24,Justin Wrobleski,OFFENSE,0.8333333333333334,0.05714285714285714,0.7692307692307693,20,680736
132,pitcher,15,12,Jonathan Bowlan,OFFENSE,0.6666666666666666,0.06060606060606061,0.5333333333333333,8,680742
87,pitcher,20,20,Ty Madden,OFFENSE,0.9,0.20689655172413793,0.9,18,680744
211,pitcher,35,33,Braydon Fisher,OFFENSE,0.7575757575757576,0.11848341232227488,0.7142857142857143,25,680755
124,pitcher,16,16,Victor Vodnik,OFFENSE,0.5,0.06451612903225806,0.5,8,680767
85,pitcher,8,7,Ryan Weiss,OFFENSE,1.0,0.08235294117647059,0.875,7,680802
20,pitcher,1,1,Erik Tolman,OFFENSE,1.0,0.05,1.0,1,680899
66,pitcher,10,8,Franco Aleman,OFFENSE,1.0,0.12121212121212122,0.8,8,680916
5,pitcher,0,0,Doug Nikhazy,OFFENSE,,0.0,,0,680951
29,pitcher,4,4,Josh Simpson,OFFENSE,1.0,0.13793103448275862,1.0,4,681006
265,pitcher,23,23,Christian Scott,OFFENSE,0.8695652173913043,0.07547169811320754,0.8695652173913043,20,681035
5,pitcher,2,2,Tanner Andrews,OFFENSE,0.5,0.2,0.5,1,681084
41,pitcher,7,6,Jayden Murray,OFFENSE,0.8333333333333334,0.12195121951219512,0.7142857142857143,5,681151
27,pitcher,2,2,Luis Curvelo,OFFENSE,0.5,0.037037037037037035,0.5,1,681168
309,pitcher,35,35,Randy Vásquez,OFFENSE,0.9142857142857143,0.10355987055016182,0.9142857142857143,32,681190
142,pitcher,11,9,Chase Silseth,OFFENSE,0.7777777777777778,0.04929577464788732,0.6363636363636364,7,681217
27,pitcher,4,1,Jack Anderson,OFFENSE,1.0,0.037037037037037035,0.25,1,681252
319,pitcher,35,34,Spencer Arrighetti,OFFENSE,0.7941176470588235,0.08463949843260188,0.7714285714285715,27,681293
46,pitcher,7,7,Nate Lavender,OFFENSE,0.7142857142857143,0.10869565217391304,0.7142857142857143,5,681320
39,pitcher,1,1,Shane Smith,OFFENSE,1.0,0.02564102564102564,1.0,1,681343
235,pitcher,26,25,Mike Burrows,OFFENSE,0.84,0.08936170212765958,0.8076923076923077,21,681347
99,pitcher,18,15,Gus Varland,OFFENSE,0.5333333333333333,0.08080808080808081,0.4444444444444444,8,681402
4,pitcher,0,0,Luke Little,OFFENSE,,0.0,,0,681432
369,pitcher,48,48,Kyle Leahy,OFFENSE,0.8958333333333334,0.11653116531165311,0.8958333333333334,43,681517
3,pitcher,2,2,Antoine Kelly,OFFENSE,1.0,0.6666666666666666,1.0,2,681520
35,pitcher,4,3,Wyatt Olds,OFFENSE,0.6666666666666666,0.05714285714285714,0.5,2,681544
52,pitcher,6,5,Ryan Fernandez,OFFENSE,1.0,0.09615384615384616,0.8333333333333334,5,681676
35,pitcher,2,2,Lazaro Estrada,OFFENSE,1.0,0.05714285714285714,1.0,2,681751
72,pitcher,8,7,Ethan Roberts,OFFENSE,0.7142857142857143,0.06944444444444445,0.625,5,681799
8,pitcher,2,0,Andrew Wantz,OFFENSE,,0.0,0.0,0,681806
183,pitcher,28,27,Austin Warren,OFFENSE,0.8148148148148148,0.12021857923497267,0.7857142857142857,22,681810
93,pitcher,9,6,Cooper Criswell,OFFENSE,0.8333333333333334,0.053763440860215055,0.5555555555555556,5,681867
117,pitcher,16,14,Erik Sabrowski,OFFENSE,0.7142857142857143,0.08547008547008547,0.625,10,681870
133,pitcher,17,13,Kody Funderburk,OFFENSE,0.9230769230769231,0.09022556390977443,0.7058823529411765,12,681892
134,pitcher,19,14,Evan Sisk,OFFENSE,0.8571428571428571,0.08955223880597014,0.631578947368421,12,681895
144,pitcher,17,14,Alex Vesia,OFFENSE,0.7857142857142857,0.0763888888888889,0.6470588235294118,11,681911
88,pitcher,10,8,Dylan Smith,OFFENSE,0.625,0.056818181818181816,0.5,5,681916
134,pitcher,16,13,Grant Anderson,OFFENSE,0.6923076923076923,0.06716417910447761,0.5625,9,681982
311,pitcher,41,41,Jacob Lopez,OFFENSE,0.8048780487804879,0.10610932475884244,0.8048780487804879,33,682052
132,pitcher,10,10,Tim Herrin,OFFENSE,0.8,0.06060606060606061,0.8,8,682120
101,pitcher,13,13,Brandon Williamson,OFFENSE,0.9230769230769231,0.1188118811881188,0.9230769230769231,12,682227
208,pitcher,20,17,Bryce Miller,OFFENSE,0.9411764705882353,0.07692307692307693,0.8,16,682243
170,pitcher,13,13,Mason Montgomery,OFFENSE,0.6153846153846154,0.047058823529411764,0.6153846153846154,8,682254
15,pitcher,0,0,Yaramil Hiraldo,OFFENSE,,0.0,,0,682274
16,pitcher,1,1,Domingo Gonzalez,OFFENSE,1.0,0.0625,1.0,1,682445
160,pitcher,17,17,Peyton Gray,OFFENSE,0.7647058823529411,0.08125,0.7647058823529411,13,682608
15,pitcher,4,4,Roddery Muñoz,OFFENSE,1.0,0.26666666666666666,1.0,4,682610
4,pitcher,4,0,Luisangel Acuña,OFFENSE,,0.0,0.0,0,682668
5,pitcher,4,0,Eiberson Castellano,OFFENSE,,0.0,0.0,0,682769
105,pitcher,10,9,Luis Mey,OFFENSE,0.6666666666666666,0.05714285714285714,0.6,6,682825
171,pitcher,27,17,Abner Uribe,OFFENSE,0.9411764705882353,0.0935672514619883,0.5925925925925926,16,682842
27,pitcher,5,3,Daniel Espino,OFFENSE,1.0,0.1111111111111111,0.6,3,682982
62,pitcher,7,7,Victor Mederos,OFFENSE,0.7142857142857143,0.08064516129032258,0.7142857142857143,5,682989
63,pitcher,13,11,Hunter Barco,OFFENSE,1.0,0.1746031746031746,0.8461538461538461,11,682995
7,pitcher,3,0,Tyler Callihan,OFFENSE,,0.0,0.0,0,682997
65,pitcher,11,11,Riley Cornelio,OFFENSE,0.5454545454545454,0.09230769230769231,0.5454545454545454,6,683000
201,pitcher,16,16,Jared Jones,OFFENSE,0.6875,0.05472636815920398,0.6875,11,683003
218,pitcher,19,18,Jack Leiter,OFFENSE,0.6666666666666666,0.05504587155963303,0.631578947368421,12,683004
9,pitcher,1,1,Joey Estes,OFFENSE,1.0,0.1111111111111111,1.0,1,683155
93,pitcher,11,11,Connor Phillips,OFFENSE,0.8181818181818182,0.0967741935483871,0.8181818181818182,9,683175
57,pitcher,11,9,Nick Mears,OFFENSE,0.8888888888888888,0.14035087719298245,0.7272727272727273,8,683232
102,pitcher,12,11,Mitch Bratt,OFFENSE,1.0,0.10784313725490197,0.9166666666666666,11,683352
44,pitcher,9,9,Matt Wilkinson,OFFENSE,0.7777777777777778,0.1590909090909091,0.7777777777777778,7,683363
32,pitcher,4,1,Angel Chivilli,OFFENSE,0.0,0.0,0.0,0,683409
130,pitcher,10,9,Edgardo Henriquez,OFFENSE,0.8888888888888888,0.06153846153846154,0.8,8,683618
38,pitcher,3,3,Anthony Molina,OFFENSE,1.0,0.07894736842105263,1.0,3,683627
11,pitcher,10,0,Andrew Vaughn,OFFENSE,,0.0,0.0,0,683734
46,pitcher,3,3,Jose Franco,OFFENSE,1.0,0.06521739130434782,1.0,3,683742
5,pitcher,3,0,Christian Koss,OFFENSE,,0.0,0.0,0,683766
111,pitcher,10,8,Hunter Gaddis,OFFENSE,0.75,0.05405405405405406,0.6,6,683769
340,pitcher,35,34,Shota Imanaga,OFFENSE,0.9411764705882353,0.09411764705882353,0.9142857142857143,32,684007
48,pitcher,5,5,Brandan Bidois,OFFENSE,0.8,0.08333333333333333,0.8,4,684049
29,pitcher,7,7,Yariel Rodríguez,OFFENSE,0.7142857142857143,0.1724137931034483,0.7142857142857143,5,684320
56,pitcher,5,5,Kohl Drake,OFFENSE,0.8,0.07142857142857142,0.8,4,684442
4,pitcher,0,0,Hancel Rincon,OFFENSE,,0.0,,0,684516
41,pitcher,2,1,Luke Murphy,OFFENSE,1.0,0.024390243902439025,0.5,1,684665
99,pitcher,8,6,Craig Yoho,OFFENSE,0.8333333333333334,0.050505050505050504,0.625,5,684974
18,pitcher,2,2,Christian Roa,OFFENSE,1.0,0.1111111111111111,1.0,2,685005
28,pitcher,3,1,Zach McCambley,OFFENSE,1.0,0.03571428571428571,0.3333333333333333,1,685112
102,pitcher,14,13,Brandon Eisert,OFFENSE,0.9230769230769231,0.11764705882352941,0.8571428571428571,12,685126
213,pitcher,21,18,Tanner Gordon,OFFENSE,0.8333333333333334,0.07042253521126761,0.7142857142857143,15,685299
25,pitcher,5,5,Cade Winquest,OFFENSE,0.6,0.12,0.6,3,685464
49,pitcher,9,9,Hunter Bigge,OFFENSE,0.6666666666666666,0.12244897959183673,0.6666666666666666,6,685801
257,pitcher,29,29,Emmet Sheehan,OFFENSE,0.7241379310344828,0.08171206225680934,0.7241379310344828,21,686218
6,pitcher,1,1,Juan Burgos,OFFENSE,1.0,0.16666666666666666,1.0,1,686228
24,pitcher,15,0,Tyler Tolbert,OFFENSE,,0.0,0.0,0,686475
90,pitcher,6,6,Gavin Collyer,OFFENSE,0.6666666666666666,0.044444444444444446,0.6666666666666666,4,686560
6,pitcher,1,1,Jonathan Cannon,OFFENSE,1.0,0.16666666666666666,1.0,1,686563
86,pitcher,7,7,Justin Slaten,OFFENSE,0.5714285714285714,0.046511627906976744,0.5714285714285714,4,686580
25,pitcher,3,3,Ken Waldichuk,OFFENSE,1.0,0.12,1.0,3,686610
292,pitcher,35,34,Hunter Brown,OFFENSE,0.8235294117647058,0.0958904109589041,0.8,28,686613
2,pitcher,1,1,Blake Burkhalter,OFFENSE,1.0,0.5,1.0,1,686628
17,pitcher,2,1,Chase Solesky,OFFENSE,1.0,0.058823529411764705,0.5,1,686678
3,pitcher,0,0,Joe La Sorsa,OFFENSE,,0.0,,0,686747
75,pitcher,8,7,Seth Johnson,OFFENSE,0.8571428571428571,0.08,0.75,6,686751
51,pitcher,3,3,Drey Jameson,OFFENSE,0.6666666666666666,0.0392156862745098,0.6666666666666666,2,686753
2,pitcher,2,0,Pedro Pagés,OFFENSE,,0.0,0.0,0,686780
219,pitcher,21,20,Trevor McDonald,OFFENSE,0.65,0.0593607305936073,0.6190476190476191,13,686790
7,pitcher,1,1,Blake Walston,OFFENSE,1.0,0.14285714285714285,1.0,1,686796
166,pitcher,18,18,Jack Kochanowicz,OFFENSE,1.0,0.10843373493975904,1.0,18,686799
7,pitcher,7,0,Joey Wiemer,OFFENSE,,0.0,0.0,0,686894
122,pitcher,13,12,Mason Barnett,OFFENSE,0.5833333333333334,0.05737704918032787,0.5384615384615384,7,686930
33,pitcher,1,0,Alex McFarlane,OFFENSE,,0.0,0.0,0,686934
171,pitcher,20,15,Louis Varland,OFFENSE,0.7333333333333333,0.06432748538011696,0.55,11,686973
84,pitcher,7,3,Justin Sterner,OFFENSE,1.0,0.03571428571428571,0.42857142857142855,3,686993
5,pitcher,2,0,Blake Adams,OFFENSE,,0.0,0.0,0,687060
336,pitcher,27,27,Brandon Young,OFFENSE,0.7777777777777778,0.0625,0.7777777777777778,21,687064
267,pitcher,21,21,Brandon Sproat,OFFENSE,0.8571428571428571,0.06741573033707865,0.8571428571428571,18,687075
19,pitcher,1,1,Bradley Blalock,OFFENSE,1.0,0.05263157894736842,1.0,1,687134
50,pitcher,2,1,Zach Maxwell,OFFENSE,1.0,0.02,0.5,1,687209
51,pitcher,6,5,Carson Palmquist,OFFENSE,0.8,0.0784313725490196,0.6666666666666666,4,687223
35,pitcher,2,1,Ben Peoples,OFFENSE,1.0,0.02857142857142857,0.5,1,687239
98,pitcher,10,10,Quinn Mathews,OFFENSE,1.0,0.10204081632653061,1.0,10,687273
3,pitcher,0,0,Patrick Monteverde,OFFENSE,,0.0,,0,687287
9,pitcher,2,2,Cooper Hjerpe,OFFENSE,1.0,0.2222222222222222,1.0,2,687309
152,pitcher,10,7,Gabriel Hughes,OFFENSE,0.8571428571428571,0.039473684210526314,0.6,6,687312
166,pitcher,17,15,Kevin Kelly,OFFENSE,0.7333333333333333,0.06626506024096386,0.6470588235294118,11,687330
100,pitcher,10,9,Orlando Ribalta,OFFENSE,1.0,0.09,0.9,9,687377
164,pitcher,26,20,Brent Headrick,OFFENSE,0.8,0.0975609756097561,0.6153846153846154,16,687396
210,pitcher,21,19,Ryan Gusto,OFFENSE,0.7368421052631579,0.06666666666666667,0.6666666666666666,14,687473
33,pitcher,5,3,William Kempner,OFFENSE,1.0,0.09090909090909091,0.6,3,687531
209,pitcher,30,30,Jake Bennett,OFFENSE,0.9,0.1291866028708134,0.9,27,687562
302,pitcher,32,32,Connor Prielipp,OFFENSE,0.8125,0.08609271523178808,0.8125,26,687570
111,pitcher,23,18,Paxton Schultz,OFFENSE,0.7777777777777778,0.12612612612612611,0.6086956521739131,14,687606
3,pitcher,0,0,Cameron Weston,OFFENSE,,0.0,,0,687721
29,pitcher,2,2,Mitch Spence,OFFENSE,1.0,0.06896551724137931,1.0,2,687765
47,pitcher,7,4,Zak Kent,OFFENSE,0.5,0.0425531914893617,0.2857142857142857,2,687849
5,pitcher,3,0,Troy Johnston,OFFENSE,,0.0,0.0,0,687859
150,pitcher,21,16,Bryan King,OFFENSE,0.875,0.09333333333333334,0.6666666666666666,14,687911
97,pitcher,9,9,Carson Whisenhunt,OFFENSE,0.8888888888888888,0.08247422680412371,0.8888888888888888,8,687931
51,pitcher,4,4,Alec Gamboa,OFFENSE,1.0,0.0784313725490196,1.0,4,687941
8,pitcher,3,0,Josh White,OFFENSE,,0.0,0.0,0,687985
244,pitcher,18,18,Robert Gasser,OFFENSE,1.0,0.07377049180327869,1.0,18,688107
66,pitcher,7,6,David Morgan,OFFENSE,1.0,0.09090909090909091,0.8571428571428571,6,688158
87,pitcher,7,7,Chris Roycroft,OFFENSE,0.7142857142857143,0.05747126436781609,0.7142857142857143,5,688297
14,pitcher,0,0,Taylor Rashi,OFFENSE,,0.0,,0,688497
172,pitcher,19,16,Zach Agnos,OFFENSE,0.875,0.08139534883720931,0.7368421052631579,14,688642
11,pitcher,1,1,Jared Simpson,OFFENSE,1.0,0.09090909090909091,1.0,1,688692
83,pitcher,8,7,Peyton Pallette,OFFENSE,0.7142857142857143,0.060240963855421686,0.625,5,688883
22,pitcher,2,2,Landon Knack,OFFENSE,1.0,0.09090909090909091,1.0,2,689017
188,pitcher,13,11,Orion Kerkering,OFFENSE,0.8181818181818182,0.047872340425531915,0.6923076923076923,9,689147
25,pitcher,5,5,Chad Dallas,OFFENSE,1.0,0.2,1.0,5,689149
26,pitcher,5,3,Beau Brieske,OFFENSE,0.6666666666666666,0.07692307692307693,0.4,2,689225
142,pitcher,18,16,Mason Fluharty,OFFENSE,0.875,0.09859154929577464,0.7777777777777778,14,689254
76,pitcher,11,11,Dylan Dodd,OFFENSE,0.8181818181818182,0.11842105263157894,0.8181818181818182,9,689266
134,pitcher,15,13,Anthony Nunez,OFFENSE,0.9230769230769231,0.08955223880597014,0.8,12,689296
48,pitcher,3,3,Coleman Crow,OFFENSE,1.0,0.0625,1.0,3,689441
52,pitcher,6,4,Cody Laweryson,OFFENSE,1.0,0.07692307692307693,0.6666666666666666,4,689520
87,pitcher,8,8,Nick Davila,OFFENSE,0.5,0.04597701149425287,0.5,4,689546
11,pitcher,0,0,Alek Jacob,OFFENSE,,0.0,,0,689690
67,pitcher,5,5,David Sandlin,OFFENSE,0.8,0.05970149253731343,0.8,4,689818
21,pitcher,6,1,Matt Pushard,OFFENSE,1.0,0.047619047619047616,0.16666666666666666,1,690155
39,pitcher,5,5,Mason Adams,OFFENSE,1.0,0.1282051282051282,1.0,5,690279
8,pitcher,3,2,Bradley Hanner,OFFENSE,1.0,0.25,0.6666666666666666,2,690440
32,pitcher,4,3,Ben Joyce,OFFENSE,1.0,0.09375,0.75,3,690829
123,pitcher,13,11,Clayton Beeter,OFFENSE,0.8181818181818182,0.07317073170731707,0.6923076923076923,9,690925
155,pitcher,15,14,Hunter Dobbins,OFFENSE,0.7142857142857143,0.06451612903225806,0.6666666666666666,10,690928
61,pitcher,10,10,Mick Abel,OFFENSE,0.8,0.13114754098360656,0.8,8,690953
55,pitcher,9,8,Dax Fulton,OFFENSE,0.875,0.12727272727272726,0.7777777777777778,7,690978
339,pitcher,43,43,Kyle Harrison,OFFENSE,0.7906976744186046,0.10029498525073746,0.7906976744186046,34,690986
18,pitcher,1,1,Cade Horton,OFFENSE,1.0,0.05555555555555555,1.0,1,690990
503,pitcher,63,63,Nolan McLean,OFFENSE,0.8571428571428571,0.1073558648111332,0.8571428571428571,54,690997
30,pitcher,4,4,Max Rajcic,OFFENSE,0.75,0.1,0.75,3,691008
17,pitcher,3,3,Luis Perales,OFFENSE,1.0,0.17647058823529413,1.0,3,691384
10,pitcher,2,2,Rolddy Muñoz,OFFENSE,0.5,0.1,0.5,1,691548
287,pitcher,31,31,Eury Pérez,OFFENSE,0.7419354838709677,0.08013937282229965,0.7419354838709677,23,691587
8,pitcher,5,0,Javier Sanoja,OFFENSE,,0.0,0.0,0,691594
275,pitcher,22,20,Andrew Painter,OFFENSE,0.95,0.06909090909090909,0.8636363636363636,19,691725
35,pitcher,1,1,Philip Abner,OFFENSE,1.0,0.02857142857142857,1.0,1,691769
242,pitcher,25,23,Grant Taylor,OFFENSE,0.5217391304347826,0.049586776859504134,0.48,12,691799
20,pitcher,2,2,Carter Baumler,OFFENSE,0.0,0.0,0.0,0,691945
63,pitcher,5,5,George Klassen,OFFENSE,0.4,0.031746031746031744,0.4,2,691946
96,pitcher,13,9,Sam Aldegheri,OFFENSE,0.7777777777777778,0.07291666666666667,0.5384615384615384,7,691951
8,pitcher,0,0,Jose Corniell,OFFENSE,,0.0,,0,692030
18,pitcher,0,0,Carlos Rodriguez,OFFENSE,,0.0,,0,692230
8,pitcher,1,0,Winston Santos,OFFENSE,,0.0,0.0,0,692437
41,pitcher,5,5,Nick Frasso,OFFENSE,0.6,0.07317073170731707,0.6,3,693308
36,pitcher,2,1,Kyle Nicolas,OFFENSE,1.0,0.027777777777777776,0.5,1,693312
60,pitcher,6,6,Carson Seymour,OFFENSE,0.6666666666666666,0.06666666666666667,0.6666666666666666,4,693313
335,pitcher,24,24,Bryan Woo,OFFENSE,0.8333333333333334,0.05970149253731343,0.8333333333333334,20,693433
416,pitcher,45,45,Cam Schlittler,OFFENSE,0.7555555555555555,0.08173076923076923,0.7555555555555555,34,693645
250,pitcher,30,27,Spencer Miles,OFFENSE,0.8888888888888888,0.096,0.8,24,693686
7,pitcher,0,0,Emiliano Teodo,OFFENSE,,0.0,,0,693713
371,pitcher,57,57,Bryce Elder,OFFENSE,0.8421052631578947,0.1293800539083558,0.8421052631578947,48,693821
318,pitcher,27,26,Ian Seymour,OFFENSE,0.7307692307692307,0.059748427672955975,0.7037037037037037,19,693855
50,pitcher,3,3,Daniel Palencia,OFFENSE,1.0,0.06,1.0,3,694037
290,pitcher,42,39,Brandon Pfaadt,OFFENSE,0.7948717948717948,0.10689655172413794,0.7380952380952381,31,694297
113,pitcher,7,7,Matt Svanson,OFFENSE,0.5714285714285714,0.035398230088495575,0.5714285714285714,4,694335
23,pitcher,3,3,Brendan Beck,OFFENSE,0.6666666666666666,0.08695652173913043,0.6666666666666666,2,694341
117,pitcher,12,12,Trey Gibson,OFFENSE,0.6666666666666666,0.06837606837606838,0.6666666666666666,8,694346
8,pitcher,1,1,Zach Brzykcy,OFFENSE,1.0,0.125,1.0,1,694350
17,pitcher,2,2,Ricky Tiedemann,OFFENSE,1.0,0.11764705882352941,1.0,2,694357
74,pitcher,8,5,Beck Way,OFFENSE,0.6,0.04054054054054054,0.375,3,694360
149,pitcher,9,9,Will Klein,OFFENSE,0.6666666666666666,0.040268456375838924,0.6666666666666666,6,694361
28,pitcher,1,1,Jared Shuster,OFFENSE,1.0,0.03571428571428571,1.0,1,694363
16,pitcher,1,1,Marco Raya,OFFENSE,1.0,0.0625,1.0,1,694397
33,pitcher,4,4,Hurston Waldrep,OFFENSE,0.75,0.09090909090909091,0.75,3,694462
250,pitcher,31,31,Chad Patrick,OFFENSE,0.8064516129032258,0.1,0.8064516129032258,25,694477
5,pitcher,0,0,Ty Johnson,OFFENSE,,0.0,,0,694494
19,pitcher,2,2,Chayce McDermott,OFFENSE,1.0,0.10526315789473684,1.0,2,694646
33,pitcher,3,3,Trevor Martin,OFFENSE,1.0,0.09090909090909091,1.0,3,694680
439,pitcher,65,61,Landen Roupp,OFFENSE,0.7868852459016393,0.10933940774487472,0.7384615384615385,48,694738
21,pitcher,2,2,Khristian Curtis,OFFENSE,1.0,0.09523809523809523,1.0,2,694753
88,pitcher,5,4,Josh Ekness,OFFENSE,0.75,0.03409090909090909,0.6,3,694795
399,pitcher,31,30,Jacob Misiorowski,OFFENSE,0.7666666666666667,0.05764411027568922,0.7419354838709677,23,694819
10,pitcher,1,1,Braxton Roxby,OFFENSE,0.0,0.0,0.0,0,694820
39,pitcher,5,5,Andrew Hoffmann,OFFENSE,0.8,0.10256410256410256,0.8,4,694851
135,pitcher,15,15,Blade Tidwell,OFFENSE,0.8,0.08888888888888889,0.8,12,694918
346,pitcher,41,39,Paul Skenes,OFFENSE,0.8717948717948718,0.09826589595375723,0.8292682926829268,34,694973
38,pitcher,5,1,Alimber Santa,OFFENSE,1.0,0.02631578947368421,0.2,1,695001
42,pitcher,5,5,Kade Morris,OFFENSE,0.6,0.07142857142857142,0.6,3,695034
36,pitcher,6,6,Brett Kerry,OFFENSE,0.8333333333333334,0.1388888888888889,0.8333333333333334,5,695049
368,pitcher,24,24,Rhett Lowder,OFFENSE,0.75,0.04891304347826087,0.75,18,695076
90,pitcher,13,11,Robby Ahlstrom,OFFENSE,0.8181818181818182,0.1,0.6923076923076923,9,695239
180,pitcher,18,12,Mason Miller,OFFENSE,0.5,0.03333333333333333,0.3333333333333333,6,695243
8,pitcher,1,1,Jack Sinclair,OFFENSE,1.0,0.125,1.0,1,695378
99,pitcher,7,4,Alex Hoppe,OFFENSE,0.75,0.030303030303030304,0.42857142857142855,3,695380
229,pitcher,26,24,Brad Lord,OFFENSE,0.7916666666666666,0.08296943231441048,0.7307692307692307,19,695418
27,pitcher,3,3,Chase Lee,OFFENSE,1.0,0.1111111111111111,1.0,3,695445
347,pitcher,34,31,Chase Burns,OFFENSE,0.6774193548387096,0.06051873198847262,0.6176470588235294,21,695505
71,pitcher,9,7,Chase Petty,OFFENSE,1.0,0.09859154929577464,0.7777777777777778,7,695534
69,pitcher,10,10,Jackson Jobe,OFFENSE,0.7,0.10144927536231885,0.7,7,695549
274,pitcher,27,27,Gage Jump,OFFENSE,0.8518518518518519,0.08394160583941605,0.8518518518518519,23,695611
92,pitcher,7,7,Elmer Rodríguez,OFFENSE,0.7142857142857143,0.05434782608695652,0.7142857142857143,5,695684
89,pitcher,9,8,Wilber Dotel,OFFENSE,0.875,0.07865168539325842,0.7777777777777778,7,696062
76,pitcher,4,4,Kendry Rojas,OFFENSE,0.75,0.039473684210526314,0.75,3,696070
101,pitcher,12,10,Mason Black,OFFENSE,0.7,0.06930693069306931,0.5833333333333334,7,696131
26,pitcher,5,5,Jordan Wicks,OFFENSE,1.0,0.19230769230769232,1.0,5,696136
55,pitcher,11,11,Hagen Smith,OFFENSE,0.8181818181818182,0.16363636363636364,0.8181818181818182,9,696146
133,pitcher,6,4,Sam Bachman,OFFENSE,1.0,0.03007518796992481,0.6666666666666666,4,696147
377,pitcher,30,30,Bubba Chandler,OFFENSE,0.8333333333333334,0.06631299734748011,0.8333333333333334,25,696149
234,pitcher,21,21,Ryan Johnson,OFFENSE,0.9047619047619048,0.0811965811965812,0.9047619047619048,19,696270
85,pitcher,8,6,Samy Natera Jr.,OFFENSE,0.5,0.03529411764705882,0.375,3,696519
44,pitcher,5,5,Hayden Juenger,OFFENSE,0.8,0.09090909090909091,0.8,4,696522
1,pitcher,0,0,Dylan Ross,OFFENSE,,0.0,,0,697811
31,pitcher,3,3,Joe Rock,OFFENSE,1.0,0.0967741935483871,1.0,3,697812
24,pitcher,2,2,Antwone Kelly,OFFENSE,1.0,0.08333333333333333,1.0,2,699008
19,pitcher,2,1,Miguel Ullola,OFFENSE,1.0,0.05263157894736842,0.5,1,699044
166,pitcher,19,16,Bradgley Rodriguez,OFFENSE,0.8125,0.0783132530120482,0.6842105263157895,13,699134
19,pitcher,4,4,Jedixson Paez,OFFENSE,0.75,0.15789473684210525,0.75,3,699151
69,pitcher,7,7,Tyler Davis,OFFENSE,0.5714285714285714,0.057971014492753624,0.5714285714285714,4,699823
424,pitcher,48,48,Michael McGreevy,OFFENSE,0.75,0.08490566037735849,0.75,36,700241
84,pitcher,6,6,Cade Povich,OFFENSE,1.0,0.07142857142857142,1.0,6,700249
23,pitcher,5,5,Yilber Díaz,OFFENSE,1.0,0.21739130434782608,1.0,5,700270
7,pitcher,1,1,Welinton Herrera,OFFENSE,1.0,0.14285714285714285,1.0,1,700327
55,pitcher,10,10,AJ Smith-Shawver,OFFENSE,0.8,0.14545454545454545,0.8,8,700363
8,pitcher,0,0,Tyler Uberstine,OFFENSE,,0.0,,0,700413
168,pitcher,18,15,Gordon Graceffo,OFFENSE,0.7333333333333333,0.06547619047619048,0.6111111111111112,11,700669
354,pitcher,28,27,Walbert Ureña,OFFENSE,0.8888888888888888,0.06779661016949153,0.8571428571428571,24,700712
31,pitcher,2,2,Eduardo Rivera,OFFENSE,0.5,0.03225806451612903,0.5,1,700842
17,pitcher,1,1,Logan VanWey,OFFENSE,0.0,0.0,0.0,0,701121
4,pitcher,0,0,Duncan Davitt,OFFENSE,,0.0,,0,701474
115,pitcher,16,16,Travis Adams,OFFENSE,0.9375,0.13043478260869565,0.9375,15,701519
453,pitcher,63,59,Will Warren,OFFENSE,0.7457627118644068,0.09713024282560706,0.6984126984126984,44,701542
36,pitcher,5,4,Andre Granillo,OFFENSE,0.75,0.08333333333333333,0.6,3,701552
200,pitcher,12,12,Logan Henderson,OFFENSE,0.9166666666666666,0.055,0.9166666666666666,11,701656
55,pitcher,3,2,Tyler Samaniego,OFFENSE,1.0,0.03636363636363636,0.6666666666666666,2,701719
2,pitcher,1,1,Tanner McDougal,OFFENSE,0.0,0.0,0.0,0,701780
100,pitcher,13,11,Will Dion,OFFENSE,0.7272727272727273,0.08,0.6153846153846154,8,702021
12,pitcher,0,0,Alex Cook,OFFENSE,,0.0,,0,702047
225,pitcher,30,30,Trey Yesavage,OFFENSE,0.8,0.10666666666666667,0.8,24,702056
396,pitcher,49,48,Noah Cameron,OFFENSE,0.7708333333333334,0.09343434343434344,0.7551020408163265,37,702070
15,pitcher,5,4,Brian Fitzpatrick,OFFENSE,1.0,0.26666666666666666,0.8,4,702153
198,pitcher,22,19,Andrew Morris,OFFENSE,0.8947368421052632,0.08585858585858586,0.7727272727272727,17,702193
204,pitcher,18,18,Noah Schultz,OFFENSE,0.7777777777777778,0.06862745098039216,0.7777777777777778,14,702273
169,pitcher,16,15,JR Ritchie,OFFENSE,0.9333333333333333,0.08284023668639054,0.875,14,702275
13,pitcher,1,1,Robby Snelling,OFFENSE,0.0,0.0,0.0,0,702281
22,pitcher,2,2,Riley Martin,OFFENSE,0.5,0.045454545454545456,0.5,1,702303
26,pitcher,4,4,Spencer Bivens,OFFENSE,1.0,0.15384615384615385,1.0,4,702352
77,pitcher,9,9,Mike Paredes,OFFENSE,0.6666666666666666,0.07792207792207792,0.6666666666666666,6,702474
15,pitcher,1,1,Owen Murphy,OFFENSE,0.0,0.0,0.0,0,702566
73,pitcher,7,6,Jonathan Pintaro,OFFENSE,0.8333333333333334,0.0684931506849315,0.7142857142857143,5,702752
13,pitcher,1,1,Cesar Perdomo,OFFENSE,1.0,0.07692307692307693,1.0,1,702885
72,pitcher,6,6,Jose Cabrera,OFFENSE,0.6666666666666666,0.05555555555555555,0.6666666666666666,4,703615
81,pitcher,11,9,Luis Gastelum,OFFENSE,0.8888888888888888,0.09876543209876543,0.7272727272727273,8,703725
408,pitcher,38,37,Parker Messick,OFFENSE,0.8648648648648649,0.0784313725490196,0.8421052631578947,32,800048
157,pitcher,21,20,Didier Fuentes,OFFENSE,0.75,0.09554140127388536,0.7142857142857143,15,800311
71,pitcher,9,9,Jackson Kent,OFFENSE,1.0,0.1267605633802817,1.0,9,800600
286,pitcher,21,21,Payton Tolle,OFFENSE,0.8095238095238095,0.05944055944055944,0.8095238095238095,17,801139
111,pitcher,11,11,Chase Dollander,OFFENSE,0.8181818181818182,0.08108108108108109,0.8181818181818182,9,801403
25,pitcher,3,1,Paul Gervase,OFFENSE,1.0,0.04,0.3333333333333333,1,801434
13,pitcher,0,0,Luis De León,OFFENSE,,0.0,,0,801725
27,pitcher,3,3,Brycen Mautz,OFFENSE,1.0,0.1111111111111111,1.0,3,802408
151,pitcher,23,23,Zac Thornton,OFFENSE,0.7391304347826086,0.11258278145695365,0.7391304347826086,17,804267
13,pitcher,2,2,John Klein,OFFENSE,1.0,0.15384615384615385,1.0,2,804619
31,pitcher,4,4,Jonah Tong,OFFENSE,1.0,0.12903225806451613,1.0,4,804636
1,pitcher,1,0,Rafael Flores Jr.,OFFENSE,,0.0,0.0,0,804668
6,pitcher,0,0,Austin Peterson,OFFENSE,,0.0,,0,804926
23,pitcher,1,1,Yunior Marte,OFFENSE,0.0,0.0,0.0,0,805074
201,pitcher,31,27,AJ Blubaugh,OFFENSE,0.7037037037037037,0.0945273631840796,0.6129032258064516,19,805123
125,pitcher,13,13,Brandyn Garcia,OFFENSE,0.7692307692307693,0.08,0.7692307692307693,10,805299
74,pitcher,4,4,Tyler Schweitzer,OFFENSE,0.5,0.02702702702702703,0.5,2,805326
59,pitcher,3,3,Trent Harris,OFFENSE,1.0,0.05084745762711865,1.0,3,805345
94,pitcher,6,6,Drew Sommers,OFFENSE,0.6666666666666666,0.0425531914893617,0.6666666666666666,4,805427
298,pitcher,38,37,Zebby Matthews,OFFENSE,0.7297297297297297,0.09060402684563758,0.7105263157894737,27,805673
162,pitcher,20,19,Cade Gibson,OFFENSE,0.6842105263157895,0.08024691358024691,0.65,13,806188
56,pitcher,5,5,Luis Morales,OFFENSE,0.8,0.07142857142857142,0.8,4,806960
42,pitcher,5,5,Kade Anderson,OFFENSE,1.0,0.11904761904761904,1.0,5,807739
70,pitcher,3,3,Sean Sullivan,OFFENSE,1.0,0.04285714285714286,1.0,3,807743
33,pitcher,3,3,Andrew Sears,OFFENSE,1.0,0.09090909090909091,1.0,3,808825
292,pitcher,26,26,Roki Sasaki,OFFENSE,0.7692307692307693,0.0684931506849315,0.7692307692307693,20,808963
426,pitcher,52,51,Yoshinobu Yamamoto,OFFENSE,0.7843137254901961,0.09389671361502347,0.7692307692307693,40,808967
12,pitcher,2,2,Woo-Suk Go,OFFENSE,0.5,0.08333333333333333,0.5,1,808970
12,pitcher,3,0,Ben Williamson,OFFENSE,,0.0,0.0,0,810938
257,pitcher,32,30,Connelly Early,OFFENSE,1.0,0.11673151750972763,0.9375,30,813349
27,pitcher,4,4,Yunior Tur,OFFENSE,0.75,0.1111111111111111,0.75,3,814305
45,pitcher,6,6,Ethan Pecko,OFFENSE,0.6666666666666666,0.08888888888888889,0.6666666666666666,4,814490
36,pitcher,6,6,Mark Manfredi,OFFENSE,0.6666666666666666,0.1111111111111111,0.6666666666666666,4,815081
142,pitcher,18,17,Mitch Farris,OFFENSE,0.8823529411764706,0.1056338028169014,0.8333333333333334,15,815083
147,pitcher,19,17,José Fermin,OFFENSE,0.8235294117647058,0.09523809523809523,0.7368421052631579,14,820862
217,pitcher,27,25,Tatsuya Imai,OFFENSE,0.76,0.08755760368663594,0.7037037037037037,19,837227
1281,umpire,136,130,Lance Barksdale,OFFENSE,0.7769230769230769,0.07884465261514442,0.7426470588235294,101,427013
127,umpire,26,18,CB Bucknor,OFFENSE,0.6666666666666666,0.09448818897637795,0.46153846153846156,12,427044
1293,umpire,166,157,Laz Diaz,OFFENSE,0.7770700636942676,0.09435421500386698,0.7349397590361446,122,427113
1345,umpire,203,183,Rob Drake,OFFENSE,0.8306010928961749,0.11301115241635688,0.7487684729064039,152,427128
1243,umpire,167,161,Bruce Dreckman,OFFENSE,0.8260869565217391,0.10699919549477072,0.7964071856287425,133,427129
1397,umpire,197,180,Doug Eddings,OFFENSE,0.7666666666666667,0.09878310665712241,0.700507614213198,138,427139
944,umpire,118,113,Andy Fletcher,OFFENSE,0.7345132743362832,0.08792372881355932,0.7033898305084746,83,427164
1262,umpire,133,113,Chris Guccione,OFFENSE,0.7433628318584071,0.06656101426307448,0.631578947368421,84,427197
966,umpire,125,118,Marvin Hudson,OFFENSE,0.7966101694915254,0.09730848861283643,0.752,94,427243
1398,umpire,197,187,Dan Iassogna,OFFENSE,0.7486631016042781,0.10014306151645208,0.7106598984771574,140,427248
1010,umpire,173,166,Ron Kulpa,OFFENSE,0.7831325301204819,0.12871287128712872,0.7514450867052023,130,427292
1247,umpire,137,128,Alfonso Márquez,OFFENSE,0.828125,0.08500400962309543,0.7737226277372263,106,427315
1320,umpire,163,161,Bill Miller,OFFENSE,0.7763975155279503,0.0946969696969697,0.7668711656441718,125,427344
758,umpire,108,103,Brian O'Nora,OFFENSE,0.8058252427184466,0.10949868073878628,0.7685185185185185,83,427366
1344,umpire,141,131,Mark Wegner,OFFENSE,0.8473282442748091,0.08258928571428571,0.7872340425531915,111,427533
1308,umpire,180,165,Hunter Wendelstedt,OFFENSE,0.7212121212121212,0.09097859327217125,0.6611111111111111,119,427537
1215,umpire,136,126,Jim Wolf,OFFENSE,0.8174603174603174,0.08477366255144032,0.7573529411764706,103,427554
1325,umpire,129,119,James Hoye,OFFENSE,0.773109243697479,0.06943396226415094,0.7131782945736435,92,428442
1248,umpire,118,114,Todd Tichenor,OFFENSE,0.8421052631578947,0.07692307692307693,0.8135593220338984,96,429805
1224,umpire,174,160,Chad Fairchild,OFFENSE,0.85,0.1111111111111111,0.7816091954022989,136,431232
1145,umpire,119,106,Scott Barry,OFFENSE,0.8773584905660378,0.08122270742358079,0.7815126050420168,93,482608
1186,umpire,111,105,Chris Conroy,OFFENSE,0.8,0.07082630691399663,0.7567567567567568,84,482620
1283,umpire,167,160,Mike Estabrook,OFFENSE,0.7375,0.09197194076383476,0.7065868263473054,118,482631
1018,umpire,146,123,Adrian Johnson,OFFENSE,0.8048780487804879,0.09724950884086445,0.678082191780822,99,482641
1154,umpire,156,147,David Rackley,OFFENSE,0.8367346938775511,0.10658578856152513,0.7884615384615384,123,482663
1132,umpire,137,127,D.J. Reyburn,OFFENSE,0.7795275590551181,0.08745583038869258,0.7226277372262774,99,482666
1373,umpire,170,158,Lance Barrett,OFFENSE,0.7848101265822784,0.09031318281136198,0.7294117647058823,124,483561
1263,umpire,139,137,Dan Bellino,OFFENSE,0.7518248175182481,0.08155186064924783,0.7410071942446043,103,483564
1527,umpire,161,142,Vic Carapazza,OFFENSE,0.8169014084507042,0.07596594629993451,0.7204968944099379,116,483569
1193,umpire,125,119,John Tumpane,OFFENSE,0.773109243697479,0.07711651299245599,0.736,92,483630
1424,umpire,192,181,Mike Muchlinski,OFFENSE,0.8674033149171271,0.11025280898876405,0.8177083333333334,157,483912
1332,umpire,115,107,Mark Ripperger,OFFENSE,0.8130841121495327,0.06531531531531531,0.7565217391304347,87,483919
1160,umpire,143,136,Cory Blaser,OFFENSE,0.7647058823529411,0.0896551724137931,0.7272727272727273,104,484183
1179,umpire,123,113,Alan Porter,OFFENSE,0.8053097345132744,0.07718405428329092,0.7398373983739838,91,484198
1256,umpire,168,156,Manny Gonzalez,OFFENSE,0.7692307692307693,0.09554140127388536,0.7142857142857143,120,484499
749,umpire,75,69,Jonathan Parra,OFFENSE,0.855072463768116,0.0787716955941255,0.7866666666666666,59,485856
1093,umpire,138,125,Chad Whitson,OFFENSE,0.84,0.09606587374199452,0.7608695652173914,105,489985
1189,umpire,130,121,Jordan Baker,OFFENSE,0.8429752066115702,0.08578637510513036,0.7846153846153846,102,490319
1341,umpire,122,119,Adam Hamari,OFFENSE,0.8235294117647058,0.07307979120059657,0.8032786885245902,98,503077
1217,umpire,165,150,Chris Segal,OFFENSE,0.7733333333333333,0.09531635168447,0.703030303030303,116,503490
1257,umpire,156,138,Sean Barber,OFFENSE,0.7681159420289855,0.08432776451869531,0.6794871794871795,106,503493
1037,umpire,106,98,Ryan Blakney,OFFENSE,0.7857142857142857,0.0742526518804243,0.7264150943396226,77,503502
1280,umpire,130,117,Tripp Gibson,OFFENSE,0.7521367521367521,0.06875,0.676923076923077,88,503586
1347,umpire,139,120,Will Little,OFFENSE,0.7583333333333333,0.06755753526354863,0.6546762589928058,91,504381
1354,umpire,137,132,Quinn Wolcott,OFFENSE,0.8560606060606061,0.08345642540620384,0.8248175182481752,113,511890
1212,umpire,162,143,Nick Mahrley,OFFENSE,0.8391608391608392,0.09900990099009901,0.7407407407407407,120,521051
1191,umpire,148,141,Ben May,OFFENSE,0.8439716312056738,0.09991603694374475,0.8040540540540541,119,521251
1284,umpire,155,139,Stu Scheurwater,OFFENSE,0.7769784172661871,0.08411214953271028,0.6967741935483871,108,521889
1292,umpire,114,98,Nic Lentz,OFFENSE,0.8469387755102041,0.06424148606811146,0.7280701754385965,83,544728
710,umpire,105,93,John Bacon,OFFENSE,0.7741935483870968,0.10140845070422536,0.6857142857142857,72,545402
1150,umpire,136,124,Carlos Torres,OFFENSE,0.8870967741935484,0.09565217391304348,0.8088235294117647,110,547380
1124,umpire,91,89,Edwin Moscoso,OFFENSE,0.7528089887640449,0.059608540925266906,0.7362637362637363,67,554242
1228,umpire,133,131,Gabe Morales,OFFENSE,0.7938931297709924,0.08469055374592833,0.7819548872180451,104,573597
1161,umpire,120,109,Shane Livensparger,OFFENSE,0.8073394495412844,0.07579672695951765,0.7333333333333333,88,575629
1160,umpire,128,118,Roberto Ortiz,OFFENSE,0.7796610169491526,0.07931034482758621,0.71875,92,577468
1117,umpire,135,124,Ramon De Jesus,OFFENSE,0.782258064516129,0.08683974932855863,0.7185185185185186,97,594151
1093,umpire,83,79,Jansen Visconti,OFFENSE,0.8227848101265823,0.059469350411710885,0.7831325301204819,65,596740
1225,umpire,98,87,John Libka,OFFENSE,0.8850574712643678,0.06285714285714286,0.7857142857142857,77,596805
1313,umpire,124,109,Ryan Additon,OFFENSE,0.8623853211009175,0.0715917745620716,0.7580645161290323,94,596809
1326,umpire,126,113,Nestor Ceja,OFFENSE,0.8230088495575221,0.07013574660633484,0.7380952380952381,93,598411
1304,umpire,155,142,Dan Merzel,OFFENSE,0.8028169014084507,0.08742331288343558,0.7354838709677419,114,605670
979,umpire,111,96,Charlie Ramos,OFFENSE,0.7916666666666666,0.07763023493360573,0.6846846846846847,76,605671
1040,umpire,112,95,Jeremie Rehak,OFFENSE,0.7263157894736842,0.06634615384615385,0.6160714285714286,69,605672
1189,umpire,123,115,Alex Tosi,OFFENSE,0.8608695652173913,0.0832632464255677,0.8048780487804879,99,605673
1282,umpire,142,131,Ryan Wills,OFFENSE,0.7709923664122137,0.07878315132605304,0.7112676056338029,101,605674
1236,umpire,148,135,Paul Clemons,OFFENSE,0.8444444444444444,0.09223300970873786,0.7702702702702703,114,607884
1081,umpire,104,102,Junior Valentine,OFFENSE,0.8235294117647058,0.07770582793709528,0.8076923076923077,84,608093
1275,umpire,111,103,Nate Tomlinson,OFFENSE,0.7864077669902912,0.06352941176470588,0.7297297297297297,81,608158
1237,umpire,159,130,Emil Jimenez,OFFENSE,0.8307692307692308,0.08730800323362975,0.6792452830188679,108,621660
1319,umpire,137,123,Erich Bacchus,OFFENSE,0.8536585365853658,0.07960576194086429,0.7664233576642335,105,623938
1196,umpire,120,115,Alex MacKay,OFFENSE,0.8521739130434782,0.08193979933110368,0.8166666666666667,98,623945
1419,umpire,180,160,Malachi Moore,OFFENSE,0.76875,0.08668076109936575,0.6833333333333333,123,623946
1235,umpire,134,125,Clint Vondrak,OFFENSE,0.848,0.08582995951417004,0.7910447761194029,106,623949
1283,umpire,143,129,Brennan Miller,OFFENSE,0.8604651162790697,0.08651597817614964,0.7762237762237763,111,639723
1285,umpire,136,131,Adam Beck,OFFENSE,0.8244274809160306,0.0840466926070039,0.7941176470588235,108,644760
898,umpire,114,95,Jacob Metz,OFFENSE,0.8526315789473684,0.09020044543429843,0.7105263157894737,81,658082
946,umpire,79,66,Derek Thomas,OFFENSE,0.8636363636363636,0.06025369978858351,0.7215189873417721,57,658292
996,umpire,86,76,Tyler Jones,OFFENSE,0.7368421052631579,0.05622489959839357,0.6511627906976745,56,658325
886,umpire,88,79,Austin Jones,OFFENSE,0.8227848101265823,0.07336343115124154,0.7386363636363636,65,658536
674,umpire,78,70,Edwin Jimenez,OFFENSE,0.8714285714285714,0.09050445103857567,0.782051282051282,61,664263
1183,umpire,130,116,Brian Walsh,OFFENSE,0.6982758620689655,0.06846999154691462,0.6230769230769231,81,665281
1214,umpire,133,126,Tom Hanahan,OFFENSE,0.7857142857142857,0.0815485996705107,0.7443609022556391,99,665297
997,umpire,113,97,Dexter Kelley,OFFENSE,0.7938144329896907,0.07723169508525576,0.6814159292035398,77,665298
725,umpire,63,58,Louie Krupa,OFFENSE,0.8448275862068966,0.06758620689655172,0.7777777777777778,49,665299
421,umpire,37,35,Dillon Wilson,OFFENSE,0.8285714285714286,0.0688836104513064,0.7837837837837838,29,665302
936,umpire,100,91,Brock Ballou,OFFENSE,0.7582417582417582,0.07371794871794872,0.69,69,665576
612,umpire,85,77,Jen Pawol,OFFENSE,0.7662337662337663,0.09640522875816994,0.6941176470588235,59,668921
782,umpire,86,78,Steven Jaschinski,OFFENSE,0.8717948717948718,0.08695652173913043,0.7906976744186046,68,676580
1065,umpire,94,83,James Jean,OFFENSE,0.891566265060241,0.06948356807511737,0.7872340425531915,74,676581
319,umpire,40,39,Felix Neon,OFFENSE,0.5641025641025641,0.06896551724137931,0.55,22,681849
1424,umpire,108,101,Willie Traynor,OFFENSE,0.8514851485148515,0.060393258426966294,0.7962962962962963,86,691042
131625,base_state,5688,5320,,DEFENSE,0.7022556390977444,0.02838366571699905,0.6568213783403657,3736,000
5354,base_state,187,171,,DEFENSE,0.6432748538011696,0.02054538662682107,0.5882352941176471,110,001
17863,base_state,723,688,,DEFENSE,0.6526162790697675,0.025135755472205118,0.6210235131396957,449,010
4615,base_state,166,151,,DEFENSE,0.543046357615894,0.017768147345612134,0.4939759036144578,82,011
44456,base_state,2103,1943,,DEFENSE,0.6932578486875965,0.030299622098254455,0.6405135520684736,1347,100
6687,base_state,310,280,,DEFENSE,0.6821428571428572,0.028562883206221027,0.6161290322580645,191,101
16123,base_state,706,634,,DEFENSE,0.6072555205047319,0.023878930720089314,0.5453257790368272,385,110
5604,base_state,244,222,,DEFENSE,0.5540540540540541,0.021948608137044967,0.5040983606557377,123,111
145,batter,10,10,Andrew McCutchen,DEFENSE,0.7,0.04827586206896552,0.7,7,457705
36,batter,2,2,Carlos Santana,DEFENSE,0.5,0.027777777777777776,0.5,1,467793
274,batter,12,12,Miguel Rojas,DEFENSE,0.8333333333333334,0.0364963503649635,0.8333333333333334,10,500743
22,batter,0,0,Tommy Pham,DEFENSE,,0.0,,0,502054
471,batter,19,18,Paul Goldschmidt,DEFENSE,0.8333333333333334,0.03184713375796178,0.7894736842105263,15,502671
45,batter,2,2,Sandy León,DEFENSE,1.0,0.044444444444444446,1.0,2,506702
606,batter,29,28,Jose Altuve,DEFENSE,0.5357142857142857,0.024752475247524754,0.5172413793103449,15,514888
198,batter,7,7,Starling Marte,DEFENSE,0.2857142857142857,0.010101010101010102,0.2857142857142857,2,516782
95,batter,5,4,Travis d'Arnaud,DEFENSE,0.75,0.031578947368421054,0.6,3,518595
954,batter,60,57,Freddie Freeman,DEFENSE,0.6491228070175439,0.03878406708595388,0.6166666666666667,37,518692
146,batter,6,6,Giancarlo Stanton,DEFENSE,0.8333333333333334,0.03424657534246575,0.8333333333333334,5,519317
663,batter,15,12,Salvador Perez,DEFENSE,0.75,0.013574660633484163,0.6,9,521692
469,batter,14,12,Marcell Ozuna,DEFENSE,0.4166666666666667,0.010660980810234541,0.35714285714285715,5,542303
271,batter,14,12,Kyle Higashioka,DEFENSE,0.75,0.033210332103321034,0.6428571428571429,9,543309
177,batter,13,10,James McCann,DEFENSE,0.8,0.04519774011299435,0.6153846153846154,8,543510
661,batter,24,23,Marcus Semien,DEFENSE,0.6956521739130435,0.024205748865355523,0.6666666666666666,16,543760
687,batter,23,22,George Springer,DEFENSE,0.7272727272727273,0.023289665211062592,0.6956521739130435,16,543807
334,batter,17,17,Christian Vázquez,DEFENSE,0.7647058823529411,0.038922155688622756,0.7647058823529411,13,543877
493,batter,20,19,Ildemaro Vargas,DEFENSE,0.8947368421052632,0.034482758620689655,0.85,17,545121
277,batter,14,14,Randal Grichuk,DEFENSE,0.7857142857142857,0.039711191335740074,0.7857142857142857,11,545341
968,batter,39,38,Mike Trout,DEFENSE,0.7894736842105263,0.030991735537190084,0.7692307692307693,30,545361
983,batter,45,43,Bryce Harper,DEFENSE,0.7209302325581395,0.03153611393692777,0.6888888888888889,31,547180
267,batter,23,22,Elias Díaz,DEFENSE,0.5909090909090909,0.04868913857677903,0.5652173913043478,13,553869
674,batter,25,25,Eugenio Suárez,DEFENSE,0.6,0.02225519287833828,0.6,15,553993
780,batter,29,25,Nolan Arenado,DEFENSE,0.64,0.020512820512820513,0.5517241379310345,16,571448
10,batter,0,0,Kyle Farmer,DEFENSE,,0.0,,0,571657
84,batter,5,4,Enrique Hernández,DEFENSE,0.5,0.023809523809523808,0.4,2,571771
44,batter,0,0,Luke Maile,DEFENSE,,0.0,,0,571912
1,batter,0,0,Miles Mikolas,DEFENSE,,0.0,,0,571945
805,batter,40,39,Max Muncy,DEFENSE,0.6410256410256411,0.031055900621118012,0.625,25,571970
825,batter,31,26,Christian Walker,DEFENSE,0.7307692307692307,0.02303030303030303,0.6129032258064516,19,572233
578,batter,30,30,Mike Yastrzemski,DEFENSE,0.7,0.03633217993079585,0.7,21,573262
714,batter,33,32,Willson Contreras,DEFENSE,0.8125,0.036414565826330535,0.7878787878787878,26,575929
159,batter,6,5,Nick Castellanos,DEFENSE,0.4,0.012578616352201259,0.3333333333333333,2,592206
459,batter,15,15,Aaron Judge,DEFENSE,0.6,0.0196078431372549,0.6,9,592450
892,batter,33,27,Manny Machado,DEFENSE,0.5925925925925926,0.017937219730941704,0.48484848484848486,16,592518
626,batter,35,31,Joc Pederson,DEFENSE,0.7419354838709677,0.036741214057507986,0.6571428571428571,23,592626
580,batter,24,23,J.T. Realmuto,DEFENSE,0.8260869565217391,0.032758620689655175,0.7916666666666666,19,592663
721,batter,35,33,Christian Yelich,DEFENSE,0.9090909090909091,0.04160887656033287,0.8571428571428571,30,592885
818,batter,39,37,Xander Bogaerts,DEFENSE,0.6216216216216216,0.028117359413202935,0.5897435897435898,23,593428
208,batter,10,10,Jorge Polanco,DEFENSE,0.7,0.03365384615384615,0.7,7,593871
175,batter,2,2,Javier Báez,DEFENSE,0.5,0.005714285714285714,0.5,1,595879
311,batter,14,14,Austin Hedges,DEFENSE,0.7142857142857143,0.03215434083601286,0.7142857142857143,10,595978
631,batter,31,29,Francisco Lindor,DEFENSE,0.6896551724137931,0.03169572107765452,0.6451612903225806,20,596019
106,batter,5,5,Austin Slater,DEFENSE,1.0,0.04716981132075472,1.0,5,596103
225,batter,7,7,Trevor Story,DEFENSE,0.8571428571428571,0.02666666666666667,0.8571428571428571,6,596115
71,batter,2,2,Garrett Stubbs,DEFENSE,1.0,0.028169014084507043,1.0,2,596117
433,batter,18,18,Gary Sánchez,DEFENSE,0.7222222222222222,0.03002309468822171,0.7222222222222222,13,596142
185,batter,13,13,Max Kepler,DEFENSE,0.6153846153846154,0.043243243243243246,0.6153846153846154,8,596146
24,batter,1,1,Jeimer Candelario,DEFENSE,1.0,0.041666666666666664,1.0,1,600869
125,batter,3,3,Ramón Urías,DEFENSE,0.3333333333333333,0.008,0.3333333333333333,1,602104
863,batter,37,37,Josh Bell,DEFENSE,0.6756756756756757,0.028968713789107765,0.6756756756756757,25,605137
621,batter,27,26,Mookie Betts,DEFENSE,0.46153846153846156,0.01932367149758454,0.4444444444444444,12,605141
492,batter,21,19,Victor Caratini,DEFENSE,0.631578947368421,0.024390243902439025,0.5714285714285714,12,605170
20,batter,1,1,Aramis Garcia,DEFENSE,1.0,0.05,1.0,1,605244
4,batter,1,1,Vimael Machín,DEFENSE,0.0,0.0,0.0,0,605353
57,batter,1,1,Orlando Arcia,DEFENSE,1.0,0.017543859649122806,1.0,1,606115
631,batter,22,22,Teoscar Hernández,DEFENSE,0.6363636363636364,0.022187004754358162,0.6363636363636364,14,606192
716,batter,23,23,Ketel Marte,DEFENSE,0.782608695652174,0.025139664804469275,0.782608695652174,18,606466
106,batter,3,3,Eric Haase,DEFENSE,1.0,0.02830188679245283,1.0,3,606992
808,batter,41,40,Brandon Nimmo,DEFENSE,0.7,0.034653465346534656,0.6829268292682927,28,607043
810,batter,31,28,Trea Turner,DEFENSE,0.7142857142857143,0.024691358024691357,0.6451612903225806,20,607208
741,batter,28,26,José Ramírez,DEFENSE,0.8461538461538461,0.029689608636977057,0.7857142857142857,22,608070
981,batter,50,47,Alex Bregman,DEFENSE,0.48936170212765956,0.023445463812436288,0.46,23,608324
579,batter,19,19,Carson Kelly,DEFENSE,0.7368421052631579,0.024179620034542316,0.7368421052631579,14,608348
538,batter,18,18,Corey Seager,DEFENSE,0.5,0.016728624535315983,0.5,9,608369
187,batter,8,7,Rob Refsnyder,DEFENSE,0.8571428571428571,0.03208556149732621,0.75,6,608701
29,batter,1,1,Joey Meneses,DEFENSE,1.0,0.034482758620689655,1.0,1,608841
282,batter,12,12,Miguel Andujar,DEFENSE,0.6666666666666666,0.028368794326241134,0.6666666666666666,8,609280
342,batter,11,11,Luis Torrens,DEFENSE,0.5454545454545454,0.017543859649122806,0.5454545454545454,6,620443
694,batter,26,25,Dansby Swanson,DEFENSE,0.68,0.024495677233429394,0.6538461538461539,17,621020
221,batter,9,8,Carlos Correa,DEFENSE,0.75,0.027149321266968326,0.6666666666666666,6,621043
278,batter,11,11,Tyrone Taylor,DEFENSE,0.7272727272727273,0.02877697841726619,0.7272727272727273,8,621438
515,batter,17,16,Byron Buxton,DEFENSE,0.75,0.02330097087378641,0.7058823529411765,12,621439
1036,batter,44,44,Taylor Ward,DEFENSE,0.6363636363636364,0.02702702702702703,0.6363636363636364,28,621493
61,batter,5,4,Patrick Wisdom,DEFENSE,0.5,0.03278688524590164,0.4,2,621550
1036,batter,57,53,Matt Olson,DEFENSE,0.7358490566037735,0.037644787644787646,0.6842105263157895,39,621566
318,batter,19,17,Donovan Walton,DEFENSE,0.8823529411764706,0.04716981132075472,0.7894736842105263,15,622268
234,batter,13,12,Jorge Mateo,DEFENSE,0.6666666666666666,0.03418803418803419,0.6153846153846154,8,622761
187,batter,7,7,Tyler Heineman,DEFENSE,0.5714285714285714,0.0213903743315508,0.5714285714285714,4,623168
9,batter,0,0,Andrew Velazquez,DEFENSE,,0.0,,0,623205
984,batter,31,29,Pete Alonso,DEFENSE,0.6896551724137931,0.02032520325203252,0.6451612903225806,20,624413
410,batter,19,17,Michael Conforto,DEFENSE,0.5882352941176471,0.024390243902439025,0.5263157894736842,10,624424
159,batter,8,8,Adam Frazier,DEFENSE,0.75,0.03773584905660377,0.75,6,624428
143,batter,7,7,Jose Trevino,DEFENSE,0.2857142857142857,0.013986013986013986,0.2857142857142857,2,624431
27,batter,1,0,Reese McGuire,DEFENSE,,0.0,0.0,0,624512
544,batter,13,12,Jorge Soler,DEFENSE,0.75,0.016544117647058824,0.6923076923076923,9,624585
216,batter,10,10,Edmundo Sosa,DEFENSE,0.8,0.037037037037037035,0.8,8,624641
17,batter,0,0,Andy Ibáñez,DEFENSE,,0.0,,0,628451
545,batter,21,21,Jake Cronenworth,DEFENSE,0.6666666666666666,0.025688073394495414,0.6666666666666666,14,630105
73,batter,7,7,Brian Navarreto,DEFENSE,0.8571428571428571,0.0821917808219178,0.8571428571428571,6,640459
20,batter,1,1,José Azócar,DEFENSE,0.0,0.0,0.0,0,640492
127,batter,7,7,Jhonny Pereda,DEFENSE,0.5714285714285714,0.031496062992125984,0.5714285714285714,4,640902
910,batter,45,45,Jake Bauers,DEFENSE,0.7555555555555555,0.03736263736263736,0.7555555555555555,34,641343
702,batter,41,38,Cody Bellinger,DEFENSE,0.7631578947368421,0.04131054131054131,0.7073170731707317,29,641355
758,batter,54,49,J.P. Crawford,DEFENSE,0.6122448979591837,0.0395778364116095,0.5555555555555556,30,641487
132,batter,1,1,J.C. Escarra,DEFENSE,0.0,0.0,0.0,0,641555
146,batter,8,6,Jake Fraley,DEFENSE,0.6666666666666666,0.0273972602739726,0.5,4,641584
256,batter,5,4,Mitch Garver,DEFENSE,0.0,0.0,0.0,0,641598
448,batter,19,19,Jonah Heim,DEFENSE,0.6842105263157895,0.029017857142857144,0.6842105263157895,13,641680
14,batter,1,1,Trey Mancini,DEFENSE,0.0,0.0,0.0,0,641820
472,batter,24,23,Ryan McMahon,DEFENSE,0.6086956521739131,0.029661016949152543,0.5833333333333334,14,641857
386,batter,11,11,Tyler O'Neill,DEFENSE,0.7272727272727273,0.02072538860103627,0.7272727272727273,8,641933
26,batter,2,2,Chuckie Robinson,DEFENSE,1.0,0.07692307692307693,1.0,2,642020
405,batter,21,20,Dominic Smith,DEFENSE,0.65,0.03209876543209877,0.6190476190476191,13,642086
17,batter,0,0,Rowdy Tellez,DEFENSE,,0.0,,0,642133
271,batter,10,10,Eli White,DEFENSE,0.4,0.014760147601476014,0.4,4,642201
232,batter,6,5,Weston Wilson,DEFENSE,0.2,0.004310344827586207,0.16666666666666666,1,642215
233,batter,8,6,Jose Siri,DEFENSE,1.0,0.02575107296137339,0.75,6,642350
260,batter,5,4,Amed Rosario,DEFENSE,0.75,0.011538461538461539,0.6,3,642708
694,batter,30,28,Willy Adames,DEFENSE,0.5714285714285714,0.023054755043227664,0.5333333333333333,16,642715
94,batter,3,3,Austin Wynns,DEFENSE,0.6666666666666666,0.02127659574468085,0.6666666666666666,2,642851
575,batter,22,20,Andrew Benintendi,DEFENSE,0.65,0.022608695652173914,0.5909090909090909,13,643217
655,batter,18,15,Mauricio Dubón,DEFENSE,0.7333333333333333,0.016793893129770993,0.6111111111111112,11,643289
269,batter,21,19,Danny Jansen,DEFENSE,0.8947368421052632,0.06319702602230483,0.8095238095238095,17,643376
188,batter,6,6,Isiah Kiner-Falefa,DEFENSE,0.6666666666666666,0.02127659574468085,0.6666666666666666,4,643396
526,batter,18,16,Jeff McNeil,DEFENSE,0.75,0.022813688212927757,0.6666666666666666,12,643446
47,batter,0,0,Chadwick Tromp,DEFENSE,,0.0,,0,644433
764,batter,18,18,Ozzie Albies,DEFENSE,0.5555555555555556,0.013089005235602094,0.5555555555555556,10,645277
171,batter,8,7,Victor Robles,DEFENSE,0.5714285714285714,0.023391812865497075,0.5,4,645302
89,batter,3,2,Ali Sánchez,DEFENSE,0.5,0.011235955056179775,0.3333333333333333,1,645305
950,batter,39,37,Rafael Devers,DEFENSE,0.5675675675675675,0.022105263157894735,0.5384615384615384,21,646240
662,batter,31,29,Josh Naylor,DEFENSE,0.6896551724137931,0.030211480362537766,0.6451612903225806,20,647304
78,batter,1,0,Luis Urías,DEFENSE,,0.0,0.0,0,649966
711,batter,34,33,Luis Arraez,DEFENSE,0.7878787878787878,0.03656821378340366,0.7647058823529411,26,650333
46,batter,2,2,Eloy Jiménez,DEFENSE,1.0,0.043478260869565216,1.0,2,650391
635,batter,32,29,Gleyber Torres,DEFENSE,0.6896551724137931,0.031496062992125984,0.625,20,650402
648,batter,25,23,Willi Castro,DEFENSE,0.6521739130434783,0.023148148148148147,0.6,15,650489
810,batter,28,26,Yandy Díaz,DEFENSE,0.5384615384615384,0.01728395061728395,0.5,14,650490
77,batter,1,1,Bryan De La Cruz,DEFENSE,0.0,0.0,0.0,0,650559
494,batter,7,7,Luis Rengifo,DEFENSE,0.7142857142857143,0.010121457489878543,0.7142857142857143,5,650859
42,batter,2,2,Yohel Pozo,DEFENSE,1.0,0.047619047619047616,1.0,2,650968
491,batter,26,25,Andruw Monasterio,DEFENSE,0.72,0.03665987780040733,0.6923076923076923,18,655316
514,batter,19,18,Matt Chapman,DEFENSE,0.7777777777777778,0.027237354085603113,0.7368421052631579,14,656305
48,batter,1,1,Stuart Fairchild,DEFENSE,1.0,0.020833333333333332,1.0,1,656413
226,batter,7,7,Tristan Gray,DEFENSE,0.7142857142857143,0.022123893805309734,0.7142857142857143,5,656484
260,batter,8,6,Derek Hill,DEFENSE,0.8333333333333334,0.019230769230769232,0.625,5,656537
549,batter,31,27,Rhys Hoskins,DEFENSE,0.5925925925925926,0.029143897996357013,0.5161290322580645,16,656555
78,batter,4,3,Alex Jackson,DEFENSE,1.0,0.038461538461538464,0.75,3,656577
86,batter,9,9,Connor Joe,DEFENSE,0.6666666666666666,0.06976744186046512,0.6666666666666666,6,656582
512,batter,20,18,Zach McKinstry,DEFENSE,0.5555555555555556,0.01953125,0.5,10,656716
661,batter,21,20,Cedric Mullins,DEFENSE,0.75,0.0226928895612708,0.7142857142857143,15,656775
546,batter,27,22,Ryan O'Hearn,DEFENSE,0.6818181818181818,0.027472527472527472,0.5555555555555556,15,656811
1066,batter,44,37,Kyle Schwarber,DEFENSE,0.7567567567567568,0.02626641651031895,0.6363636363636364,28,656941
138,batter,11,11,Pavin Smith,DEFENSE,0.7272727272727273,0.057971014492753624,0.7272727272727273,8,656976
599,batter,18,15,Lane Thomas,DEFENSE,0.6666666666666666,0.01669449081803005,0.5555555555555556,10,657041
302,batter,14,13,Connor Wong,DEFENSE,0.5384615384615384,0.023178807947019868,0.5,7,657136
306,batter,13,12,Ramón Laureano,DEFENSE,0.8333333333333334,0.032679738562091505,0.7692307692307693,10,657656
665,batter,39,33,Gavin Sheets,DEFENSE,0.6060606060606061,0.03007518796992481,0.5128205128205128,20,657757
215,batter,10,8,Yoán Moncada,DEFENSE,0.875,0.03255813953488372,0.7,7,660162
874,batter,44,40,Shohei Ohtani,DEFENSE,0.625,0.028604118993135013,0.5681818181818182,25,660271
16,batter,1,1,Vidal Bruján,DEFENSE,1.0,0.0625,1.0,1,660644
634,batter,17,15,Ronald Acuña Jr.,DEFENSE,0.9333333333333333,0.022082018927444796,0.8235294117647058,14,660670
328,batter,17,16,Keibert Ruiz,DEFENSE,0.6875,0.03353658536585366,0.6470588235294118,11,660688
120,batter,4,4,Rodolfo Durán,DEFENSE,1.0,0.03333333333333333,1.0,4,660710
370,batter,18,18,Jesús Sánchez,DEFENSE,0.7777777777777778,0.03783783783783784,0.7777777777777778,14,660821
244,batter,18,16,Leo Rivas,DEFENSE,0.625,0.040983606557377046,0.5555555555555556,10,660844
791,batter,42,40,William Contreras,DEFENSE,0.575,0.029077117572692796,0.5476190476190477,23,661388
84,batter,6,5,Brian Serven,DEFENSE,0.2,0.011904761904761904,0.16666666666666666,1,661531
646,batter,26,24,Daulton Varsho,DEFENSE,0.6666666666666666,0.02476780185758514,0.6153846153846154,16,662139
210,batter,9,7,Jahmai Jones,DEFENSE,0.5714285714285714,0.01904761904761905,0.4444444444444444,4,663330
151,batter,6,6,Blake Perkins,DEFENSE,0.6666666666666666,0.026490066225165563,0.6666666666666666,4,663368
463,batter,25,25,Lars Nootbaar,DEFENSE,0.6,0.032397408207343416,0.6,15,663457
234,batter,16,15,Bryan Torres,DEFENSE,0.6666666666666666,0.042735042735042736,0.625,10,663494
748,batter,36,36,Nico Hoerner,DEFENSE,0.8055555555555556,0.03877005347593583,0.8055555555555556,29,663538
15,batter,0,0,Hayden Senger,DEFENSE,,0.0,,0,663584
822,batter,25,25,Austin Riley,DEFENSE,0.8,0.024330900243309004,0.8,20,663586
159,batter,7,7,Brandon Lockridge,DEFENSE,0.7142857142857143,0.031446540880503145,0.7142857142857143,5,663604
10,batter,0,0,Luken Baker,DEFENSE,,0.0,,0,663609
65,batter,6,6,Nick Madrigal,DEFENSE,0.3333333333333333,0.03076923076923077,0.3333333333333333,2,663611
625,batter,24,23,Trevor Larnach,DEFENSE,0.6956521739130435,0.0256,0.6666666666666666,16,663616
15,batter,0,0,Ryan Mountcastle,DEFENSE,,0.0,,0,663624
266,batter,12,11,Ke'Bryan Hayes,DEFENSE,0.7272727272727273,0.03007518796992481,0.6666666666666666,8,663647
873,batter,38,38,Kyle Tucker,DEFENSE,0.6578947368421053,0.0286368843069874,0.6578947368421053,25,663656
26,batter,0,0,Daz Cameron,DEFENSE,,0.0,,0,663662
93,batter,5,4,Jonathan India,DEFENSE,1.0,0.043010752688172046,0.8,4,663697
164,batter,2,1,Joey Bart,DEFENSE,0.0,0.0,0.0,0,663698
740,batter,36,33,Cal Raleigh,DEFENSE,0.7272727272727273,0.032432432432432434,0.6666666666666666,24,663728
311,batter,14,14,Nick Fortes,DEFENSE,0.8571428571428571,0.03858520900321544,0.8571428571428571,12,663743
821,batter,58,56,Trent Grisham,DEFENSE,0.6428571428571429,0.0438489646772229,0.6206896551724138,36,663757
362,batter,20,20,Matt Vierling,DEFENSE,0.55,0.03038674033149171,0.55,11,663837
103,batter,2,2,Romy Gonzalez,DEFENSE,0.0,0.0,0.0,0,663853
669,batter,37,34,Tyler Stephenson,DEFENSE,0.6176470588235294,0.03139013452914798,0.5675675675675675,21,663886
4,batter,0,0,Luke Williams,DEFENSE,,0.0,,0,663897
34,batter,1,1,César Salazar,DEFENSE,1.0,0.029411764705882353,1.0,1,663967
433,batter,18,14,Jake Mangum,DEFENSE,0.7857142857142857,0.025404157043879907,0.6111111111111112,11,663968
596,batter,28,23,Nathaniel Lowe,DEFENSE,0.5217391304347826,0.020134228187919462,0.42857142857142855,12,663993
987,batter,43,40,Ian Happ,DEFENSE,0.625,0.025329280648429583,0.5813953488372093,25,664023
610,batter,25,22,Ty France,DEFENSE,0.8636363636363636,0.03114754098360656,0.76,19,664034
875,batter,45,40,Brandon Lowe,DEFENSE,0.65,0.029714285714285714,0.5777777777777777,26,664040
133,batter,5,5,Harrison Bader,DEFENSE,0.8,0.03007518796992481,0.8,4,664056
55,batter,4,4,Sam Haggerty,DEFENSE,1.0,0.07272727272727272,1.0,4,664059
5,batter,0,0,Scott Kingery,DEFENSE,,0.0,,0,664068
33,batter,1,1,Dylan Moore,DEFENSE,1.0,0.030303030303030304,1.0,1,664238
423,batter,23,22,Myles Straw,DEFENSE,0.6818181818181818,0.03546099290780142,0.6521739130434783,15,664702
334,batter,12,12,Kyle Isbel,DEFENSE,0.8333333333333334,0.029940119760479042,0.8333333333333334,10,664728
50,batter,2,2,P.J. Higgins,DEFENSE,1.0,0.04,1.0,2,664731
754,batter,31,29,Alec Bohm,DEFENSE,0.7241379310344828,0.027851458885941646,0.6774193548387096,21,664761
523,batter,26,25,Nathan Lukes,DEFENSE,0.88,0.04206500956022945,0.8461538461538461,22,664770
242,batter,11,7,LaMonte Wade Jr.,DEFENSE,0.7142857142857143,0.02066115702479339,0.45454545454545453,5,664774
253,batter,16,14,Brett Sullivan,DEFENSE,0.7142857142857143,0.039525691699604744,0.625,10,664954
542,batter,12,12,Jake McCarthy,DEFENSE,0.6666666666666666,0.014760147601476014,0.6666666666666666,8,664983
695,batter,27,24,Kody Clemens,DEFENSE,0.7083333333333334,0.02446043165467626,0.6296296296296297,17,665019
381,batter,13,13,Griffin Conine,DEFENSE,0.7692307692307693,0.026246719160104987,0.7692307692307693,10,665052
496,batter,12,11,Jeremy Peña,DEFENSE,0.9090909090909091,0.020161290322580645,0.8333333333333334,10,665161
868,batter,35,35,Fernando Tatis Jr.,DEFENSE,0.7428571428571429,0.029953917050691243,0.7428571428571429,26,665487
752,batter,28,27,Vladimir Guerrero Jr.,DEFENSE,0.8518518518518519,0.030585106382978722,0.8214285714285714,23,665489
14,batter,0,0,Cristian Pache,DEFENSE,,0.0,,0,665506
114,batter,7,6,Rafael Marchán,DEFENSE,0.6666666666666666,0.03508771929824561,0.5714285714285714,4,665561
688,batter,29,28,Juan Soto,DEFENSE,0.75,0.030523255813953487,0.7241379310344828,21,665742
644,batter,29,28,Leody Taveras,DEFENSE,0.6428571428571429,0.027950310559006212,0.6206896551724138,18,665750
358,batter,9,9,Miguel Amaya,DEFENSE,0.6666666666666666,0.01675977653631285,0.6666666666666666,6,665804
9,batter,0,0,Oswaldo Cabrera,DEFENSE,,0.0,,0,665828
580,batter,31,29,Oneil Cruz,DEFENSE,0.6206896551724138,0.03103448275862069,0.5806451612903226,18,665833
2,batter,0,0,Jair Camargo,DEFENSE,,0.0,,0,665856
69,batter,3,2,Sebastián Rivero,DEFENSE,0.5,0.014492753623188406,0.3333333333333333,1,665861
805,batter,38,36,Jazz Chisholm Jr.,DEFENSE,0.7777777777777778,0.034782608695652174,0.7368421052631579,28,665862
526,batter,31,29,José Fermín,DEFENSE,0.6206896551724138,0.034220532319391636,0.5806451612903226,18,665877
293,batter,17,13,Esteury Ruiz,DEFENSE,0.8461538461538461,0.03754266211604096,0.6470588235294118,11,665923
491,batter,14,12,Andrés Giménez,DEFENSE,0.6666666666666666,0.016293279022403257,0.5714285714285714,8,665926
265,batter,8,6,Andrés Chaparro,DEFENSE,1.0,0.022641509433962263,0.75,6,665953
354,batter,8,7,Carlos Narváez,DEFENSE,0.42857142857142855,0.00847457627118644,0.375,3,665966
879,batter,44,41,Jonathan Aranda,DEFENSE,0.6341463414634146,0.02957906712172924,0.5909090909090909,26,666018
328,batter,13,11,Freddy Fermin,DEFENSE,0.8181818181818182,0.027439024390243903,0.6923076923076923,9,666023
508,batter,32,31,Carlos Cortes,DEFENSE,0.8064516129032258,0.04921259842519685,0.78125,25,666126
437,batter,13,10,Josh Lowe,DEFENSE,0.5,0.011441647597254004,0.38461538461538464,5,666139
518,batter,35,33,David Hamilton,DEFENSE,0.6666666666666666,0.04247104247104247,0.6285714285714286,22,666152
431,batter,23,18,Mickey Moniak,DEFENSE,0.5555555555555556,0.02320185614849188,0.43478260869565216,10,666160
29,batter,0,0,Ben Rortvedt,DEFENSE,,0.0,,0,666163
778,batter,21,19,Jo Adell,DEFENSE,0.631578947368421,0.015424164524421594,0.5714285714285714,12,666176
196,batter,11,10,Will Benson,DEFENSE,0.8,0.04081632653061224,0.7272727272727273,8,666181
733,batter,26,23,Bo Bichette,DEFENSE,0.782608695652174,0.02455661664392906,0.6923076923076923,18,666182
10,batter,3,3,Dylan Carlson,DEFENSE,0.3333333333333333,0.1,0.3333333333333333,1,666185
342,batter,17,15,Taylor Trammell,DEFENSE,0.6,0.02631578947368421,0.5294117647058824,9,666211
149,batter,6,6,Bo Naylor,DEFENSE,0.5,0.020134228187919462,0.5,3,666310
476,batter,37,34,Edouard Julien,DEFENSE,0.6764705882352942,0.04831932773109244,0.6216216216216216,23,666397
48,batter,3,3,Jerar Encarnacion,DEFENSE,0.0,0.0,0.0,0,666464
111,batter,6,6,Christopher Morel,DEFENSE,1.0,0.05405405405405406,1.0,6,666624
7,batter,0,0,Jared Oliva,DEFENSE,,0.0,,0,666931
398,batter,16,15,Adolis García,DEFENSE,0.7333333333333333,0.02763819095477387,0.6875,11,666969
232,batter,4,4,Lourdes Gurriel Jr.,DEFENSE,0.75,0.01293103448275862,0.75,3,666971
10,batter,1,1,Corey Julks,DEFENSE,0.0,0.0,0.0,0,667452
457,batter,15,14,Dane Myers,DEFENSE,0.7857142857142857,0.024070021881838075,0.7333333333333333,11,667472
256,batter,11,11,Brent Rooker,DEFENSE,0.6363636363636364,0.02734375,0.6363636363636364,7,667670
863,batter,32,29,Randy Arozarena,DEFENSE,0.6896551724137931,0.023174971031286212,0.625,20,668227
249,batter,11,11,Jake Rogers,DEFENSE,0.5454545454545454,0.024096385542168676,0.5454545454545454,6,668670
754,batter,36,35,JJ Bleday,DEFENSE,0.6,0.027851458885941646,0.5833333333333334,21,668709
557,batter,21,20,Spencer Steer,DEFENSE,0.75,0.026929982046678635,0.7142857142857143,15,668715
338,batter,11,11,Ryan Vilade,DEFENSE,0.7272727272727273,0.023668639053254437,0.7272727272727273,8,668723
57,batter,2,2,Andrew Knizner,DEFENSE,1.0,0.03508771929824561,1.0,2,668800
960,batter,48,44,Bryan Reynolds,DEFENSE,0.6136363636363636,0.028125,0.5625,27,668804
529,batter,25,24,Austin Martin,DEFENSE,0.7916666666666666,0.035916824196597356,0.76,19,668885
302,batter,4,4,Mark Vientos,DEFENSE,0.75,0.009933774834437087,0.75,3,668901
622,batter,23,21,Royce Lewis,DEFENSE,0.5714285714285714,0.01929260450160772,0.5217391304347826,12,668904
1011,batter,53,51,Brice Turang,DEFENSE,0.7450980392156863,0.03758654797230465,0.7169811320754716,38,668930
587,batter,26,24,Adley Rutschman,DEFENSE,0.5416666666666666,0.022146507666098807,0.5,13,668939
125,batter,3,2,Josh Rojas,DEFENSE,1.0,0.016,0.6666666666666666,2,668942
312,batter,17,17,Ryan Kreidler,DEFENSE,0.6470588235294118,0.035256410256410256,0.6470588235294118,11,668952
1,batter,0,0,Maverick Handley,DEFENSE,,0.0,,0,668974
755,batter,31,27,Garrett Mitchell,DEFENSE,0.7037037037037037,0.025165562913907286,0.6129032258064516,19,669003
234,batter,12,12,MJ Melendez,DEFENSE,0.75,0.038461538461538464,0.75,9,669004
658,batter,31,29,Brandon Marsh,DEFENSE,0.7586206896551724,0.03343465045592705,0.7096774193548387,22,669016
625,batter,30,27,Kyle Stowers,DEFENSE,0.7777777777777778,0.0336,0.7,21,669065
33,batter,1,1,Sam Huff,DEFENSE,1.0,0.030303030303030304,1.0,1,669087
579,batter,17,16,Shea Langeliers,DEFENSE,0.6875,0.018998272884283247,0.6470588235294118,11,669127
317,batter,10,9,Luis Campusano,DEFENSE,0.4444444444444444,0.012618296529968454,0.4,4,669134
16,batter,2,2,Ryan Bliss,DEFENSE,1.0,0.125,1.0,2,669208
99,batter,7,7,Sean Murphy,DEFENSE,0.7142857142857143,0.050505050505050504,0.7142857142857143,5,669221
537,batter,30,27,Austin Wells,DEFENSE,0.5555555555555556,0.027932960893854747,0.5,15,669224
271,batter,13,13,Jeremiah Jackson,DEFENSE,0.7692307692307693,0.03690036900369004,0.7692307692307693,10,669236
345,batter,16,15,Tommy Edman,DEFENSE,0.5333333333333333,0.02318840579710145,0.5,8,669242
6,batter,0,0,Nick Solak,DEFENSE,,0.0,,0,669256
385,batter,17,17,Will Smith,DEFENSE,0.7058823529411765,0.03116883116883117,0.7058823529411765,12,669257
21,batter,0,0,Daniel Johnson,DEFENSE,,0.0,,0,669288
69,batter,1,1,Santiago Espinal,DEFENSE,1.0,0.014492753623188406,1.0,1,669289
62,batter,4,4,Bryce Teodosio,DEFENSE,1.0,0.06451612903225806,1.0,4,669326
404,batter,18,18,Nolan Gorman,DEFENSE,0.6111111111111112,0.027227722772277228,0.6111111111111112,11,669357
7,batter,1,1,Trei Cruz,DEFENSE,1.0,0.14285714285714285,1.0,1,669360
864,batter,36,32,Xavier Edwards,DEFENSE,0.75,0.027777777777777776,0.6666666666666666,24,669364
60,batter,4,4,Bryce Johnson,DEFENSE,0.5,0.03333333333333333,0.5,2,669369
47,batter,3,3,Raynel Delgado,DEFENSE,0.6666666666666666,0.0425531914893617,0.6666666666666666,2,669384
185,batter,7,6,Samad Taylor,DEFENSE,1.0,0.032432432432432434,0.8571428571428571,6,669392
709,batter,23,20,Jake Burger,DEFENSE,0.75,0.021156558533145273,0.6521739130434783,15,669394
188,batter,11,8,Nick Allen,DEFENSE,0.5,0.02127659574468085,0.36363636363636365,4,669397
44,batter,0,0,Gage Workman,DEFENSE,,0.0,,0,669398
448,batter,14,13,Casey Schmitt,DEFENSE,0.7692307692307693,0.022321428571428572,0.7142857142857143,10,669477
73,batter,4,4,Braden Shewmake,DEFENSE,0.75,0.0410958904109589,0.75,3,669699
282,batter,17,16,Josh Smith,DEFENSE,0.75,0.0425531914893617,0.7058823529411765,12,669701
446,batter,13,13,Jared Triolo,DEFENSE,0.9230769230769231,0.026905829596412557,0.9230769230769231,12,669707
10,batter,0,0,Will Wilson,DEFENSE,,0.0,,0,669717
114,batter,4,2,Austin Hays,DEFENSE,0.5,0.008771929824561403,0.25,1,669720
296,batter,15,14,Alex Call,DEFENSE,0.6428571428571429,0.030405405405405407,0.6,9,669743
88,batter,3,2,Ryan Ward,DEFENSE,0.5,0.011363636363636364,0.3333333333333333,1,669899
38,batter,1,1,Michael Toglia,DEFENSE,0.0,0.0,0.0,0,669911
280,batter,15,13,Nicky Lopez,DEFENSE,0.6923076923076923,0.03214285714285714,0.6,9,670032
370,batter,11,5,Luke Raley,DEFENSE,0.8,0.010810810810810811,0.36363636363636365,4,670042
102,batter,2,2,Zack Short,DEFENSE,1.0,0.0196078431372549,1.0,2,670097
39,batter,3,2,Miles Mastrobuoni,DEFENSE,0.5,0.02564102564102564,0.3333333333333333,1,670156
68,batter,7,7,Kameron Misner,DEFENSE,0.7142857142857143,0.07352941176470588,0.7142857142857143,5,670224
173,batter,14,12,John Rave,DEFENSE,0.8333333333333334,0.057803468208092484,0.7142857142857143,10,670231
197,batter,7,7,Matt Wallner,DEFENSE,0.5714285714285714,0.02030456852791878,0.5714285714285714,4,670242
950,batter,36,34,Yordan Alvarez,DEFENSE,0.7941176470588235,0.028421052631578948,0.75,27,670541
981,batter,48,41,Isaac Paredes,DEFENSE,0.7560975609756098,0.03160040774719674,0.6458333333333334,31,670623
615,batter,27,24,Taylor Walls,DEFENSE,0.7916666666666666,0.030894308943089432,0.7037037037037037,19,670764
377,batter,18,17,TJ Friedl,DEFENSE,0.7647058823529411,0.034482758620689655,0.7222222222222222,13,670770
948,batter,43,40,Iván Herrera,DEFENSE,0.675,0.028481012658227847,0.627906976744186,27,671056
79,batter,3,3,Buddy Kennedy,DEFENSE,0.6666666666666666,0.02531645569620253,0.6666666666666666,2,671083
28,batter,1,1,Ivan Johnson,DEFENSE,1.0,0.03571428571428571,1.0,1,671155
511,batter,15,13,Heliot Ramos,DEFENSE,0.8461538461538461,0.021526418786692758,0.7333333333333333,11,671218
607,batter,22,20,Luis García Jr.,DEFENSE,0.7,0.023064250411861616,0.6363636363636364,14,671277
30,batter,0,0,Johnathan Rodríguez,DEFENSE,,0.0,,0,671286
344,batter,14,14,Tyler Freeman,DEFENSE,0.5714285714285714,0.023255813953488372,0.5714285714285714,8,671289
34,batter,1,1,George Valera,DEFENSE,1.0,0.029411764705882353,1.0,1,671655
780,batter,42,39,Lawrence Butler,DEFENSE,0.6410256410256411,0.03205128205128205,0.5952380952380952,25,671732
620,batter,27,25,Michael Harris II,DEFENSE,0.6,0.024193548387096774,0.5555555555555556,15,671739
547,batter,40,40,Tristan Peters,DEFENSE,0.6,0.043875685557586835,0.6,24,671976
31,batter,1,1,Tyler Black,DEFENSE,0.0,0.0,0.0,0,672012
111,batter,6,5,Denzel Clarke,DEFENSE,0.6,0.02702702702702703,0.5,3,672016
438,batter,14,13,Patrick Bailey,DEFENSE,0.6923076923076923,0.02054794520547945,0.6428571428571429,9,672275
2,batter,0,0,Michael Siani,DEFENSE,,0.0,,0,672279
126,batter,5,5,Jarred Kelenic,DEFENSE,0.8,0.031746031746031744,0.8,4,672284
175,batter,4,4,Gabriel Arias,DEFENSE,1.0,0.022857142857142857,1.0,4,672356
371,batter,21,19,Alejandro Kirk,DEFENSE,0.7368421052631579,0.03773584905660377,0.6666666666666666,14,672386
796,batter,43,42,Gabriel Moreno,DEFENSE,0.6666666666666666,0.035175879396984924,0.6511627906976745,28,672515
18,batter,0,0,Gustavo Campero,DEFENSE,,0.0,,0,672569
428,batter,19,17,Maikel Garcia,DEFENSE,0.8823529411764706,0.035046728971962614,0.7894736842105263,15,672580
28,batter,0,0,Eliezer Alfonzo,DEFENSE,,0.0,,0,672613
761,batter,28,26,Otto Lopez,DEFENSE,0.6923076923076923,0.023653088042049936,0.6428571428571429,18,672640
3,batter,0,0,Steward Berroa,DEFENSE,,0.0,,0,672642
1024,batter,64,60,Geraldo Perdomo,DEFENSE,0.6833333333333333,0.0400390625,0.640625,41,672695
413,batter,17,15,Oswald Peraza,DEFENSE,0.9333333333333333,0.03389830508474576,0.8235294117647058,14,672724
230,batter,8,7,Wenceel Pérez,DEFENSE,0.8571428571428571,0.02608695652173913,0.75,6,672761
120,batter,4,4,Lenyn Sosa,DEFENSE,0.25,0.008333333333333333,0.25,1,672820
879,batter,38,38,Kazuma Okamoto,DEFENSE,0.5263157894736842,0.022753128555176336,0.5263157894736842,20,672960
292,batter,11,9,Yainer Diaz,DEFENSE,0.2222222222222222,0.00684931506849315,0.18181818181818182,2,673237
327,batter,14,12,Luis Robert Jr.,DEFENSE,0.5833333333333334,0.021406727828746176,0.5,7,673357
168,batter,4,3,Ha-Seong Kim,DEFENSE,1.0,0.017857142857142856,0.75,3,673490
1009,batter,50,44,Seiya Suzuki,DEFENSE,0.6136363636363636,0.026759167492566897,0.54,27,673548
517,batter,12,10,Josh Jung,DEFENSE,0.6,0.01160541586073501,0.5,6,673962
9,batter,0,0,Davis Wendzel,DEFENSE,,0.0,,0,673995
7,batter,2,2,Blake Hunt,DEFENSE,0.5,0.14285714285714285,0.5,1,675448
22,batter,1,1,Greg Jones,DEFENSE,1.0,0.045454545454545456,1.0,1,675659
223,batter,10,8,Alika Williams,DEFENSE,0.625,0.02242152466367713,0.5,5,675961
364,batter,13,13,Jonny DeLuca,DEFENSE,0.6923076923076923,0.024725274725274724,0.6923076923076923,9,676356
143,batter,5,5,Nelson Velázquez,DEFENSE,0.8,0.027972027972027972,0.8,4,676369
506,batter,15,15,Ernie Clement,DEFENSE,0.6,0.017786561264822136,0.6,9,676391
357,batter,12,12,Hunter Feduccia,DEFENSE,0.75,0.025210084033613446,0.75,9,676439
775,batter,33,32,Alec Burleson,DEFENSE,0.625,0.025806451612903226,0.6060606060606061,20,676475
48,batter,1,1,Brewer Hicklen,DEFENSE,0.0,0.0,0.0,0,676551
8,batter,0,0,Shawn Ross,DEFENSE,,0.0,,0,676566
78,batter,7,6,Eric Wagaman,DEFENSE,0.5,0.038461538461538464,0.42857142857142855,3,676572
550,batter,21,19,José Caballero,DEFENSE,0.7368421052631579,0.025454545454545455,0.6666666666666666,14,676609
186,batter,6,5,Jake Meyers,DEFENSE,1.0,0.026881720430107527,0.8333333333333334,5,676694
464,batter,11,11,Jared Young,DEFENSE,0.6363636363636364,0.015086206896551725,0.6363636363636364,7,676724
257,batter,17,17,Davis Schneider,DEFENSE,0.5294117647058824,0.03501945525291829,0.5294117647058824,9,676914
5,batter,0,0,Heston Kjerstad,DEFENSE,,0.0,,0,677008
57,batter,2,2,Chad Stevens,DEFENSE,0.5,0.017543859649122806,0.5,1,677060
20,batter,0,0,Kyren Paris,DEFENSE,,0.0,,0,677347
692,batter,23,23,Brayan Rocchio,DEFENSE,0.8260869565217391,0.02745664739884393,0.8260869565217391,19,677587
413,batter,15,11,José Tena,DEFENSE,0.5454545454545454,0.014527845036319613,0.4,6,677588
136,batter,4,3,Everson Pereira,DEFENSE,0.6666666666666666,0.014705882352941176,0.5,2,677592
730,batter,30,27,Julio Rodríguez,DEFENSE,0.8148148148148148,0.030136986301369864,0.7333333333333333,22,677594
40,batter,3,3,Ronny Mauricio,DEFENSE,1.0,0.075,1.0,3,677595
711,batter,29,28,Ezequiel Duran,DEFENSE,0.5,0.01969057665260197,0.4827586206896552,14,677649
922,batter,27,22,Wilyer Abreu,DEFENSE,0.8181818181818182,0.019522776572668113,0.6666666666666666,18,677800
287,batter,9,8,Leo Jiménez,DEFENSE,0.75,0.020905923344947737,0.6666666666666666,6,677870
374,batter,15,15,Blaze Alexander,DEFENSE,0.7333333333333333,0.029411764705882353,0.7333333333333333,11,677942
4,batter,0,0,Will Banfield,DEFENSE,,0.0,,0,677943
122,batter,4,3,Alek Thomas,DEFENSE,1.0,0.02459016393442623,0.75,3,677950
751,batter,14,14,Bobby Witt Jr.,DEFENSE,0.7142857142857143,0.013315579227696404,0.7142857142857143,10,677951
71,batter,0,0,Rece Hinds,DEFENSE,,0.0,,0,677956
62,batter,3,3,Parker Meadows,DEFENSE,1.0,0.04838709677419355,1.0,3,678009
234,batter,9,8,Anthony Seigler,DEFENSE,0.625,0.021367521367521368,0.5555555555555556,5,678011
372,batter,12,11,Brandon Valenzuela,DEFENSE,0.45454545454545453,0.013440860215053764,0.4166666666666667,5,678218
4,batter,0,0,Jihwan Bae,DEFENSE,,0.0,,0,678225
999,batter,46,45,Miguel Vargas,DEFENSE,0.6888888888888889,0.031031031031031032,0.6739130434782609,31,678246
436,batter,15,13,Jorbit Vivas,DEFENSE,0.5384615384615384,0.016055045871559634,0.4666666666666667,7,678391
249,batter,9,8,Jorge Barrosa,DEFENSE,0.75,0.024096385542168676,0.6666666666666666,6,678489
141,batter,7,7,Osleivis Basabe,DEFENSE,0.5714285714285714,0.028368794326241134,0.5714285714285714,4,678545
532,batter,18,17,Curtis Mead,DEFENSE,0.47058823529411764,0.015037593984962405,0.4444444444444444,8,678554
45,batter,1,1,Junior Perez,DEFENSE,0.0,0.0,0.0,0,678577
500,batter,17,17,Ezequiel Tovar,DEFENSE,0.8235294117647058,0.028,0.8235294117647058,14,678662
12,batter,0,0,Eddys Leonard,DEFENSE,,0.0,,0,678760
577,batter,21,19,Ceddanne Rafaela,DEFENSE,0.6842105263157895,0.022530329289428077,0.6190476190476191,13,678882
906,batter,31,30,Spencer Torkelson,DEFENSE,0.7333333333333333,0.024282560706401765,0.7096774193548387,22,679529
300,batter,15,15,Justin Foscue,DEFENSE,0.6666666666666666,0.03333333333333333,0.6666666666666666,10,679822
558,batter,26,25,Nick Loftin,DEFENSE,0.64,0.02867383512544803,0.6153846153846154,16,679845
141,batter,4,3,Max Schuemann,DEFENSE,1.0,0.02127659574468085,0.75,3,680474
674,batter,31,28,Matt McLain,DEFENSE,0.6785714285714286,0.028189910979228485,0.6129032258064516,19,680574
115,batter,4,4,Eduardo Valencia,DEFENSE,0.75,0.02608695652173913,0.75,3,680664
519,batter,24,22,Richie Palacios,DEFENSE,0.7272727272727273,0.030828516377649325,0.6666666666666666,16,680700
23,batter,0,0,Jonathan Ornelas,DEFENSE,,0.0,,0,680716
50,batter,2,2,Addison Barger,DEFENSE,1.0,0.04,1.0,2,680718
285,batter,9,9,Adrian Del Castillo,DEFENSE,0.5555555555555556,0.017543859649122806,0.5555555555555556,5,680728
32,batter,1,0,Michael Helman,DEFENSE,,0.0,0.0,0,680737
905,batter,56,51,Steven Kwan,DEFENSE,0.803921568627451,0.045303867403314914,0.7321428571428571,41,680757
730,batter,46,44,Jarren Duran,DEFENSE,0.6818181818181818,0.0410958904109589,0.6521739130434783,30,680776
522,batter,19,18,Ryan Jeffers,DEFENSE,0.8333333333333334,0.028735632183908046,0.7894736842105263,15,680777
351,batter,19,18,Henry Davis,DEFENSE,0.6111111111111112,0.03133903133903134,0.5789473684210527,11,680779
534,batter,29,27,Zack Gelof,DEFENSE,0.6296296296296297,0.031835205992509365,0.5862068965517241,17,680869
215,batter,5,5,Brendan Donovan,DEFENSE,0.6,0.013953488372093023,0.6,3,680977
81,batter,7,7,Christian Franklin,DEFENSE,0.5714285714285714,0.04938271604938271,0.5714285714285714,4,681047
804,batter,32,31,Bryson Stott,DEFENSE,0.6451612903225806,0.024875621890547265,0.625,20,681082
9,batter,0,0,Jonah Bride,DEFENSE,,0.0,,0,681146
837,batter,41,41,TJ Rumfield,DEFENSE,0.6585365853658537,0.03225806451612903,0.6585365853658537,27,681198
12,batter,1,1,BJ Murray Jr.,DEFENSE,1.0,0.08333333333333333,1.0,1,681230
570,batter,37,36,Colton Cowser,DEFENSE,0.75,0.04736842105263158,0.7297297297297297,27,681297
337,batter,11,11,Logan O'Hoppe,DEFENSE,0.8181818181818182,0.026706231454005934,0.8181818181818182,9,681351
473,batter,22,22,Connor Norby,DEFENSE,0.8181818181818182,0.03805496828752643,0.8181818181818182,18,681393
350,batter,15,14,Kerry Carpenter,DEFENSE,0.7857142857142857,0.03142857142857143,0.7333333333333333,11,681481
302,batter,13,13,Mickey Gasper,DEFENSE,0.8461538461538461,0.03642384105960265,0.8461538461538461,11,681508
248,batter,7,7,James Outman,DEFENSE,0.2857142857142857,0.008064516129032258,0.2857142857142857,2,681546
810,batter,39,35,Andy Pages,DEFENSE,0.7142857142857143,0.030864197530864196,0.6410256410256411,25,681624
672,batter,23,21,Heriberto Hernández,DEFENSE,0.5714285714285714,0.017857142857142856,0.5217391304347826,12,681715
322,batter,16,15,David Fry,DEFENSE,0.7333333333333333,0.034161490683229816,0.6875,11,681807
13,batter,0,0,Justin Dean,DEFENSE,,0.0,,0,681909
66,batter,2,1,Nate Eaton,DEFENSE,0.0,0.0,0.0,0,681987
394,batter,20,16,Daniel Schneemann,DEFENSE,0.5625,0.02284263959390863,0.45,9,682177
12,batter,0,0,Logan Porter,DEFENSE,,0.0,,0,682515
252,batter,11,10,Noelvi Marte,DEFENSE,0.9,0.03571428571428571,0.8181818181818182,9,682622
580,batter,24,22,Francisco Alvarez,DEFENSE,0.6818181818181818,0.02586206896551724,0.625,15,682626
39,batter,0,0,Kevin Alcántara,DEFENSE,,0.0,,0,682634
20,batter,1,1,Luis Matos,DEFENSE,1.0,0.05,1.0,1,682641
394,batter,18,18,Angel Martínez,DEFENSE,0.7222222222222222,0.03299492385786802,0.7222222222222222,13,682657
303,batter,10,10,Agustín Ramírez,DEFENSE,0.9,0.0297029702970297,0.9,9,682663
252,batter,12,11,Luisangel Acuña,DEFENSE,0.6363636363636364,0.027777777777777776,0.5833333333333334,7,682668
90,batter,2,2,Victor Bericoto,DEFENSE,0.5,0.011111111111111112,0.5,1,682674
47,batter,4,4,Jonatan Clase,DEFENSE,0.75,0.06382978723404255,0.75,3,682729
233,batter,9,9,Yohendrick Piñango,DEFENSE,0.8888888888888888,0.034334763948497854,0.8888888888888888,8,682818
904,batter,38,35,Elly De La Cruz,DEFENSE,0.6571428571428571,0.025442477876106196,0.6052631578947368,23,682829
237,batter,11,11,Endy Rodríguez,DEFENSE,0.5454545454545454,0.02531645569620253,0.5454545454545454,6,682848
108,batter,3,3,Juan Brito,DEFENSE,0.0,0.0,0.0,0,682877
42,batter,1,1,Ronny Simon,DEFENSE,0.0,0.0,0.0,0,682927
780,batter,33,30,CJ Abrams,DEFENSE,0.6666666666666666,0.02564102564102564,0.6060606060606061,20,682928
860,batter,44,37,Riley Greene,DEFENSE,0.6756756756756757,0.029069767441860465,0.5681818181818182,25,682985
376,batter,11,10,Spencer Jones,DEFENSE,0.8,0.02127659574468085,0.7272727272727273,8,682987
59,batter,0,0,Tyler Locklear,DEFENSE,,0.0,,0,682988
1,batter,1,0,Victor Mederos,DEFENSE,,0.0,0.0,0,682989
143,batter,6,6,Tyler Callihan,DEFENSE,0.6666666666666666,0.027972027972027972,0.6666666666666666,4,682997
928,batter,49,47,Corbin Carroll,DEFENSE,0.723404255319149,0.036637931034482756,0.6938775510204082,34,682998
924,batter,41,39,Gunnar Henderson,DEFENSE,0.7435897435897436,0.031385281385281384,0.7073170731707317,29,683002
294,batter,14,13,Anthony Volpe,DEFENSE,0.7692307692307693,0.034013605442176874,0.7142857142857143,10,683011
28,batter,3,2,Michael Stefanic,DEFENSE,0.5,0.03571428571428571,0.3333333333333333,1,683021
5,batter,0,0,Omar Martinez,DEFENSE,,0.0,,0,683079
658,batter,24,22,Nasim Nuñez,DEFENSE,0.6363636363636364,0.02127659574468085,0.5833333333333334,14,683083
13,batter,1,1,Matthew Lugo,DEFENSE,1.0,0.07692307692307693,1.0,1,683090
615,batter,34,32,Brett Baty,DEFENSE,0.625,0.032520325203252036,0.5882352941176471,20,683146
129,batter,5,4,Cody Freeman,DEFENSE,1.0,0.031007751937984496,0.8,4,683227
494,batter,22,18,Owen Caissie,DEFENSE,0.6666666666666666,0.024291497975708502,0.5454545454545454,12,683357
70,batter,4,3,Jesus Rodriguez,DEFENSE,1.0,0.04285714285714286,0.75,3,683679
517,batter,23,23,Andrew Vaughn,DEFENSE,0.6956521739130435,0.030947775628626693,0.6956521739130435,16,683734
1024,batter,62,54,Michael Busch,DEFENSE,0.6111111111111112,0.0322265625,0.532258064516129,33,683737
254,batter,8,7,Victor Mesa Jr.,DEFENSE,0.7142857142857143,0.01968503937007874,0.625,5,683748
178,batter,6,6,Christian Koss,DEFENSE,0.6666666666666666,0.02247191011235955,0.6666666666666666,4,683766
690,batter,27,25,Travis Bazzana,DEFENSE,0.48,0.017391304347826087,0.4444444444444444,12,683953
379,batter,13,12,Wade Meckler,DEFENSE,0.8333333333333334,0.026385224274406333,0.7692307692307693,10,685133
493,batter,24,20,Sal Frelick,DEFENSE,0.9,0.036511156186612576,0.75,18,686217
202,batter,4,4,Drew Millas,DEFENSE,0.5,0.009900990099009901,0.5,2,686452
654,batter,25,24,Vinnie Pasquantino,DEFENSE,0.5,0.01834862385321101,0.48,12,686469
166,batter,5,4,Tyler Tolbert,DEFENSE,0.75,0.018072289156626505,0.6,3,686475
615,batter,26,25,Dominic Canzone,DEFENSE,0.68,0.027642276422764227,0.6538461538461539,17,686527
14,batter,0,0,Oliver Dunn,DEFENSE,,0.0,,0,686554
748,batter,50,44,Isaac Collins,DEFENSE,0.7727272727272727,0.045454545454545456,0.68,34,686555
488,batter,18,16,Dylan Crews,DEFENSE,0.5625,0.018442622950819672,0.5,9,686611
214,batter,10,9,Brenton Doyle,DEFENSE,0.8888888888888888,0.037383177570093455,0.8,8,686668
464,batter,23,20,Michael Massey,DEFENSE,0.95,0.040948275862068964,0.8260869565217391,19,686681
352,batter,14,11,Nick Sogard,DEFENSE,0.8181818181818182,0.02556818181818182,0.6428571428571429,9,686765
277,batter,18,18,Pedro Pagés,DEFENSE,0.6111111111111112,0.039711191335740074,0.6111111111111112,11,686780
719,batter,25,25,Brooks Lee,DEFENSE,0.6,0.02086230876216968,0.6,15,686797
18,batter,3,2,Will Brennan,DEFENSE,0.0,0.0,0.0,0,686823
127,batter,2,2,Joey Wiemer,DEFENSE,1.0,0.015748031496062992,1.0,2,686894
742,batter,33,28,Drake Baldwin,DEFENSE,0.75,0.02830188679245283,0.6363636363636364,21,686948
507,batter,21,17,Vaughn Grissom,DEFENSE,0.47058823529411764,0.015779092702169626,0.38095238095238093,8,687093
337,batter,11,9,Dalton Rushing,DEFENSE,0.3333333333333333,0.008902077151335312,0.2727272727272727,3,687221
202,batter,5,5,Darell Hernaiz,DEFENSE,0.6,0.01485148514851485,0.6,3,687231
872,batter,34,32,Zach Neto,DEFENSE,0.71875,0.026376146788990827,0.6764705882352942,23,687263
93,batter,8,8,Gabriel Rincones Jr.,DEFENSE,0.875,0.07526881720430108,0.875,7,687282
255,batter,14,13,Victor Scott II,DEFENSE,0.6153846153846154,0.03137254901960784,0.5714285714285714,8,687363
488,batter,28,25,Joey Ortiz,DEFENSE,0.6,0.030737704918032786,0.5357142857142857,15,687401
648,batter,42,38,Spencer Horwitz,DEFENSE,0.7631578947368421,0.044753086419753084,0.6904761904761905,29,687462
135,batter,7,7,Colby Thomas,DEFENSE,1.0,0.05185185185185185,1.0,7,687515
135,batter,5,5,Grant McCray,DEFENSE,0.4,0.014814814814814815,0.4,2,687529
527,batter,26,25,Drew Gilbert,DEFENSE,0.56,0.026565464895635674,0.5384615384615384,14,687551
176,batter,5,5,Jordan Beck,DEFENSE,1.0,0.028409090909090908,1.0,5,687597
36,batter,3,3,Andrew Pinckney,DEFENSE,0.6666666666666666,0.05555555555555555,0.6666666666666666,2,687605
484,batter,29,29,Dylan Beavers,DEFENSE,0.5862068965517241,0.03512396694214876,0.5862068965517241,17,687637
95,batter,7,5,Jase Bowen,DEFENSE,0.6,0.031578947368421054,0.42857142857142855,3,687749
530,batter,34,32,Troy Johnston,DEFENSE,0.75,0.045283018867924525,0.7058823529411765,24,687859
165,batter,8,8,Christian Encarnacion-Strand,DEFENSE,0.875,0.04242424242424243,0.875,7,687952
97,batter,6,5,Dustin Harris,DEFENSE,0.6,0.030927835051546393,0.5,3,687957
204,batter,8,7,Graham Pauley,DEFENSE,0.7142857142857143,0.024509803921568627,0.625,5,688363
710,batter,34,32,Liam Hicks,DEFENSE,0.75,0.03380281690140845,0.7058823529411765,24,689414
25,batter,0,0,Ryan Ritter,DEFENSE,,0.0,,0,690022
14,batter,0,0,Jace Jung,DEFENSE,,0.0,,0,690291
124,batter,7,7,Braxton Fulford,DEFENSE,0.7142857142857143,0.04032258064516129,0.7142857142857143,5,690924
389,batter,17,15,Alex Freeland,DEFENSE,0.8,0.030848329048843187,0.7058823529411765,12,690976
181,batter,5,4,Petey Halpin,DEFENSE,0.5,0.011049723756906077,0.4,2,690984
574,batter,38,35,Colt Keith,DEFENSE,0.6857142857142857,0.041811846689895474,0.631578947368421,24,690993
27,batter,0,0,Yohandy Morales,DEFENSE,,0.0,,0,691002
259,batter,4,3,Drew Romo,DEFENSE,0.6666666666666666,0.007722007722007722,0.5,2,691011
675,batter,28,27,Tyler Soderstrom,DEFENSE,0.7407407407407407,0.02962962962962963,0.7142857142857143,20,691016
125,batter,5,4,Kyle Teel,DEFENSE,0.5,0.016,0.4,2,691019
741,batter,23,21,Jordan Walker,DEFENSE,0.47619047619047616,0.01349527665317139,0.43478260869565216,10,691023
721,batter,30,29,Masyn Winn,DEFENSE,0.5517241379310345,0.022191400832177532,0.5333333333333333,16,691026
278,batter,9,8,Jasson Domínguez,DEFENSE,0.375,0.01079136690647482,0.3333333333333333,3,691176
39,batter,2,2,Adael Amador,DEFENSE,1.0,0.05128205128205128,1.0,2,691182
19,batter,1,1,Deyvison De Los Santos,DEFENSE,1.0,0.05263157894736842,1.0,1,691277
49,batter,1,1,Jhostynxon Garcia,DEFENSE,0.0,0.0,0.0,0,691373
959,batter,35,34,Junior Caminero,DEFENSE,0.47058823529411764,0.016684045881126174,0.45714285714285713,16,691406
231,batter,8,6,Blaze Jordan,DEFENSE,0.6666666666666666,0.017316017316017316,0.5,4,691458
456,batter,13,13,Javier Sanoja,DEFENSE,0.6153846153846154,0.017543859649122806,0.6153846153846154,8,691594
5,batter,0,0,Jeferson Quero,DEFENSE,,0.0,,0,691620
952,batter,53,51,Pete Crow-Armstrong,DEFENSE,0.8235294117647058,0.04411764705882353,0.7924528301886793,42,691718
640,batter,16,16,Kyle Karros,DEFENSE,0.6875,0.0171875,0.6875,11,691720
550,batter,16,15,Coby Mayo,DEFENSE,0.8666666666666667,0.023636363636363636,0.8125,13,691723
67,batter,3,3,Zac Veen,DEFENSE,0.3333333333333333,0.014925373134328358,0.3333333333333333,1,691728
182,batter,6,6,Daniel Susac,DEFENSE,0.6666666666666666,0.02197802197802198,0.6666666666666666,4,691740
369,batter,16,15,Max Muncy,DEFENSE,0.8,0.032520325203252036,0.75,12,691777
387,batter,5,4,Brady House,DEFENSE,0.75,0.007751937984496124,0.6,3,691781
141,batter,6,6,Jordan Lawlar,DEFENSE,0.8333333333333334,0.03546099290780142,0.8333333333333334,5,691783
300,batter,11,9,Marcelo Mayer,DEFENSE,0.7777777777777778,0.023333333333333334,0.6363636363636364,7,691785
414,batter,10,10,Joe Mack,DEFENSE,0.8,0.01932367149758454,0.8,8,691788
15,batter,0,0,Jared Serna,DEFENSE,,0.0,,0,691858
56,batter,3,3,Tsung-Che Cheng,DEFENSE,1.0,0.05357142857142857,1.0,3,691907
39,batter,3,3,CJ Kayfus,DEFENSE,0.3333333333333333,0.02564102564102564,0.3333333333333333,1,692216
712,batter,33,27,Nick Gonzales,DEFENSE,0.8148148148148148,0.03089887640449438,0.6666666666666666,22,693304
750,batter,38,36,Dillon Dingler,DEFENSE,0.6666666666666666,0.032,0.631578947368421,24,693307
32,batter,3,3,César Prieto,DEFENSE,0.6666666666666666,0.0625,0.6666666666666666,2,693409
25,batter,0,0,Kyler Fedko,DEFENSE,,0.0,,0,693459
30,batter,0,0,Felix Reyes,DEFENSE,,0.0,,0,694025
661,batter,20,20,Jackson Chourio,DEFENSE,0.65,0.019667170953101363,0.65,13,694192
160,batter,5,4,Angel Genao,DEFENSE,0.75,0.01875,0.6,3,694197
291,batter,9,9,Denzer Guzman,DEFENSE,0.7777777777777778,0.024054982817869417,0.7777777777777778,7,694203
412,batter,11,11,Moisés Ballesteros,DEFENSE,0.5454545454545454,0.014563106796116505,0.5454545454545454,6,694208
454,batter,18,18,Samuel Basallo,DEFENSE,0.7777777777777778,0.030837004405286344,0.7777777777777778,14,694212
16,batter,0,0,Gabriel Gonzalez,DEFENSE,,0.0,,0,694224
405,batter,11,9,Cole Carrigg,DEFENSE,1.0,0.022222222222222223,0.8181818181818182,9,694249
183,batter,5,4,Blake Dunn,DEFENSE,1.0,0.02185792349726776,0.8,4,694362
210,batter,9,8,Tommy Troy,DEFENSE,0.625,0.023809523809523808,0.5555555555555556,5,694371
421,batter,14,14,Tim Tawa,DEFENSE,0.8571428571428571,0.028503562945368172,0.8571428571428571,12,694374
95,batter,3,3,Shay Whitcomb,DEFENSE,0.6666666666666666,0.021052631578947368,0.6666666666666666,2,694376
159,batter,5,3,Nick Yorke,DEFENSE,0.6666666666666666,0.012578616352201259,0.4,2,694377
266,batter,16,15,Jacob Gonzalez,DEFENSE,0.6,0.03383458646616541,0.5625,9,694378
607,batter,32,31,Nolan Schanuel,DEFENSE,0.5483870967741935,0.02800658978583196,0.53125,17,694384
165,batter,8,8,Joey Loperfido,DEFENSE,0.625,0.030303030303030304,0.625,5,694388
73,batter,3,3,LuJames Groover,DEFENSE,1.0,0.0410958904109589,1.0,3,694410
644,batter,27,26,Evan Carter,DEFENSE,0.5,0.020186335403726708,0.48148148148148145,13,694497
114,batter,2,2,Sterlin Thompson,DEFENSE,1.0,0.017543859649122806,1.0,2,694514
576,batter,25,23,Wyatt Langford,DEFENSE,0.6956521739130435,0.027777777777777776,0.64,16,694671
161,batter,9,9,Abimelec Ortiz,DEFENSE,0.8888888888888888,0.049689440993788817,0.8888888888888888,8,694673
350,batter,17,16,Brice Matthews,DEFENSE,0.5625,0.025714285714285714,0.5294117647058824,9,694728
39,batter,3,3,Cooper Ingle,DEFENSE,0.6666666666666666,0.05128205128205128,0.6666666666666666,2,694876
36,batter,2,2,Tanner Murray,DEFENSE,0.5,0.027777777777777776,0.5,1,695020
72,batter,2,2,Will Wagner,DEFENSE,1.0,0.027777777777777776,1.0,2,695238
51,batter,6,5,Billy Cook,DEFENSE,0.4,0.0392156862745098,0.3333333333333333,2,695257
174,batter,6,6,Thomas Saggese,DEFENSE,0.8333333333333334,0.028735632183908046,0.8333333333333334,5,695336
15,batter,1,1,Brett Harris,DEFENSE,0.0,0.0,0.0,0,695391
181,batter,9,6,Edwin Arroyo,DEFENSE,0.6666666666666666,0.022099447513812154,0.4444444444444444,4,695490
96,batter,2,2,Joshua Báez,DEFENSE,1.0,0.020833333333333332,1.0,2,695491
598,batter,17,16,Jac Caglianone,DEFENSE,0.625,0.016722408026755852,0.5882352941176471,10,695506
85,batter,8,6,Cam Cauley,DEFENSE,0.8333333333333334,0.058823529411764705,0.625,5,695508
1023,batter,63,61,James Wood,DEFENSE,0.6229508196721312,0.03714565004887586,0.6031746031746031,38,695578
906,batter,47,40,Carter Jensen,DEFENSE,0.65,0.02869757174392936,0.5531914893617021,26,695600
777,batter,24,21,Colson Montgomery,DEFENSE,0.7142857142857143,0.019305019305019305,0.625,15,695657
180,batter,10,10,Harry Ford,DEFENSE,0.6,0.03333333333333333,0.6,6,695670
136,batter,7,7,Christian Moore,DEFENSE,0.42857142857142855,0.022058823529411766,0.42857142857142855,3,695681
170,batter,9,9,Tommy White,DEFENSE,0.6666666666666666,0.03529411764705882,0.6666666666666666,6,695720
465,batter,22,20,Braden Montgomery,DEFENSE,0.7,0.030107526881720432,0.6363636363636364,14,695731
732,batter,20,17,Daylen Lile,DEFENSE,0.7647058823529411,0.017759562841530054,0.65,13,695734
253,batter,7,7,Alejandro Osuna,DEFENSE,0.42857142857142855,0.011857707509881422,0.42857142857142855,3,696030
662,batter,24,23,Hunter Goodman,DEFENSE,0.6521739130434783,0.022658610271903322,0.625,15,696100
115,batter,5,4,Kahlil Watson,DEFENSE,0.25,0.008695652173913044,0.2,1,696135
551,batter,19,18,Jacob Young,DEFENSE,0.7222222222222222,0.023593466424682397,0.6842105263157895,13,696285
515,batter,19,15,Esmerlyn Valdez,DEFENSE,0.7333333333333333,0.021359223300970873,0.5789473684210527,11,699013
51,batter,1,1,Leo Bernal,DEFENSE,0.0,0.0,0.0,0,699024
7,batter,0,0,Carlos Jorge,DEFENSE,,0.0,,0,699115
123,batter,4,4,Héctor Rodríguez,DEFENSE,0.75,0.024390243902439025,0.75,3,699302
274,batter,11,11,Pedro Ramírez,DEFENSE,0.6363636363636364,0.025547445255474453,0.6363636363636364,7,699393
191,batter,7,7,Jimmy Crooks,DEFENSE,0.7142857142857143,0.02617801047120419,0.7142857142857143,5,699625
265,batter,10,10,Jose Fernandez,DEFENSE,0.8,0.03018867924528302,0.8,8,699912
43,batter,1,0,Carson Williams,DEFENSE,,0.0,0.0,0,700246
925,batter,39,36,Ben Rice,DEFENSE,0.6388888888888888,0.024864864864864864,0.5897435897435898,23,700250
305,batter,8,6,Edgar Quero,DEFENSE,0.8333333333333334,0.01639344262295082,0.625,5,700337
18,batter,0,0,Kenny Piper,DEFENSE,,0.0,,0,700652
533,batter,30,25,Kyle Manzardo,DEFENSE,0.56,0.02626641651031895,0.4666666666666667,14,700932
175,batter,7,7,Ben Malgeri,DEFENSE,0.8571428571428571,0.03428571428571429,0.8571428571428571,6,701162
111,batter,4,3,Zach Dezenzo,DEFENSE,0.3333333333333333,0.009009009009009009,0.25,1,701305
304,batter,20,20,Roman Anthony,DEFENSE,0.65,0.04276315789473684,0.65,13,701350
763,batter,39,36,Cam Smith,DEFENSE,0.6666666666666666,0.03145478374836173,0.6153846153846154,24,701358
878,batter,36,34,Sal Stewart,DEFENSE,0.5588235294117647,0.02164009111617312,0.5277777777777778,19,701398
790,batter,25,24,Jackson Merrill,DEFENSE,0.75,0.02278481012658228,0.72,18,701538
6,batter,0,0,James Triantos,DEFENSE,,0.0,,0,701649
477,batter,25,21,Nathan Church,DEFENSE,0.8095238095238095,0.03563941299790356,0.68,17,701675
399,batter,12,8,Hao-Yu Lee,DEFENSE,0.75,0.015037593984962405,0.5,6,701678
764,batter,40,37,Nick Kurtz,DEFENSE,0.6486486486486487,0.031413612565445025,0.6,24,701762
125,batter,3,3,Kaelen Culpepper,DEFENSE,0.6666666666666666,0.016,0.6666666666666666,2,701785
858,batter,55,54,Carson Benge,DEFENSE,0.7592592592592593,0.047785547785547784,0.7454545454545455,41,701807
202,batter,9,9,Drew Cavanaugh,DEFENSE,0.5555555555555556,0.024752475247524754,0.5555555555555556,5,701852
105,batter,7,7,Alan Roden,DEFENSE,0.8571428571428571,0.05714285714285714,0.8571428571428571,6,702176
481,batter,25,23,Justin Crawford,DEFENSE,0.6086956521739131,0.029106029106029108,0.56,14,702222
766,batter,37,32,Cole Young,DEFENSE,0.625,0.02610966057441253,0.5405405405405406,20,702284
681,batter,34,32,Caleb Durbin,DEFENSE,0.71875,0.033773861967694566,0.6764705882352942,23,702332
488,batter,26,25,Jackson Holliday,DEFENSE,0.48,0.02459016393442623,0.46153846153846156,12,702616
19,batter,0,0,Lazaro Montes,DEFENSE,,0.0,,0,703155
2,batter,0,0,Michael Arroyo,DEFENSE,,0.0,,0,703197
35,batter,4,3,Nick Morabito,DEFENSE,0.6666666666666666,0.05714285714285714,0.5,2,703492
176,batter,16,16,Brett Bateman,DEFENSE,0.75,0.06818181818181818,0.75,12,703520
175,batter,13,13,Max Clark,DEFENSE,0.3076923076923077,0.022857142857142857,0.3076923076923077,4,703601
559,batter,26,25,Henry Bolte,DEFENSE,0.56,0.025044722719141325,0.5384615384615384,14,703607
805,batter,41,36,Chase DeLauter,DEFENSE,0.6111111111111112,0.02732919254658385,0.5365853658536586,22,800050
284,batter,9,8,Luis Lara,DEFENSE,0.5,0.014084507042253521,0.4444444444444444,4,800325
91,batter,4,3,Brock Rodden,DEFENSE,0.6666666666666666,0.02197802197802198,0.5,2,801126
49,batter,5,5,Nate Furman,DEFENSE,0.6,0.061224489795918366,0.6,3,801501
922,batter,55,51,JJ Wetherholt,DEFENSE,0.6470588235294118,0.03579175704989154,0.6,33,802139
605,batter,23,21,Chandler Simpson,DEFENSE,0.5714285714285714,0.019834710743801654,0.5217391304347826,12,802415
760,batter,40,39,Sam Antonacci,DEFENSE,0.717948717948718,0.03684210526315789,0.7,28,803011
347,batter,15,13,Konnor Griffin,DEFENSE,0.6153846153846154,0.023054755043227664,0.5333333333333333,8,804606
157,batter,6,6,Rafael Flores Jr.,DEFENSE,1.0,0.03821656050955414,1.0,6,804668
45,batter,2,2,Otto Kemp,DEFENSE,1.0,0.044444444444444446,1.0,2,805249
865,batter,54,53,Jakob Marsee,DEFENSE,0.6981132075471698,0.04277456647398844,0.6851851851851852,37,805300
5,batter,0,0,Ben Ross,DEFENSE,,0.0,,0,805346
167,batter,5,5,Jim Jarvis,DEFENSE,0.6,0.017964071856287425,0.6,3,805347
846,batter,50,44,Chase Meidroth,DEFENSE,0.6363636363636364,0.03309692671394799,0.56,28,805367
17,batter,0,0,Collin Price,DEFENSE,,0.0,,0,805672
328,batter,17,14,Jacob Wilson,DEFENSE,0.8571428571428571,0.036585365853658534,0.7058823529411765,12,805779
63,batter,1,1,Walker Jenkins,DEFENSE,0.0,0.0,0.0,0,805805
1041,batter,54,48,Kevin McGonigle,DEFENSE,0.625,0.02881844380403458,0.5555555555555556,30,805808
713,batter,35,34,Bryce Eldridge,DEFENSE,0.6176470588235294,0.029453015427769985,0.6,21,805811
76,batter,4,4,Zach Cole,DEFENSE,0.75,0.039473684210526314,0.75,3,805904
628,batter,21,17,A.J. Ewing,DEFENSE,0.6470588235294118,0.01751592356687898,0.5238095238095238,11,805999
306,batter,11,10,Colt Emerson,DEFENSE,0.7,0.02287581699346405,0.6363636363636364,7,806068
151,batter,8,8,George Lombard Jr.,DEFENSE,0.5,0.026490066225165563,0.5,4,806146
299,batter,11,11,Cooper Pratt,DEFENSE,0.9090909090909091,0.033444816053511704,0.9090909090909091,10,806198
125,batter,13,13,Turner Hill,DEFENSE,0.5384615384615384,0.056,0.5384615384615384,7,806367
15,batter,0,0,Ethan Salas,DEFENSE,,0.0,,0,806956
779,batter,41,40,Luke Keaschall,DEFENSE,0.725,0.037227214377406934,0.7073170731707317,29,807712
250,batter,16,15,Matt Shaw,DEFENSE,0.8,0.048,0.75,12,807713
31,batter,1,1,John Peck,DEFENSE,0.0,0.0,0.0,0,807726
108,batter,5,5,Charles McAdoo,DEFENSE,1.0,0.046296296296296294,1.0,5,807727
30,batter,1,1,Rikuu Nishida,DEFENSE,0.0,0.0,0.0,0,807747
391,batter,12,12,Masataka Yoshida,DEFENSE,0.8333333333333334,0.02557544757033248,0.8333333333333334,10,807799
891,batter,45,44,Munetaka Murakami,DEFENSE,0.6363636363636364,0.031425364758698095,0.6222222222222222,28,808959
177,batter,10,10,Hyeseong Kim,DEFENSE,0.7,0.03954802259887006,0.7,7,808975
651,batter,32,32,Jung Hoo Lee,DEFENSE,0.78125,0.03840245775729647,0.78125,25,808982
357,batter,16,16,Ben Williamson,DEFENSE,0.6875,0.03081232492997199,0.6875,11,810938
62,batter,2,2,Joshua Kuroda-Grauer,DEFENSE,0.5,0.016129032258064516,0.5,1,811965
124,batter,3,3,Jonah Cox,DEFENSE,0.6666666666666666,0.016129032258064516,0.6666666666666666,2,813841
43,batter,2,2,Brett Callahan,DEFENSE,0.5,0.023255813953488372,0.5,1,814430
387,batter,17,16,Ryan Waldschmidt,DEFENSE,0.4375,0.01808785529715762,0.4117647058823529,7,814439
76,batter,5,4,Sean Keys,DEFENSE,0.75,0.039473684210526314,0.6,3,815873
223,batter,10,8,Sung-Mun Song,DEFENSE,0.625,0.02242152466367713,0.5,5,823550
54,batter,2,2,Lucas Spence,DEFENSE,1.0,0.037037037037037035,1.0,2,828599
774,catcher,35,35,Sandy León,DEFENSE,0.5428571428571428,0.02454780361757106,0.5428571428571428,19,506702
1188,catcher,59,54,Travis d'Arnaud,DEFENSE,0.7962962962962963,0.0361952861952862,0.7288135593220338,43,518595
2358,catcher,125,116,Salvador Perez,DEFENSE,0.603448275862069,0.029686174724342665,0.56,70,521692
2138,catcher,92,89,Kyle Higashioka,DEFENSE,0.6629213483146067,0.027595884003741813,0.6413043478260869,59,543309
1984,catcher,106,100,James McCann,DEFENSE,0.62,0.03125,0.5849056603773585,62,543510
3893,catcher,147,130,Christian Vázquez,DEFENSE,0.6692307692307692,0.02234780375032109,0.5918367346938775,87,543877
2979,catcher,139,123,Elias Díaz,DEFENSE,0.6991869918699187,0.028868747901980532,0.6187050359712231,86,553869
651,catcher,14,13,Luke Maile,DEFENSE,0.9230769230769231,0.018433179723502304,0.8571428571428571,12,571912
5464,catcher,232,226,J.T. Realmuto,DEFENSE,0.7522123893805309,0.031112737920937043,0.7327586206896551,170,592663
3300,catcher,135,119,Austin Hedges,DEFENSE,0.7142857142857143,0.025757575757575757,0.6296296296296297,85,595978
877,catcher,41,41,Garrett Stubbs,DEFENSE,0.6829268292682927,0.03192702394526796,0.6829268292682927,28,596117
1825,catcher,92,82,Gary Sánchez,DEFENSE,0.6097560975609756,0.0273972602739726,0.5434782608695652,50,596142
3492,catcher,156,142,Victor Caratini,DEFENSE,0.5211267605633803,0.021191294387170677,0.47435897435897434,74,605170
263,catcher,10,10,Aramis Garcia,DEFENSE,0.9,0.034220532319391636,0.9,9,605244
1318,catcher,51,47,Eric Haase,DEFENSE,0.7446808510638298,0.026555386949924126,0.6862745098039216,35,606992
4481,catcher,205,204,Carson Kelly,DEFENSE,0.7205882352941176,0.032805177415755414,0.7170731707317073,147,608348
3584,catcher,143,137,Luis Torrens,DEFENSE,0.6496350364963503,0.024832589285714284,0.6223776223776224,89,620443
2836,catcher,91,89,Tyler Heineman,DEFENSE,0.6741573033707865,0.021156558533145273,0.6593406593406593,60,623168
2177,catcher,91,90,Jose Trevino,DEFENSE,0.6888888888888889,0.02847955902618282,0.6813186813186813,62,624431
542,catcher,24,24,Reese McGuire,DEFENSE,0.7916666666666666,0.03505535055350553,0.7916666666666666,19,624512
862,catcher,41,38,Brian Navarreto,DEFENSE,0.6842105263157895,0.030162412993039442,0.6341463414634146,26,640459
1252,catcher,62,54,Jhonny Pereda,DEFENSE,0.6666666666666666,0.02875399361022364,0.5806451612903226,36,640902
1312,catcher,59,50,J.C. Escarra,DEFENSE,0.62,0.023628048780487805,0.5254237288135594,31,641555
1602,catcher,79,76,Mitch Garver,DEFENSE,0.6710526315789473,0.031835205992509365,0.6455696202531646,51,641598
3384,catcher,152,142,Jonah Heim,DEFENSE,0.5704225352112676,0.023936170212765957,0.5328947368421053,81,641680
325,catcher,15,15,Chuckie Robinson,DEFENSE,0.9333333333333333,0.043076923076923075,0.9333333333333333,14,642020
1333,catcher,69,62,Austin Wynns,DEFENSE,0.6290322580645161,0.029257314328582147,0.5652173913043478,39,642851
2407,catcher,113,111,Danny Jansen,DEFENSE,0.8288288288288288,0.03822185292895721,0.8141592920353983,92,643376
669,catcher,31,27,Chadwick Tromp,DEFENSE,0.7037037037037037,0.028400597907324365,0.6129032258064516,19,644433
1312,catcher,46,40,Ali Sánchez,DEFENSE,0.575,0.01753048780487805,0.5,23,645305
423,catcher,18,15,Yohel Pozo,DEFENSE,0.8,0.028368794326241134,0.6666666666666666,12,650968
955,catcher,62,45,Alex Jackson,DEFENSE,0.6444444444444445,0.030366492146596858,0.46774193548387094,29,656577
2874,catcher,169,159,Connor Wong,DEFENSE,0.8113207547169812,0.04488517745302714,0.7633136094674556,129,657136
4383,catcher,197,180,Keibert Ruiz,DEFENSE,0.6555555555555556,0.026922199406798995,0.5989847715736041,118,660688
1436,catcher,54,53,Rodolfo Durán,DEFENSE,0.7358490566037735,0.027158774373259052,0.7222222222222222,39,660710
5598,catcher,279,249,William Contreras,DEFENSE,0.6385542168674698,0.02840300107181136,0.5698924731182796,159,661388
921,catcher,40,39,Brian Serven,DEFENSE,0.717948717948718,0.03040173724212812,0.7,28,661531
293,catcher,16,15,Hayden Senger,DEFENSE,0.9333333333333333,0.04778156996587031,0.875,14,663584
1783,catcher,84,66,Joey Bart,DEFENSE,0.7272727272727273,0.0269209197980931,0.5714285714285714,48,663698
4211,catcher,190,172,Cal Raleigh,DEFENSE,0.7441860465116279,0.03039658038470672,0.6736842105263158,128,663728
3523,catcher,162,150,Nick Fortes,DEFENSE,0.6,0.02554640931024695,0.5555555555555556,90,663743
5572,catcher,276,264,Tyler Stephenson,DEFENSE,0.6704545454545454,0.03176597272074659,0.6413043478260869,177,663886
393,catcher,15,14,César Salazar,DEFENSE,0.8571428571428571,0.030534351145038167,0.8,12,663967
538,catcher,23,22,P.J. Higgins,DEFENSE,0.5909090909090909,0.024163568773234202,0.5652173913043478,13,664731
2857,catcher,134,120,Brett Sullivan,DEFENSE,0.6333333333333333,0.026601330066503327,0.5671641791044776,76,664954
1418,catcher,48,46,Rafael Marchán,DEFENSE,0.6086956521739131,0.019746121297602257,0.5833333333333334,28,665561
2927,catcher,132,120,Miguel Amaya,DEFENSE,0.6,0.02459856508370345,0.5454545454545454,72,665804
7,catcher,0,0,Jair Camargo,DEFENSE,,0.0,,0,665856
988,catcher,48,39,Sebastián Rivero,DEFENSE,0.7435897435897436,0.029352226720647773,0.6041666666666666,29,665861
3960,catcher,162,147,Carlos Narváez,DEFENSE,0.7142857142857143,0.026515151515151516,0.6481481481481481,105,665966
3672,catcher,149,144,Freddy Fermin,DEFENSE,0.7291666666666666,0.028594771241830064,0.7046979865771812,105,666023
489,catcher,23,22,Ben Rortvedt,DEFENSE,0.7272727272727273,0.032719836400818,0.6956521739130435,16,666163
1343,catcher,45,40,Bo Naylor,DEFENSE,0.875,0.026061057334326135,0.7777777777777778,35,666310
2293,catcher,106,96,Jake Rogers,DEFENSE,0.7708333333333334,0.032272132577409504,0.6981132075471698,74,668670
668,catcher,44,44,Andrew Knizner,DEFENSE,0.6590909090909091,0.04341317365269461,0.6590909090909091,29,668800
3449,catcher,121,116,Adley Rutschman,DEFENSE,0.6896551724137931,0.02319512902290519,0.6611570247933884,80,668939
373,catcher,18,17,Sam Huff,DEFENSE,0.9411764705882353,0.04289544235924933,0.8888888888888888,16,669087
4047,catcher,200,189,Shea Langeliers,DEFENSE,0.7142857142857143,0.033358042994810974,0.675,135,669127
2522,catcher,125,109,Luis Campusano,DEFENSE,0.5963302752293578,0.02577319587628866,0.52,65,669134
1135,catcher,53,51,Sean Murphy,DEFENSE,0.5490196078431373,0.024669603524229075,0.5283018867924528,28,669221
4827,catcher,192,184,Austin Wells,DEFENSE,0.6141304347826086,0.023409985498239073,0.5885416666666666,113,669224
2423,catcher,115,115,Will Smith,DEFENSE,0.6956521739130435,0.0330169211721007,0.6956521739130435,80,669257
2781,catcher,109,106,Iván Herrera,DEFENSE,0.6981132075471698,0.02660913340524991,0.6788990825688074,74,671056
4507,catcher,183,165,Patrick Bailey,DEFENSE,0.593939393939394,0.02174395384956734,0.5355191256830601,98,672275
3192,catcher,120,110,Alejandro Kirk,DEFENSE,0.5272727272727272,0.018170426065162906,0.48333333333333334,58,672386
4407,catcher,159,155,Gabriel Moreno,DEFENSE,0.7032258064516129,0.0247333787156796,0.6855345911949685,109,672515
445,catcher,13,12,Eliezer Alfonzo,DEFENSE,0.8333333333333334,0.02247191011235955,0.7692307692307693,10,672613
3811,catcher,178,165,Yainer Diaz,DEFENSE,0.696969696969697,0.030175806874836,0.6460674157303371,115,673237
50,catcher,4,4,Blake Hunt,DEFENSE,1.0,0.08,1.0,4,675448
3166,catcher,130,115,Hunter Feduccia,DEFENSE,0.6956521739130435,0.025268477574226154,0.6153846153846154,80,676439
49,catcher,3,3,Shawn Ross,DEFENSE,1.0,0.061224489795918366,1.0,3,676566
123,catcher,7,7,Will Banfield,DEFENSE,0.7142857142857143,0.04065040650406504,0.7142857142857143,5,677943
3428,catcher,120,110,Brandon Valenzuela,DEFENSE,0.7636363636363637,0.024504084014002333,0.7,84,678218
587,catcher,24,23,Eduardo Valencia,DEFENSE,0.7391304347826086,0.028960817717206135,0.7083333333333334,17,680664
827,catcher,33,32,Adrian Del Castillo,DEFENSE,0.71875,0.02781136638452237,0.696969696969697,23,680728
3538,catcher,149,143,Ryan Jeffers,DEFENSE,0.6363636363636364,0.025720746184284906,0.610738255033557,91,680777
4101,catcher,184,173,Henry Davis,DEFENSE,0.7225433526011561,0.030480370641306997,0.6793478260869565,125,680779
3822,catcher,202,187,Logan O'Hoppe,DEFENSE,0.7219251336898396,0.03532182103610675,0.6683168316831684,135,681351
529,catcher,21,21,Mickey Gasper,DEFENSE,0.6190476190476191,0.024574669187145556,0.6190476190476191,13,681508
233,catcher,9,4,David Fry,DEFENSE,1.0,0.017167381974248927,0.4444444444444444,4,681807
100,catcher,5,5,Logan Porter,DEFENSE,0.6,0.03,0.6,3,682515
3860,catcher,152,142,Francisco Alvarez,DEFENSE,0.7112676056338029,0.02616580310880829,0.6644736842105263,101,682626
983,catcher,48,47,Agustín Ramírez,DEFENSE,0.46808510638297873,0.022380467955239063,0.4583333333333333,22,682663
1729,catcher,60,54,Endy Rodríguez,DEFENSE,0.8333333333333334,0.026026604973973393,0.75,45,682848
70,catcher,3,3,Omar Martinez,DEFENSE,1.0,0.04285714285714286,1.0,3,683079
558,catcher,24,18,Jesus Rodriguez,DEFENSE,0.8333333333333334,0.026881720430107527,0.625,15,683679
2266,catcher,96,81,Drew Millas,DEFENSE,0.7160493827160493,0.02559576345984113,0.6041666666666666,58,686452
3125,catcher,131,126,Pedro Pagés,DEFENSE,0.7619047619047619,0.03072,0.732824427480916,96,686780
3608,catcher,138,124,Drake Baldwin,DEFENSE,0.7338709677419355,0.025221729490022174,0.6594202898550725,91,686948
2675,catcher,124,117,Dalton Rushing,DEFENSE,0.7948717948717948,0.034766355140186916,0.75,93,687221
2600,catcher,122,108,Liam Hicks,DEFENSE,0.5648148148148148,0.02346153846153846,0.5,61,689414
532,catcher,27,24,Braxton Fulford,DEFENSE,0.75,0.03383458646616541,0.6666666666666666,18,690924
2979,catcher,118,105,Drew Romo,DEFENSE,0.5904761904761905,0.02081235313863713,0.5254237288135594,62,691011
1057,catcher,52,48,Kyle Teel,DEFENSE,0.5833333333333334,0.026490066225165563,0.5384615384615384,28,691019
54,catcher,6,6,Jeferson Quero,DEFENSE,0.6666666666666666,0.07407407407407407,0.6666666666666666,4,691620
2133,catcher,63,58,Daniel Susac,DEFENSE,0.603448275862069,0.016408813877168308,0.5555555555555556,35,691740
3977,catcher,154,146,Joe Mack,DEFENSE,0.5547945205479452,0.02036711088760372,0.525974025974026,81,691788
5240,catcher,220,210,Dillon Dingler,DEFENSE,0.6571428571428571,0.02633587786259542,0.6272727272727273,138,693307
776,catcher,44,39,Moisés Ballesteros,DEFENSE,0.6410256410256411,0.03221649484536082,0.5681818181818182,25,694208
2702,catcher,144,143,Samuel Basallo,DEFENSE,0.7902097902097902,0.041820873427091045,0.7847222222222222,113,694212
4531,catcher,190,182,Carter Jensen,DEFENSE,0.7857142857142857,0.031560361951004194,0.7526315789473684,143,695600
1345,catcher,62,62,Harry Ford,DEFENSE,0.7580645161290323,0.03494423791821561,0.7580645161290323,47,695670
4471,catcher,171,161,Hunter Goodman,DEFENSE,0.5652173913043478,0.02035338850369045,0.5321637426900585,91,696100
369,catcher,10,9,Leo Bernal,DEFENSE,0.5555555555555556,0.013550135501355014,0.5,5,699024
1825,catcher,62,60,Jimmy Crooks,DEFENSE,0.9333333333333333,0.030684931506849315,0.9032258064516129,56,699625
2743,catcher,133,115,Edgar Quero,DEFENSE,0.6,0.025154939846882975,0.518796992481203,69,700337
179,catcher,5,5,Kenny Piper,DEFENSE,0.6,0.01675977653631285,0.6,3,700652
2014,catcher,93,83,Drew Cavanaugh,DEFENSE,0.7590361445783133,0.03128103277060576,0.6774193548387096,63,701852
1086,catcher,56,54,Rafael Flores Jr.,DEFENSE,0.6666666666666666,0.03314917127071823,0.6428571428571429,36,804668
158,catcher,6,6,Collin Price,DEFENSE,1.0,0.0379746835443038,1.0,6,805672
103,catcher,5,5,Ethan Salas,DEFENSE,0.8,0.038834951456310676,0.8,4,806956
15985,challenges_remaining,686,0,,DEFENSE,,0.0,0.0,0,0
63684,challenges_remaining,2672,2655,,DEFENSE,0.7163841807909604,0.029866214433766722,0.7118263473053892,1902,1
152658,challenges_remaining,6769,6754,,DEFENSE,0.6693811074918566,0.029615218331171637,0.6678977692421333,4521,2
63878,count,3566,3291,,DEFENSE,0.7520510483135825,0.03874573405554338,0.6940549635445877,2475,0-0
33258,count,1432,1349,,DEFENSE,0.7227575982209044,0.02931625473570269,0.6808659217877095,975,0-1
19700,count,436,412,,DEFENSE,0.5800970873786407,0.012131979695431472,0.5481651376146789,239,0-2
21622,count,1015,937,,DEFENSE,0.7107790821771611,0.0308019609656831,0.6561576354679803,666,1-0
22243,count,1021,956,,DEFENSE,0.700836820083682,0.03012183608326215,0.6562193927522038,670,1-1
24009,count,531,490,,DEFENSE,0.5204081632653061,0.010621017118580533,0.480225988700565,255,1-2
6953,count,368,341,,DEFENSE,0.6715542521994134,0.03293542355817633,0.6222826086956522,229,2-0
9978,count,507,471,,DEFENSE,0.6326963906581741,0.029865704550010023,0.5877712031558185,298,2-1
16396,count,488,457,,DEFENSE,0.48577680525164113,0.013539887777506709,0.45491803278688525,222,2-2
2384,count,145,130,,DEFENSE,0.7384615384615385,0.040268456375838924,0.6620689655172414,96,3-0
4275,count,267,251,,DEFENSE,0.6613545816733067,0.038830409356725146,0.6217228464419475,166,3-1
7631,count,351,324,,DEFENSE,0.4074074074074074,0.017297863975887826,0.37606837606837606,132,3-2
27260,inning,1384,1384,,DEFENSE,0.7442196531791907,0.03778429933969186,0.7442196531791907,1030,1
2013,inning,88,83,,DEFENSE,0.6506024096385542,0.026825633383010434,0.6136363636363636,54,10
495,inning,18,17,,DEFENSE,0.5294117647058824,0.01818181818181818,0.5,9,11
181,inning,7,7,,DEFENSE,0.5714285714285714,0.022099447513812154,0.5714285714285714,4,12
26,inning,1,1,,DEFENSE,1.0,0.038461538461538464,1.0,1,13
25727,inning,1273,1267,,DEFENSE,0.7355958958168903,0.036226532436739615,0.7321288295365279,932,2
26320,inning,1232,1215,,DEFENSE,0.7234567901234568,0.033396656534954404,0.713474025974026,879,3
25675,inning,1072,1049,,DEFENSE,0.6949475691134414,0.02839337877312561,0.6800373134328358,729,4
26048,inning,1077,1021,,DEFENSE,0.6885406464250735,0.026988636363636364,0.6527390900649953,703,5
26331,inning,1096,1002,,DEFENSE,0.6526946107784432,0.024837643841859405,0.5967153284671532,654,6
26329,inning,1065,938,,DEFENSE,0.6268656716417911,0.022332788939952143,0.5521126760563381,588,7
26679,inning,1095,887,,DEFENSE,0.6437429537767756,0.021402601296900185,0.5214611872146119,571,8
19243,inning,719,538,,DEFENSE,0.5,0.01397910928649379,0.3741307371349096,269,9
79012,outs,3549,3303,,DEFENSE,0.7063275809869816,0.029527160431326888,0.6573682727528881,2333,0
76813,outs,3340,3108,,DEFENSE,0.6814671814671814,0.027573457617851144,0.6341317365269461,2118,1
76502,outs,3238,2998,,DEFENSE,0.6577718478985991,0.02577710386656558,0.609017912291538,1972,2
29650,pitch_type,812,768,,DEFENSE,0.6770833333333334,0.017537942664418212,0.6403940886699507,520,CH
68,pitch_type,3,2,,DEFENSE,0.5,0.014705882352941176,0.3333333333333333,1,CS
16949,pitch_type,701,671,,DEFENSE,0.7153502235469449,0.028320254882293942,0.6847360912981455,480,CU
405,pitch_type,24,0,,DEFENSE,,0.0,0.0,0,EP
277,pitch_type,11,0,,DEFENSE,,0.0,0.0,0,FA
17463,pitch_type,818,762,,DEFENSE,0.7139107611548556,0.03115157762125637,0.6650366748166259,544,FC
66793,pitch_type,3305,3060,,DEFENSE,0.6683006535947712,0.030616980821343554,0.6187594553706506,2045,FF
209,pitch_type,5,5,,DEFENSE,0.8,0.019138755980861243,0.8,4,FO
8569,pitch_type,235,228,,DEFENSE,0.6666666666666666,0.017738359201773836,0.6468085106382979,152,FS
3943,pitch_type,134,130,,DEFENSE,0.7,0.02307887395384225,0.6791044776119403,91,KC
127,pitch_type,4,3,,DEFENSE,0.6666666666666666,0.015748031496062992,0.5,2,KN
34,pitch_type,0,0,,DEFENSE,,0.0,,0,PO
34495,pitch_type,2093,1949,,DEFENSE,0.6829143150333504,0.03858530221771271,0.6359292881032012,1331,SI
31363,pitch_type,1180,1085,,DEFENSE,0.6764976958525346,0.023403373401779167,0.6220338983050847,734,SL
20694,pitch_type,767,712,,DEFENSE,0.6952247191011236,0.023919976804870978,0.6453715775749674,495,ST
1149,pitch_type,35,34,,DEFENSE,0.7058823529411765,0.020887728459530026,0.6857142857142857,24,SV
11,pitch_type,0,0,,DEFENSE,,0.0,,0,UN
128,pitch_type,0,0,,DEFENSE,,0.0,,0,UNKNOWN
27,pitcher,1,1,Justin Verlander,DEFENSE,1.0,0.037037037037037035,1.0,1,434378
237,pitcher,16,12,Kenley Jansen,DEFENSE,0.5,0.02531645569620253,0.375,6,445276
395,pitcher,15,15,Max Scherzer,DEFENSE,0.7333333333333333,0.027848101265822784,0.7333333333333333,11,453286
75,pitcher,4,3,Chris Martin,DEFENSE,1.0,0.04,0.75,3,455119
77,pitcher,2,1,Carlos Carrasco,DEFENSE,0.0,0.0,0.0,0,471911
92,pitcher,6,6,Luis García,DEFENSE,0.6666666666666666,0.043478260869565216,0.6666666666666666,4,472610
198,pitcher,8,8,Robert Stock,DEFENSE,0.625,0.025252525252525252,0.625,5,476594
228,pitcher,7,4,Kirby Yates,DEFENSE,0.75,0.013157894736842105,0.42857142857142855,3,489446
19,pitcher,0,0,Miguel Rojas,DEFENSE,,0.0,,0,500743
276,pitcher,15,15,Jose Quintana,DEFENSE,0.8666666666666667,0.04710144927536232,0.8666666666666667,13,500779
374,pitcher,11,9,Fernando Cruz,DEFENSE,0.4444444444444444,0.0106951871657754,0.36363636363636365,4,518585
876,pitcher,27,27,Merrill Kelly,DEFENSE,0.7777777777777778,0.023972602739726026,0.7777777777777778,21,518876
286,pitcher,7,6,Craig Kimbrel,DEFENSE,0.5,0.01048951048951049,0.42857142857142855,3,518886
171,pitcher,8,7,Drew Pomeranz,DEFENSE,0.5714285714285714,0.023391812865497075,0.5,4,519141
743,pitcher,33,32,Chris Sale,DEFENSE,0.75,0.03230148048452221,0.7272727272727273,24,519242
773,pitcher,33,33,Martín Pérez,DEFENSE,0.7272727272727273,0.031047865459249677,0.7272727272727273,24,527048
217,pitcher,10,7,Shawn Armstrong,DEFENSE,0.7142857142857143,0.02304147465437788,0.5,5,542888
533,pitcher,24,24,Gerrit Cole,DEFENSE,0.5416666666666666,0.024390243902439025,0.5416666666666666,13,543037
153,pitcher,5,5,Danny Coulombe,DEFENSE,1.0,0.032679738562091505,1.0,5,543056
660,pitcher,27,27,Nathan Eovaldi,DEFENSE,0.6296296296296297,0.025757575757575757,0.6296296296296297,17,543135
29,pitcher,1,1,Anthony Gose,DEFENSE,0.0,0.0,0.0,0,543238
792,pitcher,51,48,Sonny Gray,DEFENSE,0.7916666666666666,0.047979797979797977,0.7450980392156863,38,543243
22,pitcher,3,0,Kyle Higashioka,DEFENSE,,0.0,0.0,0,543309
29,pitcher,2,0,James McCann,DEFENSE,,0.0,0.0,0,543510
348,pitcher,15,13,Albert Suárez,DEFENSE,0.7692307692307693,0.028735632183908046,0.6666666666666666,10,544150
24,pitcher,0,0,Ildemaro Vargas,DEFENSE,,0.0,,0,545121
898,pitcher,36,36,Michael Lorenzen,DEFENSE,0.6944444444444444,0.02783964365256125,0.6944444444444444,25,547179
43,pitcher,4,3,Michael Kelly,DEFENSE,0.6666666666666666,0.046511627906976744,0.5,2,547184
259,pitcher,13,10,Aroldis Chapman,DEFENSE,0.7,0.02702702702702703,0.5384615384615384,7,547973
262,pitcher,9,9,Brooks Raley,DEFENSE,0.6666666666666666,0.022900763358778626,0.6666666666666666,6,548384
192,pitcher,6,3,Andrew Kittredge,DEFENSE,1.0,0.015625,0.5,3,552640
812,pitcher,21,21,Zack Wheeler,DEFENSE,0.6666666666666666,0.017241379310344827,0.6666666666666666,14,554430
589,pitcher,25,25,Matthew Boyd,DEFENSE,0.68,0.028862478777589132,0.68,17,571510
528,pitcher,10,10,Patrick Corbin,DEFENSE,1.0,0.01893939393939394,1.0,10,571578
1,pitcher,0,0,Enrique Hernández,DEFENSE,,0.0,,0,571771
50,pitcher,2,2,Derek Law,DEFENSE,0.0,0.0,0.0,0,571882
3,pitcher,0,0,Luke Maile,DEFENSE,,0.0,,0,571912
435,pitcher,26,24,Steven Matz,DEFENSE,0.625,0.034482758620689655,0.5769230769230769,15,571927
625,pitcher,32,30,Miles Mikolas,DEFENSE,0.7666666666666667,0.0368,0.71875,23,571945
212,pitcher,15,15,Hoby Milner,DEFENSE,0.6,0.04245283018867924,0.6,9,571948
103,pitcher,3,3,Burch Smith,DEFENSE,0.6666666666666666,0.019417475728155338,0.6666666666666666,2,572143
256,pitcher,15,14,Pierce Johnson,DEFENSE,0.6428571428571429,0.03515625,0.6,9,572955
115,pitcher,3,3,Joe Mantiply,DEFENSE,0.3333333333333333,0.008695652173913044,0.3333333333333333,1,573009
353,pitcher,14,13,Taylor Rogers,DEFENSE,0.15384615384615385,0.0056657223796034,0.14285714285714285,2,573124
254,pitcher,9,7,Caleb Thielbar,DEFENSE,0.7142857142857143,0.01968503937007874,0.5555555555555556,5,573204
300,pitcher,17,17,Yusei Kikuchi,DEFENSE,0.7058823529411765,0.04,0.7058823529411765,12,579328
182,pitcher,1,1,Jason Adam,DEFENSE,1.0,0.005494505494505495,1.0,1,592094
158,pitcher,4,4,Cam Booser,DEFENSE,0.5,0.012658227848101266,0.5,2,592155
35,pitcher,1,1,Kent Emanuel,DEFENSE,1.0,0.02857142857142857,1.0,1,592288
966,pitcher,39,37,Kevin Gausman,DEFENSE,0.7027027027027027,0.026915113871635612,0.6666666666666666,26,592332
57,pitcher,2,1,Tommy Kahnle,DEFENSE,0.0,0.0,0.0,0,592454
1038,pitcher,18,18,Robbie Ray,DEFENSE,0.7777777777777778,0.01348747591522158,0.7777777777777778,14,592662
377,pitcher,11,10,Ryne Stanek,DEFENSE,0.7,0.01856763925729443,0.6363636363636364,7,592773
106,pitcher,4,4,Brock Stewart,DEFENSE,1.0,0.03773584905660377,1.0,4,592779
542,pitcher,26,26,Jameson Taillon,DEFENSE,0.7307692307692307,0.03505535055350553,0.7307692307692307,19,592791
15,pitcher,1,1,Vince Velasquez,DEFENSE,0.0,0.0,0.0,0,592826
161,pitcher,6,5,Taijuan Walker,DEFENSE,0.8,0.024844720496894408,0.6666666666666666,4,592836
155,pitcher,5,4,Trevor Williams,DEFENSE,1.0,0.025806451612903226,0.8,4,592866
1014,pitcher,39,39,Eduardo Rodriguez,DEFENSE,0.5897435897435898,0.022682445759368838,0.5897435897435898,23,593958
400,pitcher,10,9,Wandy Peralta,DEFENSE,0.5555555555555556,0.0125,0.5,5,593974
156,pitcher,11,10,Tyron Guerrero,DEFENSE,0.7,0.04487179487179487,0.6363636363636364,7,594027
426,pitcher,16,15,Sam Moll,DEFENSE,0.6,0.02112676056338028,0.5625,9,594580
824,pitcher,33,33,Jacob deGrom,DEFENSE,0.8181818181818182,0.032766990291262135,0.8181818181818182,27,594798
44,pitcher,3,3,Marco Gonzales,DEFENSE,1.0,0.06818181818181818,1.0,3,594835
140,pitcher,7,7,Blake Treinen,DEFENSE,0.8571428571428571,0.04285714285714286,0.8571428571428571,6,595014
346,pitcher,12,11,Steven Okert,DEFENSE,0.7272727272727273,0.023121387283236993,0.6666666666666666,8,595345
15,pitcher,0,0,Austin Hedges,DEFENSE,,0.0,,0,595978
235,pitcher,9,8,Jakob Junis,DEFENSE,0.75,0.02553191489361702,0.6666666666666666,6,596001
10,pitcher,0,0,Garrett Stubbs,DEFENSE,,0.0,,0,596117
265,pitcher,11,9,Luke Weaver,DEFENSE,0.5555555555555556,0.018867924528301886,0.45454545454545453,5,596133
13,pitcher,2,0,Gary Sánchez,DEFENSE,,0.0,0.0,0,596142
123,pitcher,9,9,Nick Pivetta,DEFENSE,0.8888888888888888,0.06504065040650407,0.8888888888888888,8,601713
229,pitcher,7,6,Scott Barlow,DEFENSE,0.6666666666666666,0.017467248908296942,0.5714285714285714,4,605130
532,pitcher,25,25,Chris Bassitt,DEFENSE,0.68,0.03195488721804511,0.68,17,605135
26,pitcher,1,1,John Brebbia,DEFENSE,1.0,0.038461538461538464,1.0,1,605154
10,pitcher,0,0,Aaron Brooks,DEFENSE,,0.0,,0,605156
37,pitcher,2,2,Carl Edwards Jr.,DEFENSE,1.0,0.05405405405405406,1.0,2,605218
60,pitcher,3,3,Michael Fulmer,DEFENSE,0.6666666666666666,0.03333333333333333,0.6666666666666666,2,605242
491,pitcher,27,27,Clay Holmes,DEFENSE,0.6666666666666666,0.03665987780040733,0.6666666666666666,18,605280
629,pitcher,23,21,Adrian Houser,DEFENSE,0.8095238095238095,0.02702702702702703,0.7391304347826086,17,605288
39,pitcher,3,3,Brandon Leibrandt,DEFENSE,1.0,0.07692307692307693,1.0,3,605335
965,pitcher,27,27,Aaron Nola,DEFENSE,0.6666666666666666,0.01865284974093264,0.6666666666666666,18,605400
3,pitcher,0,0,Yacksel Ríos,DEFENSE,,0.0,,0,605441
198,pitcher,13,10,Jordan Romano,DEFENSE,0.3,0.015151515151515152,0.23076923076923078,3,605447
81,pitcher,6,4,Joe Ross,DEFENSE,0.75,0.037037037037037035,0.5,3,605452
191,pitcher,9,9,Blake Snell,DEFENSE,0.6666666666666666,0.031413612565445025,0.6666666666666666,6,605483
830,pitcher,45,44,Jeffrey Springs,DEFENSE,0.6136363636363636,0.03253012048192771,0.6,27,605488
201,pitcher,13,13,Brandon Woodruff,DEFENSE,0.6153846153846154,0.03980099502487562,0.6153846153846154,8,605540
8,pitcher,0,0,Orlando Arcia,DEFENSE,,0.0,,0,606115
58,pitcher,1,1,Joel Payamps,DEFENSE,1.0,0.017241379310344827,1.0,1,606303
46,pitcher,2,1,Chris Devenski,DEFENSE,0.0,0.0,0.0,0,606965
366,pitcher,21,18,Kyle Hart,DEFENSE,0.7777777777777778,0.03825136612021858,0.6666666666666666,14,606996
798,pitcher,33,33,Colin Rea,DEFENSE,0.5757575757575758,0.023809523809523808,0.5757575757575758,19,607067
448,pitcher,15,15,Carlos Rodón,DEFENSE,0.4666666666666667,0.015625,0.4666666666666667,7,607074
328,pitcher,17,17,Tyler Glasnow,DEFENSE,0.5294117647058824,0.027439024390243903,0.5294117647058824,9,607192
867,pitcher,33,33,Erick Fedde,DEFENSE,0.6363636363636364,0.02422145328719723,0.6363636363636364,21,607200
724,pitcher,44,43,Nick Martinez,DEFENSE,0.6511627906976745,0.03867403314917127,0.6363636363636364,28,607259
233,pitcher,6,4,Anthony Banda,DEFENSE,0.75,0.012875536480686695,0.5,3,607455
121,pitcher,8,6,Aaron Bummer,DEFENSE,0.5,0.024793388429752067,0.375,3,607481
660,pitcher,31,31,Kyle Freeland,DEFENSE,0.5806451612903226,0.02727272727272727,0.5806451612903226,18,607536
942,pitcher,49,42,Seth Lugo,DEFENSE,0.8095238095238095,0.036093418259023353,0.6938775510204082,34,607625
16,pitcher,1,1,Carlos Estévez,DEFENSE,0.0,0.0,0.0,0,608032
533,pitcher,31,31,Max Fried,DEFENSE,0.6774193548387096,0.039399624765478425,0.6774193548387096,21,608331
240,pitcher,11,11,Lucas Giolito,DEFENSE,0.8181818181818182,0.0375,0.8181818181818182,9,608337
34,pitcher,0,0,Cole Irvin,DEFENSE,,0.0,,0,608344
9,pitcher,2,0,Carson Kelly,DEFENSE,,0.0,0.0,0,608348
67,pitcher,3,2,Lucas Sims,DEFENSE,0.0,0.0,0.0,0,608371
870,pitcher,28,25,Tomoyuki Sugano,DEFENSE,0.76,0.021839080459770115,0.6785714285714286,19,608372
950,pitcher,37,36,Michael Wacha,DEFENSE,0.75,0.028421052631578948,0.7297297297297297,27,608379
341,pitcher,15,15,Germán Márquez,DEFENSE,0.9333333333333333,0.04105571847507331,0.9333333333333333,14,608566
110,pitcher,2,2,Dietrich Enns,DEFENSE,1.0,0.01818181818181818,1.0,2,608650
496,pitcher,24,21,Brent Suter,DEFENSE,0.8095238095238095,0.034274193548387094,0.7083333333333334,17,608718
89,pitcher,1,1,Austin Voth,DEFENSE,1.0,0.011235955056179775,1.0,1,608723
572,pitcher,33,33,Cal Quantrill,DEFENSE,0.6666666666666666,0.038461538461538464,0.6666666666666666,22,615698
9,pitcher,2,0,Luis Torrens,DEFENSE,,0.0,0.0,0,620443
145,pitcher,5,5,Jose Cuas,DEFENSE,0.8,0.027586206896551724,0.8,4,621016
95,pitcher,0,0,Tyler Ferguson,DEFENSE,,0.0,,0,621053
222,pitcher,9,8,Michael Rucker,DEFENSE,0.875,0.03153153153153153,0.7777777777777778,7,621074
198,pitcher,5,5,Jacob Waguespack,DEFENSE,0.8,0.020202020202020204,0.8,4,621097
30,pitcher,0,0,Zach Eflin,DEFENSE,,0.0,,0,621107
881,pitcher,40,38,Walker Buehler,DEFENSE,0.631578947368421,0.02724177071509648,0.6,24,621111
421,pitcher,15,10,Paul Blackburn,DEFENSE,0.5,0.011876484560570071,0.3333333333333333,5,621112
325,pitcher,13,13,Lance McCullers Jr.,DEFENSE,0.7692307692307693,0.03076923076923077,0.7692307692307693,10,621121
13,pitcher,0,0,Brooks Kriske,DEFENSE,,0.0,,0,621139
378,pitcher,13,12,José Alvarado,DEFENSE,0.9166666666666666,0.0291005291005291,0.8461538461538461,11,621237
114,pitcher,4,4,Edwin Díaz,DEFENSE,0.0,0.0,0.0,0,621242
193,pitcher,3,0,A.J. Minter,DEFENSE,,0.0,0.0,0,621345
141,pitcher,8,8,Ryan Borucki,DEFENSE,0.625,0.03546099290780142,0.625,5,621366
213,pitcher,15,15,Matt Strahm,DEFENSE,0.8,0.056338028169014086,0.8,12,621381
189,pitcher,10,10,Tanner Banks,DEFENSE,0.7,0.037037037037037035,0.7,7,621383
9,pitcher,1,1,Ty Blach,DEFENSE,0.0,0.0,0.0,0,621389
276,pitcher,19,18,Tejay Antone,DEFENSE,0.3888888888888889,0.025362318840579712,0.3684210526315789,7,622088
779,pitcher,31,30,Luis Castillo,DEFENSE,0.5666666666666667,0.021822849807445442,0.5483870967741935,17,622491
391,pitcher,17,13,Seranthony Domínguez,DEFENSE,0.46153846153846156,0.015345268542199489,0.35294117647058826,6,622554
384,pitcher,18,16,Antonio Senzatela,DEFENSE,0.4375,0.018229166666666668,0.3888888888888889,7,622608
393,pitcher,22,20,Luis Severino,DEFENSE,0.9,0.04580152671755725,0.8181818181818182,18,622663
74,pitcher,4,4,Elieser Hernández,DEFENSE,0.25,0.013513513513513514,0.25,1,622694
16,pitcher,2,0,Jorge Mateo,DEFENSE,,0.0,0.0,0,622761
244,pitcher,12,11,Paul Sewald,DEFENSE,0.5454545454545454,0.02459016393442623,0.5,6,623149
17,pitcher,1,0,Tyler Heineman,DEFENSE,,0.0,0.0,0,623168
356,pitcher,18,16,Huascar Brazobán,DEFENSE,0.6875,0.03089887640449438,0.6111111111111112,11,623211
183,pitcher,5,5,Josh Hader,DEFENSE,0.4,0.01092896174863388,0.4,2,623352
21,pitcher,1,1,Thomas Pannone,DEFENSE,0.0,0.0,0.0,0,623381
158,pitcher,9,8,Justin Topa,DEFENSE,0.625,0.03164556962025317,0.5555555555555556,5,623437
560,pitcher,16,16,Drew Anderson,DEFENSE,0.625,0.017857142857142856,0.625,10,623454
109,pitcher,6,4,Evan Phillips,DEFENSE,0.75,0.027522935779816515,0.5,3,623465
290,pitcher,3,3,Jimmy Herget,DEFENSE,0.3333333333333333,0.0034482758620689655,0.3333333333333333,1,623474
761,pitcher,22,22,Ranger Suarez,DEFENSE,0.5,0.01445466491458607,0.5,11,624133
20,pitcher,1,0,Adam Frazier,DEFENSE,,0.0,0.0,0,624428
41,pitcher,1,0,Jose Trevino,DEFENSE,,0.0,0.0,0,624431
1,pitcher,0,0,Reese McGuire,DEFENSE,,0.0,,0,624512
67,pitcher,2,2,Keegan Thompson,DEFENSE,0.0,0.0,0.0,0,624522
496,pitcher,18,16,Reynaldo López,DEFENSE,0.6875,0.02217741935483871,0.6111111111111112,11,625643
244,pitcher,11,8,Raisel Iglesias,DEFENSE,0.375,0.012295081967213115,0.2727272727272727,3,628452
6,pitcher,1,1,Yunior Marte,DEFENSE,1.0,0.16666666666666666,1.0,1,628708
388,pitcher,16,15,Kyle Finnegan,DEFENSE,0.6666666666666666,0.02577319587628866,0.625,10,640448
24,pitcher,0,0,Hunter Harvey,DEFENSE,,0.0,,0,640451
75,pitcher,2,2,Matt Krook,DEFENSE,0.5,0.013333333333333334,0.5,1,640454
731,pitcher,39,38,Sean Manaea,DEFENSE,0.7368421052631579,0.038303693570451436,0.717948717948718,28,640455
6,pitcher,0,0,Jhonny Pereda,DEFENSE,,0.0,,0,640902
372,pitcher,18,18,Tyler Alexander,DEFENSE,0.7222222222222222,0.03494623655913978,0.7222222222222222,13,641302
139,pitcher,10,6,Shaun Anderson,DEFENSE,0.8333333333333334,0.03597122302158273,0.5,5,641312
271,pitcher,10,8,Bryan Baker,DEFENSE,0.375,0.01107011070110701,0.3,3,641329
20,pitcher,0,0,Ben Bowden,DEFENSE,,0.0,,0,641386
105,pitcher,2,2,Connor Brogdon,DEFENSE,0.5,0.009523809523809525,0.5,1,641401
46,pitcher,2,0,J.P. France,DEFENSE,,0.0,0.0,0,641585
33,pitcher,2,2,Ian Hamilton,DEFENSE,0.5,0.030303030303030304,0.5,1,641656
928,pitcher,42,39,Anthony Kay,DEFENSE,0.6666666666666666,0.028017241379310345,0.6190476190476191,26,641743
204,pitcher,7,7,Brad Keller,DEFENSE,0.7142857142857143,0.024509803921568627,0.7142857142857143,5,641745
300,pitcher,5,2,Tyler Kinley,DEFENSE,0.5,0.0033333333333333335,0.2,1,641755
618,pitcher,28,26,Eric Lauer,DEFENSE,0.7692307692307693,0.032362459546925564,0.7142857142857143,20,641778
690,pitcher,34,33,Zack Littell,DEFENSE,0.7878787878787878,0.03768115942028986,0.7647058823529411,26,641793
784,pitcher,38,35,Tyler Mahle,DEFENSE,0.5714285714285714,0.025510204081632654,0.5263157894736842,20,641816
355,pitcher,13,13,Tim Mayza,DEFENSE,0.6153846153846154,0.022535211267605635,0.6153846153846154,8,641835
672,pitcher,34,33,Bailey Ober,DEFENSE,0.6060606060606061,0.02976190476190476,0.5882352941176471,20,641927
199,pitcher,6,5,Emilio Pagán,DEFENSE,0.2,0.005025125628140704,0.16666666666666666,1,641941
102,pitcher,3,3,Tayler Saucedo,DEFENSE,1.0,0.029411764705882353,1.0,3,642048
191,pitcher,6,6,Gabe Speier,DEFENSE,0.6666666666666666,0.020942408376963352,0.6666666666666666,4,642100
298,pitcher,7,6,Cole Sulser,DEFENSE,0.8333333333333334,0.016778523489932886,0.7142857142857143,5,642121
62,pitcher,1,0,Lou Trivino III,DEFENSE,,0.0,0.0,0,642152
254,pitcher,8,7,Devin Williams,DEFENSE,0.14285714285714285,0.003937007874015748,0.125,1,642207
18,pitcher,0,0,Weston Wilson,DEFENSE,,0.0,,0,642215
311,pitcher,15,11,Ryan Yarbrough,DEFENSE,0.45454545454545453,0.01607717041800643,0.3333333333333333,5,642232
94,pitcher,3,3,Jefry Yan,DEFENSE,0.3333333333333333,0.010638297872340425,0.3333333333333333,1,642376
376,pitcher,11,9,Gregory Soto,DEFENSE,0.4444444444444444,0.010638297872340425,0.36363636363636365,4,642397
281,pitcher,10,10,Jonathan Loáisiga,DEFENSE,0.9,0.03202846975088968,0.9,9,642528
155,pitcher,3,3,Jonathan Hernández,DEFENSE,1.0,0.01935483870967742,1.0,3,642546
1031,pitcher,34,34,Freddy Peralta,DEFENSE,0.6764705882352942,0.02230843840931135,0.6764705882352942,23,642547
297,pitcher,9,6,Dennis Santana,DEFENSE,0.5,0.010101010101010102,0.3333333333333333,3,642701
31,pitcher,0,0,Julian Fernández,DEFENSE,,0.0,,0,642759
4,pitcher,0,0,Kevin Herget,DEFENSE,,0.0,,0,643361
541,pitcher,22,21,Griffin Jax,DEFENSE,0.7142857142857143,0.027726432532347505,0.6818181818181818,15,643377
193,pitcher,6,5,Mark Leiter Jr.,DEFENSE,0.6,0.015544041450777202,0.5,3,643410
293,pitcher,20,12,Tyler Rogers,DEFENSE,0.75,0.030716723549488054,0.45,9,643511
8,pitcher,2,0,Chadwick Tromp,DEFENSE,,0.0,0.0,0,644433
1020,pitcher,38,37,Sandy Alcantara,DEFENSE,0.6216216216216216,0.022549019607843137,0.6052631578947368,23,645261
9,pitcher,0,0,Victor Robles,DEFENSE,,0.0,,0,645302
235,pitcher,16,16,Enmanuel De Jesus,DEFENSE,0.625,0.0425531914893617,0.625,10,646241
8,pitcher,0,0,Jhonathan Díaz,DEFENSE,,0.0,,0,646242
50,pitcher,3,3,Zach Pop,DEFENSE,1.0,0.06,1.0,3,647315
541,pitcher,14,14,Michael Soroka,DEFENSE,0.7142857142857143,0.018484288354898338,0.7142857142857143,10,647336
416,pitcher,15,13,Bryan Abreu,DEFENSE,0.5384615384615384,0.016826923076923076,0.4666666666666667,7,650556
995,pitcher,58,58,Michael King,DEFENSE,0.6206896551724138,0.036180904522613064,0.6206896551724138,36,650633
609,pitcher,41,39,Aaron Civale,DEFENSE,0.717948717948718,0.04597701149425287,0.6829268292682927,28,650644
953,pitcher,38,38,Cristopher Sánchez,DEFENSE,0.7894736842105263,0.03147953830010493,0.7894736842105263,30,650911
139,pitcher,5,5,Daniel Duarte,DEFENSE,1.0,0.03597122302158273,1.0,5,650960
17,pitcher,1,0,Andruw Monasterio,DEFENSE,,0.0,0.0,0,655316
38,pitcher,1,1,Manuel Rodríguez,DEFENSE,0.0,0.0,0.0,0,655889
82,pitcher,4,4,Charlie Barnes,DEFENSE,1.0,0.04878048780487805,1.0,4,656212
143,pitcher,8,8,Jalen Beeks,DEFENSE,0.875,0.04895104895104895,0.875,7,656222
250,pitcher,9,7,Jake Bird,DEFENSE,0.2857142857142857,0.008,0.2222222222222222,2,656234
151,pitcher,3,1,Scott Blewett,DEFENSE,1.0,0.006622516556291391,0.3333333333333333,1,656240
417,pitcher,18,17,Brock Burke,DEFENSE,0.6470588235294118,0.026378896882494004,0.6111111111111112,11,656271
546,pitcher,17,15,Griffin Canning,DEFENSE,0.7333333333333333,0.020146520146520148,0.6470588235294118,11,656288
1020,pitcher,28,27,Dylan Cease,DEFENSE,0.6666666666666666,0.01764705882352941,0.6428571428571429,18,656302
627,pitcher,19,19,Jack Flaherty,DEFENSE,0.6842105263157895,0.02073365231259968,0.6842105263157895,13,656427
51,pitcher,2,2,Tyler Gilbert,DEFENSE,0.5,0.0196078431372549,0.5,1,656457
345,pitcher,14,13,Kevin Ginkel,DEFENSE,0.7692307692307693,0.028985507246376812,0.7142857142857143,10,656464
896,pitcher,43,43,Foster Griffin,DEFENSE,0.7674418604651163,0.036830357142857144,0.7674418604651163,33,656492
247,pitcher,11,10,Sam Hentges,DEFENSE,0.6,0.024291497975708502,0.5454545454545454,6,656529
375,pitcher,11,8,Jeff Hoffman,DEFENSE,0.5,0.010666666666666666,0.36363636363636365,4,656546
801,pitcher,32,29,Grant Holmes,DEFENSE,0.7586206896551724,0.02746566791510612,0.6875,22,656550
11,pitcher,0,0,Alex Jackson,DEFENSE,,0.0,,0,656577
683,pitcher,35,35,Mitch Keller,DEFENSE,0.8,0.040995607613469986,0.8,28,656605
384,pitcher,11,11,Alex Lange,DEFENSE,1.0,0.028645833333333332,1.0,11,656638
341,pitcher,11,10,Jacob Latz,DEFENSE,0.5,0.01466275659824047,0.45454545454545453,5,656641
45,pitcher,0,0,Corbin Martin,DEFENSE,,0.0,,0,656686
30,pitcher,3,0,Zach McKinstry,DEFENSE,,0.0,0.0,0,656716
239,pitcher,18,12,Trevor Megill,DEFENSE,0.25,0.012552301255230125,0.16666666666666666,3,656730
96,pitcher,3,3,Jordan Montgomery,DEFENSE,1.0,0.03125,1.0,3,656756
55,pitcher,4,4,Parker Mushinski,DEFENSE,0.5,0.03636363636363636,0.5,2,656786
460,pitcher,22,18,Sean Newcomb,DEFENSE,0.5,0.01956521739130435,0.4090909090909091,9,656794
347,pitcher,14,10,Michael Petersen,DEFENSE,0.4,0.011527377521613832,0.2857142857142857,4,656848
827,pitcher,35,34,David Peterson,DEFENSE,0.7058823529411765,0.02902055622732769,0.6857142857142857,24,656849
783,pitcher,36,36,Drew Rasmussen,DEFENSE,0.6111111111111112,0.0280970625798212,0.6111111111111112,22,656876
259,pitcher,11,9,Tanner Scott,DEFENSE,0.5555555555555556,0.019305019305019305,0.45454545454545453,5,656945
138,pitcher,10,9,Bennett Sousa,DEFENSE,0.7777777777777778,0.050724637681159424,0.7,7,656986
215,pitcher,13,11,Ryan Thompson,DEFENSE,0.7272727272727273,0.037209302325581395,0.6153846153846154,8,657044
357,pitcher,15,12,Jacob Webb,DEFENSE,0.6666666666666666,0.022408963585434174,0.5333333333333333,8,657097
100,pitcher,5,5,Peter Strzelecki,DEFENSE,1.0,0.05,1.0,5,657265
821,pitcher,32,29,Logan Webb,DEFENSE,0.7241379310344828,0.025578562728380026,0.65625,21,657277
208,pitcher,2,2,Matt Gage,DEFENSE,0.5,0.004807692307692308,0.5,1,657424
352,pitcher,19,17,Brennan Bernardino,DEFENSE,0.29411764705882354,0.014204545454545454,0.2631578947368421,5,657514
210,pitcher,7,6,Caleb Ferguson,DEFENSE,0.3333333333333333,0.009523809523809525,0.2857142857142857,2,657571
244,pitcher,22,21,Tim Hill,DEFENSE,0.42857142857142855,0.036885245901639344,0.4090909090909091,9,657612
59,pitcher,3,3,Jared Koenig,DEFENSE,0.3333333333333333,0.01694915254237288,0.3333333333333333,1,657649
699,pitcher,35,33,Joe Ryan,DEFENSE,0.696969696969697,0.032904148783977114,0.6571428571428571,23,657746
169,pitcher,4,4,Connor Seabold,DEFENSE,0.75,0.01775147928994083,0.75,3,657756
473,pitcher,31,31,Shohei Ohtani,DEFENSE,0.7096774193548387,0.046511627906976744,0.7096774193548387,22,660271
170,pitcher,12,12,Alan Rangel,DEFENSE,0.5833333333333334,0.041176470588235294,0.5833333333333334,7,660604
14,pitcher,0,0,Rodolfo Durán,DEFENSE,,0.0,,0,660710
402,pitcher,15,13,José Suarez,DEFENSE,0.6153846153846154,0.01990049751243781,0.5333333333333333,8,660761
108,pitcher,5,5,Yerry De los Santos,DEFENSE,0.4,0.018518518518518517,0.4,2,660787
359,pitcher,21,15,Eduard Bazardo,DEFENSE,0.4666666666666667,0.019498607242339833,0.3333333333333333,7,660825
14,pitcher,3,0,Leo Rivas,DEFENSE,,0.0,0.0,0,660844
356,pitcher,10,9,Enyel De Los Santos,DEFENSE,0.3333333333333333,0.008426966292134831,0.3,3,660853
288,pitcher,11,11,Jhoan Duran,DEFENSE,0.5454545454545454,0.020833333333333332,0.5454545454545454,6,661395
5,pitcher,1,1,Seth Martinez,DEFENSE,0.0,0.0,0.0,0,661527
150,pitcher,4,4,Luis Gil,DEFENSE,1.0,0.02666666666666667,1.0,4,661563
9,pitcher,0,0,Brian Keller,DEFENSE,,0.0,,0,662144
307,pitcher,7,4,Andrés Muñoz,DEFENSE,0.5,0.006514657980456026,0.2857142857142857,2,662253
159,pitcher,7,6,Robert Suarez,DEFENSE,0.6666666666666666,0.025157232704402517,0.5714285714285714,4,663158
229,pitcher,12,12,Matt Waldron,DEFENSE,0.8333333333333334,0.043668122270742356,0.8333333333333334,10,663362
657,pitcher,27,27,Ryan Feltner,DEFENSE,0.6296296296296297,0.0258751902587519,0.6296296296296297,17,663372
252,pitcher,11,10,Trent Thornton,DEFENSE,0.8,0.031746031746031744,0.7272727272727273,8,663423
57,pitcher,1,1,Tanner Rainey,DEFENSE,1.0,0.017543859649122806,1.0,1,663432
780,pitcher,36,33,Davis Martin,DEFENSE,0.696969696969697,0.029487179487179487,0.6388888888888888,23,663436
305,pitcher,11,11,Kris Bubic,DEFENSE,0.6363636363636364,0.022950819672131147,0.6363636363636364,7,663460
52,pitcher,2,1,Kolby Allard,DEFENSE,1.0,0.019230769230769232,0.5,1,663465
73,pitcher,0,0,Cole Sands,DEFENSE,,0.0,,0,663485
8,pitcher,0,0,Bryan Torres,DEFENSE,,0.0,,0,663494
303,pitcher,18,12,Bryan Hudson,DEFENSE,0.6666666666666666,0.026402640264026403,0.4444444444444444,8,663542
662,pitcher,29,28,Casey Mize,DEFENSE,0.6428571428571429,0.027190332326283987,0.6206896551724138,18,663554
638,pitcher,29,28,Shane McClanahan,DEFENSE,0.7142857142857143,0.03134796238244514,0.6896551724137931,20,663556
376,pitcher,18,18,Jovani Morán,DEFENSE,0.6666666666666666,0.031914893617021274,0.6666666666666666,12,663558
73,pitcher,4,4,Bailey Falter,DEFENSE,0.5,0.0273972602739726,0.5,2,663559
852,pitcher,29,28,Peter Lambert,DEFENSE,0.6428571428571429,0.02112676056338028,0.6206896551724138,18,663567
305,pitcher,13,13,Stephen Kolek,DEFENSE,0.46153846153846156,0.019672131147540985,0.46153846153846156,6,663568
253,pitcher,12,10,Tony Santillan,DEFENSE,0.8,0.03162055335968379,0.6666666666666666,8,663574
610,pitcher,20,20,Jake Irvin,DEFENSE,0.8,0.02622950819672131,0.8,16,663623
467,pitcher,28,26,Hogan Harris,DEFENSE,0.46153846153846156,0.02569593147751606,0.42857142857142855,12,663687
390,pitcher,13,12,Daniel Lynch IV,DEFENSE,0.9166666666666666,0.028205128205128206,0.8461538461538461,11,663738
165,pitcher,7,6,Jake Woodford,DEFENSE,0.6666666666666666,0.024242424242424242,0.5714285714285714,4,663765
299,pitcher,24,22,Chase Shugart,DEFENSE,0.6818181818181818,0.05016722408026756,0.625,15,663767
358,pitcher,20,20,Patrick Sandoval,DEFENSE,0.85,0.04748603351955307,0.85,17,663776
25,pitcher,2,2,Justin Hagenman,DEFENSE,1.0,0.08,1.0,2,663795
291,pitcher,17,15,Jordan Hicks,DEFENSE,0.5333333333333333,0.027491408934707903,0.47058823529411764,8,663855
242,pitcher,9,9,Nate Pearson,DEFENSE,1.0,0.0371900826446281,1.0,9,663878
11,pitcher,0,0,Nolan Kingham,DEFENSE,,0.0,,0,663884
205,pitcher,4,4,Brendon Little,DEFENSE,0.25,0.004878048780487805,0.25,1,663893
966,pitcher,43,43,Brady Singer,DEFENSE,0.5348837209302325,0.023809523809523808,0.5348837209302325,23,663903
88,pitcher,1,1,Tristan Beck,DEFENSE,0.0,0.0,0.0,0,663941
382,pitcher,20,20,Tyler Holton,DEFENSE,0.8,0.041884816753926704,0.8,16,663947
4,pitcher,0,0,César Salazar,DEFENSE,,0.0,,0,663967
657,pitcher,30,27,Tyler Phillips,DEFENSE,0.5925925925925926,0.0243531202435312,0.5333333333333333,16,663969
366,pitcher,16,16,Chris Paddack,DEFENSE,0.5,0.02185792349726776,0.5,8,663978
198,pitcher,7,7,Richard Lovelady,DEFENSE,0.5714285714285714,0.020202020202020204,0.5714285714285714,4,663992
17,pitcher,0,0,Cody Ponce,DEFENSE,,0.0,,0,664074
265,pitcher,10,10,Garrett Cleavinger,DEFENSE,0.5,0.018867924528301886,0.5,5,664076
253,pitcher,12,11,Pete Fairbanks,DEFENSE,0.36363636363636365,0.015810276679841896,0.3333333333333333,4,664126
118,pitcher,8,8,Geoff Hartlieb,DEFENSE,0.875,0.059322033898305086,0.875,7,664129
370,pitcher,12,10,JT Brubaker,DEFENSE,0.8,0.021621621621621623,0.6666666666666666,8,664141
52,pitcher,3,3,Joey Lucchesi,DEFENSE,0.0,0.0,0.0,0,664192
342,pitcher,10,10,Taylor Clarke,DEFENSE,0.8,0.023391812865497075,0.8,8,664199
183,pitcher,7,6,Phil Maton,DEFENSE,0.5,0.01639344262295082,0.42857142857142855,3,664208
9,pitcher,0,0,Dylan Moore,DEFENSE,,0.0,,0,664238
884,pitcher,47,47,Framber Valdez,DEFENSE,0.7872340425531915,0.0418552036199095,0.7872340425531915,37,664285
322,pitcher,15,15,Cristian Javier,DEFENSE,0.6666666666666666,0.031055900621118012,0.6666666666666666,10,664299
159,pitcher,15,12,José Urquidy,DEFENSE,0.4166666666666667,0.031446540880503145,0.3333333333333333,5,664353
23,pitcher,0,0,Myles Straw,DEFENSE,,0.0,,0,664702
3,pitcher,0,0,P.J. Higgins,DEFENSE,,0.0,,0,664731
5,pitcher,0,0,Jose Espada,DEFENSE,,0.0,,0,664744
3,pitcher,0,0,LaMonte Wade Jr.,DEFENSE,,0.0,,0,664774
118,pitcher,4,4,Danny Young,DEFENSE,0.75,0.025423728813559324,0.75,3,664849
107,pitcher,5,4,Ryan Helsley,DEFENSE,0.25,0.009345794392523364,0.2,1,664854
278,pitcher,2,1,Justin Lawrence,DEFENSE,0.0,0.0,0.0,0,664875
30,pitcher,3,0,Brett Sullivan,DEFENSE,,0.0,0.0,0,664954
278,pitcher,12,10,Grant Wolfram,DEFENSE,0.5,0.017985611510791366,0.4166666666666667,5,664991
454,pitcher,16,16,Dean Kremer,DEFENSE,0.5625,0.019823788546255508,0.5625,9,665152
455,pitcher,22,20,Luis Medina,DEFENSE,0.45,0.01978021978021978,0.4090909090909091,9,665622
34,pitcher,3,3,Kervin Castro,DEFENSE,0.3333333333333333,0.029411764705882353,0.3333333333333333,1,665645
295,pitcher,7,6,Elvis Alvarado,DEFENSE,0.5,0.010169491525423728,0.42857142857142855,3,665660
123,pitcher,3,1,Reiver Sanmartin,DEFENSE,1.0,0.008130081300813009,0.3333333333333333,1,665665
497,pitcher,17,17,Edward Cabrera,DEFENSE,0.7647058823529411,0.026156941649899398,0.7647058823529411,13,665795
524,pitcher,21,21,Javier Assad,DEFENSE,0.8571428571428571,0.03435114503816794,0.8571428571428571,18,665871
56,pitcher,0,0,Carlos Cortes,DEFENSE,,0.0,,0,666126
64,pitcher,3,3,Braxton Garrett,DEFENSE,1.0,0.046875,1.0,3,666129
256,pitcher,13,13,Cole Ragans,DEFENSE,0.6923076923076923,0.03515625,0.6923076923076923,9,666142
611,pitcher,31,31,Nick Lodolo,DEFENSE,0.8064516129032258,0.04091653027823241,0.8064516129032258,25,666157
474,pitcher,14,11,Ryan Zeferjahn,DEFENSE,0.8181818181818182,0.0189873417721519,0.6428571428571429,9,666171
1008,pitcher,45,45,Jesús Luzardo,DEFENSE,0.7111111111111111,0.031746031746031744,0.7111111111111111,32,666200
74,pitcher,2,0,Alek Manoah,DEFENSE,,0.0,0.0,0,666201
375,pitcher,13,9,George Soriano,DEFENSE,0.6666666666666666,0.016,0.46153846153846156,6,666277
105,pitcher,6,5,Matt Brash,DEFENSE,0.8,0.0380952380952381,0.6666666666666666,4,666374
34,pitcher,4,4,Gregory Santos,DEFENSE,0.5,0.058823529411764705,0.5,2,666619
332,pitcher,21,18,Juan Morillo,DEFENSE,0.5555555555555556,0.030120481927710843,0.47619047619047616,10,666661
52,pitcher,4,2,Joel Peguero,DEFENSE,0.5,0.019230769230769232,0.25,1,666711
36,pitcher,0,0,Jhony Brito,DEFENSE,,0.0,,0,666745
371,pitcher,19,13,Camilo Doval,DEFENSE,0.7692307692307693,0.026954177897574125,0.5263157894736842,10,666808
265,pitcher,10,8,Yennier Cano,DEFENSE,0.75,0.022641509433962263,0.6,6,666974
302,pitcher,15,15,Tommy Nance,DEFENSE,0.5333333333333333,0.026490066225165563,0.5333333333333333,8,667297
251,pitcher,7,4,John King,DEFENSE,0.5,0.00796812749003984,0.2857142857142857,2,667463
57,pitcher,3,3,Jack Ralston,DEFENSE,0.6666666666666666,0.03508771929824561,0.6666666666666666,2,667652
999,pitcher,42,42,José Soriano,DEFENSE,0.7142857142857143,0.03003003003003003,0.7142857142857143,30,667755
263,pitcher,8,8,Cole Winn,DEFENSE,0.5,0.015209125475285171,0.5,4,668390
19,pitcher,0,0,Jake Rogers,DEFENSE,,0.0,,0,668670
313,pitcher,16,14,Lucas Erceg,DEFENSE,0.7857142857142857,0.03514376996805112,0.6875,11,668674
621,pitcher,20,19,Zac Gallen,DEFENSE,0.8421052631578947,0.02576489533011272,0.8,16,668678
26,pitcher,0,0,Noah Murdock,DEFENSE,,0.0,,0,668716
131,pitcher,4,4,Max Kranick,DEFENSE,0.5,0.015267175572519083,0.5,2,668820
46,pitcher,1,1,Garrett Stallings,DEFENSE,1.0,0.021739130434782608,1.0,1,668831
53,pitcher,2,2,Easton McGee,DEFENSE,1.0,0.03773584905660377,1.0,2,668834
274,pitcher,10,8,Caleb Kilian,DEFENSE,0.875,0.025547445255474453,0.7,7,668873
156,pitcher,8,8,Hunter Greene,DEFENSE,0.125,0.00641025641025641,0.125,1,668881
898,pitcher,38,37,Gavin Williams,DEFENSE,0.8648648648648649,0.035634743875278395,0.8421052631578947,32,668909
186,pitcher,15,13,Graham Ashcraft,DEFENSE,0.6153846153846154,0.043010752688172046,0.5333333333333333,8,668933
301,pitcher,10,10,JoJo Romero,DEFENSE,0.5,0.016611295681063124,0.5,5,668941
6,pitcher,0,0,Josh Rojas,DEFENSE,,0.0,,0,668942
246,pitcher,4,4,Tobias Myers,DEFENSE,0.5,0.008130081300813009,0.5,2,668964
98,pitcher,11,8,Gavin Hollowell,DEFENSE,0.5,0.04081632653061224,0.36363636363636365,4,668970
331,pitcher,15,14,Casey Legumina,DEFENSE,0.5,0.021148036253776436,0.4666666666666667,7,668984
333,pitcher,13,13,Ryan Rolison,DEFENSE,0.46153846153846156,0.018018018018018018,0.46153846153846156,6,669020
995,pitcher,39,39,MacKenzie Gore,DEFENSE,0.6410256410256411,0.02512562814070352,0.6410256410256411,25,669022
149,pitcher,8,5,Bryse Wilson,DEFENSE,0.8,0.026845637583892617,0.5,4,669060
353,pitcher,9,7,Erik Miller,DEFENSE,0.5714285714285714,0.0113314447592068,0.4444444444444444,4,669062
333,pitcher,16,13,DL Hall,DEFENSE,0.5384615384615384,0.021021021021021023,0.4375,7,669084
203,pitcher,7,5,Jeremiah Estrada,DEFENSE,0.6,0.014778325123152709,0.42857142857142855,3,669093
26,pitcher,0,0,Bruce Zimmermann,DEFENSE,,0.0,,0,669145
750,pitcher,39,39,Dustin May,DEFENSE,0.7692307692307693,0.04,0.7692307692307693,30,669160
245,pitcher,13,13,Kyle Hurt,DEFENSE,0.6153846153846154,0.0326530612244898,0.6153846153846154,8,669165
17,pitcher,0,0,Jonathan Heasley,DEFENSE,,0.0,,0,669169
422,pitcher,20,20,Ryne Nelson,DEFENSE,0.6,0.02843601895734597,0.6,12,669194
497,pitcher,17,15,Lake Bachar,DEFENSE,0.6,0.018108651911468814,0.5294117647058824,9,669199
22,pitcher,0,0,Corbin Burnes,DEFENSE,,0.0,,0,669203
150,pitcher,4,4,Keegan Akin,DEFENSE,1.0,0.02666666666666667,1.0,4,669211
121,pitcher,1,1,Eli Morgan,DEFENSE,0.0,0.0,0.0,0,669212
230,pitcher,9,8,Joel Kuhnel,DEFENSE,0.75,0.02608695652173913,0.6666666666666666,6,669270
318,pitcher,13,12,Dylan Lee,DEFENSE,0.4166666666666667,0.015723270440251572,0.38461538461538464,5,669276
47,pitcher,2,1,TJ Shook,DEFENSE,0.0,0.0,0.0,0,669298
923,pitcher,50,48,Logan Gilbert,DEFENSE,0.8125,0.04225352112676056,0.78,39,669302
54,pitcher,2,2,CJ Van Eyk,DEFENSE,0.5,0.018518518518518517,0.5,1,669310
330,pitcher,18,17,Tyler Wells,DEFENSE,0.6470588235294118,0.03333333333333333,0.6111111111111112,11,669330
982,pitcher,55,54,Shane Baz,DEFENSE,0.7962962962962963,0.04378818737270876,0.7818181818181819,43,669358
106,pitcher,1,1,Cole Henry,DEFENSE,0.0,0.0,0.0,0,669371
857,pitcher,30,29,J.T. Ginn,DEFENSE,0.6206896551724138,0.021003500583430573,0.6,18,669372
668,pitcher,25,23,Tarik Skubal,DEFENSE,0.7391304347826086,0.025449101796407185,0.68,17,669373
695,pitcher,37,34,Carmen Mlodzinski,DEFENSE,0.7647058823529411,0.03741007194244604,0.7027027027027027,26,669387
754,pitcher,35,35,Trevor Rogers,DEFENSE,0.7714285714285715,0.03580901856763926,0.7714285714285715,27,669432
190,pitcher,9,8,Mason Englert,DEFENSE,0.5,0.021052631578947368,0.4444444444444444,4,669438
375,pitcher,19,19,Shane Bieber,DEFENSE,0.47368421052631576,0.024,0.47368421052631576,9,669456
861,pitcher,33,33,Matthew Liberatore,DEFENSE,0.6666666666666666,0.025551684088269456,0.6666666666666666,22,669461
893,pitcher,43,43,Andre Pallante,DEFENSE,0.7906976744186046,0.03807390817469205,0.7906976744186046,34,669467
188,pitcher,9,9,Brady Basso,DEFENSE,0.7777777777777778,0.03723404255319149,0.7777777777777778,7,669620
176,pitcher,10,9,Anthony Bender,DEFENSE,0.5555555555555556,0.028409090909090908,0.5,5,669622
186,pitcher,11,8,Chris Murphy,DEFENSE,0.875,0.03763440860215054,0.6363636363636364,7,669684
36,pitcher,3,3,Kade Strowd,DEFENSE,1.0,0.08333333333333333,1.0,3,669704
308,pitcher,12,10,Greg Weissert,DEFENSE,0.5,0.016233766233766232,0.4166666666666667,5,669711
236,pitcher,7,6,Hayden Wesneski,DEFENSE,0.6666666666666666,0.01694915254237288,0.5714285714285714,4,669713
114,pitcher,4,4,Brenan Hanifee,DEFENSE,0.25,0.008771929824561403,0.25,1,669724
172,pitcher,7,6,Ronel Blanco,DEFENSE,0.8333333333333334,0.029069767441860465,0.7142857142857143,5,669854
111,pitcher,2,2,Jason Alexander,DEFENSE,1.0,0.018018018018018018,1.0,2,669920
805,pitcher,35,35,George Kirby,DEFENSE,0.8,0.034782608695652174,0.8,28,669923
251,pitcher,8,8,Jesse Scholtens,DEFENSE,0.75,0.02390438247011952,0.75,6,669947
9,pitcher,0,0,Nicky Lopez,DEFENSE,,0.0,,0,670032
362,pitcher,14,13,Matt Festa,DEFENSE,0.6153846153846154,0.022099447513812154,0.5714285714285714,8,670036
325,pitcher,13,11,Colin Holderman,DEFENSE,0.36363636363636365,0.012307692307692308,0.3076923076923077,4,670059
225,pitcher,16,15,Julian Garcia,DEFENSE,0.6666666666666666,0.044444444444444446,0.625,10,670062
64,pitcher,1,1,Wyatt Mills,DEFENSE,0.0,0.0,0.0,0,670090
3,pitcher,0,0,Zack Short,DEFENSE,,0.0,,0,670097
58,pitcher,0,0,Raymond Burgos,DEFENSE,,0.0,,0,670103
344,pitcher,12,12,John Schreiber,DEFENSE,0.8333333333333334,0.029069767441860465,0.8333333333333334,10,670167
73,pitcher,1,1,Garrett Acton,DEFENSE,0.0,0.0,0.0,0,670183
361,pitcher,16,12,Ryan Watson,DEFENSE,0.75,0.024930747922437674,0.5625,9,670245
338,pitcher,9,8,David Bednar,DEFENSE,0.625,0.014792899408284023,0.5555555555555556,5,670280
320,pitcher,13,13,Rico Garcia,DEFENSE,0.5384615384615384,0.021875,0.5384615384615384,7,670329
8,pitcher,1,1,Guillo Zuñiga,DEFENSE,0.0,0.0,0.0,0,670871
24,pitcher,0,0,Johan Oviedo,DEFENSE,,0.0,,0,670912
382,pitcher,12,11,Trevor Richards,DEFENSE,0.6363636363636364,0.01832460732984293,0.5833333333333334,7,670950
381,pitcher,22,17,Adrian Morejon,DEFENSE,0.6470588235294118,0.028871391076115485,0.5,11,670970
474,pitcher,27,23,Yohan Ramírez,DEFENSE,0.6521739130434783,0.03164556962025317,0.5555555555555556,15,670990
18,pitcher,0,0,Buddy Kennedy,DEFENSE,,0.0,,0,671083
979,pitcher,49,49,Andrew Abbott,DEFENSE,0.8163265306122449,0.04085801838610827,0.8163265306122449,40,671096
116,pitcher,5,4,Logan Allen,DEFENSE,0.5,0.017241379310344827,0.4,2,671106
20,pitcher,1,1,Jake Eder,DEFENSE,1.0,0.05,1.0,1,671109
66,pitcher,1,1,Sammy Peralta,DEFENSE,0.0,0.0,0.0,0,671111
14,pitcher,1,1,Jackson Rutledge,DEFENSE,1.0,0.07142857142857142,1.0,1,671131
102,pitcher,5,4,Connor Thomas,DEFENSE,0.5,0.0196078431372549,0.4,2,671162
129,pitcher,6,5,Joe Boyle,DEFENSE,1.0,0.03875968992248062,0.8333333333333334,5,671212
127,pitcher,7,7,Jason Foley,DEFENSE,0.7142857142857143,0.03937007874015748,0.7142857142857143,5,671345
73,pitcher,6,6,Cameron Foster,DEFENSE,1.0,0.0821917808219178,1.0,6,671382
1006,pitcher,57,57,Taj Bradley,DEFENSE,0.6140350877192983,0.03479125248508946,0.6140350877192983,35,671737
390,pitcher,23,14,Cade Smith,DEFENSE,0.14285714285714285,0.005128205128205128,0.08695652173913043,2,671922
184,pitcher,7,7,Adam Macko,DEFENSE,0.42857142857142855,0.016304347826086956,0.42857142857142855,3,671936
66,pitcher,1,1,Eric Cerantola,DEFENSE,1.0,0.015151515151515152,1.0,1,672021
913,pitcher,56,54,Reid Detmers,DEFENSE,0.8148148148148148,0.04819277108433735,0.7857142857142857,44,672282
256,pitcher,13,10,Cionel Pérez,DEFENSE,0.9,0.03515625,0.6923076923076923,9,672335
65,pitcher,7,5,Yovanny Cruz,DEFENSE,0.8,0.06153846153846154,0.5714285714285714,4,672442
743,pitcher,39,38,Keider Montero,DEFENSE,0.6842105263157895,0.034993270524899055,0.6666666666666666,26,672456
20,pitcher,0,0,Carlos Hernández,DEFENSE,,0.0,,0,672578
81,pitcher,5,5,Angel Zerpa,DEFENSE,0.4,0.024691358024691357,0.4,2,672582
137,pitcher,4,4,Gerardo Carrillo,DEFENSE,0.5,0.014598540145985401,0.5,2,672629
388,pitcher,20,13,Yoendrys Gómez,DEFENSE,0.46153846153846156,0.015463917525773196,0.3,6,672782
50,pitcher,1,1,Carlos Vargas,DEFENSE,1.0,0.02,1.0,1,672841
41,pitcher,2,1,Dedniel Núñez,DEFENSE,0.0,0.0,0.0,0,673380
361,pitcher,9,6,Yuki Matsui,DEFENSE,0.8333333333333334,0.013850415512465374,0.5555555555555556,5,673513
427,pitcher,16,15,Kodai Senga,DEFENSE,0.6666666666666666,0.0234192037470726,0.625,10,673540
116,pitcher,2,2,Jordan Leasure,DEFENSE,0.5,0.008620689655172414,0.5,1,673929
175,pitcher,10,10,Cody Bradford,DEFENSE,0.8,0.045714285714285714,0.8,8,674003
31,pitcher,0,0,Jack Weisenburger,DEFENSE,,0.0,,0,674073
116,pitcher,2,2,Osvaldo Bido,DEFENSE,0.5,0.008620689655172414,0.5,1,674370
291,pitcher,19,18,Steven Cruz,DEFENSE,0.6666666666666666,0.041237113402061855,0.631578947368421,12,674444
610,pitcher,30,26,Andrew Alvarez,DEFENSE,0.6538461538461539,0.027868852459016394,0.5666666666666667,17,674841
562,pitcher,24,24,Troy Melton,DEFENSE,0.75,0.03202846975088968,0.75,18,675512
109,pitcher,4,2,Xzavion Curry,DEFENSE,0.5,0.009174311926605505,0.25,1,675540
25,pitcher,0,0,Michael Grove,DEFENSE,,0.0,,0,675627
645,pitcher,40,40,Shane Drohan,DEFENSE,0.75,0.046511627906976744,0.75,30,675660
425,pitcher,17,15,Juan Mejia,DEFENSE,0.6,0.021176470588235293,0.5294117647058824,9,675848
268,pitcher,13,13,Spencer Strider,DEFENSE,0.5384615384615384,0.026119402985074626,0.5384615384615384,7,675911
65,pitcher,2,2,James Karinchak,DEFENSE,1.0,0.03076923076923077,1.0,2,675916
27,pitcher,0,0,Nick Raquet,DEFENSE,,0.0,,0,675919
11,pitcher,1,1,Seth Lonsway,DEFENSE,1.0,0.09090909090909091,1.0,1,675920
154,pitcher,8,8,Cody Bolton,DEFENSE,0.875,0.045454545454545456,0.875,7,675989
77,pitcher,4,3,Codi Heuer,DEFENSE,0.6666666666666666,0.025974025974025976,0.5,2,676051
603,pitcher,35,34,Janson Junk,DEFENSE,0.7352941176470589,0.04145936981757877,0.7142857142857143,25,676083
35,pitcher,1,1,Jeff Criswell,DEFENSE,1.0,0.02857142857142857,1.0,1,676105
744,pitcher,30,30,Emerson Hancock,DEFENSE,0.8,0.03225806451612903,0.8,24,676106
33,pitcher,1,1,José Buttó,DEFENSE,1.0,0.030303030303030304,1.0,1,676130
232,pitcher,8,8,Ryan Walker,DEFENSE,0.5,0.017241379310344827,0.5,4,676254
320,pitcher,11,11,Jack Dreyer,DEFENSE,0.6363636363636364,0.021875,0.6363636363636364,7,676263
23,pitcher,1,1,Bobby Miller,DEFENSE,0.0,0.0,0.0,0,676272
967,pitcher,47,45,Joey Cantillo,DEFENSE,0.6222222222222222,0.028955532574974147,0.5957446808510638,28,676282
64,pitcher,3,3,Robert Garcia,DEFENSE,1.0,0.046875,1.0,3,676395
140,pitcher,9,8,Brant Hurter,DEFENSE,0.75,0.04285714285714286,0.6666666666666666,6,676428
961,pitcher,40,33,Tanner Bibee,DEFENSE,0.696969696969697,0.023933402705515087,0.575,23,676440
71,pitcher,1,1,Colton Gordon,DEFENSE,1.0,0.014084507042253521,1.0,1,676467
198,pitcher,15,12,Garrett Whitlock,DEFENSE,0.75,0.045454545454545456,0.6,9,676477
39,pitcher,2,1,Ben Casparius,DEFENSE,1.0,0.02564102564102564,0.5,1,676508
59,pitcher,3,3,Nolan Hoffman,DEFENSE,0.6666666666666666,0.03389830508474576,0.6666666666666666,2,676510
408,pitcher,14,11,Calvin Faucher,DEFENSE,0.36363636363636365,0.00980392156862745,0.2857142857142857,4,676534
67,pitcher,3,3,Ricky Vanasco,DEFENSE,1.0,0.04477611940298507,1.0,3,676568
254,pitcher,14,13,PJ Poulin,DEFENSE,0.7692307692307693,0.03937007874015748,0.7142857142857143,10,676571
31,pitcher,2,2,Josh Fleming,DEFENSE,1.0,0.06451612903225806,1.0,2,676596
201,pitcher,14,14,Tyler Zuber,DEFENSE,0.5,0.03482587064676617,0.5,7,676604
367,pitcher,12,9,Riley O'Brien,DEFENSE,0.4444444444444444,0.010899182561307902,0.3333333333333333,4,676617
56,pitcher,4,4,Blake Weiman,DEFENSE,0.5,0.03571428571428571,0.5,2,676620
44,pitcher,1,1,Max Lazar,DEFENSE,1.0,0.022727272727272728,1.0,1,676661
201,pitcher,9,9,JP Sears,DEFENSE,0.7777777777777778,0.03482587064676617,0.7777777777777778,7,676664
84,pitcher,1,1,Tom Cosgrove,DEFENSE,1.0,0.011904761904761904,1.0,1,676680
168,pitcher,7,6,Will Vest,DEFENSE,0.8333333333333334,0.02976190476190476,0.7142857142857143,5,676684
4,pitcher,0,0,Jake Meyers,DEFENSE,,0.0,,0,676694
15,pitcher,1,1,Hunter Stratton,DEFENSE,1.0,0.06666666666666667,1.0,1,676702
188,pitcher,9,9,Cam Sanders,DEFENSE,0.5555555555555556,0.026595744680851064,0.5555555555555556,5,676742
258,pitcher,10,10,Isaac Mattson,DEFENSE,0.6,0.023255813953488372,0.6,6,676755
409,pitcher,11,11,Ron Marinaccio,DEFENSE,0.7272727272727273,0.019559902200488997,0.7272727272727273,8,676760
226,pitcher,7,6,Keaton Winn,DEFENSE,0.5,0.01327433628318584,0.42857142857142855,3,676775
557,pitcher,23,19,Aaron Ashby,DEFENSE,0.5263157894736842,0.017953321364452424,0.43478260869565216,10,676879
20,pitcher,1,1,Matt Seelinger,DEFENSE,1.0,0.05,1.0,1,676910
896,pitcher,42,42,Cade Cavalli,DEFENSE,0.5952380952380952,0.027901785714285716,0.5952380952380952,25,676917
355,pitcher,21,18,Ben Brown,DEFENSE,0.5,0.02535211267605634,0.42857142857142855,9,676962
644,pitcher,32,32,Max Meyer,DEFENSE,0.6875,0.034161490683229816,0.6875,22,676974
186,pitcher,5,5,Garrett Crochet,DEFENSE,0.6,0.016129032258064516,0.6,3,676979
128,pitcher,5,4,Josh Walker,DEFENSE,0.75,0.0234375,0.6,3,677020
136,pitcher,11,10,Andrew Nardi,DEFENSE,0.3,0.022058823529411766,0.2727272727272727,3,677053
112,pitcher,8,8,Zack Kelly,DEFENSE,0.875,0.0625,0.875,7,677161
7,pitcher,0,0,José Tena,DEFENSE,,0.0,,0,677588
419,pitcher,18,18,Justin Bruihl,DEFENSE,0.7777777777777778,0.03341288782816229,0.7777777777777778,14,677865
690,pitcher,27,25,Slade Cecconi,DEFENSE,0.76,0.02753623188405797,0.7037037037037037,19,677944
723,pitcher,47,44,Braxton Ashcraft,DEFENSE,0.8181818181818182,0.04979253112033195,0.7659574468085106,36,677952
220,pitcher,9,6,Jaden Hill,DEFENSE,0.8333333333333334,0.022727272727272728,0.5555555555555556,5,677955
876,pitcher,44,42,Kumar Rocker,DEFENSE,0.8571428571428571,0.0410958904109589,0.8181818181818182,36,677958
824,pitcher,35,35,Ryan Weathers,DEFENSE,0.7428571428571429,0.03155339805825243,0.7428571428571429,26,677960
176,pitcher,9,7,Cole Wilcox,DEFENSE,0.42857142857142855,0.017045454545454544,0.3333333333333333,3,677961
402,pitcher,11,11,Randy Dobnak,DEFENSE,0.8181818181818182,0.022388059701492536,0.8181818181818182,9,677976
184,pitcher,5,4,Seth Halvorsen,DEFENSE,0.5,0.010869565217391304,0.4,2,678020
654,pitcher,40,38,Jack Perkins,DEFENSE,0.631578947368421,0.03669724770642202,0.6,24,678022
38,pitcher,4,3,Ray Kerr,DEFENSE,1.0,0.07894736842105263,0.75,3,678061
66,pitcher,2,2,Valente Bellozo,DEFENSE,1.0,0.030303030303030304,1.0,2,678368
19,pitcher,0,0,Jorbit Vivas,DEFENSE,,0.0,,0,678391
617,pitcher,27,27,Brayan Bello,DEFENSE,0.7407407407407407,0.03241491085899514,0.7407407407407407,20,678394
25,pitcher,1,1,Wilkin Ramos,DEFENSE,1.0,0.04,1.0,1,678576
317,pitcher,20,17,José A. Ferrer,DEFENSE,0.6470588235294118,0.03470031545741325,0.55,11,678606
64,pitcher,6,6,Eddy Yean,DEFENSE,0.5,0.046875,0.5,3,678868
462,pitcher,25,24,Kai-Wei Teng,DEFENSE,0.8333333333333334,0.04329004329004329,0.8,20,678906
243,pitcher,8,7,Eric Orze,DEFENSE,0.42857142857142855,0.012345679012345678,0.375,3,679358
120,pitcher,2,2,Kyle Backhus,DEFENSE,1.0,0.016666666666666666,1.0,2,679775
530,pitcher,29,29,Luinder Avila,DEFENSE,0.6206896551724138,0.033962264150943396,0.6206896551724138,18,679883
59,pitcher,6,6,Justin Martinez,DEFENSE,0.8333333333333334,0.0847457627118644,0.8333333333333334,5,679885
19,pitcher,0,0,Carlos Duran,DEFENSE,,0.0,,0,679922
7,pitcher,0,0,Max Schuemann,DEFENSE,,0.0,,0,680474
527,pitcher,26,26,Grayson Rodriguez,DEFENSE,0.6923076923076923,0.03415559772296015,0.6923076923076923,18,680570
476,pitcher,27,27,Simeon Woods Richardson,DEFENSE,0.7407407407407407,0.04201680672268908,0.7407407407407407,20,680573
140,pitcher,4,3,Blas Castaño,DEFENSE,0.3333333333333333,0.007142857142857143,0.25,1,680604
32,pitcher,1,1,Lyon Richardson,DEFENSE,1.0,0.03125,1.0,1,680689
983,pitcher,35,32,Kyle Bradish,DEFENSE,0.71875,0.023397761953204477,0.6571428571428571,23,680694
50,pitcher,3,3,Joey Gerber,DEFENSE,0.6666666666666666,0.04,0.6666666666666666,2,680702
69,pitcher,1,0,Nick Sandlin,DEFENSE,,0.0,0.0,0,680704
89,pitcher,4,4,Drew Rom,DEFENSE,0.25,0.011235955056179775,0.25,1,680723
2,pitcher,0,0,Adrian Del Castillo,DEFENSE,,0.0,,0,680728
223,pitcher,8,7,Mitchell Parker,DEFENSE,0.7142857142857143,0.02242152466367713,0.625,5,680730
870,pitcher,36,34,Sean Burke,DEFENSE,0.6176470588235294,0.02413793103448276,0.5833333333333334,21,680732
652,pitcher,46,46,Justin Wrobleski,DEFENSE,0.8913043478260869,0.06288343558282208,0.8913043478260869,41,680736
319,pitcher,14,13,Jonathan Bowlan,DEFENSE,0.7692307692307693,0.03134796238244514,0.7142857142857143,10,680742
240,pitcher,5,3,Ty Madden,DEFENSE,0.6666666666666666,0.008333333333333333,0.4,2,680744
431,pitcher,15,11,Braydon Fisher,DEFENSE,0.6363636363636364,0.016241299303944315,0.4666666666666667,7,680755
337,pitcher,10,8,Victor Vodnik,DEFENSE,0.625,0.01483679525222552,0.5,5,680767
209,pitcher,8,5,Ryan Weiss,DEFENSE,0.6,0.014354066985645933,0.375,3,680802
42,pitcher,2,2,Erik Tolman,DEFENSE,0.5,0.023809523809523808,0.5,1,680899
148,pitcher,4,3,Franco Aleman,DEFENSE,0.6666666666666666,0.013513513513513514,0.5,2,680916
22,pitcher,0,0,Doug Nikhazy,DEFENSE,,0.0,,0,680951
59,pitcher,2,2,Josh Simpson,DEFENSE,1.0,0.03389830508474576,1.0,2,681006
636,pitcher,26,25,Christian Scott,DEFENSE,0.68,0.026729559748427674,0.6538461538461539,17,681035
20,pitcher,0,0,Tanner Andrews,DEFENSE,,0.0,,0,681084
115,pitcher,7,4,Jayden Murray,DEFENSE,0.75,0.02608695652173913,0.42857142857142855,3,681151
59,pitcher,4,1,Luis Curvelo,DEFENSE,1.0,0.01694915254237288,0.25,1,681168
713,pitcher,33,33,Randy Vásquez,DEFENSE,0.6666666666666666,0.030855539971949508,0.6666666666666666,22,681190
375,pitcher,18,18,Chase Silseth,DEFENSE,0.6666666666666666,0.032,0.6666666666666666,12,681217
58,pitcher,1,1,Jack Anderson,DEFENSE,1.0,0.017241379310344827,1.0,1,681252
704,pitcher,28,28,Spencer Arrighetti,DEFENSE,0.75,0.029829545454545456,0.75,21,681293
57,pitcher,4,4,Nate Lavender,DEFENSE,0.75,0.05263157894736842,0.75,3,681320
89,pitcher,4,4,Shane Smith,DEFENSE,0.25,0.011235955056179775,0.25,1,681343
556,pitcher,24,24,Mike Burrows,DEFENSE,0.5,0.02158273381294964,0.5,12,681347
184,pitcher,13,8,Gus Varland,DEFENSE,0.375,0.016304347826086956,0.23076923076923078,3,681402
5,pitcher,0,0,Luke Little,DEFENSE,,0.0,,0,681432
799,pitcher,36,36,Kyle Leahy,DEFENSE,0.8888888888888888,0.04005006257822278,0.8888888888888888,32,681517
8,pitcher,0,0,Antoine Kelly,DEFENSE,,0.0,,0,681520
75,pitcher,1,0,Wyatt Olds,DEFENSE,,0.0,0.0,0,681544
147,pitcher,1,1,Ryan Fernandez,DEFENSE,0.0,0.0,0.0,0,681676
91,pitcher,5,4,Lazaro Estrada,DEFENSE,0.5,0.02197802197802198,0.4,2,681751
171,pitcher,9,9,Ethan Roberts,DEFENSE,0.8888888888888888,0.04678362573099415,0.8888888888888888,8,681799
28,pitcher,2,2,Andrew Wantz,DEFENSE,0.5,0.03571428571428571,0.5,1,681806
308,pitcher,5,5,Austin Warren,DEFENSE,0.8,0.012987012987012988,0.8,4,681810
170,pitcher,6,5,Cooper Criswell,DEFENSE,0.6,0.01764705882352941,0.5,3,681867
267,pitcher,13,12,Erik Sabrowski,DEFENSE,0.5,0.02247191011235955,0.46153846153846156,6,681870
312,pitcher,15,9,Kody Funderburk,DEFENSE,0.4444444444444444,0.01282051282051282,0.26666666666666666,4,681892
323,pitcher,13,12,Evan Sisk,DEFENSE,0.8333333333333334,0.030959752321981424,0.7692307692307693,10,681895
334,pitcher,12,10,Alex Vesia,DEFENSE,0.7,0.020958083832335328,0.5833333333333334,7,681911
209,pitcher,16,12,Dylan Smith,DEFENSE,0.5,0.028708133971291867,0.375,6,681916
335,pitcher,9,8,Grant Anderson,DEFENSE,1.0,0.023880597014925373,0.8888888888888888,8,681982
756,pitcher,50,49,Jacob Lopez,DEFENSE,0.6530612244897959,0.042328042328042326,0.64,32,682052
321,pitcher,9,8,Tim Herrin,DEFENSE,0.75,0.018691588785046728,0.6666666666666666,6,682120
280,pitcher,15,15,Brandon Williamson,DEFENSE,0.9333333333333333,0.05,0.9333333333333333,14,682227
523,pitcher,18,16,Bryce Miller,DEFENSE,0.6875,0.021032504780114723,0.6111111111111112,11,682243
350,pitcher,10,10,Mason Montgomery,DEFENSE,0.6,0.017142857142857144,0.6,6,682254
53,pitcher,4,3,Yaramil Hiraldo,DEFENSE,1.0,0.05660377358490566,0.75,3,682274
52,pitcher,1,0,Domingo Gonzalez,DEFENSE,,0.0,0.0,0,682445
302,pitcher,16,16,Peyton Gray,DEFENSE,0.5625,0.029801324503311258,0.5625,9,682608
51,pitcher,0,0,Roddery Muñoz,DEFENSE,,0.0,,0,682610
14,pitcher,2,0,Luisangel Acuña,DEFENSE,,0.0,0.0,0,682668
10,pitcher,0,0,Eiberson Castellano,DEFENSE,,0.0,,0,682769
204,pitcher,12,12,Luis Mey,DEFENSE,0.75,0.04411764705882353,0.75,9,682825
296,pitcher,15,12,Abner Uribe,DEFENSE,0.4166666666666667,0.016891891891891893,0.3333333333333333,5,682842
67,pitcher,4,3,Daniel Espino,DEFENSE,0.6666666666666666,0.029850746268656716,0.5,2,682982
184,pitcher,6,5,Victor Mederos,DEFENSE,0.6,0.016304347826086956,0.5,3,682989
151,pitcher,9,8,Hunter Barco,DEFENSE,0.875,0.046357615894039736,0.7777777777777778,7,682995
27,pitcher,0,0,Tyler Callihan,DEFENSE,,0.0,,0,682997
190,pitcher,10,7,Riley Cornelio,DEFENSE,1.0,0.03684210526315789,0.7,7,683000
478,pitcher,25,25,Jared Jones,DEFENSE,0.72,0.03765690376569038,0.72,18,683003
506,pitcher,23,23,Jack Leiter,DEFENSE,0.6956521739130435,0.03162055335968379,0.6956521739130435,16,683004
25,pitcher,3,3,Joey Estes,DEFENSE,0.6666666666666666,0.08,0.6666666666666666,2,683155
230,pitcher,8,7,Connor Phillips,DEFENSE,0.5714285714285714,0.017391304347826087,0.5,4,683175
134,pitcher,7,7,Nick Mears,DEFENSE,0.5714285714285714,0.029850746268656716,0.5714285714285714,4,683232
280,pitcher,19,19,Mitch Bratt,DEFENSE,0.5789473684210527,0.039285714285714285,0.5789473684210527,11,683352
102,pitcher,9,9,Matt Wilkinson,DEFENSE,0.7777777777777778,0.06862745098039216,0.7777777777777778,7,683363
108,pitcher,1,1,Angel Chivilli,DEFENSE,0.0,0.0,0.0,0,683409
340,pitcher,18,15,Edgardo Henriquez,DEFENSE,0.6666666666666666,0.029411764705882353,0.5555555555555556,10,683618
104,pitcher,2,2,Anthony Molina,DEFENSE,1.0,0.019230769230769232,1.0,2,683627
43,pitcher,1,0,Andrew Vaughn,DEFENSE,,0.0,0.0,0,683734
147,pitcher,5,5,Jose Franco,DEFENSE,0.4,0.013605442176870748,0.4,2,683742
11,pitcher,0,0,Christian Koss,DEFENSE,,0.0,,0,683766
298,pitcher,10,9,Hunter Gaddis,DEFENSE,0.6666666666666666,0.020134228187919462,0.6,6,683769
867,pitcher,38,38,Shota Imanaga,DEFENSE,0.8157894736842105,0.03575547866205306,0.8157894736842105,31,684007
117,pitcher,4,3,Brandan Bidois,DEFENSE,1.0,0.02564102564102564,0.75,3,684049
72,pitcher,4,4,Yariel Rodríguez,DEFENSE,0.75,0.041666666666666664,0.75,3,684320
154,pitcher,9,9,Kohl Drake,DEFENSE,0.5555555555555556,0.032467532467532464,0.5555555555555556,5,684442
16,pitcher,0,0,Hancel Rincon,DEFENSE,,0.0,,0,684516
110,pitcher,1,1,Luke Murphy,DEFENSE,0.0,0.0,0.0,0,684665
202,pitcher,6,5,Craig Yoho,DEFENSE,0.4,0.009900990099009901,0.3333333333333333,2,684974
76,pitcher,6,5,Christian Roa,DEFENSE,1.0,0.06578947368421052,0.8333333333333334,5,685005
63,pitcher,4,4,Zach McCambley,DEFENSE,0.75,0.047619047619047616,0.75,3,685112
276,pitcher,9,9,Brandon Eisert,DEFENSE,0.5555555555555556,0.018115942028985508,0.5555555555555556,5,685126
451,pitcher,28,28,Tanner Gordon,DEFENSE,0.6785714285714286,0.04212860310421286,0.6785714285714286,19,685299
41,pitcher,2,2,Cade Winquest,DEFENSE,1.0,0.04878048780487805,1.0,2,685464
131,pitcher,7,6,Hunter Bigge,DEFENSE,0.5,0.022900763358778626,0.42857142857142855,3,685801
619,pitcher,25,25,Emmet Sheehan,DEFENSE,0.8,0.03231017770597738,0.8,20,686218
17,pitcher,2,2,Juan Burgos,DEFENSE,1.0,0.11764705882352941,1.0,2,686228
45,pitcher,4,0,Tyler Tolbert,DEFENSE,,0.0,0.0,0,686475
184,pitcher,9,9,Gavin Collyer,DEFENSE,1.0,0.04891304347826087,1.0,9,686560
34,pitcher,1,1,Jonathan Cannon,DEFENSE,1.0,0.029411764705882353,1.0,1,686563
164,pitcher,9,8,Justin Slaten,DEFENSE,1.0,0.04878048780487805,0.8888888888888888,8,686580
61,pitcher,1,1,Ken Waldichuk,DEFENSE,0.0,0.0,0.0,0,686610
626,pitcher,34,34,Hunter Brown,DEFENSE,0.7352941176470589,0.039936102236421724,0.7352941176470589,25,686613
11,pitcher,0,0,Blake Burkhalter,DEFENSE,,0.0,,0,686628
19,pitcher,0,0,Chase Solesky,DEFENSE,,0.0,,0,686678
3,pitcher,0,0,Joe La Sorsa,DEFENSE,,0.0,,0,686747
169,pitcher,4,4,Seth Johnson,DEFENSE,0.5,0.011834319526627219,0.5,2,686751
110,pitcher,5,5,Drey Jameson,DEFENSE,0.4,0.01818181818181818,0.4,2,686753
4,pitcher,0,0,Pedro Pagés,DEFENSE,,0.0,,0,686780
400,pitcher,17,17,Trevor McDonald,DEFENSE,1.0,0.0425,1.0,17,686790
20,pitcher,1,1,Blake Walston,DEFENSE,1.0,0.05,1.0,1,686796
435,pitcher,23,23,Jack Kochanowicz,DEFENSE,0.7391304347826086,0.03908045977011494,0.7391304347826086,17,686799
19,pitcher,0,0,Joey Wiemer,DEFENSE,,0.0,,0,686894
295,pitcher,7,7,Mason Barnett,DEFENSE,0.7142857142857143,0.01694915254237288,0.7142857142857143,5,686930
67,pitcher,3,3,Alex McFarlane,DEFENSE,0.6666666666666666,0.029850746268656716,0.6666666666666666,2,686934
379,pitcher,13,11,Louis Varland,DEFENSE,0.36363636363636365,0.010554089709762533,0.3076923076923077,4,686973
264,pitcher,15,14,Justin Sterner,DEFENSE,0.7857142857142857,0.041666666666666664,0.7333333333333333,11,686993
15,pitcher,0,0,Blake Adams,DEFENSE,,0.0,,0,687060
795,pitcher,37,37,Brandon Young,DEFENSE,0.972972972972973,0.045283018867924525,0.972972972972973,36,687064
677,pitcher,42,40,Brandon Sproat,DEFENSE,0.65,0.03840472673559823,0.6190476190476191,26,687075
33,pitcher,1,1,Bradley Blalock,DEFENSE,1.0,0.030303030303030304,1.0,1,687134
115,pitcher,9,9,Zach Maxwell,DEFENSE,0.7777777777777778,0.06086956521739131,0.7777777777777778,7,687209
108,pitcher,4,4,Carson Palmquist,DEFENSE,0.75,0.027777777777777776,0.75,3,687223
100,pitcher,4,2,Ben Peoples,DEFENSE,0.5,0.01,0.25,1,687239
228,pitcher,5,5,Quinn Mathews,DEFENSE,1.0,0.021929824561403508,1.0,5,687273
25,pitcher,1,1,Patrick Monteverde,DEFENSE,1.0,0.04,1.0,1,687287
14,pitcher,1,1,Cooper Hjerpe,DEFENSE,0.0,0.0,0.0,0,687309
358,pitcher,13,13,Gabriel Hughes,DEFENSE,0.5384615384615384,0.019553072625698324,0.5384615384615384,7,687312
289,pitcher,11,11,Kevin Kelly,DEFENSE,0.45454545454545453,0.01730103806228374,0.45454545454545453,5,687330
264,pitcher,8,8,Orlando Ribalta,DEFENSE,0.625,0.01893939393939394,0.625,5,687377
373,pitcher,7,7,Brent Headrick,DEFENSE,0.42857142857142855,0.00804289544235925,0.42857142857142855,3,687396
377,pitcher,26,26,Ryan Gusto,DEFENSE,0.46153846153846156,0.03183023872679045,0.46153846153846156,12,687473
73,pitcher,3,3,William Kempner,DEFENSE,0.0,0.0,0.0,0,687531
466,pitcher,23,23,Jake Bennett,DEFENSE,0.7391304347826086,0.03648068669527897,0.7391304347826086,17,687562
654,pitcher,34,34,Connor Prielipp,DEFENSE,0.7058823529411765,0.03669724770642202,0.7058823529411765,24,687570
225,pitcher,5,5,Paxton Schultz,DEFENSE,0.6,0.013333333333333334,0.6,3,687606
6,pitcher,1,0,Cameron Weston,DEFENSE,,0.0,0.0,0,687721
81,pitcher,2,2,Mitch Spence,DEFENSE,1.0,0.024691358024691357,1.0,2,687765
105,pitcher,3,2,Zak Kent,DEFENSE,0.0,0.0,0.0,0,687849
10,pitcher,0,0,Troy Johnston,DEFENSE,,0.0,,0,687859
319,pitcher,18,13,Bryan King,DEFENSE,0.5384615384615384,0.0219435736677116,0.3888888888888889,7,687911
239,pitcher,9,9,Carson Whisenhunt,DEFENSE,0.6666666666666666,0.02510460251046025,0.6666666666666666,6,687931
125,pitcher,3,3,Alec Gamboa,DEFENSE,0.3333333333333333,0.008,0.3333333333333333,1,687941
22,pitcher,0,0,Josh White,DEFENSE,,0.0,,0,687985
514,pitcher,25,25,Robert Gasser,DEFENSE,0.56,0.027237354085603113,0.56,14,688107
167,pitcher,13,13,David Morgan,DEFENSE,0.6923076923076923,0.05389221556886228,0.6923076923076923,9,688158
204,pitcher,10,8,Chris Roycroft,DEFENSE,1.0,0.0392156862745098,0.8,8,688297
29,pitcher,2,2,Taylor Rashi,DEFENSE,1.0,0.06896551724137931,1.0,2,688497
467,pitcher,14,13,Zach Agnos,DEFENSE,0.7692307692307693,0.021413276231263382,0.7142857142857143,10,688642
30,pitcher,1,1,Jared Simpson,DEFENSE,0.0,0.0,0.0,0,688692
180,pitcher,5,3,Peyton Pallette,DEFENSE,1.0,0.016666666666666666,0.6,3,688883
43,pitcher,3,1,Landon Knack,DEFENSE,1.0,0.023255813953488372,0.3333333333333333,1,689017
381,pitcher,17,15,Orion Kerkering,DEFENSE,0.8666666666666667,0.03412073490813648,0.7647058823529411,13,689147
74,pitcher,2,2,Chad Dallas,DEFENSE,1.0,0.02702702702702703,1.0,2,689149
78,pitcher,4,4,Beau Brieske,DEFENSE,0.25,0.01282051282051282,0.25,1,689225
339,pitcher,22,21,Mason Fluharty,DEFENSE,0.7142857142857143,0.04424778761061947,0.6818181818181818,15,689254
250,pitcher,7,7,Dylan Dodd,DEFENSE,0.7142857142857143,0.02,0.7142857142857143,5,689266
330,pitcher,10,9,Anthony Nunez,DEFENSE,0.7777777777777778,0.021212121212121213,0.7,7,689296
93,pitcher,6,6,Coleman Crow,DEFENSE,0.6666666666666666,0.043010752688172046,0.6666666666666666,4,689441
104,pitcher,4,4,Cody Laweryson,DEFENSE,0.25,0.009615384615384616,0.25,1,689520
152,pitcher,8,6,Nick Davila,DEFENSE,0.8333333333333334,0.03289473684210526,0.625,5,689546
30,pitcher,1,1,Alek Jacob,DEFENSE,0.0,0.0,0.0,0,689690
157,pitcher,5,5,David Sandlin,DEFENSE,0.8,0.025477707006369428,0.8,4,689818
48,pitcher,1,1,Matt Pushard,DEFENSE,1.0,0.020833333333333332,1.0,1,690155
79,pitcher,3,3,Mason Adams,DEFENSE,0.0,0.0,0.0,0,690279
24,pitcher,0,0,Bradley Hanner,DEFENSE,,0.0,,0,690440
73,pitcher,5,5,Ben Joyce,DEFENSE,0.8,0.0547945205479452,0.8,4,690829
310,pitcher,8,4,Clayton Beeter,DEFENSE,0.0,0.0,0.0,0,690925
360,pitcher,13,12,Hunter Dobbins,DEFENSE,0.75,0.025,0.6923076923076923,9,690928
116,pitcher,12,11,Mick Abel,DEFENSE,0.7272727272727273,0.06896551724137931,0.6666666666666666,8,690953
144,pitcher,7,5,Dax Fulton,DEFENSE,0.6,0.020833333333333332,0.42857142857142855,3,690978
676,pitcher,42,39,Kyle Harrison,DEFENSE,0.6923076923076923,0.03994082840236687,0.6428571428571429,27,690986
31,pitcher,1,1,Cade Horton,DEFENSE,1.0,0.03225806451612903,1.0,1,690990
968,pitcher,41,41,Nolan McLean,DEFENSE,0.7804878048780488,0.03305785123966942,0.7804878048780488,32,690997
66,pitcher,0,0,Max Rajcic,DEFENSE,,0.0,,0,691008
53,pitcher,4,4,Luis Perales,DEFENSE,0.75,0.05660377358490566,0.75,3,691384
18,pitcher,0,0,Rolddy Muñoz,DEFENSE,,0.0,,0,691548
862,pitcher,28,27,Eury Pérez,DEFENSE,0.5555555555555556,0.01740139211136891,0.5357142857142857,15,691587
25,pitcher,0,0,Javier Sanoja,DEFENSE,,0.0,,0,691594
663,pitcher,41,41,Andrew Painter,DEFENSE,0.7317073170731707,0.04524886877828054,0.7317073170731707,30,691725
100,pitcher,2,2,Philip Abner,DEFENSE,1.0,0.02,1.0,2,691769
397,pitcher,18,14,Grant Taylor,DEFENSE,0.35714285714285715,0.012594458438287154,0.2777777777777778,5,691799
46,pitcher,1,1,Carter Baumler,DEFENSE,1.0,0.021739130434782608,1.0,1,691945
203,pitcher,12,12,George Klassen,DEFENSE,0.6666666666666666,0.03940886699507389,0.6666666666666666,8,691946
234,pitcher,10,10,Sam Aldegheri,DEFENSE,0.6,0.02564102564102564,0.6,6,691951
44,pitcher,2,2,Jose Corniell,DEFENSE,0.0,0.0,0.0,0,692030
73,pitcher,3,3,Carlos Rodriguez,DEFENSE,1.0,0.0410958904109589,1.0,3,692230
12,pitcher,0,0,Winston Santos,DEFENSE,,0.0,,0,692437
90,pitcher,3,1,Nick Frasso,DEFENSE,1.0,0.011111111111111112,0.3333333333333333,1,693308
103,pitcher,4,3,Kyle Nicolas,DEFENSE,1.0,0.02912621359223301,0.75,3,693312
168,pitcher,3,3,Carson Seymour,DEFENSE,1.0,0.017857142857142856,1.0,3,693313
780,pitcher,44,44,Bryan Woo,DEFENSE,0.6590909090909091,0.03717948717948718,0.6590909090909091,29,693433
906,pitcher,33,32,Cam Schlittler,DEFENSE,0.71875,0.025386313465783666,0.696969696969697,23,693645
449,pitcher,22,21,Spencer Miles,DEFENSE,0.8095238095238095,0.0378619153674833,0.7727272727272727,17,693686
16,pitcher,0,0,Emiliano Teodo,DEFENSE,,0.0,,0,693713
832,pitcher,40,40,Bryce Elder,DEFENSE,0.75,0.036057692307692304,0.75,30,693821
606,pitcher,28,25,Ian Seymour,DEFENSE,0.64,0.026402640264026403,0.5714285714285714,16,693855
149,pitcher,7,7,Daniel Palencia,DEFENSE,0.5714285714285714,0.026845637583892617,0.5714285714285714,4,694037
603,pitcher,21,21,Brandon Pfaadt,DEFENSE,0.7619047619047619,0.026533996683250415,0.7619047619047619,16,694297
289,pitcher,19,17,Matt Svanson,DEFENSE,0.8235294117647058,0.04844290657439446,0.7368421052631579,14,694335
63,pitcher,0,0,Brendan Beck,DEFENSE,,0.0,,0,694341
246,pitcher,14,14,Trey Gibson,DEFENSE,0.7142857142857143,0.04065040650406504,0.7142857142857143,10,694346
22,pitcher,2,2,Zach Brzykcy,DEFENSE,0.5,0.045454545454545456,0.5,1,694350
34,pitcher,0,0,Ricky Tiedemann,DEFENSE,,0.0,,0,694357
140,pitcher,9,7,Beck Way,DEFENSE,0.8571428571428571,0.04285714285714286,0.6666666666666666,6,694360
280,pitcher,8,6,Will Klein,DEFENSE,0.6666666666666666,0.014285714285714285,0.5,4,694361
72,pitcher,4,4,Jared Shuster,DEFENSE,0.75,0.041666666666666664,0.75,3,694363
42,pitcher,2,0,Marco Raya,DEFENSE,,0.0,0.0,0,694397
94,pitcher,3,3,Hurston Waldrep,DEFENSE,0.3333333333333333,0.010638297872340425,0.3333333333333333,1,694462
586,pitcher,23,19,Chad Patrick,DEFENSE,0.8421052631578947,0.027303754266211604,0.6956521739130435,16,694477
13,pitcher,0,0,Ty Johnson,DEFENSE,,0.0,,0,694494
64,pitcher,3,1,Chayce McDermott,DEFENSE,1.0,0.015625,0.3333333333333333,1,694646
85,pitcher,3,3,Trevor Martin,DEFENSE,0.6666666666666666,0.023529411764705882,0.6666666666666666,2,694680
1037,pitcher,47,45,Landen Roupp,DEFENSE,0.6444444444444445,0.027965284474445518,0.6170212765957447,29,694738
65,pitcher,3,2,Khristian Curtis,DEFENSE,0.0,0.0,0.0,0,694753
171,pitcher,5,4,Josh Ekness,DEFENSE,0.5,0.011695906432748537,0.4,2,694795
798,pitcher,40,38,Jacob Misiorowski,DEFENSE,0.6052631578947368,0.02882205513784461,0.575,23,694819
11,pitcher,0,0,Braxton Roxby,DEFENSE,,0.0,,0,694820
101,pitcher,9,9,Andrew Hoffmann,DEFENSE,0.7777777777777778,0.06930693069306931,0.7777777777777778,7,694851
311,pitcher,20,20,Blade Tidwell,DEFENSE,0.7,0.04501607717041801,0.7,14,694918
929,pitcher,32,31,Paul Skenes,DEFENSE,0.7096774193548387,0.023681377825618945,0.6875,22,694973
92,pitcher,3,3,Alimber Santa,DEFENSE,0.6666666666666666,0.021739130434782608,0.6666666666666666,2,695001
118,pitcher,3,3,Kade Morris,DEFENSE,1.0,0.025423728813559324,1.0,3,695034
71,pitcher,1,1,Brett Kerry,DEFENSE,1.0,0.014084507042253521,1.0,1,695049
775,pitcher,34,34,Rhett Lowder,DEFENSE,0.7941176470588235,0.03483870967741935,0.7941176470588235,27,695076
218,pitcher,13,8,Robby Ahlstrom,DEFENSE,0.625,0.022935779816513763,0.38461538461538464,5,695239
340,pitcher,13,11,Mason Miller,DEFENSE,0.5454545454545454,0.01764705882352941,0.46153846153846156,6,695243
24,pitcher,2,1,Jack Sinclair,DEFENSE,0.0,0.0,0.0,0,695378
255,pitcher,9,8,Alex Hoppe,DEFENSE,0.75,0.023529411764705882,0.6666666666666666,6,695380
442,pitcher,21,16,Brad Lord,DEFENSE,0.5625,0.020361990950226245,0.42857142857142855,9,695418
51,pitcher,1,1,Chase Lee,DEFENSE,1.0,0.0196078431372549,1.0,1,695445
895,pitcher,35,35,Chase Burns,DEFENSE,0.6571428571428571,0.02569832402234637,0.6571428571428571,23,695505
173,pitcher,7,7,Chase Petty,DEFENSE,0.5714285714285714,0.023121387283236993,0.5714285714285714,4,695534
191,pitcher,10,10,Jackson Jobe,DEFENSE,0.8,0.041884816753926704,0.8,8,695549
607,pitcher,25,25,Gage Jump,DEFENSE,0.72,0.029654036243822075,0.72,18,695611
202,pitcher,4,4,Elmer Rodríguez,DEFENSE,0.75,0.01485148514851485,0.75,3,695684
197,pitcher,10,7,Wilber Dotel,DEFENSE,0.5714285714285714,0.02030456852791878,0.4,4,696062
216,pitcher,8,7,Kendry Rojas,DEFENSE,0.7142857142857143,0.023148148148148147,0.625,5,696070
221,pitcher,11,10,Mason Black,DEFENSE,0.6,0.027149321266968326,0.5454545454545454,6,696131
61,pitcher,2,2,Jordan Wicks,DEFENSE,1.0,0.03278688524590164,1.0,2,696136
99,pitcher,4,4,Hagen Smith,DEFENSE,0.5,0.020202020202020204,0.5,2,696146
290,pitcher,16,12,Sam Bachman,DEFENSE,0.5833333333333334,0.02413793103448276,0.4375,7,696147
893,pitcher,37,37,Bubba Chandler,DEFENSE,0.8378378378378378,0.03471444568868981,0.8378378378378378,31,696149
555,pitcher,33,33,Ryan Johnson,DEFENSE,0.696969696969697,0.04144144144144144,0.696969696969697,23,696270
203,pitcher,9,8,Samy Natera Jr.,DEFENSE,0.25,0.009852216748768473,0.2222222222222222,2,696519
112,pitcher,4,4,Hayden Juenger,DEFENSE,0.5,0.017857142857142856,0.5,2,696522
4,pitcher,0,0,Dylan Ross,DEFENSE,,0.0,,0,697811
78,pitcher,2,2,Joe Rock,DEFENSE,1.0,0.02564102564102564,1.0,2,697812
46,pitcher,0,0,Antwone Kelly,DEFENSE,,0.0,,0,699008
35,pitcher,0,0,Miguel Ullola,DEFENSE,,0.0,,0,699044
341,pitcher,16,15,Bradgley Rodriguez,DEFENSE,0.6,0.026392961876832845,0.5625,9,699134
61,pitcher,1,1,Jedixson Paez,DEFENSE,0.0,0.0,0.0,0,699151
159,pitcher,5,4,Tyler Davis,DEFENSE,0.75,0.018867924528301886,0.6,3,699823
965,pitcher,35,35,Michael McGreevy,DEFENSE,0.8285714285714286,0.03005181347150259,0.8285714285714286,29,700241
204,pitcher,7,7,Cade Povich,DEFENSE,1.0,0.03431372549019608,1.0,7,700249
50,pitcher,2,2,Yilber Díaz,DEFENSE,0.5,0.02,0.5,1,700270
17,pitcher,2,2,Welinton Herrera,DEFENSE,1.0,0.11764705882352941,1.0,2,700327
149,pitcher,5,5,AJ Smith-Shawver,DEFENSE,0.4,0.013422818791946308,0.4,2,700363
11,pitcher,0,0,Tyler Uberstine,DEFENSE,,0.0,,0,700413
428,pitcher,14,14,Gordon Graceffo,DEFENSE,0.7142857142857143,0.02336448598130841,0.7142857142857143,10,700669
830,pitcher,45,44,Walbert Ureña,DEFENSE,0.8409090909090909,0.04457831325301205,0.8222222222222222,37,700712
83,pitcher,3,3,Eduardo Rivera,DEFENSE,0.6666666666666666,0.024096385542168676,0.6666666666666666,2,700842
23,pitcher,0,0,Logan VanWey,DEFENSE,,0.0,,0,701121
11,pitcher,0,0,Duncan Davitt,DEFENSE,,0.0,,0,701474
303,pitcher,9,6,Travis Adams,DEFENSE,0.6666666666666666,0.013201320132013201,0.4444444444444444,4,701519
888,pitcher,36,35,Will Warren,DEFENSE,0.6857142857142857,0.02702702702702703,0.6666666666666666,24,701542
87,pitcher,5,5,Andre Granillo,DEFENSE,0.6,0.034482758620689655,0.6,3,701552
423,pitcher,18,17,Logan Henderson,DEFENSE,0.5882352941176471,0.02364066193853428,0.5555555555555556,10,701656
118,pitcher,4,4,Tyler Samaniego,DEFENSE,0.75,0.025423728813559324,0.75,3,701719
16,pitcher,1,1,Tanner McDougal,DEFENSE,0.0,0.0,0.0,0,701780
198,pitcher,6,3,Will Dion,DEFENSE,1.0,0.015151515151515152,0.5,3,702021
31,pitcher,1,1,Alex Cook,DEFENSE,1.0,0.03225806451612903,1.0,1,702047
589,pitcher,11,11,Trey Yesavage,DEFENSE,0.45454545454545453,0.008488964346349746,0.45454545454545453,5,702056
962,pitcher,41,40,Noah Cameron,DEFENSE,0.725,0.030145530145530147,0.7073170731707317,29,702070
38,pitcher,2,0,Brian Fitzpatrick,DEFENSE,,0.0,0.0,0,702153
391,pitcher,16,12,Andrew Morris,DEFENSE,0.75,0.023017902813299233,0.5625,9,702193
425,pitcher,27,26,Noah Schultz,DEFENSE,0.7307692307692307,0.04470588235294118,0.7037037037037037,19,702273
429,pitcher,23,16,JR Ritchie,DEFENSE,0.6875,0.02564102564102564,0.4782608695652174,11,702275
31,pitcher,1,1,Robby Snelling,DEFENSE,1.0,0.03225806451612903,1.0,1,702281
37,pitcher,4,4,Riley Martin,DEFENSE,0.5,0.05405405405405406,0.5,2,702303
47,pitcher,5,3,Spencer Bivens,DEFENSE,0.6666666666666666,0.0425531914893617,0.4,2,702352
197,pitcher,8,8,Mike Paredes,DEFENSE,0.75,0.030456852791878174,0.75,6,702474
30,pitcher,1,1,Owen Murphy,DEFENSE,1.0,0.03333333333333333,1.0,1,702566
175,pitcher,4,4,Jonathan Pintaro,DEFENSE,0.75,0.017142857142857144,0.75,3,702752
53,pitcher,2,2,Cesar Perdomo,DEFENSE,1.0,0.03773584905660377,1.0,2,702885
162,pitcher,5,5,Jose Cabrera,DEFENSE,0.8,0.024691358024691357,0.8,4,703615
168,pitcher,4,3,Luis Gastelum,DEFENSE,0.6666666666666666,0.011904761904761904,0.5,2,703725
938,pitcher,35,34,Parker Messick,DEFENSE,0.8235294117647058,0.029850746268656716,0.8,28,800048
352,pitcher,16,15,Didier Fuentes,DEFENSE,0.5333333333333333,0.022727272727272728,0.5,8,800311
211,pitcher,11,11,Jackson Kent,DEFENSE,0.9090909090909091,0.04739336492890995,0.9090909090909091,10,800600
651,pitcher,46,46,Payton Tolle,DEFENSE,0.8260869565217391,0.05837173579109063,0.8260869565217391,38,801139
272,pitcher,13,13,Chase Dollander,DEFENSE,0.6153846153846154,0.029411764705882353,0.6153846153846154,8,801403
49,pitcher,1,1,Paul Gervase,DEFENSE,1.0,0.02040816326530612,1.0,1,801434
19,pitcher,2,2,Luis De León,DEFENSE,0.5,0.05263157894736842,0.5,1,801725
80,pitcher,3,3,Brycen Mautz,DEFENSE,1.0,0.0375,1.0,3,802408
331,pitcher,14,14,Zac Thornton,DEFENSE,0.7142857142857143,0.030211480362537766,0.7142857142857143,10,804267
30,pitcher,2,2,John Klein,DEFENSE,1.0,0.06666666666666667,1.0,2,804619
103,pitcher,5,4,Jonah Tong,DEFENSE,1.0,0.038834951456310676,0.8,4,804636
1,pitcher,0,0,Rafael Flores Jr.,DEFENSE,,0.0,,0,804668
11,pitcher,0,0,Austin Peterson,DEFENSE,,0.0,,0,804926
52,pitcher,1,1,Yunior Marte,DEFENSE,1.0,0.019230769230769232,1.0,1,805074
565,pitcher,17,11,AJ Blubaugh,DEFENSE,0.9090909090909091,0.017699115044247787,0.5882352941176471,10,805123
207,pitcher,15,14,Brandyn Garcia,DEFENSE,0.5714285714285714,0.03864734299516908,0.5333333333333333,8,805299
184,pitcher,10,9,Tyler Schweitzer,DEFENSE,0.7777777777777778,0.03804347826086957,0.7,7,805326
101,pitcher,8,8,Trent Harris,DEFENSE,0.5,0.039603960396039604,0.5,4,805345
182,pitcher,9,9,Drew Sommers,DEFENSE,0.6666666666666666,0.03296703296703297,0.6666666666666666,6,805427
709,pitcher,35,35,Zebby Matthews,DEFENSE,0.4857142857142857,0.023977433004231313,0.4857142857142857,17,805673
263,pitcher,8,8,Cade Gibson,DEFENSE,0.5,0.015209125475285171,0.5,4,806188
138,pitcher,0,0,Luis Morales,DEFENSE,,0.0,,0,806960
113,pitcher,14,14,Kade Anderson,DEFENSE,0.9285714285714286,0.11504424778761062,0.9285714285714286,13,807739
142,pitcher,10,10,Sean Sullivan,DEFENSE,0.6,0.04225352112676056,0.6,6,807743
82,pitcher,2,2,Andrew Sears,DEFENSE,1.0,0.024390243902439025,1.0,2,808825
725,pitcher,29,28,Roki Sasaki,DEFENSE,0.8571428571428571,0.03310344827586207,0.8275862068965517,24,808963
862,pitcher,44,44,Yoshinobu Yamamoto,DEFENSE,0.7272727272727273,0.037122969837587005,0.7272727272727273,32,808967
30,pitcher,1,0,Woo-Suk Go,DEFENSE,,0.0,0.0,0,808970
17,pitcher,3,0,Ben Williamson,DEFENSE,,0.0,0.0,0,810938
545,pitcher,25,25,Connelly Early,DEFENSE,0.72,0.03302752293577982,0.72,18,813349
64,pitcher,7,7,Yunior Tur,DEFENSE,0.5714285714285714,0.0625,0.5714285714285714,4,814305
147,pitcher,9,9,Ethan Pecko,DEFENSE,0.8888888888888888,0.05442176870748299,0.8888888888888888,8,814490
71,pitcher,5,3,Mark Manfredi,DEFENSE,0.0,0.0,0.0,0,815081
331,pitcher,11,11,Mitch Farris,DEFENSE,0.8181818181818182,0.027190332326283987,0.8181818181818182,9,815083
308,pitcher,11,8,José Fermin,DEFENSE,0.875,0.022727272727272728,0.6363636363636364,7,820862
571,pitcher,27,25,Tatsuya Imai,DEFENSE,0.64,0.028021015761821366,0.5925925925925926,16,837227
2900,umpire,131,125,Lance Barksdale,DEFENSE,0.68,0.029310344827586206,0.648854961832061,85,427013
242,umpire,6,3,CB Bucknor,DEFENSE,0.6666666666666666,0.008264462809917356,0.3333333333333333,2,427044
2925,umpire,138,131,Laz Diaz,DEFENSE,0.7099236641221374,0.031794871794871796,0.6739130434782609,93,427113
2724,umpire,96,88,Rob Drake,DEFENSE,0.6022727272727273,0.019456681350954477,0.5520833333333334,53,427128
2749,umpire,137,131,Bruce Dreckman,DEFENSE,0.6870229007633588,0.032739177882866496,0.656934306569343,90,427129
2836,umpire,92,88,Doug Eddings,DEFENSE,0.6818181818181818,0.021156558533145273,0.6521739130434783,60,427139
2162,umpire,116,114,Andy Fletcher,DEFENSE,0.6403508771929824,0.033765032377428304,0.6293103448275862,73,427164
2885,umpire,141,126,Chris Guccione,DEFENSE,0.6746031746031746,0.029462738301559793,0.6028368794326241,85,427197
2149,umpire,88,81,Marvin Hudson,DEFENSE,0.7037037037037037,0.02652396463471382,0.6477272727272727,57,427243
2996,umpire,129,115,Dan Iassogna,DEFENSE,0.6608695652173913,0.025367156208277702,0.5891472868217055,76,427248
2253,umpire,84,77,Ron Kulpa,DEFENSE,0.8051948051948052,0.027518863737239236,0.7380952380952381,62,427292
2852,umpire,143,129,Alfonso Márquez,DEFENSE,0.627906976744186,0.028401122019635343,0.5664335664335665,81,427315
2863,umpire,114,108,Bill Miller,DEFENSE,0.6574074074074074,0.02479916171847712,0.6228070175438597,71,427344
1646,umpire,69,64,Brian O'Nora,DEFENSE,0.703125,0.027339003645200487,0.6521739130434783,45,427366
2919,umpire,112,106,Mark Wegner,DEFENSE,0.6698113207547169,0.024323398424117848,0.6339285714285714,71,427533
3032,umpire,142,128,Hunter Wendelstedt,DEFENSE,0.625,0.026385224274406333,0.5633802816901409,80,427537
2733,umpire,123,115,Jim Wolf,DEFENSE,0.6086956521739131,0.02561287961946579,0.5691056910569106,70,427554
2922,umpire,135,120,James Hoye,DEFENSE,0.6916666666666667,0.02840520191649555,0.6148148148148148,83,428442
2865,umpire,144,134,Todd Tichenor,DEFENSE,0.6940298507462687,0.032460732984293195,0.6458333333333334,93,429805
2700,umpire,107,95,Chad Fairchild,DEFENSE,0.6842105263157895,0.024074074074074074,0.6074766355140186,65,431232
2684,umpire,133,123,Scott Barry,DEFENSE,0.6829268292682927,0.03129657228017884,0.631578947368421,84,482608
2825,umpire,112,105,Chris Conroy,DEFENSE,0.7047619047619048,0.026194690265486726,0.6607142857142857,74,482620
2758,umpire,135,129,Mike Estabrook,DEFENSE,0.7131782945736435,0.03335750543872371,0.6814814814814815,92,482631
2319,umpire,112,104,Adrian Johnson,DEFENSE,0.5480769230769231,0.02457956015523933,0.5089285714285714,57,482641
2635,umpire,91,86,David Rackley,DEFENSE,0.7674418604651163,0.025047438330170778,0.7252747252747253,66,482663
2328,umpire,90,88,D.J. Reyburn,DEFENSE,0.7613636363636364,0.028780068728522335,0.7444444444444445,67,482666
3034,umpire,132,129,Lance Barrett,DEFENSE,0.5813953488372093,0.024719841793012523,0.5681818181818182,75,483561
2884,umpire,136,135,Dan Bellino,DEFENSE,0.7111111111111111,0.033287101248266296,0.7058823529411765,96,483564
3291,umpire,136,123,Vic Carapazza,DEFENSE,0.7317073170731707,0.027347310847766638,0.6617647058823529,90,483569
2682,umpire,102,98,John Tumpane,DEFENSE,0.6224489795918368,0.02274422073079791,0.5980392156862745,61,483630
3101,umpire,96,92,Mike Muchlinski,DEFENSE,0.6739130434782609,0.0199935504675911,0.6458333333333334,62,483912
3066,umpire,105,94,Mark Ripperger,DEFENSE,0.6382978723404256,0.019569471624266144,0.5714285714285714,60,483919
2560,umpire,105,97,Cory Blaser,DEFENSE,0.6082474226804123,0.023046875,0.5619047619047619,59,484183
2760,umpire,137,129,Alan Porter,DEFENSE,0.6511627906976745,0.030434782608695653,0.6131386861313869,84,484198
2715,umpire,126,117,Manny Gonzalez,DEFENSE,0.6153846153846154,0.026519337016574586,0.5714285714285714,72,484499
1728,umpire,91,79,Jonathan Parra,DEFENSE,0.7341772151898734,0.03356481481481482,0.6373626373626373,58,485856
2570,umpire,113,99,Chad Whitson,DEFENSE,0.6262626262626263,0.024124513618677044,0.5486725663716814,62,489985
2586,umpire,122,118,Jordan Baker,DEFENSE,0.652542372881356,0.02977571539056458,0.6311475409836066,77,490319
3137,umpire,131,125,Adam Hamari,DEFENSE,0.824,0.03283391775581766,0.7862595419847328,103,503077
2632,umpire,112,107,Chris Segal,DEFENSE,0.6542056074766355,0.026595744680851064,0.625,70,503490
2776,umpire,152,140,Sean Barber,DEFENSE,0.6428571428571429,0.032420749279538905,0.5921052631578947,90,503493
2275,umpire,128,118,Ryan Blakney,DEFENSE,0.6949152542372882,0.03604395604395604,0.640625,82,503502
2982,umpire,118,114,Tripp Gibson,DEFENSE,0.7631578947368421,0.029175050301810865,0.7372881355932204,87,503586
3078,umpire,132,118,Will Little,DEFENSE,0.7033898305084746,0.02696556205328135,0.6287878787878788,83,504381
2939,umpire,127,125,Quinn Wolcott,DEFENSE,0.712,0.03028240898264716,0.7007874015748031,89,511890
2582,umpire,111,98,Nick Mahrley,DEFENSE,0.7857142857142857,0.029821843532145623,0.6936936936936937,77,521051
2763,umpire,105,94,Ben May,DEFENSE,0.7021276595744681,0.023887079261672096,0.6285714285714286,66,521251
2846,umpire,147,138,Stu Scheurwater,DEFENSE,0.6666666666666666,0.03232607167955025,0.6258503401360545,92,521889
3136,umpire,169,140,Nic Lentz,DEFENSE,0.7,0.03125,0.5798816568047337,98,544728
1537,umpire,70,56,John Bacon,DEFENSE,0.5714285714285714,0.02081977878985036,0.45714285714285713,32,545402
2528,umpire,124,121,Carlos Torres,DEFENSE,0.7355371900826446,0.035205696202531646,0.717741935483871,89,547380
2744,umpire,118,115,Edwin Moscoso,DEFENSE,0.6521739130434783,0.027332361516034985,0.635593220338983,75,554242
2674,umpire,82,78,Gabe Morales,DEFENSE,0.7307692307692307,0.02131637995512341,0.6951219512195121,57,573597
2603,umpire,118,112,Shane Livensparger,DEFENSE,0.7232142857142857,0.0311179408374952,0.6864406779661016,81,575629
2664,umpire,144,137,Roberto Ortiz,DEFENSE,0.6934306569343066,0.03566066066066066,0.6597222222222222,95,577468
2469,umpire,91,89,Ramon De Jesus,DEFENSE,0.6179775280898876,0.02227622519238558,0.6043956043956044,55,594151
2487,umpire,93,84,Jansen Visconti,DEFENSE,0.75,0.025331724969843185,0.6774193548387096,63,596740
2703,umpire,136,126,John Libka,DEFENSE,0.7142857142857143,0.033296337402885685,0.6617647058823529,90,596805
3004,umpire,146,127,Ryan Additon,DEFENSE,0.6850393700787402,0.02896138482023968,0.5958904109589042,87,596809
3113,umpire,114,108,Nestor Ceja,DEFENSE,0.6851851851851852,0.023771281721811758,0.6491228070175439,74,598411
2891,umpire,101,92,Dan Merzel,DEFENSE,0.6195652173913043,0.019716361120719474,0.5643564356435643,57,605670
2413,umpire,130,124,Charlie Ramos,DEFENSE,0.6048387096774194,0.03108164111065064,0.5769230769230769,75,605671
2287,umpire,84,76,Jeremie Rehak,DEFENSE,0.7236842105263158,0.024048972452995192,0.6547619047619048,55,605672
2622,umpire,101,97,Alex Tosi,DEFENSE,0.6701030927835051,0.02479023646071701,0.6435643564356436,65,605673
2888,umpire,140,127,Ryan Wills,DEFENSE,0.7401574803149606,0.03254847645429363,0.6714285714285714,94,605674
2746,umpire,112,104,Paul Clemons,DEFENSE,0.6634615384615384,0.025127458120903133,0.6160714285714286,69,607884
2474,umpire,99,97,Junior Valentine,DEFENSE,0.7010309278350515,0.0274858528698464,0.6868686868686869,68,608093
2892,umpire,125,118,Nate Tomlinson,DEFENSE,0.788135593220339,0.032157676348547715,0.744,93,608158
2739,umpire,108,98,Emil Jimenez,DEFENSE,0.6632653061224489,0.023731288791529755,0.6018518518518519,65,621660
2931,umpire,114,106,Erich Bacchus,DEFENSE,0.7924528301886793,0.028659160696008188,0.7368421052631579,84,623938
2784,umpire,111,109,Alex MacKay,DEFENSE,0.5871559633027523,0.022988505747126436,0.5765765765765766,64,623945
3223,umpire,157,140,Malachi Moore,DEFENSE,0.6928571428571428,0.030096183679801426,0.6178343949044586,97,623946
2725,umpire,140,136,Clint Vondrak,DEFENSE,0.6838235294117647,0.034128440366972476,0.6642857142857143,93,623949
2829,umpire,146,139,Brennan Miller,DEFENSE,0.6906474820143885,0.033934252386002124,0.6575342465753424,96,639723
2875,umpire,130,130,Adam Beck,DEFENSE,0.7230769230769231,0.03269565217391304,0.7230769230769231,94,644760
2050,umpire,90,79,Jacob Metz,DEFENSE,0.569620253164557,0.02195121951219512,0.5,45,658082
2094,umpire,91,83,Derek Thomas,DEFENSE,0.7349397590361446,0.02913085004775549,0.6703296703296703,61,658292
2352,umpire,98,89,Tyler Jones,DEFENSE,0.5617977528089888,0.021258503401360544,0.5102040816326531,50,658325
1834,umpire,67,53,Austin Jones,DEFENSE,0.7358490566037735,0.021264994547437296,0.582089552238806,39,658536
1505,umpire,58,51,Edwin Jimenez,DEFENSE,0.6274509803921569,0.0212624584717608,0.5517241379310345,32,664263
2549,umpire,101,96,Brian Walsh,DEFENSE,0.6458333333333334,0.024323264025107885,0.6138613861386139,62,665281
2750,umpire,114,100,Tom Hanahan,DEFENSE,0.66,0.024,0.5789473684210527,66,665297
2173,umpire,66,64,Dexter Kelley,DEFENSE,0.6875,0.02024850437183617,0.6666666666666666,44,665298
1624,umpire,63,56,Louie Krupa,DEFENSE,0.6964285714285714,0.02401477832512315,0.6190476190476191,39,665299
905,umpire,24,21,Dillon Wilson,DEFENSE,0.9523809523809523,0.022099447513812154,0.8333333333333334,20,665302
2090,umpire,101,91,Brock Ballou,DEFENSE,0.6373626373626373,0.027751196172248804,0.5742574257425742,58,665576
1234,umpire,63,60,Jen Pawol,DEFENSE,0.7,0.03403565640194489,0.6666666666666666,42,668921
1647,umpire,55,53,Steven Jaschinski,DEFENSE,0.6415094339622641,0.020643594414086218,0.6181818181818182,34,676580
2494,umpire,124,115,James Jean,DEFENSE,0.7304347826086957,0.03368083400160385,0.6774193548387096,84,676581
735,umpire,38,34,Felix Neon,DEFENSE,0.6764705882352942,0.031292517006802724,0.6052631578947368,23,681849
3421,umpire,187,178,Willie Traynor,DEFENSE,0.7247191011235955,0.03770827243496054,0.6898395721925134,129,691042
