game_pk,source_scope,feed_sha256,game_date,away,home,final_away,final_home,inning,half_inning,pitch_key,batter,pitcher,pre_count,pre_outs,pre_bases,plate_x,plate_z,zone_top,zone_bottom,derived_abs_call,signed_boundary_distance_inches,pitch_review_type,pitch_review_overturned,attached_event_types,attached_event_descriptions,pa_result_description,criterion_braves_fielding,criterion_first_inning,criterion_runner_on_first_pre,criterion_one_out_pre,criterion_count_3_2_pre,criterion_called_ball_four,criterion_steal_attempt_on_pitch,criterion_catcher_throw_recorded,criterion_secondary_play_reviewed,criterion_geometry_strike,criterion_near_top_of_zone,criterion_not_successfully_challenged,criterion_inning_continued,criterion_later_walk_in_inning,criterion_later_home_run_in_inning,criterion_braves_trailed_5_0_after_first,criterion_final_score_5_1_braves_loss,criteria_matched,criteria_total,criterion_rev_game_2026_08_10_vs_mets,criterion_rev_batter_carson_benge,criterion_rev_bichette_on_first,criterion_rev_pitcher_elder,criterion_rev_baty_homer_three_batters_later,criterion_rev_mets_lead_5_0_after_homer,revised_criteria_matched,revised_criteria_total,identification_status
824887,SNAPSHOT,4cf9ddd40fb41cfae941459b4664895707bfd1ede2bc8a59051e1acd082f6e16,2026-08-10,NYM,ATL,8,5,1,top,824887:3:7,Carson Benge,Bryce Elder,3-2,1,100,0.589254,3.20604,3.259,1.645,STRIKE,-2.08553,,,[],[],Carson Benge walks. Bo Bichette to 2nd.,True,True,True,True,True,True,False,False,False,True,True,True,True,False,True,False,False,11,17,True,True,True,True,True,True,6,6,IDENTIFIED_USER_CONFIRMED_GAME
823615,SNAPSHOT,1e3ab8d86735f7f43b963e3c7ef7cb5ee6a9edc0100834e300ed19349e4ae5f9,2026-06-14,ATL,NYM,1,8,1,bottom,823615:6:6,Carson Benge,Bryce Elder,3-2,0,000,1.59407,1.47791,3.259,1.645,BALL,9.3663,,,[],[],Carson Benge walks.,True,True,False,False,True,True,False,False,False,False,False,True,True,False,False,False,False,6,17,False,True,False,True,False,False,2,6,NOT_THE_CASE
824887,SNAPSHOT,4cf9ddd40fb41cfae941459b4664895707bfd1ede2bc8a59051e1acd082f6e16,2026-08-10,NYM,ATL,8,5,2,top,824887:22:7,Brett Baty,Bryce Elder,3-2,2,110,0.441287,-0.341082,3.328,1.68,BALL,22.803,,,[],[],Brett Baty walks. Jared Young to 3rd. Marcus Semien to 2nd.,True,False,True,False,True,True,False,False,False,False,False,True,True,False,False,False,False,6,17,True,False,False,True,False,False,2,6,NOT_THE_CASE
824887,SNAPSHOT,4cf9ddd40fb41cfae941459b4664895707bfd1ede2bc8a59051e1acd082f6e16,2026-08-10,NYM,ATL,8,5,5,top,824887:46:4,Jorge Polanco,Bryce Elder,3-1,1,000,-0.974874,2.81296,3.191,1.61,BALL,1.74849,,,[],[],Jorge Polanco walks.,True,False,False,True,False,True,False,False,False,False,False,True,True,False,False,False,False,5,17,True,False,False,True,False,False,2,6,NOT_THE_CASE
824908,SNAPSHOT,a9389ac3eea09143d885d0b34902809132f78f3fd65bd69488812da5591b2816,2026-06-21,MIL,ATL,9,4,3,top,824908:25:9,Cooper Pratt,Bryce Elder,3-2,1,100,-1.04206,3.5344,3.374,1.703,BALL,2.99332,,,[],[],Cooper Pratt walks. Sal Frelick to 2nd.,True,False,True,True,True,True,False,False,False,False,True,True,True,False,False,False,False,8,17,False,False,False,True,False,False,1,6,NOT_THE_CASE
824941,SNAPSHOT,03eeadcb39dc1599bbef5a8672db50a94496b7d0e288e487a25aeb7efa6cab88,2026-04-10,CLE,ATL,5,11,5,top,824941:32:7,Brayan Rocchio,Bryce Elder,3-2,1,010,-1.29082,3.41773,3.068,1.548,BALL,6.70294,,,[],[],Brayan Rocchio walks.,True,False,False,True,True,True,False,False,False,False,False,True,True,True,False,False,False,7,17,False,False,False,True,False,False,1,6,NOT_THE_CASE
824936,SNAPSHOT,885776fe7e2e82920674396897f91b7f0754d908a23178bc10a78901cd028297,2026-04-15,MIA,ATL,3,6,1,top,824936:1:5,Xavier Edwards,Bryce Elder,3-2,1,000,1.36577,1.52917,3.055,1.542,BALL,6.44074,,,[],[],Xavier Edwards walks.,True,True,False,True,True,True,False,False,False,False,False,True,True,False,False,False,False,7,17,False,False,False,True,False,False,1,6,NOT_THE_CASE
824936,SNAPSHOT,885776fe7e2e82920674396897f91b7f0754d908a23178bc10a78901cd028297,2026-04-15,MIA,ATL,3,6,5,top,824936:34:7,Jakob Marsee,Bryce Elder,3-2,1,110,-0.211789,0.952409,3.212,1.621,BALL,6.57309,,,[],[],Jakob Marsee walks. Graham Pauley to 3rd. Deyvison De Los Santos to 2nd.,True,False,True,True,True,True,False,False,False,False,False,True,True,False,False,False,False,7,17,False,False,False,True,False,False,1,6,NOT_THE_CASE
822749,SNAPSHOT,2f5a2ac19c8373ad349fd36a95fed76493d6697b9dc3549c48736545f5fa8057,2026-04-20,ATL,WSH,9,4,1,bottom,822749:6:3,CJ Abrams,Bryce Elder,3-0,2,100,-1.18245,3.72793,3.223,1.626,BALL,6.86162,,,[],[],CJ Abrams walks. Brady House to 2nd.,True,True,True,False,False,True,False,False,False,False,False,True,True,True,False,False,False,7,17,False,False,False,True,False,False,1,6,NOT_THE_CASE
822749,SNAPSHOT,2f5a2ac19c8373ad349fd36a95fed76493d6697b9dc3549c48736545f5fa8057,2026-04-20,ATL,WSH,9,4,1,bottom,822749:7:7,Daylen Lile,Bryce Elder,3-2,2,110,0.534723,-0.19556,3.181,1.605,BALL,20.1567,,,[],[],Daylen Lile walks. Brady House to 3rd. CJ Abrams to 2nd.,True,True,True,False,True,True,False,False,False,False,False,True,True,False,False,False,False,7,17,False,False,False,True,False,False,1,6,NOT_THE_CASE
824929,SNAPSHOT,87ec81bf445732a6b71d2e3c585facc16514e639621102e45156094334212c94,2026-04-30,DET,ATL,5,2,3,top,824929:20:6,Kevin McGonigle,Bryce Elder,3-2,1,000,0.52635,1.54294,3.086,1.557,STRIKE,-1.28127,,,[],[],Kevin McGonigle walks.,True,False,False,True,True,True,False,False,False,True,False,True,True,False,False,False,False,7,17,False,False,False,True,False,False,1,6,NOT_THE_CASE
824908,SNAPSHOT,a9389ac3eea09143d885d0b34902809132f78f3fd65bd69488812da5591b2816,2026-06-21,MIL,ATL,9,4,2,top,824908:14:6,Christian Yelich,Bryce Elder,3-2,2,010,0.439657,1.32049,3.368,1.7,BALL,3.10414,,,[],[],Christian Yelich walks. David Hamilton to 3rd. David Hamilton steals (16) 3rd base. David Hamilton to 3rd.,True,False,False,False,True,True,True,False,False,False,False,True,True,False,True,False,False,7,17,False,False,False,True,False,False,1,6,NOT_THE_CASE
824902,SNAPSHOT,0a6c7a3c8813542932712e23d97fcf44a157510df9f64167a40229da4327e690,2026-07-05,NYM,ATL,10,9,1,top,824902:3:3,Mark Vientos,Martín Pérez,3-0,1,100,-0.338243,1.3903,3.34,1.686,BALL,2.09841,,,[],[],Mark Vientos walks. Bo Bichette to 2nd.,True,True,True,True,False,True,False,False,False,False,False,True,True,False,False,False,False,7,17,False,False,True,False,False,False,1,6,NOT_THE_CASE
824889,SNAPSHOT,2158b29a499f08db185582d4d06a1245912bc6208a5df990b531e3b5ce3159f2,2026-08-05,MIA,ATL,1,4,5,top,824889:34:8,Owen Caissie,Bryce Elder,3-2,1,000,0.202843,1.62307,3.369,1.7,STRIKE,-0.526812,,,[],[],Owen Caissie walks.,True,False,False,True,True,True,False,False,False,True,False,True,True,False,False,False,False,7,17,False,False,False,True,False,False,1,6,NOT_THE_CASE
824941,SNAPSHOT,03eeadcb39dc1599bbef5a8672db50a94496b7d0e288e487a25aeb7efa6cab88,2026-04-10,CLE,ATL,5,11,1,top,824941:2:6,José Ramírez,Bryce Elder,3-2,2,000,0.186411,3.40912,3.035,1.532,BALL,3.03944,,,[],[],"Drake Baldwin challenged (pitch result), call on the field was confirmed: José Ramírez walks.",True,True,False,False,True,True,False,False,False,False,False,True,True,False,False,False,False,6,17,False,False,False,True,False,False,1,6,NOT_THE_CASE
824933,SNAPSHOT,b33b111782b7e51c0607e5e91c41d38fcc098447db5e146027f62a5188def02e,2026-04-25,PHI,ATL,8,5,1,top,824933:2:5,Bryce Harper,Bryce Elder,3-2,2,000,0.743255,1.23089,3.265,1.648,BALL,3.57285,,,[],[],Bryce Harper walks.,True,True,False,False,True,True,False,False,False,False,False,True,True,False,False,False,False,6,17,False,False,False,True,False,False,1,6,NOT_THE_CASE
824929,SNAPSHOT,87ec81bf445732a6b71d2e3c585facc16514e639621102e45156094334212c94,2026-04-30,DET,ATL,5,2,1,top,824929:3:3,Riley Greene,Bryce Elder,3-0,2,100,-0.836348,2.89364,3.303,1.667,BALL,0.086172,,,[],[],Riley Greene walks. Colt Keith to 2nd.,True,True,True,False,False,True,False,False,False,False,False,True,True,False,False,False,False,6,17,False,False,False,True,False,False,1,6,NOT_THE_CASE
824929,SNAPSHOT,87ec81bf445732a6b71d2e3c585facc16514e639621102e45156094334212c94,2026-04-30,DET,ATL,5,2,6,top,824929:43:5,Riley Greene,Bryce Elder,3-2,1,000,0.79984,1.50833,3.303,1.667,BALL,0.747971,,,[],[],Riley Greene walks.,True,False,False,True,True,True,False,False,False,False,False,True,True,False,False,False,False,6,17,False,False,False,True,False,False,1,6,NOT_THE_CASE
823142,SNAPSHOT,32e102277c097935bd7a92debd43e726ee87e767ea4cf3cfc8c5ee9be3c7c256,2026-05-05,ATL,SEA,3,2,3,bottom,823142:16:7,Mitch Garver,Bryce Elder,3-2,0,000,-0.99537,3.86739,3.249,1.64,BALL,6.73113,,,[],[],Mitch Garver walks.,True,False,False,False,True,True,False,False,False,False,False,True,True,False,True,False,False,6,17,False,False,False,True,False,False,1,6,NOT_THE_CASE
823142,SNAPSHOT,32e102277c097935bd7a92debd43e726ee87e767ea4cf3cfc8c5ee9be3c7c256,2026-05-05,ATL,SEA,3,2,4,bottom,823142:27:6,Josh Naylor,Bryce Elder,3-2,0,000,0.919004,0.937324,3.11,1.57,BALL,6.55194,,,[],[],Josh Naylor walks.,True,False,False,False,True,True,False,False,False,False,False,True,True,True,False,False,False,6,17,False,False,False,True,False,False,1,6,NOT_THE_CASE
823954,SNAPSHOT,85e3d7eff1982823f22cb0ee8afdf7489b8b2a2ad9d77f2cfe09a31b2899cc5f,2026-05-10,ATL,LAD,7,2,1,bottom,823954:6:5,Kyle Tucker,Bryce Elder,3-1,2,100,0.194398,0.942479,3.351,1.691,BALL,7.53225,,,[],[],Kyle Tucker walks. Andy Pages to 2nd.,True,True,True,False,False,True,False,False,False,False,False,True,True,False,False,False,False,6,17,False,False,False,True,False,False,1,6,NOT_THE_CASE
823954,SNAPSHOT,85e3d7eff1982823f22cb0ee8afdf7489b8b2a2ad9d77f2cfe09a31b2899cc5f,2026-05-10,ATL,LAD,7,2,6,bottom,823954:43:3,Andy Pages,Bryce Elder,3-0,2,100,-0.0712774,1.47318,3.237,1.633,BALL,0.467878,,,[],[],Andy Pages walks. Freddie Freeman to 2nd.,True,False,True,False,False,True,False,False,False,False,False,True,True,True,False,False,False,6,17,False,False,False,True,False,False,1,6,NOT_THE_CASE
824756,SNAPSHOT,61f10022ef129f035e14d8d5d0ec55fc6cf5ea1a0474f63fe82505ce5b3f63f0,2026-05-27,ATL,BOS,0,8,4,bottom,824756:31:6,Mickey Gasper,Bryce Elder,3-2,0,100,0.732022,1.22409,3.094,1.561,BALL,2.60286,,,[],[],Mickey Gasper walks. Masataka Yoshida to 2nd.,True,False,True,False,True,True,False,False,False,False,False,True,True,False,False,False,False,6,17,False,False,False,True,False,False,1,6,NOT_THE_CASE
824916,SNAPSHOT,bae583c1927c57c84e2f486d5307478f2b1120530b78c8b3bcd904b1ac745b06,2026-06-07,PIT,ATL,2,3,3,top,824916:17:5,Jared Triolo,Bryce Elder,3-2,0,000,0.849854,2.73055,3.343,1.687,BALL,0.24825,,,[],[],"Sandy León challenged (pitch result), call on the field was confirmed: Jared Triolo walks.",True,False,False,False,True,True,False,False,False,False,False,True,True,True,False,False,False,6,17,False,False,False,True,False,False,1,6,NOT_THE_CASE
823207,SNAPSHOT,b95c7e0b817ade85defd57eee7e024be1bceecb4cad9b2a052231a211596f4d5,2026-06-27,ATL,SF,0,5,2,bottom,823207:15:6,Matt Chapman,Bryce Elder,3-2,1,001,0.775656,0.911005,3.251,1.641,BALL,7.34712,,,[],[],Matt Chapman walks.,True,False,False,True,True,True,False,False,False,False,False,True,True,False,False,False,False,6,17,False,False,False,True,False,False,1,6,NOT_THE_CASE
823359,SNAPSHOT,075ca31727c2dc3d84c051b4d04dea8ff85ce8a543e67e9e337296f8f06b05ab,2026-07-09,ATL,PIT,10,5,1,bottom,823359:7:10,Esmerlyn Valdez,Bryce Elder,3-2,2,010,-1.45471,4.48462,3.311,1.671,BALL,15.2402,,,[],[],Esmerlyn Valdez walks.,True,True,False,False,True,True,False,False,False,False,False,True,True,False,False,False,False,6,17,False,False,False,True,False,False,1,6,NOT_THE_CASE
824898,SNAPSHOT,85e544f046cff31ffe8bf84779a9cde05c4f3ea6dad81694bfb34f1930b67a63,2026-07-20,SD,ATL,2,3,1,top,824898:0:8,Fernando Tatis Jr.,Bryce Elder,3-2,0,000,0.22932,1.44964,3.346,1.689,BALL,1.42234,,,[],[],Fernando Tatis Jr. walks.,True,True,False,False,True,True,False,False,False,False,False,True,True,False,False,False,False,6,17,False,False,False,True,False,False,1,6,NOT_THE_CASE
824811,SNAPSHOT,d7b9c3d2bb24875279d305123acbe69b8d2dc337d2800793f8b981be146267f7,2026-07-25,ATL,BAL,2,3,1,bottom,824811:6:3,Taylor Ward,Bryce Elder,3-0,2,100,1.0703,0.56944,3.19,1.61,BALL,11.7706,,,[],[],Taylor Ward walks. Dylan Beavers to 2nd.,True,True,True,False,False,True,False,False,False,False,False,True,True,False,False,False,False,6,17,False,False,False,True,False,False,1,6,NOT_THE_CASE
824811,SNAPSHOT,d7b9c3d2bb24875279d305123acbe69b8d2dc337d2800793f8b981be146267f7,2026-07-25,ATL,BAL,2,3,2,bottom,824811:13:6,Leody Taveras,Bryce Elder,3-2,0,000,-0.770273,3.78867,3.287,1.659,BALL,4.6157,,,[],[],Leody Taveras walks.,True,False,False,False,True,True,False,False,False,False,False,True,True,True,False,False,False,6,17,False,False,False,True,False,False,1,6,NOT_THE_CASE
824811,SNAPSHOT,d7b9c3d2bb24875279d305123acbe69b8d2dc337d2800793f8b981be146267f7,2026-07-25,ATL,BAL,2,3,5,bottom,824811:37:5,Dylan Beavers,Bryce Elder,3-2,0,000,-0.427678,4.22054,3.417,1.725,BALL,8.19246,,,[],[],Dylan Beavers walks.,True,False,False,False,True,True,False,False,False,False,False,True,True,False,True,False,False,6,17,False,False,False,True,False,False,1,6,NOT_THE_CASE
824892,SNAPSHOT,cd3abd11aa6420219e7f67db83f579d7ed5baa80c23ac851520da5e00da004e7,2026-07-31,WSH,ATL,2,6,1,top,824892:3:6,CJ Abrams,Bryce Elder,3-2,2,010,1.68107,1.1372,3.223,1.626,BALL,11.6138,,,[],[],CJ Abrams walks.,True,True,False,False,True,True,False,False,False,False,False,True,True,False,False,False,False,6,17,False,False,False,True,False,False,1,6,NOT_THE_CASE
824887,SNAPSHOT,4cf9ddd40fb41cfae941459b4664895707bfd1ede2bc8a59051e1acd082f6e16,2026-08-10,NYM,ATL,8,5,9,top,824887:76:7,Bo Bichette,Victor Mederos,3-2,0,100,-1.56429,1.66452,3.162,1.596,BALL,8.82153,,,[],[],Bo Bichette walks. Francisco Lindor to 2nd.,True,False,True,False,True,True,False,False,False,False,False,True,True,False,False,False,False,6,17,True,False,False,False,False,False,1,6,NOT_THE_CASE
825104,SNAPSHOT,4e654bc1d18828bce97f84c27a74d6bab6ae5b79dc9f5cdea66e72f7d62f217d,2026-04-04,ATL,AZ,1,2,3,bottom,825104:23:4,Corbin Carroll,Bryce Elder,3-1,1,000,-0.647501,3.48842,3.103,1.566,BALL,3.17505,,,[],[],Corbin Carroll walks.,True,False,False,True,False,True,False,False,False,False,False,True,True,False,False,False,False,5,17,False,False,False,True,False,False,1,6,NOT_THE_CASE
824941,SNAPSHOT,03eeadcb39dc1599bbef5a8672db50a94496b7d0e288e487a25aeb7efa6cab88,2026-04-10,CLE,ATL,5,11,5,top,824941:34:4,Chase DeLauter,Bryce Elder,3-1,1,011,-1.04453,2.57625,3.339,1.685,BALL,2.58435,,,[],[],Chase DeLauter walks.,True,False,False,True,False,True,False,False,False,False,False,True,True,False,False,False,False,5,17,False,False,False,True,False,False,1,6,NOT_THE_CASE
823954,SNAPSHOT,85e3d7eff1982823f22cb0ee8afdf7489b8b2a2ad9d77f2cfe09a31b2899cc5f,2026-05-10,ATL,LAD,7,2,6,bottom,823954:42:4,Freddie Freeman,Bryce Elder,3-1,2,000,1.46012,2.15641,3.382,1.707,BALL,7.57142,,,[],[],Freddie Freeman walks.,True,False,False,False,False,True,False,False,False,False,False,True,True,True,False,False,False,5,17,False,False,False,True,False,False,1,6,NOT_THE_CASE
823954,SNAPSHOT,85e3d7eff1982823f22cb0ee8afdf7489b8b2a2ad9d77f2cfe09a31b2899cc5f,2026-05-10,ATL,LAD,7,2,6,bottom,823954:44:5,Kyle Tucker,Bryce Elder,3-1,2,110,-0.676245,4.49566,3.351,1.691,BALL,12.2859,,,[],[],Kyle Tucker walks. Freddie Freeman to 3rd. Andy Pages to 2nd.,True,False,True,False,False,True,False,False,False,False,False,True,True,False,False,False,False,5,17,False,False,False,True,False,False,1,6,NOT_THE_CASE
824922,SNAPSHOT,7c60a650967747f1266cbfe50eb59c54c91c011372ef614651eefa192eec9e72,2026-05-22,WSH,ATL,4,5,5,top,824922:31:5,James Wood,Bryce Elder,3-2,2,010,1.62651,2.08478,3.489,1.761,BALL,9.56808,,,[],[],James Wood walks.,True,False,False,False,True,True,False,False,False,False,False,True,True,False,False,False,False,5,17,False,False,False,True,False,False,1,6,NOT_THE_CASE
824916,SNAPSHOT,bae583c1927c57c84e2f486d5307478f2b1120530b78c8b3bcd904b1ac745b06,2026-06-07,PIT,ATL,2,3,3,top,824916:18:4,Henry Davis,Bryce Elder,3-1,0,100,0.564783,1.32306,3.188,1.609,BALL,1.98134,,,[],[],Henry Davis walks. Jared Triolo to 2nd.,True,False,True,False,False,True,False,False,False,False,False,True,True,False,False,False,False,5,17,False,False,False,True,False,False,1,6,NOT_THE_CASE
824900,SNAPSHOT,02508d9127e5133d5e4f556f610384fcb86fa3587b7d95e6930dd911bedeb4b8,2026-07-06,NYM,ATL,7,6,8,top,824900:64:4,Carson Benge,Tyler Kinley,3-1,1,000,-0.0806329,4.00755,3.259,1.645,BALL,7.53265,,,[],[],Carson Benge walks.,True,False,False,True,False,True,False,False,False,False,False,True,True,False,False,False,False,5,17,False,True,False,False,False,False,1,6,NOT_THE_CASE
823359,SNAPSHOT,075ca31727c2dc3d84c051b4d04dea8ff85ce8a543e67e9e337296f8f06b05ab,2026-07-09,ATL,PIT,10,5,2,bottom,823359:14:5,Nick Gonzales,Bryce Elder,3-2,0,000,0.911273,1.20358,3.051,1.54,BALL,3.26471,,,[],[],Nick Gonzales walks.,True,False,False,False,True,True,False,False,False,False,False,True,True,False,False,False,False,5,17,False,False,False,True,False,False,1,6,NOT_THE_CASE
824892,SNAPSHOT,cd3abd11aa6420219e7f67db83f579d7ed5baa80c23ac851520da5e00da004e7,2026-07-31,WSH,ATL,2,6,4,top,824892:29:6,Harry Ford,Bryce Elder,3-2,2,000,-0.141877,1.33487,3.123,1.576,BALL,1.44356,,,[],[],Harry Ford walks.,True,False,False,False,True,True,False,False,False,False,False,True,True,False,False,False,False,5,17,False,False,False,True,False,False,1,6,NOT_THE_CASE
824892,SNAPSHOT,cd3abd11aa6420219e7f67db83f579d7ed5baa80c23ac851520da5e00da004e7,2026-07-31,WSH,ATL,2,6,6,top,824892:41:4,CJ Abrams,Bryce Elder,3-1,1,000,-0.873095,2.26064,3.223,1.626,BALL,0.527141,,,[],[],CJ Abrams walks.,True,False,False,True,False,True,False,False,False,False,False,True,True,False,False,False,False,5,17,False,False,False,True,False,False,1,6,NOT_THE_CASE
824889,SNAPSHOT,2158b29a499f08db185582d4d06a1245912bc6208a5df990b531e3b5ce3159f2,2026-08-05,MIA,ATL,1,4,3,top,824889:17:6,Jakob Marsee,Bryce Elder,3-2,0,000,0.989117,2.16645,3.212,1.621,BALL,1.91941,,,[],[],Jakob Marsee walks.,True,False,False,False,True,True,False,False,False,False,False,True,True,False,False,False,False,5,17,False,False,False,True,False,False,1,6,NOT_THE_CASE
824887,SNAPSHOT,4cf9ddd40fb41cfae941459b4664895707bfd1ede2bc8a59051e1acd082f6e16,2026-08-10,NYM,ATL,8,5,6,top,824887:55:5,Bo Bichette,Brent Suter,3-2,2,000,-0.428422,1.13886,3.162,1.596,BALL,4.03568,,,[],[],Bo Bichette walks.,True,False,False,False,True,True,False,False,False,False,False,True,True,False,False,False,False,5,17,True,False,False,False,False,False,1,6,NOT_THE_CASE
824880,SNAPSHOT,601ae75249a805766466a462fd8031bbc53420af4fc9217379e3b5f716e26106,2026-08-16,AZ,ATL,3,5,5,top,824880:31:4,Tim Tawa,Bryce Elder,3-1,0,000,-1.22124,3.09031,3.163,1.596,BALL,4.70488,,,[],[],Tim Tawa walks.,True,False,False,False,False,True,False,False,False,False,True,True,True,False,False,False,False,5,17,False,False,False,True,False,False,1,6,NOT_THE_CASE
824911,SNAPSHOT,4f8fd748f733b2d19318c93207d8e48e99994f761cda4a0dd14640cc3b03053f,2026-08-31,SF,ATL,7,3,3,top,824911:18:4,Rafael Devers,Bryce Elder,3-1,1,000,-0.223398,0.574626,3.217,1.624,BALL,11.1425,,,[],[],Rafael Devers walks.,True,False,False,True,False,True,False,False,False,False,False,True,True,False,False,False,False,5,17,False,False,False,True,False,False,1,6,NOT_THE_CASE
824943,SNAPSHOT,92a95b0faddcc37576cda90e45eee028085b597e5c203009b3354c7a551ce050,2026-03-30,ATH,ATL,0,4,5,top,824943:40:3,Carlos Cortes,Bryce Elder,3-0,2,000,-0.465502,0.603688,2.99,1.509,BALL,9.41374,,,[],[],Carlos Cortes walks.,True,False,False,False,False,True,False,False,False,False,False,True,True,False,False,False,False,4,17,False,False,False,True,False,False,1,6,NOT_THE_CASE
823142,SNAPSHOT,32e102277c097935bd7a92debd43e726ee87e767ea4cf3cfc8c5ee9be3c7c256,2026-05-05,ATL,SEA,3,2,4,bottom,823142:30:4,Cole Young,Bryce Elder,3-1,2,010,1.41958,2.81048,3.133,1.581,BALL,7.08491,,,[],[],Cole Young walks.,True,False,False,False,False,True,False,False,False,False,False,True,True,False,False,False,False,4,17,False,False,False,True,False,False,1,6,NOT_THE_CASE
824918,SNAPSHOT,de1223089a41085cfe7f255e282470082fc03f35fd9123bed5f850eab858e961,2026-06-02,TOR,ATL,3,4,7,top,824918:49:3,Kazuma Okamoto,Bryce Elder,3-0,0,000,0.345231,0.0799233,3.256,1.643,BALL,17.3069,,,[],[],Kazuma Okamoto walks.,True,False,False,False,False,True,False,False,False,False,False,True,True,False,False,False,False,4,17,False,False,False,True,False,False,1,6,NOT_THE_CASE
823616,SNAPSHOT,a6cdf4e4dd1a493241913d1b626349f16462eac9d68eaae1d6c855387f38e80b,2026-06-13,ATL,NYM,3,1,3,bottom,823616:21:5,Carson Benge,Martín Pérez,3-1,2,000,-0.840181,2.0321,3.259,1.645,BALL,0.132178,,,[],[],"Carson Benge challenged (pitch result), call on the field was overturned: Carson Benge walks.",True,False,False,False,False,True,False,False,False,False,False,True,True,False,False,False,False,4,17,False,True,False,False,False,False,1,6,NOT_THE_CASE
823615,SNAPSHOT,1e3ab8d86735f7f43b963e3c7ef7cb5ee6a9edc0100834e300ed19349e4ae5f9,2026-06-14,ATL,NYM,1,8,4,bottom,823615:35:5,Juan Soto,Bryce Elder,3-1,2,000,0.0556532,4.15549,3.259,1.645,BALL,9.30793,,,[],[],Juan Soto walks.,True,False,False,False,False,True,False,False,False,False,False,True,True,False,False,False,False,4,17,False,False,False,True,False,False,1,6,NOT_THE_CASE
824811,SNAPSHOT,d7b9c3d2bb24875279d305123acbe69b8d2dc337d2800793f8b981be146267f7,2026-07-25,ATL,BAL,2,3,2,bottom,824811:15:4,Jackson Holliday,Bryce Elder,3-1,2,000,-0.0167544,0.709434,3.168,1.599,BALL,9.22479,,,[],[],Jackson Holliday walks.,True,False,False,False,False,True,False,False,False,False,False,True,True,False,False,False,False,4,17,False,False,False,True,False,False,1,6,NOT_THE_CASE
824911,SNAPSHOT,4f8fd748f733b2d19318c93207d8e48e99994f761cda4a0dd14640cc3b03053f,2026-08-31,SF,ATL,7,3,4,top,824911:24:4,Jung Hoo Lee,Bryce Elder,3-1,0,000,-0.727224,4.15144,3.224,1.627,BALL,9.68158,,,[],[],Jung Hoo Lee walks.,True,False,False,False,False,True,False,False,False,False,False,True,True,False,False,False,False,4,17,False,False,False,True,False,False,1,6,NOT_THE_CASE
824911,SNAPSHOT,4f8fd748f733b2d19318c93207d8e48e99994f761cda4a0dd14640cc3b03053f,2026-08-31,SF,ATL,7,3,5,top,824911:33:4,Rafael Devers,Bryce Elder,3-1,2,000,-0.837112,1.43819,3.217,1.624,BALL,1.2629,,,[],[],Rafael Devers walks.,True,False,False,False,False,True,False,False,False,False,False,True,True,False,False,False,False,4,17,False,False,False,True,False,False,1,6,NOT_THE_CASE
824884,SNAPSHOT,c7ac1522d51b2db6dd47d7493c301633640f3a985df0eea10b47ec3adbecfa8c,2026-08-15,AZ,ATL,10,3,9,top,824884:70:4,Nolan Arenado,Danny Young,3-1,1,100,-0.417003,3.41832,3.277,1.654,BALL,0.245893,,,[],[],Nolan Arenado walks. Gabriel Moreno to 2nd.,True,False,True,True,False,True,False,False,False,False,True,True,True,True,True,False,False,9,17,False,False,False,False,False,False,0,6,NOT_THE_CASE
822687,SNAPSHOT,cd0d9ab314bb542aade773874de9685da5818fc6531ca66aa9c2dfc948b32106,2026-09-01,ATL,WSH,5,9,2,bottom,822687:13:8,Harry Ford,AJ Smith-Shawver,3-2,1,000,0.768765,3.04321,3.123,1.576,STRIKE,-0.724817,,,[],[],Harry Ford walks.,True,False,False,True,True,True,False,False,False,True,True,True,True,True,False,False,False,9,17,False,False,False,False,False,False,0,6,NOT_THE_CASE
823419,SNAPSHOT,468d5e164dbbeca1a62d97217ad79fe6cdf3b9057b5e749e3dbc9f49be0dfbe9,2026-09-05,ATL,PHI,2,4,1,bottom,823419:10:5,Alec Bohm,Martín Pérez,3-2,1,110,-0.601815,3.74789,3.407,1.719,BALL,2.64069,,,[],[],Alec Bohm walks. Trea Turner to 3rd. Luis Arraez to 2nd.,True,True,True,True,True,True,False,False,False,False,False,True,True,True,False,False,False,9,17,False,False,False,False,False,False,0,6,NOT_THE_CASE
823415,SNAPSHOT,c38bc6347cdf4d8652932c2a5bac4eeacba557f46a46d1479a8e680fa483725e,2026-09-07,ATL,PHI,0,1,1,bottom,823415:5:5,Bryce Harper,Grant Holmes,3-2,1,100,-0.164313,0.46643,3.265,1.648,BALL,12.7288,,,[],[],Bryce Harper walks. Kyle Schwarber to 2nd.,True,True,True,True,True,True,False,False,False,False,False,True,True,True,False,False,False,9,17,False,False,False,False,False,False,0,6,NOT_THE_CASE
824935,SNAPSHOT,84fe3ceeb4d986a3a6ec22a4766a2cf1ae046dc5b8bee25347b24c64ee8e9f03,2026-04-14,MIA,ATL,5,6,1,top,824935:1:7,Xavier Edwards,Reynaldo López,3-1,0,100,-0.404686,1.42267,3.055,1.542,STRIKE,-0.0180213,,,[],[],"Xavier Edwards walks. Jakob Marsee to 3rd. Jakob Marsee advances to 3rd, on a throwing error by catcher Drake Baldwin.",True,True,True,False,False,True,False,True,False,True,False,True,True,False,False,False,False,8,17,False,False,False,False,False,False,0,6,NOT_THE_CASE
822747,SNAPSHOT,a69584bec36886684796ab69dd542c372a3e4e474dbcf3c28f885db58c1f5741,2026-04-21,ATL,WSH,4,11,1,bottom,822747:3:5,James Wood,Reynaldo López,3-2,0,000,0.274657,1.76594,3.489,1.761,STRIKE,-1.50926,,,[],[],James Wood walks.,True,True,False,False,True,True,False,False,False,True,False,True,True,True,False,False,False,8,17,False,False,False,False,False,False,0,6,NOT_THE_CASE
822747,SNAPSHOT,a69584bec36886684796ab69dd542c372a3e4e474dbcf3c28f885db58c1f5741,2026-04-21,ATL,WSH,4,11,4,bottom,822747:36:6,Jacob Young,José Suarez,3-2,1,100,-1.03125,1.79064,3.188,1.609,BALL,2.42506,,,[],[],Jacob Young walks. James Wood to 2nd.,True,False,True,True,True,True,False,False,False,False,False,True,True,True,False,False,False,8,17,False,False,False,False,False,False,0,6,NOT_THE_CASE
822747,SNAPSHOT,a69584bec36886684796ab69dd542c372a3e4e474dbcf3c28f885db58c1f5741,2026-04-21,ATL,WSH,4,11,8,bottom,822747:75:5,Nasim Nuñez,Joel Payamps,3-2,1,000,1.63178,1.25892,3.045,1.537,BALL,10.1228,,,[],[],Nasim Nuñez walks.,True,False,False,True,True,True,False,False,False,False,False,True,True,True,True,False,False,8,17,False,False,False,False,False,False,0,6,NOT_THE_CASE
824366,SNAPSHOT,4f3ac016db64fab482d2fe292bb6a8dc89b9c699d211bed4a92868d714d7c8fe,2026-05-01,ATL,COL,8,6,1,bottom,824366:4:6,Edouard Julien,Grant Holmes,3-2,0,000,-1.1732,3.64051,3.235,1.633,BALL,5.95258,,,[],[],Edouard Julien walks.,True,True,False,False,True,True,False,False,False,False,False,True,True,True,False,True,False,8,17,False,False,False,False,False,False,0,6,NOT_THE_CASE
824366,SNAPSHOT,4f3ac016db64fab482d2fe292bb6a8dc89b9c699d211bed4a92868d714d7c8fe,2026-05-01,ATL,COL,8,6,1,bottom,824366:12:5,Jake McCarthy,Grant Holmes,3-2,2,001,-0.893292,3.13546,3.229,1.629,BALL,0.769506,,,[],[],Jake McCarthy walks.,True,True,False,False,True,True,False,False,False,False,True,True,True,False,False,True,False,8,17,False,False,False,False,False,False,0,6,NOT_THE_CASE
824364,SNAPSHOT,d98da8c363219f4eae06cfdc79817019d00d82ca247bf3c6195ca06246e1fb9e,2026-05-03,ATL,COL,11,6,2,bottom,824364:17:4,Jake McCarthy,Spencer Strider,3-0,1,100,-0.834712,3.32321,3.229,1.629,BALL,0.441538,,,[],[],Jake McCarthy walks. Ezequiel Tovar to 2nd.,True,False,True,True,False,True,False,False,False,False,True,True,True,True,False,False,False,8,17,False,False,False,False,False,False,0,6,NOT_THE_CASE
823867,SNAPSHOT,d05be4248c382268d8deb61dd0588352e030cc8b26b9ad7e7a18a28a691840d8,2026-05-18,ATL,MIA,0,12,5,bottom,823867:42:4,Jakob Marsee,Aaron Bummer,3-1,1,100,-1.07157,1.10119,3.212,1.621,BALL,6.15972,,,[],[],Jakob Marsee walks. Kyle Stowers to 2nd.,True,False,True,True,False,True,False,False,False,False,False,True,True,True,True,False,False,8,17,False,False,False,False,False,False,0,6,NOT_THE_CASE
823867,SNAPSHOT,d05be4248c382268d8deb61dd0588352e030cc8b26b9ad7e7a18a28a691840d8,2026-05-18,ATL,MIA,0,12,5,bottom,823867:43:4,Connor Norby,Aaron Bummer,3-0,1,110,0.260088,1.29609,3.113,1.571,BALL,1.84895,,,[],[],Connor Norby walks. Kyle Stowers to 3rd. Jakob Marsee to 2nd.,True,False,True,True,False,True,False,False,False,False,False,True,True,True,True,False,False,8,17,False,False,False,False,False,False,0,6,NOT_THE_CASE
823867,SNAPSHOT,d05be4248c382268d8deb61dd0588352e030cc8b26b9ad7e7a18a28a691840d8,2026-05-18,ATL,MIA,0,12,5,bottom,823867:44:5,Joe Mack,Aaron Bummer,3-1,1,111,-1.03623,1.4306,3.221,1.625,BALL,3.12427,,,[],[],Joe Mack walks. Kyle Stowers scores. Jakob Marsee to 3rd. Connor Norby to 2nd.,True,False,True,True,False,True,False,False,False,False,False,True,True,True,True,False,False,8,17,False,False,False,False,False,False,0,6,NOT_THE_CASE
824513,SNAPSHOT,db795ddac10dcd7ff288230050a4400cef8b252aedb4aec8815b7fdee923ffb5,2026-05-30,ATL,CIN,5,2,2,bottom,824513:12:5,Spencer Steer,Martín Pérez,3-2,1,000,-1.36867,2.78198,3.096,1.563,BALL,6.47408,,,[],[],Spencer Steer walks.,True,False,False,True,True,True,False,False,False,False,False,True,True,True,True,False,False,8,17,False,False,False,False,False,False,0,6,NOT_THE_CASE
824916,SNAPSHOT,bae583c1927c57c84e2f486d5307478f2b1120530b78c8b3bcd904b1ac745b06,2026-06-07,PIT,ATL,2,3,8,top,824916:56:7,Spencer Horwitz,Reynaldo López,3-2,1,100,-2.02478,2.74908,3.133,1.581,BALL,14.3473,,,[],[],Spencer Horwitz walks. Endy Rodríguez to 2nd.,True,False,True,True,True,True,False,False,False,False,False,True,True,True,False,False,False,8,17,False,False,False,False,False,False,0,6,NOT_THE_CASE
824912,SNAPSHOT,abfe8140a4de155d11475bf69aa16404270283a90cf9a6f7f1ff96edad732800,2026-06-16,SF,ATL,7,2,1,top,824912:3:7,Rafael Devers,Grant Holmes,3-2,1,101,-1.62341,3.79784,3.217,1.624,BALL,11.5562,,,[],[],Rafael Devers walks. Bryce Eldridge to 2nd.,True,True,True,True,True,True,False,False,False,False,False,True,True,False,False,False,False,8,17,False,False,False,False,False,False,0,6,NOT_THE_CASE
824912,SNAPSHOT,abfe8140a4de155d11475bf69aa16404270283a90cf9a6f7f1ff96edad732800,2026-06-16,SF,ATL,7,2,2,top,824912:14:6,Drew Gilbert,Grant Holmes,3-2,0,100,-0.0362811,1.57615,3.059,1.544,STRIKE,-1.8358,,,[],[],Drew Gilbert walks. Casey Schmitt to 2nd.,True,False,True,False,True,True,False,False,False,True,False,True,True,True,False,False,False,8,17,False,False,False,False,False,False,0,6,NOT_THE_CASE
823206,SNAPSHOT,8a854ff606362c25abb9a9a796784a75bf4f6815650bfb92c9d3a6b2b07757ae,2026-06-26,ATL,SF,3,1,5,bottom,823206:40:7,Victor Bericoto,Hurston Waldrep,3-2,1,100,0.631473,-0.182081,3.256,1.643,BALL,20.451,,,[],[],Victor Bericoto walks. Drew Cavanaugh to 2nd.,True,False,True,True,True,True,False,False,False,False,False,True,True,True,False,False,False,8,17,False,False,False,False,False,False,0,6,NOT_THE_CASE
824902,SNAPSHOT,0a6c7a3c8813542932712e23d97fcf44a157510df9f64167a40229da4327e690,2026-07-05,NYM,ATL,10,9,9,top,824902:67:7,Francisco Lindor,Carlos Carrasco,3-2,2,100,-1.03743,2.96533,3.108,1.568,BALL,2.49911,,,[],[],Francisco Lindor walks. Brett Baty to 2nd.,True,False,True,False,True,True,False,False,False,False,True,True,True,True,False,False,False,8,17,False,False,False,False,False,False,0,6,NOT_THE_CASE
823361,SNAPSHOT,ca19020dbee84c10fba1096f0430eaf8a8d6a2d11aace1cdd4519e090ec211c2,2026-07-07,ATL,PIT,4,12,1,bottom,823361:8:6,Bryan Reynolds,Hurston Waldrep,3-2,0,110,-1.7013,2.7165,3.284,1.657,BALL,10.4656,,,[],[],Bryan Reynolds walks. Jake Mangum to 3rd. Brandon Lowe to 2nd.,True,True,True,False,True,True,False,False,False,False,False,True,True,False,True,False,False,8,17,False,False,False,False,False,False,0,6,NOT_THE_CASE
824899,SNAPSHOT,e3bd45f6c253621fe473a35e03624ba7f71cd428cb5836d161a5ae73293fb378,2026-07-18,TEX,ATL,7,6,2,top,824899:9:5,Ezequiel Duran,Owen Murphy,3-2,1,000,0.263818,1.46971,3.126,1.578,STRIKE,-0.150479,,,[],[],Ezequiel Duran walks.,True,False,False,True,True,True,False,False,False,True,False,True,True,True,False,False,False,8,17,False,False,False,False,False,False,0,6,NOT_THE_CASE
823513,SNAPSHOT,4a34ca2cfa1d862bf8afee3b3cb539f44cb2eb1038d6670b27df8b2c01358a92,2026-08-09,ATL,NYY,2,1,5,bottom,823513:30:5,Spencer Jones,Grant Holmes,3-2,1,000,0.147681,3.51416,3.5,1.766,STRIKE,-1.28011,,,[],[],Spencer Jones walks.,True,False,False,True,True,True,False,False,False,True,True,True,True,False,False,False,False,8,17,False,False,False,False,False,False,0,6,NOT_THE_CASE
823668,SNAPSHOT,b20688e8271830618026a78c49011e71e3b4a10a62b27e923d59311b71f23f66,2026-08-17,ATL,MIN,2,4,1,bottom,823668:6:7,Byron Buxton,Martín Pérez,3-2,0,010,-1.55552,3.19002,3.258,1.644,BALL,8.7162,,,[],[],Byron Buxton walks.,True,True,False,False,True,True,False,False,False,False,True,True,True,True,False,False,False,8,17,False,False,False,False,False,False,0,6,NOT_THE_CASE
823664,SNAPSHOT,f5e702d92ea6c177538ec2f56b927653e714dbada9f6a358258a71ff3d856f2e,2026-08-19,ATL,MIN,4,6,5,bottom,823664:39:8,Byron Buxton,AJ Smith-Shawver,3-2,1,110,1.3505,-0.00376419,3.258,1.644,BALL,19.7717,,,[],[],Byron Buxton walks. Kaelen Culpepper to 3rd. Luke Keaschall to 2nd.,True,False,True,True,True,True,False,False,False,False,False,True,True,True,False,False,False,8,17,False,False,False,False,False,False,0,6,NOT_THE_CASE
823743,SNAPSHOT,81dbbca187201ca874c13acdfa8192b9ada96e6df72405106718a3bb7003b33d,2026-08-22,ATL,MIL,1,4,1,bottom,823743:9:11,Jake Bauers,Martín Pérez,3-2,2,100,1.0279,3.33213,3.217,1.624,BALL,2.62606,,,[],[],Jake Bauers walks. Jackson Chourio to 2nd.,True,True,True,False,True,True,False,False,False,False,True,True,True,False,False,False,False,8,17,False,False,False,False,False,False,0,6,NOT_THE_CASE
824877,SNAPSHOT,0092f7288d8d7cee782451f1b57877cf7202bcb07ce9b324b93bcc204733a949,2026-08-28,COL,ATL,4,6,7,top,824877:62:6,TJ Rumfield,Ray Kerr,3-2,1,110,-0.816851,1.9125,3.423,1.727,STRIKE,-0.147786,,,[],[],TJ Rumfield walks. Jake McCarthy to 3rd. Hunter Goodman to 2nd.,True,False,True,True,True,True,False,False,False,True,False,True,True,False,False,False,False,8,17,False,False,False,False,False,False,0,6,NOT_THE_CASE
824627,POST_SNAPSHOT_CASE_STUDY_ONLY,5473f82c572bae5d6a45724f565cecf7e6e046ea45242d5d5d13cc018951e713,2026-09-15,ATL,CHC,6,3,1,bottom,824627:7:5,Tyrone Taylor,Martín Pérez,3-2,2,100,-0.827346,3.28965,3.231,1.631,BALL,0.142151,,,[],[],Tyrone Taylor walks. Alex Bregman to 2nd.,True,True,True,False,True,True,False,False,False,False,True,True,True,False,False,False,False,8,17,False,False,False,False,False,False,0,6,NOT_THE_CASE
825103,SNAPSHOT,5f772db9a6e7ee7470054c98352fce7d2cef9b36ae493b7b28e74534a2e76f16,2026-04-03,ATL,AZ,2,0,6,bottom,825103:42:5,Corbin Carroll,Grant Holmes,3-2,1,100,-0.00366116,4.54894,3.103,1.566,BALL,15.9013,,,[],[],Corbin Carroll walks. Ketel Marte to 2nd.,True,False,True,True,True,True,False,False,False,False,False,True,True,False,False,False,False,7,17,False,False,False,False,False,False,0,6,NOT_THE_CASE
825102,SNAPSHOT,0833ecdb80cb7f66336356cd41b73d76fe6b579b8947abb289d0e31f0df44777,2026-04-05,ATL,AZ,5,6,4,bottom,825102:27:6,Nolan Arenado,Martín Pérez,3-2,1,010,-1.36993,3.15962,3.277,1.654,BALL,6.48915,,,[],[],Nolan Arenado walks.,True,False,False,True,True,True,False,False,False,False,True,True,True,False,False,False,False,7,17,False,False,False,False,False,False,0,6,NOT_THE_CASE
824052,SNAPSHOT,7ffd8e6481d7810e2bf09f1e2d9eafcb26c002010352049ba7ff880198034b69,2026-04-06,ATL,LAA,2,6,4,bottom,824052:25:6,Jeimer Candelario,Chris Sale,3-2,0,110,1.64429,1.7443,3.232,1.631,BALL,9.78151,,,[],[],Jeimer Candelario walks. Jorge Soler to 3rd. Jo Adell to 2nd.,True,False,True,False,True,True,False,False,False,False,False,True,True,True,False,False,False,7,17,False,False,False,False,False,False,0,6,NOT_THE_CASE
824050,SNAPSHOT,0c600933a5eac8b8880f96a17e1b120d413c15ccb8cb9401cae8830f832b49d4,2026-04-08,ATL,LAA,8,2,2,bottom,824050:15:6,Josh Lowe,Grant Holmes,3-2,0,110,1.27325,0.991855,3.355,1.693,BALL,9.35492,,,[],[],Josh Lowe walks. Yoán Moncada to 3rd. Jo Adell to 2nd.,True,False,True,False,True,True,False,False,False,False,False,True,True,True,False,False,False,7,17,False,False,False,False,False,False,0,6,NOT_THE_CASE
824939,SNAPSHOT,125d629d20c7e18b2af4e5dc879961b61790bfa3e1e48d5f654eb7e3b7b891f1,2026-04-11,CLE,ATL,6,0,6,top,824939:42:7,Chase DeLauter,Aaron Bummer,3-1,1,011,-0.141376,1.60877,3.339,1.685,STRIKE,-0.535278,,,[],[],"Jonah Heim challenged (pitch result), call on the field was confirmed: Chase DeLauter walks.",True,False,False,True,False,True,False,False,False,True,False,True,True,True,False,False,False,7,17,False,False,False,False,False,False,0,6,NOT_THE_CASE
824938,SNAPSHOT,74b95d358c0020218fb7ba931334765464dc8065247ebb1c632b6e0a5bcd867b,2026-04-12,CLE,ATL,1,13,3,top,824938:21:6,Chase DeLauter,Chris Sale,3-2,1,000,-0.813712,2.42083,3.339,1.685,STRIKE,-0.185455,,,[],[],Chase DeLauter walks.,True,False,False,True,True,True,False,False,False,True,False,True,True,False,False,False,False,7,17,False,False,False,False,False,False,0,6,NOT_THE_CASE
824937,SNAPSHOT,64bb00063eb6396e9b98a9a00b50ddb542b3d65b82a5a10c9bc03540578d5349,2026-04-13,MIA,ATL,10,4,4,top,824937:20:8,Xavier Edwards,Grant Holmes,3-2,0,100,-1.08471,1.78533,3.055,1.542,BALL,3.06649,,,[],[],Xavier Edwards walks. Jakob Marsee to 2nd.,True,False,True,False,True,True,False,False,False,False,False,True,True,True,False,False,False,7,17,False,False,False,False,False,False,0,6,NOT_THE_CASE
823476,SNAPSHOT,760370153962f8778f448ca59237ba6b4f72cd28a86923f85fd17f21d0f200c0,2026-04-17,ATL,PHI,9,0,1,bottom,823476:10:5,Adolis García,Martín Pérez,3-1,1,110,1.22038,4.47987,3.216,1.623,BALL,14.9138,,,[],[],Adolis García walks. Kyle Schwarber to 3rd. Bryce Harper to 2nd.,True,True,True,True,False,True,False,False,False,False,False,True,True,False,False,False,False,7,17,False,False,False,False,False,False,0,6,NOT_THE_CASE
823474,SNAPSHOT,23757e99c99ee748494df21e2c6d91063f55cb3bb817a43e0ec6b055748f7662,2026-04-18,ATL,PHI,3,1,1,bottom,823474:7:11,Adolis García,Chris Sale,3-2,2,001,1.19866,3.40361,3.216,1.623,BALL,4.84986,,,[],[],Adolis García walks.,True,True,False,False,True,True,False,False,False,False,True,True,True,False,False,False,False,7,17,False,False,False,False,False,False,0,6,NOT_THE_CASE
822747,SNAPSHOT,a69584bec36886684796ab69dd542c372a3e4e474dbcf3c28f885db58c1f5741,2026-04-21,ATL,WSH,4,11,1,bottom,822747:6:7,CJ Abrams,Reynaldo López,3-2,0,011,-0.912775,4.27607,3.223,1.626,BALL,11.4228,,,[],[],CJ Abrams walks.,True,True,False,False,True,True,False,False,False,False,False,True,True,True,False,False,False,7,17,False,False,False,False,False,False,0,6,NOT_THE_CASE
822747,SNAPSHOT,a69584bec36886684796ab69dd542c372a3e4e474dbcf3c28f885db58c1f5741,2026-04-21,ATL,WSH,4,11,1,bottom,822747:7:4,Daylen Lile,Reynaldo López,3-1,0,111,-1.44304,3.22713,3.181,1.605,BALL,7.38382,,,[],[],Daylen Lile walks. Luis García Jr. scores. Jacob Young to 3rd. CJ Abrams to 2nd.,True,True,True,False,False,True,False,False,False,False,True,True,True,False,False,False,False,7,17,False,False,False,False,False,False,0,6,NOT_THE_CASE
822747,SNAPSHOT,a69584bec36886684796ab69dd542c372a3e4e474dbcf3c28f885db58c1f5741,2026-04-21,ATL,WSH,4,11,7,bottom,822747:62:8,Curtis Mead,Ian Hamilton,3-2,1,000,0.996343,1.78871,3.247,1.639,BALL,2.00612,,,[],[],Curtis Mead walks.,True,False,False,True,True,True,False,False,False,False,False,True,True,True,False,False,False,7,17,False,False,False,False,False,False,0,6,NOT_THE_CASE
822747,SNAPSHOT,a69584bec36886684796ab69dd542c372a3e4e474dbcf3c28f885db58c1f5741,2026-04-21,ATL,WSH,4,11,8,bottom,822747:76:8,Brady House,Joel Payamps,3-2,1,001,-0.0899301,1.2003,3.371,1.701,BALL,4.55838,,,[],[],Brady House walks.,True,False,False,True,True,True,False,False,False,False,False,True,True,False,True,False,False,7,17,False,False,False,False,False,False,0,6,NOT_THE_CASE
824932,SNAPSHOT,07fa3ab32601ddbead42c802d14f677a9375ca3b9703778851e0d40e33a95d0b,2026-04-24,PHI,ATL,3,5,4,top,824932:29:5,Alec Bohm,Grant Holmes,3-2,1,000,1.343,0.986673,3.407,1.719,BALL,10.1789,,,[],[],Alec Bohm walks.,True,False,False,True,True,True,False,False,False,False,False,True,True,True,False,False,False,7,17,False,False,False,False,False,False,0,6,NOT_THE_CASE
824931,SNAPSHOT,c09f5de02a8dc1a1e6c3930ff2c04eabdde1449085770ab3686991451137a696,2026-04-28,DET,ATL,2,5,2,top,824931:9:9,Dillon Dingler,Martín Pérez,3-2,1,000,-0.300162,0.698512,3.272,1.651,BALL,9.97986,,,[],[],Dillon Dingler walks.,True,False,False,True,True,True,False,False,False,False,False,True,True,True,False,False,False,7,17,False,False,False,False,False,False,0,6,NOT_THE_CASE
824930,SNAPSHOT,9ba4b1960b4ae9e98c1359bbd6c70591090e847e5d316369eed4271d8c6bcb28,2026-04-29,DET,ATL,3,4,1,top,824930:1:7,Gleyber Torres,JR Ritchie,3-2,1,000,0.901203,2.81857,3.13,1.579,BALL,0.864432,,,[],[],Gleyber Torres walks.,True,True,False,True,True,True,False,False,False,False,False,True,True,False,False,False,False,7,17,False,False,False,False,False,False,0,6,NOT_THE_CASE
824366,SNAPSHOT,4f3ac016db64fab482d2fe292bb6a8dc89b9c699d211bed4a92868d714d7c8fe,2026-05-01,ATL,COL,8,6,5,bottom,824366:41:6,Tyler Freeman,Grant Holmes,3-2,1,000,-0.989919,3.20676,3.151,1.59,BALL,1.99466,,,[],[],Tyler Freeman walks.,True,False,False,True,True,True,False,False,False,False,True,True,True,False,False,False,False,7,17,False,False,False,False,False,False,0,6,NOT_THE_CASE
824365,SNAPSHOT,4b47da80b633174269c06176a401e51bb4a3807dc3d8b7d5a99b9299bf34e44a,2026-05-02,ATL,COL,9,1,5,bottom,824365:42:6,Kyle Karros,Chris Sale,3-2,0,000,1.80548,3.32437,3.432,1.732,BALL,11.7158,,,[],[],Kyle Karros walks.,True,False,False,False,True,True,False,False,False,False,True,True,True,True,False,False,False,7,17,False,False,False,False,False,False,0,6,NOT_THE_CASE
824365,SNAPSHOT,4b47da80b633174269c06176a401e51bb4a3807dc3d8b7d5a99b9299bf34e44a,2026-05-02,ATL,COL,9,1,5,bottom,824365:43:3,Ezequiel Tovar,Chris Sale,3-0,0,100,0.644288,3.22398,3.219,1.625,STRIKE,-1.39028,,,[],[],Ezequiel Tovar walks. Kyle Karros to 2nd.,True,False,True,False,False,True,False,False,False,True,True,True,True,False,False,False,False,7,17,False,False,False,False,False,False,0,6,NOT_THE_CASE
824364,SNAPSHOT,d98da8c363219f4eae06cfdc79817019d00d82ca247bf3c6195ca06246e1fb9e,2026-05-03,ATL,COL,11,6,1,bottom,824364:3:8,Edouard Julien,Spencer Strider,3-2,0,000,0.479534,0.567312,3.235,1.633,BALL,11.3383,,,[],[],Edouard Julien walks.,True,True,False,False,True,True,False,False,False,False,False,True,True,True,False,False,False,7,17,False,False,False,False,False,False,0,6,NOT_THE_CASE
824364,SNAPSHOT,d98da8c363219f4eae06cfdc79817019d00d82ca247bf3c6195ca06246e1fb9e,2026-05-03,ATL,COL,11,6,7,bottom,824364:66:5,Troy Johnston,Reynaldo López,3-1,0,100,-0.80513,3.13177,3.159,1.594,STRIKE,-0.288438,,,[],[],Troy Johnston walks. TJ Rumfield to 2nd.,True,False,True,False,False,True,False,False,False,True,True,True,True,False,False,False,False,7,17,False,False,False,False,False,False,0,6,NOT_THE_CASE
823143,SNAPSHOT,53e7e14a24e39c370c7eb04cbfe962e832d1ee4b5bd40d642a7096c2ed0f3370,2026-05-04,ATL,SEA,4,5,5,bottom,823143:37:7,J.P. Crawford,JR Ritchie,3-2,2,100,-0.72107,1.11354,3.219,1.625,BALL,4.68944,,,[],[],J.P. Crawford walks. Leo Rivas to 2nd.,True,False,True,False,True,True,False,False,False,False,False,True,True,True,False,False,False,7,17,False,False,False,False,False,False,0,6,NOT_THE_CASE
823143,SNAPSHOT,53e7e14a24e39c370c7eb04cbfe962e832d1ee4b5bd40d642a7096c2ed0f3370,2026-05-04,ATL,SEA,4,5,6,bottom,823143:47:4,Dominic Canzone,JR Ritchie,3-1,0,100,-0.900738,2.7523,3.209,1.619,BALL,0.858852,,,[],[],Dominic Canzone walks. Randy Arozarena to 2nd.,True,False,True,False,False,True,False,False,False,False,False,True,True,True,True,False,False,7,17,False,False,False,False,False,False,0,6,NOT_THE_CASE
823143,SNAPSHOT,53e7e14a24e39c370c7eb04cbfe962e832d1ee4b5bd40d642a7096c2ed0f3370,2026-05-04,ATL,SEA,4,5,7,bottom,823143:61:8,Connor Joe,Aaron Bummer,3-2,1,101,-1.95795,1.00085,3.173,1.602,BALL,15.1903,,,[],[],Connor Joe walks. Rob Refsnyder to 2nd.,True,False,True,True,True,True,False,False,False,False,False,True,True,False,False,False,False,7,17,False,False,False,False,False,False,0,6,NOT_THE_CASE
824927,SNAPSHOT,fa94519ac800b0e5b5388e3fb82dc2207cae377f3e7ec2cd2853de6c8057fce9,2026-05-12,CHC,ATL,2,5,4,top,824927:23:7,Ian Happ,Grant Holmes,3-2,1,000,0.371153,1.24842,3.137,1.583,BALL,2.56493,,,[],[],Ian Happ walks.,True,False,False,True,True,True,False,False,False,False,False,True,True,True,False,False,False,7,17,False,False,False,False,False,False,0,6,NOT_THE_CASE
824927,SNAPSHOT,fa94519ac800b0e5b5388e3fb82dc2207cae377f3e7ec2cd2853de6c8057fce9,2026-05-12,CHC,ATL,2,5,4,top,824927:24:4,Seiya Suzuki,Grant Holmes,3-0,1,100,0.860136,2.35136,3.178,1.604,BALL,0.371627,,,[],[],Seiya Suzuki walks. Ian Happ to 2nd.,True,False,True,True,False,True,False,False,False,False,False,True,True,True,False,False,False,7,17,False,False,False,False,False,False,0,6,NOT_THE_CASE
824928,SNAPSHOT,83014f65cae6e9473ac92984bc7287b159a5ee66570bfb53989bf8afff2a1f50,2026-05-13,CHC,ATL,1,4,4,top,824928:22:6,Ian Happ,JR Ritchie,3-2,1,100,1.10958,0.945395,3.137,1.583,BALL,7.59019,,,[],[],Ian Happ walks. Alex Bregman to 2nd.,True,False,True,True,True,True,False,False,False,False,False,True,True,False,False,False,False,7,17,False,False,False,False,False,False,0,6,NOT_THE_CASE
823867,SNAPSHOT,d05be4248c382268d8deb61dd0588352e030cc8b26b9ad7e7a18a28a691840d8,2026-05-18,ATL,MIA,0,12,4,bottom,823867:30:5,Connor Norby,JR Ritchie,3-2,1,110,-0.0766035,1.38368,3.113,1.571,BALL,0.797855,,,[],[],Connor Norby walks. Kyle Stowers to 3rd. Jakob Marsee to 2nd.,True,False,True,True,True,True,False,False,False,False,False,True,True,False,False,False,False,7,17,False,False,False,False,False,False,0,6,NOT_THE_CASE
823865,SNAPSHOT,14fbdc2b1cab8ab56caa486feed1d88de7b94ba31857e0848b59be25f2f15573,2026-05-19,ATL,MIA,8,4,1,bottom,823865:11:5,Esteury Ruiz,Martín Pérez,3-2,2,100,-0.548335,1.39489,3.166,1.598,BALL,0.987297,,,[],[],"Sandy León challenged (pitch result), call on the field was confirmed: Esteury Ruiz walks. Otto Lopez to 2nd.",True,True,True,False,True,True,False,False,False,False,False,True,True,False,False,False,False,7,17,False,False,False,False,False,False,0,6,NOT_THE_CASE
823865,SNAPSHOT,14fbdc2b1cab8ab56caa486feed1d88de7b94ba31857e0848b59be25f2f15573,2026-05-19,ATL,MIA,8,4,6,bottom,823865:51:6,Connor Norby,Didier Fuentes,3-2,1,000,0.752974,1.73913,3.113,1.571,STRIKE,-0.914314,,,[],[],Connor Norby walks.,True,False,False,True,True,True,False,False,False,True,False,True,True,False,False,False,False,7,17,False,False,False,False,False,False,0,6,NOT_THE_CASE
824757,SNAPSHOT,0ae54f7eadfa384de7fd537a7069ce2920a0d81ec0b7bed7c9f7a6fc497f67d1,2026-05-28,ATL,BOS,10,2,2,bottom,824757:12:5,Isiah Kiner-Falefa,Chris Sale,3-2,1,000,0.103553,3.32504,3.125,1.577,BALL,0.95047,,,[],[],"Isiah Kiner-Falefa challenged (pitch result), call on the field was overturned: Isiah Kiner-Falefa walks.",True,False,False,True,True,True,False,False,False,False,True,True,True,False,False,False,False,7,17,False,False,False,False,False,False,0,6,NOT_THE_CASE
824917,SNAPSHOT,23e2b749b0daebb235eec84bc8cfb72a4ff647b61e4f11a9e7faf5005feeed54,2026-06-03,TOR,ATL,3,7,1,top,824917:2:5,Vladimir Guerrero Jr.,Grant Holmes,3-2,0,110,1.32221,0.73507,3.209,1.619,BALL,11.4643,,,[],[],Vladimir Guerrero Jr. walks. Nathan Lukes to 3rd. Yohendrick Piñango to 2nd.,True,True,True,False,True,True,False,False,False,False,False,True,True,False,False,False,False,7,17,False,False,False,False,False,False,0,6,NOT_THE_CASE
824591,SNAPSHOT,f9a62438b0287c3c3a5f6f98514670558707d29fb78bada887387edc69735794,2026-06-09,ATL,CWS,5,6,3,bottom,824591:27:6,Sam Antonacci,Grant Holmes,3-2,2,000,-0.771009,3.27634,3.154,1.592,BALL,0.199504,,,[],[],Sam Antonacci walks.,True,False,False,False,True,True,False,False,False,False,True,True,True,False,True,False,False,7,17,False,False,False,False,False,False,0,6,NOT_THE_CASE
823615,SNAPSHOT,1e3ab8d86735f7f43b963e3c7ef7cb5ee6a9edc0100834e300ed19349e4ae5f9,2026-06-14,ATL,NYM,1,8,7,bottom,823615:61:5,Brett Baty,Reynaldo López,3-2,2,000,-1.16962,3.45524,3.328,1.68,BALL,4.29219,,,[],[],Brett Baty walks.,True,False,False,False,True,True,False,False,False,False,True,True,True,True,False,False,False,7,17,False,False,False,False,False,False,0,6,NOT_THE_CASE
824912,SNAPSHOT,abfe8140a4de155d11475bf69aa16404270283a90cf9a6f7f1ff96edad732800,2026-06-16,SF,ATL,7,2,2,top,824912:17:5,Bryce Eldridge,Grant Holmes,3-2,1,111,-0.0833971,-0.201428,3.541,1.787,BALL,22.4111,,,[],[],Bryce Eldridge walks. Casey Schmitt scores. Drew Gilbert to 3rd. Luis Arraez to 2nd.,True,False,True,True,True,True,False,False,False,False,False,True,True,False,False,False,False,7,17,False,False,False,False,False,False,0,6,NOT_THE_CASE
824910,SNAPSHOT,935abb6b1e38abf508ddc32b0851ec1b4816da0a134ceeea39c9bdcad93a5abb,2026-06-19,MIL,ATL,2,3,8,top,824910:61:9,Jake Bauers,Robert Suarez,3-2,2,110,-1.03055,2.98077,3.217,1.624,BALL,2.41656,,,[],[],Jake Bauers walks. Garrett Mitchell to 3rd. Andrew Vaughn to 2nd.,True,False,True,False,True,True,False,False,False,False,True,True,True,False,False,False,False,7,17,False,False,False,False,False,False,0,6,NOT_THE_CASE
823288,SNAPSHOT,c51f36d04aee3dccb6d45289d45c8d6fe0bc6588c9535ee8aaea34b842c0c102,2026-06-22,ATL,SD,0,1,4,bottom,823288:29:6,Xander Bogaerts,Grant Holmes,3-2,1,100,1.6551,1.6724,3.285,1.658,BALL,9.91119,,,[],[],Xander Bogaerts walks. Gavin Sheets to 2nd.,True,False,True,True,True,True,False,False,False,False,False,True,True,False,False,False,False,7,17,False,False,False,False,False,False,0,6,NOT_THE_CASE
823288,SNAPSHOT,c51f36d04aee3dccb6d45289d45c8d6fe0bc6588c9535ee8aaea34b842c0c102,2026-06-22,ATL,SD,0,1,5,bottom,823288:38:6,Jackson Merrill,Grant Holmes,3-2,2,000,-1.27958,3.40528,3.32,1.676,BALL,5.48096,,,[],[],Jackson Merrill walks.,True,False,False,False,True,True,False,False,False,False,True,True,True,True,False,False,False,7,17,False,False,False,False,False,False,0,6,NOT_THE_CASE
823286,SNAPSHOT,10aa90a5e544dae619ec0d43b19109dca440c4d5fd63f1affad8cd216f9b9a71,2026-06-23,ATL,SD,6,7,2,bottom,823286:18:3,Xander Bogaerts,JR Ritchie,3-0,1,000,1.20458,3.13298,3.285,1.658,BALL,4.50496,,,[],[],Xander Bogaerts walks.,True,False,False,True,False,True,False,False,False,False,True,True,True,True,False,False,False,7,17,False,False,False,False,False,False,0,6,NOT_THE_CASE
823284,SNAPSHOT,b27b0453ec5e70865355e63ca3b4aed82fd43ee95a22d175d88bfe763a2011cd,2026-06-24,ATL,SD,2,5,4,bottom,823284:31:4,Miguel Andujar,Martín Pérez,3-1,1,110,-1.48776,3.58593,3.191,1.61,BALL,9.03533,,,[],[],Miguel Andujar walks. Manny Machado to 3rd. Xander Bogaerts to 2nd.,True,False,True,True,False,True,False,False,False,False,False,True,True,True,False,False,False,7,17,False,False,False,False,False,False,0,6,NOT_THE_CASE
823206,SNAPSHOT,8a854ff606362c25abb9a9a796784a75bf4f6815650bfb92c9d3a6b2b07757ae,2026-06-26,ATL,SF,3,1,5,bottom,823206:41:6,Luis Arraez,Hurston Waldrep,3-2,1,110,1.06233,0.621878,3.124,1.577,BALL,10.7734,,,[],[],Luis Arraez walks. Drew Cavanaugh to 3rd. Victor Bericoto to 2nd.,True,False,True,True,True,True,False,False,False,False,False,True,True,False,False,False,False,7,17,False,False,False,False,False,False,0,6,NOT_THE_CASE
824900,SNAPSHOT,02508d9127e5133d5e4f556f610384fcb86fa3587b7d95e6930dd911bedeb4b8,2026-07-06,NYM,ATL,7,6,7,top,824900:55:7,A.J. Ewing,Dylan Lee,3-2,1,000,-0.624856,1.35805,3.137,1.583,BALL,1.24945,,,[],[],A.J. Ewing walks.,True,False,False,True,True,True,False,False,False,False,False,True,True,True,False,False,False,7,17,False,False,False,False,False,False,0,6,NOT_THE_CASE
823361,SNAPSHOT,ca19020dbee84c10fba1096f0430eaf8a8d6a2d11aace1cdd4519e090ec211c2,2026-07-07,ATL,PIT,4,12,3,bottom,823361:25:6,Bryan Reynolds,Hurston Waldrep,3-2,0,000,1.17157,0.423612,3.284,1.657,BALL,14.3601,,,[],[],Bryan Reynolds walks.,True,False,False,False,True,True,False,False,False,False,False,True,True,True,True,False,False,7,17,False,False,False,False,False,False,0,6,NOT_THE_CASE
823361,SNAPSHOT,ca19020dbee84c10fba1096f0430eaf8a8d6a2d11aace1cdd4519e090ec211c2,2026-07-07,ATL,PIT,4,12,4,bottom,823361:38:5,Esmerlyn Valdez,Hurston Waldrep,3-2,1,100,0.650152,1.52841,3.311,1.671,BALL,0.261027,,,[],[],Esmerlyn Valdez walks. Bryan Reynolds to 2nd.,True,False,True,True,True,True,False,False,False,False,False,True,True,False,False,False,False,7,17,False,False,False,False,False,False,0,6,NOT_THE_CASE
823359,SNAPSHOT,075ca31727c2dc3d84c051b4d04dea8ff85ce8a543e67e9e337296f8f06b05ab,2026-07-09,ATL,PIT,10,5,6,bottom,823359:55:7,Nick Gonzales,JR Ritchie,3-2,0,000,0.661077,3.09488,3.051,1.54,STRIKE,-0.923491,,,[],[],Nick Gonzales walks.,True,False,False,False,True,True,False,False,False,True,True,True,True,False,False,False,False,7,17,False,False,False,False,False,False,0,6,NOT_THE_CASE
823033,SNAPSHOT,f51e60829a1ad1e4a0b11e810a5f5cc1b59850c261ba4e00500072059481907b,2026-07-10,ATL,STL,1,2,6,bottom,823033:40:5,JJ Wetherholt,Didier Fuentes,3-2,1,000,-1.58869,2.97718,3.096,1.563,BALL,9.11424,,,[],[],JJ Wetherholt walks.,True,False,False,True,True,True,False,False,False,False,True,True,True,False,False,False,False,7,17,False,False,False,False,False,False,0,6,NOT_THE_CASE
823029,SNAPSHOT,22fdf2c18933e4171ea1fd7206367d05f9a822f25ff96a3bf8f4baa12f3bc55d,2026-07-12,ATL,STL,4,3,1,bottom,823029:7:7,Jordan Walker,Danny Young,3-2,2,000,0.00967908,1.04719,3.461,1.747,BALL,6.94769,,,[],[],Jordan Walker walks.,True,True,False,False,True,True,False,False,False,False,False,True,True,True,False,False,False,7,17,False,False,False,False,False,False,0,6,NOT_THE_CASE
824899,SNAPSHOT,e3bd45f6c253621fe473a35e03624ba7f71cd428cb5836d161a5ae73293fb378,2026-07-18,TEX,ATL,7,6,2,top,824899:10:7,Evan Carter,Owen Murphy,3-2,1,100,-1.01698,3.97158,3.316,1.673,BALL,7.24525,,,[],[],Evan Carter walks. Ezequiel Duran to 2nd.,True,False,True,True,True,True,False,False,False,False,False,True,True,False,False,False,False,7,17,False,False,False,False,False,False,0,6,NOT_THE_CASE
824895,SNAPSHOT,b03da356a7ecad09697bf7641742956745ee2dcd38811a7d166900bec8724b32,2026-07-21,SD,ATL,8,3,5,top,824895:39:6,Jackson Merrill,Reynaldo López,3-2,1,000,0.27872,0.128618,3.32,1.676,BALL,17.1186,,,[],[],Jackson Merrill walks.,True,False,False,True,True,True,False,False,False,False,False,True,True,True,False,False,False,7,17,False,False,False,False,False,False,0,6,NOT_THE_CASE
824895,SNAPSHOT,b03da356a7ecad09697bf7641742956745ee2dcd38811a7d166900bec8724b32,2026-07-21,SD,ATL,8,3,5,top,824895:41:5,Gavin Sheets,JR Ritchie,3-2,1,110,0.178894,3.87996,3.351,1.691,BALL,4.89753,,,[],[],Gavin Sheets walks. Jackson Merrill to 3rd. Luis Campusano to 2nd.,True,False,True,True,True,True,False,False,False,False,False,True,True,False,False,False,False,7,17,False,False,False,False,False,False,0,6,NOT_THE_CASE
824895,SNAPSHOT,b03da356a7ecad09697bf7641742956745ee2dcd38811a7d166900bec8724b32,2026-07-21,SD,ATL,8,3,8,top,824895:66:4,Luis Rengifo,JR Ritchie,3-1,1,000,-0.539463,3.41333,3.087,1.558,BALL,2.46593,,,[],[],Luis Rengifo walks.,True,False,False,True,False,True,False,False,False,False,False,True,True,True,True,False,False,7,17,False,False,False,False,False,False,0,6,NOT_THE_CASE
824896,SNAPSHOT,fcbc7e519051e06893a1eaefdd4133fa8610dab0ba3faebcfaa6f361c4b3d1fd,2026-07-22,SD,ATL,6,7,2,top,824896:12:5,Xander Bogaerts,Martín Pérez,3-2,1,100,-0.0951354,4.29611,3.285,1.658,BALL,10.6834,,,[],[],Xander Bogaerts walks. Luis Campusano to 2nd.,True,False,True,True,True,True,False,False,False,False,False,True,True,False,False,False,False,7,17,False,False,False,False,False,False,0,6,NOT_THE_CASE
824812,SNAPSHOT,570afbb0e1ae0686e775775624c739109d9fa4950aa71342090a9b45ae239814,2026-07-24,ATL,BAL,7,6,4,bottom,824812:29:4,Colton Cowser,Grant Holmes,3-1,0,100,-0.530654,3.40757,3.329,1.68,STRIKE,-0.507208,,,[],[],Colton Cowser walks. Taylor Ward to 2nd.,True,False,True,False,False,True,False,False,False,True,True,True,True,False,False,False,False,7,17,False,False,False,False,False,False,0,6,NOT_THE_CASE
823597,SNAPSHOT,a41b8416a03082b9c4f9a2e6941bf95254ea1501807ad88c049b581467531901,2026-07-27,ATL,NYM,3,14,7,bottom,823597:56:5,Francisco Alvarez,Connor Thomas,3-2,0,000,-0.420134,0.818328,3.121,1.575,BALL,7.63006,,,[],[],Francisco Alvarez walks.,True,False,False,False,True,True,False,False,False,False,False,True,True,True,True,False,False,7,17,False,False,False,False,False,False,0,6,NOT_THE_CASE
823597,SNAPSHOT,a41b8416a03082b9c4f9a2e6941bf95254ea1501807ad88c049b581467531901,2026-07-27,ATL,NYM,3,14,8,bottom,823597:68:5,Francisco Alvarez,Connor Thomas,3-2,0,000,-0.812637,0.832971,3.121,1.575,BALL,7.54189,,,[],[],Francisco Alvarez walks.,True,False,False,False,True,True,False,False,False,False,False,True,True,True,True,False,False,7,17,False,False,False,False,False,False,0,6,NOT_THE_CASE
823597,SNAPSHOT,a41b8416a03082b9c4f9a2e6941bf95254ea1501807ad88c049b581467531901,2026-07-27,ATL,NYM,3,14,8,bottom,823597:72:3,Luis Torrens,Connor Thomas,3-0,1,111,0.363972,3.57002,3.179,1.604,BALL,3.24226,,,[],[],Luis Torrens walks. Jared Young scores. Tyrone Taylor to 3rd. Marcus Semien to 2nd.,True,False,True,True,False,True,False,False,False,False,False,True,True,False,True,False,False,7,17,False,False,False,False,False,False,0,6,NOT_THE_CASE
823596,SNAPSHOT,97ce46a9236deda6d8181c203d0dcea57d4b753ba13d11cce609640ad00c47b6,2026-07-29,ATL,NYM,2,3,7,bottom,823596:55:6,A.J. Ewing,Dylan Dodd,3-2,1,000,-1.72383,2.1636,3.137,1.583,BALL,10.7359,,,[],[],A.J. Ewing walks.,True,False,False,True,True,True,False,False,False,False,False,True,True,True,False,False,False,7,17,False,False,False,False,False,False,0,6,NOT_THE_CASE
823596,SNAPSHOT,97ce46a9236deda6d8181c203d0dcea57d4b753ba13d11cce609640ad00c47b6,2026-07-29,ATL,NYM,2,3,7,bottom,823596:56:8,Francisco Lindor,Dylan Dodd,3-2,1,100,-1.19393,2.46187,3.108,1.568,BALL,4.37711,,,[],[],Francisco Lindor walks. A.J. Ewing to 2nd.,True,False,True,True,True,True,False,False,False,False,False,True,True,False,False,False,False,7,17,False,False,False,False,False,False,0,6,NOT_THE_CASE
824891,SNAPSHOT,67a1f1d60662ed195a82706b466ebda60b4eb84e1e45fcdee2f8360158412665,2026-08-02,WSH,ATL,2,4,3,top,824891:16:3,Daylen Lile,JR Ritchie,3-0,1,000,0.446327,3.25497,3.181,1.605,STRIKE,-0.562416,,,[],[],Daylen Lile walks.,True,False,False,True,False,True,False,False,False,True,True,True,True,False,False,False,False,7,17,False,False,False,False,False,False,0,6,NOT_THE_CASE
823515,SNAPSHOT,204cc32a061a3748657e21ea9a294212285b58efeceb62f71140b9b6be7b31d5,2026-08-07,ATL,NYY,2,3,10,bottom,823515:79:6,George Lombard Jr.,Tyler Kinley,3-2,1,110,1.18497,0.611383,3.299,1.665,BALL,12.427,,,[],[],George Lombard Jr. walks. Luis García Jr. to 3rd. Spencer Jones to 2nd.,True,False,True,True,True,True,False,False,False,False,False,True,True,False,False,False,False,7,17,False,False,False,False,False,False,0,6,NOT_THE_CASE
823514,SNAPSHOT,8756444e3bd6f166b355ab7a6ee83f1946953945afb380ec510ab9c6a8c26a41,2026-08-08,ATL,NYY,4,5,5,bottom,823514:35:7,George Lombard Jr.,Chris Sale,3-2,0,000,-0.632478,1.54504,3.299,1.665,STRIKE,-0.0105201,,,[],[],"George Lombard Jr. challenged (pitch result), call on the field was overturned: George Lombard Jr. walks.",True,False,False,False,True,True,False,False,False,True,False,True,True,True,False,False,False,7,17,False,False,False,False,False,False,0,6,NOT_THE_CASE
823514,SNAPSHOT,8756444e3bd6f166b355ab7a6ee83f1946953945afb380ec510ab9c6a8c26a41,2026-08-08,ATL,NYY,4,5,5,bottom,823514:39:6,Paul Goldschmidt,Chris Sale,3-2,1,010,1.0637,3.18175,3.303,1.667,BALL,2.81436,,,[],[],Paul Goldschmidt walks.,True,False,False,True,True,True,False,False,False,False,True,True,True,False,False,False,False,7,17,False,False,False,False,False,False,0,6,NOT_THE_CASE
823514,SNAPSHOT,8756444e3bd6f166b355ab7a6ee83f1946953945afb380ec510ab9c6a8c26a41,2026-08-08,ATL,NYY,4,5,8,bottom,823514:65:4,Spencer Jones,Danny Young,3-1,2,100,-0.803864,3.37933,3.5,1.766,STRIKE,-0.303629,,,[],[],Spencer Jones walks. George Lombard Jr. to 2nd.,True,False,True,False,False,True,False,False,False,True,True,True,True,False,False,False,False,7,17,False,False,False,False,False,False,0,6,NOT_THE_CASE
823668,SNAPSHOT,b20688e8271830618026a78c49011e71e3b4a10a62b27e923d59311b71f23f66,2026-08-17,ATL,MIN,2,4,1,bottom,823668:7:6,Ryan Jeffers,Martín Pérez,3-2,0,110,-0.264011,0.931072,3.285,1.658,BALL,7.27314,,,[],[],Ryan Jeffers walks. Luke Keaschall to 3rd. Byron Buxton to 2nd.,True,True,True,False,True,True,False,False,False,False,False,True,True,False,False,False,False,7,17,False,False,False,False,False,False,0,6,NOT_THE_CASE
823664,SNAPSHOT,f5e702d92ea6c177538ec2f56b927653e714dbada9f6a358258a71ff3d856f2e,2026-08-19,ATL,MIN,4,6,5,bottom,823664:40:6,Josh Bell,AJ Smith-Shawver,3-2,1,111,0.599352,1.08455,3.335,1.683,BALL,5.73141,,,[],[],Josh Bell walks. Kaelen Culpepper scores. Luke Keaschall to 3rd. Byron Buxton to 2nd.,True,False,True,True,True,True,False,False,False,False,False,True,True,False,False,False,False,7,17,False,False,False,False,False,False,0,6,NOT_THE_CASE
823743,SNAPSHOT,81dbbca187201ca874c13acdfa8192b9ada96e6df72405106718a3bb7003b33d,2026-08-22,ATL,MIL,1,4,1,bottom,823743:6:6,Jackson Chourio,Martín Pérez,3-2,0,000,1.35346,2.5625,3.238,1.634,BALL,6.29149,,,[],[],Jackson Chourio walks.,True,True,False,False,True,True,False,False,False,False,False,True,True,True,False,False,False,7,17,False,False,False,False,False,False,0,6,NOT_THE_CASE
824878,SNAPSHOT,396738b824c81bf571da02e66e2a7022c8300e75c94ba513c20da71d3975b634,2026-08-26,LAD,ATL,5,6,7,top,824878:62:6,Tommy Edman,Didier Fuentes,3-2,0,111,-1.02006,3.31645,3.102,1.566,BALL,3.09037,,,[],[],Tommy Edman walks. Freddie Freeman scores. Mookie Betts to 3rd. Max Muncy to 2nd.,True,False,True,False,True,True,False,False,False,False,True,True,True,False,False,False,False,7,17,False,False,False,False,False,False,0,6,NOT_THE_CASE
823419,SNAPSHOT,468d5e164dbbeca1a62d97217ad79fe6cdf3b9057b5e749e3dbc9f49be0dfbe9,2026-09-05,ATL,PHI,2,4,1,bottom,823419:7:4,Trea Turner,Martín Pérez,3-1,0,100,-1.25325,2.04265,3.245,1.637,BALL,5.08896,,,[],[],Trea Turner walks. Kyle Schwarber to 2nd.,True,True,True,False,False,True,False,False,False,False,False,True,True,True,False,False,False,7,17,False,False,False,False,False,False,0,6,NOT_THE_CASE
823419,SNAPSHOT,468d5e164dbbeca1a62d97217ad79fe6cdf3b9057b5e749e3dbc9f49be0dfbe9,2026-09-05,ATL,PHI,2,4,1,bottom,823419:12:3,J.T. Realmuto,Martín Pérez,3-0,2,111,-0.0827142,1.5225,3.2,1.615,STRIKE,-0.34,,,[],[],"Drake Baldwin challenged (pitch result), call on the field was confirmed: J.T. Realmuto walks. Trea Turner scores. Luis Arraez to 3rd. Alec Bohm to 2nd.",True,True,True,False,False,True,False,False,False,True,False,True,True,False,False,False,False,7,17,False,False,False,False,False,False,0,6,NOT_THE_CASE
824875,SNAPSHOT,551974ea7283168a29d78532592cf4a1b6889f0bd0e64f90930936bbb16899bf,2026-09-08,TB,ATL,7,1,3,top,824875:20:5,Jonathan Aranda,AJ Smith-Shawver,3-2,0,000,-0.907452,3.00317,3.189,1.61,BALL,0.939419,,,[],[],Jonathan Aranda walks.,True,False,False,False,True,True,False,False,False,False,True,True,True,False,True,False,False,7,17,False,False,False,False,False,False,0,6,NOT_THE_CASE
824629,POST_SNAPSHOT_CASE_STUDY_ONLY,764948e134f1b3f01e7317b64821bb709c02730b3f6b5482d7e1b59947f01273,2026-09-14,ATL,CHC,3,7,7,bottom,824629:59:5,Ian Happ,AJ Smith-Shawver,3-2,1,100,-0.0572907,0.392959,3.137,1.583,BALL,12.8305,,,[],[],Ian Happ walks. Michael Busch to 2nd.,True,False,True,True,True,True,False,False,False,False,False,True,True,False,False,False,False,7,17,False,False,False,False,False,False,0,6,NOT_THE_CASE
824627,POST_SNAPSHOT_CASE_STUDY_ONLY,5473f82c572bae5d6a45724f565cecf7e6e046ea45242d5d5d13cc018951e713,2026-09-15,ATL,CHC,6,3,2,bottom,824627:13:5,Matt Shaw,Martín Pérez,3-2,0,100,-0.244442,1.50944,3.105,1.567,STRIKE,-0.759332,,,[],[],"Drake Baldwin challenged (pitch result), call on the field was confirmed: Matt Shaw walks. Michael Busch to 2nd.",True,False,True,False,True,True,False,False,False,True,False,True,True,False,False,False,False,7,17,False,False,False,False,False,False,0,6,NOT_THE_CASE
824626,POST_SNAPSHOT_CASE_STUDY_ONLY,8833be372cfbb1c39f7bad993933c1dc838c32dc24cc36c734e99a69cfac8053,2026-09-16,ATL,CHC,4,8,1,bottom,824626:7:5,Michael Busch,JR Ritchie,3-2,2,000,-1.04386,3.12295,3.166,1.598,BALL,2.57633,,,[],[],Michael Busch walks.,True,True,False,False,True,True,False,False,False,False,True,True,True,False,False,False,False,7,17,False,False,False,False,False,False,0,6,NOT_THE_CASE
824138,POST_SNAPSHOT_CASE_STUDY_ONLY,ca6d5a7f42923e7f07e6863bcd361995c64edcd33d2d166b5203f384181eb15b,2026-09-18,ATL,HOU,6,2,1,bottom,824138:4:4,Yordan Alvarez,Tyler Mahle,3-1,1,000,-0.351669,1.64432,3.392,1.712,STRIKE,-0.637819,,,[],[],"Sean Murphy challenged (pitch result), call on the field was confirmed: Yordan Alvarez walks.",True,True,False,True,False,True,False,False,False,True,False,True,True,False,False,False,False,7,17,False,False,False,False,False,False,0,6,NOT_THE_CASE
824946,SNAPSHOT,3a25ea5432d8b991b23620fbd065385f8719f705f03427a56c43c263cdbe5839,2026-03-27,KC,ATL,0,6,2,top,824946:12:3,Jonathan India,Chris Sale,3-0,1,110,1.33824,4.0233,3.138,1.584,BALL,11.5883,,,[],[],Jonathan India walks. Salvador Perez to 3rd. Vinnie Pasquantino to 2nd.,True,False,True,True,False,True,False,False,False,False,False,True,True,False,False,False,False,6,17,False,False,False,False,False,False,0,6,NOT_THE_CASE
824946,SNAPSHOT,3a25ea5432d8b991b23620fbd065385f8719f705f03427a56c43c263cdbe5839,2026-03-27,KC,ATL,0,6,3,top,824946:19:4,Maikel Garcia,Chris Sale,3-1,1,000,-1.45995,1.90902,3.262,1.646,BALL,7.56944,,,[],[],Maikel Garcia walks.,True,False,False,True,False,True,False,False,False,False,False,True,True,True,False,False,False,6,17,False,False,False,False,False,False,0,6,NOT_THE_CASE
824945,SNAPSHOT,5c13eaa256ac791f4db8ad2ae0139efd21952da28ed7e981624b84f0ad781d6b,2026-03-28,KC,ATL,2,6,3,top,824945:13:5,Isaac Collins,Reynaldo López,3-2,1,000,-2.31013,2.01087,3.013,1.521,BALL,17.7715,,,[],[],Isaac Collins walks.,True,False,False,True,True,True,False,False,False,False,False,True,True,False,False,False,False,6,17,False,False,False,False,False,False,0,6,NOT_THE_CASE
824945,SNAPSHOT,5c13eaa256ac791f4db8ad2ae0139efd21952da28ed7e981624b84f0ad781d6b,2026-03-28,KC,ATL,2,6,8,top,824945:51:6,Maikel Garcia,Joel Payamps,3-2,1,000,-1.26114,1.8926,3.262,1.646,BALL,5.18364,,,[],[],Maikel Garcia walks.,True,False,False,True,True,True,False,False,False,False,False,True,True,False,False,False,False,6,17,False,False,False,False,False,False,0,6,NOT_THE_CASE
824942,SNAPSHOT,87b59b2b9e72268790c638e9106052c9ff6a4a859ec75910f727ed168128ef26,2026-03-31,ATH,ATL,5,2,2,top,824942:12:3,Lawrence Butler,José Suarez,3-0,2,100,-1.48493,0.947991,3.344,1.688,BALL,11.4226,,,[],[],Lawrence Butler walks. Andy Ibáñez to 2nd.,True,False,True,False,False,True,False,False,False,False,False,True,True,True,False,False,False,6,17,False,False,False,False,False,False,0,6,NOT_THE_CASE
824942,SNAPSHOT,87b59b2b9e72268790c638e9106052c9ff6a4a859ec75910f727ed168128ef26,2026-03-31,ATH,ATL,5,2,2,top,824942:13:7,Denzel Clarke,José Suarez,3-2,2,110,-0.821217,1.0956,3.363,1.697,BALL,5.89279,,,[],[],Denzel Clarke walks. Andy Ibáñez to 3rd. Lawrence Butler to 2nd.,True,False,True,False,True,True,False,False,False,False,False,True,True,False,False,False,False,6,17,False,False,False,False,False,False,0,6,NOT_THE_CASE
824052,SNAPSHOT,7ffd8e6481d7810e2bf09f1e2d9eafcb26c002010352049ba7ff880198034b69,2026-04-06,ATL,LAA,2,6,4,bottom,824052:26:6,Logan O'Hoppe,Chris Sale,3-2,0,111,-1.53885,1.54714,3.291,1.661,BALL,8.60946,,,[],[],Logan O'Hoppe walks. Jorge Soler scores. Jo Adell to 3rd. Jeimer Candelario to 2nd.,True,False,True,False,True,True,False,False,False,False,False,True,True,False,False,False,False,6,17,False,False,False,False,False,False,0,6,NOT_THE_CASE
824051,SNAPSHOT,44b2634fd4a3123c2b8f3b145f1057fba1685add6507ffc1627088a6a14209e0,2026-04-07,ATL,LAA,7,2,4,bottom,824051:34:3,Josh Lowe,Reynaldo López,3-0,1,000,-1.81063,3.31944,3.355,1.693,BALL,11.7775,,,[],[],Josh Lowe walks.,True,False,False,True,False,True,False,False,False,False,True,True,True,False,False,False,False,6,17,False,False,False,False,False,False,0,6,NOT_THE_CASE
824051,SNAPSHOT,44b2634fd4a3123c2b8f3b145f1057fba1685add6507ffc1627088a6a14209e0,2026-04-07,ATL,LAA,7,2,8,bottom,824051:66:7,Yoán Moncada,Aaron Bummer,3-2,0,100,0.699688,1.24705,3.217,1.624,BALL,3.07343,,,[],[],Yoán Moncada walks. Jeimer Candelario to 2nd.,True,False,True,False,True,True,False,False,False,False,False,True,True,False,False,False,False,6,17,False,False,False,False,False,False,0,6,NOT_THE_CASE
824050,SNAPSHOT,0c600933a5eac8b8880f96a17e1b120d413c15ccb8cb9401cae8830f832b49d4,2026-04-08,ATL,LAA,8,2,2,bottom,824050:16:5,Logan O'Hoppe,Grant Holmes,3-2,0,111,0.923878,2.06703,3.291,1.661,BALL,1.13653,,,[],[],"Logan O'Hoppe challenged (pitch result), call on the field was overturned: Logan O'Hoppe walks. Yoán Moncada scores. Jo Adell to 3rd. Josh Lowe to 2nd.",True,False,True,False,True,True,False,False,False,False,False,True,True,False,False,False,False,6,17,False,False,False,False,False,False,0,6,NOT_THE_CASE
824939,SNAPSHOT,125d629d20c7e18b2af4e5dc879961b61790bfa3e1e48d5f654eb7e3b7b891f1,2026-04-11,CLE,ATL,6,0,2,top,824939:11:5,Juan Brito,Martín Pérez,3-2,2,000,0.517911,0.941431,3.221,1.625,BALL,6.75282,,,[],[],Juan Brito walks.,True,False,False,False,True,True,False,False,False,False,False,True,True,True,False,False,False,6,17,False,False,False,False,False,False,0,6,NOT_THE_CASE
824939,SNAPSHOT,125d629d20c7e18b2af4e5dc879961b61790bfa3e1e48d5f654eb7e3b7b891f1,2026-04-11,CLE,ATL,6,0,2,top,824939:13:8,Brayan Rocchio,Martín Pérez,3-2,2,110,-0.690582,3.44652,3.068,1.548,BALL,3.09224,,,[],[],Brayan Rocchio walks. Juan Brito to 3rd. Austin Hedges to 2nd.,True,False,True,False,True,True,False,False,False,False,False,True,True,False,False,False,False,6,17,False,False,False,False,False,False,0,6,NOT_THE_CASE
824939,SNAPSHOT,125d629d20c7e18b2af4e5dc879961b61790bfa3e1e48d5f654eb7e3b7b891f1,2026-04-11,CLE,ATL,6,0,6,top,824939:44:5,Juan Brito,Aaron Bummer,3-2,2,011,0.931015,3.22609,3.221,1.625,BALL,1.22288,,,[],[],Juan Brito walks.,True,False,False,False,True,True,False,False,False,False,True,True,True,False,False,False,False,6,17,False,False,False,False,False,False,0,6,NOT_THE_CASE
824939,SNAPSHOT,125d629d20c7e18b2af4e5dc879961b61790bfa3e1e48d5f654eb7e3b7b891f1,2026-04-11,CLE,ATL,6,0,8,top,824939:57:4,Daniel Schneemann,Osvaldo Bido,3-1,1,000,-1.16244,3.17972,3.197,1.614,BALL,3.99928,,,[],[],Daniel Schneemann walks.,True,False,False,True,False,True,False,False,False,False,True,True,True,False,False,False,False,6,17,False,False,False,False,False,False,0,6,NOT_THE_CASE
824937,SNAPSHOT,64bb00063eb6396e9b98a9a00b50ddb542b3d65b82a5a10c9bc03540578d5349,2026-04-13,MIA,ATL,10,4,4,top,824937:21:7,Agustín Ramírez,Grant Holmes,3-2,0,110,1.29604,0.27836,3.257,1.644,BALL,16.3908,,,[],[],Agustín Ramírez walks. Jakob Marsee to 3rd. Xavier Edwards to 2nd.,True,False,True,False,True,True,False,False,False,False,False,True,True,False,False,False,False,6,17,False,False,False,False,False,False,0,6,NOT_THE_CASE
824937,SNAPSHOT,64bb00063eb6396e9b98a9a00b50ddb542b3d65b82a5a10c9bc03540578d5349,2026-04-13,MIA,ATL,10,4,6,top,824937:50:6,Jakob Marsee,Rolddy Muñoz,3-2,1,010,1.12465,0.162746,3.212,1.621,BALL,16.7482,,,[],[],Jakob Marsee walks.,True,False,False,True,True,True,False,False,False,False,False,True,True,False,False,False,False,6,17,False,False,False,False,False,False,0,6,NOT_THE_CASE
824935,SNAPSHOT,84fe3ceeb4d986a3a6ec22a4766a2cf1ae046dc5b8bee25347b24c64ee8e9f03,2026-04-14,MIA,ATL,5,6,5,top,824935:35:6,Jakob Marsee,Reynaldo López,3-2,1,000,-0.00180825,-0.252305,3.212,1.621,BALL,21.0297,,,[],[],Jakob Marsee walks.,True,False,False,True,True,True,False,False,False,False,False,True,True,False,False,False,False,6,17,False,False,False,False,False,False,0,6,NOT_THE_CASE
824936,SNAPSHOT,885776fe7e2e82920674396897f91b7f0754d908a23178bc10a78901cd028297,2026-04-15,MIA,ATL,3,6,6,top,824936:44:9,Austin Slater,Dylan Lee,3-2,2,100,0.59199,3.89659,3.258,1.644,BALL,6.2131,,,[],[],Austin Slater walks. Connor Norby to 2nd.,True,False,True,False,True,True,False,False,False,False,False,True,True,False,False,False,False,6,17,False,False,False,False,False,False,0,6,NOT_THE_CASE
824936,SNAPSHOT,885776fe7e2e82920674396897f91b7f0754d908a23178bc10a78901cd028297,2026-04-15,MIA,ATL,3,6,8,top,824936:65:8,Austin Slater,Osvaldo Bido,3-2,1,001,-0.080878,4.24035,3.258,1.644,BALL,10.3382,,,[],[],Austin Slater walks.,True,False,False,True,True,True,False,False,False,False,False,True,True,False,False,False,False,6,17,False,False,False,False,False,False,0,6,NOT_THE_CASE
823475,SNAPSHOT,9802af027ddb574cdaf0b9ba69b868b6176e9488573d722f9c14c80be5ec3cc5,2026-04-19,ATL,PHI,4,2,1,bottom,823475:5:5,Bryce Harper,Grant Holmes,3-2,0,000,0.878519,1.2296,3.265,1.648,BALL,3.97028,,,[],[],Bryce Harper walks.,True,True,False,False,True,True,False,False,False,False,False,True,True,False,False,False,False,6,17,False,False,False,False,False,False,0,6,NOT_THE_CASE
823475,SNAPSHOT,9802af027ddb574cdaf0b9ba69b868b6176e9488573d722f9c14c80be5ec3cc5,2026-04-19,ATL,PHI,4,2,9,bottom,823475:75:6,Justin Crawford,Raisel Iglesias,3-2,1,010,0.707247,1.13547,3.279,1.655,BALL,4.78435,,,[],[],Justin Crawford walks.,True,False,False,True,True,True,False,False,False,False,False,True,True,False,False,False,False,6,17,False,False,False,False,False,False,0,6,NOT_THE_CASE
822747,SNAPSHOT,a69584bec36886684796ab69dd542c372a3e4e474dbcf3c28f885db58c1f5741,2026-04-21,ATL,WSH,4,11,4,bottom,822747:34:10,James Wood,José Suarez,3-2,0,000,0.18108,1.4306,3.489,1.761,BALL,2.51479,,,[],[],James Wood walks.,True,False,False,False,True,True,False,False,False,False,False,True,True,True,False,False,False,6,17,False,False,False,False,False,False,0,6,NOT_THE_CASE
822747,SNAPSHOT,a69584bec36886684796ab69dd542c372a3e4e474dbcf3c28f885db58c1f5741,2026-04-21,ATL,WSH,4,11,4,bottom,822747:38:7,Daylen Lile,José Suarez,3-2,2,110,-2.08263,2.08308,3.181,1.605,BALL,15.0416,,,[],[],Daylen Lile walks. James Wood to 3rd. Jacob Young to 2nd.,True,False,True,False,True,True,False,False,False,False,False,True,True,False,False,False,False,6,17,False,False,False,False,False,False,0,6,NOT_THE_CASE
822747,SNAPSHOT,a69584bec36886684796ab69dd542c372a3e4e474dbcf3c28f885db58c1f5741,2026-04-21,ATL,WSH,4,11,7,bottom,822747:64:3,James Wood,Ian Hamilton,3-0,1,110,-1.32336,2.56042,3.489,1.761,BALL,5.93026,,,[],[],James Wood walks. Curtis Mead to 3rd. Drew Millas to 2nd.,True,False,True,True,False,True,False,False,False,False,False,True,True,False,False,False,False,6,17,False,False,False,False,False,False,0,6,NOT_THE_CASE
822748,SNAPSHOT,9c880714d4e4753b7e1448509a43991c28f45e9f740fd607b854533405ae0f41,2026-04-22,ATL,WSH,8,6,2,bottom,822748:21:5,James Wood,Didier Fuentes,3-2,1,000,-0.528373,1.35477,3.489,1.761,BALL,3.42477,,,[],[],James Wood walks.,True,False,False,True,True,True,False,False,False,False,False,True,True,False,False,False,False,6,17,False,False,False,False,False,False,0,6,NOT_THE_CASE
822748,SNAPSHOT,9c880714d4e4753b7e1448509a43991c28f45e9f740fd607b854533405ae0f41,2026-04-22,ATL,WSH,8,6,8,bottom,822748:68:6,Joey Wiemer,Tyler Kinley,3-2,1,000,0.0453704,1.00688,3.383,1.707,BALL,6.95145,,,[],[],Joey Wiemer walks.,True,False,False,True,True,True,False,False,False,False,False,True,True,False,False,False,False,6,17,False,False,False,False,False,False,0,6,NOT_THE_CASE
824933,SNAPSHOT,b33b111782b7e51c0607e5e91c41d38fcc098447db5e146027f62a5188def02e,2026-04-25,PHI,ATL,8,5,10,top,824933:72:7,Trea Turner,Tyler Kinley,3-1,0,010,-0.465805,1.51659,3.245,1.637,STRIKE,-0.00508738,,,[],[],Trea Turner walks.,True,False,False,False,False,True,False,False,False,True,False,True,True,True,False,False,False,6,17,False,False,False,False,False,False,0,6,NOT_THE_CASE
824934,SNAPSHOT,d3e9a0147eea19b5879e80e5007f0d8f003869ef28d39df73053dd6f0207fa77,2026-04-26,PHI,ATL,2,6,3,top,824934:23:8,Kyle Schwarber,Chris Sale,3-2,2,110,1.4051,2.23434,3.181,1.605,BALL,6.91114,,,[],[],Kyle Schwarber walks. Rafael Marchán to 3rd. Trea Turner to 2nd.,True,False,True,False,True,True,False,False,False,False,False,True,True,False,False,False,False,6,17,False,False,False,False,False,False,0,6,NOT_THE_CASE
824931,SNAPSHOT,c09f5de02a8dc1a1e6c3930ff2c04eabdde1449085770ab3686991451137a696,2026-04-28,DET,ATL,2,5,3,top,824931:18:6,Gleyber Torres,Martín Pérez,3-2,2,000,1.34366,3.04823,3.13,1.579,BALL,6.17386,,,[],[],Gleyber Torres walks.,True,False,False,False,True,True,False,False,False,False,True,True,True,False,False,False,False,6,17,False,False,False,False,False,False,0,6,NOT_THE_CASE
824929,SNAPSHOT,87ec81bf445732a6b71d2e3c585facc16514e639621102e45156094334212c94,2026-04-30,DET,ATL,5,2,7,top,824929:52:10,Kevin McGonigle,Tyler Kinley,3-2,1,000,1.35577,1.00307,3.086,1.557,BALL,8.77474,,,[],[],Kevin McGonigle walks.,True,False,False,True,True,True,False,False,False,False,False,True,True,False,False,False,False,6,17,False,False,False,False,False,False,0,6,NOT_THE_CASE
824929,SNAPSHOT,87ec81bf445732a6b71d2e3c585facc16514e639621102e45156094334212c94,2026-04-30,DET,ATL,5,2,8,top,824929:64:5,Hao-Yu Lee,Joel Payamps,3-2,0,010,-0.0423764,1.39055,3.087,1.558,BALL,0.559373,,,[],[],Hao-Yu Lee walks.,True,False,False,False,True,True,False,False,False,False,False,True,True,True,False,False,False,6,17,False,False,False,False,False,False,0,6,NOT_THE_CASE
824929,SNAPSHOT,87ec81bf445732a6b71d2e3c585facc16514e639621102e45156094334212c94,2026-04-30,DET,ATL,5,2,8,top,824929:66:5,Kevin McGonigle,Aaron Bummer,3-0,1,110,-1.96419,1.93123,3.086,1.557,BALL,13.6203,,,[],[],Kevin McGonigle walks. Matt Vierling to 3rd. Hao-Yu Lee to 2nd.,True,False,True,True,False,True,False,False,False,False,False,True,True,False,False,False,False,6,17,False,False,False,False,False,False,0,6,NOT_THE_CASE
824929,SNAPSHOT,87ec81bf445732a6b71d2e3c585facc16514e639621102e45156094334212c94,2026-04-30,DET,ATL,5,2,9,top,824929:74:10,Wenceel Pérez,José Suarez,3-2,2,000,-1.59119,1.71069,3.182,1.606,BALL,9.14424,,,[],[],Wenceel Pérez walks.,True,False,False,False,True,True,False,False,False,False,False,True,True,True,False,False,False,6,17,False,False,False,False,False,False,0,6,NOT_THE_CASE
824365,SNAPSHOT,4b47da80b633174269c06176a401e51bb4a3807dc3d8b7d5a99b9299bf34e44a,2026-05-02,ATL,COL,9,1,4,bottom,824365:34:3,Hunter Goodman,Chris Sale,3-0,1,000,1.52893,3.09359,3.179,1.604,BALL,8.39711,,,[],[],Hunter Goodman walks.,True,False,False,True,False,True,False,False,False,False,True,True,True,False,False,False,False,6,17,False,False,False,False,False,False,0,6,NOT_THE_CASE
824364,SNAPSHOT,d98da8c363219f4eae06cfdc79817019d00d82ca247bf3c6195ca06246e1fb9e,2026-05-03,ATL,COL,11,6,1,bottom,824364:7:4,Troy Johnston,Spencer Strider,3-1,2,100,-0.785444,3.62586,3.159,1.594,BALL,4.22825,,,[],[],Troy Johnston walks. TJ Rumfield to 2nd.,True,True,True,False,False,True,False,False,False,False,False,True,True,False,False,False,False,6,17,False,False,False,False,False,False,0,6,NOT_THE_CASE
824364,SNAPSHOT,d98da8c363219f4eae06cfdc79817019d00d82ca247bf3c6195ca06246e1fb9e,2026-05-03,ATL,COL,11,6,2,bottom,824364:19:7,Mickey Moniak,Spencer Strider,3-2,2,110,0.685852,-0.881495,3.254,1.642,BALL,28.8319,,,[],[],Mickey Moniak walks. Ezequiel Tovar to 3rd. Jake McCarthy to 2nd.,True,False,True,False,True,True,False,False,False,False,False,True,True,False,False,False,False,6,17,False,False,False,False,False,False,0,6,NOT_THE_CASE
823143,SNAPSHOT,53e7e14a24e39c370c7eb04cbfe962e832d1ee4b5bd40d642a7096c2ed0f3370,2026-05-04,ATL,SEA,4,5,1,bottom,823143:4:6,J.P. Crawford,JR Ritchie,3-2,0,000,0.831706,1.59235,3.219,1.625,BALL,0.0814489,,,[],[],"Sean Murphy challenged (pitch result), call on the field was confirmed: J.P. Crawford walks.",True,True,False,False,True,True,False,False,False,False,False,True,True,False,False,False,False,6,17,False,False,False,False,False,False,0,6,NOT_THE_CASE
823143,SNAPSHOT,53e7e14a24e39c370c7eb04cbfe962e832d1ee4b5bd40d642a7096c2ed0f3370,2026-05-04,ATL,SEA,4,5,2,bottom,823143:12:7,Luke Raley,JR Ritchie,3-2,1,010,-1.6302,2.74651,3.34,1.686,BALL,9.61242,,,[],[],Luke Raley walks.,True,False,False,True,True,True,False,False,False,False,False,True,True,False,False,False,False,6,17,False,False,False,False,False,False,0,6,NOT_THE_CASE
823143,SNAPSHOT,53e7e14a24e39c370c7eb04cbfe962e832d1ee4b5bd40d642a7096c2ed0f3370,2026-05-04,ATL,SEA,4,5,6,bottom,823143:46:3,Randy Arozarena,JR Ritchie,3-0,0,000,-0.687104,3.70287,3.128,1.579,BALL,5.44838,,,[],[],Randy Arozarena walks.,True,False,False,False,False,True,False,False,False,False,False,True,True,True,True,False,False,6,17,False,False,False,False,False,False,0,6,NOT_THE_CASE
823143,SNAPSHOT,53e7e14a24e39c370c7eb04cbfe962e832d1ee4b5bd40d642a7096c2ed0f3370,2026-05-04,ATL,SEA,4,5,6,bottom,823143:50:3,Mitch Garver,Tyler Kinley,3-0,1,000,0.305031,1.51069,3.249,1.64,BALL,0.101728,,,[],[],Mitch Garver walks.,True,False,False,True,False,True,False,False,False,False,False,True,True,False,True,False,False,6,17,False,False,False,False,False,False,0,6,NOT_THE_CASE
823955,SNAPSHOT,ea565a12c104b075389717af25b8dc8d299a2e9ca25ac44fc222023df093409d,2026-05-09,ATL,LAD,7,2,5,bottom,823955:41:6,Teoscar Hernández,Spencer Strider,3-2,1,000,0.165486,1.22581,3.2,1.615,BALL,3.22027,,,[],[],Teoscar Hernández walks.,True,False,False,True,True,True,False,False,False,False,False,True,True,False,False,False,False,6,17,False,False,False,False,False,False,0,6,NOT_THE_CASE
823954,SNAPSHOT,85e3d7eff1982823f22cb0ee8afdf7489b8b2a2ad9d77f2cfe09a31b2899cc5f,2026-05-10,ATL,LAD,7,2,8,bottom,823954:60:5,Kyle Tucker,Tyler Kinley,3-2,2,000,-0.0869962,0.287203,3.351,1.691,BALL,15.3956,,,[],[],Kyle Tucker walks.,True,False,False,False,True,True,False,False,False,False,False,True,True,False,True,False,False,6,17,False,False,False,False,False,False,0,6,NOT_THE_CASE
824927,SNAPSHOT,fa94519ac800b0e5b5388e3fb82dc2207cae377f3e7ec2cd2853de6c8057fce9,2026-05-12,CHC,ATL,2,5,4,top,824927:25:3,Michael Busch,Grant Holmes,3-0,1,110,-0.260311,3.97643,3.166,1.598,BALL,8.27513,,,[],[],Michael Busch walks. Ian Happ to 3rd. Seiya Suzuki to 2nd.,True,False,True,True,False,True,False,False,False,False,False,True,True,False,False,False,False,6,17,False,False,False,False,False,False,0,6,NOT_THE_CASE
824927,SNAPSHOT,fa94519ac800b0e5b5388e3fb82dc2207cae377f3e7ec2cd2853de6c8057fce9,2026-05-12,CHC,ATL,2,5,5,top,824927:32:6,Nico Hoerner,Didier Fuentes,3-2,1,000,-1.01682,1.11793,3.186,1.608,BALL,5.49889,,,[],[],Nico Hoerner walks.,True,False,False,True,True,True,False,False,False,False,False,True,True,False,False,False,False,6,17,False,False,False,False,False,False,0,6,NOT_THE_CASE
824928,SNAPSHOT,83014f65cae6e9473ac92984bc7287b159a5ee66570bfb53989bf8afff2a1f50,2026-05-13,CHC,ATL,1,4,3,top,824928:13:11,Pete Crow-Armstrong,JR Ritchie,3-2,1,000,-1.52088,4.43715,3.202,1.616,BALL,16.2915,,,[],[],Pete Crow-Armstrong walks.,True,False,False,True,True,True,False,False,False,False,False,True,True,False,False,False,False,6,17,False,False,False,False,False,False,0,6,NOT_THE_CASE
824928,SNAPSHOT,83014f65cae6e9473ac92984bc7287b159a5ee66570bfb53989bf8afff2a1f50,2026-05-13,CHC,ATL,1,4,8,top,824928:53:6,Ian Happ,Robert Suarez,3-2,2,010,0.473166,1.5477,3.137,1.583,STRIKE,-1.02638,,,[],[],"Ian Happ challenged (pitch result), call on the field was overturned: Ian Happ walks.",True,False,False,False,True,True,False,False,False,True,False,True,True,False,False,False,False,6,17,False,False,False,False,False,False,0,6,NOT_THE_CASE
824926,SNAPSHOT,b7e477174a4dba73888435d151794969cb4f3eddd5ae65b2c6df546318f6ab5c,2026-05-14,CHC,ATL,2,0,5,top,824926:33:9,Nico Hoerner,Chris Sale,3-2,1,000,-1.07136,1.36334,3.186,1.608,BALL,3.80327,,,[],[],Nico Hoerner walks.,True,False,False,True,True,True,False,False,False,False,False,True,True,False,False,False,False,6,17,False,False,False,False,False,False,0,6,NOT_THE_CASE
824926,SNAPSHOT,b7e477174a4dba73888435d151794969cb4f3eddd5ae65b2c6df546318f6ab5c,2026-05-14,CHC,ATL,2,0,7,top,824926:49:5,Pete Crow-Armstrong,Reynaldo López,3-1,1,000,0.705242,1.55045,3.202,1.616,STRIKE,-0.663422,,,[],[],Pete Crow-Armstrong walks.,True,False,False,True,False,True,False,False,False,True,False,True,True,False,False,False,False,6,17,False,False,False,False,False,False,0,6,NOT_THE_CASE
824925,SNAPSHOT,182e3fe1ed226576ac63281e95d4c5fc27ce21ecd2264509f205f6e66ef8557d,2026-05-15,BOS,ATL,2,3,1,top,824925:0:8,Jarren Duran,Spencer Strider,3-2,0,000,-0.654768,4.04864,3.23,1.63,BALL,8.37369,,,[],[],Jarren Duran walks.,True,True,False,False,True,True,False,False,False,False,False,True,True,False,False,False,False,6,17,False,False,False,False,False,False,0,6,NOT_THE_CASE
824925,SNAPSHOT,182e3fe1ed226576ac63281e95d4c5fc27ce21ecd2264509f205f6e66ef8557d,2026-05-15,BOS,ATL,2,3,2,top,824925:11:4,Ceddanne Rafaela,Spencer Strider,3-1,1,000,-1.16312,2.94176,3.11,1.57,BALL,4.00744,,,[],[],Ceddanne Rafaela walks.,True,False,False,True,False,True,False,False,False,False,True,True,True,False,False,False,False,6,17,False,False,False,False,False,False,0,6,NOT_THE_CASE
824923,SNAPSHOT,40a24658d91d771e1b94725e46c7d51be96f12eddff198e412b4c548b0e611cb,2026-05-17,BOS,ATL,1,8,4,top,824923:29:8,Ceddanne Rafaela,Grant Holmes,3-2,1,010,-0.742001,4.05184,3.11,1.57,BALL,9.85934,,,[],[],Ceddanne Rafaela walks.,True,False,False,True,True,True,False,False,False,False,False,True,True,False,False,False,False,6,17,False,False,False,False,False,False,0,6,NOT_THE_CASE
823867,SNAPSHOT,d05be4248c382268d8deb61dd0588352e030cc8b26b9ad7e7a18a28a691840d8,2026-05-18,ATL,MIA,0,12,5,bottom,823867:40:5,Kyle Stowers,Aaron Bummer,3-1,0,000,-0.634687,1.3005,3.295,1.663,BALL,2.89996,,,[],[],Kyle Stowers walks.,True,False,False,False,False,True,False,False,False,False,False,True,True,True,True,False,False,6,17,False,False,False,False,False,False,0,6,NOT_THE_CASE
823866,SNAPSHOT,3014e3b4f59163d47e8e4397000268faf6c5ddc07e7ea2778f36bc102aa3f92d,2026-05-20,ATL,MIA,9,1,8,bottom,823866:61:5,Javier Sanoja,Victor Mederos,3-2,1,000,1.22182,1.75924,2.995,1.512,BALL,4.71178,,,[],[],Javier Sanoja walks.,True,False,False,True,True,True,False,False,False,False,False,True,True,False,False,False,False,6,17,False,False,False,False,False,False,0,6,NOT_THE_CASE
824920,SNAPSHOT,6629e638eeb5d41e25ef9294313bab442d5823e8ed0f8a5dce17a4018767173c,2026-05-23,WSH,ATL,2,0,5,top,824920:31:6,James Wood,Grant Holmes,3-2,1,000,-2.36155,4.49185,3.489,1.761,BALL,21.7533,,,[],[],James Wood walks.,True,False,False,True,True,True,False,False,False,False,False,True,True,False,False,False,False,6,17,False,False,False,False,False,False,0,6,NOT_THE_CASE
824921,SNAPSHOT,69a24dd6e91b0f66737175232a06c3003d79b77cb43eabe7939594663c624a58,2026-05-24,WSH,ATL,2,1,1,top,824921:0:10,James Wood,Martín Pérez,3-2,0,000,-0.330179,1.03589,3.489,1.761,BALL,7.25136,,,[],[],James Wood walks.,True,True,False,False,True,True,False,False,False,False,False,True,True,False,False,False,False,6,17,False,False,False,False,False,False,0,6,NOT_THE_CASE
824921,SNAPSHOT,69a24dd6e91b0f66737175232a06c3003d79b77cb43eabe7939594663c624a58,2026-05-24,WSH,ATL,2,1,8,top,824921:53:4,James Wood,Reynaldo López,3-1,1,000,-0.979072,3.1782,3.489,1.761,BALL,1.79886,,,[],[],James Wood walks.,True,False,False,True,False,True,False,False,False,False,False,True,True,True,False,False,False,6,17,False,False,False,False,False,False,0,6,NOT_THE_CASE
824921,SNAPSHOT,69a24dd6e91b0f66737175232a06c3003d79b77cb43eabe7939594663c624a58,2026-05-24,WSH,ATL,2,1,8,top,824921:56:5,CJ Abrams,Reynaldo López,3-2,2,100,-1.00176,2.7355,3.223,1.626,BALL,2.07115,,,[],[],CJ Abrams walks. Luis García Jr. to 2nd.,True,False,True,False,True,True,False,False,False,False,False,True,True,False,False,False,False,6,17,False,False,False,False,False,False,0,6,NOT_THE_CASE
824758,SNAPSHOT,a47c9df4abbe8864d0b4f19dad5190f0ed45de6f7c314ecc63dbeb55b1f28d2f,2026-05-26,ATL,BOS,7,6,6,bottom,824758:49:5,Wilyer Abreu,Spencer Strider,3-1,0,000,-0.963027,2.93499,3.117,1.573,BALL,1.60632,,,[],[],Wilyer Abreu walks.,True,False,False,False,False,True,False,False,False,False,True,True,True,True,False,False,False,6,17,False,False,False,False,False,False,0,6,NOT_THE_CASE
824758,SNAPSHOT,a47c9df4abbe8864d0b4f19dad5190f0ed45de6f7c314ecc63dbeb55b1f28d2f,2026-05-26,ATL,BOS,7,6,6,bottom,824758:51:5,Masataka Yoshida,Didier Fuentes,3-2,0,110,0.0640739,1.23487,3.022,1.525,BALL,2.03155,,,[],[],Masataka Yoshida walks. Wilyer Abreu to 3rd. Willson Contreras to 2nd.,True,False,True,False,True,True,False,False,False,False,False,True,True,False,False,False,False,6,17,False,False,False,False,False,False,0,6,NOT_THE_CASE
824513,SNAPSHOT,db795ddac10dcd7ff288230050a4400cef8b252aedb4aec8815b7fdee923ffb5,2026-05-30,ATL,CIN,5,2,1,bottom,824513:3:8,Blake Dunn,Martín Pérez,3-2,0,000,-0.209505,1.32402,3.09,1.559,BALL,1.3697,,,[],[],Blake Dunn walks.,True,True,False,False,True,True,False,False,False,False,False,True,True,False,False,False,False,6,17,False,False,False,False,False,False,0,6,NOT_THE_CASE
824512,SNAPSHOT,c78d1266d211984039fab73dddb654746879d8ea3de9f818d36f20d6f54dc1a3,2026-05-31,ATL,CIN,4,6,3,bottom,824512:22:4,Elly De La Cruz,Spencer Strider,3-1,2,000,1.07505,3.52973,3.46,1.746,BALL,3.02943,,,[],[],Elly De La Cruz walks.,True,False,False,False,False,True,False,False,False,False,True,True,True,True,False,False,False,6,17,False,False,False,False,False,False,0,6,NOT_THE_CASE
824914,SNAPSHOT,02602c933c7f402a83e8ef0d5bb96ad311d04fc9fe0726c2db552f093d000d1c,2026-06-05,PIT,ATL,3,6,3,top,824914:21:5,Brandon Lowe,Martín Pérez,3-1,1,100,-0.977971,1.14794,3.088,1.559,BALL,4.44928,,,[],[],Brandon Lowe walks. Nick Gonzales to 2nd.,True,False,True,True,False,True,False,False,False,False,False,True,True,False,False,False,False,6,17,False,False,False,False,False,False,0,6,NOT_THE_CASE
824915,SNAPSHOT,0946107ca98b1cf73917ff046cef1af3d776e4ffe86c8a27ebf7108e421cc1e4,2026-06-06,PIT,ATL,3,6,4,top,824915:29:5,Oneil Cruz,Spencer Strider,3-2,1,010,0.176869,1.45917,3.516,1.774,BALL,2.328,,,[],[],Oneil Cruz walks.,True,False,False,True,True,True,False,False,False,False,False,True,True,False,False,False,False,6,17,False,False,False,False,False,False,0,6,NOT_THE_CASE
824591,SNAPSHOT,f9a62438b0287c3c3a5f6f98514670558707d29fb78bada887387edc69735794,2026-06-09,ATL,CWS,5,6,4,bottom,824591:39:6,Drew Romo,Grant Holmes,3-2,2,110,1.15627,2.18063,3.216,1.623,BALL,3.92522,,,[],[],Drew Romo walks. Braden Montgomery to 3rd. Luisangel Acuña to 2nd.,True,False,True,False,True,True,False,False,False,False,False,True,True,False,False,False,False,6,17,False,False,False,False,False,False,0,6,NOT_THE_CASE
824591,SNAPSHOT,f9a62438b0287c3c3a5f6f98514670558707d29fb78bada887387edc69735794,2026-06-09,ATL,CWS,5,6,6,bottom,824591:54:7,Randal Grichuk,Dylan Dodd,3-2,1,000,-1.42771,2.71696,3.209,1.619,BALL,7.18255,,,[],[],Randal Grichuk walks.,True,False,False,True,True,True,False,False,False,False,False,True,True,False,False,False,False,6,17,False,False,False,False,False,False,0,6,NOT_THE_CASE
824590,SNAPSHOT,cc00e35c035bbf604333d74afff73ea38b7e781eed80689ddd5a4da649d7e5db,2026-06-10,ATL,CWS,1,2,5,bottom,824590:41:7,Randal Grichuk,Chris Sale,3-2,1,000,-1.18067,0.955732,3.209,1.619,BALL,8.32116,,,[],[],Randal Grichuk walks.,True,False,False,True,True,True,False,False,False,False,False,True,True,False,False,False,False,6,17,False,False,False,False,False,False,0,6,NOT_THE_CASE
823617,SNAPSHOT,954228c8f914980f365c753a3563fa2c9907b30e331201014c1912073e4ff6da,2026-06-12,ATL,NYM,5,7,8,bottom,823617:67:5,Marcus Semien,JR Ritchie,3-2,1,000,2.38861,1.23248,3.212,1.621,BALL,19.2453,,,[],[],Marcus Semien walks.,True,False,False,True,True,True,False,False,False,False,False,True,True,False,False,False,False,6,17,False,False,False,False,False,False,0,6,NOT_THE_CASE
823616,SNAPSHOT,a6cdf4e4dd1a493241913d1b626349f16462eac9d68eaae1d6c855387f38e80b,2026-06-13,ATL,NYM,3,1,9,bottom,823616:65:5,Marcus Semien,Raisel Iglesias,3-2,1,010,1.02612,2.44925,3.212,1.621,BALL,2.36347,,,[],[],Marcus Semien walks.,True,False,False,True,True,True,False,False,False,False,False,True,True,False,False,False,False,6,17,False,False,False,False,False,False,0,6,NOT_THE_CASE
823615,SNAPSHOT,1e3ab8d86735f7f43b963e3c7ef7cb5ee6a9edc0100834e300ed19349e4ae5f9,2026-06-14,ATL,NYM,1,8,5,bottom,823615:44:8,Brett Baty,Dylan Dodd,3-2,0,000,-1.32126,1.24411,3.328,1.68,BALL,7.57537,,,[],[],Brett Baty walks.,True,False,False,False,True,True,False,False,False,False,False,True,True,True,False,False,False,6,17,False,False,False,False,False,False,0,6,NOT_THE_CASE
823615,SNAPSHOT,1e3ab8d86735f7f43b963e3c7ef7cb5ee6a9edc0100834e300ed19349e4ae5f9,2026-06-14,ATL,NYM,1,8,6,bottom,823615:54:7,Juan Soto,James Karinchak,3-2,1,000,0.667554,3.71176,3.259,1.645,BALL,3.98318,,,[],[],Juan Soto walks.,True,False,False,True,True,True,False,False,False,False,False,True,True,False,False,False,False,6,17,False,False,False,False,False,False,0,6,NOT_THE_CASE
823615,SNAPSHOT,1e3ab8d86735f7f43b963e3c7ef7cb5ee6a9edc0100834e300ed19349e4ae5f9,2026-06-14,ATL,NYM,1,8,7,bottom,823615:62:5,MJ Melendez,Reynaldo López,3-2,2,100,-0.253706,0.71589,3.229,1.629,BALL,9.50732,,,[],[],MJ Melendez walks. Brett Baty to 2nd.,True,False,True,False,True,True,False,False,False,False,False,True,True,False,False,False,False,6,17,False,False,False,False,False,False,0,6,NOT_THE_CASE
824913,SNAPSHOT,a2cfd364f87e113f9747d3140de77109814a86b13ef8f6518b18f921fbd51ec2,2026-06-17,SF,ATL,7,5,1,top,824913:0:9,Luis Arraez,JR Ritchie,3-2,0,000,-2.38862,3.536,3.124,1.577,BALL,19.3107,,,[],[],Luis Arraez walks.,True,True,False,False,True,True,False,False,False,False,False,True,True,False,False,False,False,6,17,False,False,False,False,False,False,0,6,NOT_THE_CASE
824913,SNAPSHOT,a2cfd364f87e113f9747d3140de77109814a86b13ef8f6518b18f921fbd51ec2,2026-06-17,SF,ATL,7,5,2,top,824913:13:7,Eric Haase,JR Ritchie,3-2,2,000,1.29511,1.36103,3.104,1.567,BALL,6.01253,,,[],[],Eric Haase walks.,True,False,False,False,True,True,False,False,False,False,False,True,True,False,True,False,False,6,17,False,False,False,False,False,False,0,6,NOT_THE_CASE
824910,SNAPSHOT,935abb6b1e38abf508ddc32b0851ec1b4816da0a134ceeea39c9bdcad93a5abb,2026-06-19,MIL,ATL,2,3,9,top,824910:68:7,Christian Yelich,Raisel Iglesias,3-2,1,000,0.870576,1.54676,3.368,1.7,BALL,1.22807,,,[],[],Christian Yelich walks.,True,False,False,True,True,True,False,False,False,False,False,True,True,False,False,False,False,6,17,False,False,False,False,False,False,0,6,NOT_THE_CASE
823288,SNAPSHOT,c51f36d04aee3dccb6d45289d45c8d6fe0bc6588c9535ee8aaea34b842c0c102,2026-06-22,ATL,SD,0,1,5,bottom,823288:39:7,Manny Machado,Grant Holmes,3-2,2,100,0.149834,4.34844,3.314,1.672,BALL,10.9633,,,[],[],Manny Machado walks. Jackson Merrill to 2nd.,True,False,True,False,True,True,False,False,False,False,False,True,True,False,False,False,False,6,17,False,False,False,False,False,False,0,6,NOT_THE_CASE
823286,SNAPSHOT,10aa90a5e544dae619ec0d43b19109dca440c4d5fd63f1affad8cd216f9b9a71,2026-06-23,ATL,SD,6,7,1,bottom,823286:4:4,Samad Taylor,JR Ritchie,3-1,1,000,0.998159,2.07348,3.038,1.533,BALL,2.0279,,,[],[],Samad Taylor walks.,True,True,False,True,False,True,False,False,False,False,False,True,True,False,False,False,False,6,17,False,False,False,False,False,False,0,6,NOT_THE_CASE
823286,SNAPSHOT,10aa90a5e544dae619ec0d43b19109dca440c4d5fd63f1affad8cd216f9b9a71,2026-06-23,ATL,SD,6,7,2,bottom,823286:19:5,Will Wagner,JR Ritchie,3-1,1,100,0.430883,1.27695,3.198,1.614,BALL,2.59459,,,[],[],Will Wagner walks. Xander Bogaerts to 2nd.,True,False,True,True,False,True,False,False,False,False,False,True,True,False,False,False,False,6,17,False,False,False,False,False,False,0,6,NOT_THE_CASE
823284,SNAPSHOT,b27b0453ec5e70865355e63ca3b4aed82fd43ee95a22d175d88bfe763a2011cd,2026-06-24,ATL,SD,2,5,4,bottom,823284:28:4,Manny Machado,Martín Pérez,3-0,0,000,1.083,3.2147,3.314,1.672,BALL,3.04594,,,[],[],Manny Machado walks.,True,False,False,False,False,True,False,False,False,False,True,True,True,True,False,False,False,6,17,False,False,False,False,False,False,0,6,NOT_THE_CASE
823284,SNAPSHOT,b27b0453ec5e70865355e63ca3b4aed82fd43ee95a22d175d88bfe763a2011cd,2026-06-24,ATL,SD,2,5,4,bottom,823284:33:5,Freddy Fermin,Martín Pérez,3-2,2,110,-0.0252166,0.365635,3.105,1.567,BALL,12.9664,,,[],[],Freddy Fermin walks. Xander Bogaerts to 3rd. Miguel Andujar to 2nd.,True,False,True,False,True,True,False,False,False,False,False,True,True,False,False,False,False,6,17,False,False,False,False,False,False,0,6,NOT_THE_CASE
824907,SNAPSHOT,0e4f2d5f28f591d5856cda04f98d8a859db2bda345ae604b5dc9ab0066d5c713,2026-06-30,STL,ATL,5,3,1,top,824907:2:6,Jordan Walker,Martín Pérez,3-2,2,000,1.03893,2.68587,3.461,1.747,BALL,2.51715,,,[],[],Jordan Walker walks.,True,True,False,False,True,True,False,False,False,False,False,True,True,False,False,False,False,6,17,False,False,False,False,False,False,0,6,NOT_THE_CASE
824907,SNAPSHOT,0e4f2d5f28f591d5856cda04f98d8a859db2bda345ae604b5dc9ab0066d5c713,2026-06-30,STL,ATL,5,3,3,top,824907:17:7,JJ Wetherholt,Martín Pérez,3-2,1,000,-1.88956,0.934763,3.096,1.563,BALL,14.6048,,,[],[],JJ Wetherholt walks.,True,False,False,True,True,True,False,False,False,False,False,True,True,False,False,False,False,6,17,False,False,False,False,False,False,0,6,NOT_THE_CASE
824906,SNAPSHOT,7c901ff7cccba7eecdc3197df7a9b1004bef6d2a8cc80689575b99b9d451b07d,2026-07-02,STL,ATL,11,5,6,top,824906:45:6,Jordan Walker,Hurston Waldrep,3-2,1,000,0.550816,1.01331,3.461,1.747,BALL,7.35426,,,[],[],Jordan Walker walks.,True,False,False,True,True,True,False,False,False,False,False,True,True,False,False,False,False,6,17,False,False,False,False,False,False,0,6,NOT_THE_CASE
824906,SNAPSHOT,7c901ff7cccba7eecdc3197df7a9b1004bef6d2a8cc80689575b99b9d451b07d,2026-07-02,STL,ATL,11,5,9,top,824906:76:4,Masyn Winn,James Karinchak,3-0,1,100,0.648837,1.13519,3.081,1.555,BALL,3.58777,,,[],[],Masyn Winn walks. Lars Nootbaar to 2nd.,True,False,True,True,False,True,False,False,False,False,False,True,True,False,False,False,False,6,17,False,False,False,False,False,False,0,6,NOT_THE_CASE
824904,SNAPSHOT,c1c00fec18d76079389ab7ede93022a906a208c7d44b6a70eba9afbdd3a06c4a,2026-07-03,NYM,ATL,3,5,1,top,824904:2:8,Bo Bichette,Grant Holmes,3-2,2,000,-1.26331,4.20552,3.162,1.596,BALL,12.7331,,,[],[],Bo Bichette walks.,True,True,False,False,True,True,False,False,False,False,False,True,True,False,False,False,False,6,17,False,False,False,False,False,False,0,6,NOT_THE_CASE
824903,SNAPSHOT,3d5716d388ac48d6c199ff96569a637206a049ae22b5a642bb5c3089d1ae09cb,2026-07-04,NYM,ATL,3,14,2,top,824903:8:7,Eric Wagaman,Chris Sale,3-2,1,000,1.14472,2.7922,3.386,1.709,BALL,3.78664,,,[],[],Eric Wagaman walks.,True,False,False,True,True,True,False,False,False,False,False,True,True,False,False,False,False,6,17,False,False,False,False,False,False,0,6,NOT_THE_CASE
824902,SNAPSHOT,0a6c7a3c8813542932712e23d97fcf44a157510df9f64167a40229da4327e690,2026-07-05,NYM,ATL,10,9,9,top,824902:68:6,Juan Soto,Carlos Carrasco,3-2,2,110,-0.505165,3.75573,3.259,1.645,BALL,4.51082,,,[],[],Juan Soto walks. Brett Baty to 3rd. Francisco Lindor to 2nd.,True,False,True,False,True,True,False,False,False,False,False,True,True,False,False,False,False,6,17,False,False,False,False,False,False,0,6,NOT_THE_CASE
824900,SNAPSHOT,02508d9127e5133d5e4f556f610384fcb86fa3587b7d95e6930dd911bedeb4b8,2026-07-06,NYM,ATL,7,6,1,top,824900:1:4,Juan Soto,Reynaldo López,3-1,1,000,-1.35808,1.79437,3.259,1.645,BALL,6.34697,,,[],[],Juan Soto walks.,True,True,False,True,False,True,False,False,False,False,False,True,True,False,False,False,False,6,17,False,False,False,False,False,False,0,6,NOT_THE_CASE
824900,SNAPSHOT,02508d9127e5133d5e4f556f610384fcb86fa3587b7d95e6930dd911bedeb4b8,2026-07-06,NYM,ATL,7,6,3,top,824900:21:5,Juan Soto,Reynaldo López,3-2,2,000,-0.35027,1.56037,3.259,1.645,STRIKE,-0.434478,,,[],[],"Juan Soto challenged (pitch result), call on the field was overturned: Juan Soto walks.",True,False,False,False,True,True,False,False,False,True,False,True,True,False,False,False,False,6,17,False,False,False,False,False,False,0,6,NOT_THE_CASE
824900,SNAPSHOT,02508d9127e5133d5e4f556f610384fcb86fa3587b7d95e6930dd911bedeb4b8,2026-07-06,NYM,ATL,7,6,7,top,824900:56:6,Juan Soto,Dylan Lee,3-1,1,100,-0.894234,0.913563,3.259,1.645,BALL,7.60629,,,[],[],Juan Soto walks. A.J. Ewing to 2nd.,True,False,True,True,False,True,False,False,False,False,False,True,True,False,False,False,False,6,17,False,False,False,False,False,False,0,6,NOT_THE_CASE
823361,SNAPSHOT,ca19020dbee84c10fba1096f0430eaf8a8d6a2d11aace1cdd4519e090ec211c2,2026-07-07,ATL,PIT,4,12,3,bottom,823361:31:5,Henry Davis,Hurston Waldrep,3-2,2,100,-0.573151,4.08492,3.188,1.609,BALL,9.31307,,,[],[],Henry Davis walks. Jared Triolo to 2nd.,True,False,True,False,True,True,False,False,False,False,False,True,True,False,False,False,False,6,17,False,False,False,False,False,False,0,6,NOT_THE_CASE
823361,SNAPSHOT,ca19020dbee84c10fba1096f0430eaf8a8d6a2d11aace1cdd4519e090ec211c2,2026-07-07,ATL,PIT,4,12,4,bottom,823361:37:4,Bryan Reynolds,Hurston Waldrep,3-1,1,000,1.19777,1.06084,3.284,1.657,BALL,7.80597,,,[],[],Bryan Reynolds walks.,True,False,False,True,False,True,False,False,False,False,False,True,True,True,False,False,False,6,17,False,False,False,False,False,False,0,6,NOT_THE_CASE
823029,SNAPSHOT,22fdf2c18933e4171ea1fd7206367d05f9a822f25ff96a3bf8f4baa12f3bc55d,2026-07-12,ATL,STL,4,3,1,bottom,823029:9:5,Lars Nootbaar,Danny Young,3-2,2,010,-1.23095,2.07961,3.259,1.645,BALL,4.82142,,,[],[],Lars Nootbaar walks.,True,True,False,False,True,True,False,False,False,False,False,True,True,False,False,False,False,6,17,False,False,False,False,False,False,0,6,NOT_THE_CASE
823029,SNAPSHOT,22fdf2c18933e4171ea1fd7206367d05f9a822f25ff96a3bf8f4baa12f3bc55d,2026-07-12,ATL,STL,4,3,6,bottom,823029:51:5,Lars Nootbaar,Dylan Dodd,3-1,1,100,-1.75769,3.59554,3.259,1.645,BALL,11.7741,,,[],[],Lars Nootbaar walks. Jordan Walker to 2nd.,True,False,True,True,False,True,False,False,False,False,False,True,True,False,False,False,False,6,17,False,False,False,False,False,False,0,6,NOT_THE_CASE
824895,SNAPSHOT,b03da356a7ecad09697bf7641742956745ee2dcd38811a7d166900bec8724b32,2026-07-21,SD,ATL,8,3,4,top,824895:29:5,Gavin Sheets,Reynaldo López,3-2,1,000,0.707771,0.459266,3.351,1.691,BALL,13.3308,,,[],[],Gavin Sheets walks.,True,False,False,True,True,True,False,False,False,False,False,True,True,False,False,False,False,6,17,False,False,False,False,False,False,0,6,NOT_THE_CASE
824896,SNAPSHOT,fcbc7e519051e06893a1eaefdd4133fa8610dab0ba3faebcfaa6f361c4b3d1fd,2026-07-22,SD,ATL,6,7,2,top,824896:11:4,Luis Campusano,Martín Pérez,3-1,1,000,1.02857,1.89271,3.119,1.574,BALL,2.39283,,,[],[],Luis Campusano walks.,True,False,False,True,False,True,False,False,False,False,False,True,True,True,False,False,False,6,17,False,False,False,False,False,False,0,6,NOT_THE_CASE
824896,SNAPSHOT,fcbc7e519051e06893a1eaefdd4133fa8610dab0ba3faebcfaa6f361c4b3d1fd,2026-07-22,SD,ATL,6,7,9,top,824896:76:3,Xander Bogaerts,Victor Mederos,3-0,1,000,1.26257,3.02615,3.285,1.658,BALL,5.20088,,,[],[],Xander Bogaerts walks.,True,False,False,True,False,True,False,False,False,False,False,True,True,False,True,False,False,6,17,False,False,False,False,False,False,0,6,NOT_THE_CASE
824812,SNAPSHOT,570afbb0e1ae0686e775775624c739109d9fa4950aa71342090a9b45ae239814,2026-07-24,ATL,BAL,7,6,8,bottom,824812:61:5,Colton Cowser,Elieser Hernández,3-2,1,000,0.313556,1.51997,3.329,1.68,BALL,0.470352,,,[],[],"Colton Cowser challenged (pitch result), call on the field was overturned: Colton Cowser walks.",True,False,False,True,True,True,False,False,False,False,False,True,True,False,False,False,False,6,17,False,False,False,False,False,False,0,6,NOT_THE_CASE
824810,SNAPSHOT,ae244f5c8a33bcc32bc89639772beb5eaecd59ee795f351389b65863df5b693c,2026-07-26,ATL,BAL,3,2,2,bottom,824810:14:5,Jackson Holliday,Reynaldo López,3-1,1,100,-0.37616,0.778489,3.168,1.599,BALL,8.39613,,,[],[],Jackson Holliday walks. Colton Cowser to 2nd.,True,False,True,True,False,True,False,False,False,False,False,True,True,False,False,False,False,6,17,False,False,False,False,False,False,0,6,NOT_THE_CASE
823597,SNAPSHOT,a41b8416a03082b9c4f9a2e6941bf95254ea1501807ad88c049b581467531901,2026-07-27,ATL,NYM,3,14,5,bottom,823597:41:6,Francisco Alvarez,Martín Pérez,3-2,2,110,0.944063,1.41624,3.121,1.575,BALL,1.96045,,,[],[],Francisco Alvarez walks. Bo Bichette to 3rd. Luis Robert Jr. to 2nd.,True,False,True,False,True,True,False,False,False,False,False,True,True,False,False,False,False,6,17,False,False,False,False,False,False,0,6,NOT_THE_CASE
823597,SNAPSHOT,a41b8416a03082b9c4f9a2e6941bf95254ea1501807ad88c049b581467531901,2026-07-27,ATL,NYM,3,14,7,bottom,823597:62:7,Francisco Lindor,Connor Thomas,3-2,1,011,1.73748,4.14066,3.108,1.568,BALL,16.045,,,[],[],Francisco Lindor walks.,True,False,False,True,True,True,False,False,False,False,False,True,True,False,False,False,False,6,17,False,False,False,False,False,False,0,6,NOT_THE_CASE
823596,SNAPSHOT,97ce46a9236deda6d8181c203d0dcea57d4b753ba13d11cce609640ad00c47b6,2026-07-29,ATL,NYM,2,3,5,bottom,823596:35:3,Tyrone Taylor,AJ Smith-Shawver,3-0,0,000,1.14275,3.20785,3.231,1.631,BALL,3.76301,,,[],[],Tyrone Taylor walks.,True,False,False,False,False,True,False,False,False,False,True,True,True,True,False,False,False,6,17,False,False,False,False,False,False,0,6,NOT_THE_CASE
823596,SNAPSHOT,97ce46a9236deda6d8181c203d0dcea57d4b753ba13d11cce609640ad00c47b6,2026-07-29,ATL,NYM,2,3,5,bottom,823596:39:6,Francisco Lindor,Didier Fuentes,3-1,1,010,-0.950212,2.98336,3.108,1.568,BALL,1.45255,,,[],[],Francisco Lindor walks.,True,False,False,True,False,True,False,False,False,False,True,True,True,False,False,False,False,6,17,False,False,False,False,False,False,0,6,NOT_THE_CASE
824894,SNAPSHOT,2b9314b5a59e37591d08349f8f0d387d77bae70f70eb2ddbe76b8b1fbce99291,2026-07-30,WSH,ATL,4,5,5,top,824894:30:4,Nasim Nuñez,Grant Holmes,3-1,0,000,-1.46851,2.86799,3.045,1.537,BALL,7.67213,,,[],[],Nasim Nuñez walks.,True,False,False,False,False,True,False,False,False,False,True,True,True,True,False,False,False,6,17,False,False,False,False,False,False,0,6,NOT_THE_CASE
824894,SNAPSHOT,2b9314b5a59e37591d08349f8f0d387d77bae70f70eb2ddbe76b8b1fbce99291,2026-07-30,WSH,ATL,4,5,7,top,824894:51:5,James Wood,Victor Mederos,3-2,1,000,0.0716722,0.998151,3.489,1.761,BALL,7.70419,,,[],[],James Wood walks.,True,False,False,True,True,True,False,False,False,False,False,True,True,False,False,False,False,6,17,False,False,False,False,False,False,0,6,NOT_THE_CASE
824890,SNAPSHOT,549a1f20bdf6d72834be09f9d1fd26ff40fc0e69c608984d4a634be1a502e6f9,2026-08-01,WSH,ATL,3,8,7,top,824890:51:8,Jacob Young,Martín Pérez,3-2,2,100,-1.61627,2.29261,3.188,1.609,BALL,9.44526,,,[],[],Jacob Young walks. Brady House to 2nd.,True,False,True,False,True,True,False,False,False,False,False,True,True,False,False,False,False,6,17,False,False,False,False,False,False,0,6,NOT_THE_CASE
824888,SNAPSHOT,c6fca7b52356f781e0c9ac50a6a66dee53fe46df7dc5fb0fb970fa6fae9e0a9b,2026-08-04,MIA,ATL,2,4,9,top,824888:65:6,Heriberto Hernández,Raisel Iglesias,3-2,1,010,-0.431567,1.46852,3.179,1.604,BALL,0.175719,,,[],[],Heriberto Hernández walks.,True,False,False,True,True,True,False,False,False,False,False,True,True,False,False,False,False,6,17,False,False,False,False,False,False,0,6,NOT_THE_CASE
824885,SNAPSHOT,e5fc20b1b2000ca3105138045941e47f080ed65ccaa945700856157d3b261e02,2026-08-06,MIA,ATL,3,11,7,top,824885:50:5,Xavier Edwards,Danny Young,3-2,1,000,0.992143,2.49789,3.055,1.542,BALL,1.95572,,,[],[],Xavier Edwards walks.,True,False,False,True,True,True,False,False,False,False,False,True,True,False,False,False,False,6,17,False,False,False,False,False,False,0,6,NOT_THE_CASE
824885,SNAPSHOT,e5fc20b1b2000ca3105138045941e47f080ed65ccaa945700856157d3b261e02,2026-08-06,MIA,ATL,3,11,8,top,824885:64:6,Agustín Ramírez,Brent Suter,3-2,1,000,-0.651903,1.4037,3.257,1.644,BALL,1.43364,,,[],[],Agustín Ramírez walks.,True,False,False,True,True,True,False,False,False,False,False,True,True,False,False,False,False,6,17,False,False,False,False,False,False,0,6,NOT_THE_CASE
823515,SNAPSHOT,204cc32a061a3748657e21ea9a294212285b58efeceb62f71140b9b6be7b31d5,2026-08-07,ATL,NYY,2,3,1,bottom,823515:7:5,Heliot Ramos,Tyler Mahle,3-2,2,000,0.905872,1.45317,3.184,1.607,BALL,1.55442,,,[],[],Heliot Ramos walks.,True,True,False,False,True,True,False,False,False,False,False,True,True,False,False,False,False,6,17,False,False,False,False,False,False,0,6,NOT_THE_CASE
823514,SNAPSHOT,8756444e3bd6f166b355ab7a6ee83f1946953945afb380ec510ab9c6a8c26a41,2026-08-08,ATL,NYY,4,5,7,bottom,823514:52:6,José Caballero,Victor Mederos,3-2,1,000,1.02004,0.81319,3.083,1.556,BALL,8.21673,,,[],[],José Caballero walks.,True,False,False,True,True,True,False,False,False,False,False,True,True,False,False,False,False,6,17,False,False,False,False,False,False,0,6,NOT_THE_CASE
823513,SNAPSHOT,4a34ca2cfa1d862bf8afee3b3cb539f44cb2eb1038d6670b27df8b2c01358a92,2026-08-09,ATL,NYY,2,1,7,bottom,823513:46:3,Jazz Chisholm Jr.,Dylan Dodd,3-0,1,000,1.3245,3.40037,3.156,1.593,BALL,6.50425,,,[],[],Jazz Chisholm Jr. walks.,True,False,False,True,False,True,False,False,False,False,True,True,True,False,False,False,False,6,17,False,False,False,False,False,False,0,6,NOT_THE_CASE
824886,SNAPSHOT,2440e56b4aa90baa2bccd39d1661c205b59c43ff1075ce9380462a73bc0268d2,2026-08-11,NYM,ATL,0,4,6,top,824886:37:4,Bo Bichette,Martín Pérez,3-1,1,000,1.13312,2.99795,3.162,1.596,BALL,3.64746,,,[],[],Bo Bichette walks.,True,False,False,True,False,True,False,False,False,False,True,True,True,False,False,False,False,6,17,False,False,False,False,False,False,0,6,NOT_THE_CASE
823668,SNAPSHOT,b20688e8271830618026a78c49011e71e3b4a10a62b27e923d59311b71f23f66,2026-08-17,ATL,MIN,2,4,7,bottom,823668:58:4,Josh Bell,Tyler Kinley,3-1,1,100,-1.35141,2.54484,3.335,1.683,BALL,6.26693,,,[],[],Josh Bell walks. Byron Buxton to 2nd.,True,False,True,True,False,True,False,False,False,False,False,True,True,False,False,False,False,6,17,False,False,False,False,False,False,0,6,NOT_THE_CASE
823667,SNAPSHOT,0b3ebce20caf12ea93467743497c7a25c5a78202e88e4d5deb613219c97af876,2026-08-18,ATL,MIN,1,4,1,bottom,823667:7:6,Kody Clemens,Tyler Mahle,3-2,2,000,-0.855217,4.30941,3.211,1.621,BALL,11.8483,,,[],[],Kody Clemens walks.,True,True,False,False,True,True,False,False,False,False,False,True,True,False,False,False,False,6,17,False,False,False,False,False,False,0,6,NOT_THE_CASE
823664,SNAPSHOT,f5e702d92ea6c177538ec2f56b927653e714dbada9f6a358258a71ff3d856f2e,2026-08-19,ATL,MIN,4,6,3,bottom,823664:18:6,Victor Caratini,AJ Smith-Shawver,3-2,1,000,1.15412,2.10867,3.201,1.615,BALL,3.89948,,,[],[],Victor Caratini walks.,True,False,False,True,True,True,False,False,False,False,False,True,True,False,False,False,False,6,17,False,False,False,False,False,False,0,6,NOT_THE_CASE
824589,SNAPSHOT,f9335b0797f34b497e12333002a0b6648c82525056b4febc6eef1e5798a7dac7,2026-08-20,ATL,CWS,2,0,6,bottom,824589:40:4,Drew Romo,Grant Holmes,3-1,1,000,-0.94879,3.276,3.216,1.623,BALL,1.52396,,,[],[],Drew Romo walks.,True,False,False,True,False,True,False,False,False,False,True,True,True,False,False,False,False,6,17,False,False,False,False,False,False,0,6,NOT_THE_CASE
824589,SNAPSHOT,f9335b0797f34b497e12333002a0b6648c82525056b4febc6eef1e5798a7dac7,2026-08-20,ATL,CWS,2,0,7,bottom,824589:49:5,Miguel Vargas,Grant Holmes,3-2,0,000,-1.28011,3.45972,3.29,1.66,BALL,5.70718,,,[],[],Miguel Vargas walks.,True,False,False,False,True,True,False,False,False,False,True,True,True,False,False,False,False,6,17,False,False,False,False,False,False,0,6,NOT_THE_CASE
823745,SNAPSHOT,eb0f3507ce9ddc9a39342053ab5ea6d1247a2f456a322396bff2072ee46638d6,2026-08-23,ATL,MIL,4,2,2,bottom,823745:16:4,Joey Ortiz,Tyler Mahle,3-1,1,110,0.805085,4.06419,3.14,1.58,BALL,9.70092,,,[],[],Joey Ortiz walks. Andrew Vaughn to 3rd. Christian Yelich to 2nd.,True,False,True,True,False,True,False,False,False,False,False,True,True,False,False,False,False,6,17,False,False,False,False,False,False,0,6,NOT_THE_CASE
824881,SNAPSHOT,1dfc826567502e29d6a9624dc52bedffe5c71a12b8c005fdf687befb62390156,2026-08-25,LAD,ATL,3,4,8,top,824881:62:7,Alex Call,Victor Mederos,3-2,2,000,1.40131,2.27486,3.16,1.595,BALL,6.86577,,,[],[],Alex Call walks.,True,False,False,False,True,True,False,False,False,False,False,True,True,True,False,False,False,6,17,False,False,False,False,False,False,0,6,NOT_THE_CASE
824878,SNAPSHOT,396738b824c81bf571da02e66e2a7022c8300e75c94ba513c20da71d3975b634,2026-08-26,LAD,ATL,5,6,7,top,824878:61:6,Max Muncy,Dylan Lee,3-1,0,101,1.0975,2.46753,3.128,1.579,BALL,3.21996,,,[],[],Max Muncy walks. Mookie Betts to 2nd.,True,False,True,False,False,True,False,False,False,False,False,True,True,True,False,False,False,6,17,False,False,False,False,False,False,0,6,NOT_THE_CASE
824877,SNAPSHOT,0092f7288d8d7cee782451f1b57877cf7202bcb07ce9b324b93bcc204733a949,2026-08-28,COL,ATL,4,6,8,top,824877:70:7,Zac Veen,Victor Mederos,3-2,1,000,-0.936413,2.81552,3.363,1.697,BALL,1.28696,,,[],[],"Sean Murphy challenged (pitch result), call on the field was confirmed: Zac Veen walks.",True,False,False,True,True,True,False,False,False,False,False,True,True,False,False,False,False,6,17,False,False,False,False,False,False,0,6,NOT_THE_CASE
824874,SNAPSHOT,3b05866f96a06661610c88d99c64fc53177427cdd5132ffc37d65758dda86256,2026-08-29,COL,ATL,1,2,6,top,824874:41:6,Connor Norby,Martín Pérez,3-2,2,101,-0.770565,3.54656,3.113,1.571,BALL,3.806,,,[],[],Connor Norby walks. TJ Rumfield to 2nd.,True,False,True,False,True,True,False,False,False,False,False,True,True,False,False,False,False,6,17,False,False,False,False,False,False,0,6,NOT_THE_CASE
822687,SNAPSHOT,cd0d9ab314bb542aade773874de9685da5818fc6531ca66aa9c2dfc948b32106,2026-09-01,ATL,WSH,5,9,1,bottom,822687:5:5,Brady House,AJ Smith-Shawver,3-1,1,010,0.931638,1.72447,3.371,1.701,BALL,1.22965,,,[],[],Brady House walks.,True,True,False,True,False,True,False,False,False,False,False,True,True,False,False,False,False,6,17,False,False,False,False,False,False,0,6,NOT_THE_CASE
822687,SNAPSHOT,cd0d9ab314bb542aade773874de9685da5818fc6531ca66aa9c2dfc948b32106,2026-09-01,ATL,WSH,5,9,2,bottom,822687:17:10,Dylan Crews,AJ Smith-Shawver,3-2,2,100,1.06018,2.67174,3.166,1.598,BALL,2.77213,,,[],[],Dylan Crews walks. CJ Abrams to 2nd.,True,False,True,False,True,True,False,False,False,False,False,True,True,False,False,False,False,6,17,False,False,False,False,False,False,0,6,NOT_THE_CASE
823419,SNAPSHOT,468d5e164dbbeca1a62d97217ad79fe6cdf3b9057b5e749e3dbc9f49be0dfbe9,2026-09-05,ATL,PHI,2,4,1,bottom,823419:6:4,Kyle Schwarber,Martín Pérez,3-1,0,000,-1.37151,1.76831,3.181,1.605,BALL,6.50808,,,[],[],Kyle Schwarber walks.,True,True,False,False,False,True,False,False,False,False,False,True,True,True,False,False,False,6,17,False,False,False,False,False,False,0,6,NOT_THE_CASE
823419,SNAPSHOT,468d5e164dbbeca1a62d97217ad79fe6cdf3b9057b5e749e3dbc9f49be0dfbe9,2026-09-05,ATL,PHI,2,4,8,bottom,823419:66:8,Kyle Schwarber,Brent Suter,3-2,2,100,-1.02389,1.73891,3.181,1.605,BALL,2.33671,,,[],[],Kyle Schwarber walks. Derek Hill to 2nd.,True,False,True,False,True,True,False,False,False,False,False,True,True,False,False,False,False,6,17,False,False,False,False,False,False,0,6,NOT_THE_CASE
823415,SNAPSHOT,c38bc6347cdf4d8652932c2a5bac4eeacba557f46a46d1479a8e680fa483725e,2026-09-07,ATL,PHI,0,1,1,bottom,823415:7:3,Alec Bohm,Grant Holmes,3-0,2,110,-1.09813,2.76367,3.407,1.719,BALL,3.2275,,,[],[],Alec Bohm walks. Kyle Schwarber to 3rd. Bryce Harper to 2nd.,True,True,True,False,False,True,False,False,False,False,False,True,True,False,False,False,False,6,17,False,False,False,False,False,False,0,6,NOT_THE_CASE
824875,SNAPSHOT,551974ea7283168a29d78532592cf4a1b6889f0bd0e64f90930936bbb16899bf,2026-09-08,TB,ATL,7,1,8,top,824875:66:6,Liam Hicks,Elieser Hernández,3-2,2,110,0.897226,1.72103,3.086,1.557,BALL,0.816716,,,[],[],Liam Hicks walks. Jonathan Aranda to 3rd. Junior Caminero to 2nd.,True,False,True,False,True,True,False,False,False,False,False,True,True,False,False,False,False,6,17,False,False,False,False,False,False,0,6,NOT_THE_CASE
824872,POST_SNAPSHOT_CASE_STUDY_ONLY,3c1e3a4934bd7f9af8c83b23067d24ee0efdb7ab67c07062755e29496f8f23f8,2026-09-10,TB,ATL,1,3,5,top,824872:29:6,Nick Fortes,Martín Pérez,3-2,2,000,1.03749,3.06818,3.161,1.595,BALL,2.49988,,,[],[],Nick Fortes walks.,True,False,False,False,True,True,False,False,False,False,True,True,True,False,False,False,False,6,17,False,False,False,False,False,False,0,6,NOT_THE_CASE
824873,POST_SNAPSHOT_CASE_STUDY_ONLY,0ba340578298849d272a8c2ea0de331e3f1cf221e64c469b79ebe6a39d951616,2026-09-11,PHI,ATL,5,6,2,top,824873:10:7,Bryan De La Cruz,Chris Sale,3-2,2,100,-1.3207,2.14867,3.228,1.629,BALL,5.89846,,,[],[],Bryan De La Cruz walks. Edmundo Sosa to 2nd.,True,False,True,False,True,True,False,False,False,False,False,True,True,False,False,False,False,6,17,False,False,False,False,False,False,0,6,NOT_THE_CASE
824869,POST_SNAPSHOT_CASE_STUDY_ONLY,3c909d38c454eefd54ea29817671f75d89266223eaa943e3983166befa03fb8b,2026-09-13,PHI,ATL,9,4,3,top,824869:20:6,Trea Turner,Grant Holmes,3-2,0,100,-0.520403,1.39579,3.245,1.637,BALL,1.44449,,,[],[],Trea Turner walks. Kyle Schwarber to 2nd.,True,False,True,False,True,True,False,False,False,False,False,True,True,False,False,False,False,6,17,False,False,False,False,False,False,0,6,NOT_THE_CASE
824869,POST_SNAPSHOT_CASE_STUDY_ONLY,3c909d38c454eefd54ea29817671f75d89266223eaa943e3983166befa03fb8b,2026-09-13,PHI,ATL,9,4,8,top,824869:68:6,Justin Crawford,Victor Mederos,3-2,2,110,1.34813,2.50564,3.279,1.655,BALL,6.22756,,,[],[],Justin Crawford walks. Bryan De La Cruz to 3rd. J.T. Realmuto to 2nd.,True,False,True,False,True,True,False,False,False,False,False,True,True,False,False,False,False,6,17,False,False,False,False,False,False,0,6,NOT_THE_CASE
824629,POST_SNAPSHOT_CASE_STUDY_ONLY,764948e134f1b3f01e7317b64821bb709c02730b3f6b5482d7e1b59947f01273,2026-09-14,ATL,CHC,3,7,2,bottom,824629:14:4,Pedro Ramírez,Reynaldo López,3-1,1,101,-1.46928,1.7645,3.088,1.559,BALL,7.68136,,,[],[],Pedro Ramírez walks. Nico Hoerner to 2nd.,True,False,True,True,False,True,False,False,False,False,False,True,True,False,False,False,False,6,17,False,False,False,False,False,False,0,6,NOT_THE_CASE
824629,POST_SNAPSHOT_CASE_STUDY_ONLY,764948e134f1b3f01e7317b64821bb709c02730b3f6b5482d7e1b59947f01273,2026-09-14,ATL,CHC,3,7,7,bottom,824629:57:10,Michael Busch,AJ Smith-Shawver,3-2,0,000,-0.729803,4.25111,3.166,1.598,BALL,11.5739,,,[],[],Michael Busch walks.,True,False,False,False,True,True,False,False,False,False,False,True,True,True,False,False,False,6,17,False,False,False,False,False,False,0,6,NOT_THE_CASE
824627,POST_SNAPSHOT_CASE_STUDY_ONLY,5473f82c572bae5d6a45724f565cecf7e6e046ea45242d5d5d13cc018951e713,2026-09-15,ATL,CHC,6,3,1,bottom,824627:6:4,Alex Bregman,Martín Pérez,3-1,2,000,1.1052,2.32921,3.126,1.578,BALL,3.31242,,,[],[],Alex Bregman walks.,True,True,False,False,False,True,False,False,False,False,False,True,True,True,False,False,False,6,17,False,False,False,False,False,False,0,6,NOT_THE_CASE
824626,POST_SNAPSHOT_CASE_STUDY_ONLY,8833be372cfbb1c39f7bad993933c1dc838c32dc24cc36c734e99a69cfac8053,2026-09-16,ATL,CHC,4,8,1,bottom,824626:5:4,Pete Crow-Armstrong,JR Ritchie,3-1,0,000,-0.345808,1.19581,3.202,1.616,BALL,3.59232,,,[],[],Pete Crow-Armstrong walks.,True,True,False,False,False,True,False,False,False,False,False,True,True,True,False,False,False,6,17,False,False,False,False,False,False,0,6,NOT_THE_CASE
824139,POST_SNAPSHOT_CASE_STUDY_ONLY,9c0497b73ed5dda644f84da1ddd4509b5ce5ab1d20fa34c8e7069b3cb0496188,2026-09-20,ATL,HOU,4,2,5,bottom,824139:41:5,Isaac Paredes,Martín Pérez,3-1,1,110,-0.151286,1.26028,3.181,1.605,BALL,2.68662,,,[],[],Isaac Paredes walks. Jeremy Peña to 3rd. Yordan Alvarez to 2nd.,True,False,True,True,False,True,False,False,False,False,False,True,True,False,False,False,False,6,17,False,False,False,False,False,False,0,6,NOT_THE_CASE
824867,POST_SNAPSHOT_CASE_STUDY_ONLY,de976abc8969a048ec73a3853bec1a6e29eddfe4b6c01c01240c75afb47a78cb,2026-09-22,CIN,ATL,4,0,1,top,824867:1:4,Elly De La Cruz,JR Ritchie,3-1,1,000,0.326725,3.98335,3.46,1.746,BALL,4.8302,,,[],[],Elly De La Cruz walks.,True,True,False,True,False,True,False,False,False,False,False,True,True,False,False,False,False,6,17,False,False,False,False,False,False,0,6,NOT_THE_CASE
824946,SNAPSHOT,3a25ea5432d8b991b23620fbd065385f8719f705f03427a56c43c263cdbe5839,2026-03-27,KC,ATL,0,6,3,top,824946:21:6,Lane Thomas,Chris Sale,3-2,2,010,-0.468981,1.34801,3.146,1.588,BALL,1.42991,,,[],[],Lane Thomas walks.,True,False,False,False,True,True,False,False,False,False,False,True,True,False,False,False,False,5,17,False,False,False,False,False,False,0,6,NOT_THE_CASE
824944,SNAPSHOT,107b8195c5e334bc957cde099a9dfa45b04914c102e417847437fda93035f09f,2026-03-29,KC,ATL,4,1,3,top,824944:13:4,Jac Caglianone,Grant Holmes,3-1,0,000,0.302465,1.73088,3.402,1.717,STRIKE,-1.6166,,,[],[],Jac Caglianone walks.,True,False,False,False,False,True,False,False,False,True,False,True,True,False,False,False,False,5,17,False,False,False,False,False,False,0,6,NOT_THE_CASE
824944,SNAPSHOT,107b8195c5e334bc957cde099a9dfa45b04914c102e417847437fda93035f09f,2026-03-29,KC,ATL,4,1,5,top,824944:31:3,Maikel Garcia,Grant Holmes,3-0,1,010,0.258466,1.15817,3.262,1.646,BALL,4.40393,,,[],[],Maikel Garcia walks.,True,False,False,True,False,True,False,False,False,False,False,True,True,False,False,False,False,5,17,False,False,False,False,False,False,0,6,NOT_THE_CASE
824944,SNAPSHOT,107b8195c5e334bc957cde099a9dfa45b04914c102e417847437fda93035f09f,2026-03-29,KC,ATL,4,1,8,top,824944:54:5,Bobby Witt Jr.,Didier Fuentes,3-1,0,000,-1.46484,3.03408,3.238,1.634,BALL,7.62808,,,[],[],Bobby Witt Jr. walks.,True,False,False,False,False,True,False,False,False,False,True,True,True,False,False,False,False,5,17,False,False,False,False,False,False,0,6,NOT_THE_CASE
824942,SNAPSHOT,87b59b2b9e72268790c638e9106052c9ff6a4a859ec75910f727ed168128ef26,2026-03-31,ATH,ATL,5,2,2,top,824942:10:4,Max Muncy,José Suarez,3-1,2,000,-1.00137,0.878769,3.228,1.629,BALL,8.21514,,,[],[],Max Muncy walks.,True,False,False,False,False,True,False,False,False,False,False,True,True,True,False,False,False,5,17,False,False,False,False,False,False,0,6,NOT_THE_CASE
825105,SNAPSHOT,928a2db02e20db6dd50195f35c3d09c83c450551f13dc3ec8ec8341eabfe10c9,2026-04-02,ATL,AZ,17,2,9,bottom,825105:82:6,Gabriel Moreno,Osvaldo Bido,3-2,0,000,-1.66469,4.21418,3.072,1.55,BALL,16.4263,,,[],[],Gabriel Moreno walks.,True,False,False,False,True,True,False,False,False,False,False,True,True,False,False,False,False,5,17,False,False,False,False,False,False,0,6,NOT_THE_CASE
825103,SNAPSHOT,5f772db9a6e7ee7470054c98352fce7d2cef9b36ae493b7b28e74534a2e76f16,2026-04-03,ATL,AZ,2,0,3,bottom,825103:19:9,Tim Tawa,Grant Holmes,3-2,2,000,1.06438,0.737478,3.163,1.596,BALL,9.70306,,,[],[],Tim Tawa walks.,True,False,False,False,True,True,False,False,False,False,False,True,True,False,False,False,False,5,17,False,False,False,False,False,False,0,6,NOT_THE_CASE
824051,SNAPSHOT,44b2634fd4a3123c2b8f3b145f1057fba1685add6507ffc1627088a6a14209e0,2026-04-07,ATL,LAA,7,2,7,bottom,824051:55:11,Adam Frazier,Robert Suarez,3-2,0,000,-0.503419,1.43106,3.111,1.57,BALL,0.217298,,,[],[],"Jonah Heim challenged (pitch result), call on the field was confirmed: Adam Frazier walks.",True,False,False,False,True,True,False,False,False,False,False,True,True,False,False,False,False,5,17,False,False,False,False,False,False,0,6,NOT_THE_CASE
824050,SNAPSHOT,0c600933a5eac8b8880f96a17e1b120d413c15ccb8cb9401cae8830f832b49d4,2026-04-08,ATL,LAA,8,2,2,bottom,824050:13:3,Yoán Moncada,Grant Holmes,3-0,0,000,-1.46265,3.69134,3.217,1.624,BALL,9.2427,,,[],[],Yoán Moncada walks.,True,False,False,False,False,True,False,False,False,False,False,True,True,True,False,False,False,5,17,False,False,False,False,False,False,0,6,NOT_THE_CASE
824941,SNAPSHOT,03eeadcb39dc1599bbef5a8672db50a94496b7d0e288e487a25aeb7efa6cab88,2026-04-10,CLE,ATL,5,11,8,top,824941:68:5,David Fry,José Suarez,3-0,2,110,0.469976,4.32277,3.243,1.637,BALL,11.5072,,,[],[],David Fry walks. Rhys Hoskins to 3rd. Juan Brito to 2nd.,True,False,True,False,False,True,False,False,False,False,False,True,True,False,False,False,False,5,17,False,False,False,False,False,False,0,6,NOT_THE_CASE
824941,SNAPSHOT,03eeadcb39dc1599bbef5a8672db50a94496b7d0e288e487a25aeb7efa6cab88,2026-04-10,CLE,ATL,5,11,9,top,824941:77:4,Steven Kwan,Osvaldo Bido,3-0,0,000,0.801165,2.3115,3.023,1.525,STRIKE,-0.336017,,,[],[],"Osvaldo Bido challenged (pitch result), call on the field was confirmed: Steven Kwan walks.",True,False,False,False,False,True,False,False,False,True,False,True,True,False,False,False,False,5,17,False,False,False,False,False,False,0,6,NOT_THE_CASE
824939,SNAPSHOT,125d629d20c7e18b2af4e5dc879961b61790bfa3e1e48d5f654eb7e3b7b891f1,2026-04-11,CLE,ATL,6,0,9,top,824939:66:4,Steven Kwan,Osvaldo Bido,3-1,2,000,0.959427,1.65714,3.023,1.525,BALL,1.56312,,,[],[],Steven Kwan walks.,True,False,False,False,False,True,False,False,False,False,False,True,True,True,False,False,False,5,17,False,False,False,False,False,False,0,6,NOT_THE_CASE
824939,SNAPSHOT,125d629d20c7e18b2af4e5dc879961b61790bfa3e1e48d5f654eb7e3b7b891f1,2026-04-11,CLE,ATL,6,0,9,top,824939:68:9,José Ramírez,Tyler Kinley,3-2,2,010,-1.05072,3.59133,3.035,1.532,BALL,6.38892,,,[],[],José Ramírez walks.,True,False,False,False,True,True,False,False,False,False,False,True,True,False,False,False,False,5,17,False,False,False,False,False,False,0,6,NOT_THE_CASE
823476,SNAPSHOT,760370153962f8778f448ca59237ba6b4f72cd28a86923f85fd17f21d0f200c0,2026-04-17,ATL,PHI,9,0,3,bottom,823476:31:5,Adolis García,Martín Pérez,3-1,1,001,-1.01546,2.87486,3.216,1.623,BALL,2.23549,,,[],[],Adolis García walks.,True,False,False,True,False,True,False,False,False,False,False,True,True,False,False,False,False,5,17,False,False,False,False,False,False,0,6,NOT_THE_CASE
823476,SNAPSHOT,760370153962f8778f448ca59237ba6b4f72cd28a86923f85fd17f21d0f200c0,2026-04-17,ATL,PHI,9,0,7,bottom,823476:61:3,Trea Turner,José Suarez,3-0,1,000,0.0917574,4.38449,3.245,1.637,BALL,12.2238,,,[],[],Trea Turner walks.,True,False,False,True,False,True,False,False,False,False,False,True,True,False,False,False,False,5,17,False,False,False,False,False,False,0,6,NOT_THE_CASE
823475,SNAPSHOT,9802af027ddb574cdaf0b9ba69b868b6176e9488573d722f9c14c80be5ec3cc5,2026-04-19,ATL,PHI,4,2,6,bottom,823475:51:7,Adolis García,Tyler Kinley,3-2,0,000,0.658531,1.24012,3.216,1.623,BALL,3.1445,,,[],[],Adolis García walks.,True,False,False,False,True,True,False,False,False,False,False,True,True,False,False,False,False,5,17,False,False,False,False,False,False,0,6,NOT_THE_CASE
823475,SNAPSHOT,9802af027ddb574cdaf0b9ba69b868b6176e9488573d722f9c14c80be5ec3cc5,2026-04-19,ATL,PHI,4,2,7,bottom,823475:61:6,Kyle Schwarber,Dylan Lee,3-2,2,000,-0.846304,1.37766,3.181,1.605,BALL,1.74113,,,[],[],Kyle Schwarber walks.,True,False,False,False,True,True,False,False,False,False,False,True,True,False,False,False,False,5,17,False,False,False,False,False,False,0,6,NOT_THE_CASE
822747,SNAPSHOT,a69584bec36886684796ab69dd542c372a3e4e474dbcf3c28f885db58c1f5741,2026-04-21,ATL,WSH,4,11,3,bottom,822747:27:3,Jorbit Vivas,José Suarez,3-0,1,000,-1.0443,1.73524,3.06,1.544,BALL,2.58163,,,[],[],Jorbit Vivas walks.,True,False,False,True,False,True,False,False,False,False,False,True,True,False,False,False,False,5,17,False,False,False,False,False,False,0,6,NOT_THE_CASE
824932,SNAPSHOT,07fa3ab32601ddbead42c802d14f677a9375ca3b9703778851e0d40e33a95d0b,2026-04-24,PHI,ATL,3,5,4,top,824932:32:6,Trea Turner,Grant Holmes,3-2,2,011,0.229324,1.46302,3.245,1.637,BALL,0.63771,,,[],[],"Drake Baldwin challenged (pitch result), call on the field was confirmed: Trea Turner walks.",True,False,False,False,True,True,False,False,False,False,False,True,True,False,False,False,False,5,17,False,False,False,False,False,False,0,6,NOT_THE_CASE
824933,SNAPSHOT,b33b111782b7e51c0607e5e91c41d38fcc098447db5e146027f62a5188def02e,2026-04-25,PHI,ATL,8,5,10,top,824933:73:5,Kyle Schwarber,José Suarez,3-0,0,110,-1.19751,3.48793,3.181,1.605,BALL,5.47994,,,[],[],Kyle Schwarber walks. Garrett Stubbs to 3rd. Trea Turner to 2nd.,True,False,True,False,False,True,False,False,False,False,False,True,True,False,False,False,False,5,17,False,False,False,False,False,False,0,6,NOT_THE_CASE
824934,SNAPSHOT,d3e9a0147eea19b5879e80e5007f0d8f003869ef28d39df73053dd6f0207fa77,2026-04-26,PHI,ATL,2,6,5,top,824934:38:4,Dylan Moore,Chris Sale,3-1,1,000,0.643043,1.48016,3.238,1.634,BALL,0.39611,,,[],[],Dylan Moore walks.,True,False,False,True,False,True,False,False,False,False,False,True,True,False,False,False,False,5,17,False,False,False,False,False,False,0,6,NOT_THE_CASE
824931,SNAPSHOT,c09f5de02a8dc1a1e6c3930ff2c04eabdde1449085770ab3686991451137a696,2026-04-28,DET,ATL,2,5,2,top,824931:11:7,Spencer Torkelson,Martín Pérez,3-2,2,010,-0.377276,1.2765,3.232,1.631,BALL,2.80402,,,[],[],Spencer Torkelson walks.,True,False,False,False,True,True,False,False,False,False,False,True,True,False,False,False,False,5,17,False,False,False,False,False,False,0,6,NOT_THE_CASE
824931,SNAPSHOT,c09f5de02a8dc1a1e6c3930ff2c04eabdde1449085770ab3686991451137a696,2026-04-28,DET,ATL,2,5,5,top,824931:36:6,Gleyber Torres,Martín Pérez,3-2,2,010,1.31123,2.51851,3.13,1.579,BALL,5.78481,,,[],[],Gleyber Torres walks.,True,False,False,False,True,True,False,False,False,False,False,True,True,False,False,False,False,5,17,False,False,False,False,False,False,0,6,NOT_THE_CASE
824930,SNAPSHOT,9ba4b1960b4ae9e98c1359bbd6c70591090e847e5d316369eed4271d8c6bcb28,2026-04-29,DET,ATL,3,4,4,top,824930:28:3,Wenceel Pérez,JR Ritchie,3-0,1,000,0.206873,1.46744,3.182,1.606,BALL,0.212691,,,[],[],Wenceel Pérez walks.,True,False,False,True,False,True,False,False,False,False,False,True,True,False,False,False,False,5,17,False,False,False,False,False,False,0,6,NOT_THE_CASE
824930,SNAPSHOT,9ba4b1960b4ae9e98c1359bbd6c70591090e847e5d316369eed4271d8c6bcb28,2026-04-29,DET,ATL,3,4,6,top,824930:41:7,Kerry Carpenter,JR Ritchie,3-2,0,000,-1.97382,4.54544,3.234,1.632,BALL,20.4194,,,[],[],Kerry Carpenter walks.,True,False,False,False,True,True,False,False,False,False,False,True,True,False,False,False,False,5,17,False,False,False,False,False,False,0,6,NOT_THE_CASE
824929,SNAPSHOT,87ec81bf445732a6b71d2e3c585facc16514e639621102e45156094334212c94,2026-04-30,DET,ATL,5,2,9,top,824929:76:6,Hao-Yu Lee,José Suarez,3-2,2,010,-1.0725,0.695414,3.087,1.558,BALL,9.7857,,,[],[],Hao-Yu Lee walks.,True,False,False,False,True,True,False,False,False,False,False,True,True,False,False,False,False,5,17,False,False,False,False,False,False,0,6,NOT_THE_CASE
824366,SNAPSHOT,4f3ac016db64fab482d2fe292bb6a8dc89b9c699d211bed4a92868d714d7c8fe,2026-05-01,ATL,COL,8,6,6,bottom,824366:48:6,Ezequiel Tovar,Anthony Molina,3-2,0,000,-0.0395891,4.23811,3.219,1.625,BALL,10.7793,,,[],[],Ezequiel Tovar walks.,True,False,False,False,True,True,False,False,False,False,False,True,True,False,False,False,False,5,17,False,False,False,False,False,False,0,6,NOT_THE_CASE
823143,SNAPSHOT,53e7e14a24e39c370c7eb04cbfe962e832d1ee4b5bd40d642a7096c2ed0f3370,2026-05-04,ATL,SEA,4,5,5,bottom,823143:38:4,Julio Rodríguez,JR Ritchie,3-0,2,110,0.987762,3.63511,3.378,1.705,BALL,3.10666,,,[],[],Julio Rodríguez walks. Leo Rivas to 3rd. J.P. Crawford to 2nd.,True,False,True,False,False,True,False,False,False,False,False,True,True,False,False,False,False,5,17,False,False,False,False,False,False,0,6,NOT_THE_CASE
823141,SNAPSHOT,ec458e3bdbd57c7291221156cea45ae260621053b3a91e5418521e540a4aaf61,2026-05-06,ATL,SEA,1,3,3,bottom,823141:19:5,J.P. Crawford,Martín Pérez,3-2,0,011,-0.0427212,3.47966,3.219,1.625,BALL,1.6779,,,[],[],J.P. Crawford walks.,True,False,False,False,True,True,False,False,False,False,False,True,True,False,False,False,False,5,17,False,False,False,False,False,False,0,6,NOT_THE_CASE
823955,SNAPSHOT,ea565a12c104b075389717af25b8dc8d299a2e9ca25ac44fc222023df093409d,2026-05-09,ATL,LAD,7,2,4,bottom,823955:32:4,Will Smith,Spencer Strider,3-1,1,000,0.241439,4.14602,3.138,1.583,BALL,10.6463,,,[],[],Will Smith walks.,True,False,False,True,False,True,False,False,False,False,False,True,True,False,False,False,False,5,17,False,False,False,False,False,False,0,6,NOT_THE_CASE
823954,SNAPSHOT,85e3d7eff1982823f22cb0ee8afdf7489b8b2a2ad9d77f2cfe09a31b2899cc5f,2026-05-10,ATL,LAD,7,2,7,bottom,823954:49:6,Alex Call,Robert Suarez,3-2,0,000,1.21863,2.0806,3.16,1.595,BALL,4.6735,,,[],[],Alex Call walks.,True,False,False,False,True,True,False,False,False,False,False,True,True,False,False,False,False,5,17,False,False,False,False,False,False,0,6,NOT_THE_CASE
824928,SNAPSHOT,83014f65cae6e9473ac92984bc7287b159a5ee66570bfb53989bf8afff2a1f50,2026-05-13,CHC,ATL,1,4,5,top,824928:31:3,Dansby Swanson,JR Ritchie,3-0,1,010,0.912966,1.96629,3.218,1.624,BALL,1.00559,,,[],[],Dansby Swanson walks.,True,False,False,True,False,True,False,False,False,False,False,True,True,False,False,False,False,5,17,False,False,False,False,False,False,0,6,NOT_THE_CASE
824928,SNAPSHOT,83014f65cae6e9473ac92984bc7287b159a5ee66570bfb53989bf8afff2a1f50,2026-05-13,CHC,ATL,1,4,9,top,824928:61:8,Michael Busch,Raisel Iglesias,3-2,0,000,-0.744706,0.883194,3.166,1.598,BALL,7.13877,,,[],[],Michael Busch walks.,True,False,False,False,True,True,False,False,False,False,False,True,True,False,False,False,False,5,17,False,False,False,False,False,False,0,6,NOT_THE_CASE
824926,SNAPSHOT,b7e477174a4dba73888435d151794969cb4f3eddd5ae65b2c6df546318f6ab5c,2026-05-14,CHC,ATL,2,0,6,top,824926:39:6,Ian Happ,Chris Sale,3-2,0,000,0.929242,3.46689,3.137,1.583,BALL,3.31431,,,[],[],Ian Happ walks.,True,False,False,False,True,True,False,False,False,False,False,True,True,False,False,False,False,5,17,False,False,False,False,False,False,0,6,NOT_THE_CASE
824925,SNAPSHOT,182e3fe1ed226576ac63281e95d4c5fc27ce21ecd2264509f205f6e66ef8557d,2026-05-15,BOS,ATL,2,3,3,top,824925:18:9,Carlos Narváez,Spencer Strider,3-2,0,000,0.70088,0.903675,3.181,1.605,BALL,6.96591,,,[],[],Carlos Narváez walks.,True,False,False,False,True,True,False,False,False,False,False,True,True,False,False,False,False,5,17,False,False,False,False,False,False,0,6,NOT_THE_CASE
824925,SNAPSHOT,182e3fe1ed226576ac63281e95d4c5fc27ce21ecd2264509f205f6e66ef8557d,2026-05-15,BOS,ATL,2,3,9,top,824925:65:4,Marcelo Mayer,Raisel Iglesias,3-1,2,100,0.0593672,0.417574,3.342,1.687,BALL,13.7831,,,[],[],Marcelo Mayer walks. Ceddanne Rafaela to 2nd.,True,False,True,False,False,True,False,False,False,False,False,True,True,False,False,False,False,5,17,False,False,False,False,False,False,0,6,NOT_THE_CASE
823867,SNAPSHOT,d05be4248c382268d8deb61dd0588352e030cc8b26b9ad7e7a18a28a691840d8,2026-05-18,ATL,MIA,0,12,5,bottom,823867:49:4,Kyle Stowers,Aaron Bummer,3-1,2,100,-1.3181,1.08089,3.295,1.663,BALL,8.6661,,,[],[],Kyle Stowers walks. Otto Lopez to 2nd.,True,False,True,False,False,True,False,False,False,False,False,True,True,False,False,False,False,5,17,False,False,False,False,False,False,0,6,NOT_THE_CASE
823867,SNAPSHOT,d05be4248c382268d8deb61dd0588352e030cc8b26b9ad7e7a18a28a691840d8,2026-05-18,ATL,MIA,0,12,6,bottom,823867:55:8,Jakob Marsee,Didier Fuentes,3-2,0,000,-1.67477,2.24737,3.212,1.621,BALL,10.1473,,,[],[],Jakob Marsee walks.,True,False,False,False,True,True,False,False,False,False,False,True,True,False,False,False,False,5,17,False,False,False,False,False,False,0,6,NOT_THE_CASE
823865,SNAPSHOT,14fbdc2b1cab8ab56caa486feed1d88de7b94ba31857e0848b59be25f2f15573,2026-05-19,ATL,MIA,8,4,8,bottom,823865:74:6,Leo Jiménez,Robert Suarez,3-2,2,000,0.711361,1.0174,3.118,1.574,BALL,5.22935,,,[],[],Leo Jiménez walks.,True,False,False,False,True,True,False,False,False,False,False,True,True,False,False,False,False,5,17,False,False,False,False,False,False,0,6,NOT_THE_CASE
823864,SNAPSHOT,5c3aa67b59fe02cda19280c571ba80dd231cba33c20bff59e0d0c21a524c5517,2026-05-21,ATL,MIA,9,3,5,bottom,823864:37:6,Joe Mack,Spencer Strider,3-2,2,000,-1.47038,3.78794,3.221,1.625,BALL,9.94774,,,[],[],Joe Mack walks.,True,False,False,False,True,True,False,False,False,False,False,True,True,False,False,False,False,5,17,False,False,False,False,False,False,0,6,NOT_THE_CASE
823864,SNAPSHOT,5c3aa67b59fe02cda19280c571ba80dd231cba33c20bff59e0d0c21a524c5517,2026-05-21,ATL,MIA,9,3,7,bottom,823864:53:3,Christopher Morel,Spencer Strider,3-0,1,000,-0.326687,3.64496,3.228,1.629,BALL,3.55352,,,[],[],Christopher Morel walks.,True,False,False,True,False,True,False,False,False,False,False,True,True,False,False,False,False,5,17,False,False,False,False,False,False,0,6,NOT_THE_CASE
824922,SNAPSHOT,7c60a650967747f1266cbfe50eb59c54c91c011372ef614651eefa192eec9e72,2026-05-22,WSH,ATL,4,5,10,top,824922:72:12,Andrés Chaparro,Dylan Lee,3-2,0,010,-0.574959,-1.68653,3.205,1.618,BALL,38.2044,,,[],[],Andrés Chaparro walks.,True,False,False,False,True,True,False,False,False,False,False,True,True,False,False,False,False,5,17,False,False,False,False,False,False,0,6,NOT_THE_CASE
824921,SNAPSHOT,69a24dd6e91b0f66737175232a06c3003d79b77cb43eabe7939594663c624a58,2026-05-24,WSH,ATL,2,1,6,top,824921:39:4,Andrés Chaparro,Martín Pérez,3-1,1,000,1.22111,2.28566,3.205,1.618,BALL,4.7033,,,[],[],Andrés Chaparro walks.,True,False,False,True,False,True,False,False,False,False,False,True,True,False,False,False,False,5,17,False,False,False,False,False,False,0,6,NOT_THE_CASE
824758,SNAPSHOT,a47c9df4abbe8864d0b4f19dad5190f0ed45de6f7c314ecc63dbeb55b1f28d2f,2026-05-26,ATL,BOS,7,6,5,bottom,824758:39:4,Isiah Kiner-Falefa,Spencer Strider,3-1,1,000,1.12292,2.22391,3.125,1.577,BALL,3.52507,,,[],[],Isiah Kiner-Falefa walks.,True,False,False,True,False,True,False,False,False,False,False,True,True,False,False,False,False,5,17,False,False,False,False,False,False,0,6,NOT_THE_CASE
824757,SNAPSHOT,0ae54f7eadfa384de7fd537a7069ce2920a0d81ec0b7bed7c9f7a6fc497f67d1,2026-05-28,ATL,BOS,10,2,1,bottom,824757:6:4,Willson Contreras,Chris Sale,3-1,2,010,1.28925,2.00098,3.23,1.63,BALL,5.52103,,,[],[],Willson Contreras walks.,True,True,False,False,False,True,False,False,False,False,False,True,True,False,False,False,False,5,17,False,False,False,False,False,False,0,6,NOT_THE_CASE
824757,SNAPSHOT,0ae54f7eadfa384de7fd537a7069ce2920a0d81ec0b7bed7c9f7a6fc497f67d1,2026-05-28,ATL,BOS,10,2,4,bottom,824757:33:6,Isiah Kiner-Falefa,Chris Sale,3-2,0,000,1.69449,2.4473,3.125,1.577,BALL,10.3838,,,[],[],Isiah Kiner-Falefa walks.,True,False,False,False,True,True,False,False,False,False,False,True,True,False,False,False,False,5,17,False,False,False,False,False,False,0,6,NOT_THE_CASE
824515,SNAPSHOT,e01de1c528b501be9b29e1da386147697f7fbaedc4878469d63a0ec433369e95,2026-05-29,ATL,CIN,8,3,1,bottom,824515:6:3,JJ Bleday,Grant Holmes,3-0,2,000,-0.883935,1.49836,3.287,1.659,BALL,1.40591,,,[],[],JJ Bleday walks.,True,True,False,False,False,True,False,False,False,False,False,True,True,False,False,False,False,5,17,False,False,False,False,False,False,0,6,NOT_THE_CASE
824513,SNAPSHOT,db795ddac10dcd7ff288230050a4400cef8b252aedb4aec8815b7fdee923ffb5,2026-05-30,ATL,CIN,5,2,2,bottom,824513:15:6,Matt McLain,Martín Pérez,3-2,2,000,-0.987062,1.38403,3.047,1.538,BALL,2.37112,,,[],[],Matt McLain walks.,True,False,False,False,True,True,False,False,False,False,False,True,True,False,False,False,False,5,17,False,False,False,False,False,False,0,6,NOT_THE_CASE
824512,SNAPSHOT,c78d1266d211984039fab73dddb654746879d8ea3de9f818d36f20d6f54dc1a3,2026-05-31,ATL,CIN,4,6,6,bottom,824512:50:8,Spencer Steer,Didier Fuentes,3-2,0,000,1.10274,2.26935,3.096,1.563,BALL,3.28292,,,[],[],Spencer Steer walks.,True,False,False,False,True,True,False,False,False,False,False,True,True,False,False,False,False,5,17,False,False,False,False,False,False,0,6,NOT_THE_CASE
824917,SNAPSHOT,23e2b749b0daebb235eec84bc8cfb72a4ff647b61e4f11a9e7faf5005feeed54,2026-06-03,TOR,ATL,3,7,7,top,824917:52:4,Brandon Valenzuela,Dylan Lee,3-1,1,000,0.166438,1.13127,3.219,1.625,BALL,4.47478,,,[],[],Brandon Valenzuela walks.,True,False,False,True,False,True,False,False,False,False,False,True,True,False,False,False,False,5,17,False,False,False,False,False,False,0,6,NOT_THE_CASE
824919,SNAPSHOT,6969d94b62ec3046b320412dcb760ec043289f4099a3ea6a663efae6f2b77a00,2026-06-04,TOR,ATL,7,2,6,top,824919:48:7,George Springer,Chris Sale,3-2,2,000,-1.06236,2.06446,3.267,1.649,BALL,2.79836,,,[],[],George Springer walks.,True,False,False,False,True,True,False,False,False,False,False,True,True,False,False,False,False,5,17,False,False,False,False,False,False,0,6,NOT_THE_CASE
824914,SNAPSHOT,02602c933c7f402a83e8ef0d5bb96ad311d04fc9fe0726c2db552f093d000d1c,2026-06-05,PIT,ATL,3,6,3,top,824914:17:4,Spencer Horwitz,Martín Pérez,3-1,0,000,-1.66243,1.24878,3.133,1.581,BALL,10.6734,,,[],[],Spencer Horwitz walks.,True,False,False,False,False,True,False,False,False,False,False,True,True,True,False,False,False,5,17,False,False,False,False,False,False,0,6,NOT_THE_CASE
824914,SNAPSHOT,02602c933c7f402a83e8ef0d5bb96ad311d04fc9fe0726c2db552f093d000d1c,2026-06-05,PIT,ATL,3,6,9,top,824914:68:8,Bryan Reynolds,Raisel Iglesias,3-2,0,000,1.49528,2.53709,3.284,1.657,BALL,7.9933,,,[],[],Bryan Reynolds walks.,True,False,False,False,True,True,False,False,False,False,False,True,True,False,False,False,False,5,17,False,False,False,False,False,False,0,6,NOT_THE_CASE
824915,SNAPSHOT,0946107ca98b1cf73917ff046cef1af3d776e4ffe86c8a27ebf7108e421cc1e4,2026-06-06,PIT,ATL,3,6,2,top,824915:12:4,Oneil Cruz,Spencer Strider,3-1,1,000,-1.2963,2.76599,3.516,1.774,BALL,5.60559,,,[],[],Oneil Cruz walks.,True,False,False,True,False,True,False,False,False,False,False,True,True,False,False,False,False,5,17,False,False,False,False,False,False,0,6,NOT_THE_CASE
824915,SNAPSHOT,0946107ca98b1cf73917ff046cef1af3d776e4ffe86c8a27ebf7108e421cc1e4,2026-06-06,PIT,ATL,3,6,6,top,824915:48:7,Oneil Cruz,Dylan Dodd,3-2,2,000,-2.04587,2.47381,3.516,1.774,BALL,14.6004,,,[],[],Oneil Cruz walks.,True,False,False,False,True,True,False,False,False,False,False,True,True,False,False,False,False,5,17,False,False,False,False,False,False,0,6,NOT_THE_CASE
824915,SNAPSHOT,0946107ca98b1cf73917ff046cef1af3d776e4ffe86c8a27ebf7108e421cc1e4,2026-06-06,PIT,ATL,3,6,7,top,824915:53:6,Tyler Callihan,Dylan Lee,3-2,0,000,-0.678141,0.835154,3.168,1.599,BALL,7.71615,,,[],[],Tyler Callihan walks.,True,False,False,False,True,True,False,False,False,False,False,True,True,False,False,False,False,5,17,False,False,False,False,False,False,0,6,NOT_THE_CASE
824916,SNAPSHOT,bae583c1927c57c84e2f486d5307478f2b1120530b78c8b3bcd904b1ac745b06,2026-06-07,PIT,ATL,2,3,8,top,824916:58:6,Bryan Reynolds,Tyler Kinley,3-1,2,110,-1.17145,2.78899,3.284,1.657,BALL,4.10745,,,[],[],Bryan Reynolds walks. Endy Rodríguez to 3rd. Davis Wendzel to 2nd.,True,False,True,False,False,True,False,False,False,False,False,True,True,False,False,False,False,5,17,False,False,False,False,False,False,0,6,NOT_THE_CASE
824591,SNAPSHOT,f9a62438b0287c3c3a5f6f98514670558707d29fb78bada887387edc69735794,2026-06-09,ATL,CWS,5,6,5,bottom,824591:46:5,Jacob Gonzalez,Dylan Dodd,3-2,2,000,-0.409516,1.07485,3.286,1.658,BALL,5.54776,,,[],[],Jacob Gonzalez walks.,True,False,False,False,True,True,False,False,False,False,False,True,True,False,False,False,False,5,17,False,False,False,False,False,False,0,6,NOT_THE_CASE
824591,SNAPSHOT,f9a62438b0287c3c3a5f6f98514670558707d29fb78bada887387edc69735794,2026-06-09,ATL,CWS,5,6,7,bottom,824591:62:9,Miguel Vargas,Carlos Carrasco,3-2,0,000,2.1696,1.20844,3.29,1.66,BALL,16.9033,,,[],[],Miguel Vargas walks.,True,False,False,False,True,True,False,False,False,False,False,True,True,False,False,False,False,5,17,False,False,False,False,False,False,0,6,NOT_THE_CASE
823617,SNAPSHOT,954228c8f914980f365c753a3563fa2c9907b30e331201014c1912073e4ff6da,2026-06-12,ATL,NYM,5,7,4,bottom,823617:34:5,MJ Melendez,Spencer Strider,3-2,0,000,1.12185,0.837614,3.229,1.629,BALL,9.2649,,,[],[],MJ Melendez walks.,True,False,False,False,True,True,False,False,False,False,False,True,True,False,False,False,False,5,17,False,False,False,False,False,False,0,6,NOT_THE_CASE
823615,SNAPSHOT,1e3ab8d86735f7f43b963e3c7ef7cb5ee6a9edc0100834e300ed19349e4ae5f9,2026-06-14,ATL,NYM,1,8,5,bottom,823615:45:4,MJ Melendez,Dylan Dodd,3-1,0,100,-1.16957,2.65548,3.229,1.629,BALL,4.0849,,,[],[],MJ Melendez walks. Brett Baty to 2nd.,True,False,True,False,False,True,False,False,False,False,False,True,True,False,False,False,False,5,17,False,False,False,False,False,False,0,6,NOT_THE_CASE
824910,SNAPSHOT,935abb6b1e38abf508ddc32b0851ec1b4816da0a134ceeea39c9bdcad93a5abb,2026-06-19,MIL,ATL,2,3,6,top,824910:38:6,William Contreras,Martín Pérez,3-2,0,000,1.09963,2.42531,3.133,1.581,BALL,3.24553,,,[],[],William Contreras walks.,True,False,False,False,True,True,False,False,False,False,False,True,True,False,False,False,False,5,17,False,False,False,False,False,False,0,6,NOT_THE_CASE
824909,SNAPSHOT,b95f5e866f73c0f5c7c29fae8b8d9cbcc4410444c73fe8e3245d105c4f4ed6af,2026-06-20,MIL,ATL,3,4,2,top,824909:6:7,Gary Sánchez,Chris Sale,3-2,0,000,1.1946,1.97457,3.311,1.671,BALL,4.38515,,,[],[],Gary Sánchez walks.,True,False,False,False,True,True,False,False,False,False,False,True,True,False,False,False,False,5,17,False,False,False,False,False,False,0,6,NOT_THE_CASE
823288,SNAPSHOT,c51f36d04aee3dccb6d45289d45c8d6fe0bc6588c9535ee8aaea34b842c0c102,2026-06-22,ATL,SD,0,1,2,bottom,823288:14:4,Xander Bogaerts,Grant Holmes,3-1,1,000,-1.08288,1.62344,3.285,1.658,BALL,3.06368,,,[],[],Xander Bogaerts walks.,True,False,False,True,False,True,False,False,False,False,False,True,True,False,False,False,False,5,17,False,False,False,False,False,False,0,6,NOT_THE_CASE
823288,SNAPSHOT,c51f36d04aee3dccb6d45289d45c8d6fe0bc6588c9535ee8aaea34b842c0c102,2026-06-22,ATL,SD,0,1,4,bottom,823288:27:5,Gavin Sheets,Grant Holmes,3-1,0,000,0.556873,0.86445,3.351,1.691,BALL,8.4686,,,[],[],Gavin Sheets walks.,True,False,False,False,False,True,False,False,False,False,False,True,True,True,False,False,False,5,17,False,False,False,False,False,False,0,6,NOT_THE_CASE
823288,SNAPSHOT,c51f36d04aee3dccb6d45289d45c8d6fe0bc6588c9535ee8aaea34b842c0c102,2026-06-22,ATL,SD,0,1,8,bottom,823288:62:8,Xander Bogaerts,Dylan Dodd,3-2,2,010,-1.37541,-0.870941,3.285,1.658,BALL,29.9353,,,[],[],Xander Bogaerts walks.,True,False,False,False,True,True,False,False,False,False,False,True,True,False,False,False,False,5,17,False,False,False,False,False,False,0,6,NOT_THE_CASE
823286,SNAPSHOT,10aa90a5e544dae619ec0d43b19109dca440c4d5fd63f1affad8cd216f9b9a71,2026-06-23,ATL,SD,6,7,4,bottom,823286:38:4,Sung-Mun Song,JR Ritchie,3-1,1,000,0.0100841,1.2553,3.189,1.61,BALL,2.8064,,,[],[],Sung-Mun Song walks.,True,False,False,True,False,True,False,False,False,False,False,True,True,False,False,False,False,5,17,False,False,False,False,False,False,0,6,NOT_THE_CASE
823284,SNAPSHOT,b27b0453ec5e70865355e63ca3b4aed82fd43ee95a22d175d88bfe763a2011cd,2026-06-24,ATL,SD,2,5,6,bottom,823284:52:4,Jase Bowen,Dylan Dodd,3-1,1,001,0.675726,3.51464,3.209,1.619,BALL,2.21763,,,[],[],Jase Bowen walks.,True,False,False,True,False,True,False,False,False,False,False,True,True,False,False,False,False,5,17,False,False,False,False,False,False,0,6,NOT_THE_CASE
823284,SNAPSHOT,b27b0453ec5e70865355e63ca3b4aed82fd43ee95a22d175d88bfe763a2011cd,2026-06-24,ATL,SD,2,5,7,bottom,823284:59:6,Manny Machado,Didier Fuentes,3-1,0,000,-1.43828,3.30626,3.314,1.672,BALL,7.30937,,,[],[],Manny Machado walks.,True,False,False,False,False,True,False,False,False,False,True,True,True,False,False,False,False,5,17,False,False,False,False,False,False,0,6,NOT_THE_CASE
823206,SNAPSHOT,8a854ff606362c25abb9a9a796784a75bf4f6815650bfb92c9d3a6b2b07757ae,2026-06-26,ATL,SF,3,1,6,bottom,823206:50:6,Willy Adames,Hurston Waldrep,3-2,2,000,1.13789,0.948013,3.224,1.627,BALL,8.19147,,,[],[],Willy Adames walks.,True,False,False,False,True,True,False,False,False,False,False,True,True,False,False,False,False,5,17,False,False,False,False,False,False,0,6,NOT_THE_CASE
823204,SNAPSHOT,ff794348447b1ee3db16175d35d29d1ded27ab3466fc300219123af16fe786e4,2026-06-28,ATL,SF,2,3,2,bottom,823204:13:8,Eric Haase,Chris Sale,3-2,2,010,-0.901698,3.36705,3.104,1.567,BALL,2.46769,,,[],[],Eric Haase walks.,True,False,False,False,True,True,False,False,False,False,False,True,True,False,False,False,False,5,17,False,False,False,False,False,False,0,6,NOT_THE_CASE
823204,SNAPSHOT,ff794348447b1ee3db16175d35d29d1ded27ab3466fc300219123af16fe786e4,2026-06-28,ATL,SF,2,3,7,bottom,823204:54:3,Heliot Ramos,Didier Fuentes,3-0,1,001,0.585481,1.40665,3.184,1.607,BALL,0.954185,,,[],[],Heliot Ramos walks.,True,False,False,True,False,True,False,False,False,False,False,True,True,False,False,False,False,5,17,False,False,False,False,False,False,0,6,NOT_THE_CASE
824907,SNAPSHOT,0e4f2d5f28f591d5856cda04f98d8a859db2bda345ae604b5dc9ab0066d5c713,2026-06-30,STL,ATL,5,3,8,top,824907:61:4,José Fermín,Ian Hamilton,3-1,1,000,0.665994,0.381289,3.138,1.583,BALL,12.9705,,,[],[],José Fermín walks.,True,False,False,True,False,True,False,False,False,False,False,True,True,False,False,False,False,5,17,False,False,False,False,False,False,0,6,NOT_THE_CASE
824905,SNAPSHOT,c28b63b060cad0d378fd4d61446185de4046878540e073d97face6a0d7715a61,2026-07-01,STL,ATL,1,5,3,top,824905:17:4,JJ Wetherholt,Reynaldo López,3-1,1,000,-1.64434,2.82469,3.096,1.563,BALL,9.78204,,,[],[],JJ Wetherholt walks.,True,False,False,True,False,True,False,False,False,False,False,True,True,False,False,False,False,5,17,False,False,False,False,False,False,0,6,NOT_THE_CASE
824906,SNAPSHOT,7c901ff7cccba7eecdc3197df7a9b1004bef6d2a8cc80689575b99b9d451b07d,2026-07-02,STL,ATL,11,5,7,top,824906:52:5,Blaze Jordan,Tyler Kinley,3-2,0,000,-1.07843,2.22943,3.237,1.633,BALL,2.99119,,,[],[],Blaze Jordan walks.,True,False,False,False,True,True,False,False,False,False,False,True,True,False,False,False,False,5,17,False,False,False,False,False,False,0,6,NOT_THE_CASE
824904,SNAPSHOT,c1c00fec18d76079389ab7ede93022a906a208c7d44b6a70eba9afbdd3a06c4a,2026-07-03,NYM,ATL,3,5,7,top,824904:53:4,Juan Soto,Danny Young,3-1,2,000,-0.809277,2.35063,3.259,1.645,STRIKE,-0.238679,,,[],[],"Juan Soto challenged (pitch result), call on the field was overturned: Juan Soto walks.",True,False,False,False,False,True,False,False,False,True,False,True,True,False,False,False,False,5,17,False,False,False,False,False,False,0,6,NOT_THE_CASE
824903,SNAPSHOT,3d5716d388ac48d6c199ff96569a637206a049ae22b5a642bb5c3089d1ae09cb,2026-07-04,NYM,ATL,3,14,5,top,824903:38:8,Brett Baty,Chris Sale,3-2,2,000,-1.02687,2.20268,3.328,1.68,BALL,2.37239,,,[],[],Brett Baty walks.,True,False,False,False,True,True,False,False,False,False,False,True,True,False,False,False,False,5,17,False,False,False,False,False,False,0,6,NOT_THE_CASE
824903,SNAPSHOT,3d5716d388ac48d6c199ff96569a637206a049ae22b5a642bb5c3089d1ae09cb,2026-07-04,NYM,ATL,3,14,8,top,824903:70:4,Tyrone Taylor,JR Ritchie,3-1,2,100,0.468294,1.31599,3.231,1.631,BALL,2.33012,,,[],[],Tyrone Taylor walks. Carson Benge to 2nd.,True,False,True,False,False,True,False,False,False,False,False,True,True,False,False,False,False,5,17,False,False,False,False,False,False,0,6,NOT_THE_CASE
823361,SNAPSHOT,ca19020dbee84c10fba1096f0430eaf8a8d6a2d11aace1cdd4519e090ec211c2,2026-07-07,ATL,PIT,4,12,7,bottom,823361:62:4,Jared Triolo,Connor Thomas,3-1,0,100,0.0843966,1.56002,3.343,1.687,BALL,0.0737623,,,[],[],Jared Triolo walks. Tyler Callihan to 2nd.,True,False,True,False,False,True,False,False,False,False,False,True,True,False,False,False,False,5,17,False,False,False,False,False,False,0,6,NOT_THE_CASE
823361,SNAPSHOT,ca19020dbee84c10fba1096f0430eaf8a8d6a2d11aace1cdd4519e090ec211c2,2026-07-07,ATL,PIT,4,12,8,bottom,823361:70:6,Esmerlyn Valdez,Jorge Mateo,3-2,0,000,-2.13212,5.06916,3.311,1.671,BALL,25.6984,,,[],[],Esmerlyn Valdez walks.,True,False,False,False,True,True,False,False,False,False,False,True,True,False,False,False,False,5,17,False,False,False,False,False,False,0,6,NOT_THE_CASE
823360,SNAPSHOT,6897f351c4aea7c278f82a195ef94bf90e8f2ae51b7fafbe9c2d28ba17ec879a,2026-07-08,ATL,PIT,3,0,2,bottom,823360:12:9,Marcell Ozuna,Grant Holmes,3-2,2,000,0.967343,0.845329,3.256,1.643,BALL,8.61402,,,[],[],Marcell Ozuna walks.,True,False,False,False,True,True,False,False,False,False,False,True,True,False,False,False,False,5,17,False,False,False,False,False,False,0,6,NOT_THE_CASE
823360,SNAPSHOT,6897f351c4aea7c278f82a195ef94bf90e8f2ae51b7fafbe9c2d28ba17ec879a,2026-07-08,ATL,PIT,3,0,9,bottom,823360:64:7,Nick Gonzales,Raisel Iglesias,3-2,2,000,1.08179,2.20219,3.051,1.54,BALL,3.03146,,,[],[],Nick Gonzales walks.,True,False,False,False,True,True,False,False,False,False,False,True,True,False,False,False,False,5,17,False,False,False,False,False,False,0,6,NOT_THE_CASE
823359,SNAPSHOT,075ca31727c2dc3d84c051b4d04dea8ff85ce8a543e67e9e337296f8f06b05ab,2026-07-09,ATL,PIT,10,5,8,bottom,823359:70:10,Nick Gonzales,James Karinchak,3-2,0,000,0.657219,1.04294,3.051,1.54,BALL,4.51468,,,[],[],Nick Gonzales walks.,True,False,False,False,True,True,False,False,False,False,False,True,True,False,False,False,False,5,17,False,False,False,False,False,False,0,6,NOT_THE_CASE
823033,SNAPSHOT,f51e60829a1ad1e4a0b11e810a5f5cc1b59850c261ba4e00500072059481907b,2026-07-10,ATL,STL,1,2,3,bottom,823033:19:5,JJ Wetherholt,Chris Sale,3-2,2,010,-1.31055,1.89519,3.096,1.563,BALL,5.77656,,,[],[],JJ Wetherholt walks.,True,False,False,False,True,True,False,False,False,False,False,True,True,False,False,False,False,5,17,False,False,False,False,False,False,0,6,NOT_THE_CASE
823033,SNAPSHOT,f51e60829a1ad1e4a0b11e810a5f5cc1b59850c261ba4e00500072059481907b,2026-07-10,ATL,STL,1,2,7,bottom,823033:49:7,Masyn Winn,Tyler Kinley,3-2,0,000,1.22756,1.2911,3.081,1.555,BALL,5.53936,,,[],[],Masyn Winn walks.,True,False,False,False,True,True,False,False,False,False,False,True,True,False,False,False,False,5,17,False,False,False,False,False,False,0,6,NOT_THE_CASE
823030,SNAPSHOT,c4e93a0d5784372b74df8ad9ba95a932cc101fdd64aed9da3d4e3309b623f29f,2026-07-11,ATL,STL,1,4,4,bottom,823030:27:6,Lars Nootbaar,Reynaldo López,3-2,0,000,0.555772,1.09602,3.259,1.645,BALL,5.13778,,,[],[],Lars Nootbaar walks.,True,False,False,False,True,True,False,False,False,False,False,True,True,False,False,False,False,5,17,False,False,False,False,False,False,0,6,NOT_THE_CASE
823029,SNAPSHOT,22fdf2c18933e4171ea1fd7206367d05f9a822f25ff96a3bf8f4baa12f3bc55d,2026-07-12,ATL,STL,4,3,2,bottom,823029:19:6,Jimmy Crooks,JR Ritchie,3-2,2,000,-1.65754,2.66972,3.201,1.615,BALL,9.94043,,,[],[],Jimmy Crooks walks.,True,False,False,False,True,True,False,False,False,False,False,True,True,False,False,False,False,5,17,False,False,False,False,False,False,0,6,NOT_THE_CASE
823029,SNAPSHOT,22fdf2c18933e4171ea1fd7206367d05f9a822f25ff96a3bf8f4baa12f3bc55d,2026-07-12,ATL,STL,4,3,3,bottom,823029:26:6,Alec Burleson,JR Ritchie,3-2,2,000,1.16179,0.721124,3.216,1.623,BALL,10.6635,,,[],[],Alec Burleson walks.,True,False,False,False,True,True,False,False,False,False,False,True,True,False,False,False,False,5,17,False,False,False,False,False,False,0,6,NOT_THE_CASE
824899,SNAPSHOT,e3bd45f6c253621fe473a35e03624ba7f71cd428cb5836d161a5ae73293fb378,2026-07-18,TEX,ATL,7,6,6,top,824899:49:4,Kyle Higashioka,Tyler Kinley,3-1,1,000,0.554771,0.766078,3.245,1.638,BALL,9.01306,,,[],[],Kyle Higashioka walks.,True,False,False,True,False,True,False,False,False,False,False,True,True,False,False,False,False,5,17,False,False,False,False,False,False,0,6,NOT_THE_CASE
824899,SNAPSHOT,e3bd45f6c253621fe473a35e03624ba7f71cd428cb5836d161a5ae73293fb378,2026-07-18,TEX,ATL,7,6,7,top,824899:60:10,Ezequiel Duran,Danny Young,3-2,0,000,1.05612,2.66062,3.126,1.578,BALL,2.72345,,,[],[],Ezequiel Duran walks.,True,False,False,False,True,True,False,False,False,False,False,True,True,False,False,False,False,5,17,False,False,False,False,False,False,0,6,NOT_THE_CASE
824897,SNAPSHOT,beb692300842731a97b52e290fe02244de0b5279666775328df954f3b9c60dca,2026-07-19,TEX,ATL,5,8,4,top,824897:26:6,Brandon Nimmo,Grant Holmes,3-2,0,000,-0.830757,1.63225,3.27,1.65,BALL,0.0344459,,,[],[],Brandon Nimmo walks.,True,False,False,False,True,True,False,False,False,False,False,True,True,False,False,False,False,5,17,False,False,False,False,False,False,0,6,NOT_THE_CASE
824897,SNAPSHOT,beb692300842731a97b52e290fe02244de0b5279666775328df954f3b9c60dca,2026-07-19,TEX,ATL,5,8,5,top,824897:41:6,Brandon Nimmo,Grant Holmes,3-2,2,010,1.25929,0.312541,3.27,1.65,BALL,15.908,,,[],[],Brandon Nimmo walks. Wyatt Langford to 3rd. Wild pitch by pitcher Grant Holmes. Wyatt Langford to 3rd.,True,False,False,False,True,True,False,False,False,False,False,True,True,False,False,False,False,5,17,False,False,False,False,False,False,0,6,NOT_THE_CASE
824897,SNAPSHOT,beb692300842731a97b52e290fe02244de0b5279666775328df954f3b9c60dca,2026-07-19,TEX,ATL,5,8,8,top,824897:69:3,Cam Cauley,Dylan Lee,3-0,1,000,-1.14792,1.50035,3.091,1.56,BALL,3.87338,,,[],[],Cam Cauley walks.,True,False,False,True,False,True,False,False,False,False,False,True,True,False,False,False,False,5,17,False,False,False,False,False,False,0,6,NOT_THE_CASE
824898,SNAPSHOT,85e544f046cff31ffe8bf84779a9cde05c4f3ea6dad81694bfb34f1930b67a63,2026-07-20,SD,ATL,2,3,7,top,824898:48:11,Luis Campusano,Victor Mederos,3-2,2,001,2.68306,1.5725,3.119,1.574,BALL,22.2467,,,[],[],Luis Campusano walks.,True,False,False,False,True,True,False,False,False,False,False,True,True,False,False,False,False,5,17,False,False,False,False,False,False,0,6,NOT_THE_CASE
824895,SNAPSHOT,b03da356a7ecad09697bf7641742956745ee2dcd38811a7d166900bec8724b32,2026-07-21,SD,ATL,8,3,8,top,824895:68:4,Jake Cronenworth,JR Ritchie,3-1,1,000,-0.625285,3.51435,3.172,1.601,BALL,2.65825,,,[],[],Jake Cronenworth walks.,True,False,False,True,False,True,False,False,False,False,False,True,True,False,False,False,False,5,17,False,False,False,False,False,False,0,6,NOT_THE_CASE
824896,SNAPSHOT,fcbc7e519051e06893a1eaefdd4133fa8610dab0ba3faebcfaa6f361c4b3d1fd,2026-07-22,SD,ATL,6,7,1,top,824896:2:4,Manny Machado,Martín Pérez,3-1,2,000,0.95486,2.22683,3.314,1.672,BALL,1.50832,,,[],[],Manny Machado walks.,True,True,False,False,False,True,False,False,False,False,False,True,True,False,False,False,False,5,17,False,False,False,False,False,False,0,6,NOT_THE_CASE
824896,SNAPSHOT,fcbc7e519051e06893a1eaefdd4133fa8610dab0ba3faebcfaa6f361c4b3d1fd,2026-07-22,SD,ATL,6,7,3,top,824896:20:5,Fernando Tatis Jr.,Martín Pérez,3-2,0,000,0.134462,1.40129,3.346,1.689,BALL,2.00252,,,[],[],Fernando Tatis Jr. walks.,True,False,False,False,True,True,False,False,False,False,False,True,True,False,False,False,False,5,17,False,False,False,False,False,False,0,6,NOT_THE_CASE
824893,SNAPSHOT,64b4cdefad318f223a782820ad78342404011de3115ff3d3b475ca9dc15d274b,2026-07-23,SD,ATL,5,6,2,top,824893:12:4,Fernando Tatis Jr.,Chris Sale,3-1,2,111,1.16412,2.64035,3.346,1.689,BALL,4.0195,,,[],[],Fernando Tatis Jr. walks. Gavin Sheets scores. Freddy Fermin to 3rd. Jake Cronenworth to 2nd.,True,False,True,False,False,True,False,False,False,False,False,True,True,False,False,False,False,5,17,False,False,False,False,False,False,0,6,NOT_THE_CASE
824812,SNAPSHOT,570afbb0e1ae0686e775775624c739109d9fa4950aa71342090a9b45ae239814,2026-07-24,ATL,BAL,7,6,6,bottom,824812:45:8,Colton Cowser,Danny Young,3-2,0,000,1.59757,2.01054,3.329,1.68,BALL,9.22085,,,[],[],Colton Cowser walks.,True,False,False,False,True,True,False,False,False,False,False,True,True,False,False,False,False,5,17,False,False,False,False,False,False,0,6,NOT_THE_CASE
824812,SNAPSHOT,570afbb0e1ae0686e775775624c739109d9fa4950aa71342090a9b45ae239814,2026-07-24,ATL,BAL,7,6,9,bottom,824812:70:8,Dylan Beavers,Elieser Hernández,3-2,2,000,-0.985961,3.76021,3.417,1.725,BALL,3.84729,,,[],[],Dylan Beavers walks.,True,False,False,False,True,True,False,False,False,False,False,True,True,False,False,False,False,5,17,False,False,False,False,False,False,0,6,NOT_THE_CASE
824810,SNAPSHOT,ae244f5c8a33bcc32bc89639772beb5eaecd59ee795f351389b65863df5b693c,2026-07-26,ATL,BAL,3,2,9,bottom,824810:69:7,Christian Encarnacion-Strand,Raisel Iglesias,3-2,0,000,1.19619,1.12776,3.235,1.633,BALL,6.978,,,[],[],Christian Encarnacion-Strand walks.,True,False,False,False,True,True,False,False,False,False,False,True,True,False,False,False,False,5,17,False,False,False,False,False,False,0,6,NOT_THE_CASE
824810,SNAPSHOT,ae244f5c8a33bcc32bc89639772beb5eaecd59ee795f351389b65863df5b693c,2026-07-26,ATL,BAL,3,2,10,bottom,824810:78:7,Dylan Beavers,Danny Young,3-1,0,010,1.91967,3.26199,3.417,1.725,BALL,13.086,,,[],[],Dylan Beavers walks. Sam Huff to 3rd. Wild pitch by pitcher Danny Young. Sam Huff to 3rd.,True,False,False,False,False,True,False,False,False,False,True,True,True,False,False,False,False,5,17,False,False,False,False,False,False,0,6,NOT_THE_CASE
823597,SNAPSHOT,a41b8416a03082b9c4f9a2e6941bf95254ea1501807ad88c049b581467531901,2026-07-27,ATL,NYM,3,14,7,bottom,823597:59:4,Marcus Semien,Connor Thomas,3-0,0,000,1.19053,3.77297,3.212,1.621,BALL,7.4268,,,[],[],Marcus Semien walks.,True,False,False,False,False,True,False,False,False,False,False,True,True,True,False,False,False,5,17,False,False,False,False,False,False,0,6,NOT_THE_CASE
823598,SNAPSHOT,4eedbbcb2519f9863211068449ddfa34efb813ed63b98d40a07770bb42727baa,2026-07-29,ATL,NYM,1,0,7,bottom,823598:50:5,Tyrone Taylor,Didier Fuentes,3-2,2,000,0.859842,1.87671,3.231,1.631,BALL,0.368104,,,[],[],"Tyrone Taylor challenged (pitch result), call on the field was overturned: Tyrone Taylor walks.",True,False,False,False,True,True,False,False,False,False,False,True,True,False,False,False,False,5,17,False,False,False,False,False,False,0,6,NOT_THE_CASE
824894,SNAPSHOT,2b9314b5a59e37591d08349f8f0d387d77bae70f70eb2ddbe76b8b1fbce99291,2026-07-30,WSH,ATL,4,5,5,top,824894:31:4,James Wood,Grant Holmes,3-1,0,100,-1.02169,2.27698,3.489,1.761,BALL,2.31033,,,[],[],James Wood walks. Nasim Nuñez to 2nd.,True,False,True,False,False,True,False,False,False,False,False,True,True,False,False,False,False,5,17,False,False,False,False,False,False,0,6,NOT_THE_CASE
824894,SNAPSHOT,2b9314b5a59e37591d08349f8f0d387d77bae70f70eb2ddbe76b8b1fbce99291,2026-07-30,WSH,ATL,4,5,9,top,824894:67:5,James Wood,Raisel Iglesias,3-2,2,000,0.429823,0.973087,3.489,1.761,BALL,8.00496,,,[],[],James Wood walks.,True,False,False,False,True,True,False,False,False,False,False,True,True,False,False,False,False,5,17,False,False,False,False,False,False,0,6,NOT_THE_CASE
824892,SNAPSHOT,cd3abd11aa6420219e7f67db83f579d7ed5baa80c23ac851520da5e00da004e7,2026-07-31,WSH,ATL,2,6,8,top,824892:63:7,CJ Abrams,Elieser Hernández,3-2,0,000,-0.933588,3.66652,3.223,1.626,BALL,4.51932,,,[],[],CJ Abrams walks.,True,False,False,False,True,True,False,False,False,False,False,True,True,False,False,False,False,5,17,False,False,False,False,False,False,0,6,NOT_THE_CASE
824890,SNAPSHOT,549a1f20bdf6d72834be09f9d1fd26ff40fc0e69c608984d4a634be1a502e6f9,2026-08-01,WSH,ATL,3,8,4,top,824890:24:4,Andrés Chaparro,Martín Pérez,3-1,1,000,-0.202981,0.408773,3.205,1.618,BALL,13.0607,,,[],[],Andrés Chaparro walks.,True,False,False,True,False,True,False,False,False,False,False,True,True,False,False,False,False,5,17,False,False,False,False,False,False,0,6,NOT_THE_CASE
824891,SNAPSHOT,67a1f1d60662ed195a82706b466ebda60b4eb84e1e45fcdee2f8360158412665,2026-08-02,WSH,ATL,2,4,4,top,824891:25:5,José Tena,JR Ritchie,3-1,0,100,-1.30133,1.91895,3.14,1.585,BALL,5.66593,,,[],[],José Tena walks. Keibert Ruiz to 2nd.,True,False,True,False,False,True,False,False,False,False,False,True,True,False,False,False,False,5,17,False,False,False,False,False,False,0,6,NOT_THE_CASE
824891,SNAPSHOT,67a1f1d60662ed195a82706b466ebda60b4eb84e1e45fcdee2f8360158412665,2026-08-02,WSH,ATL,2,4,8,top,824891:56:8,Dylan Crews,Dylan Lee,3-2,0,000,-0.522859,1.18407,3.166,1.598,BALL,3.51711,,,[],[],Dylan Crews walks.,True,False,False,False,True,True,False,False,False,False,False,True,True,False,False,False,False,5,17,False,False,False,False,False,False,0,6,NOT_THE_CASE
824891,SNAPSHOT,67a1f1d60662ed195a82706b466ebda60b4eb84e1e45fcdee2f8360158412665,2026-08-02,WSH,ATL,2,4,9,top,824891:64:4,Jorbit Vivas,Raisel Iglesias,3-1,2,000,0.815524,1.531,3.06,1.544,STRIKE,-0.154284,,,[],[],Jorbit Vivas walks.,True,False,False,False,False,True,False,False,False,True,False,True,True,False,False,False,False,5,17,False,False,False,False,False,False,0,6,NOT_THE_CASE
824888,SNAPSHOT,c6fca7b52356f781e0c9ac50a6a66dee53fe46df7dc5fb0fb970fa6fae9e0a9b,2026-08-04,MIA,ATL,2,4,8,top,824888:55:6,Kyle Stowers,Dylan Lee,3-2,2,000,0.884928,1.80051,3.295,1.663,BALL,0.66914,,,[],[],Kyle Stowers walks.,True,False,False,False,True,True,False,False,False,False,False,True,True,False,False,False,False,5,17,False,False,False,False,False,False,0,6,NOT_THE_CASE
824885,SNAPSHOT,e5fc20b1b2000ca3105138045941e47f080ed65ccaa945700856157d3b261e02,2026-08-06,MIA,ATL,3,11,2,top,824885:7:7,Xavier Edwards,Martín Pérez,3-2,0,000,0.388123,3.46786,3.055,1.542,BALL,3.50434,,,[],[],Xavier Edwards walks.,True,False,False,False,True,True,False,False,False,False,False,True,True,False,False,False,False,5,17,False,False,False,False,False,False,0,6,NOT_THE_CASE
824885,SNAPSHOT,e5fc20b1b2000ca3105138045941e47f080ed65ccaa945700856157d3b261e02,2026-08-06,MIA,ATL,3,11,5,top,824885:30:6,Leo Jiménez,Victor Mederos,3-2,0,000,1.78581,2.31039,3.118,1.574,BALL,11.4797,,,[],[],Leo Jiménez walks.,True,False,False,False,True,True,False,False,False,False,False,True,True,False,False,False,False,5,17,False,False,False,False,False,False,0,6,NOT_THE_CASE
823515,SNAPSHOT,204cc32a061a3748657e21ea9a294212285b58efeceb62f71140b9b6be7b31d5,2026-08-07,ATL,NYY,2,3,3,bottom,823515:19:6,Ryan McMahon,Tyler Mahle,3-2,0,000,-1.04203,3.75209,3.317,1.674,BALL,5.12983,,,[],[],Ryan McMahon walks.,True,False,False,False,True,True,False,False,False,False,False,True,True,False,False,False,False,5,17,False,False,False,False,False,False,0,6,NOT_THE_CASE
823515,SNAPSHOT,204cc32a061a3748657e21ea9a294212285b58efeceb62f71140b9b6be7b31d5,2026-08-07,ATL,NYY,2,3,8,bottom,823515:59:4,Heliot Ramos,Dylan Lee,3-1,2,000,1.12128,1.89472,3.184,1.607,BALL,3.50536,,,[],[],Heliot Ramos walks.,True,False,False,False,False,True,False,False,False,False,False,True,True,True,False,False,False,5,17,False,False,False,False,False,False,0,6,NOT_THE_CASE
823515,SNAPSHOT,204cc32a061a3748657e21ea9a294212285b58efeceb62f71140b9b6be7b31d5,2026-08-07,ATL,NYY,2,3,8,bottom,823515:60:4,Luis García Jr.,Dylan Lee,3-1,2,100,-1.12011,0.942934,3.248,1.639,BALL,8.25495,,,[],[],Luis García Jr. walks. Heliot Ramos to 2nd.,True,False,True,False,False,True,False,False,False,False,False,True,True,False,False,False,False,5,17,False,False,False,False,False,False,0,6,NOT_THE_CASE
823515,SNAPSHOT,204cc32a061a3748657e21ea9a294212285b58efeceb62f71140b9b6be7b31d5,2026-08-07,ATL,NYY,2,3,9,bottom,823515:70:8,Amed Rosario,Raisel Iglesias,3-2,2,010,1.091,2.62487,3.271,1.651,BALL,3.14197,,,[],[],Amed Rosario walks.,True,False,False,False,True,True,False,False,False,False,False,True,True,False,False,False,False,5,17,False,False,False,False,False,False,0,6,NOT_THE_CASE
823513,SNAPSHOT,4a34ca2cfa1d862bf8afee3b3cb539f44cb2eb1038d6670b27df8b2c01358a92,2026-08-09,ATL,NYY,2,1,3,bottom,823513:17:6,Ryan McMahon,Grant Holmes,3-2,0,000,-0.482495,0.745843,3.317,1.674,BALL,9.68789,,,[],[],Ryan McMahon walks.,True,False,False,False,True,True,False,False,False,False,False,True,True,False,False,False,False,5,17,False,False,False,False,False,False,0,6,NOT_THE_CASE
824886,SNAPSHOT,2440e56b4aa90baa2bccd39d1661c205b59c43ff1075ce9380462a73bc0268d2,2026-08-11,NYM,ATL,0,4,2,top,824886:9:5,Francisco Alvarez,Martín Pérez,3-1,2,100,0.290096,1.42559,3.121,1.575,BALL,0.342919,,,[],[],Francisco Alvarez walks. Carson Benge to 2nd.,True,False,True,False,False,True,False,False,False,False,False,True,True,False,False,False,False,5,17,False,False,False,False,False,False,0,6,NOT_THE_CASE
824886,SNAPSHOT,2440e56b4aa90baa2bccd39d1661c205b59c43ff1075ce9380462a73bc0268d2,2026-08-11,NYM,ATL,0,4,3,top,824886:16:6,Francisco Lindor,Martín Pérez,3-2,2,000,-0.805493,3.40869,3.108,1.568,BALL,2.34191,,,[],[],Francisco Lindor walks.,True,False,False,False,True,True,False,False,False,False,False,True,True,False,False,False,False,5,17,False,False,False,False,False,False,0,6,NOT_THE_CASE
824883,SNAPSHOT,f897e42771263a3813bdd0eb4f0532b9d1ed4f6338c5b6bf165a887a38b9a939,2026-08-12,NYM,ATL,3,6,8,top,824883:58:7,A.J. Ewing,Dylan Lee,3-2,2,000,-0.125933,0.351878,3.137,1.583,BALL,13.3235,,,[],[],A.J. Ewing walks.,True,False,False,False,True,True,False,False,False,False,False,True,True,False,False,False,False,5,17,False,False,False,False,False,False,0,6,NOT_THE_CASE
824883,SNAPSHOT,f897e42771263a3813bdd0eb4f0532b9d1ed4f6338c5b6bf165a887a38b9a939,2026-08-12,NYM,ATL,3,6,9,top,824883:66:6,Luis Robert Jr.,Raisel Iglesias,3-2,0,010,1.75027,0.99022,3.31,1.671,BALL,13.4855,,,[],[],Luis Robert Jr. walks.,True,False,False,False,True,True,False,False,False,False,False,True,True,False,False,False,False,5,17,False,False,False,False,False,False,0,6,NOT_THE_CASE
824884,SNAPSHOT,c7ac1522d51b2db6dd47d7493c301633640f3a985df0eea10b47ec3adbecfa8c,2026-08-15,AZ,ATL,10,3,4,top,824884:31:4,Lars Nootbaar,Grant Holmes,3-1,2,000,-1.19359,2.74777,3.259,1.645,BALL,4.37308,,,[],[],Lars Nootbaar walks.,True,False,False,False,False,True,False,False,False,False,False,True,True,True,False,False,False,5,17,False,False,False,False,False,False,0,6,NOT_THE_CASE
824884,SNAPSHOT,c7ac1522d51b2db6dd47d7493c301633640f3a985df0eea10b47ec3adbecfa8c,2026-08-15,AZ,ATL,10,3,6,top,824884:48:4,Corbin Carroll,Brent Suter,3-0,2,100,1.13806,3.67175,3.103,1.566,BALL,7.10405,,,[],[],Corbin Carroll walks. Lars Nootbaar to 2nd.,True,False,True,False,False,True,False,False,False,False,False,True,True,False,False,False,False,5,17,False,False,False,False,False,False,0,6,NOT_THE_CASE
824884,SNAPSHOT,c7ac1522d51b2db6dd47d7493c301633640f3a985df0eea10b47ec3adbecfa8c,2026-08-15,AZ,ATL,10,3,9,top,824884:73:7,Ryan Waldschmidt,Danny Young,3-2,2,000,1.3753,2.89129,3.202,1.616,BALL,6.55365,,,[],[],Ryan Waldschmidt walks.,True,False,False,False,True,True,False,False,False,False,False,True,True,False,False,False,False,5,17,False,False,False,False,False,False,0,6,NOT_THE_CASE
824880,SNAPSHOT,601ae75249a805766466a462fd8031bbc53420af4fc9217379e3b5f716e26106,2026-08-16,AZ,ATL,3,5,9,top,824880:65:7,Ketel Marte,Raisel Iglesias,3-2,0,000,0.83297,1.64424,3.218,1.624,BALL,0.0456455,,,[],[],Ketel Marte walks.,True,False,False,False,True,True,False,False,False,False,False,True,True,False,False,False,False,5,17,False,False,False,False,False,False,0,6,NOT_THE_CASE
823746,SNAPSHOT,8fadb297fa0797942d6f5edbb13949f8e982caff3673dd299baf1236e612787e,2026-08-21,ATL,MIL,1,2,8,bottom,823746:64:4,Garrett Mitchell,Dylan Dodd,3-1,0,100,1.41033,4.0321,3.293,1.662,BALL,10.7822,,,[],[],Garrett Mitchell walks. William Contreras to 2nd.,True,False,True,False,False,True,False,False,False,False,False,True,True,False,False,False,False,5,17,False,False,False,False,False,False,0,6,NOT_THE_CASE
824881,SNAPSHOT,1dfc826567502e29d6a9624dc52bedffe5c71a12b8c005fdf687befb62390156,2026-08-25,LAD,ATL,3,4,8,top,824881:63:4,Alek Thomas,Victor Mederos,3-1,2,100,-1.65198,2.17289,3.073,1.551,BALL,9.87378,,,[],[],Alek Thomas walks. Alex Call to 2nd.,True,False,True,False,False,True,False,False,False,False,False,True,True,False,False,False,False,5,17,False,False,False,False,False,False,0,6,NOT_THE_CASE
824878,SNAPSHOT,396738b824c81bf571da02e66e2a7022c8300e75c94ba513c20da71d3975b634,2026-08-26,LAD,ATL,5,6,1,top,824878:2:3,Mookie Betts,AJ Smith-Shawver,3-0,2,000,-0.77566,3.44586,3.096,1.563,BALL,2.82539,,,[],[],Mookie Betts walks.,True,True,False,False,False,True,False,False,False,False,False,True,True,False,False,False,False,5,17,False,False,False,False,False,False,0,6,NOT_THE_CASE
824878,SNAPSHOT,396738b824c81bf571da02e66e2a7022c8300e75c94ba513c20da71d3975b634,2026-08-26,LAD,ATL,5,6,4,top,824878:31:6,Hunter Feduccia,AJ Smith-Shawver,3-2,2,000,0.212461,0.829681,3.262,1.646,BALL,8.34582,,,[],[],Hunter Feduccia walks.,True,False,False,False,True,True,False,False,False,False,False,True,True,False,False,False,False,5,17,False,False,False,False,False,False,0,6,NOT_THE_CASE
824878,SNAPSHOT,396738b824c81bf571da02e66e2a7022c8300e75c94ba513c20da71d3975b634,2026-08-26,LAD,ATL,5,6,8,top,824878:73:3,Mookie Betts,Didier Fuentes,3-0,2,101,-1.09972,2.10193,3.096,1.563,BALL,3.24664,,,[],[],Mookie Betts walks. Freddie Freeman to 2nd.,True,False,True,False,False,True,False,False,False,False,False,True,True,False,False,False,False,5,17,False,False,False,False,False,False,0,6,NOT_THE_CASE
824877,SNAPSHOT,0092f7288d8d7cee782451f1b57877cf7202bcb07ce9b324b93bcc204733a949,2026-08-28,COL,ATL,4,6,2,top,824877:6:6,TJ Rumfield,Grant Holmes,3-2,0,000,-1.40114,2.17164,3.423,1.727,BALL,6.86363,,,[],[],TJ Rumfield walks.,True,False,False,False,True,True,False,False,False,False,False,True,True,False,False,False,False,5,17,False,False,False,False,False,False,0,6,NOT_THE_CASE
824874,SNAPSHOT,3b05866f96a06661610c88d99c64fc53177427cdd5132ffc37d65758dda86256,2026-08-29,COL,ATL,1,2,6,top,824874:39:4,Hunter Goodman,Martín Pérez,3-1,2,000,1.67749,2.6834,3.179,1.604,BALL,10.1799,,,[],[],Hunter Goodman walks.,True,False,False,False,False,True,False,False,False,False,False,True,True,True,False,False,False,5,17,False,False,False,False,False,False,0,6,NOT_THE_CASE
824874,SNAPSHOT,3b05866f96a06661610c88d99c64fc53177427cdd5132ffc37d65758dda86256,2026-08-29,COL,ATL,1,2,9,top,824874:66:5,Willi Castro,Didier Fuentes,3-1,0,000,-2.15415,3.01149,3.203,1.617,BALL,15.8998,,,[],[],Willi Castro walks.,True,False,False,False,False,True,False,False,False,False,True,True,True,False,False,False,False,5,17,False,False,False,False,False,False,0,6,NOT_THE_CASE
822687,SNAPSHOT,cd0d9ab314bb542aade773874de9685da5818fc6531ca66aa9c2dfc948b32106,2026-09-01,ATL,WSH,5,9,5,bottom,822687:41:10,Daylen Lile,Victor Mederos,3-2,0,000,-1.54065,3.46004,3.181,1.605,BALL,9.08421,,,[],[],Daylen Lile walks.,True,False,False,False,True,True,False,False,False,False,False,True,True,False,False,False,False,5,17,False,False,False,False,False,False,0,6,NOT_THE_CASE
822687,SNAPSHOT,cd0d9ab314bb542aade773874de9685da5818fc6531ca66aa9c2dfc948b32106,2026-09-01,ATL,WSH,5,9,7,bottom,822687:60:7,Jorbit Vivas,Brent Suter,3-2,2,001,0.151305,3.70714,3.06,1.544,BALL,6.31563,,,[],[],Jorbit Vivas walks.,True,False,False,False,True,True,False,False,False,False,False,True,True,False,False,False,False,5,17,False,False,False,False,False,False,0,6,NOT_THE_CASE
822687,SNAPSHOT,cd0d9ab314bb542aade773874de9685da5818fc6531ca66aa9c2dfc948b32106,2026-09-01,ATL,WSH,5,9,8,bottom,822687:71:5,Daylen Lile,Brent Suter,3-2,2,000,-0.0953448,1.36569,3.181,1.605,BALL,1.42171,,,[],[],Daylen Lile walks.,True,False,False,False,True,True,False,False,False,False,False,True,True,False,False,False,False,5,17,False,False,False,False,False,False,0,6,NOT_THE_CASE
822686,SNAPSHOT,1a410c1ecf44d947423da9479a13acc7803e7d0ff39eb97e026b9a605b2bf2f0,2026-09-02,ATL,WSH,9,0,4,bottom,822686:27:8,Dylan Crews,Dylan Dodd,3-2,2,000,0.979656,1.76202,3.166,1.598,BALL,1.80588,,,[],[],Dylan Crews walks.,True,False,False,False,True,True,False,False,False,False,False,True,True,False,False,False,False,5,17,False,False,False,False,False,False,0,6,NOT_THE_CASE
822686,SNAPSHOT,1a410c1ecf44d947423da9479a13acc7803e7d0ff39eb97e026b9a605b2bf2f0,2026-09-02,ATL,WSH,9,0,7,bottom,822686:54:7,Andrés Chaparro,Elieser Hernández,3-2,2,000,1.61796,2.42423,3.205,1.618,BALL,9.46556,,,[],[],Andrés Chaparro walks.,True,False,False,False,True,True,False,False,False,False,False,True,True,False,False,False,False,5,17,False,False,False,False,False,False,0,6,NOT_THE_CASE
823417,SNAPSHOT,68880feb9f6d5dc6eff8b2fd59495faf0e4981015d75540baad3e1e85a82eece,2026-09-06,ATL,PHI,5,4,1,bottom,823417:3:4,Kyle Schwarber,Tyler Mahle,3-1,0,000,-1.19604,3.47011,3.181,1.605,BALL,5.35351,,,[],[],Kyle Schwarber walks.,True,True,False,False,False,True,False,False,False,False,False,True,True,False,False,False,False,5,17,False,False,False,False,False,False,0,6,NOT_THE_CASE
824875,SNAPSHOT,551974ea7283168a29d78532592cf4a1b6889f0bd0e64f90930936bbb16899bf,2026-09-08,TB,ATL,7,1,2,top,824875:14:4,Richie Palacios,AJ Smith-Shawver,3-1,1,001,-0.92267,4.05523,3.04,1.534,BALL,11.0013,,,[],[],Richie Palacios walks.,True,False,False,True,False,True,False,False,False,False,False,True,True,False,False,False,False,5,17,False,False,False,False,False,False,0,6,NOT_THE_CASE
824871,SNAPSHOT,f99543aeb555dddf88ef3211d93f3a318909aa08be2a8b9b119bb6ae0aca4d02,2026-09-09,TB,ATL,7,2,2,top,824871:10:5,Richie Palacios,Reynaldo López,3-1,2,010,-1.63741,3.22195,3.04,1.534,BALL,9.91074,,,[],[],Richie Palacios walks.,True,False,False,False,False,True,False,False,False,False,True,True,True,False,False,False,False,5,17,False,False,False,False,False,False,0,6,NOT_THE_CASE
824871,SNAPSHOT,f99543aeb555dddf88ef3211d93f3a318909aa08be2a8b9b119bb6ae0aca4d02,2026-09-09,TB,ATL,7,2,4,top,824871:24:4,Chandler Simpson,Reynaldo López,3-1,0,100,-1.27841,2.41678,3.178,1.604,BALL,5.39089,,,[],[],Chandler Simpson walks. Victor Mesa Jr. to 2nd.,True,False,True,False,False,True,False,False,False,False,False,True,True,False,False,False,False,5,17,False,False,False,False,False,False,0,6,NOT_THE_CASE
824872,POST_SNAPSHOT_CASE_STUDY_ONLY,3c1e3a4934bd7f9af8c83b23067d24ee0efdb7ab67c07062755e29496f8f23f8,2026-09-10,TB,ATL,1,3,9,top,824872:60:4,Chandler Simpson,Raisel Iglesias,3-1,1,000,-0.0875693,1.23781,3.178,1.604,BALL,2.9443,,,[],[],Chandler Simpson walks.,True,False,False,True,False,True,False,False,False,False,False,True,True,False,False,False,False,5,17,False,False,False,False,False,False,0,6,NOT_THE_CASE
824873,POST_SNAPSHOT_CASE_STUDY_ONLY,0ba340578298849d272a8c2ea0de331e3f1cf221e64c469b79ebe6a39d951616,2026-09-11,PHI,ATL,5,6,4,top,824873:27:4,Alec Bohm,Chris Sale,3-1,0,000,0.835854,3.4466,3.407,1.719,BALL,0.152316,,,[],[],Alec Bohm walks.,True,False,False,False,False,True,False,False,False,False,True,True,True,False,False,False,False,5,17,False,False,False,False,False,False,0,6,NOT_THE_CASE
824873,POST_SNAPSHOT_CASE_STUDY_ONLY,0ba340578298849d272a8c2ea0de331e3f1cf221e64c469b79ebe6a39d951616,2026-09-11,PHI,ATL,5,6,11,top,824873:83:4,Bryson Stott,Didier Fuentes,3-1,2,110,-1.64872,2.6511,3.225,1.628,BALL,9.83461,,,[],[],Bryson Stott walks. Bryce Harper to 3rd. Luis Arraez to 2nd.,True,False,True,False,False,True,False,False,False,False,False,True,True,False,False,False,False,5,17,False,False,False,False,False,False,0,6,NOT_THE_CASE
824869,POST_SNAPSHOT_CASE_STUDY_ONLY,3c909d38c454eefd54ea29817671f75d89266223eaa943e3983166befa03fb8b,2026-09-13,PHI,ATL,9,4,3,top,824869:19:4,Kyle Schwarber,Grant Holmes,3-1,0,000,-1.20192,2.2344,3.181,1.605,BALL,4.47301,,,[],[],Kyle Schwarber walks.,True,False,False,False,False,True,False,False,False,False,False,True,True,True,False,False,False,5,17,False,False,False,False,False,False,0,6,NOT_THE_CASE
824629,POST_SNAPSHOT_CASE_STUDY_ONLY,764948e134f1b3f01e7317b64821bb709c02730b3f6b5482d7e1b59947f01273,2026-09-14,ATL,CHC,3,7,3,bottom,824629:22:6,Michael Busch,Reynaldo López,3-2,0,000,-0.116054,3.46002,3.166,1.598,BALL,2.07819,,,[],[],Michael Busch walks.,True,False,False,False,True,True,False,False,False,False,False,True,True,False,False,False,False,5,17,False,False,False,False,False,False,0,6,NOT_THE_CASE
824629,POST_SNAPSHOT_CASE_STUDY_ONLY,764948e134f1b3f01e7317b64821bb709c02730b3f6b5482d7e1b59947f01273,2026-09-14,ATL,CHC,3,7,8,bottom,824629:67:3,Carson Kelly,AJ Smith-Shawver,3-0,1,000,0.9099,2.0874,3.258,1.644,BALL,0.968797,,,[],[],Carson Kelly walks.,True,False,False,True,False,True,False,False,False,False,False,True,True,False,False,False,False,5,17,False,False,False,False,False,False,0,6,NOT_THE_CASE
824627,POST_SNAPSHOT_CASE_STUDY_ONLY,5473f82c572bae5d6a45724f565cecf7e6e046ea45242d5d5d13cc018951e713,2026-09-15,ATL,CHC,6,3,4,bottom,824627:27:5,Michael Busch,Martín Pérez,3-2,0,000,-1.15103,1.05567,3.166,1.598,BALL,6.9509,,,[],[],Michael Busch walks.,True,False,False,False,True,True,False,False,False,False,False,True,True,False,False,False,False,5,17,False,False,False,False,False,False,0,6,NOT_THE_CASE
824626,POST_SNAPSHOT_CASE_STUDY_ONLY,8833be372cfbb1c39f7bad993933c1dc838c32dc24cc36c734e99a69cfac8053,2026-09-16,ATL,CHC,4,8,6,bottom,824626:46:3,Michael Conforto,Owen Murphy,3-0,1,000,-0.575772,3.64011,3.181,1.606,BALL,4.0593,,,[],[],Michael Conforto walks.,True,False,False,True,False,True,False,False,False,False,False,True,True,False,False,False,False,5,17,False,False,False,False,False,False,0,6,NOT_THE_CASE
824138,POST_SNAPSHOT_CASE_STUDY_ONLY,ca6d5a7f42923e7f07e6863bcd361995c64edcd33d2d166b5203f384181eb15b,2026-09-18,ATL,HOU,6,2,8,bottom,824138:64:4,Yordan Alvarez,Didier Fuentes,3-0,2,100,-1.09094,1.74515,3.392,1.712,BALL,3.1413,,,[],[],Yordan Alvarez walks. LaMonte Wade Jr. to 2nd.,True,False,True,False,False,True,False,False,False,False,False,True,True,False,False,False,False,5,17,False,False,False,False,False,False,0,6,NOT_THE_CASE
824137,POST_SNAPSHOT_CASE_STUDY_ONLY,1d242b9cc6921d217c440403d8e39ae29e3237ded320f03ec6c4e900a35cc5ba,2026-09-19,ATL,HOU,6,3,8,bottom,824137:64:6,Isaac Paredes,Dylan Lee,3-2,2,000,-1.19336,2.55442,3.181,1.605,BALL,4.37036,,,[],[],Isaac Paredes walks.,True,False,False,False,True,True,False,False,False,False,False,True,True,False,False,False,False,5,17,False,False,False,False,False,False,0,6,NOT_THE_CASE
824139,POST_SNAPSHOT_CASE_STUDY_ONLY,9c0497b73ed5dda644f84da1ddd4509b5ce5ab1d20fa34c8e7069b3cb0496188,2026-09-20,ATL,HOU,4,2,4,bottom,824139:31:3,Christian Walker,Martín Pérez,3-0,1,000,0.994723,1.2468,3.179,1.604,BALL,4.04402,,,[],[],Christian Walker walks.,True,False,False,True,False,True,False,False,False,False,False,True,True,False,False,False,False,5,17,False,False,False,False,False,False,0,6,NOT_THE_CASE
824867,POST_SNAPSHOT_CASE_STUDY_ONLY,de976abc8969a048ec73a3853bec1a6e29eddfe4b6c01c01240c75afb47a78cb,2026-09-22,CIN,ATL,4,0,3,top,824867:18:6,Sal Stewart,JR Ritchie,3-2,2,000,0.392337,1.19469,3.239,1.635,BALL,3.83377,,,[],[],Sal Stewart walks.,True,False,False,False,True,True,False,False,False,False,False,True,True,False,False,False,False,5,17,False,False,False,False,False,False,0,6,NOT_THE_CASE
824945,SNAPSHOT,5c13eaa256ac791f4db8ad2ae0139efd21952da28ed7e981624b84f0ad781d6b,2026-03-28,KC,ATL,2,6,4,top,824945:22:3,Carter Jensen,Reynaldo López,3-0,2,000,-0.236029,1.15021,3.191,1.61,BALL,4.06747,,,[],[],Carter Jensen walks.,True,False,False,False,False,True,False,False,False,False,False,True,True,False,False,False,False,4,17,False,False,False,False,False,False,0,6,NOT_THE_CASE
825105,SNAPSHOT,928a2db02e20db6dd50195f35c3d09c83c450551f13dc3ec8ec8341eabfe10c9,2026-04-02,ATL,AZ,17,2,4,bottom,825105:25:4,Geraldo Perdomo,Reynaldo López,3-1,0,000,-1.4825,2.31418,3.317,1.674,BALL,7.84005,,,[],[],Geraldo Perdomo walks.,True,False,False,False,False,True,False,False,False,False,False,True,True,False,False,False,False,4,17,False,False,False,False,False,False,0,6,NOT_THE_CASE
825103,SNAPSHOT,5f772db9a6e7ee7470054c98352fce7d2cef9b36ae493b7b28e74534a2e76f16,2026-04-03,ATL,AZ,2,0,4,bottom,825103:24:4,Corbin Carroll,Grant Holmes,3-1,0,000,-0.0610652,3.4082,3.103,1.566,BALL,2.21242,,,[],[],Corbin Carroll walks.,True,False,False,False,False,True,False,False,False,False,False,True,True,False,False,False,False,4,17,False,False,False,False,False,False,0,6,NOT_THE_CASE
825102,SNAPSHOT,0833ecdb80cb7f66336356cd41b73d76fe6b579b8947abb289d0e31f0df44777,2026-04-05,ATL,AZ,5,6,6,bottom,825102:48:6,Ildemaro Vargas,Tyler Kinley,3-0,2,010,0.990038,1.02212,3.161,1.595,BALL,6.2108,,,[],[],Ildemaro Vargas walks.,True,False,False,False,False,True,False,False,False,False,False,True,True,False,False,False,False,4,17,False,False,False,False,False,False,0,6,NOT_THE_CASE
824051,SNAPSHOT,44b2634fd4a3123c2b8f3b145f1057fba1685add6507ffc1627088a6a14209e0,2026-04-07,ATL,LAA,7,2,5,bottom,824051:42:4,Nolan Schanuel,Reynaldo López,3-1,2,000,-0.929448,2.20905,3.29,1.66,BALL,1.20337,,,[],[],Nolan Schanuel walks.,True,False,False,False,False,True,False,False,False,False,False,True,True,False,False,False,False,4,17,False,False,False,False,False,False,0,6,NOT_THE_CASE
824939,SNAPSHOT,125d629d20c7e18b2af4e5dc879961b61790bfa3e1e48d5f654eb7e3b7b891f1,2026-04-11,CLE,ATL,6,0,5,top,824939:32:3,Austin Hedges,Martín Pérez,3-0,0,000,0.787151,3.46636,3.207,1.618,BALL,1.80285,,,[],[],Austin Hedges walks.,True,False,False,False,False,True,False,False,False,False,False,True,True,False,False,False,False,4,17,False,False,False,False,False,False,0,6,NOT_THE_CASE
824935,SNAPSHOT,84fe3ceeb4d986a3a6ec22a4766a2cf1ae046dc5b8bee25347b24c64ee8e9f03,2026-04-14,MIA,ATL,5,6,2,top,824935:7:5,Otto Lopez,Reynaldo López,3-1,0,000,1.03096,1.93185,3.137,1.583,BALL,2.42157,,,[],[],Otto Lopez walks.,True,False,False,False,False,True,False,False,False,False,False,True,True,False,False,False,False,4,17,False,False,False,False,False,False,0,6,NOT_THE_CASE
822745,SNAPSHOT,f23b2754f5f62efbdc9b6d7c3d38fe7aac6b3f0e426af198aecf9957b8a7eb75,2026-04-23,ATL,WSH,7,2,6,bottom,822745:49:4,CJ Abrams,JR Ritchie,3-1,2,000,1.27614,1.92605,3.223,1.626,BALL,5.36374,,,[],[],CJ Abrams walks.,True,False,False,False,False,True,False,False,False,False,False,True,True,False,False,False,False,4,17,False,False,False,False,False,False,0,6,NOT_THE_CASE
822745,SNAPSHOT,f23b2754f5f62efbdc9b6d7c3d38fe7aac6b3f0e426af198aecf9957b8a7eb75,2026-04-23,ATL,WSH,7,2,7,bottom,822745:60:7,Daylen Lile,JR Ritchie,3-1,0,000,1.37574,0.702169,3.181,1.605,BALL,12.0228,,,[],[],Daylen Lile walks.,True,False,False,False,False,True,False,False,False,False,False,True,True,False,False,False,False,4,17,False,False,False,False,False,False,0,6,NOT_THE_CASE
824932,SNAPSHOT,07fa3ab32601ddbead42c802d14f677a9375ca3b9703778851e0d40e33a95d0b,2026-04-24,PHI,ATL,3,5,9,top,824932:75:4,Trea Turner,Robert Suarez,3-0,0,000,-0.722893,3.81582,3.245,1.637,BALL,5.40205,,,[],[],Trea Turner walks.,True,False,False,False,False,True,False,False,False,False,False,True,True,False,False,False,False,4,17,False,False,False,False,False,False,0,6,NOT_THE_CASE
824931,SNAPSHOT,c09f5de02a8dc1a1e6c3930ff2c04eabdde1449085770ab3686991451137a696,2026-04-28,DET,ATL,2,5,6,top,824931:43:3,Riley Greene,Didier Fuentes,3-0,2,000,0.918585,2.48231,3.303,1.667,BALL,1.07302,,,[],[],Riley Greene walks.,True,False,False,False,False,True,False,False,False,False,False,True,True,False,False,False,False,4,17,False,False,False,False,False,False,0,6,NOT_THE_CASE
824930,SNAPSHOT,9ba4b1960b4ae9e98c1359bbd6c70591090e847e5d316369eed4271d8c6bcb28,2026-04-29,DET,ATL,3,4,2,top,824930:13:4,Jace Jung,JR Ritchie,3-1,2,010,-0.388656,3.81795,3.179,1.604,BALL,6.2174,,,[],[],Jace Jung walks.,True,False,False,False,False,True,False,False,False,False,False,True,True,False,False,False,False,4,17,False,False,False,False,False,False,0,6,NOT_THE_CASE
824364,SNAPSHOT,d98da8c363219f4eae06cfdc79817019d00d82ca247bf3c6195ca06246e1fb9e,2026-05-03,ATL,COL,11,6,3,bottom,824364:29:3,Brett Sullivan,Spencer Strider,3-0,2,000,-0.640689,3.76256,3.174,1.602,BALL,5.61274,,,[],[],Brett Sullivan walks.,True,False,False,False,False,True,False,False,False,False,False,True,True,False,False,False,False,4,17,False,False,False,False,False,False,0,6,NOT_THE_CASE
823141,SNAPSHOT,ec458e3bdbd57c7291221156cea45ae260621053b3a91e5418521e540a4aaf61,2026-05-06,ATL,SEA,1,3,7,bottom,823141:51:5,J.P. Crawford,Didier Fuentes,3-1,2,000,0.525369,1.29013,3.219,1.625,BALL,2.56849,,,[],[],J.P. Crawford walks.,True,False,False,False,False,True,False,False,False,False,False,True,True,False,False,False,False,4,17,False,False,False,False,False,False,0,6,NOT_THE_CASE
823955,SNAPSHOT,ea565a12c104b075389717af25b8dc8d299a2e9ca25ac44fc222023df093409d,2026-05-09,ATL,LAD,7,2,8,bottom,823955:64:5,Hyeseong Kim,Reynaldo López,3-1,0,000,1.1391,2.83187,3.124,1.577,BALL,3.71917,,,[],[],Hyeseong Kim walks.,True,False,False,False,False,True,False,False,False,False,False,True,True,False,False,False,False,4,17,False,False,False,False,False,False,0,6,NOT_THE_CASE
824927,SNAPSHOT,fa94519ac800b0e5b5388e3fb82dc2207cae377f3e7ec2cd2853de6c8057fce9,2026-05-12,CHC,ATL,2,5,2,top,824927:8:4,Michael Busch,Grant Holmes,3-1,2,000,0.391036,0.344459,3.166,1.598,BALL,13.5925,,,[],[],Michael Busch walks.,True,False,False,False,False,True,False,False,False,False,False,True,True,False,False,False,False,4,17,False,False,False,False,False,False,0,6,NOT_THE_CASE
823865,SNAPSHOT,14fbdc2b1cab8ab56caa486feed1d88de7b94ba31857e0848b59be25f2f15573,2026-05-19,ATL,MIA,8,4,3,bottom,823865:25:5,Otto Lopez,Martín Pérez,3-1,0,000,0.967397,3.41583,3.137,1.583,BALL,3.11726,,,[],[],Otto Lopez walks.,True,False,False,False,False,True,False,False,False,False,False,True,True,False,False,False,False,4,17,False,False,False,False,False,False,0,6,NOT_THE_CASE
824920,SNAPSHOT,6629e638eeb5d41e25ef9294313bab442d5823e8ed0f8a5dce17a4018767173c,2026-05-23,WSH,ATL,2,0,3,top,824920:16:4,James Wood,Grant Holmes,3-1,0,011,0.821771,1.34742,3.489,1.761,BALL,3.6963,,,[],[],James Wood walks.,True,False,False,False,False,True,False,False,False,False,False,True,True,False,False,False,False,4,17,False,False,False,False,False,False,0,6,NOT_THE_CASE
824758,SNAPSHOT,a47c9df4abbe8864d0b4f19dad5190f0ed45de6f7c314ecc63dbeb55b1f28d2f,2026-05-26,ATL,BOS,7,6,2,bottom,824758:13:3,Mickey Gasper,Spencer Strider,3-0,0,000,1.08988,2.52809,3.094,1.561,BALL,3.1286,,,[],[],Mickey Gasper walks.,True,False,False,False,False,True,False,False,False,False,False,True,True,False,False,False,False,4,17,False,False,False,False,False,False,0,6,NOT_THE_CASE
824512,SNAPSHOT,c78d1266d211984039fab73dddb654746879d8ea3de9f818d36f20d6f54dc1a3,2026-05-31,ATL,CIN,4,6,3,bottom,824512:24:4,Sal Stewart,Spencer Strider,3-1,2,010,1.03196,2.36019,3.239,1.635,BALL,2.4335,,,[],[],Sal Stewart walks.,True,False,False,False,False,True,False,False,False,False,False,True,True,False,False,False,False,4,17,False,False,False,False,False,False,0,6,NOT_THE_CASE
824917,SNAPSHOT,23e2b749b0daebb235eec84bc8cfb72a4ff647b61e4f11a9e7faf5005feeed54,2026-06-03,TOR,ATL,3,7,6,top,824917:46:4,Daulton Varsho,Grant Holmes,3-1,2,000,-1.00946,3.74934,3.037,1.532,BALL,7.83042,,,[],[],Daulton Varsho walks.,True,False,False,False,False,True,False,False,False,False,False,True,True,False,False,False,False,4,17,False,False,False,False,False,False,0,6,NOT_THE_CASE
824919,SNAPSHOT,6969d94b62ec3046b320412dcb760ec043289f4099a3ea6a663efae6f2b77a00,2026-06-04,TOR,ATL,7,2,2,top,824919:9:3,Nathan Lukes,Chris Sale,3-0,0,000,1.15997,2.51557,3.164,1.597,BALL,3.9697,,,[],[],Nathan Lukes walks.,True,False,False,False,False,True,False,False,False,False,False,True,True,False,False,False,False,4,17,False,False,False,False,False,False,0,6,NOT_THE_CASE
824919,SNAPSHOT,6969d94b62ec3046b320412dcb760ec043289f4099a3ea6a663efae6f2b77a00,2026-06-04,TOR,ATL,7,2,9,top,824919:75:5,Daulton Varsho,Reynaldo López,3-1,2,010,-0.459596,1.37626,3.037,1.532,BALL,0.418884,,,[],[],"Austin Wynns challenged (pitch result), call on the field was confirmed: Daulton Varsho walks.",True,False,False,False,False,True,False,False,False,False,False,True,True,False,False,False,False,4,17,False,False,False,False,False,False,0,6,NOT_THE_CASE
824913,SNAPSHOT,a2cfd364f87e113f9747d3140de77109814a86b13ef8f6518b18f921fbd51ec2,2026-06-17,SF,ATL,7,5,3,top,824913:22:4,Rafael Devers,JR Ritchie,3-1,0,000,0.249405,0.650754,3.217,1.624,BALL,10.229,,,[],[],Rafael Devers walks.,True,False,False,False,False,True,False,False,False,False,False,True,True,False,False,False,False,4,17,False,False,False,False,False,False,0,6,NOT_THE_CASE
824908,SNAPSHOT,a9389ac3eea09143d885d0b34902809132f78f3fd65bd69488812da5591b2816,2026-06-21,MIL,ATL,9,4,7,top,824908:55:5,Garrett Mitchell,Reynaldo López,3-1,0,000,-1.02958,2.60314,3.293,1.662,BALL,2.40493,,,[],[],Garrett Mitchell walks.,True,False,False,False,False,True,False,False,False,False,False,True,True,False,False,False,False,4,17,False,False,False,False,False,False,0,6,NOT_THE_CASE
823288,SNAPSHOT,c51f36d04aee3dccb6d45289d45c8d6fe0bc6588c9535ee8aaea34b842c0c102,2026-06-22,ATL,SD,0,1,6,bottom,823288:47:4,Will Wagner,James Karinchak,3-1,2,000,-0.0488906,3.89255,3.198,1.614,BALL,6.88455,,,[],[],Will Wagner walks.,True,False,False,False,False,True,False,False,False,False,False,True,True,False,False,False,False,4,17,False,False,False,False,False,False,0,6,NOT_THE_CASE
823284,SNAPSHOT,b27b0453ec5e70865355e63ca3b4aed82fd43ee95a22d175d88bfe763a2011cd,2026-06-24,ATL,SD,2,5,5,bottom,823284:39:4,Fernando Tatis Jr.,Martín Pérez,3-1,0,000,0.089979,1.20124,3.346,1.689,BALL,4.40315,,,[],[],Fernando Tatis Jr. walks.,True,False,False,False,False,True,False,False,False,False,False,True,True,False,False,False,False,4,17,False,False,False,False,False,False,0,6,NOT_THE_CASE
823206,SNAPSHOT,8a854ff606362c25abb9a9a796784a75bf4f6815650bfb92c9d3a6b2b07757ae,2026-06-26,ATL,SF,3,1,7,bottom,823206:56:4,Drew Cavanaugh,Hurston Waldrep,3-1,0,000,0.2272,0.355412,3.203,1.617,BALL,13.6891,,,[],[],Drew Cavanaugh walks.,True,False,False,False,False,True,False,False,False,False,False,True,True,False,False,False,False,4,17,False,False,False,False,False,False,0,6,NOT_THE_CASE
824907,SNAPSHOT,0e4f2d5f28f591d5856cda04f98d8a859db2bda345ae604b5dc9ab0066d5c713,2026-06-30,STL,ATL,5,3,5,top,824907:37:4,Nelson Velázquez,Martín Pérez,3-1,2,000,1.21516,2.01019,3.154,1.592,BALL,4.63189,,,[],[],Nelson Velázquez walks.,True,False,False,False,False,True,False,False,False,False,False,True,True,False,False,False,False,4,17,False,False,False,False,False,False,0,6,NOT_THE_CASE
824907,SNAPSHOT,0e4f2d5f28f591d5856cda04f98d8a859db2bda345ae604b5dc9ab0066d5c713,2026-06-30,STL,ATL,5,3,6,top,824907:43:6,Masyn Winn,James Karinchak,3-1,0,000,-0.733541,3.49142,3.081,1.555,BALL,3.48431,,,[],[],Masyn Winn walks.,True,False,False,False,False,True,False,False,False,False,False,True,True,False,False,False,False,4,17,False,False,False,False,False,False,0,6,NOT_THE_CASE
824902,SNAPSHOT,0a6c7a3c8813542932712e23d97fcf44a157510df9f64167a40229da4327e690,2026-07-05,NYM,ATL,10,9,2,top,824902:13:4,Luis Torrens,Martín Pérez,3-1,0,000,0.251783,1.25444,3.179,1.604,BALL,2.74466,,,[],[],Luis Torrens walks.,True,False,False,False,False,True,False,False,False,False,False,True,True,False,False,False,False,4,17,False,False,False,False,False,False,0,6,NOT_THE_CASE
823359,SNAPSHOT,075ca31727c2dc3d84c051b4d04dea8ff85ce8a543e67e9e337296f8f06b05ab,2026-07-09,ATL,PIT,10,5,7,bottom,823359:64:4,Bryan Reynolds,JR Ritchie,3-1,0,000,-1.16151,2.89892,3.284,1.657,BALL,3.98813,,,[],[],Bryan Reynolds walks.,True,False,False,False,False,True,False,False,False,False,False,True,True,False,False,False,False,4,17,False,False,False,False,False,False,0,6,NOT_THE_CASE
824895,SNAPSHOT,b03da356a7ecad09697bf7641742956745ee2dcd38811a7d166900bec8724b32,2026-07-21,SD,ATL,8,3,3,top,824895:21:4,Jake Cronenworth,Reynaldo López,3-1,0,000,-1.00516,2.65727,3.172,1.601,BALL,2.11196,,,[],[],Jake Cronenworth walks.,True,False,False,False,False,True,False,False,False,False,False,True,True,False,False,False,False,4,17,False,False,False,False,False,False,0,6,NOT_THE_CASE
824812,SNAPSHOT,570afbb0e1ae0686e775775624c739109d9fa4950aa71342090a9b45ae239814,2026-07-24,ATL,BAL,7,6,2,bottom,824812:11:4,Leody Taveras,Grant Holmes,3-1,2,000,-0.854956,1.99079,3.287,1.659,BALL,0.309468,,,[],[],"Leody Taveras challenged (pitch result), call on the field was overturned: Leody Taveras walks.",True,False,False,False,False,True,False,False,False,False,False,True,True,False,False,False,False,4,17,False,False,False,False,False,False,0,6,NOT_THE_CASE
824810,SNAPSHOT,ae244f5c8a33bcc32bc89639772beb5eaecd59ee795f351389b65863df5b693c,2026-07-26,ATL,BAL,3,2,11,bottom,824810:90:4,Leody Taveras,Tyler Kinley,3-1,2,010,-0.702802,3.5943,3.287,1.659,BALL,2.23758,,,[],[],Leody Taveras walks.,True,False,False,False,False,True,False,False,False,False,False,True,True,False,False,False,False,4,17,False,False,False,False,False,False,0,6,NOT_THE_CASE
823596,SNAPSHOT,97ce46a9236deda6d8181c203d0dcea57d4b753ba13d11cce609640ad00c47b6,2026-07-29,ATL,NYM,2,3,2,bottom,823596:11:4,Jared Young,AJ Smith-Shawver,3-1,0,000,-0.301004,4.16612,3.281,1.656,BALL,9.17147,,,[],[],Jared Young walks.,True,False,False,False,False,True,False,False,False,False,False,True,True,False,False,False,False,4,17,False,False,False,False,False,False,0,6,NOT_THE_CASE
824890,SNAPSHOT,549a1f20bdf6d72834be09f9d1fd26ff40fc0e69c608984d4a634be1a502e6f9,2026-08-01,WSH,ATL,3,8,8,top,824890:63:3,James Wood,Danny Young,3-0,2,000,1.09322,2.92805,3.489,1.761,BALL,3.16862,,,[],[],James Wood walks.,True,False,False,False,False,True,False,False,False,False,False,True,True,False,False,False,False,4,17,False,False,False,False,False,False,0,6,NOT_THE_CASE
824891,SNAPSHOT,67a1f1d60662ed195a82706b466ebda60b4eb84e1e45fcdee2f8360158412665,2026-08-02,WSH,ATL,2,4,2,top,824891:7:4,Keibert Ruiz,JR Ritchie,3-1,0,000,0.504533,3.78681,3.175,1.602,BALL,5.89174,,,[],[],Keibert Ruiz walks.,True,False,False,False,False,True,False,False,False,False,False,True,True,False,False,False,False,4,17,False,False,False,False,False,False,0,6,NOT_THE_CASE
824888,SNAPSHOT,c6fca7b52356f781e0c9ac50a6a66dee53fe46df7dc5fb0fb970fa6fae9e0a9b,2026-08-04,MIA,ATL,2,4,6,top,824888:38:4,Griffin Conine,Grant Holmes,3-1,0,000,0.312325,1.01179,3.234,1.632,BALL,5.99257,,,[],[],Griffin Conine walks.,True,False,False,False,False,True,False,False,False,False,False,True,True,False,False,False,False,4,17,False,False,False,False,False,False,0,6,NOT_THE_CASE
824884,SNAPSHOT,c7ac1522d51b2db6dd47d7493c301633640f3a985df0eea10b47ec3adbecfa8c,2026-08-15,AZ,ATL,10,3,2,top,824884:9:4,Gabriel Moreno,Grant Holmes,3-1,0,000,1.14298,1.12713,3.072,1.55,BALL,5.82696,,,[],[],Gabriel Moreno walks.,True,False,False,False,False,True,False,False,False,False,False,True,True,False,False,False,False,4,17,False,False,False,False,False,False,0,6,NOT_THE_CASE
824884,SNAPSHOT,c7ac1522d51b2db6dd47d7493c301633640f3a985df0eea10b47ec3adbecfa8c,2026-08-15,AZ,ATL,10,3,4,top,824884:32:6,Corbin Carroll,Grant Holmes,3-1,2,010,0.237881,1.26498,3.103,1.566,BALL,2.16223,,,[],[],Corbin Carroll walks.,True,False,False,False,False,True,False,False,False,False,False,True,True,False,False,False,False,4,17,False,False,False,False,False,False,0,6,NOT_THE_CASE
824589,SNAPSHOT,f9335b0797f34b497e12333002a0b6648c82525056b4febc6eef1e5798a7dac7,2026-08-20,ATL,CWS,2,0,2,bottom,824589:11:4,Colson Montgomery,Grant Holmes,3-1,2,000,-1.2207,4.58248,3.34,1.686,BALL,14.6777,,,[],[],Colson Montgomery walks.,True,False,False,False,False,True,False,False,False,False,False,True,True,False,False,False,False,4,17,False,False,False,False,False,False,0,6,NOT_THE_CASE
823746,SNAPSHOT,8fadb297fa0797942d6f5edbb13949f8e982caff3673dd299baf1236e612787e,2026-08-21,ATL,MIL,1,2,7,bottom,823746:54:4,Jackson Chourio,Brent Suter,3-1,2,000,1.10178,3.88974,3.238,1.634,BALL,7.68546,,,[],[],Jackson Chourio walks.,True,False,False,False,False,True,False,False,False,False,False,True,True,False,False,False,False,4,17,False,False,False,False,False,False,0,6,NOT_THE_CASE
823743,SNAPSHOT,81dbbca187201ca874c13acdfa8192b9ada96e6df72405106718a3bb7003b33d,2026-08-22,ATL,MIL,1,4,3,bottom,823743:26:4,Andrew Vaughn,Martín Pérez,3-1,2,000,-0.656755,1.22389,3.128,1.579,BALL,2.81129,,,[],[],Andrew Vaughn walks.,True,False,False,False,False,True,False,False,False,False,False,True,True,False,False,False,False,4,17,False,False,False,False,False,False,0,6,NOT_THE_CASE
823745,SNAPSHOT,eb0f3507ce9ddc9a39342053ab5ea6d1247a2f456a322396bff2072ee46638d6,2026-08-23,ATL,MIL,4,2,4,bottom,823745:33:4,Christian Yelich,Tyler Mahle,3-1,0,000,-1.15894,2.80743,3.37,1.7,BALL,3.95732,,,[],[],Christian Yelich walks.,True,False,False,False,False,True,False,False,False,False,False,True,True,False,False,False,False,4,17,False,False,False,False,False,False,0,6,NOT_THE_CASE
823745,SNAPSHOT,eb0f3507ce9ddc9a39342053ab5ea6d1247a2f456a322396bff2072ee46638d6,2026-08-23,ATL,MIL,4,2,9,bottom,823745:77:4,Brice Turang,Raisel Iglesias,3-0,0,010,-0.195597,3.68798,3.21,1.62,BALL,4.28575,,,[],[],Brice Turang walks.,True,False,False,False,False,True,False,False,False,False,False,True,True,False,False,False,False,4,17,False,False,False,False,False,False,0,6,NOT_THE_CASE
824878,SNAPSHOT,396738b824c81bf571da02e66e2a7022c8300e75c94ba513c20da71d3975b634,2026-08-26,LAD,ATL,5,6,2,top,824878:13:4,Teoscar Hernández,AJ Smith-Shawver,3-1,2,010,0.728288,0.838026,3.2,1.615,BALL,7.87676,,,[],[],Teoscar Hernández walks.,True,False,False,False,False,True,False,False,False,False,False,True,True,False,False,False,False,4,17,False,False,False,False,False,False,0,6,NOT_THE_CASE
822687,SNAPSHOT,cd0d9ab314bb542aade773874de9685da5818fc6531ca66aa9c2dfc948b32106,2026-09-01,ATL,WSH,5,9,6,bottom,822687:50:5,CJ Abrams,Blake Burkhalter,3-1,0,010,1.3088,3.75882,3.223,1.626,BALL,8.20726,,,[],[],CJ Abrams walks.,True,False,False,False,False,True,False,False,False,False,False,True,True,False,False,False,False,4,17,False,False,False,False,False,False,0,6,NOT_THE_CASE
823418,SNAPSHOT,9044c04c254e65492309cc2955e8b5d3f192f431cff68149abd1c1a8b05235ed,2026-09-04,ATL,PHI,5,2,5,bottom,823418:38:4,J.T. Realmuto,Chris Sale,3-1,0,000,0.464169,3.62957,3.2,1.615,BALL,3.70485,,,[],[],J.T. Realmuto walks.,True,False,False,False,False,True,False,False,False,False,False,True,True,False,False,False,False,4,17,False,False,False,False,False,False,0,6,NOT_THE_CASE
824871,SNAPSHOT,f99543aeb555dddf88ef3211d93f3a318909aa08be2a8b9b119bb6ae0aca4d02,2026-09-09,TB,ATL,7,2,5,top,824871:37:4,Victor Mesa Jr.,Reynaldo López,3-1,2,000,-0.90365,1.35081,3.158,1.594,BALL,2.29298,,,[],[],Victor Mesa Jr. walks.,True,False,False,False,False,True,False,False,False,False,False,True,True,False,False,False,False,4,17,False,False,False,False,False,False,0,6,NOT_THE_CASE
824872,POST_SNAPSHOT_CASE_STUDY_ONLY,3c1e3a4934bd7f9af8c83b23067d24ee0efdb7ab67c07062755e29496f8f23f8,2026-09-10,TB,ATL,1,3,6,top,824872:36:3,Junior Caminero,Martín Pérez,3-0,2,000,1.1994,1.88819,3.244,1.637,BALL,4.44279,,,[],[],Junior Caminero walks.,True,False,False,False,False,True,False,False,False,False,False,True,True,False,False,False,False,4,17,False,False,False,False,False,False,0,6,NOT_THE_CASE
824873,POST_SNAPSHOT_CASE_STUDY_ONLY,0ba340578298849d272a8c2ea0de331e3f1cf221e64c469b79ebe6a39d951616,2026-09-11,PHI,ATL,5,6,8,top,824873:55:5,Derek Hill,Dylan Lee,3-1,0,000,-0.976425,2.51802,3.216,1.623,BALL,1.7671,,,[],[],"Sean Murphy challenged (pitch result), call on the field was confirmed: Derek Hill walks.",True,False,False,False,False,True,False,False,False,False,False,True,True,False,False,False,False,4,17,False,False,False,False,False,False,0,6,NOT_THE_CASE
824867,POST_SNAPSHOT_CASE_STUDY_ONLY,de976abc8969a048ec73a3853bec1a6e29eddfe4b6c01c01240c75afb47a78cb,2026-09-22,CIN,ATL,4,0,5,top,824867:32:3,Elly De La Cruz,JR Ritchie,3-0,2,000,-1.15549,3.71451,3.46,1.746,BALL,4.72411,,,[],[],Elly De La Cruz walks.,True,False,False,False,False,True,False,False,False,False,False,True,True,False,False,False,False,4,17,False,False,False,False,False,False,0,6,NOT_THE_CASE
824868,POST_SNAPSHOT_CASE_STUDY_ONLY,72735e2363038a58badfa71c7326485d3d7429bf80eb8a1ed2785e5153171ad6,2026-09-23,CIN,ATL,2,3,6,top,824868:40:6,Dane Myers,Victor Mederos,3-1,2,000,-1.16864,2.52731,3.214,1.622,BALL,4.07367,,,[],[],Dane Myers walks.,True,False,False,False,False,True,False,False,False,False,False,True,True,False,False,False,False,4,17,False,False,False,False,False,False,0,6,NOT_THE_CASE
