entitled_team,opportunity_side,inning_bucket,challenge_inventory,opportunities,challenged,challenge_rate,overturned,value_known_opportunities,ambiguous_value_opportunities,mean_correction_value_runs,total_realized_value_runs,total_missed_value_runs,mean_missed_value_runs,mean_abs_distance_inches,mean_expected_recognition_prob,sum_expected_recognition_prob,final_challenge_opportunities,competing_attention_opportunities,summary_level
Arizona Diamondbacks,DEFENSE,1-3,1,6,2,0.333333,2,6,0,0.115442,0.163221,0.529433,0.132358,0.648576,,,6,0,entitled_team+opportunity_side+inning_bucket+inventory
Arizona Diamondbacks,DEFENSE,1-3,2,96,28,0.291667,28,95,1,0.17638,5.70658,11.0495,0.164918,0.899171,,,0,3,entitled_team+opportunity_side+inning_bucket+inventory
Arizona Diamondbacks,DEFENSE,10+,2,1,0,0,0,1,0,0.192383,0,0.192383,0.192383,0.23921,,,0,0,entitled_team+opportunity_side+inning_bucket+inventory
Arizona Diamondbacks,DEFENSE,4-6,1,27,4,0.148148,4,27,0,0.201809,1.71968,3.72915,0.162137,0.633239,,,27,0,entitled_team+opportunity_side+inning_bucket+inventory
Arizona Diamondbacks,DEFENSE,4-6,2,81,30,0.37037,30,81,0,0.150122,5.05023,7.10963,0.139404,0.90793,,,0,1,entitled_team+opportunity_side+inning_bucket+inventory
Arizona Diamondbacks,DEFENSE,7-9,1,35,11,0.314286,11,35,0,0.120677,1.51863,2.70508,0.112712,1.07627,,,35,0,entitled_team+opportunity_side+inning_bucket+inventory
Arizona Diamondbacks,DEFENSE,7-9,2,51,19,0.372549,19,51,0,0.135979,2.19726,4.7377,0.148053,1.0275,,,0,2,entitled_team+opportunity_side+inning_bucket+inventory
Arizona Diamondbacks,OFFENSE,1-3,1,13,1,0.0769231,1,13,0,0.253215,0.228918,3.06288,0.25524,0.997192,0.17902,2.32725,13,0,entitled_team+opportunity_side+inning_bucket+inventory
Arizona Diamondbacks,OFFENSE,1-3,2,94,14,0.148936,14,94,0,0.142647,2.67861,10.7302,0.134127,1.06296,0.160811,15.1162,0,1,entitled_team+opportunity_side+inning_bucket+inventory
Arizona Diamondbacks,OFFENSE,10+,1,3,1,0.333333,1,3,0,0.257562,0.453247,0.319441,0.15972,0.146861,0.230618,0.691853,3,0,entitled_team+opportunity_side+inning_bucket+inventory
Arizona Diamondbacks,OFFENSE,10+,2,1,1,1,1,1,0,0.507132,0.507132,0,,0.619301,0.508087,0.508087,0,0,entitled_team+opportunity_side+inning_bucket+inventory
Arizona Diamondbacks,OFFENSE,4-6,1,50,7,0.14,7,50,0,0.122369,1.29757,4.82087,0.112113,1.09893,0.156479,7.82396,50,0,entitled_team+opportunity_side+inning_bucket+inventory
Arizona Diamondbacks,OFFENSE,4-6,2,101,18,0.178218,18,101,0,0.125083,3.30221,9.33121,0.112424,0.895512,0.186768,18.8636,0,0,entitled_team+opportunity_side+inning_bucket+inventory
Arizona Diamondbacks,OFFENSE,7-9,1,60,12,0.2,12,60,0,0.139992,2.15125,6.24825,0.130172,1.17345,0.231046,13.8628,60,0,entitled_team+opportunity_side+inning_bucket+inventory
Arizona Diamondbacks,OFFENSE,7-9,2,74,19,0.256757,19,74,0,0.15295,3.92031,7.39799,0.134509,1.17626,0.276666,20.4733,0,1,entitled_team+opportunity_side+inning_bucket+inventory
Athletics,DEFENSE,1-3,1,19,2,0.105263,2,19,0,0.147216,0.430453,2.36665,0.139215,0.827226,,,19,0,entitled_team+opportunity_side+inning_bucket+inventory
Athletics,DEFENSE,1-3,2,130,39,0.3,39,129,1,0.189785,10.43,14.0523,0.154421,0.924085,,,0,7,entitled_team+opportunity_side+inning_bucket+inventory
Athletics,DEFENSE,10+,1,6,2,0.333333,2,6,0,0.405452,1.1402,1.29251,0.323128,1.13877,,,6,0,entitled_team+opportunity_side+inning_bucket+inventory
Athletics,DEFENSE,10+,2,1,0,0,0,1,0,0.12039,0,0.12039,0.12039,1.22321,,,0,1,entitled_team+opportunity_side+inning_bucket+inventory
Athletics,DEFENSE,4-6,1,36,10,0.277778,10,36,0,0.169648,3.08065,3.0267,0.116411,1.03543,,,36,2,entitled_team+opportunity_side+inning_bucket+inventory
Athletics,DEFENSE,4-6,2,87,30,0.344828,30,86,1,0.145413,5.82237,6.68317,0.117249,0.872222,,,0,4,entitled_team+opportunity_side+inning_bucket+inventory
Athletics,DEFENSE,7-9,1,42,22,0.52381,22,42,0,0.178411,3.73669,3.75658,0.187829,0.921789,,,42,0,entitled_team+opportunity_side+inning_bucket+inventory
Athletics,DEFENSE,7-9,2,60,24,0.4,24,60,0,0.159699,4.90035,4.6816,0.130045,0.883988,,,0,0,entitled_team+opportunity_side+inning_bucket+inventory
Athletics,OFFENSE,1-3,1,15,1,0.0666667,1,15,0,0.135827,0.37385,1.66355,0.118825,1.04898,0.113886,1.70829,15,0,entitled_team+opportunity_side+inning_bucket+inventory
Athletics,OFFENSE,1-3,2,89,16,0.179775,16,89,0,0.12296,2.86,8.08346,0.110732,1.07706,0.17875,15.9087,0,0,entitled_team+opportunity_side+inning_bucket+inventory
Athletics,OFFENSE,10+,1,6,2,0.333333,2,6,0,0.294717,0.384399,1.3839,0.345975,1.18403,0.409412,2.45647,6,0,entitled_team+opportunity_side+inning_bucket+inventory
Athletics,OFFENSE,4-6,1,30,6,0.2,6,30,0,0.176309,1.6079,3.68138,0.153391,1.00587,0.170544,5.11633,30,0,entitled_team+opportunity_side+inning_bucket+inventory
Athletics,OFFENSE,4-6,2,99,20,0.20202,20,99,0,0.126808,2.66923,9.88473,0.125123,0.929496,0.203264,20.1232,0,0,entitled_team+opportunity_side+inning_bucket+inventory
Athletics,OFFENSE,7-9,1,48,11,0.229167,11,48,0,0.170922,2.35361,5.85063,0.158125,0.857783,0.233021,11.185,48,0,entitled_team+opportunity_side+inning_bucket+inventory
Athletics,OFFENSE,7-9,2,65,17,0.261538,17,65,0,0.119705,2.36757,5.41326,0.112776,0.997787,0.230023,14.9515,0,2,entitled_team+opportunity_side+inning_bucket+inventory
Atlanta Braves,DEFENSE,1-3,1,14,2,0.142857,2,14,0,0.154306,0.626817,1.53346,0.127789,0.776963,,,14,1,entitled_team+opportunity_side+inning_bucket+inventory
Atlanta Braves,DEFENSE,1-3,2,107,29,0.271028,29,107,0,0.149722,4.21096,11.8093,0.151402,1.12923,,,0,3,entitled_team+opportunity_side+inning_bucket+inventory
Atlanta Braves,DEFENSE,10+,1,3,2,0.666667,2,3,0,0.0961712,0.225376,0.0631377,0.0631377,0.602021,,,3,0,entitled_team+opportunity_side+inning_bucket+inventory
Atlanta Braves,DEFENSE,4-6,1,20,4,0.2,4,19,1,0.142883,0.480695,2.23409,0.139631,0.644764,,,20,1,entitled_team+opportunity_side+inning_bucket+inventory
Atlanta Braves,DEFENSE,4-6,2,74,29,0.391892,29,74,0,0.146939,5.6264,5.2471,0.116602,0.975187,,,0,2,entitled_team+opportunity_side+inning_bucket+inventory
Atlanta Braves,DEFENSE,7-9,1,30,15,0.5,15,30,0,0.139387,2.0427,2.13891,0.142594,0.790994,,,30,1,entitled_team+opportunity_side+inning_bucket+inventory
Atlanta Braves,DEFENSE,7-9,2,33,15,0.454545,15,33,0,0.210151,2.87874,4.05625,0.225347,1.0948,,,0,1,entitled_team+opportunity_side+inning_bucket+inventory
Atlanta Braves,OFFENSE,1-3,1,7,1,0.142857,1,7,0,0.0957581,0.030628,0.639679,0.106613,1.06537,0.102615,0.718304,7,0,entitled_team+opportunity_side+inning_bucket+inventory
Atlanta Braves,OFFENSE,1-3,2,96,16,0.166667,16,96,0,0.150859,3.07412,11.4083,0.142604,1.00633,0.172175,16.5288,0,0,entitled_team+opportunity_side+inning_bucket+inventory
Atlanta Braves,OFFENSE,10+,1,2,1,0.5,1,2,0,0.175401,0.196092,0.154711,0.154711,0.596178,0.314579,0.629157,2,0,entitled_team+opportunity_side+inning_bucket+inventory
Atlanta Braves,OFFENSE,4-6,1,18,2,0.111111,2,18,0,0.111904,0.131942,1.88233,0.117646,0.866346,0.128759,2.31765,18,0,entitled_team+opportunity_side+inning_bucket+inventory
Atlanta Braves,OFFENSE,4-6,2,76,13,0.171053,13,76,0,0.147939,3.775,7.46833,0.118545,1.04378,0.188339,14.3138,0,0,entitled_team+opportunity_side+inning_bucket+inventory
Atlanta Braves,OFFENSE,7-9,1,39,8,0.205128,8,39,0,0.153659,2.51499,3.47769,0.112184,1.07087,0.228498,8.91142,39,3,entitled_team+opportunity_side+inning_bucket+inventory
Atlanta Braves,OFFENSE,7-9,2,58,5,0.0862069,5,58,0,0.121288,1.14931,5.88541,0.111046,1.04828,0.2385,13.833,0,0,entitled_team+opportunity_side+inning_bucket+inventory
Baltimore Orioles,DEFENSE,1-3,1,17,0,0,0,17,0,0.138394,0,2.35269,0.138394,0.794746,,,17,0,entitled_team+opportunity_side+inning_bucket+inventory
Baltimore Orioles,DEFENSE,1-3,2,114,26,0.22807,26,113,1,0.14213,4.29526,11.7654,0.133697,0.935464,,,0,2,entitled_team+opportunity_side+inning_bucket+inventory
Baltimore Orioles,DEFENSE,10+,1,4,1,0.25,1,4,0,0.162587,0.126504,0.523843,0.174614,1.07681,,,4,0,entitled_team+opportunity_side+inning_bucket+inventory
Baltimore Orioles,DEFENSE,4-6,1,33,4,0.121212,4,32,1,0.127312,0.725736,3.34824,0.11958,0.950492,,,33,3,entitled_team+opportunity_side+inning_bucket+inventory
Baltimore Orioles,DEFENSE,4-6,2,66,17,0.257576,17,66,0,0.144824,3.03615,6.52227,0.133107,0.906737,,,0,1,entitled_team+opportunity_side+inning_bucket+inventory
Baltimore Orioles,DEFENSE,7-9,1,39,13,0.333333,13,39,0,0.134028,2.6382,2.58889,0.0995729,0.959352,,,39,2,entitled_team+opportunity_side+inning_bucket+inventory
Baltimore Orioles,DEFENSE,7-9,2,42,13,0.309524,13,42,0,0.136636,2.32929,3.40942,0.117566,0.898472,,,0,1,entitled_team+opportunity_side+inning_bucket+inventory
Baltimore Orioles,OFFENSE,1-3,1,18,1,0.0555556,1,18,0,0.172894,0.155237,2.95686,0.173933,0.803591,0.16952,3.05136,18,0,entitled_team+opportunity_side+inning_bucket+inventory
Baltimore Orioles,OFFENSE,1-3,2,119,13,0.109244,13,119,0,0.126165,2.70327,12.3104,0.116135,1.12762,0.174869,20.8094,0,1,entitled_team+opportunity_side+inning_bucket+inventory
Baltimore Orioles,OFFENSE,10+,1,1,0,0,0,1,0,0.192383,0,0.192383,0.192383,0.507695,0.135514,0.135514,1,0,entitled_team+opportunity_side+inning_bucket+inventory
Baltimore Orioles,OFFENSE,10+,2,1,1,1,1,1,0,0.189589,0.189589,0,,0.181907,0.14843,0.14843,0,0,entitled_team+opportunity_side+inning_bucket+inventory
Baltimore Orioles,OFFENSE,4-6,1,37,1,0.027027,1,37,0,0.128878,0.0510117,4.71746,0.131041,1.01771,0.128474,4.75353,37,0,entitled_team+opportunity_side+inning_bucket+inventory
Baltimore Orioles,OFFENSE,4-6,2,94,16,0.170213,16,94,0,0.133495,3.06711,9.48146,0.121557,1.04082,0.209847,19.7256,0,1,entitled_team+opportunity_side+inning_bucket+inventory
Baltimore Orioles,OFFENSE,7-9,1,62,20,0.322581,20,62,0,0.191092,5.39101,6.4567,0.153731,1.24982,0.260151,16.1294,62,1,entitled_team+opportunity_side+inning_bucket+inventory
Baltimore Orioles,OFFENSE,7-9,2,57,21,0.368421,21,57,0,0.165993,4.37897,5.08262,0.141184,1.17459,0.28812,16.4228,0,1,entitled_team+opportunity_side+inning_bucket+inventory
Boston Red Sox,DEFENSE,1-3,1,19,2,0.105263,2,19,0,0.171711,0.383629,2.87888,0.169346,0.915308,,,19,0,entitled_team+opportunity_side+inning_bucket+inventory
Boston Red Sox,DEFENSE,1-3,2,125,26,0.208,26,124,1,0.159891,5.39042,14.4361,0.147307,0.971584,,,0,4,entitled_team+opportunity_side+inning_bucket+inventory
Boston Red Sox,DEFENSE,10+,1,2,0,0,0,2,0,0.105625,0,0.21125,0.105625,0.259194,,,2,0,entitled_team+opportunity_side+inning_bucket+inventory
Boston Red Sox,DEFENSE,4-6,1,28,10,0.357143,10,27,1,0.150917,1.54606,2.52869,0.140483,1.12027,,,28,1,entitled_team+opportunity_side+inning_bucket+inventory
Boston Red Sox,DEFENSE,4-6,2,71,22,0.309859,22,70,1,0.154386,4.41607,6.39094,0.133145,0.788845,,,0,3,entitled_team+opportunity_side+inning_bucket+inventory
Boston Red Sox,DEFENSE,7-9,1,44,11,0.25,11,44,0,0.16603,2.028,5.2773,0.159918,0.810475,,,44,1,entitled_team+opportunity_side+inning_bucket+inventory
Boston Red Sox,DEFENSE,7-9,2,33,13,0.393939,13,33,0,0.209196,3.39192,3.51156,0.175578,0.960727,,,0,0,entitled_team+opportunity_side+inning_bucket+inventory
Boston Red Sox,OFFENSE,1-3,1,9,1,0.111111,1,9,0,0.130147,0.210946,0.960377,0.120047,0.839497,0.158824,1.42941,9,0,entitled_team+opportunity_side+inning_bucket+inventory
Boston Red Sox,OFFENSE,1-3,2,131,27,0.206107,27,131,0,0.161559,5.8388,15.3254,0.14736,1.14763,0.19108,25.0315,0,1,entitled_team+opportunity_side+inning_bucket+inventory
Boston Red Sox,OFFENSE,10+,1,4,2,0.5,2,4,0,0.0850854,0.25679,0.0835518,0.0417759,1.18769,0.202471,0.809882,4,0,entitled_team+opportunity_side+inning_bucket+inventory
Boston Red Sox,OFFENSE,10+,2,1,0,0,0,1,0,0.0861867,0,0.0861867,0.0861867,1.89062,0.392517,0.392517,0,0,entitled_team+opportunity_side+inning_bucket+inventory
Boston Red Sox,OFFENSE,4-6,1,34,6,0.176471,6,34,0,0.17341,1.60526,4.29068,0.153239,1.38132,0.215441,7.325,34,1,entitled_team+opportunity_side+inning_bucket+inventory
Boston Red Sox,OFFENSE,4-6,2,91,13,0.142857,13,91,0,0.136284,1.61676,10.7851,0.138271,0.996104,0.193802,17.636,0,1,entitled_team+opportunity_side+inning_bucket+inventory
Boston Red Sox,OFFENSE,7-9,1,51,15,0.294118,15,51,0,0.162676,4.15448,4.14199,0.115055,1.09033,0.251425,12.8227,51,0,entitled_team+opportunity_side+inning_bucket+inventory
Boston Red Sox,OFFENSE,7-9,2,46,13,0.282609,13,46,0,0.13419,2.31729,3.85545,0.116832,1.04357,0.225781,10.3859,0,1,entitled_team+opportunity_side+inning_bucket+inventory
Chicago Cubs,DEFENSE,1-3,1,2,0,0,0,2,0,0.112359,0,0.224717,0.112359,1.1101,,,2,0,entitled_team+opportunity_side+inning_bucket+inventory
Chicago Cubs,DEFENSE,1-3,2,101,27,0.267327,27,100,1,0.138048,4.58984,9.21495,0.126232,0.80286,,,0,2,entitled_team+opportunity_side+inning_bucket+inventory
Chicago Cubs,DEFENSE,10+,1,3,1,0.333333,1,3,0,0.364936,0.215177,0.879632,0.439816,0.738454,,,3,0,entitled_team+opportunity_side+inning_bucket+inventory
Chicago Cubs,DEFENSE,4-6,1,27,2,0.0740741,2,27,0,0.16044,0.217863,4.11403,0.164561,0.795369,,,27,0,entitled_team+opportunity_side+inning_bucket+inventory
Chicago Cubs,DEFENSE,4-6,2,101,42,0.415842,42,101,0,0.148638,6.90372,8.10869,0.137435,0.958416,,,0,3,entitled_team+opportunity_side+inning_bucket+inventory
Chicago Cubs,DEFENSE,7-9,1,34,8,0.235294,8,34,0,0.150669,1.44931,3.67344,0.141286,0.798075,,,34,1,entitled_team+opportunity_side+inning_bucket+inventory
Chicago Cubs,DEFENSE,7-9,2,63,27,0.428571,27,63,0,0.162225,5.37756,4.8426,0.134517,0.957383,,,0,3,entitled_team+opportunity_side+inning_bucket+inventory
Chicago Cubs,OFFENSE,1-3,1,9,1,0.111111,1,9,0,0.103241,0.10512,0.824045,0.103006,0.652248,0.0765602,0.689041,9,0,entitled_team+opportunity_side+inning_bucket+inventory
Chicago Cubs,OFFENSE,1-3,2,109,18,0.165138,18,109,0,0.143226,3.53914,12.0725,0.132665,0.85141,0.131385,14.3209,0,0,entitled_team+opportunity_side+inning_bucket+inventory
Chicago Cubs,OFFENSE,10+,1,6,2,0.333333,2,6,0,0.249838,0.870957,0.628072,0.157018,0.912131,0.249992,1.49995,6,0,entitled_team+opportunity_side+inning_bucket+inventory
Chicago Cubs,OFFENSE,4-6,1,26,6,0.230769,6,26,0,0.145005,1.29386,2.47628,0.123814,0.81979,0.189681,4.93172,26,0,entitled_team+opportunity_side+inning_bucket+inventory
Chicago Cubs,OFFENSE,4-6,2,104,20,0.192308,20,104,0,0.178677,6.13631,12.4461,0.148167,0.906729,0.194358,20.2132,0,1,entitled_team+opportunity_side+inning_bucket+inventory
Chicago Cubs,OFFENSE,7-9,1,34,4,0.117647,4,34,0,0.122766,0.488098,3.68596,0.122865,1.37901,0.220416,7.49413,34,0,entitled_team+opportunity_side+inning_bucket+inventory
Chicago Cubs,OFFENSE,7-9,2,75,23,0.306667,23,75,0,0.157816,4.84971,6.98651,0.134356,0.947788,0.229615,17.2211,0,0,entitled_team+opportunity_side+inning_bucket+inventory
Chicago White Sox,DEFENSE,1-3,1,17,7,0.411765,7,17,0,0.152857,1.13385,1.46472,0.146472,0.948001,,,17,1,entitled_team+opportunity_side+inning_bucket+inventory
Chicago White Sox,DEFENSE,1-3,2,111,43,0.387387,43,111,0,0.164963,8.66356,9.64736,0.141873,1.20217,,,0,5,entitled_team+opportunity_side+inning_bucket+inventory
Chicago White Sox,DEFENSE,10+,1,5,2,0.4,2,5,0,0.135703,0.291885,0.386628,0.128876,0.72766,,,5,1,entitled_team+opportunity_side+inning_bucket+inventory
Chicago White Sox,DEFENSE,4-6,1,45,12,0.266667,12,45,0,0.130629,1.91467,3.96364,0.12011,0.780133,,,45,1,entitled_team+opportunity_side+inning_bucket+inventory
Chicago White Sox,DEFENSE,4-6,2,60,20,0.333333,20,60,0,0.163321,4.14008,5.6592,0.14148,0.921675,,,0,3,entitled_team+opportunity_side+inning_bucket+inventory
Chicago White Sox,DEFENSE,7-9,1,46,22,0.478261,22,46,0,0.212444,6.46664,3.30577,0.13774,0.861806,,,46,0,entitled_team+opportunity_side+inning_bucket+inventory
Chicago White Sox,DEFENSE,7-9,2,26,16,0.615385,16,26,0,0.140223,2.58089,1.06491,0.106491,0.808187,,,0,1,entitled_team+opportunity_side+inning_bucket+inventory
Chicago White Sox,OFFENSE,1-3,1,11,0,0,0,11,0,0.195428,0,2.1497,0.195428,0.79562,0.169346,1.8628,11,0,entitled_team+opportunity_side+inning_bucket+inventory
Chicago White Sox,OFFENSE,1-3,2,96,18,0.1875,18,96,0,0.136445,3.15388,9.94488,0.127499,0.864488,0.147947,14.2029,0,0,entitled_team+opportunity_side+inning_bucket+inventory
Chicago White Sox,OFFENSE,10+,1,6,3,0.5,3,6,0,0.200005,0.713318,0.486709,0.162236,1.15819,0.283533,1.7012,6,0,entitled_team+opportunity_side+inning_bucket+inventory
Chicago White Sox,OFFENSE,4-6,1,46,5,0.108696,5,46,0,0.141491,0.695499,5.81309,0.141783,1.03398,0.168915,7.77007,46,0,entitled_team+opportunity_side+inning_bucket+inventory
Chicago White Sox,OFFENSE,4-6,2,76,22,0.289474,22,76,0,0.146624,3.83193,7.31147,0.135398,1.1468,0.195459,14.8549,0,0,entitled_team+opportunity_side+inning_bucket+inventory
Chicago White Sox,OFFENSE,7-9,1,59,17,0.288136,17,59,0,0.150063,3.56768,5.28604,0.125858,1.3219,0.2528,14.9152,59,0,entitled_team+opportunity_side+inning_bucket+inventory
Chicago White Sox,OFFENSE,7-9,2,32,3,0.09375,3,32,0,0.157341,0.587621,4.4473,0.153355,0.778613,0.199636,6.38834,0,1,entitled_team+opportunity_side+inning_bucket+inventory
Cincinnati Reds,DEFENSE,1-3,1,9,1,0.111111,1,9,0,0.0940802,0.138198,0.708523,0.0885654,1.17745,,,9,0,entitled_team+opportunity_side+inning_bucket+inventory
Cincinnati Reds,DEFENSE,1-3,2,122,31,0.254098,31,122,0,0.140576,4.67208,12.4783,0.137124,1.06186,,,0,4,entitled_team+opportunity_side+inning_bucket+inventory
Cincinnati Reds,DEFENSE,10+,1,6,1,0.166667,1,6,0,0.208584,0.52614,0.725367,0.145073,0.558876,,,6,0,entitled_team+opportunity_side+inning_bucket+inventory
Cincinnati Reds,DEFENSE,4-6,1,31,4,0.129032,4,31,0,0.163912,1.08793,3.99336,0.147902,0.876318,,,31,0,entitled_team+opportunity_side+inning_bucket+inventory
Cincinnati Reds,DEFENSE,4-6,2,104,45,0.432692,45,103,1,0.187395,11.8991,7.40262,0.127631,0.986493,,,0,3,entitled_team+opportunity_side+inning_bucket+inventory
Cincinnati Reds,DEFENSE,7-9,1,45,13,0.288889,13,44,1,0.149983,2.73281,3.86644,0.124724,0.960445,,,45,1,entitled_team+opportunity_side+inning_bucket+inventory
Cincinnati Reds,DEFENSE,7-9,2,66,31,0.469697,31,65,1,0.134626,4.79958,3.95109,0.116208,0.960437,,,0,4,entitled_team+opportunity_side+inning_bucket+inventory
Cincinnati Reds,OFFENSE,1-3,1,14,1,0.0714286,1,13,1,0.131278,0.082654,1.62396,0.13533,1.05121,0.20517,2.87238,14,1,entitled_team+opportunity_side+inning_bucket+inventory
Cincinnati Reds,OFFENSE,1-3,2,108,21,0.194444,21,108,0,0.15185,5.26846,11.1313,0.127946,0.94912,0.18144,19.5955,0,0,entitled_team+opportunity_side+inning_bucket+inventory
Cincinnati Reds,OFFENSE,10+,1,1,0,0,0,1,0,0.171495,0,0.171495,0.171495,0.0879738,0.108831,0.108831,1,0,entitled_team+opportunity_side+inning_bucket+inventory
Cincinnati Reds,OFFENSE,10+,2,1,0,0,0,1,0,0.0861867,0,0.0861867,0.0861867,1.50383,0.295868,0.295868,0,0,entitled_team+opportunity_side+inning_bucket+inventory
Cincinnati Reds,OFFENSE,4-6,1,38,6,0.157895,6,38,0,0.18583,1.40753,5.65403,0.176688,1.20885,0.21366,8.11907,38,0,entitled_team+opportunity_side+inning_bucket+inventory
Cincinnati Reds,OFFENSE,4-6,2,113,18,0.159292,18,113,0,0.163948,6.046,12.4802,0.13137,1.14963,0.22215,25.1029,0,1,entitled_team+opportunity_side+inning_bucket+inventory
Cincinnati Reds,OFFENSE,7-9,1,53,14,0.264151,14,53,0,0.152322,2.52617,5.5469,0.142228,1.26433,0.25978,13.7683,53,0,entitled_team+opportunity_side+inning_bucket+inventory
Cincinnati Reds,OFFENSE,7-9,2,86,28,0.325581,28,86,0,0.140433,6.37451,5.70272,0.0983227,0.917291,0.258544,22.2348,0,0,entitled_team+opportunity_side+inning_bucket+inventory
Cleveland Guardians,DEFENSE,1-3,1,12,1,0.0833333,1,11,1,0.127934,0.210946,1.19633,0.119633,1.26177,,,12,1,entitled_team+opportunity_side+inning_bucket+inventory
Cleveland Guardians,DEFENSE,1-3,2,102,29,0.284314,29,102,0,0.157692,4.85255,11.2321,0.153864,0.783601,,,0,3,entitled_team+opportunity_side+inning_bucket+inventory
Cleveland Guardians,DEFENSE,10+,1,4,2,0.5,2,4,0,0.126666,0.226143,0.280523,0.140262,1.25503,,,4,0,entitled_team+opportunity_side+inning_bucket+inventory
Cleveland Guardians,DEFENSE,10+,2,3,2,0.666667,2,3,0,0.158387,0.410753,0.0644069,0.0644069,0.919816,,,0,0,entitled_team+opportunity_side+inning_bucket+inventory
Cleveland Guardians,DEFENSE,4-6,1,33,10,0.30303,10,33,0,0.147553,1.63959,3.22965,0.14042,0.99915,,,33,2,entitled_team+opportunity_side+inning_bucket+inventory
Cleveland Guardians,DEFENSE,4-6,2,50,13,0.26,13,48,2,0.133359,1.77763,4.6236,0.128433,0.948883,,,0,5,entitled_team+opportunity_side+inning_bucket+inventory
Cleveland Guardians,DEFENSE,7-9,1,43,17,0.395349,17,43,0,0.137292,2.9915,2.91204,0.112002,1.05491,,,43,0,entitled_team+opportunity_side+inning_bucket+inventory
Cleveland Guardians,DEFENSE,7-9,2,33,17,0.515152,17,32,1,0.187965,3.2543,2.76057,0.184038,0.827577,,,0,1,entitled_team+opportunity_side+inning_bucket+inventory
Cleveland Guardians,OFFENSE,1-3,1,17,2,0.117647,2,17,0,0.131417,0.365789,1.86829,0.124553,1.27891,0.148047,2.5168,17,0,entitled_team+opportunity_side+inning_bucket+inventory
Cleveland Guardians,OFFENSE,1-3,2,112,15,0.133929,15,111,1,0.14578,3.37685,12.8048,0.132008,0.889415,0.15474,17.3309,0,3,entitled_team+opportunity_side+inning_bucket+inventory
Cleveland Guardians,OFFENSE,10+,2,2,1,0.5,1,2,0,-0.00408148,-0.0846813,0.0765183,0.0765183,2.7988,0.483269,0.966538,0,0,entitled_team+opportunity_side+inning_bucket+inventory
Cleveland Guardians,OFFENSE,4-6,1,37,7,0.189189,7,37,0,0.154223,1.32361,4.38263,0.146088,0.916159,0.153474,5.67855,37,0,entitled_team+opportunity_side+inning_bucket+inventory
Cleveland Guardians,OFFENSE,4-6,2,81,13,0.160494,13,81,0,0.113859,1.29789,7.92467,0.116539,0.97429,0.19877,16.1004,0,0,entitled_team+opportunity_side+inning_bucket+inventory
Cleveland Guardians,OFFENSE,7-9,1,72,11,0.152778,11,72,0,0.126974,2.2135,6.9286,0.113584,0.956897,0.185566,13.3608,72,0,entitled_team+opportunity_side+inning_bucket+inventory
Cleveland Guardians,OFFENSE,7-9,2,49,9,0.183673,9,49,0,0.151362,1.23435,6.18237,0.154559,1.30754,0.297647,14.5847,0,0,entitled_team+opportunity_side+inning_bucket+inventory
Colorado Rockies,DEFENSE,1-3,1,14,5,0.357143,5,14,0,0.332377,2.85209,1.80119,0.200132,0.619196,,,14,1,entitled_team+opportunity_side+inning_bucket+inventory
Colorado Rockies,DEFENSE,1-3,2,124,41,0.330645,41,124,0,0.147484,7.5846,10.7034,0.128957,0.82461,,,0,3,entitled_team+opportunity_side+inning_bucket+inventory
Colorado Rockies,DEFENSE,10+,1,2,1,0.5,1,2,0,0.0637534,0.0460391,0.0814677,0.0814677,0.939478,,,2,0,entitled_team+opportunity_side+inning_bucket+inventory
Colorado Rockies,DEFENSE,4-6,1,45,13,0.288889,13,45,0,0.169506,3.70877,3.91898,0.122468,0.904457,,,45,0,entitled_team+opportunity_side+inning_bucket+inventory
Colorado Rockies,DEFENSE,4-6,2,48,22,0.458333,22,48,0,0.148959,3.29766,3.85237,0.148168,0.861568,,,0,0,entitled_team+opportunity_side+inning_bucket+inventory
Colorado Rockies,DEFENSE,7-9,1,46,23,0.5,23,46,0,0.15226,3.8633,3.14065,0.13655,1.02265,,,46,3,entitled_team+opportunity_side+inning_bucket+inventory
Colorado Rockies,DEFENSE,7-9,2,26,15,0.576923,15,26,0,0.151916,2.93138,1.01843,0.0925843,1.09183,,,0,0,entitled_team+opportunity_side+inning_bucket+inventory
Colorado Rockies,OFFENSE,1-3,1,10,1,0.1,1,10,0,0.159653,0.319555,1.27698,0.141887,1.13309,0.144495,1.44495,10,0,entitled_team+opportunity_side+inning_bucket+inventory
Colorado Rockies,OFFENSE,1-3,2,102,18,0.176471,18,102,0,0.138509,3.11811,11.0098,0.131069,1.10387,0.155217,15.8321,0,0,entitled_team+opportunity_side+inning_bucket+inventory
Colorado Rockies,OFFENSE,10+,1,2,1,0.5,1,2,0,0.0665432,0.0385059,0.0945806,0.0945806,0.353597,0.136473,0.272946,2,0,entitled_team+opportunity_side+inning_bucket+inventory
Colorado Rockies,OFFENSE,4-6,1,46,7,0.152174,7,46,0,0.156421,2.02334,5.17204,0.132616,1.14158,0.189782,8.72999,46,0,entitled_team+opportunity_side+inning_bucket+inventory
Colorado Rockies,OFFENSE,4-6,2,64,15,0.234375,15,64,0,0.151738,3.80326,5.90795,0.12057,1.03745,0.182204,11.6611,0,0,entitled_team+opportunity_side+inning_bucket+inventory
Colorado Rockies,OFFENSE,7-9,1,43,10,0.232558,10,43,0,0.159494,2.68946,4.16878,0.126327,1.04663,0.221036,9.50454,43,1,entitled_team+opportunity_side+inning_bucket+inventory
Colorado Rockies,OFFENSE,7-9,2,43,16,0.372093,16,43,0,0.151778,3.06816,3.45829,0.128085,0.882582,0.250072,10.7531,0,1,entitled_team+opportunity_side+inning_bucket+inventory
Detroit Tigers,DEFENSE,1-3,1,9,3,0.333333,3,9,0,0.175436,0.589451,0.989474,0.164912,0.970895,,,9,0,entitled_team+opportunity_side+inning_bucket+inventory
Detroit Tigers,DEFENSE,1-3,2,113,27,0.238938,27,113,0,0.138055,5.1108,10.4894,0.12197,0.945123,,,0,3,entitled_team+opportunity_side+inning_bucket+inventory
Detroit Tigers,DEFENSE,10+,1,3,2,0.666667,2,3,0,0.0904396,0.189851,0.0814677,0.0814677,1.2891,,,3,0,entitled_team+opportunity_side+inning_bucket+inventory
Detroit Tigers,DEFENSE,4-6,1,20,2,0.1,2,20,0,0.119224,0.273822,2.11066,0.117259,0.832953,,,20,0,entitled_team+opportunity_side+inning_bucket+inventory
Detroit Tigers,DEFENSE,4-6,2,78,29,0.371795,29,78,0,0.116868,3.46128,5.65441,0.115396,0.786841,,,0,0,entitled_team+opportunity_side+inning_bucket+inventory
Detroit Tigers,DEFENSE,7-9,1,33,8,0.242424,8,33,0,0.14224,1.86881,2.82512,0.113005,0.559154,,,33,1,entitled_team+opportunity_side+inning_bucket+inventory
Detroit Tigers,DEFENSE,7-9,2,52,20,0.384615,20,52,0,0.148573,3.46747,4.25833,0.133073,0.864132,,,0,2,entitled_team+opportunity_side+inning_bucket+inventory
Detroit Tigers,OFFENSE,1-3,1,3,0,0,0,3,0,0.0598891,0,0.179667,0.0598891,1.14628,0.109324,0.327971,3,0,entitled_team+opportunity_side+inning_bucket+inventory
Detroit Tigers,OFFENSE,1-3,2,118,19,0.161017,19,118,0,0.134487,3.12813,12.7413,0.1287,0.967902,0.153579,18.1223,0,0,entitled_team+opportunity_side+inning_bucket+inventory
Detroit Tigers,OFFENSE,10+,1,5,3,0.6,3,5,0,0.152637,0.428582,0.334605,0.167302,1.32683,0.304546,1.52273,5,0,entitled_team+opportunity_side+inning_bucket+inventory
Detroit Tigers,OFFENSE,10+,2,2,1,0.5,1,2,0,0.159951,0.192383,0.12752,0.12752,1.07231,0.130092,0.260184,0,0,entitled_team+opportunity_side+inning_bucket+inventory
Detroit Tigers,OFFENSE,4-6,1,25,5,0.2,5,25,0,0.14311,1.10847,2.46928,0.123464,0.991676,0.191634,4.79085,25,0,entitled_team+opportunity_side+inning_bucket+inventory
Detroit Tigers,OFFENSE,4-6,2,103,24,0.23301,24,103,0,0.144575,5.08235,9.80891,0.124163,0.890272,0.20334,20.944,0,0,entitled_team+opportunity_side+inning_bucket+inventory
Detroit Tigers,OFFENSE,7-9,1,42,10,0.238095,10,42,0,0.118194,1.52495,3.43919,0.107475,1.06145,0.186879,7.8489,42,0,entitled_team+opportunity_side+inning_bucket+inventory
Detroit Tigers,OFFENSE,7-9,2,81,19,0.234568,19,81,0,0.137336,3.92631,7.19788,0.116095,1.00194,0.260399,21.0923,0,0,entitled_team+opportunity_side+inning_bucket+inventory
Houston Astros,DEFENSE,1-3,1,16,1,0.0625,1,16,0,0.104045,0.162999,1.50172,0.100115,1.22923,,,16,2,entitled_team+opportunity_side+inning_bucket+inventory
Houston Astros,DEFENSE,1-3,2,124,42,0.33871,42,123,1,0.120329,4.6504,10.1501,0.123782,0.984305,,,0,3,entitled_team+opportunity_side+inning_bucket+inventory
Houston Astros,DEFENSE,10+,1,3,1,0.333333,1,3,0,0.177533,0.192383,0.340217,0.170109,1.40388,,,3,0,entitled_team+opportunity_side+inning_bucket+inventory
Houston Astros,DEFENSE,4-6,1,44,8,0.181818,8,44,0,0.168565,1.38357,6.03327,0.167591,0.95672,,,44,1,entitled_team+opportunity_side+inning_bucket+inventory
Houston Astros,DEFENSE,4-6,2,68,18,0.264706,18,68,0,0.128154,3.64435,5.07011,0.101402,0.76995,,,0,1,entitled_team+opportunity_side+inning_bucket+inventory
Houston Astros,DEFENSE,7-9,1,35,13,0.371429,13,35,0,0.144747,2.3993,2.66684,0.12122,0.890568,,,35,0,entitled_team+opportunity_side+inning_bucket+inventory
Houston Astros,DEFENSE,7-9,2,25,12,0.48,12,25,0,0.125973,1.58925,1.56009,0.120007,0.853377,,,0,0,entitled_team+opportunity_side+inning_bucket+inventory
Houston Astros,OFFENSE,1-3,1,17,4,0.235294,4,17,0,0.181698,0.260744,2.82812,0.217547,0.737094,0.105217,1.78869,17,0,entitled_team+opportunity_side+inning_bucket+inventory
Houston Astros,OFFENSE,1-3,2,104,27,0.259615,27,104,0,0.138875,3.57841,10.8646,0.141099,0.965345,0.145888,15.1724,0,1,entitled_team+opportunity_side+inning_bucket+inventory
Houston Astros,OFFENSE,10+,1,1,1,1,1,1,0,0.215177,0.215177,0,,4.11571,0.39573,0.39573,1,0,entitled_team+opportunity_side+inning_bucket+inventory
Houston Astros,OFFENSE,4-6,1,46,11,0.23913,11,46,0,0.124293,2.39848,3.31901,0.0948288,1.11142,0.187906,8.6437,46,0,entitled_team+opportunity_side+inning_bucket+inventory
Houston Astros,OFFENSE,4-6,2,74,22,0.297297,22,74,0,0.159669,5.18639,6.62909,0.127482,0.903446,0.195683,14.4805,0,0,entitled_team+opportunity_side+inning_bucket+inventory
Houston Astros,OFFENSE,7-9,1,46,13,0.282609,13,46,0,0.130971,2.01514,4.00952,0.121501,0.803328,0.157689,7.2537,46,0,entitled_team+opportunity_side+inning_bucket+inventory
Houston Astros,OFFENSE,7-9,2,34,8,0.235294,8,34,0,0.164537,1.88698,3.70726,0.142587,0.906903,0.242025,8.22885,0,1,entitled_team+opportunity_side+inning_bucket+inventory
Kansas City Royals,DEFENSE,1-3,1,12,0,0,0,12,0,0.157617,0,1.89141,0.157617,0.942768,,,12,0,entitled_team+opportunity_side+inning_bucket+inventory
Kansas City Royals,DEFENSE,1-3,2,115,26,0.226087,26,115,0,0.143749,4.01621,12.5149,0.140617,0.930837,,,0,1,entitled_team+opportunity_side+inning_bucket+inventory
Kansas City Royals,DEFENSE,10+,1,1,0,0,0,1,0,0.248911,0,0.248911,0.248911,0.250011,,,1,0,entitled_team+opportunity_side+inning_bucket+inventory
Kansas City Royals,DEFENSE,10+,2,1,1,1,1,1,0,0.255974,0.255974,0,,1.26423,,,0,0,entitled_team+opportunity_side+inning_bucket+inventory
Kansas City Royals,DEFENSE,4-6,1,26,5,0.192308,5,26,0,0.110143,0.769832,2.09387,0.0997083,0.93174,,,26,2,entitled_team+opportunity_side+inning_bucket+inventory
Kansas City Royals,DEFENSE,4-6,2,92,33,0.358696,33,92,0,0.137813,6.13277,6.54602,0.11095,0.951943,,,0,4,entitled_team+opportunity_side+inning_bucket+inventory
Kansas City Royals,DEFENSE,7-9,1,37,8,0.216216,8,37,0,0.133133,1.01117,3.91476,0.134992,0.7777,,,37,1,entitled_team+opportunity_side+inning_bucket+inventory
Kansas City Royals,DEFENSE,7-9,2,44,16,0.363636,16,44,0,0.146008,3.27167,3.1527,0.112596,0.868803,,,0,2,entitled_team+opportunity_side+inning_bucket+inventory
Kansas City Royals,OFFENSE,1-3,1,12,2,0.166667,2,12,0,0.0667042,0.227673,0.572777,0.0572777,1.01931,0.138958,1.6675,12,0,entitled_team+opportunity_side+inning_bucket+inventory
Kansas City Royals,OFFENSE,1-3,2,111,24,0.216216,24,111,0,0.14528,4.51901,11.607,0.133414,0.944399,0.161279,17.9019,0,1,entitled_team+opportunity_side+inning_bucket+inventory
Kansas City Royals,OFFENSE,10+,1,2,1,0.5,1,2,0,0.0917637,0.12039,0.0631377,0.0631377,0.576609,0.0957153,0.191431,2,0,entitled_team+opportunity_side+inning_bucket+inventory
Kansas City Royals,OFFENSE,4-6,1,34,4,0.117647,4,34,0,0.106992,0.721759,2.91597,0.0971988,1.07314,0.131296,4.46406,34,0,entitled_team+opportunity_side+inning_bucket+inventory
Kansas City Royals,OFFENSE,4-6,2,92,24,0.26087,24,92,0,0.139547,4.44865,8.38971,0.123378,0.944524,0.22411,20.6182,0,0,entitled_team+opportunity_side+inning_bucket+inventory
Kansas City Royals,OFFENSE,7-9,1,61,10,0.163934,10,61,0,0.137079,2.3252,6.03664,0.118365,0.799596,0.187057,11.4105,61,0,entitled_team+opportunity_side+inning_bucket+inventory
Kansas City Royals,OFFENSE,7-9,2,54,11,0.203704,11,54,0,0.129284,1.16255,5.81879,0.135321,1.05077,0.25907,13.9898,0,0,entitled_team+opportunity_side+inning_bucket+inventory
Los Angeles Angels,DEFENSE,1-3,1,31,4,0.129032,4,31,0,0.186748,0.854142,4.93504,0.182779,1.31691,,,31,1,entitled_team+opportunity_side+inning_bucket+inventory
Los Angeles Angels,DEFENSE,1-3,2,141,35,0.248227,35,141,0,0.13795,5.88621,13.5647,0.127969,0.964184,,,0,2,entitled_team+opportunity_side+inning_bucket+inventory
Los Angeles Angels,DEFENSE,10+,1,1,0,0,0,1,0,0.210045,0,0.210045,0.210045,0.0353073,,,1,0,entitled_team+opportunity_side+inning_bucket+inventory
Los Angeles Angels,DEFENSE,10+,2,1,0,0,0,1,0,0.229883,0,0.229883,0.229883,0.86217,,,0,0,entitled_team+opportunity_side+inning_bucket+inventory
Los Angeles Angels,DEFENSE,4-6,1,34,5,0.147059,5,34,0,0.139766,0.519706,4.23233,0.145942,0.721239,,,34,0,entitled_team+opportunity_side+inning_bucket+inventory
Los Angeles Angels,DEFENSE,4-6,2,84,28,0.333333,28,84,0,0.165388,6.06942,7.82314,0.139699,0.924614,,,0,1,entitled_team+opportunity_side+inning_bucket+inventory
Los Angeles Angels,DEFENSE,7-9,1,38,12,0.315789,12,37,1,0.198212,3.99707,3.33677,0.133471,0.853731,,,38,1,entitled_team+opportunity_side+inning_bucket+inventory
Los Angeles Angels,DEFENSE,7-9,2,35,19,0.542857,19,35,0,0.153071,2.88033,2.47716,0.154822,0.829921,,,0,0,entitled_team+opportunity_side+inning_bucket+inventory
Los Angeles Angels,OFFENSE,1-3,1,15,0,0,0,15,0,0.149179,0,2.23769,0.149179,0.804092,0.0987777,1.48167,15,0,entitled_team+opportunity_side+inning_bucket+inventory
Los Angeles Angels,OFFENSE,1-3,2,96,13,0.135417,13,96,0,0.140799,5.33173,8.18501,0.0986146,0.970156,0.14756,14.1657,0,0,entitled_team+opportunity_side+inning_bucket+inventory
Los Angeles Angels,OFFENSE,4-6,1,27,3,0.111111,3,27,0,0.124735,0.550591,2.81725,0.117385,1.19382,0.188817,5.09806,27,0,entitled_team+opportunity_side+inning_bucket+inventory
Los Angeles Angels,OFFENSE,4-6,2,93,18,0.193548,18,93,0,0.158268,5.43621,9.2827,0.123769,0.974931,0.235123,21.8664,0,0,entitled_team+opportunity_side+inning_bucket+inventory
Los Angeles Angels,OFFENSE,7-9,1,69,21,0.304348,21,69,0,0.164824,4.33851,7.03436,0.146549,1.23495,0.254518,17.5618,69,0,entitled_team+opportunity_side+inning_bucket+inventory
Los Angeles Angels,OFFENSE,7-9,2,69,17,0.246377,17,69,0,0.152536,3.10526,7.41976,0.142688,0.935278,0.266172,18.3659,0,1,entitled_team+opportunity_side+inning_bucket+inventory
Los Angeles Dodgers,DEFENSE,1-3,1,9,0,0,0,9,0,0.141416,0,1.27274,0.141416,0.729357,,,9,0,entitled_team+opportunity_side+inning_bucket+inventory
Los Angeles Dodgers,DEFENSE,1-3,2,124,29,0.233871,29,124,0,0.156838,5.57905,13.8688,0.145988,0.934514,,,0,4,entitled_team+opportunity_side+inning_bucket+inventory
Los Angeles Dodgers,DEFENSE,10+,1,2,1,0.5,1,2,0,0.129818,0.0881404,0.171495,0.171495,0.927361,,,2,0,entitled_team+opportunity_side+inning_bucket+inventory
Los Angeles Dodgers,DEFENSE,4-6,1,28,5,0.178571,5,28,0,0.143243,1.14844,2.86237,0.124451,0.790312,,,28,0,entitled_team+opportunity_side+inning_bucket+inventory
Los Angeles Dodgers,DEFENSE,4-6,2,74,22,0.297297,22,74,0,0.161187,4.12426,7.80358,0.150069,0.921961,,,0,1,entitled_team+opportunity_side+inning_bucket+inventory
Los Angeles Dodgers,DEFENSE,7-9,1,34,7,0.205882,7,34,0,0.161827,1.52509,3.97703,0.147297,0.8908,,,34,0,entitled_team+opportunity_side+inning_bucket+inventory
Los Angeles Dodgers,DEFENSE,7-9,2,46,18,0.391304,18,46,0,0.130728,2.7906,3.22287,0.115102,0.945009,,,0,1,entitled_team+opportunity_side+inning_bucket+inventory
Los Angeles Dodgers,OFFENSE,1-3,1,10,1,0.1,1,10,0,0.106366,0.210946,0.852714,0.094746,0.710853,0.092429,0.92429,10,0,entitled_team+opportunity_side+inning_bucket+inventory
Los Angeles Dodgers,OFFENSE,1-3,2,105,18,0.171429,18,105,0,0.134776,2.84943,11.302,0.129908,0.847903,0.145948,15.3246,0,0,entitled_team+opportunity_side+inning_bucket+inventory
Los Angeles Dodgers,OFFENSE,10+,1,1,1,1,1,1,0,0.138002,0.138002,0,,0.815711,0.14687,0.14687,1,0,entitled_team+opportunity_side+inning_bucket+inventory
Los Angeles Dodgers,OFFENSE,4-6,1,40,4,0.1,4,40,0,0.132054,0.728666,4.55349,0.126486,1.24868,0.145091,5.80362,40,0,entitled_team+opportunity_side+inning_bucket+inventory
Los Angeles Dodgers,OFFENSE,4-6,2,104,22,0.211538,22,104,0,0.150744,5.26703,10.4103,0.126955,0.929614,0.200986,20.9026,0,0,entitled_team+opportunity_side+inning_bucket+inventory
Los Angeles Dodgers,OFFENSE,7-9,1,47,13,0.276596,13,47,0,0.170111,3.10592,4.88929,0.143803,0.966297,0.210936,9.91401,47,0,entitled_team+opportunity_side+inning_bucket+inventory
Los Angeles Dodgers,OFFENSE,7-9,2,66,16,0.242424,16,66,0,0.143574,3.2473,6.22859,0.124572,1.14859,0.2655,17.523,0,1,entitled_team+opportunity_side+inning_bucket+inventory
Miami Marlins,DEFENSE,1-3,1,20,5,0.25,5,20,0,0.146191,0.416598,2.50722,0.167148,1.02311,,,20,2,entitled_team+opportunity_side+inning_bucket+inventory
Miami Marlins,DEFENSE,1-3,2,102,40,0.392157,40,101,1,0.160001,7.10942,9.05069,0.148372,0.924258,,,0,3,entitled_team+opportunity_side+inning_bucket+inventory
Miami Marlins,DEFENSE,10+,1,1,1,1,1,1,0,0.193411,0.193411,0,,0.0380633,,,1,0,entitled_team+opportunity_side+inning_bucket+inventory
Miami Marlins,DEFENSE,10+,2,1,0,0,0,1,0,0.347069,0,0.347069,0.347069,0.321618,,,0,0,entitled_team+opportunity_side+inning_bucket+inventory
Miami Marlins,DEFENSE,4-6,1,26,11,0.423077,11,26,0,0.169988,2.04958,2.37012,0.158008,0.753353,,,26,1,entitled_team+opportunity_side+inning_bucket+inventory
Miami Marlins,DEFENSE,4-6,2,73,34,0.465753,34,73,0,0.132634,4.44893,5.23336,0.134189,0.872532,,,0,2,entitled_team+opportunity_side+inning_bucket+inventory
Miami Marlins,DEFENSE,7-9,1,39,18,0.461538,18,39,0,0.159514,3.17001,3.05105,0.145288,1.05596,,,39,1,entitled_team+opportunity_side+inning_bucket+inventory
Miami Marlins,DEFENSE,7-9,2,37,23,0.621622,23,37,0,0.164596,3.74795,2.3421,0.167293,1.04946,,,0,1,entitled_team+opportunity_side+inning_bucket+inventory
Miami Marlins,OFFENSE,1-3,1,20,3,0.15,3,20,0,0.13823,0.754859,2.00975,0.118221,0.74025,0.105204,2.10408,20,0,entitled_team+opportunity_side+inning_bucket+inventory
Miami Marlins,OFFENSE,1-3,2,103,9,0.0873786,9,103,0,0.159025,3.23649,13.1431,0.13982,1.01837,0.182503,18.7978,0,2,entitled_team+opportunity_side+inning_bucket+inventory
Miami Marlins,OFFENSE,10+,2,3,2,0.666667,2,3,0,0.161864,0.29321,0.192383,0.192383,0.826134,0.29295,0.878849,0,0,entitled_team+opportunity_side+inning_bucket+inventory
Miami Marlins,OFFENSE,4-6,1,48,10,0.208333,10,48,0,0.168988,2.01274,6.09869,0.160492,0.915432,0.174239,8.36349,48,0,entitled_team+opportunity_side+inning_bucket+inventory
Miami Marlins,OFFENSE,4-6,2,115,19,0.165217,19,115,0,0.11953,2.9402,10.8057,0.11256,1.14289,0.222308,25.5655,0,0,entitled_team+opportunity_side+inning_bucket+inventory
Miami Marlins,OFFENSE,7-9,1,58,11,0.189655,11,58,0,0.15936,3.18647,6.05639,0.128859,0.913155,0.219465,12.729,58,0,entitled_team+opportunity_side+inning_bucket+inventory
Miami Marlins,OFFENSE,7-9,2,62,18,0.290323,18,62,0,0.128504,2.90978,5.05745,0.114942,1.06909,0.249811,15.4883,0,0,entitled_team+opportunity_side+inning_bucket+inventory
Milwaukee Brewers,DEFENSE,1-3,1,10,4,0.4,4,10,0,0.18591,0.715249,1.14385,0.190641,1.41466,,,10,0,entitled_team+opportunity_side+inning_bucket+inventory
Milwaukee Brewers,DEFENSE,1-3,2,144,45,0.3125,45,144,0,0.147545,7.75147,13.495,0.136314,0.945774,,,0,1,entitled_team+opportunity_side+inning_bucket+inventory
Milwaukee Brewers,DEFENSE,10+,1,1,0,0,0,1,0,0.229883,0,0.229883,0.229883,0.493768,,,1,0,entitled_team+opportunity_side+inning_bucket+inventory
Milwaukee Brewers,DEFENSE,10+,2,1,0,0,0,1,0,0.138002,0,0.138002,0.138002,0.687962,,,0,0,entitled_team+opportunity_side+inning_bucket+inventory
Milwaukee Brewers,DEFENSE,4-6,1,30,6,0.2,6,30,0,0.139617,1.0912,3.09731,0.129055,0.939149,,,30,1,entitled_team+opportunity_side+inning_bucket+inventory
Milwaukee Brewers,DEFENSE,4-6,2,63,28,0.444444,28,63,0,0.128231,3.9892,4.08935,0.116838,0.890774,,,0,1,entitled_team+opportunity_side+inning_bucket+inventory
Milwaukee Brewers,DEFENSE,7-9,1,52,22,0.423077,22,52,0,0.180548,4.98219,4.4063,0.146877,0.865601,,,52,0,entitled_team+opportunity_side+inning_bucket+inventory
Milwaukee Brewers,DEFENSE,7-9,2,38,19,0.5,19,38,0,0.166542,3.58087,2.74772,0.144617,0.769557,,,0,0,entitled_team+opportunity_side+inning_bucket+inventory
Milwaukee Brewers,OFFENSE,1-3,1,19,1,0.0526316,1,18,1,0.128249,0.210946,2.09754,0.123385,0.791705,0.124943,2.37392,19,1,entitled_team+opportunity_side+inning_bucket+inventory
Milwaukee Brewers,OFFENSE,1-3,2,122,14,0.114754,14,122,0,0.141286,2.8994,14.3375,0.132755,0.9181,0.157319,19.1929,0,0,entitled_team+opportunity_side+inning_bucket+inventory
Milwaukee Brewers,OFFENSE,10+,1,7,0,0,0,7,0,0.230681,0,1.61476,0.230681,0.846905,0.342518,2.39762,7,1,entitled_team+opportunity_side+inning_bucket+inventory
Milwaukee Brewers,OFFENSE,4-6,1,59,5,0.0847458,5,59,0,0.159448,1.19349,8.21392,0.15211,0.960475,0.174219,10.2789,59,1,entitled_team+opportunity_side+inning_bucket+inventory
Milwaukee Brewers,OFFENSE,4-6,2,92,8,0.0869565,8,92,0,0.151266,1.95966,11.9568,0.142343,0.917349,0.188583,17.3496,0,0,entitled_team+opportunity_side+inning_bucket+inventory
Milwaukee Brewers,OFFENSE,7-9,1,60,12,0.2,12,60,0,0.135982,1.97057,6.18836,0.128924,1.04788,0.231234,13.874,60,1,entitled_team+opportunity_side+inning_bucket+inventory
Milwaukee Brewers,OFFENSE,7-9,2,60,9,0.15,9,60,0,0.119046,1.40033,5.74246,0.112597,1.0901,0.243632,14.6179,0,0,entitled_team+opportunity_side+inning_bucket+inventory
Minnesota Twins,DEFENSE,1-3,1,22,5,0.227273,5,22,0,0.13739,0.742538,2.28004,0.13412,1.14914,,,22,0,entitled_team+opportunity_side+inning_bucket+inventory
Minnesota Twins,DEFENSE,1-3,2,130,49,0.376923,49,129,1,0.154514,9.86923,10.0631,0.125788,0.960776,,,0,4,entitled_team+opportunity_side+inning_bucket+inventory
Minnesota Twins,DEFENSE,10+,1,2,1,0.5,1,2,0,0.159897,0.104616,0.215177,0.215177,0.258874,,,2,0,entitled_team+opportunity_side+inning_bucket+inventory
Minnesota Twins,DEFENSE,10+,2,1,1,1,1,1,0,0.423032,0.423032,0,,0.903328,,,0,0,entitled_team+opportunity_side+inning_bucket+inventory
Minnesota Twins,DEFENSE,4-6,1,39,18,0.461538,18,38,1,0.253367,4.21955,5.40839,0.27042,0.888383,,,39,2,entitled_team+opportunity_side+inning_bucket+inventory
Minnesota Twins,DEFENSE,4-6,2,62,25,0.403226,25,62,0,0.162203,4.89941,5.15717,0.139383,0.838796,,,0,1,entitled_team+opportunity_side+inning_bucket+inventory
Minnesota Twins,DEFENSE,7-9,1,46,21,0.456522,21,46,0,0.20888,5.03674,4.57174,0.18287,0.822251,,,46,0,entitled_team+opportunity_side+inning_bucket+inventory
Minnesota Twins,DEFENSE,7-9,2,28,16,0.571429,16,28,0,0.152422,2.92844,1.33938,0.111615,0.770841,,,0,0,entitled_team+opportunity_side+inning_bucket+inventory
Minnesota Twins,OFFENSE,1-3,1,10,2,0.2,2,10,0,0.0739149,0.131942,0.607207,0.0759008,0.979981,0.0750602,0.750602,10,0,entitled_team+opportunity_side+inning_bucket+inventory
Minnesota Twins,OFFENSE,1-3,2,97,25,0.257732,25,97,0,0.129511,4.53273,8.02987,0.111526,1.08309,0.169131,16.4057,0,0,entitled_team+opportunity_side+inning_bucket+inventory
Minnesota Twins,OFFENSE,10+,1,3,1,0.333333,1,3,0,0.237646,0.513566,0.199373,0.0996864,0.943494,0.268193,0.80458,3,0,entitled_team+opportunity_side+inning_bucket+inventory
Minnesota Twins,OFFENSE,10+,2,1,0,0,0,1,0,0.202019,0,0.202019,0.202019,0.423804,0.47267,0.47267,0,0,entitled_team+opportunity_side+inning_bucket+inventory
Minnesota Twins,OFFENSE,4-6,1,36,10,0.277778,10,36,0,0.126273,1.5624,2.98341,0.114747,1.0002,0.155968,5.61484,36,0,entitled_team+opportunity_side+inning_bucket+inventory
Minnesota Twins,OFFENSE,4-6,2,80,17,0.2125,17,80,0,0.139084,3.69059,7.43617,0.118034,1.09685,0.210757,16.8605,0,0,entitled_team+opportunity_side+inning_bucket+inventory
Minnesota Twins,OFFENSE,7-9,1,59,19,0.322034,19,58,1,0.142951,4.22658,4.06455,0.101614,1.03774,0.220387,13.0028,59,1,entitled_team+opportunity_side+inning_bucket+inventory
Minnesota Twins,OFFENSE,7-9,2,37,9,0.243243,9,37,0,0.150842,1.32187,4.25927,0.152117,0.956093,0.285293,10.5559,0,0,entitled_team+opportunity_side+inning_bucket+inventory
New York Mets,DEFENSE,1-3,1,15,3,0.2,3,15,0,0.177059,0.423495,2.23239,0.186032,1.02347,,,15,0,entitled_team+opportunity_side+inning_bucket+inventory
New York Mets,DEFENSE,1-3,2,108,27,0.25,27,107,1,0.144232,5.6225,9.81035,0.121115,1.06728,,,0,3,entitled_team+opportunity_side+inning_bucket+inventory
New York Mets,DEFENSE,10+,1,5,2,0.4,2,5,0,0.176729,0.537366,0.346276,0.115425,0.450147,,,5,0,entitled_team+opportunity_side+inning_bucket+inventory
New York Mets,DEFENSE,4-6,1,40,12,0.3,12,40,0,0.245754,3.06126,6.76889,0.241746,0.751392,,,40,1,entitled_team+opportunity_side+inning_bucket+inventory
New York Mets,DEFENSE,4-6,2,60,20,0.333333,20,59,1,0.173589,3.75205,6.48971,0.166403,0.947744,,,0,2,entitled_team+opportunity_side+inning_bucket+inventory
New York Mets,DEFENSE,7-9,1,37,11,0.297297,11,37,0,0.145764,2.07957,3.31371,0.12745,0.813294,,,37,0,entitled_team+opportunity_side+inning_bucket+inventory
New York Mets,DEFENSE,7-9,2,29,15,0.517241,15,29,0,0.132295,2.24708,1.58948,0.113534,0.936193,,,0,0,entitled_team+opportunity_side+inning_bucket+inventory
New York Mets,OFFENSE,1-3,1,21,6,0.285714,6,21,0,0.170711,0.775205,2.80972,0.187314,1.19966,0.140017,2.94035,21,0,entitled_team+opportunity_side+inning_bucket+inventory
New York Mets,OFFENSE,1-3,2,122,25,0.204918,25,122,0,0.141772,4.96836,12.3279,0.127091,0.990427,0.164558,20.0761,0,3,entitled_team+opportunity_side+inning_bucket+inventory
New York Mets,OFFENSE,10+,1,6,3,0.5,3,6,0,0.254125,0.999568,0.525185,0.175062,1.02423,0.306598,1.83959,6,1,entitled_team+opportunity_side+inning_bucket+inventory
New York Mets,OFFENSE,10+,2,2,1,0.5,1,2,0,0.192383,0.192383,0.192383,0.192383,0.630892,0.143998,0.287997,0,0,entitled_team+opportunity_side+inning_bucket+inventory
New York Mets,OFFENSE,4-6,1,33,6,0.181818,6,33,0,0.13509,0.808454,3.64953,0.135168,0.952484,0.156826,5.17526,33,0,entitled_team+opportunity_side+inning_bucket+inventory
New York Mets,OFFENSE,4-6,2,80,14,0.175,14,80,0,0.134298,2.16677,8.5771,0.129956,1.10647,0.215456,17.2365,0,1,entitled_team+opportunity_side+inning_bucket+inventory
New York Mets,OFFENSE,7-9,1,55,19,0.345455,19,55,0,0.13487,3.68041,3.73745,0.103818,1.06354,0.199492,10.972,55,0,entitled_team+opportunity_side+inning_bucket+inventory
New York Mets,OFFENSE,7-9,2,44,14,0.318182,14,44,0,0.136472,2.19202,3.81276,0.127092,0.942171,0.273321,12.0261,0,1,entitled_team+opportunity_side+inning_bucket+inventory
New York Yankees,DEFENSE,1-3,1,17,5,0.294118,5,17,0,0.121376,0.882769,1.18062,0.0983853,0.815055,,,17,0,entitled_team+opportunity_side+inning_bucket+inventory
New York Yankees,DEFENSE,1-3,2,95,29,0.305263,29,94,1,0.138629,4.764,8.26715,0.127187,0.869075,,,0,3,entitled_team+opportunity_side+inning_bucket+inventory
New York Yankees,DEFENSE,10+,1,6,3,0.5,3,6,0,0.155522,0.56246,0.370671,0.123557,1.24427,,,6,0,entitled_team+opportunity_side+inning_bucket+inventory
New York Yankees,DEFENSE,4-6,1,32,10,0.3125,10,32,0,0.180817,2.39572,3.39043,0.15411,1.08423,,,32,1,entitled_team+opportunity_side+inning_bucket+inventory
New York Yankees,DEFENSE,4-6,2,60,31,0.516667,31,60,0,0.175374,7.18296,3.33945,0.115154,1.09135,,,0,0,entitled_team+opportunity_side+inning_bucket+inventory
New York Yankees,DEFENSE,7-9,1,34,8,0.235294,8,34,0,0.124918,1.33953,2.90767,0.111834,0.696892,,,34,1,entitled_team+opportunity_side+inning_bucket+inventory
New York Yankees,DEFENSE,7-9,2,30,21,0.7,21,30,0,0.125945,2.48264,1.29571,0.143968,0.966421,,,0,1,entitled_team+opportunity_side+inning_bucket+inventory
New York Yankees,OFFENSE,1-3,1,20,6,0.3,6,20,0,0.15866,0.965894,2.2073,0.157665,0.948317,0.126097,2.52193,20,0,entitled_team+opportunity_side+inning_bucket+inventory
New York Yankees,OFFENSE,1-3,2,96,23,0.239583,23,96,0,0.138483,4.23114,9.06324,0.124154,1.06942,0.18191,17.4633,0,1,entitled_team+opportunity_side+inning_bucket+inventory
New York Yankees,OFFENSE,10+,1,5,1,0.2,1,5,0,0.249711,0.600506,0.648047,0.162012,1.24376,0.251348,1.25674,5,0,entitled_team+opportunity_side+inning_bucket+inventory
New York Yankees,OFFENSE,4-6,1,32,7,0.21875,7,32,0,0.128769,0.760485,3.36012,0.134405,0.829659,0.177377,5.67606,32,0,entitled_team+opportunity_side+inning_bucket+inventory
New York Yankees,OFFENSE,4-6,2,80,29,0.3625,29,80,0,0.152891,5.49356,6.73774,0.132113,0.862089,0.221227,17.6981,0,1,entitled_team+opportunity_side+inning_bucket+inventory
New York Yankees,OFFENSE,7-9,1,56,15,0.267857,15,56,0,0.146235,2.8238,5.36539,0.130863,1.02653,0.228525,12.7974,56,0,entitled_team+opportunity_side+inning_bucket+inventory
New York Yankees,OFFENSE,7-9,2,37,10,0.27027,10,37,0,0.170468,1.43189,4.87541,0.180571,1.16101,0.268171,9.92234,0,0,entitled_team+opportunity_side+inning_bucket+inventory
Philadelphia Phillies,DEFENSE,1-3,1,14,3,0.214286,3,14,0,0.158494,0.418776,1.80014,0.163649,1.60454,,,14,1,entitled_team+opportunity_side+inning_bucket+inventory
Philadelphia Phillies,DEFENSE,1-3,2,103,32,0.31068,32,103,0,0.183351,7.21767,11.6675,0.164331,0.91363,,,0,0,entitled_team+opportunity_side+inning_bucket+inventory
Philadelphia Phillies,DEFENSE,10+,1,9,5,0.555556,5,9,0,0.235248,1.1543,0.962928,0.240732,0.854098,,,9,0,entitled_team+opportunity_side+inning_bucket+inventory
Philadelphia Phillies,DEFENSE,10+,2,1,0,0,0,1,0,0.0510117,0,0.0510117,0.0510117,1.98812,,,0,0,entitled_team+opportunity_side+inning_bucket+inventory
Philadelphia Phillies,DEFENSE,4-6,1,24,5,0.208333,5,24,0,0.135027,1.01203,2.22862,0.117296,0.566165,,,24,0,entitled_team+opportunity_side+inning_bucket+inventory
Philadelphia Phillies,DEFENSE,4-6,2,69,18,0.26087,18,69,0,0.156324,3.19516,7.5912,0.148847,1.02986,,,0,1,entitled_team+opportunity_side+inning_bucket+inventory
Philadelphia Phillies,DEFENSE,7-9,1,51,10,0.196078,10,51,0,0.146264,2.09213,5.36731,0.13091,0.846064,,,51,2,entitled_team+opportunity_side+inning_bucket+inventory
Philadelphia Phillies,DEFENSE,7-9,2,42,14,0.333333,14,42,0,0.1448,2.40944,3.67216,0.131149,0.860265,,,0,0,entitled_team+opportunity_side+inning_bucket+inventory
Philadelphia Phillies,OFFENSE,1-3,1,15,3,0.2,3,15,0,0.125711,0.507057,1.3786,0.114884,0.680488,0.103209,1.54814,15,0,entitled_team+opportunity_side+inning_bucket+inventory
Philadelphia Phillies,OFFENSE,1-3,2,111,30,0.27027,29,111,0,0.135729,3.78348,11.0191,0.136038,0.850408,0.147718,16.3967,0,1,entitled_team+opportunity_side+inning_bucket+inventory
Philadelphia Phillies,OFFENSE,10+,2,1,0,0,0,1,0,0.0405339,0,0.0405339,0.0405339,1.41005,0.271067,0.271067,0,1,entitled_team+opportunity_side+inning_bucket+inventory
Philadelphia Phillies,OFFENSE,4-6,1,34,7,0.205882,7,34,0,0.159477,1.35879,4.06343,0.150497,1.04634,0.216678,7.36706,34,0,entitled_team+opportunity_side+inning_bucket+inventory
Philadelphia Phillies,OFFENSE,4-6,2,85,17,0.2,17,85,0,0.125277,2.35018,8.29833,0.122034,1.10292,0.21695,18.4407,0,0,entitled_team+opportunity_side+inning_bucket+inventory
Philadelphia Phillies,OFFENSE,7-9,1,55,15,0.272727,15,55,0,0.163783,3.83318,5.17491,0.129373,0.877927,0.194061,10.6734,55,0,entitled_team+opportunity_side+inning_bucket+inventory
Philadelphia Phillies,OFFENSE,7-9,2,45,9,0.2,9,45,0,0.129488,2.06269,3.76425,0.104562,0.999261,0.232505,10.4627,0,0,entitled_team+opportunity_side+inning_bucket+inventory
Pittsburgh Pirates,DEFENSE,1-3,1,25,1,0.04,1,25,0,0.220215,0.0644069,5.44098,0.226707,0.584166,,,25,0,entitled_team+opportunity_side+inning_bucket+inventory
Pittsburgh Pirates,DEFENSE,1-3,2,116,25,0.215517,25,116,0,0.122968,3.62163,10.6426,0.116952,0.946951,,,0,2,entitled_team+opportunity_side+inning_bucket+inventory
Pittsburgh Pirates,DEFENSE,10+,1,6,2,0.333333,2,6,0,0.263456,0.738508,0.84223,0.210558,0.778331,,,6,0,entitled_team+opportunity_side+inning_bucket+inventory
Pittsburgh Pirates,DEFENSE,4-6,1,37,7,0.189189,7,36,1,0.159282,0.797212,4.93695,0.17024,0.80903,,,37,2,entitled_team+opportunity_side+inning_bucket+inventory
Pittsburgh Pirates,DEFENSE,4-6,2,70,26,0.371429,26,69,1,0.161742,5.10394,6.05625,0.140843,0.977678,,,0,3,entitled_team+opportunity_side+inning_bucket+inventory
Pittsburgh Pirates,DEFENSE,7-9,1,35,7,0.2,7,35,0,0.211121,1.78055,5.60867,0.20031,0.696739,,,35,1,entitled_team+opportunity_side+inning_bucket+inventory
Pittsburgh Pirates,DEFENSE,7-9,2,30,14,0.466667,14,30,0,0.155766,2.66128,2.01169,0.125731,1.21942,,,0,0,entitled_team+opportunity_side+inning_bucket+inventory
Pittsburgh Pirates,OFFENSE,1-3,1,12,0,0,0,12,0,0.108476,0,1.30172,0.108476,1.09783,0.113088,1.35706,12,0,entitled_team+opportunity_side+inning_bucket+inventory
Pittsburgh Pirates,OFFENSE,1-3,2,110,16,0.145455,16,110,0,0.140906,2.76894,12.7307,0.135433,1.03694,0.147333,16.2067,0,0,entitled_team+opportunity_side+inning_bucket+inventory
Pittsburgh Pirates,OFFENSE,10+,1,3,0,0,0,3,0,0.174591,0,0.523773,0.174591,0.39598,0.196582,0.589745,3,0,entitled_team+opportunity_side+inning_bucket+inventory
Pittsburgh Pirates,OFFENSE,4-6,1,52,3,0.0576923,3,52,0,0.151015,0.853784,6.99897,0.142836,1.08504,0.193736,10.0743,52,0,entitled_team+opportunity_side+inning_bucket+inventory
Pittsburgh Pirates,OFFENSE,4-6,2,69,17,0.246377,17,69,0,0.145642,3.84565,6.20365,0.119301,1.06447,0.213882,14.7578,0,0,entitled_team+opportunity_side+inning_bucket+inventory
Pittsburgh Pirates,OFFENSE,7-9,1,58,15,0.258621,15,58,0,0.149922,2.28529,6.4102,0.149074,1.36105,0.259459,15.0486,58,0,entitled_team+opportunity_side+inning_bucket+inventory
Pittsburgh Pirates,OFFENSE,7-9,2,55,15,0.272727,15,55,0,0.138619,2.39132,5.23271,0.130818,0.976844,0.279394,15.3667,0,0,entitled_team+opportunity_side+inning_bucket+inventory
San Diego Padres,DEFENSE,1-3,1,12,2,0.166667,2,12,0,0.188363,0.276819,1.98353,0.198353,0.938276,,,12,0,entitled_team+opportunity_side+inning_bucket+inventory
San Diego Padres,DEFENSE,1-3,2,121,37,0.305785,37,121,0,0.168729,6.83886,13.5774,0.161635,1.01499,,,0,4,entitled_team+opportunity_side+inning_bucket+inventory
San Diego Padres,DEFENSE,10+,1,1,0,0,0,1,0,0.229883,0,0.229883,0.229883,0.795575,,,1,0,entitled_team+opportunity_side+inning_bucket+inventory
San Diego Padres,DEFENSE,10+,2,1,1,1,1,1,0,0.189589,0.189589,0,,0.880685,,,0,0,entitled_team+opportunity_side+inning_bucket+inventory
San Diego Padres,DEFENSE,4-6,1,40,10,0.25,10,39,1,0.172998,2.29696,4.44998,0.153448,1.1134,,,40,4,entitled_team+opportunity_side+inning_bucket+inventory
San Diego Padres,DEFENSE,4-6,2,65,23,0.353846,23,65,0,0.192108,4.85201,7.63504,0.181787,0.918332,,,0,2,entitled_team+opportunity_side+inning_bucket+inventory
San Diego Padres,DEFENSE,7-9,1,37,10,0.27027,10,37,0,0.151061,1.49749,4.09175,0.151546,0.925595,,,37,3,entitled_team+opportunity_side+inning_bucket+inventory
San Diego Padres,DEFENSE,7-9,2,38,15,0.394737,15,38,0,0.151246,2.36483,3.38252,0.147066,0.914125,,,0,1,entitled_team+opportunity_side+inning_bucket+inventory
San Diego Padres,OFFENSE,1-3,1,11,2,0.181818,2,11,0,0.1826,0.309693,1.69891,0.188768,0.839373,0.133318,1.4665,11,0,entitled_team+opportunity_side+inning_bucket+inventory
San Diego Padres,OFFENSE,1-3,2,91,11,0.120879,11,91,0,0.149667,2.20804,11.4117,0.142646,0.940639,0.143985,13.1027,0,0,entitled_team+opportunity_side+inning_bucket+inventory
San Diego Padres,OFFENSE,10+,1,6,1,0.166667,1,6,0,0.186527,0.286024,0.83314,0.166628,1.24858,0.354609,2.12766,6,0,entitled_team+opportunity_side+inning_bucket+inventory
San Diego Padres,OFFENSE,4-6,1,28,5,0.178571,5,28,0,0.139414,0.79642,3.10717,0.135095,1.12236,0.153391,4.29495,28,0,entitled_team+opportunity_side+inning_bucket+inventory
San Diego Padres,OFFENSE,4-6,2,91,17,0.186813,17,91,0,0.127134,2.88612,8.68309,0.117339,0.951356,0.211129,19.2128,0,1,entitled_team+opportunity_side+inning_bucket+inventory
San Diego Padres,OFFENSE,7-9,1,41,7,0.170732,7,41,0,0.156988,1.35249,5.08402,0.14953,1.06736,0.227819,9.34057,41,0,entitled_team+opportunity_side+inning_bucket+inventory
San Diego Padres,OFFENSE,7-9,2,50,12,0.24,12,50,0,0.141229,2.37102,4.69044,0.123433,0.961933,0.224401,11.2201,0,0,entitled_team+opportunity_side+inning_bucket+inventory
San Francisco Giants,DEFENSE,1-3,1,13,3,0.230769,3,13,0,0.164606,0.71268,1.4272,0.14272,0.916043,,,13,0,entitled_team+opportunity_side+inning_bucket+inventory
San Francisco Giants,DEFENSE,1-3,2,115,30,0.26087,30,115,0,0.126169,5.16629,9.34313,0.109919,0.865962,,,0,1,entitled_team+opportunity_side+inning_bucket+inventory
San Francisco Giants,DEFENSE,10+,1,7,2,0.285714,2,7,0,0.173923,0.503293,0.714169,0.142834,1.27516,,,7,1,entitled_team+opportunity_side+inning_bucket+inventory
San Francisco Giants,DEFENSE,4-6,1,33,9,0.272727,9,33,0,0.142255,1.50143,3.19297,0.13304,0.98468,,,33,0,entitled_team+opportunity_side+inning_bucket+inventory
San Francisco Giants,DEFENSE,4-6,2,51,18,0.352941,18,51,0,0.126359,2.07199,4.3723,0.132494,0.970503,,,0,3,entitled_team+opportunity_side+inning_bucket+inventory
San Francisco Giants,DEFENSE,7-9,1,40,12,0.3,12,40,0,0.137619,1.81855,3.68621,0.13165,1.18624,,,40,1,entitled_team+opportunity_side+inning_bucket+inventory
San Francisco Giants,DEFENSE,7-9,2,37,14,0.378378,14,37,0,0.177492,2.79311,3.7741,0.164091,0.791757,,,0,1,entitled_team+opportunity_side+inning_bucket+inventory
San Francisco Giants,OFFENSE,1-3,1,9,1,0.111111,1,9,0,0.159378,0.221662,1.21274,0.151592,0.954311,0.166164,1.49548,9,0,entitled_team+opportunity_side+inning_bucket+inventory
San Francisco Giants,OFFENSE,1-3,2,133,24,0.180451,24,133,0,0.146212,4.44734,14.9989,0.137605,0.965184,0.161587,21.4911,0,1,entitled_team+opportunity_side+inning_bucket+inventory
San Francisco Giants,OFFENSE,10+,1,5,0,0,0,5,0,0.157764,0,0.788821,0.157764,1.65564,0.324933,1.62466,5,0,entitled_team+opportunity_side+inning_bucket+inventory
San Francisco Giants,OFFENSE,4-6,1,34,5,0.147059,5,34,0,0.176928,1.11319,4.90237,0.169047,0.824873,0.198065,6.73421,34,0,entitled_team+opportunity_side+inning_bucket+inventory
San Francisco Giants,OFFENSE,4-6,2,69,12,0.173913,12,69,0,0.138998,2.20377,7.3871,0.129598,0.852994,0.19074,13.161,0,0,entitled_team+opportunity_side+inning_bucket+inventory
San Francisco Giants,OFFENSE,7-9,1,38,8,0.210526,8,38,0,0.108603,1.28187,2.84504,0.0948347,0.881921,0.168509,6.40334,38,0,entitled_team+opportunity_side+inning_bucket+inventory
San Francisco Giants,OFFENSE,7-9,2,56,14,0.25,14,56,0,0.142239,3.23073,4.73467,0.11273,1.07432,0.272835,15.2788,0,0,entitled_team+opportunity_side+inning_bucket+inventory
Seattle Mariners,DEFENSE,1-3,1,17,5,0.294118,5,17,0,0.115308,0.817308,1.14292,0.0952437,0.657574,,,17,0,entitled_team+opportunity_side+inning_bucket+inventory
Seattle Mariners,DEFENSE,1-3,2,115,27,0.234783,27,115,0,0.15532,6.32678,11.535,0.13108,0.772625,,,0,0,entitled_team+opportunity_side+inning_bucket+inventory
Seattle Mariners,DEFENSE,10+,1,4,1,0.25,1,4,0,0.212848,0.0861867,0.765205,0.255068,1.52899,,,4,0,entitled_team+opportunity_side+inning_bucket+inventory
Seattle Mariners,DEFENSE,4-6,1,27,7,0.259259,7,27,0,0.183157,1.42992,3.51531,0.175766,0.953897,,,27,1,entitled_team+opportunity_side+inning_bucket+inventory
Seattle Mariners,DEFENSE,4-6,2,62,19,0.306452,19,62,0,0.143767,3.65666,5.25691,0.122254,0.789304,,,0,1,entitled_team+opportunity_side+inning_bucket+inventory
Seattle Mariners,DEFENSE,7-9,1,45,18,0.4,18,45,0,0.187056,4.96206,3.45548,0.127981,0.857038,,,45,1,entitled_team+opportunity_side+inning_bucket+inventory
Seattle Mariners,DEFENSE,7-9,2,32,10,0.3125,10,32,0,0.200509,1.5293,4.88698,0.222135,0.895346,,,0,0,entitled_team+opportunity_side+inning_bucket+inventory
Seattle Mariners,OFFENSE,1-3,1,7,3,0.428571,3,7,0,0.151505,0.444135,0.616398,0.154099,0.986729,0.122375,0.856624,7,0,entitled_team+opportunity_side+inning_bucket+inventory
Seattle Mariners,OFFENSE,1-3,2,112,18,0.160714,18,112,0,0.166501,4.35842,14.2897,0.152018,0.953162,0.185756,20.8046,0,0,entitled_team+opportunity_side+inning_bucket+inventory
Seattle Mariners,OFFENSE,10+,1,1,0,0,0,1,0,0.0814677,0,0.0814677,0.0814677,0.0260056,0.110819,0.110819,1,0,entitled_team+opportunity_side+inning_bucket+inventory
Seattle Mariners,OFFENSE,4-6,1,39,5,0.128205,5,39,0,0.216374,1.90959,6.52898,0.192029,0.767013,0.163525,6.37746,39,0,entitled_team+opportunity_side+inning_bucket+inventory
Seattle Mariners,OFFENSE,4-6,2,88,14,0.159091,14,88,0,0.134504,2.5896,9.24673,0.124956,0.919459,0.185589,16.3319,0,0,entitled_team+opportunity_side+inning_bucket+inventory
Seattle Mariners,OFFENSE,7-9,1,56,10,0.178571,10,56,0,0.110214,1.32995,4.84206,0.105262,0.981709,0.193116,10.8145,56,0,entitled_team+opportunity_side+inning_bucket+inventory
Seattle Mariners,OFFENSE,7-9,2,50,11,0.22,11,50,0,0.153845,2.5167,5.17554,0.132706,1.18041,0.293523,14.6761,0,1,entitled_team+opportunity_side+inning_bucket+inventory
St. Louis Cardinals,DEFENSE,1-3,1,8,1,0.125,1,8,0,0.136636,0.192383,0.900707,0.128672,0.580504,,,8,0,entitled_team+opportunity_side+inning_bucket+inventory
St. Louis Cardinals,DEFENSE,1-3,2,109,17,0.155963,17,109,0,0.151527,4.28644,12.23,0.132935,0.99554,,,0,2,entitled_team+opportunity_side+inning_bucket+inventory
St. Louis Cardinals,DEFENSE,10+,1,2,0,0,0,2,0,0.202655,0,0.40531,0.202655,1.93827,,,2,0,entitled_team+opportunity_side+inning_bucket+inventory
St. Louis Cardinals,DEFENSE,4-6,1,17,5,0.294118,5,17,0,0.118107,0.850317,1.15749,0.0964578,1.08504,,,17,0,entitled_team+opportunity_side+inning_bucket+inventory
St. Louis Cardinals,DEFENSE,4-6,2,95,21,0.221053,21,95,0,0.198856,5.87687,13.0145,0.175871,0.794414,,,0,3,entitled_team+opportunity_side+inning_bucket+inventory
St. Louis Cardinals,DEFENSE,7-9,1,32,10,0.3125,10,32,0,0.181824,2.29836,3.52001,0.160001,1.04746,,,32,1,entitled_team+opportunity_side+inning_bucket+inventory
St. Louis Cardinals,DEFENSE,7-9,2,41,17,0.414634,17,41,0,0.203838,4.47406,3.8833,0.161804,0.981751,,,0,0,entitled_team+opportunity_side+inning_bucket+inventory
St. Louis Cardinals,OFFENSE,1-3,1,5,0,0,0,5,0,0.0778907,0,0.389453,0.0778907,0.775867,0.0573614,0.286807,5,0,entitled_team+opportunity_side+inning_bucket+inventory
St. Louis Cardinals,OFFENSE,1-3,2,109,10,0.0917431,10,108,1,0.139195,1.89192,13.1412,0.132739,0.945265,0.147537,16.0815,0,1,entitled_team+opportunity_side+inning_bucket+inventory
St. Louis Cardinals,OFFENSE,10+,1,4,1,0.25,1,4,0,0.102017,0.154711,0.253359,0.0844529,1.0416,0.146378,0.585512,4,0,entitled_team+opportunity_side+inning_bucket+inventory
St. Louis Cardinals,OFFENSE,10+,2,1,1,1,1,1,0,0.0937943,0.0937943,0,,1.05206,0.356376,0.356376,0,0,entitled_team+opportunity_side+inning_bucket+inventory
St. Louis Cardinals,OFFENSE,4-6,1,26,2,0.0769231,2,26,0,0.128608,0.2996,3.0442,0.126842,0.990971,0.174994,4.54983,26,0,entitled_team+opportunity_side+inning_bucket+inventory
St. Louis Cardinals,OFFENSE,4-6,2,106,20,0.188679,20,106,0,0.132714,3.40576,10.662,0.123976,0.993874,0.180841,19.1691,0,1,entitled_team+opportunity_side+inning_bucket+inventory
St. Louis Cardinals,OFFENSE,7-9,1,35,7,0.2,7,35,0,0.107268,0.825661,2.92873,0.104597,0.998524,0.188546,6.59912,35,0,entitled_team+opportunity_side+inning_bucket+inventory
St. Louis Cardinals,OFFENSE,7-9,2,64,15,0.234375,15,64,0,0.157113,2.57085,7.48439,0.152743,1.16863,0.262323,16.7887,0,0,entitled_team+opportunity_side+inning_bucket+inventory
Tampa Bay Rays,DEFENSE,1-3,1,9,3,0.333333,3,9,0,0.21169,0.974254,0.930953,0.155159,1.15291,,,9,0,entitled_team+opportunity_side+inning_bucket+inventory
Tampa Bay Rays,DEFENSE,1-3,2,105,31,0.295238,31,105,0,0.159325,4.60582,12.1233,0.163828,0.964337,,,0,4,entitled_team+opportunity_side+inning_bucket+inventory
Tampa Bay Rays,DEFENSE,10+,1,2,0,0,0,2,0,0.0848134,0,0.169627,0.0848134,0.135146,,,2,0,entitled_team+opportunity_side+inning_bucket+inventory
Tampa Bay Rays,DEFENSE,4-6,1,29,9,0.310345,9,29,0,0.137944,2.10133,1.89906,0.0949529,0.902976,,,29,0,entitled_team+opportunity_side+inning_bucket+inventory
Tampa Bay Rays,DEFENSE,4-6,2,61,28,0.459016,28,60,1,0.104953,3.44629,2.85086,0.0890895,0.98636,,,0,2,entitled_team+opportunity_side+inning_bucket+inventory
Tampa Bay Rays,DEFENSE,7-9,1,39,17,0.435897,17,39,0,0.17405,4.41724,2.37073,0.10776,1.11007,,,39,1,entitled_team+opportunity_side+inning_bucket+inventory
Tampa Bay Rays,DEFENSE,7-9,2,29,12,0.413793,12,29,0,0.113732,1.28237,2.01585,0.118579,1.22386,,,0,1,entitled_team+opportunity_side+inning_bucket+inventory
Tampa Bay Rays,OFFENSE,1-3,1,11,0,0,0,11,0,0.136896,0,1.50586,0.136896,0.878521,0.168465,1.85312,11,0,entitled_team+opportunity_side+inning_bucket+inventory
Tampa Bay Rays,OFFENSE,1-3,2,106,12,0.113208,12,106,0,0.166407,2.17857,15.4606,0.164474,1.06569,0.162877,17.2649,0,1,entitled_team+opportunity_side+inning_bucket+inventory
Tampa Bay Rays,OFFENSE,10+,1,8,3,0.375,3,8,0,0.162792,0.526848,0.775486,0.155097,1.89265,0.37138,2.97104,8,1,entitled_team+opportunity_side+inning_bucket+inventory
Tampa Bay Rays,OFFENSE,4-6,1,47,11,0.234043,11,47,0,0.153724,1.71447,5.51055,0.153071,1.1634,0.183382,8.61894,47,2,entitled_team+opportunity_side+inning_bucket+inventory
Tampa Bay Rays,OFFENSE,4-6,2,107,22,0.205607,22,107,0,0.143151,3.78436,11.5328,0.135681,0.978316,0.208522,22.3118,0,0,entitled_team+opportunity_side+inning_bucket+inventory
Tampa Bay Rays,OFFENSE,7-9,1,41,2,0.0487805,2,41,0,0.145508,0.264842,5.70097,0.146179,0.86355,0.167448,6.86536,41,0,entitled_team+opportunity_side+inning_bucket+inventory
Tampa Bay Rays,OFFENSE,7-9,2,56,14,0.25,14,56,0,0.136146,1.59295,6.03125,0.143601,0.971915,0.244922,13.7156,0,1,entitled_team+opportunity_side+inning_bucket+inventory
Texas Rangers,DEFENSE,1-3,1,15,2,0.133333,2,15,0,0.0866287,0.262688,1.03674,0.0797494,0.786635,,,15,0,entitled_team+opportunity_side+inning_bucket+inventory
Texas Rangers,DEFENSE,1-3,2,122,31,0.254098,31,122,0,0.157169,7.13554,12.0391,0.132298,0.867534,,,0,2,entitled_team+opportunity_side+inning_bucket+inventory
Texas Rangers,DEFENSE,10+,1,1,0,0,0,1,0,0.192383,0,0.192383,0.192383,2.69361,,,1,0,entitled_team+opportunity_side+inning_bucket+inventory
Texas Rangers,DEFENSE,10+,2,1,0,0,0,1,0,0.192383,0,0.192383,0.192383,0.68185,,,0,0,entitled_team+opportunity_side+inning_bucket+inventory
Texas Rangers,DEFENSE,4-6,1,22,6,0.272727,6,22,0,0.135245,0.983893,1.99149,0.124468,0.921265,,,22,0,entitled_team+opportunity_side+inning_bucket+inventory
Texas Rangers,DEFENSE,4-6,2,82,26,0.317073,26,82,0,0.148011,4.63864,7.49823,0.133897,0.95987,,,0,0,entitled_team+opportunity_side+inning_bucket+inventory
Texas Rangers,DEFENSE,7-9,1,42,13,0.309524,13,42,0,0.160553,2.4015,4.34172,0.149714,0.98042,,,42,1,entitled_team+opportunity_side+inning_bucket+inventory
Texas Rangers,DEFENSE,7-9,2,40,12,0.3,12,38,2,0.123726,1.96279,2.73881,0.105339,1.1337,,,0,3,entitled_team+opportunity_side+inning_bucket+inventory
Texas Rangers,OFFENSE,1-3,1,11,1,0.0909091,1,11,0,0.189876,0.346622,1.74201,0.174201,0.87433,0.134157,1.47573,11,0,entitled_team+opportunity_side+inning_bucket+inventory
Texas Rangers,OFFENSE,1-3,2,123,15,0.121951,15,123,0,0.152608,4.56532,14.2055,0.131532,0.84338,0.153327,18.8593,0,1,entitled_team+opportunity_side+inning_bucket+inventory
Texas Rangers,OFFENSE,10+,2,2,0,0,0,2,0,0.163795,0,0.327591,0.163795,1.06132,0.234929,0.469858,0,0,entitled_team+opportunity_side+inning_bucket+inventory
Texas Rangers,OFFENSE,4-6,1,23,5,0.217391,5,23,0,0.146037,1.149,2.20985,0.12277,1.17818,0.227686,5.23678,23,0,entitled_team+opportunity_side+inning_bucket+inventory
Texas Rangers,OFFENSE,4-6,2,94,23,0.244681,23,94,0,0.13831,4.3723,8.62885,0.121533,1.0156,0.216836,20.3826,0,0,entitled_team+opportunity_side+inning_bucket+inventory
Texas Rangers,OFFENSE,7-9,1,48,8,0.166667,8,48,0,0.15222,1.82911,5.47746,0.136937,0.94756,0.218166,10.472,48,0,entitled_team+opportunity_side+inning_bucket+inventory
Texas Rangers,OFFENSE,7-9,2,59,12,0.20339,12,59,0,0.154466,1.6234,7.49012,0.159364,0.922146,0.26519,15.6462,0,0,entitled_team+opportunity_side+inning_bucket+inventory
Toronto Blue Jays,DEFENSE,1-3,1,16,2,0.125,2,16,0,0.145427,0.286602,2.04023,0.145731,1.09311,,,16,1,entitled_team+opportunity_side+inning_bucket+inventory
Toronto Blue Jays,DEFENSE,1-3,2,88,23,0.261364,23,87,1,0.182826,4.32427,11.5816,0.180962,1.13094,,,0,3,entitled_team+opportunity_side+inning_bucket+inventory
Toronto Blue Jays,DEFENSE,4-6,1,36,10,0.277778,10,36,0,0.161603,1.53003,4.28767,0.164911,1.03827,,,36,0,entitled_team+opportunity_side+inning_bucket+inventory
Toronto Blue Jays,DEFENSE,4-6,2,40,15,0.375,15,40,0,0.158593,3.42497,2.91874,0.11675,0.77058,,,0,1,entitled_team+opportunity_side+inning_bucket+inventory
Toronto Blue Jays,DEFENSE,7-9,1,39,17,0.435897,17,38,1,0.146651,2.89317,2.67956,0.127598,0.90424,,,39,1,entitled_team+opportunity_side+inning_bucket+inventory
Toronto Blue Jays,DEFENSE,7-9,2,45,24,0.533333,24,45,0,0.13259,3.98013,1.98641,0.0945909,0.949239,,,0,0,entitled_team+opportunity_side+inning_bucket+inventory
Toronto Blue Jays,OFFENSE,1-3,1,14,3,0.214286,3,14,0,0.14165,0.353322,1.62978,0.148162,0.936897,0.176785,2.47499,14,0,entitled_team+opportunity_side+inning_bucket+inventory
Toronto Blue Jays,OFFENSE,1-3,2,92,18,0.195652,18,92,0,0.119235,2.96095,8.00869,0.108226,1.11636,0.141765,13.0423,0,0,entitled_team+opportunity_side+inning_bucket+inventory
Toronto Blue Jays,OFFENSE,10+,1,5,3,0.6,3,5,0,0.118757,0.411853,0.181935,0.0909674,0.902318,0.186017,0.930085,5,0,entitled_team+opportunity_side+inning_bucket+inventory
Toronto Blue Jays,OFFENSE,10+,2,2,1,0.5,1,2,0,0.160749,0.0510117,0.270486,0.270486,1.13067,0.271944,0.543888,0,0,entitled_team+opportunity_side+inning_bucket+inventory
Toronto Blue Jays,OFFENSE,4-6,1,53,8,0.150943,8,53,0,0.116159,0.851601,5.30484,0.117885,0.972217,0.135898,7.2026,53,1,entitled_team+opportunity_side+inning_bucket+inventory
Toronto Blue Jays,OFFENSE,4-6,2,78,16,0.205128,16,78,0,0.156003,4.43078,7.73744,0.124797,0.932451,0.208105,16.2322,0,0,entitled_team+opportunity_side+inning_bucket+inventory
Toronto Blue Jays,OFFENSE,7-9,1,50,9,0.18,9,50,0,0.12084,1.30466,4.73733,0.115545,1.12952,0.197521,9.87605,50,0,entitled_team+opportunity_side+inning_bucket+inventory
Toronto Blue Jays,OFFENSE,7-9,2,48,19,0.395833,19,48,0,0.139157,3.4021,3.27744,0.113015,1.22011,0.276547,13.2743,0,0,entitled_team+opportunity_side+inning_bucket+inventory
Washington Nationals,DEFENSE,1-3,1,17,3,0.176471,3,17,0,0.134907,0.898421,1.395,0.0996426,1.12403,,,17,1,entitled_team+opportunity_side+inning_bucket+inventory
Washington Nationals,DEFENSE,1-3,2,108,27,0.25,27,107,1,0.159159,5.06484,11.9652,0.147718,0.899805,,,0,4,entitled_team+opportunity_side+inning_bucket+inventory
Washington Nationals,DEFENSE,10+,1,3,2,0.666667,2,3,0,0.129046,0.248939,0.138198,0.138198,2.20755,,,3,0,entitled_team+opportunity_side+inning_bucket+inventory
Washington Nationals,DEFENSE,4-6,1,26,7,0.269231,7,26,0,0.134645,0.864684,2.63607,0.138741,0.921642,,,26,1,entitled_team+opportunity_side+inning_bucket+inventory
Washington Nationals,DEFENSE,4-6,2,86,24,0.27907,24,86,0,0.152015,5.2468,7.82646,0.126233,0.886402,,,0,0,entitled_team+opportunity_side+inning_bucket+inventory
Washington Nationals,DEFENSE,7-9,1,40,14,0.35,14,39,1,0.193269,2.93448,4.603,0.177039,1.01069,,,40,2,entitled_team+opportunity_side+inning_bucket+inventory
Washington Nationals,DEFENSE,7-9,2,43,23,0.534884,23,43,0,0.129648,2.69204,2.88283,0.144141,0.788548,,,0,0,entitled_team+opportunity_side+inning_bucket+inventory
Washington Nationals,OFFENSE,1-3,1,24,4,0.166667,4,24,0,0.122882,0.642713,2.30645,0.115322,0.946808,0.125202,3.00485,24,0,entitled_team+opportunity_side+inning_bucket+inventory
Washington Nationals,OFFENSE,1-3,2,99,12,0.121212,12,99,0,0.150664,2.95414,11.9616,0.137489,0.930134,0.164212,16.257,0,3,entitled_team+opportunity_side+inning_bucket+inventory
Washington Nationals,OFFENSE,10+,1,3,1,0.333333,1,3,0,0.273253,0.189589,0.630172,0.315086,0.720754,0.293019,0.879058,3,0,entitled_team+opportunity_side+inning_bucket+inventory
Washington Nationals,OFFENSE,10+,2,1,0,0,0,1,0,0.138002,0,0.138002,0.138002,1.07128,0.223605,0.223605,0,0,entitled_team+opportunity_side+inning_bucket+inventory
Washington Nationals,OFFENSE,4-6,1,43,5,0.116279,5,43,0,0.148141,1.32077,5.04929,0.132876,1.24779,0.22337,9.60491,43,0,entitled_team+opportunity_side+inning_bucket+inventory
Washington Nationals,OFFENSE,4-6,2,103,13,0.126214,13,103,0,0.138442,2.01575,12.2438,0.136042,1.16236,0.19714,20.3054,0,0,entitled_team+opportunity_side+inning_bucket+inventory
Washington Nationals,OFFENSE,7-9,1,66,8,0.121212,8,66,0,0.134012,1.89148,6.95334,0.119885,0.859603,0.186765,12.3265,66,0,entitled_team+opportunity_side+inning_bucket+inventory
Washington Nationals,OFFENSE,7-9,2,36,10,0.277778,10,36,0,0.128581,1.39562,3.2333,0.124358,1.04555,0.254169,9.15007,0,0,entitled_team+opportunity_side+inning_bucket+inventory
Arizona Diamondbacks,DEFENSE,1-3,ALL,102,30,0.294118,30,101,1,0.17276,5.8698,11.579,0.163084,0.88443,,,6,3,entitled_team+opportunity_side+inning_bucket
Arizona Diamondbacks,DEFENSE,10+,ALL,1,0,0,0,1,0,0.192383,0,0.192383,0.192383,0.23921,,,0,0,entitled_team+opportunity_side+inning_bucket
Arizona Diamondbacks,DEFENSE,4-6,ALL,108,34,0.314815,34,108,0,0.163043,6.76991,10.8388,0.14647,0.839257,,,27,1,entitled_team+opportunity_side+inning_bucket
Arizona Diamondbacks,DEFENSE,7-9,ALL,86,30,0.348837,30,86,0,0.129752,3.71589,7.44277,0.132907,1.04735,,,35,2,entitled_team+opportunity_side+inning_bucket
Arizona Diamondbacks,OFFENSE,1-3,ALL,107,15,0.140187,15,107,0,0.15608,2.90753,13.793,0.149924,1.05497,0.163023,17.4435,13,1,entitled_team+opportunity_side+inning_bucket
Arizona Diamondbacks,OFFENSE,10+,ALL,4,2,0.5,2,4,0,0.319955,0.960379,0.319441,0.15972,0.264971,0.299985,1.19994,3,0,entitled_team+opportunity_side+inning_bucket
Arizona Diamondbacks,OFFENSE,4-6,ALL,151,25,0.165563,25,151,0,0.124184,4.59978,14.1521,0.112318,0.962868,0.176739,26.6876,50,0,entitled_team+opportunity_side+inning_bucket
Arizona Diamondbacks,OFFENSE,7-9,ALL,134,31,0.231343,31,134,0,0.147148,6.07156,13.6462,0.132488,1.175,0.256239,34.3361,60,1,entitled_team+opportunity_side+inning_bucket
Athletics,DEFENSE,1-3,ALL,149,41,0.275168,41,148,1,0.18432,10.8604,16.4189,0.152027,0.911734,,,19,7,entitled_team+opportunity_side+inning_bucket
Athletics,DEFENSE,10+,ALL,7,2,0.285714,2,7,0,0.364729,1.1402,1.4129,0.282581,1.15084,,,6,1,entitled_team+opportunity_side+inning_bucket
Athletics,DEFENSE,4-6,ALL,123,40,0.325203,40,122,1,0.152565,8.90301,9.70986,0.116986,0.91999,,,36,6,entitled_team+opportunity_side+inning_bucket
Athletics,DEFENSE,7-9,ALL,102,46,0.45098,46,102,0,0.167404,8.63704,8.43818,0.150682,0.899553,,,42,0,entitled_team+opportunity_side+inning_bucket
Athletics,OFFENSE,1-3,ALL,104,17,0.163462,17,104,0,0.124816,3.23385,9.74701,0.112035,1.07301,0.169394,17.617,15,0,entitled_team+opportunity_side+inning_bucket
Athletics,OFFENSE,10+,ALL,6,2,0.333333,2,6,0,0.294717,0.384399,1.3839,0.345975,1.18403,0.409412,2.45647,6,0,entitled_team+opportunity_side+inning_bucket
Athletics,OFFENSE,4-6,ALL,129,26,0.20155,26,129,0,0.13832,4.27713,13.5661,0.13171,0.947257,0.195655,25.2395,30,0,entitled_team+opportunity_side+inning_bucket
Athletics,OFFENSE,7-9,ALL,113,28,0.247788,28,113,0,0.141461,4.72118,11.2639,0.132516,0.938316,0.231296,26.1365,48,2,entitled_team+opportunity_side+inning_bucket
Atlanta Braves,DEFENSE,1-3,ALL,121,31,0.256198,31,121,0,0.150253,4.83777,13.3428,0.148253,1.08847,,,14,4,entitled_team+opportunity_side+inning_bucket
Atlanta Braves,DEFENSE,10+,ALL,3,2,0.666667,2,3,0,0.0961712,0.225376,0.0631377,0.0631377,0.602021,,,3,0,entitled_team+opportunity_side+inning_bucket
Atlanta Braves,DEFENSE,4-6,ALL,94,33,0.351064,33,93,1,0.146111,6.10709,7.48119,0.122642,0.904885,,,20,3,entitled_team+opportunity_side+inning_bucket
Atlanta Braves,DEFENSE,7-9,ALL,63,30,0.47619,30,63,0,0.176454,4.92144,6.19516,0.187732,0.950132,,,30,2,entitled_team+opportunity_side+inning_bucket
Atlanta Braves,OFFENSE,1-3,ALL,103,17,0.165049,17,103,0,0.147114,3.10475,12.048,0.140093,1.01035,0.167448,17.2471,7,0,entitled_team+opportunity_side+inning_bucket
Atlanta Braves,OFFENSE,10+,ALL,2,1,0.5,1,2,0,0.175401,0.196092,0.154711,0.154711,0.596178,0.314579,0.629157,2,0,entitled_team+opportunity_side+inning_bucket
Atlanta Braves,OFFENSE,4-6,ALL,94,15,0.159574,15,94,0,0.141038,3.90694,9.35066,0.118363,1.0098,0.17693,16.6314,18,0,entitled_team+opportunity_side+inning_bucket
Atlanta Braves,OFFENSE,7-9,ALL,97,13,0.134021,13,97,0,0.134303,3.6643,9.3631,0.111466,1.05736,0.234478,22.7444,39,3,entitled_team+opportunity_side+inning_bucket
Baltimore Orioles,DEFENSE,1-3,ALL,131,26,0.198473,26,130,1,0.141641,4.29526,14.1181,0.134458,0.917203,,,17,2,entitled_team+opportunity_side+inning_bucket
Baltimore Orioles,DEFENSE,10+,ALL,4,1,0.25,1,4,0,0.162587,0.126504,0.523843,0.174614,1.07681,,,4,0,entitled_team+opportunity_side+inning_bucket
Baltimore Orioles,DEFENSE,4-6,ALL,99,21,0.212121,21,98,1,0.139106,3.76188,9.87051,0.128188,0.921322,,,33,4,entitled_team+opportunity_side+inning_bucket
Baltimore Orioles,DEFENSE,7-9,ALL,81,26,0.320988,26,81,0,0.13538,4.96749,5.99831,0.10906,0.927784,,,39,3,entitled_team+opportunity_side+inning_bucket
Baltimore Orioles,OFFENSE,1-3,ALL,137,14,0.10219,14,137,0,0.132305,2.85851,15.2672,0.124124,1.08504,0.174166,23.8608,18,1,entitled_team+opportunity_side+inning_bucket
Baltimore Orioles,OFFENSE,10+,ALL,2,1,0.5,1,2,0,0.190986,0.189589,0.192383,0.192383,0.344801,0.141972,0.283943,1,0,entitled_team+opportunity_side+inning_bucket
Baltimore Orioles,OFFENSE,4-6,ALL,131,17,0.129771,17,131,0,0.132191,3.11812,14.1989,0.124552,1.03429,0.186864,24.4791,37,1,entitled_team+opportunity_side+inning_bucket
Baltimore Orioles,OFFENSE,7-9,ALL,119,41,0.344538,41,119,0,0.17907,9.76997,11.5393,0.14794,1.21379,0.273548,32.5522,62,2,entitled_team+opportunity_side+inning_bucket
Boston Red Sox,DEFENSE,1-3,ALL,144,28,0.194444,28,143,1,0.161462,5.77404,17.315,0.150565,0.964159,,,19,4,entitled_team+opportunity_side+inning_bucket
Boston Red Sox,DEFENSE,10+,ALL,2,0,0,0,2,0,0.105625,0,0.21125,0.105625,0.259194,,,2,0,entitled_team+opportunity_side+inning_bucket
Boston Red Sox,DEFENSE,4-6,ALL,99,32,0.323232,32,97,2,0.15342,5.96214,8.91963,0.135146,0.882581,,,28,4,entitled_team+opportunity_side+inning_bucket
Boston Red Sox,DEFENSE,7-9,ALL,77,24,0.311688,24,77,0,0.18453,5.41992,8.78887,0.165828,0.874869,,,44,1,entitled_team+opportunity_side+inning_bucket
Boston Red Sox,OFFENSE,1-3,ALL,140,28,0.2,28,140,0,0.15954,6.04975,16.2858,0.145409,1.12782,0.189007,26.4609,9,1,entitled_team+opportunity_side+inning_bucket
Boston Red Sox,OFFENSE,10+,ALL,5,2,0.4,2,5,0,0.0853057,0.25679,0.169739,0.0565795,1.32828,0.24048,1.2024,4,0,entitled_team+opportunity_side+inning_bucket
Boston Red Sox,OFFENSE,4-6,ALL,125,19,0.152,19,125,0,0.146382,3.22202,15.0758,0.142224,1.10088,0.199688,24.961,34,2,entitled_team+opportunity_side+inning_bucket
Boston Red Sox,OFFENSE,7-9,ALL,97,28,0.28866,28,97,0,0.149167,6.47177,7.99744,0.115905,1.06815,0.239264,23.2086,51,1,entitled_team+opportunity_side+inning_bucket
Chicago Cubs,DEFENSE,1-3,ALL,103,27,0.262136,27,102,1,0.137544,4.58984,9.43967,0.125862,0.808826,,,2,2,entitled_team+opportunity_side+inning_bucket
Chicago Cubs,DEFENSE,10+,ALL,3,1,0.333333,1,3,0,0.364936,0.215177,0.879632,0.439816,0.738454,,,3,0,entitled_team+opportunity_side+inning_bucket
Chicago Cubs,DEFENSE,4-6,ALL,128,44,0.34375,44,128,0,0.151127,7.12159,12.2227,0.145508,0.924023,,,27,3,entitled_team+opportunity_side+inning_bucket
Chicago Cubs,DEFENSE,7-9,ALL,97,35,0.360825,35,97,0,0.158174,6.82687,8.51604,0.137356,0.901543,,,34,4,entitled_team+opportunity_side+inning_bucket
Chicago Cubs,OFFENSE,1-3,ALL,118,19,0.161017,19,118,0,0.140177,3.64426,12.8966,0.130269,0.83622,0.127203,15.01,9,0,entitled_team+opportunity_side+inning_bucket
Chicago Cubs,OFFENSE,10+,ALL,6,2,0.333333,2,6,0,0.249838,0.870957,0.628072,0.157018,0.912131,0.249992,1.49995,6,0,entitled_team+opportunity_side+inning_bucket
Chicago Cubs,OFFENSE,4-6,ALL,130,26,0.2,26,130,0,0.171942,7.43017,14.9223,0.143484,0.889341,0.193423,25.1449,26,1,entitled_team+opportunity_side+inning_bucket
Chicago Cubs,OFFENSE,7-9,ALL,109,27,0.247706,27,109,0,0.146883,5.33781,10.6725,0.130152,1.0823,0.226746,24.7153,34,0,entitled_team+opportunity_side+inning_bucket
Chicago White Sox,DEFENSE,1-3,ALL,128,50,0.390625,50,128,0,0.163355,9.79741,11.1121,0.142463,1.16842,,,17,6,entitled_team+opportunity_side+inning_bucket
Chicago White Sox,DEFENSE,10+,ALL,5,2,0.4,2,5,0,0.135703,0.291885,0.386628,0.128876,0.72766,,,5,1,entitled_team+opportunity_side+inning_bucket
Chicago White Sox,DEFENSE,4-6,ALL,105,32,0.304762,32,105,0,0.14931,6.05475,9.62285,0.13182,0.861014,,,45,4,entitled_team+opportunity_side+inning_bucket
Chicago White Sox,DEFENSE,7-9,ALL,72,38,0.527778,38,72,0,0.186364,9.04752,4.37067,0.128549,0.842443,,,46,1,entitled_team+opportunity_side+inning_bucket
Chicago White Sox,OFFENSE,1-3,ALL,107,18,0.168224,18,107,0,0.142509,3.15388,12.0946,0.135894,0.857408,0.150147,16.0657,11,0,entitled_team+opportunity_side+inning_bucket
Chicago White Sox,OFFENSE,10+,ALL,6,3,0.5,3,6,0,0.200005,0.713318,0.486709,0.162236,1.15819,0.283533,1.7012,6,0,entitled_team+opportunity_side+inning_bucket
Chicago White Sox,OFFENSE,4-6,ALL,122,27,0.221311,27,122,0,0.144688,4.52743,13.1246,0.138153,1.10426,0.18545,22.625,46,0,entitled_team+opportunity_side+inning_bucket
Chicago White Sox,OFFENSE,7-9,ALL,91,20,0.21978,20,91,0,0.152622,4.1553,9.73334,0.137089,1.13085,0.234105,21.3035,59,1,entitled_team+opportunity_side+inning_bucket
Cincinnati Reds,DEFENSE,1-3,ALL,131,32,0.244275,32,131,0,0.137382,4.81027,13.1868,0.1332,1.0698,,,9,4,entitled_team+opportunity_side+inning_bucket
Cincinnati Reds,DEFENSE,10+,ALL,6,1,0.166667,1,6,0,0.208584,0.52614,0.725367,0.145073,0.558876,,,6,0,entitled_team+opportunity_side+inning_bucket
Cincinnati Reds,DEFENSE,4-6,ALL,135,49,0.362963,49,134,1,0.181962,12.987,11.396,0.13407,0.961193,,,31,3,entitled_team+opportunity_side+inning_bucket
Cincinnati Reds,DEFENSE,7-9,ALL,111,44,0.396396,44,109,2,0.140825,7.53239,7.81752,0.12027,0.96044,,,45,5,entitled_team+opportunity_side+inning_bucket
Cincinnati Reds,OFFENSE,1-3,ALL,122,22,0.180328,22,121,1,0.14964,5.35111,12.7553,0.128841,0.960836,0.184163,22.4678,14,1,entitled_team+opportunity_side+inning_bucket
Cincinnati Reds,OFFENSE,10+,ALL,2,0,0,0,2,0,0.128841,0,0.257682,0.128841,0.795903,0.202349,0.404699,1,0,entitled_team+opportunity_side+inning_bucket
Cincinnati Reds,OFFENSE,4-6,ALL,151,24,0.15894,24,151,0,0.169455,7.45352,18.1342,0.142789,1.16453,0.220013,33.222,38,1,entitled_team+opportunity_side+inning_bucket
Cincinnati Reds,OFFENSE,7-9,ALL,139,42,0.302158,42,139,0,0.144966,8.90067,11.2496,0.115975,1.04961,0.259015,36.0031,53,0,entitled_team+opportunity_side+inning_bucket
Cleveland Guardians,DEFENSE,1-3,ALL,114,30,0.263158,30,113,1,0.154796,5.0635,12.4284,0.14974,0.833934,,,12,4,entitled_team+opportunity_side+inning_bucket
Cleveland Guardians,DEFENSE,10+,ALL,7,4,0.571429,4,7,0,0.140261,0.636895,0.34493,0.114977,1.11137,,,4,0,entitled_team+opportunity_side+inning_bucket
Cleveland Guardians,DEFENSE,4-6,ALL,83,23,0.277108,23,81,2,0.139142,3.41722,7.85325,0.133106,0.968869,,,33,7,entitled_team+opportunity_side+inning_bucket
Cleveland Guardians,DEFENSE,7-9,ALL,76,34,0.447368,34,75,1,0.158912,6.2458,5.67261,0.138356,0.956202,,,43,1,entitled_team+opportunity_side+inning_bucket
Cleveland Guardians,OFFENSE,1-3,ALL,129,17,0.131783,17,128,1,0.143873,3.74264,14.6731,0.131009,0.940744,0.153858,19.8477,17,3,entitled_team+opportunity_side+inning_bucket
Cleveland Guardians,OFFENSE,10+,ALL,2,1,0.5,1,2,0,-0.00408148,-0.0846813,0.0765183,0.0765183,2.7988,0.483269,0.966538,0,0,entitled_team+opportunity_side+inning_bucket
Cleveland Guardians,OFFENSE,4-6,ALL,118,20,0.169492,20,118,0,0.126515,2.6215,12.3073,0.125585,0.956063,0.184567,21.7789,37,0,entitled_team+opportunity_side+inning_bucket
Cleveland Guardians,OFFENSE,7-9,ALL,121,20,0.165289,20,121,0,0.13685,3.44786,13.111,0.129812,1.09889,0.230954,27.9455,72,0,entitled_team+opportunity_side+inning_bucket
Colorado Rockies,DEFENSE,1-3,ALL,138,46,0.333333,46,138,0,0.166241,10.4367,12.5046,0.13592,0.803771,,,14,4,entitled_team+opportunity_side+inning_bucket
Colorado Rockies,DEFENSE,10+,ALL,2,1,0.5,1,2,0,0.0637534,0.0460391,0.0814677,0.0814677,0.939478,,,2,0,entitled_team+opportunity_side+inning_bucket
Colorado Rockies,DEFENSE,4-6,ALL,93,35,0.376344,35,93,0,0.158901,7.00643,7.77135,0.133989,0.882321,,,45,0,entitled_team+opportunity_side+inning_bucket
Colorado Rockies,DEFENSE,7-9,ALL,72,38,0.527778,38,72,0,0.152136,6.79469,4.15908,0.122326,1.04763,,,46,3,entitled_team+opportunity_side+inning_bucket
Colorado Rockies,OFFENSE,1-3,ALL,112,19,0.169643,19,112,0,0.140397,3.43767,12.2868,0.132116,1.10648,0.154259,17.277,10,0,entitled_team+opportunity_side+inning_bucket
Colorado Rockies,OFFENSE,10+,ALL,2,1,0.5,1,2,0,0.0665432,0.0385059,0.0945806,0.0945806,0.353597,0.136473,0.272946,2,0,entitled_team+opportunity_side+inning_bucket
Colorado Rockies,OFFENSE,4-6,ALL,110,22,0.2,22,110,0,0.153696,5.8266,11.08,0.125909,1.081,0.185373,20.3911,46,0,entitled_team+opportunity_side+inning_bucket
Colorado Rockies,OFFENSE,7-9,ALL,86,26,0.302326,26,86,0,0.155636,5.75762,7.62707,0.127118,0.964606,0.235554,20.2576,43,2,entitled_team+opportunity_side+inning_bucket
Detroit Tigers,DEFENSE,1-3,ALL,122,30,0.245902,30,122,0,0.140813,5.70025,11.4789,0.124771,0.947024,,,9,3,entitled_team+opportunity_side+inning_bucket
Detroit Tigers,DEFENSE,10+,ALL,3,2,0.666667,2,3,0,0.0904396,0.189851,0.0814677,0.0814677,1.2891,,,3,0,entitled_team+opportunity_side+inning_bucket
Detroit Tigers,DEFENSE,4-6,ALL,98,31,0.316327,31,98,0,0.117349,3.7351,7.76507,0.115897,0.796251,,,20,0,entitled_team+opportunity_side+inning_bucket
Detroit Tigers,DEFENSE,7-9,ALL,85,28,0.329412,28,85,0,0.146114,5.33629,7.08344,0.124271,0.745729,,,33,3,entitled_team+opportunity_side+inning_bucket
Detroit Tigers,OFFENSE,1-3,ALL,121,19,0.157025,19,121,0,0.132637,3.12813,12.921,0.126676,0.972325,0.152482,18.4503,3,0,entitled_team+opportunity_side+inning_bucket
Detroit Tigers,OFFENSE,10+,ALL,7,4,0.571429,4,7,0,0.154727,0.620965,0.462125,0.154042,1.25411,0.254702,1.78291,5,0,entitled_team+opportunity_side+inning_bucket
Detroit Tigers,OFFENSE,4-6,ALL,128,29,0.226562,29,128,0,0.144289,6.19082,12.2782,0.124022,0.910077,0.201054,25.7349,25,0,entitled_team+opportunity_side+inning_bucket
Detroit Tigers,OFFENSE,7-9,ALL,123,29,0.235772,29,123,0,0.130799,5.45126,10.6371,0.11316,1.02226,0.235295,28.9412,42,0,entitled_team+opportunity_side+inning_bucket
Houston Astros,DEFENSE,1-3,ALL,140,43,0.307143,43,139,1,0.118455,4.8134,11.6518,0.120122,1.0123,,,16,5,entitled_team+opportunity_side+inning_bucket
Houston Astros,DEFENSE,10+,ALL,3,1,0.333333,1,3,0,0.177533,0.192383,0.340217,0.170109,1.40388,,,3,0,entitled_team+opportunity_side+inning_bucket
Houston Astros,DEFENSE,4-6,ALL,112,26,0.232143,26,112,0,0.14403,5.02793,11.1034,0.129109,0.843324,,,44,2,entitled_team+opportunity_side+inning_bucket
Houston Astros,DEFENSE,7-9,ALL,60,25,0.416667,25,60,0,0.136925,3.98855,4.22693,0.120769,0.875072,,,35,0,entitled_team+opportunity_side+inning_bucket
Houston Astros,OFFENSE,1-3,ALL,121,31,0.256198,31,121,0,0.144892,3.83915,13.6928,0.152142,0.933277,0.140174,16.9611,17,1,entitled_team+opportunity_side+inning_bucket
Houston Astros,OFFENSE,10+,ALL,1,1,1,1,1,0,0.215177,0.215177,0,,4.11571,0.39573,0.39573,1,0,entitled_team+opportunity_side+inning_bucket
Houston Astros,OFFENSE,4-6,ALL,120,33,0.275,33,120,0,0.146108,7.58487,9.94809,0.114346,0.983168,0.192702,23.1242,46,0,entitled_team+opportunity_side+inning_bucket
Houston Astros,OFFENSE,7-9,ALL,80,21,0.2625,21,80,0,0.145236,3.90212,7.71678,0.130793,0.847347,0.193532,15.4826,46,1,entitled_team+opportunity_side+inning_bucket
Kansas City Royals,DEFENSE,1-3,ALL,127,26,0.204724,26,127,0,0.145059,4.01621,14.4063,0.142637,0.931964,,,12,1,entitled_team+opportunity_side+inning_bucket
Kansas City Royals,DEFENSE,10+,ALL,2,1,0.5,1,2,0,0.252442,0.255974,0.248911,0.248911,0.757119,,,1,0,entitled_team+opportunity_side+inning_bucket
Kansas City Royals,DEFENSE,4-6,ALL,118,38,0.322034,38,118,0,0.131716,6.90261,8.6399,0.107999,0.947491,,,26,6,entitled_team+opportunity_side+inning_bucket
Kansas City Royals,DEFENSE,7-9,ALL,81,24,0.296296,24,81,0,0.140127,4.28283,7.06745,0.12399,0.827188,,,37,3,entitled_team+opportunity_side+inning_bucket
Kansas City Royals,OFFENSE,1-3,ALL,123,26,0.211382,26,123,0,0.137614,4.74668,12.1798,0.125565,0.951707,0.159101,19.5694,12,1,entitled_team+opportunity_side+inning_bucket
Kansas City Royals,OFFENSE,10+,ALL,2,1,0.5,1,2,0,0.0917637,0.12039,0.0631377,0.0631377,0.576609,0.0957153,0.191431,2,0,entitled_team+opportunity_side+inning_bucket
Kansas City Royals,OFFENSE,4-6,ALL,126,28,0.222222,28,126,0,0.130763,5.17041,11.3057,0.115364,0.97923,0.199065,25.0822,34,0,entitled_team+opportunity_side+inning_bucket
Kansas City Royals,OFFENSE,7-9,ALL,115,21,0.182609,21,115,0,0.133419,3.48775,11.8554,0.126122,0.917538,0.220872,25.4003,61,0,entitled_team+opportunity_side+inning_bucket
Los Angeles Angels,DEFENSE,1-3,ALL,172,39,0.226744,39,172,0,0.146745,6.74036,18.4998,0.139096,1.02776,,,31,3,entitled_team+opportunity_side+inning_bucket
Los Angeles Angels,DEFENSE,10+,ALL,2,0,0,0,2,0,0.219964,0,0.439928,0.219964,0.448739,,,1,0,entitled_team+opportunity_side+inning_bucket
Los Angeles Angels,DEFENSE,4-6,ALL,118,33,0.279661,33,118,0,0.158005,6.58912,12.0555,0.141829,0.866014,,,34,1,entitled_team+opportunity_side+inning_bucket
Los Angeles Angels,DEFENSE,7-9,ALL,73,31,0.424658,31,72,1,0.176268,6.8774,5.81393,0.141803,0.842315,,,38,1,entitled_team+opportunity_side+inning_bucket
Los Angeles Angels,OFFENSE,1-3,ALL,111,13,0.117117,13,111,0,0.141932,5.33173,10.4227,0.106354,0.947715,0.140968,15.6474,15,0,entitled_team+opportunity_side+inning_bucket
Los Angeles Angels,OFFENSE,4-6,ALL,120,21,0.175,21,120,0,0.150723,5.9868,12.0999,0.122222,1.02418,0.224704,26.9645,27,0,entitled_team+opportunity_side+inning_bucket
Los Angeles Angels,OFFENSE,7-9,ALL,138,38,0.275362,38,138,0,0.15868,7.44376,14.4541,0.144541,1.08511,0.260345,35.9276,69,1,entitled_team+opportunity_side+inning_bucket
Los Angeles Dodgers,DEFENSE,1-3,ALL,133,29,0.218045,29,133,0,0.155794,5.57905,15.1416,0.145592,0.920631,,,9,4,entitled_team+opportunity_side+inning_bucket
Los Angeles Dodgers,DEFENSE,10+,ALL,2,1,0.5,1,2,0,0.129818,0.0881404,0.171495,0.171495,0.927361,,,2,0,entitled_team+opportunity_side+inning_bucket
Los Angeles Dodgers,DEFENSE,4-6,ALL,102,27,0.264706,27,102,0,0.156261,5.2727,10.6659,0.142213,0.885822,,,28,1,entitled_team+opportunity_side+inning_bucket
Los Angeles Dodgers,DEFENSE,7-9,ALL,80,25,0.3125,25,80,0,0.143945,4.31569,7.1999,0.130907,0.92197,,,34,1,entitled_team+opportunity_side+inning_bucket
Los Angeles Dodgers,OFFENSE,1-3,ALL,115,19,0.165217,19,115,0,0.132305,3.06037,12.1547,0.126612,0.835986,0.141294,16.2489,10,0,entitled_team+opportunity_side+inning_bucket
Los Angeles Dodgers,OFFENSE,10+,ALL,1,1,1,1,1,0,0.138002,0.138002,0,,0.815711,0.14687,0.14687,1,0,entitled_team+opportunity_side+inning_bucket
Los Angeles Dodgers,OFFENSE,4-6,ALL,144,26,0.180556,26,144,0,0.145552,5.99569,14.9638,0.126812,1.01824,0.18546,26.7062,40,0,entitled_team+opportunity_side+inning_bucket
Los Angeles Dodgers,OFFENSE,7-9,ALL,113,29,0.256637,29,113,0,0.154611,6.35322,11.1179,0.132356,1.07277,0.242805,27.437,47,1,entitled_team+opportunity_side+inning_bucket
Miami Marlins,DEFENSE,1-3,ALL,122,45,0.368852,45,121,1,0.157718,7.52602,11.5579,0.152078,0.940463,,,20,5,entitled_team+opportunity_side+inning_bucket
Miami Marlins,DEFENSE,10+,ALL,2,1,0.5,1,2,0,0.27024,0.193411,0.347069,0.347069,0.179841,,,1,0,entitled_team+opportunity_side+inning_bucket
Miami Marlins,DEFENSE,4-6,ALL,99,45,0.454545,45,99,0,0.142444,6.49851,7.60348,0.140805,0.841232,,,26,3,entitled_team+opportunity_side+inning_bucket
Miami Marlins,DEFENSE,7-9,ALL,76,41,0.539474,41,76,0,0.161988,6.91796,5.39314,0.15409,1.05279,,,39,2,entitled_team+opportunity_side+inning_bucket
Miami Marlins,OFFENSE,1-3,ALL,123,12,0.097561,12,123,0,0.155644,3.99135,15.1529,0.136512,0.97315,0.169934,20.9019,20,2,entitled_team+opportunity_side+inning_bucket
Miami Marlins,OFFENSE,10+,ALL,3,2,0.666667,2,3,0,0.161864,0.29321,0.192383,0.192383,0.826134,0.29295,0.878849,0,0,entitled_team+opportunity_side+inning_bucket
Miami Marlins,OFFENSE,4-6,ALL,163,29,0.177914,29,163,0,0.134094,4.95295,16.9044,0.126153,1.07591,0.208153,33.929,48,0,entitled_team+opportunity_side+inning_bucket
Miami Marlins,OFFENSE,7-9,ALL,120,29,0.241667,29,120,0,0.143417,6.09625,11.1138,0.12213,0.99372,0.235144,28.2173,58,0,entitled_team+opportunity_side+inning_bucket
Milwaukee Brewers,DEFENSE,1-3,ALL,154,49,0.318182,49,154,0,0.150036,8.46672,14.6389,0.139418,0.976222,,,10,1,entitled_team+opportunity_side+inning_bucket
Milwaukee Brewers,DEFENSE,10+,ALL,2,0,0,0,2,0,0.183943,0,0.367886,0.183943,0.590865,,,1,0,entitled_team+opportunity_side+inning_bucket
Milwaukee Brewers,DEFENSE,4-6,ALL,93,34,0.365591,34,93,0,0.131904,5.0804,7.18666,0.121808,0.906379,,,30,2,entitled_team+opportunity_side+inning_bucket
Milwaukee Brewers,DEFENSE,7-9,ALL,90,41,0.455556,41,90,0,0.174634,8.56306,7.15402,0.146,0.825049,,,52,0,entitled_team+opportunity_side+inning_bucket
Milwaukee Brewers,OFFENSE,1-3,ALL,141,15,0.106383,15,140,1,0.13961,3.11035,16.435,0.13148,0.901068,0.152956,21.5668,19,1,entitled_team+opportunity_side+inning_bucket
Milwaukee Brewers,OFFENSE,10+,ALL,7,0,0,0,7,0,0.230681,0,1.61476,0.230681,0.846905,0.342518,2.39762,7,1,entitled_team+opportunity_side+inning_bucket
Milwaukee Brewers,OFFENSE,4-6,ALL,151,13,0.0860927,13,151,0,0.154463,3.15315,20.1707,0.146165,0.934199,0.18297,27.6285,59,1,entitled_team+opportunity_side+inning_bucket
Milwaukee Brewers,OFFENSE,7-9,ALL,120,21,0.175,21,120,0,0.127514,3.37089,11.9308,0.120513,1.06899,0.237433,28.4919,60,1,entitled_team+opportunity_side+inning_bucket
Minnesota Twins,DEFENSE,1-3,ALL,152,54,0.355263,54,151,1,0.152019,10.6118,12.3431,0.127249,0.988038,,,22,4,entitled_team+opportunity_side+inning_bucket
Minnesota Twins,DEFENSE,10+,ALL,3,2,0.666667,2,3,0,0.247608,0.527648,0.215177,0.215177,0.473692,,,2,0,entitled_team+opportunity_side+inning_bucket
Minnesota Twins,DEFENSE,4-6,ALL,101,43,0.425743,43,100,1,0.196845,9.11896,10.5656,0.185361,0.857943,,,39,3,entitled_team+opportunity_side+inning_bucket
Minnesota Twins,DEFENSE,7-9,ALL,74,37,0.5,37,74,0,0.187518,7.96518,5.91113,0.15976,0.802798,,,46,0,entitled_team+opportunity_side+inning_bucket
Minnesota Twins,OFFENSE,1-3,ALL,107,27,0.252336,27,107,0,0.124315,4.66468,8.63708,0.107963,1.07345,0.160339,17.1563,10,0,entitled_team+opportunity_side+inning_bucket
Minnesota Twins,OFFENSE,10+,ALL,4,1,0.25,1,4,0,0.228739,0.513566,0.401392,0.133797,0.813571,0.319313,1.27725,3,0,entitled_team+opportunity_side+inning_bucket
Minnesota Twins,OFFENSE,4-6,ALL,116,27,0.232759,27,116,0,0.135108,5.25299,10.4196,0.117074,1.06686,0.193753,22.4754,36,0,entitled_team+opportunity_side+inning_bucket
Minnesota Twins,OFFENSE,7-9,ALL,96,28,0.291667,28,95,1,0.146024,5.54846,8.32383,0.122409,1.00627,0.245403,23.5587,59,1,entitled_team+opportunity_side+inning_bucket
New York Mets,DEFENSE,1-3,ALL,123,30,0.243902,30,122,1,0.148268,6.04599,12.0427,0.129492,1.06194,,,15,3,entitled_team+opportunity_side+inning_bucket
New York Mets,DEFENSE,10+,ALL,5,2,0.4,2,5,0,0.176729,0.537366,0.346276,0.115425,0.450147,,,5,0,entitled_team+opportunity_side+inning_bucket
New York Mets,DEFENSE,4-6,ALL,100,32,0.32,32,99,1,0.202746,6.81331,13.2586,0.197889,0.869203,,,40,3,entitled_team+opportunity_side+inning_bucket
New York Mets,DEFENSE,7-9,ALL,66,26,0.393939,26,66,0,0.139846,4.32665,4.90319,0.12258,0.867295,,,37,0,entitled_team+opportunity_side+inning_bucket
New York Mets,OFFENSE,1-3,ALL,143,31,0.216783,31,143,0,0.146022,5.74357,15.1376,0.135157,1.02115,0.160954,23.0165,21,3,entitled_team+opportunity_side+inning_bucket
New York Mets,OFFENSE,10+,ALL,8,4,0.5,4,8,0,0.23869,1.19195,0.717567,0.179392,0.925896,0.265948,2.12758,6,1,entitled_team+opportunity_side+inning_bucket
New York Mets,OFFENSE,4-6,ALL,113,20,0.176991,20,113,0,0.13453,2.97522,12.2266,0.131469,1.0615,0.198334,22.4118,33,1,entitled_team+opportunity_side+inning_bucket
New York Mets,OFFENSE,7-9,ALL,99,33,0.333333,33,99,0,0.135582,5.87243,7.55021,0.114397,1.0096,0.232305,22.9982,55,1,entitled_team+opportunity_side+inning_bucket
New York Yankees,DEFENSE,1-3,ALL,112,34,0.303571,34,111,1,0.135987,5.64677,9.44777,0.122698,0.860876,,,17,3,entitled_team+opportunity_side+inning_bucket
New York Yankees,DEFENSE,10+,ALL,6,3,0.5,3,6,0,0.155522,0.56246,0.370671,0.123557,1.24427,,,6,0,entitled_team+opportunity_side+inning_bucket
New York Yankees,DEFENSE,4-6,ALL,92,41,0.445652,41,92,0,0.177267,9.57868,6.72988,0.131958,1.08887,,,32,1,entitled_team+opportunity_side+inning_bucket
New York Yankees,DEFENSE,7-9,ALL,64,29,0.453125,29,64,0,0.125399,3.82217,4.20338,0.120097,0.823234,,,34,2,entitled_team+opportunity_side+inning_bucket
New York Yankees,OFFENSE,1-3,ALL,116,29,0.25,29,116,0,0.141962,5.19703,11.2705,0.129547,1.04854,0.172287,19.9853,20,1,entitled_team+opportunity_side+inning_bucket
New York Yankees,OFFENSE,10+,ALL,5,1,0.2,1,5,0,0.249711,0.600506,0.648047,0.162012,1.24376,0.251348,1.25674,5,0,entitled_team+opportunity_side+inning_bucket
New York Yankees,OFFENSE,4-6,ALL,112,36,0.321429,36,112,0,0.145999,6.25404,10.0979,0.132867,0.852823,0.208698,23.3742,32,1,entitled_team+opportunity_side+inning_bucket
New York Yankees,OFFENSE,7-9,ALL,93,25,0.268817,25,93,0,0.155876,4.25569,10.2408,0.1506,1.08003,0.244299,22.7198,56,0,entitled_team+opportunity_side+inning_bucket
Philadelphia Phillies,DEFENSE,1-3,ALL,117,35,0.299145,35,117,0,0.180377,7.63644,13.4676,0.164239,0.996304,,,14,1,entitled_team+opportunity_side+inning_bucket
Philadelphia Phillies,DEFENSE,10+,ALL,10,5,0.5,5,10,0,0.216824,1.1543,1.01394,0.202788,0.9675,,,9,0,entitled_team+opportunity_side+inning_bucket
Philadelphia Phillies,DEFENSE,4-6,ALL,93,23,0.247312,23,93,0,0.150828,4.20719,9.81982,0.140283,0.910195,,,24,1,entitled_team+opportunity_side+inning_bucket
Philadelphia Phillies,DEFENSE,7-9,ALL,93,24,0.258065,24,93,0,0.145603,4.50157,9.03947,0.131007,0.852477,,,51,2,entitled_team+opportunity_side+inning_bucket
Philadelphia Phillies,OFFENSE,1-3,ALL,126,33,0.261905,32,126,0,0.134536,4.29054,12.3977,0.133308,0.830179,0.14242,17.9449,15,1,entitled_team+opportunity_side+inning_bucket
Philadelphia Phillies,OFFENSE,10+,ALL,1,0,0,0,1,0,0.0405339,0,0.0405339,0.0405339,1.41005,0.271067,0.271067,0,1,entitled_team+opportunity_side+inning_bucket
Philadelphia Phillies,OFFENSE,4-6,ALL,119,24,0.201681,24,119,0,0.135048,3.70897,12.3618,0.130124,1.08676,0.216872,25.8078,34,0,entitled_team+opportunity_side+inning_bucket
Philadelphia Phillies,OFFENSE,7-9,ALL,100,24,0.24,24,100,0,0.14835,5.89587,8.93916,0.117621,0.932527,0.211361,21.1361,55,0,entitled_team+opportunity_side+inning_bucket
Pittsburgh Pirates,DEFENSE,1-3,ALL,141,26,0.184397,26,141,0,0.14021,3.68604,16.0836,0.139857,0.882627,,,25,2,entitled_team+opportunity_side+inning_bucket
Pittsburgh Pirates,DEFENSE,10+,ALL,6,2,0.333333,2,6,0,0.263456,0.738508,0.84223,0.210558,0.778331,,,6,0,entitled_team+opportunity_side+inning_bucket
Pittsburgh Pirates,DEFENSE,4-6,ALL,107,33,0.308411,33,105,2,0.160899,5.90115,10.9932,0.152683,0.919361,,,37,5,entitled_team+opportunity_side+inning_bucket
Pittsburgh Pirates,DEFENSE,7-9,ALL,65,21,0.323077,21,65,0,0.185572,4.44184,7.62036,0.17319,0.937978,,,35,1,entitled_team+opportunity_side+inning_bucket
Pittsburgh Pirates,OFFENSE,1-3,ALL,122,16,0.131148,16,122,0,0.137716,2.76894,14.0325,0.132382,1.04292,0.143965,17.5637,12,0,entitled_team+opportunity_side+inning_bucket
Pittsburgh Pirates,OFFENSE,10+,ALL,3,0,0,0,3,0,0.174591,0,0.523773,0.174591,0.39598,0.196582,0.589745,3,0,entitled_team+opportunity_side+inning_bucket
Pittsburgh Pirates,OFFENSE,4-6,ALL,121,20,0.165289,20,121,0,0.147951,4.69943,13.2026,0.130719,1.07331,0.205224,24.8321,52,0,entitled_team+opportunity_side+inning_bucket
Pittsburgh Pirates,OFFENSE,7-9,ALL,113,30,0.265487,30,113,0,0.144421,4.67661,11.6429,0.140276,1.17404,0.269162,30.4153,58,0,entitled_team+opportunity_side+inning_bucket
San Diego Padres,DEFENSE,1-3,ALL,133,39,0.293233,39,133,0,0.170501,7.11568,15.5609,0.165542,1.00807,,,12,4,entitled_team+opportunity_side+inning_bucket
San Diego Padres,DEFENSE,10+,ALL,2,1,0.5,1,2,0,0.209736,0.189589,0.229883,0.229883,0.83813,,,1,0,entitled_team+opportunity_side+inning_bucket
San Diego Padres,DEFENSE,4-6,ALL,105,33,0.314286,33,104,1,0.184942,7.14897,12.085,0.170212,0.992642,,,40,6,entitled_team+opportunity_side+inning_bucket
San Diego Padres,DEFENSE,7-9,ALL,75,25,0.333333,25,75,0,0.151155,3.86233,7.47428,0.149486,0.919783,,,37,4,entitled_team+opportunity_side+inning_bucket
San Diego Padres,OFFENSE,1-3,ALL,102,13,0.127451,13,102,0,0.153219,2.51773,13.1106,0.14731,0.929718,0.142835,14.5692,11,0,entitled_team+opportunity_side+inning_bucket
San Diego Padres,OFFENSE,10+,ALL,6,1,0.166667,1,6,0,0.186527,0.286024,0.83314,0.166628,1.24858,0.354609,2.12766,6,0,entitled_team+opportunity_side+inning_bucket
San Diego Padres,OFFENSE,4-6,ALL,119,22,0.184874,22,119,0,0.130024,3.68254,11.7903,0.121549,0.991593,0.197544,23.5077,28,1,entitled_team+opportunity_side+inning_bucket
San Diego Padres,OFFENSE,7-9,ALL,91,19,0.208791,19,91,0,0.148329,3.7235,9.77446,0.135756,1.00943,0.225941,20.5606,41,0,entitled_team+opportunity_side+inning_bucket
San Francisco Giants,DEFENSE,1-3,ALL,128,33,0.257812,33,128,0,0.130073,5.87897,10.7703,0.113372,0.871048,,,13,1,entitled_team+opportunity_side+inning_bucket
San Francisco Giants,DEFENSE,10+,ALL,7,2,0.285714,2,7,0,0.173923,0.503293,0.714169,0.142834,1.27516,,,7,1,entitled_team+opportunity_side+inning_bucket
San Francisco Giants,DEFENSE,4-6,ALL,84,27,0.321429,27,84,0,0.132603,3.57343,7.56526,0.132724,0.976072,,,33,3,entitled_team+opportunity_side+inning_bucket
San Francisco Giants,DEFENSE,7-9,ALL,77,26,0.337662,26,77,0,0.156779,4.61166,7.46031,0.146281,0.996683,,,40,2,entitled_team+opportunity_side+inning_bucket
San Francisco Giants,OFFENSE,1-3,ALL,142,25,0.176056,25,142,0,0.147047,4.669,16.2116,0.138561,0.964495,0.161877,22.9866,9,1,entitled_team+opportunity_side+inning_bucket
San Francisco Giants,OFFENSE,10+,ALL,5,0,0,0,5,0,0.157764,0,0.788821,0.157764,1.65564,0.324933,1.62466,5,0,entitled_team+opportunity_side+inning_bucket
San Francisco Giants,OFFENSE,4-6,ALL,103,17,0.165049,17,103,0,0.151519,3.31696,12.2895,0.142901,0.843712,0.193158,19.8953,34,0,entitled_team+opportunity_side+inning_bucket
San Francisco Giants,OFFENSE,7-9,ALL,94,22,0.234043,22,94,0,0.128642,4.5126,7.57971,0.105274,0.996544,0.230661,21.6821,38,0,entitled_team+opportunity_side+inning_bucket
Seattle Mariners,DEFENSE,1-3,ALL,132,32,0.242424,32,132,0,0.150167,7.14409,12.6779,0.126779,0.757808,,,17,0,entitled_team+opportunity_side+inning_bucket
Seattle Mariners,DEFENSE,10+,ALL,4,1,0.25,1,4,0,0.212848,0.0861867,0.765205,0.255068,1.52899,,,4,0,entitled_team+opportunity_side+inning_bucket
Seattle Mariners,DEFENSE,4-6,ALL,89,26,0.292135,26,89,0,0.155717,5.08657,8.77222,0.139242,0.839237,,,27,2,entitled_team+opportunity_side+inning_bucket
Seattle Mariners,DEFENSE,7-9,ALL,77,28,0.363636,28,77,0,0.192647,6.49136,8.34245,0.170254,0.872958,,,45,1,entitled_team+opportunity_side+inning_bucket
Seattle Mariners,OFFENSE,1-3,ALL,119,21,0.176471,21,119,0,0.165619,4.80256,14.9061,0.152103,0.955136,0.182027,21.6613,7,0,entitled_team+opportunity_side+inning_bucket
Seattle Mariners,OFFENSE,10+,ALL,1,0,0,0,1,0,0.0814677,0,0.0814677,0.0814677,0.0260056,0.110819,0.110819,1,0,entitled_team+opportunity_side+inning_bucket
Seattle Mariners,OFFENSE,4-6,ALL,127,19,0.149606,19,127,0,0.159645,4.4992,15.7757,0.146071,0.872644,0.178814,22.7093,39,0,entitled_team+opportunity_side+inning_bucket
Seattle Mariners,OFFENSE,7-9,ALL,106,21,0.198113,21,106,0,0.130795,3.84665,10.0176,0.117854,1.07544,0.240478,25.4906,56,1,entitled_team+opportunity_side+inning_bucket
St. Louis Cardinals,DEFENSE,1-3,ALL,117,18,0.153846,18,117,0,0.150509,4.47882,13.1307,0.132633,0.967162,,,8,2,entitled_team+opportunity_side+inning_bucket
St. Louis Cardinals,DEFENSE,10+,ALL,2,0,0,0,2,0,0.202655,0,0.40531,0.202655,1.93827,,,2,0,entitled_team+opportunity_side+inning_bucket
St. Louis Cardinals,DEFENSE,4-6,ALL,112,26,0.232143,26,112,0,0.186599,6.72718,14.172,0.16479,0.838527,,,17,3,entitled_team+opportunity_side+inning_bucket
St. Louis Cardinals,DEFENSE,7-9,ALL,73,27,0.369863,27,73,0,0.194188,6.77241,7.40331,0.160942,1.01055,,,32,1,entitled_team+opportunity_side+inning_bucket
St. Louis Cardinals,OFFENSE,1-3,ALL,114,10,0.0877193,10,113,1,0.136483,1.89192,13.5306,0.130102,0.937835,0.143582,16.3683,5,1,entitled_team+opportunity_side+inning_bucket
St. Louis Cardinals,OFFENSE,10+,ALL,5,2,0.4,2,5,0,0.100373,0.248505,0.253359,0.0844529,1.04369,0.188378,0.941888,4,0,entitled_team+opportunity_side+inning_bucket
St. Louis Cardinals,OFFENSE,4-6,ALL,132,22,0.166667,22,132,0,0.131906,3.70536,13.7062,0.124602,0.993302,0.179689,23.7189,26,1,entitled_team+opportunity_side+inning_bucket
St. Louis Cardinals,OFFENSE,7-9,ALL,99,22,0.222222,22,99,0,0.139491,3.39651,10.4131,0.135235,1.10849,0.23624,23.3878,35,0,entitled_team+opportunity_side+inning_bucket
Tampa Bay Rays,DEFENSE,1-3,ALL,114,34,0.298246,34,114,0,0.163459,5.58008,13.0542,0.163178,0.979225,,,9,4,entitled_team+opportunity_side+inning_bucket
Tampa Bay Rays,DEFENSE,10+,ALL,2,0,0,0,2,0,0.0848134,0,0.169627,0.0848134,0.135146,,,2,0,entitled_team+opportunity_side+inning_bucket
Tampa Bay Rays,DEFENSE,4-6,ALL,90,37,0.411111,37,89,1,0.115703,5.54762,4.74992,0.0913447,0.959492,,,29,2,entitled_team+opportunity_side+inning_bucket
Tampa Bay Rays,DEFENSE,7-9,ALL,68,29,0.426471,29,68,0,0.148326,5.69961,4.38658,0.112476,1.1586,,,39,2,entitled_team+opportunity_side+inning_bucket
Tampa Bay Rays,OFFENSE,1-3,ALL,117,12,0.102564,12,117,0,0.163633,2.17857,16.9665,0.161585,1.0481,0.163402,19.118,11,1,entitled_team+opportunity_side+inning_bucket
Tampa Bay Rays,OFFENSE,10+,ALL,8,3,0.375,3,8,0,0.162792,0.526848,0.775486,0.155097,1.89265,0.37138,2.97104,8,1,entitled_team+opportunity_side+inning_bucket
Tampa Bay Rays,OFFENSE,4-6,ALL,154,33,0.214286,33,154,0,0.146378,5.49883,17.0434,0.140855,1.0348,0.200849,30.9308,47,2,entitled_team+opportunity_side+inning_bucket
Tampa Bay Rays,OFFENSE,7-9,ALL,97,16,0.164948,16,97,0,0.140103,1.85779,11.7322,0.144842,0.926111,0.212175,20.581,41,1,entitled_team+opportunity_side+inning_bucket
Texas Rangers,DEFENSE,1-3,ALL,137,33,0.240876,33,137,0,0.149446,7.39822,13.0758,0.125729,0.858676,,,15,2,entitled_team+opportunity_side+inning_bucket
Texas Rangers,DEFENSE,10+,ALL,2,0,0,0,2,0,0.192383,0,0.384766,0.192383,1.68773,,,1,0,entitled_team+opportunity_side+inning_bucket
Texas Rangers,DEFENSE,4-6,ALL,104,32,0.307692,32,104,0,0.14531,5.62253,9.48972,0.131802,0.951703,,,22,0,entitled_team+opportunity_side+inning_bucket
Texas Rangers,DEFENSE,7-9,ALL,82,25,0.304878,25,80,2,0.14306,4.36429,7.08052,0.128737,1.05519,,,42,4,entitled_team+opportunity_side+inning_bucket
Texas Rangers,OFFENSE,1-3,ALL,134,16,0.119403,16,134,0,0.155667,4.91195,15.9475,0.135148,0.84592,0.151754,20.335,11,1,entitled_team+opportunity_side+inning_bucket
Texas Rangers,OFFENSE,10+,ALL,2,0,0,0,2,0,0.163795,0,0.327591,0.163795,1.06132,0.234929,0.469858,0,0,entitled_team+opportunity_side+inning_bucket
Texas Rangers,OFFENSE,4-6,ALL,117,28,0.239316,28,117,0,0.139829,5.5213,10.8387,0.121783,1.04756,0.218969,25.6193,23,0,entitled_team+opportunity_side+inning_bucket
Texas Rangers,OFFENSE,7-9,ALL,107,20,0.186916,20,107,0,0.153459,3.45251,12.9676,0.149053,0.933547,0.244095,26.1181,48,0,entitled_team+opportunity_side+inning_bucket
Toronto Blue Jays,DEFENSE,1-3,ALL,104,25,0.240385,25,103,1,0.177016,4.61087,13.6218,0.174639,1.12512,,,16,4,entitled_team+opportunity_side+inning_bucket
Toronto Blue Jays,DEFENSE,4-6,ALL,76,25,0.328947,25,76,0,0.160019,4.955,7.20642,0.141302,0.897382,,,36,1,entitled_team+opportunity_side+inning_bucket
Toronto Blue Jays,DEFENSE,7-9,ALL,84,41,0.488095,41,83,1,0.139027,6.87331,4.66597,0.111094,0.928347,,,39,1,entitled_team+opportunity_side+inning_bucket
Toronto Blue Jays,OFFENSE,1-3,ALL,106,21,0.198113,21,106,0,0.122196,3.31428,9.63847,0.113394,1.09266,0.14639,15.5173,14,0,entitled_team+opportunity_side+inning_bucket
Toronto Blue Jays,OFFENSE,10+,ALL,7,4,0.571429,4,7,0,0.130755,0.462864,0.452421,0.150807,0.967561,0.210568,1.47397,5,0,entitled_team+opportunity_side+inning_bucket
Toronto Blue Jays,OFFENSE,4-6,ALL,131,24,0.183206,24,131,0,0.139883,5.28238,13.0423,0.12189,0.94854,0.178891,23.4348,53,1,entitled_team+opportunity_side+inning_bucket
Toronto Blue Jays,OFFENSE,7-9,ALL,98,28,0.285714,28,98,0,0.129812,4.70676,8.01477,0.114497,1.17389,0.236228,23.1503,50,0,entitled_team+opportunity_side+inning_bucket
Washington Nationals,DEFENSE,1-3,ALL,125,30,0.24,30,124,1,0.155834,5.96326,13.3602,0.140633,0.9303,,,17,5,entitled_team+opportunity_side+inning_bucket
Washington Nationals,DEFENSE,10+,ALL,3,2,0.666667,2,3,0,0.129046,0.248939,0.138198,0.138198,2.20755,,,3,0,entitled_team+opportunity_side+inning_bucket
Washington Nationals,DEFENSE,4-6,ALL,112,31,0.276786,31,112,0,0.147982,6.11149,10.4625,0.129167,0.894583,,,26,1,entitled_team+opportunity_side+inning_bucket
Washington Nationals,DEFENSE,7-9,ALL,83,37,0.445783,37,82,1,0.159907,5.62652,7.48583,0.162735,0.895602,,,40,2,entitled_team+opportunity_side+inning_bucket
Washington Nationals,OFFENSE,1-3,ALL,123,16,0.130081,16,123,0,0.145243,3.59686,14.268,0.133346,0.933388,0.156601,19.2619,24,3,entitled_team+opportunity_side+inning_bucket
Washington Nationals,OFFENSE,10+,ALL,4,1,0.25,1,4,0,0.239441,0.189589,0.768174,0.256058,0.808386,0.275666,1.10266,3,0,entitled_team+opportunity_side+inning_bucket
Washington Nationals,OFFENSE,4-6,ALL,146,18,0.123288,18,146,0,0.141298,3.33653,17.293,0.135102,1.18752,0.204865,29.9103,43,0,entitled_team+opportunity_side+inning_bucket
Washington Nationals,OFFENSE,7-9,ALL,102,18,0.176471,18,102,0,0.132095,3.2871,10.1866,0.121269,0.925233,0.210555,21.4766,66,0,entitled_team+opportunity_side+inning_bucket
Arizona Diamondbacks,DEFENSE,ALL,1,68,17,0.25,17,68,0,0.152429,3.40154,6.96366,0.136542,0.862623,,,68,0,entitled_team+opportunity_side+inventory
Arizona Diamondbacks,DEFENSE,ALL,2,229,77,0.336245,77,228,1,0.158085,12.9541,23.0892,0.152909,0.927968,,,0,6,entitled_team+opportunity_side+inventory
Arizona Diamondbacks,OFFENSE,ALL,1,126,21,0.166667,21,126,0,0.14748,4.13099,14.4514,0.137633,1.10125,0.196078,24.7058,126,0,entitled_team+opportunity_side+inventory
Arizona Diamondbacks,OFFENSE,ALL,2,270,52,0.192593,52,270,0,0.14025,10.4083,27.4594,0.12596,1.02973,0.20356,54.9612,0,2,entitled_team+opportunity_side+inventory
Athletics,DEFENSE,ALL,1,103,36,0.349515,36,103,0,0.18282,8.38799,10.4424,0.155857,0.956704,,,103,2,entitled_team+opportunity_side+inventory
Athletics,DEFENSE,ALL,2,278,93,0.334532,93,276,2,0.169167,21.1527,25.5374,0.13804,0.900277,,,0,12,entitled_team+opportunity_side+inventory
Athletics,OFFENSE,ALL,1,99,20,0.20202,20,99,0,0.17474,4.71976,12.5795,0.159234,0.951399,0.206728,20.4661,99,0,entitled_team+opportunity_side+inventory
Athletics,OFFENSE,ALL,2,253,53,0.209486,53,253,0,0.123629,7.8968,23.3814,0.116907,0.998951,0.201515,50.9834,0,2,entitled_team+opportunity_side+inventory
Atlanta Braves,DEFENSE,ALL,1,67,23,0.343284,23,66,1,0.141594,3.37559,5.9696,0.135673,0.73595,,,67,3,entitled_team+opportunity_side+inventory
Atlanta Braves,DEFENSE,ALL,2,214,73,0.341121,73,214,0,0.158078,12.7161,21.1127,0.149735,1.07065,,,0,6,entitled_team+opportunity_side+inventory
Atlanta Braves,OFFENSE,ALL,1,66,12,0.181818,12,66,0,0.136789,2.87365,6.15441,0.113971,1.00012,0.190554,12.5765,66,3,entitled_team+opportunity_side+inventory
Atlanta Braves,OFFENSE,ALL,2,230,34,0.147826,34,230,0,0.142437,7.99843,24.7621,0.126337,1.02928,0.194242,44.6756,0,0,entitled_team+opportunity_side+inventory
Baltimore Orioles,DEFENSE,ALL,1,93,18,0.193548,18,92,1,0.13374,3.49044,8.81367,0.119104,0.931171,,,93,5,entitled_team+opportunity_side+inventory
Baltimore Orioles,DEFENSE,ALL,2,222,56,0.252252,56,221,1,0.14189,9.6607,21.6971,0.130705,0.919925,,,0,4,entitled_team+opportunity_side+inventory
Baltimore Orioles,OFFENSE,ALL,1,118,22,0.186441,22,118,0,0.168819,5.59725,14.3234,0.149202,1.10268,0.203981,24.0698,118,1,entitled_team+opportunity_side+inventory
Baltimore Orioles,OFFENSE,ALL,2,271,51,0.188192,51,271,0,0.137319,10.3389,26.8744,0.122157,1.1039,0.210724,57.1063,0,3,entitled_team+opportunity_side+inventory
Boston Red Sox,DEFENSE,ALL,1,93,23,0.247312,23,92,1,0.161455,3.95769,10.8961,0.155659,0.913308,,,93,2,entitled_team+opportunity_side+inventory
Boston Red Sox,DEFENSE,ALL,2,229,61,0.266376,61,227,2,0.165361,13.1984,24.3386,0.146618,0.913362,,,0,7,entitled_team+opportunity_side+inventory
Boston Red Sox,OFFENSE,ALL,1,98,24,0.244898,24,98,0,0.160246,6.22747,9.4766,0.128062,1.17222,0.228439,22.387,98,1,entitled_team+opportunity_side+inventory
Boston Red Sox,OFFENSE,ALL,2,269,53,0.197026,53,269,0,0.148048,9.77285,30.0522,0.139131,1.08134,0.198684,53.446,0,3,entitled_team+opportunity_side+inventory
Chicago Cubs,DEFENSE,ALL,1,66,11,0.166667,11,66,0,0.163245,1.88235,8.89182,0.161669,0.803713,,,66,1,entitled_team+opportunity_side+inventory
Chicago Cubs,DEFENSE,ALL,2,265,96,0.362264,96,264,1,0.147869,16.8711,22.1662,0.131942,0.898883,,,0,8,entitled_team+opportunity_side+inventory
Chicago Cubs,OFFENSE,ALL,1,75,13,0.173333,13,75,0,0.138299,2.75803,7.61436,0.122812,1.06058,0.194865,14.6148,75,0,entitled_team+opportunity_side+inventory
Chicago Cubs,OFFENSE,ALL,2,288,61,0.211806,61,288,0,0.159827,14.5252,31.5051,0.138789,0.896485,0.179706,51.7553,0,1,entitled_team+opportunity_side+inventory
Chicago White Sox,DEFENSE,ALL,1,113,43,0.380531,43,113,0,0.167503,9.80704,9.12075,0.130296,0.836313,,,113,3,entitled_team+opportunity_side+inventory
Chicago White Sox,DEFENSE,ALL,2,197,79,0.401015,79,197,0,0.161198,15.3845,16.3715,0.138741,1.06474,,,0,9,entitled_team+opportunity_side+inventory
Chicago White Sox,OFFENSE,ALL,1,122,25,0.204918,25,122,0,0.153377,4.97649,13.7355,0.141604,1.15784,0.215158,26.2493,122,0,entitled_team+opportunity_side+inventory
Chicago White Sox,OFFENSE,ALL,2,204,43,0.210784,43,204,0,0.143515,7.57343,21.7037,0.134805,0.956193,0.173756,35.4461,0,1,entitled_team+opportunity_side+inventory
Cincinnati Reds,DEFENSE,ALL,1,91,19,0.208791,19,90,1,0.153097,4.48507,9.29369,0.130897,0.926772,,,91,1,entitled_team+opportunity_side+inventory
Cincinnati Reds,DEFENSE,ALL,2,292,107,0.366438,107,290,2,0.155871,21.3707,23.832,0.130229,1.01209,,,0,11,entitled_team+opportunity_side+inventory
Cincinnati Reds,OFFENSE,ALL,1,106,21,0.198113,21,105,1,0.162026,4.01635,12.9964,0.154719,1.20519,0.234609,24.8686,106,1,entitled_team+opportunity_side+inventory
Cincinnati Reds,OFFENSE,ALL,2,308,67,0.217532,67,308,0,0.152888,17.689,29.4004,0.121993,1.0156,0.218276,67.229,0,1,entitled_team+opportunity_side+inventory
Cleveland Guardians,DEFENSE,ALL,1,92,30,0.326087,30,91,1,0.139415,5.06818,7.61855,0.124894,1.07059,,,92,3,entitled_team+opportunity_side+inventory
Cleveland Guardians,DEFENSE,ALL,2,188,61,0.324468,61,185,3,0.156626,10.2952,18.6806,0.149445,0.837452,,,0,9,entitled_team+opportunity_side+inventory
Cleveland Guardians,OFFENSE,ALL,1,126,20,0.15873,20,126,0,0.135575,3.9029,13.1795,0.124335,0.98838,0.17108,21.5561,126,0,entitled_team+opportunity_side+inventory
Cleveland Guardians,OFFENSE,ALL,2,244,38,0.155738,38,243,1,0.135032,5.82441,26.9883,0.131011,1.01721,0.200748,48.9825,0,3,entitled_team+opportunity_side+inventory
Colorado Rockies,DEFENSE,ALL,1,107,42,0.392523,42,107,0,0.181425,10.4702,8.94229,0.137574,0.918599,,,107,4,entitled_team+opportunity_side+inventory
Colorado Rockies,DEFENSE,ALL,2,198,78,0.393939,78,198,0,0.148424,13.8136,15.5742,0.129785,0.868658,,,0,3,entitled_team+opportunity_side+inventory
Colorado Rockies,OFFENSE,ALL,1,101,19,0.188119,19,101,0,0.15627,5.07087,10.7124,0.130639,1.08471,0.197549,19.9524,101,1,entitled_team+opportunity_side+inventory
Colorado Rockies,OFFENSE,ALL,2,209,49,0.23445,49,209,0,0.14529,9.98953,20.3761,0.12735,1.03801,0.182996,38.2463,0,1,entitled_team+opportunity_side+inventory
Detroit Tigers,DEFENSE,ALL,1,65,15,0.230769,15,65,0,0.137364,2.92194,6.00672,0.120134,0.7341,,,65,1,entitled_team+opportunity_side+inventory
Detroit Tigers,DEFENSE,ALL,2,243,76,0.312757,76,243,0,0.133505,12.0395,20.4022,0.122169,0.876985,,,0,5,entitled_team+opportunity_side+inventory
Detroit Tigers,OFFENSE,ALL,1,75,18,0.24,18,75,0,0.126463,3.06201,6.42274,0.11268,1.05928,0.193206,14.4904,75,0,entitled_team+opportunity_side+inventory
Detroit Tigers,OFFENSE,ALL,2,304,63,0.207237,63,304,0,0.138832,12.3292,29.8756,0.123965,0.951357,0.198746,60.4189,0,0,entitled_team+opportunity_side+inventory
Houston Astros,DEFENSE,ALL,1,98,23,0.234694,23,98,0,0.149799,4.13825,10.5421,0.140561,0.991275,,,98,3,entitled_team+opportunity_side+inventory
Houston Astros,DEFENSE,ALL,2,217,72,0.331797,72,216,1,0.123446,9.884,16.7803,0.115726,0.90205,,,0,4,entitled_team+opportunity_side+inventory
Houston Astros,OFFENSE,ALL,1,110,29,0.263636,29,110,0,0.136783,4.88954,10.1566,0.125391,0.952042,0.16438,18.0818,110,0,entitled_team+opportunity_side+inventory
Houston Astros,OFFENSE,ALL,2,212,57,0.268868,57,212,0,0.150249,10.6518,21.201,0.136781,0.934366,0.178688,37.8818,0,2,entitled_team+opportunity_side+inventory
Kansas City Royals,DEFENSE,ALL,1,76,13,0.171053,13,76,0,0.130657,1.781,8.14895,0.129348,0.849518,,,76,3,entitled_team+opportunity_side+inventory
Kansas City Royals,DEFENSE,ALL,2,252,76,0.301587,76,252,0,0.142422,13.6766,22.2137,0.126214,0.929034,,,0,7,entitled_team+opportunity_side+inventory
Kansas City Royals,OFFENSE,ALL,1,109,17,0.155963,17,109,0,0.119115,3.39503,9.58852,0.104223,0.905019,0.162693,17.7335,109,0,entitled_team+opportunity_side+inventory
Kansas City Royals,OFFENSE,ALL,2,257,59,0.229572,59,257,0,0.139867,10.1302,25.8155,0.130381,0.966794,0.204319,52.5099,0,1,entitled_team+opportunity_side+inventory
Los Angeles Angels,DEFENSE,ALL,1,104,21,0.201923,21,103,1,0.175584,5.37092,12.7142,0.155051,0.940611,,,104,2,entitled_team+opportunity_side+inventory
Los Angeles Angels,DEFENSE,ALL,2,261,82,0.314176,82,261,0,0.14916,14.836,24.0949,0.134608,0.933053,,,0,3,entitled_team+opportunity_side+inventory
Los Angeles Angels,OFFENSE,ALL,1,111,24,0.216216,24,111,0,0.152958,4.8891,12.0893,0.138957,1.16672,0.217491,24.1415,111,0,entitled_team+opportunity_side+inventory
Los Angeles Angels,OFFENSE,ALL,2,258,48,0.186047,48,258,0,0.150235,13.8732,24.8875,0.118512,0.962549,0.210845,54.398,0,1,entitled_team+opportunity_side+inventory
Los Angeles Dodgers,DEFENSE,ALL,1,73,13,0.178082,13,73,0,0.151305,2.76167,8.28363,0.138061,0.833354,,,73,0,entitled_team+opportunity_side+inventory
Los Angeles Dodgers,DEFENSE,ALL,2,244,69,0.282787,69,244,0,0.153234,12.4939,24.8953,0.142259,0.932685,,,0,6,entitled_team+opportunity_side+inventory
Los Angeles Dodgers,OFFENSE,ALL,1,98,19,0.193878,19,98,0,0.147745,4.18354,10.2955,0.130323,1.05395,0.171314,16.7888,98,0,entitled_team+opportunity_side+inventory
Los Angeles Dodgers,OFFENSE,ALL,2,275,56,0.203636,56,275,0,0.142926,11.3638,27.9409,0.127584,0.950969,0.195455,53.7502,0,1,entitled_team+opportunity_side+inventory
Miami Marlins,DEFENSE,ALL,1,86,35,0.406977,35,86,0,0.159976,5.8296,7.92838,0.155458,0.944996,,,86,4,entitled_team+opportunity_side+inventory
Miami Marlins,DEFENSE,ALL,2,213,97,0.455399,97,212,1,0.152262,15.3063,16.9732,0.147593,0.92545,,,0,6,entitled_team+opportunity_side+inventory
Miami Marlins,OFFENSE,ALL,1,126,24,0.190476,24,126,0,0.159674,5.95407,14.1648,0.138871,0.886577,0.1841,23.1965,126,0,entitled_team+opportunity_side+inventory
Miami Marlins,OFFENSE,ALL,2,283,48,0.169611,48,283,0,0.136319,9.37968,29.1987,0.12425,1.07804,0.214595,60.7304,0,2,entitled_team+opportunity_side+inventory
Milwaukee Brewers,DEFENSE,ALL,1,93,32,0.344086,32,93,0,0.168451,6.78864,8.87734,0.14553,0.944367,,,93,1,entitled_team+opportunity_side+inventory
Milwaukee Brewers,DEFENSE,ALL,2,246,92,0.373984,92,246,0,0.145495,15.3215,20.4701,0.132923,0.90342,,,0,2,entitled_team+opportunity_side+inventory
Milwaukee Brewers,OFFENSE,ALL,1,145,18,0.124138,18,144,1,0.149233,3.375,18.1146,0.143767,0.969044,0.199479,28.9245,145,4,entitled_team+opportunity_side+inventory
Milwaukee Brewers,OFFENSE,ALL,2,274,31,0.113139,31,274,0,0.139767,6.25939,32.0367,0.131838,0.955513,0.186717,51.1604,0,0,entitled_team+opportunity_side+inventory
Minnesota Twins,DEFENSE,ALL,1,109,45,0.412844,45,108,1,0.209063,10.1034,12.4754,0.198022,0.901552,,,109,2,entitled_team+opportunity_side+inventory
Minnesota Twins,DEFENSE,ALL,2,221,91,0.411765,91,220,1,0.157635,18.1201,16.5596,0.128369,0.902231,,,0,5,entitled_team+opportunity_side+inventory
Minnesota Twins,OFFENSE,ALL,1,108,32,0.296296,32,107,1,0.133542,6.4345,7.85455,0.103349,1.01726,0.186786,20.1728,108,1,entitled_team+opportunity_side+inventory
Minnesota Twins,OFFENSE,ALL,2,215,51,0.237209,51,215,0,0.137082,9.54519,19.9273,0.121508,1.06329,0.206022,44.2948,0,0,entitled_team+opportunity_side+inventory
New York Mets,DEFENSE,ALL,1,97,28,0.28866,28,97,0,0.193432,6.10169,12.6613,0.183496,0.80155,,,97,1,entitled_team+opportunity_side+inventory
New York Mets,DEFENSE,ALL,2,197,62,0.314721,62,195,2,0.151339,11.6216,17.8895,0.133504,1.01158,,,0,5,entitled_team+opportunity_side+inventory
New York Mets,OFFENSE,ALL,1,115,34,0.295652,34,115,0,0.1477,6.26363,10.7219,0.132369,1.05448,0.181976,20.9272,115,1,entitled_team+opportunity_side+inventory
New York Mets,OFFENSE,ALL,2,248,54,0.217742,54,248,0,0.138829,9.51953,24.9101,0.128403,1.0164,0.200108,49.6268,0,5,entitled_team+opportunity_side+inventory
New York Yankees,DEFENSE,ALL,1,89,26,0.292135,26,89,0,0.146403,5.18048,7.8494,0.124594,0.89563,,,89,2,entitled_team+opportunity_side+inventory
New York Yankees,DEFENSE,ALL,2,185,81,0.437838,81,184,1,0.148543,14.4296,12.9023,0.125265,0.95695,,,0,4,entitled_team+opportunity_side+inventory
New York Yankees,OFFENSE,ALL,1,113,29,0.256637,29,113,0,0.148067,5.15068,11.5809,0.137867,0.96655,0.196922,22.2522,113,0,entitled_team+opportunity_side+inventory
New York Yankees,OFFENSE,ALL,2,213,62,0.29108,62,213,0,0.149451,11.1566,20.6764,0.13693,1.00746,0.211661,45.0838,0,2,entitled_team+opportunity_side+inventory
Philadelphia Phillies,DEFENSE,ALL,1,98,23,0.234694,23,98,0,0.153431,4.67724,10.359,0.13812,0.88661,,,98,3,entitled_team+opportunity_side+inventory
Philadelphia Phillies,DEFENSE,ALL,2,215,64,0.297674,64,215,0,0.166531,12.8223,22.9819,0.152198,0.945504,,,0,1,entitled_team+opportunity_side+inventory
Philadelphia Phillies,OFFENSE,ALL,1,104,25,0.240385,25,104,0,0.156884,5.69903,10.6169,0.134392,0.904508,0.188352,19.5886,104,0,entitled_team+opportunity_side+inventory
Philadelphia Phillies,OFFENSE,ALL,2,242,56,0.231405,55,242,0,0.130504,8.19635,23.1222,0.124313,0.969093,0.188311,45.5713,0,2,entitled_team+opportunity_side+inventory
Pittsburgh Pirates,DEFENSE,ALL,1,103,17,0.165049,17,102,1,0.198132,3.38068,16.8288,0.197986,0.714506,,,103,3,entitled_team+opportunity_side+inventory
Pittsburgh Pirates,DEFENSE,ALL,2,216,65,0.300926,65,215,1,0.139988,11.3869,18.7106,0.124737,0.994752,,,0,5,entitled_team+opportunity_side+inventory
Pittsburgh Pirates,OFFENSE,ALL,1,125,18,0.144,18,125,0,0.14699,3.13907,15.2347,0.14238,1.1978,0.216558,27.0697,125,0,entitled_team+opportunity_side+inventory
Pittsburgh Pirates,OFFENSE,ALL,2,234,48,0.205128,48,234,0,0.141765,9.00591,24.1671,0.129931,1.03093,0.197997,46.3312,0,0,entitled_team+opportunity_side+inventory
San Diego Padres,DEFENSE,ALL,1,90,22,0.244444,22,89,1,0.166589,4.07127,10.7551,0.160525,1.00931,,,90,7,entitled_team+opportunity_side+inventory
San Diego Padres,DEFENSE,ALL,2,225,76,0.337778,76,225,0,0.172623,14.2453,24.5949,0.165067,0.969434,,,0,7,entitled_team+opportunity_side+inventory
San Diego Padres,OFFENSE,ALL,1,86,15,0.174419,15,86,0,0.156603,2.74462,10.7232,0.151032,1.06875,0.200345,17.2297,86,0,entitled_team+opportunity_side+inventory
San Diego Padres,OFFENSE,ALL,2,232,40,0.172414,40,232,0,0.13901,7.46517,24.7852,0.12909,0.949432,0.187653,43.5355,0,1,entitled_team+opportunity_side+inventory
San Francisco Giants,DEFENSE,ALL,1,93,26,0.27957,26,93,0,0.145769,4.53596,9.02055,0.134635,1.08364,,,93,2,entitled_team+opportunity_side+inventory
San Francisco Giants,DEFENSE,ALL,2,203,62,0.305419,62,203,0,0.135571,10.0314,17.4895,0.124039,0.878701,,,0,5,entitled_team+opportunity_side+inventory
San Francisco Giants,OFFENSE,ALL,1,86,14,0.162791,14,86,0,0.143787,2.61672,9.74897,0.135402,0.911926,0.189043,16.2577,86,0,entitled_team+opportunity_side+inventory
San Francisco Giants,OFFENSE,ALL,2,258,50,0.193798,50,258,0,0.143421,9.88185,27.1207,0.130388,0.958869,0.193531,49.9309,0,1,entitled_team+opportunity_side+inventory
Seattle Mariners,DEFENSE,ALL,1,93,31,0.333333,31,93,0,0.173918,7.29547,8.87892,0.143208,0.877598,,,93,2,entitled_team+opportunity_side+inventory
Seattle Mariners,DEFENSE,ALL,2,209,56,0.267943,56,209,0,0.158812,11.5127,21.6789,0.141692,0.796363,,,0,1,entitled_team+opportunity_side+inventory
Seattle Mariners,OFFENSE,ALL,1,103,18,0.174757,18,103,0,0.152938,3.68368,12.0689,0.141987,0.891479,0.176305,18.1594,103,0,entitled_team+opportunity_side+inventory
Seattle Mariners,OFFENSE,ALL,2,250,43,0.172,43,250,0,0.152707,9.46473,28.7119,0.138705,0.986747,0.207251,51.8126,0,1,entitled_team+opportunity_side+inventory
St. Louis Cardinals,DEFENSE,ALL,1,59,16,0.271186,16,59,0,0.158044,3.34106,5.98352,0.139152,1.02517,,,59,1,entitled_team+opportunity_side+inventory
St. Louis Cardinals,DEFENSE,ALL,2,245,55,0.22449,55,245,0,0.178633,14.6374,29.1278,0.153304,0.915245,,,0,5,entitled_team+opportunity_side+inventory
St. Louis Cardinals,OFFENSE,ALL,1,70,10,0.142857,10,70,0,0.112796,1.27997,6.61575,0.110262,0.982275,0.171732,12.0213,70,0,entitled_team+opportunity_side+inventory
St. Louis Cardinals,OFFENSE,ALL,2,280,46,0.164286,46,279,1,0.14068,7.96233,31.2875,0.133707,1.0151,0.187127,52.3957,0,2,entitled_team+opportunity_side+inventory
Tampa Bay Rays,DEFENSE,ALL,1,79,29,0.367089,29,79,0,0.162825,7.49282,5.37036,0.107407,1.01425,,,79,1,entitled_team+opportunity_side+inventory
Tampa Bay Rays,DEFENSE,ALL,2,195,71,0.364103,71,194,1,0.135693,9.33448,16.99,0.13813,1.00982,,,0,7,entitled_team+opportunity_side+inventory
Tampa Bay Rays,OFFENSE,ALL,1,107,16,0.149533,16,107,0,0.149524,2.50616,13.4929,0.148273,1.07374,0.189799,20.3085,107,3,entitled_team+opportunity_side+inventory
Tampa Bay Rays,OFFENSE,ALL,2,269,48,0.178439,48,269,0,0.150857,7.55587,33.0247,0.149433,1.01141,0.198113,53.2924,0,2,entitled_team+opportunity_side+inventory
Texas Rangers,DEFENSE,ALL,1,80,21,0.2625,21,80,0,0.14013,3.64808,7.56233,0.128175,0.949233,,,80,1,entitled_team+opportunity_side+inventory
Texas Rangers,DEFENSE,ALL,2,245,69,0.281633,69,243,2,0.148994,13.737,22.4685,0.129129,0.941135,,,0,5,entitled_team+opportunity_side+inventory
Texas Rangers,OFFENSE,ALL,1,82,14,0.170732,14,82,0,0.155537,3.32472,9.42933,0.138667,1.00242,0.209567,17.1845,82,0,entitled_team+opportunity_side+inventory
Texas Rangers,OFFENSE,ALL,2,278,50,0.179856,50,278,0,0.148248,10.561,30.652,0.134439,0.919896,0.199129,55.3579,0,1,entitled_team+opportunity_side+inventory
Toronto Blue Jays,DEFENSE,ALL,1,91,29,0.318681,29,90,1,0.152414,4.70981,9.00747,0.147663,0.990471,,,91,2,entitled_team+opportunity_side+inventory
Toronto Blue Jays,DEFENSE,ALL,2,173,62,0.358382,62,172,1,0.164047,11.7294,16.4867,0.149879,1.00036,,,0,4,entitled_team+opportunity_side+inventory
Toronto Blue Jays,OFFENSE,ALL,1,122,23,0.188525,23,122,0,0.121109,2.92143,11.8539,0.119736,1.02977,0.167899,20.4837,122,1,entitled_team+opportunity_side+inventory
Toronto Blue Jays,OFFENSE,ALL,2,220,54,0.245455,54,220,0,0.136995,10.8448,19.2941,0.116229,1.07392,0.195876,43.0927,0,0,entitled_team+opportunity_side+inventory
Washington Nationals,DEFENSE,ALL,1,86,26,0.302326,26,85,1,0.161398,4.94653,8.77227,0.146205,1.04792,,,86,4,entitled_team+opportunity_side+inventory
Washington Nationals,DEFENSE,ALL,2,237,74,0.312236,74,236,1,0.151178,13.0037,22.6744,0.139107,0.874756,,,0,4,entitled_team+opportunity_side+inventory
Washington Nationals,OFFENSE,ALL,1,136,18,0.132353,18,136,0,0.139587,4.04455,14.9393,0.126604,0.994664,0.189819,25.8153,136,0,entitled_team+opportunity_side+inventory
Washington Nationals,OFFENSE,ALL,2,239,35,0.146444,35,239,0,0.142017,6.36551,27.5766,0.13518,1.04819,0.192201,45.9361,0,3,entitled_team+opportunity_side+inventory
Arizona Diamondbacks,DEFENSE,ALL,ALL,297,94,0.316498,94,296,1,0.156785,16.3556,30.0529,0.148777,0.913007,,,68,6,entitled_team+opportunity_side
Arizona Diamondbacks,OFFENSE,ALL,ALL,396,73,0.184343,73,396,0,0.142551,14.5393,41.9108,0.129755,1.05249,0.20118,79.6671,126,2,entitled_team+opportunity_side
Athletics,DEFENSE,ALL,ALL,381,129,0.338583,129,379,2,0.172877,29.5407,35.9799,0.142777,0.915531,,,103,14,entitled_team+opportunity_side
Athletics,OFFENSE,ALL,ALL,352,73,0.207386,73,352,0,0.138004,12.6166,35.9609,0.128892,0.985577,0.202982,71.4495,99,2,entitled_team+opportunity_side
Atlanta Braves,DEFENSE,ALL,ALL,281,96,0.341637,96,280,1,0.154193,16.0917,27.0823,0.146391,0.990848,,,67,9,entitled_team+opportunity_side
Atlanta Braves,OFFENSE,ALL,ALL,296,46,0.155405,46,296,0,0.141178,10.8721,30.9165,0.123666,1.02278,0.193419,57.2521,66,3,entitled_team+opportunity_side
Baltimore Orioles,DEFENSE,ALL,ALL,315,74,0.234921,74,313,2,0.139495,13.1511,30.5107,0.127128,0.923245,,,93,9,entitled_team+opportunity_side
Baltimore Orioles,OFFENSE,ALL,ALL,389,73,0.187661,73,389,0,0.146874,15.9362,41.1978,0.130373,1.10353,0.208679,81.1761,118,4,entitled_team+opportunity_side
Boston Red Sox,DEFENSE,ALL,ALL,322,84,0.26087,84,319,3,0.164235,17.1561,35.2347,0.1493,0.913347,,,93,9,entitled_team+opportunity_side
Boston Red Sox,OFFENSE,ALL,ALL,367,77,0.209809,77,367,0,0.151305,16.0003,39.5288,0.136306,1.10561,0.206629,75.833,98,4,entitled_team+opportunity_side
Chicago Cubs,DEFENSE,ALL,ALL,331,107,0.323263,107,330,1,0.150944,18.7535,31.0581,0.139274,0.879907,,,66,9,entitled_team+opportunity_side
Chicago Cubs,OFFENSE,ALL,ALL,363,74,0.203857,74,363,0,0.155379,17.2832,39.1195,0.135362,0.930389,0.182838,66.3701,75,1,entitled_team+opportunity_side
Chicago White Sox,DEFENSE,ALL,ALL,310,122,0.393548,122,310,0,0.163496,25.1916,25.4922,0.135597,0.981478,,,113,12,entitled_team+opportunity_side
Chicago White Sox,OFFENSE,ALL,ALL,326,68,0.208589,68,326,0,0.147206,12.5499,35.4392,0.137361,1.03165,0.18925,61.6954,122,1,entitled_team+opportunity_side
Cincinnati Reds,DEFENSE,ALL,ALL,383,126,0.328982,126,380,3,0.155214,25.8558,33.1256,0.130416,0.991819,,,91,12,entitled_team+opportunity_side
Cincinnati Reds,OFFENSE,ALL,ALL,414,88,0.21256,88,413,1,0.155211,21.7053,42.3968,0.130452,1.06414,0.222458,92.0976,106,2,entitled_team+opportunity_side
Cleveland Guardians,DEFENSE,ALL,ALL,280,91,0.325,91,276,4,0.150951,15.3634,26.2992,0.141394,0.914055,,,92,12,entitled_team+opportunity_side
Cleveland Guardians,OFFENSE,ALL,ALL,370,58,0.156757,58,369,1,0.135217,9.72732,40.1678,0.128743,1.00739,0.190645,70.5386,126,3,entitled_team+opportunity_side
Colorado Rockies,DEFENSE,ALL,ALL,305,120,0.393443,120,305,0,0.160001,24.2838,24.5165,0.132522,0.886178,,,107,7,entitled_team+opportunity_side
Colorado Rockies,OFFENSE,ALL,ALL,310,68,0.219355,68,310,0,0.148867,15.0604,31.0884,0.128465,1.05322,0.187738,58.1987,101,2,entitled_team+opportunity_side
Detroit Tigers,DEFENSE,ALL,ALL,308,91,0.295455,91,308,0,0.134319,14.9615,26.4089,0.1217,0.84683,,,65,6,entitled_team+opportunity_side
Detroit Tigers,OFFENSE,ALL,ALL,379,81,0.21372,81,379,0,0.136384,15.3912,36.2983,0.121807,0.972713,0.19765,74.9093,75,0,entitled_team+opportunity_side
Houston Astros,DEFENSE,ALL,ALL,315,95,0.301587,95,314,1,0.131671,14.0223,27.3224,0.124193,0.929809,,,98,7,entitled_team+opportunity_side
Houston Astros,OFFENSE,ALL,ALL,322,86,0.267081,86,322,0,0.145649,15.5413,31.3576,0.132871,0.940404,0.1738,55.9636,110,2,entitled_team+opportunity_side
Kansas City Royals,DEFENSE,ALL,ALL,328,89,0.271341,89,328,0,0.139696,15.4576,30.3626,0.12704,0.91061,,,76,10,entitled_team+opportunity_side
Kansas City Royals,OFFENSE,ALL,ALL,366,76,0.20765,76,366,0,0.133687,13.5252,35.404,0.122083,0.948396,0.191922,70.2434,109,1,entitled_team+opportunity_side
Los Angeles Angels,DEFENSE,ALL,ALL,365,103,0.282192,103,364,1,0.156637,20.2069,36.8091,0.141031,0.935207,,,104,5,entitled_team+opportunity_side
Los Angeles Angels,OFFENSE,ALL,ALL,369,72,0.195122,72,369,0,0.151054,18.7623,36.9768,0.124501,1.02397,0.212844,78.5395,111,1,entitled_team+opportunity_side
Los Angeles Dodgers,DEFENSE,ALL,ALL,317,82,0.258675,82,317,0,0.15279,15.2556,33.1789,0.141187,0.909811,,,73,6,entitled_team+opportunity_side
Los Angeles Dodgers,OFFENSE,ALL,ALL,373,75,0.201072,75,373,0,0.144192,15.5473,38.2364,0.12831,0.978026,0.189112,70.5389,98,1,entitled_team+opportunity_side
Miami Marlins,DEFENSE,ALL,ALL,299,132,0.441472,132,298,1,0.154488,21.1359,24.9016,0.15001,0.931072,,,86,10,entitled_team+opportunity_side
Miami Marlins,OFFENSE,ALL,ALL,409,72,0.176039,72,409,0,0.143514,15.3338,43.3635,0.128675,1.01906,0.2052,83.927,126,2,entitled_team+opportunity_side
Milwaukee Brewers,DEFENSE,ALL,ALL,339,124,0.365782,124,339,0,0.151792,22.1102,29.3475,0.1365,0.914653,,,93,3,entitled_team+opportunity_side
Milwaukee Brewers,OFFENSE,ALL,ALL,419,49,0.116945,49,418,1,0.143028,9.63439,50.1513,0.135911,0.960195,0.191133,80.0849,145,4,entitled_team+opportunity_side
Minnesota Twins,DEFENSE,ALL,ALL,330,136,0.412121,136,328,2,0.174569,28.2236,29.035,0.151224,0.902007,,,109,7,entitled_team+opportunity_side
Minnesota Twins,OFFENSE,ALL,ALL,323,83,0.256966,83,322,1,0.135905,15.9797,27.7819,0.115758,1.0479,0.19959,64.4676,108,1,entitled_team+opportunity_side
New York Mets,DEFENSE,ALL,ALL,294,90,0.306122,90,292,2,0.165322,17.7233,30.5508,0.150497,0.942282,,,97,6,entitled_team+opportunity_side
New York Mets,OFFENSE,ALL,ALL,363,88,0.242424,88,363,0,0.14164,15.7832,35.632,0.129571,1.02846,0.194364,70.554,115,6,entitled_team+opportunity_side
New York Yankees,DEFENSE,ALL,ALL,274,107,0.390511,107,273,1,0.147845,19.6101,20.7517,0.12501,0.937032,,,89,6,entitled_team+opportunity_side
New York Yankees,OFFENSE,ALL,ALL,326,91,0.279141,91,326,0,0.148971,16.3073,32.2572,0.137265,0.99328,0.206552,67.336,113,2,entitled_team+opportunity_side
Philadelphia Phillies,DEFENSE,ALL,ALL,313,87,0.277955,87,313,0,0.162429,17.4995,33.3409,0.147526,0.927064,,,98,4,entitled_team+opportunity_side
Philadelphia Phillies,OFFENSE,ALL,ALL,346,81,0.234104,80,346,0,0.138433,13.8954,33.7391,0.127318,0.949681,0.188323,65.1599,104,2,entitled_team+opportunity_side
Pittsburgh Pirates,DEFENSE,ALL,ALL,319,82,0.257053,82,317,2,0.158697,14.7675,35.5394,0.151231,0.904265,,,103,8,entitled_team+opportunity_side
Pittsburgh Pirates,OFFENSE,ALL,ALL,359,66,0.183844,66,359,0,0.143584,12.145,39.4018,0.134477,1.08903,0.204459,73.4009,125,0,entitled_team+opportunity_side
San Diego Padres,DEFENSE,ALL,ALL,315,98,0.311111,98,314,1,0.170913,18.3166,35.3501,0.163658,0.980827,,,90,14,entitled_team+opportunity_side
San Diego Padres,OFFENSE,ALL,ALL,318,55,0.172956,55,318,0,0.143768,10.2098,35.5084,0.135013,0.9817,0.191085,60.7652,86,1,entitled_team+opportunity_side
San Francisco Giants,DEFENSE,ALL,ALL,296,88,0.297297,88,296,0,0.138775,14.5673,26.5101,0.127452,0.943091,,,93,7,entitled_team+opportunity_side
San Francisco Giants,OFFENSE,ALL,ALL,344,64,0.186047,64,344,0,0.143512,12.4986,36.8696,0.131677,0.947134,0.192409,66.1886,86,1,entitled_team+opportunity_side
Seattle Mariners,DEFENSE,ALL,ALL,302,87,0.288079,87,302,0,0.163464,18.8082,30.5578,0.142129,0.821379,,,93,3,entitled_team+opportunity_side
Seattle Mariners,OFFENSE,ALL,ALL,353,61,0.172805,61,353,0,0.152774,13.1484,40.7808,0.13966,0.95895,0.198221,69.972,103,1,entitled_team+opportunity_side
St. Louis Cardinals,DEFENSE,ALL,ALL,304,71,0.233553,71,304,0,0.174637,17.9784,35.1113,0.150692,0.936579,,,59,6,entitled_team+opportunity_side
St. Louis Cardinals,OFFENSE,ALL,ALL,350,56,0.16,56,349,1,0.135088,9.2423,37.9033,0.128923,1.00854,0.184048,64.417,70,2,entitled_team+opportunity_side
Tampa Bay Rays,DEFENSE,ALL,ALL,274,100,0.364964,100,273,1,0.143544,16.8273,22.3603,0.12925,1.0111,,,79,8,entitled_team+opportunity_side
Tampa Bay Rays,OFFENSE,ALL,ALL,376,64,0.170213,64,376,0,0.150478,10.062,46.5176,0.149095,1.02915,0.195747,73.6008,107,5,entitled_team+opportunity_side
Texas Rangers,DEFENSE,ALL,ALL,325,90,0.276923,90,323,2,0.146798,17.385,30.0309,0.128888,0.943129,,,80,6,entitled_team+opportunity_side
Texas Rangers,OFFENSE,ALL,ALL,360,64,0.177778,64,360,0,0.149909,13.8858,40.0813,0.13541,0.938693,0.201507,72.5424,82,1,entitled_team+opportunity_side
Toronto Blue Jays,DEFENSE,ALL,ALL,264,91,0.344697,91,262,2,0.160051,16.4392,25.4942,0.149089,0.99695,,,91,6,entitled_team+opportunity_side
Toronto Blue Jays,OFFENSE,ALL,ALL,342,77,0.225146,77,342,0,0.131328,13.7663,31.1479,0.117539,1.05817,0.185896,63.5764,122,1,entitled_team+opportunity_side
Washington Nationals,DEFENSE,ALL,ALL,323,100,0.309598,100,321,2,0.153884,17.9502,31.4467,0.141017,0.920862,,,86,8,entitled_team+opportunity_side
Washington Nationals,OFFENSE,ALL,ALL,375,53,0.141333,53,375,0,0.141136,10.4101,42.5159,0.132037,1.02878,0.191337,71.7514,136,3,entitled_team+opportunity_side
ALL_TEAMS,DEFENSE,1-3,1,436,77,0.176606,77,435,1,0.157978,15.6308,53.0895,0.148295,0.975158,,,436,12,opportunity_side+inning_bucket+inventory
ALL_TEAMS,DEFENSE,1-3,2,3430,948,0.276385,948,3418,12,0.152051,175.343,344.368,0.139138,0.94754,,,0,85,opportunity_side+inning_bucket+inventory
ALL_TEAMS,DEFENSE,10+,1,95,35,0.368421,35,95,0,0.194477,7.39692,11.0784,0.184641,0.970662,,,95,2,opportunity_side+inning_bucket+inventory
ALL_TEAMS,DEFENSE,10+,2,13,5,0.384615,5,13,0,0.201144,1.27935,1.33553,0.166941,0.908602,,,0,1,opportunity_side+inning_bucket+inventory
ALL_TEAMS,DEFENSE,4-6,1,935,230,0.245989,230,929,6,0.160551,46.4021,102.75,0.146576,0.89493,,,935,27,opportunity_side+inning_bucket+inventory
ALL_TEAMS,DEFENSE,4-6,2,2137,756,0.353767,756,2129,8,0.15266,141.187,183.826,0.133692,0.908435,,,0,54,opportunity_side+inning_bucket+inventory
ALL_TEAMS,DEFENSE,7-9,1,1189,411,0.345669,411,1185,4,0.162053,83.9728,108.061,0.139433,0.904962,,,1189,28,opportunity_side+inning_bucket+inventory
ALL_TEAMS,DEFENSE,7-9,2,1174,524,0.446337,524,1170,4,0.153018,89.7769,89.2543,0.138165,0.93471,,,0,26,opportunity_side+inning_bucket+inventory
ALL_TEAMS,OFFENSE,1-3,1,389,52,0.133676,52,387,2,0.143273,8.23611,47.2107,0.140928,0.922559,0.13193,51.3209,389,2,opportunity_side+inning_bucket+inventory
ALL_TEAMS,OFFENSE,1-3,2,3216,539,0.1676,538,3214,2,0.143409,107.003,353.65,0.132107,0.982021,0.160699,516.807,0,22,opportunity_side+inning_bucket+inventory
ALL_TEAMS,OFFENSE,10+,1,96,32,0.333333,32,96,0,0.192357,7.49812,10.9681,0.171377,1.08354,0.277913,26.6797,96,3,opportunity_side+inning_bucket+inventory
ALL_TEAMS,OFFENSE,10+,2,21,9,0.428571,9,21,0,0.151173,1.43482,1.73981,0.144984,1.14377,0.28933,6.07593,0,1,opportunity_side+inning_bucket+inventory
ALL_TEAMS,OFFENSE,4-6,1,1121,174,0.155219,174,1121,0,0.14687,34.6503,129.991,0.137266,1.04358,0.175322,196.536,1121,5,opportunity_side+inning_bucket+inventory
ALL_TEAMS,OFFENSE,4-6,2,2702,536,0.198372,536,2702,0,0.141666,109.101,273.679,0.126352,0.996412,0.204449,552.422,0,8,opportunity_side+inning_bucket+inventory
ALL_TEAMS,OFFENSE,7-9,1,1562,354,0.226633,354,1561,1,0.144915,73.4463,152.767,0.126463,1.04656,0.216221,337.738,1562,7,opportunity_side+inning_bucket+inventory
ALL_TEAMS,OFFENSE,7-9,2,1648,416,0.252427,416,1648,0,0.142982,75.9894,159.646,0.129583,1.03818,0.257669,424.638,0,13,opportunity_side+inning_bucket+inventory
ALL_TEAMS,DEFENSE,1-3,ALL,3866,1025,0.265132,1025,3853,13,0.15272,190.974,397.457,0.140296,0.950654,,,436,97,opportunity_side+inning_bucket
ALL_TEAMS,DEFENSE,10+,ALL,108,40,0.37037,40,108,0,0.19528,8.67627,12.414,0.182558,0.963192,,,95,3,opportunity_side+inning_bucket
ALL_TEAMS,DEFENSE,4-6,ALL,3072,986,0.320964,986,3058,14,0.155057,187.589,286.576,0.138042,0.904325,,,935,81,opportunity_side+inning_bucket
ALL_TEAMS,DEFENSE,7-9,ALL,2363,935,0.395683,935,2355,8,0.157565,173.75,197.315,0.138856,0.919742,,,1189,54,opportunity_side+inning_bucket
ALL_TEAMS,OFFENSE,1-3,ALL,3605,591,0.163939,590,3601,4,0.143394,115.239,400.861,0.133088,0.975605,0.157594,568.128,389,24,opportunity_side+inning_bucket
ALL_TEAMS,OFFENSE,10+,ALL,117,41,0.350427,41,117,0,0.184965,8.93294,12.7079,0.167209,1.09435,0.279962,32.7556,96,4,opportunity_side+inning_bucket
ALL_TEAMS,OFFENSE,4-6,ALL,3823,710,0.185718,710,3823,0,0.143192,143.752,403.67,0.129672,1.01024,0.195908,748.958,1121,13,opportunity_side+inning_bucket
ALL_TEAMS,OFFENSE,7-9,ALL,3210,770,0.239875,770,3209,1,0.143923,149.436,312.412,0.128038,1.04226,0.2375,762.376,1562,20,opportunity_side+inning_bucket
ALL_TEAMS,DEFENSE,ALL,1,2655,753,0.283616,753,2644,11,0.16202,153.403,274.978,0.145184,0.915307,,,2655,69,opportunity_side+inventory
ALL_TEAMS,DEFENSE,ALL,2,6754,2233,0.330619,2233,6730,24,0.152507,407.587,618.784,0.137385,0.932862,,,0,166,opportunity_side+inventory
ALL_TEAMS,OFFENSE,ALL,1,3168,612,0.193182,612,3165,3,0.146846,123.831,340.937,0.133491,1.0314,0.193268,612.274,3168,17,opportunity_side+inventory
ALL_TEAMS,OFFENSE,ALL,2,7587,1500,0.197707,1499,7585,2,0.142717,293.529,788.715,0.129574,0.999792,0.197699,1499.94,0,44,opportunity_side+inventory
ALL_TEAMS,DEFENSE,ALL,ALL,9409,2986,0.317356,2986,9374,35,0.15519,560.989,893.762,0.139694,0.927908,,,2655,235,opportunity_side
ALL_TEAMS,OFFENSE,ALL,ALL,10755,2112,0.196374,2111,10750,5,0.143933,417.36,1129.65,0.130732,1.0091,0.196394,2112.22,3168,61,opportunity_side
