article4_opportunity_id,pitch_key,game_pk,game_date,opportunity_side,entitled_team,inning,half_inning,count,outs,base_state,challenged,challenge_outcome,challenge_inventory,abs_distance_inches,expected_recognition_prob_article3,correction_value_runs,cf_rule,cf_confidence,ca_stolen_base_attempt,ca_stolen_base,ca_caught_stealing,ca_catcher_throw_recorded,ca_catcher_pickoff_throw,ca_catcher_throw_any_evidence,ca_wild_pitch,ca_passed_ball,ca_pickoff_action,ca_defensive_indifference,ca_runner_advance,ca_runner_out,ca_error_on_play,ca_secondary_play_reviewed,ca_other_secondary_action,ca_other_secondary_types,ca_any_secondary_action,attached_event_types,attached_event_descriptions,attached_movements,attached_credits,catcher_pickoff_throw_after_pitch,secondary_review_json,next_event_type,next_event_from_catcher
A4:824865:37:0,824865:37:0,824865,2026-03-26,DEFENSE,Minnesota Twins,5,bottom,0-0,2,100,False,,2,2.34523,,0.0631377,R2_RUNNER_OUTCOME_STANDS,RULE_BASED,True,True,False,True,False,True,False,False,False,False,True,False,True,False,False,,True,"[""stolen_base_2b""]","[""Coby Mayo steals (1) 2nd base. Coby Mayo to 3rd. Coby Mayo advances to 3rd, on a throwing error by catcher Ryan Jeffers.""]","[{""runner_id"": 691723, ""start"": ""1B"", ""end"": ""2B"", ""is_out"": false, ""event"": ""Stolen Base 2B"", ""reason"": ""r_stolen_base_2b"", ""play_index"": 1, ""is_batter"": false}, {""runner_id"": 691723, ""start"": ""2B"", ""end"": ""3B"", ""is_out"": false, ""event"": ""Error"", ""reason"": ""r_adv_play"", ""play_index"": 1, ""is_batter"": false}]","[""f_throwing_error:C""]",False,,stolen_base_2b,
A4:823324:16:2,823324:16:2,823324,2026-03-27,DEFENSE,San Diego Padres,3,top,1-0,1,100,False,,2,0.178187,,0.0861867,R2_RUNNER_OUTCOME_STANDS,RULE_BASED,True,True,False,False,False,False,False,False,False,False,True,False,False,False,False,,True,"[""stolen_base_2b""]","[""Parker Meadows steals (1) 2nd base.""]","[{""runner_id"": 678009, ""start"": ""1B"", ""end"": ""2B"", ""is_out"": false, ""event"": ""Stolen Base 2B"", ""reason"": ""r_stolen_base_2b"", ""play_index"": 3, ""is_batter"": false}]",[],False,,stolen_base_2b,
A4:823971:62:4,823971:62:4,823971,2026-03-27,DEFENSE,Arizona Diamondbacks,8,bottom,1-1,1,100,False,,2,0.00682998,,0.210045,R2_RUNNER_OUTCOME_STANDS,RULE_BASED,True,True,False,True,False,True,False,False,False,False,True,False,True,False,False,,True,"[""stolen_base_2b""]","[""Kyle Tucker steals (1) 2nd base. Kyle Tucker to 3rd. Kyle Tucker advances to 3rd, on a throwing error by catcher Gabriel Moreno.""]","[{""runner_id"": 663656, ""start"": ""1B"", ""end"": ""2B"", ""is_out"": false, ""event"": ""Stolen Base 2B"", ""reason"": ""r_stolen_base_2b"", ""play_index"": 5, ""is_batter"": false}, {""runner_id"": 663656, ""start"": ""2B"", ""end"": ""3B"", ""is_out"": false, ""event"": ""Error"", ""reason"": ""r_adv_play"", ""play_index"": 5, ""is_batter"": false}]","[""f_throwing_error:C""]",False,,stolen_base_2b,
A4:823892:10:0,823892:10:0,823892,2026-03-28,DEFENSE,Miami Marlins,2,top,0-0,2,100,True,OVERTURNED,2,4.59273,,0.0885178,R2_RUNNER_OUTCOME_STANDS,RULE_BASED,True,True,False,False,False,False,False,False,False,False,True,False,False,False,False,,True,"[""stolen_base_2b""]","[""Liam Hicks challenged (pitch result), call on the field was overturned: Brenton Doyle steals (1) 2nd base.""]","[{""runner_id"": 686668, ""start"": ""1B"", ""end"": ""2B"", ""is_out"": false, ""event"": ""Stolen Base 2B"", ""reason"": ""r_stolen_base_2b"", ""play_index"": 1, ""is_batter"": false}]",[],False,,stolen_base_2b,
A4:824701:11:5,824701:11:5,824701,2026-03-28,DEFENSE,Washington Nationals,2,bottom,2-1,1,100,False,,2,1.62033,,0.201139,R2_RUNNER_OUTCOME_STANDS,RULE_BASED,True,True,False,False,False,False,False,False,False,False,True,False,False,False,False,,True,"[""stolen_base_2b""]","[""Nico Hoerner steals (1) 2nd base.""]","[{""runner_id"": 663538, ""start"": ""1B"", ""end"": ""2B"", ""is_out"": false, ""event"": ""Stolen Base 2B"", ""reason"": ""r_stolen_base_2b"", ""play_index"": 6, ""is_batter"": false}]",[],False,,stolen_base_2b,
A4:824215:73:5,824215:73:5,824215,2026-03-29,DEFENSE,Los Angeles Angels,8,bottom,2-2,2,101,False,,1,0.63659,,,R3_TERMINAL_CALL_RUNNER_ACTION,AMBIGUOUS,True,True,False,False,False,False,False,False,False,False,True,False,False,False,False,,True,"[""stolen_base_2b""]","[""Yordan Alvarez steals (1) 2nd base.""]","[{""runner_id"": 670541, ""start"": ""1B"", ""end"": ""2B"", ""is_out"": false, ""event"": ""Stolen Base 2B"", ""reason"": ""r_stolen_base_2b"", ""play_index"": 6, ""is_batter"": false}]",[],False,,stolen_base_2b,
A4:823972:3:0,823972:3:0,823972,2026-03-30,DEFENSE,Los Angeles Dodgers,1,top,0-0,2,100,False,,2,0.0989834,,0.0885178,R2_RUNNER_OUTCOME_STANDS,RULE_BASED,True,True,False,False,False,False,False,False,False,False,True,False,False,False,False,,True,"[""stolen_base_2b""]","[""Jos\u00e9 Ram\u00edrez steals (2) 2nd base.""]","[{""runner_id"": 608070, ""start"": ""1B"", ""end"": ""2B"", ""is_out"": false, ""event"": ""Stolen Base 2B"", ""reason"": ""r_stolen_base_2b"", ""play_index"": 1, ""is_batter"": false}]",[],False,,stolen_base_2b,
A4:823568:14:1,823568:14:1,823568,2026-04-03,OFFENSE,New York Yankees,2,bottom,1-0,1,010,False,,2,0.366881,0.0702868,0.0059372,R2_RUNNER_OUTCOME_STANDS,RULE_BASED,True,True,False,False,False,False,False,False,False,False,True,False,False,False,False,,True,"[""stolen_base_3b""]","[""Jazz Chisholm Jr. steals (4) 3rd base.""]","[{""runner_id"": 665862, ""start"": ""2B"", ""end"": ""3B"", ""is_out"": false, ""event"": ""Stolen Base 3B"", ""reason"": ""r_stolen_base_3b"", ""play_index"": 2, ""is_batter"": false}]",[],False,,stolen_base_3b,
A4:823569:13:3,823569:13:3,823569,2026-04-04,OFFENSE,Miami Marlins,2,top,2-1,1,101,False,,2,0.792029,0.214932,0.236594,R2_RUNNER_OUTCOME_STANDS,RULE_BASED,True,False,True,True,False,True,False,False,False,False,False,True,False,False,False,,True,"[""caught_stealing_2b""]","[""Javier Sanoja caught stealing 2nd base, catcher Austin Wells to second baseman Jazz Chisholm Jr.""]","[{""runner_id"": 691594, ""start"": ""1B"", ""end"": null, ""is_out"": true, ""event"": ""Caught Stealing 2B"", ""reason"": ""r_caught_stealing_2b"", ""play_index"": 4, ""is_batter"": false}]","[""f_assist:C"", ""f_putout:2B""]",False,,caught_stealing_2b,
A4:824782:26:3,824782:26:3,824782,2026-04-04,DEFENSE,San Diego Padres,3,bottom,1-1,1,100,False,,2,2.73884,,0.0484639,R2_RUNNER_OUTCOME_STANDS,RULE_BASED,True,False,True,True,False,True,False,False,False,False,False,True,False,False,False,,True,"[""caught_stealing_2b""]","[""Ceddanne Rafaela caught stealing 2nd base, catcher Freddy Fermin to second baseman Jake Cronenworth.""]","[{""runner_id"": 678882, ""start"": ""1B"", ""end"": null, ""is_out"": true, ""event"": ""Caught Stealing 2B"", ""reason"": ""r_caught_stealing_2b"", ""play_index"": 4, ""is_batter"": false}]","[""f_assist:C"", ""f_putout:2B""]",False,,caught_stealing_2b,
A4:823405:1:0,823405:1:0,823405,2026-04-05,DEFENSE,Pittsburgh Pirates,1,top,0-0,0,100,False,,2,3.09307,,0.065873,R2_RUNNER_OUTCOME_STANDS,RULE_BASED,True,False,True,True,False,True,False,False,False,False,False,True,False,False,False,,True,"[""caught_stealing_2b""]","[""Taylor Ward caught stealing 2nd base, catcher Henry Davis to shortstop Konnor Griffin.""]","[{""runner_id"": 621493, ""start"": ""1B"", ""end"": null, ""is_out"": true, ""event"": ""Caught Stealing 2B"", ""reason"": ""r_caught_stealing_2b"", ""play_index"": 1, ""is_batter"": false}]","[""f_assist:C"", ""f_putout:SS""]",False,,caught_stealing_2b,
A4:824460:30:3,824460:30:3,824460,2026-04-05,DEFENSE,Cleveland Guardians,5,top,2-1,0,100,False,,1,0.0278854,,0.227767,R1_NO_RUNNER_ACTION,EXACT,False,False,False,False,True,True,False,False,True,False,False,False,False,False,False,,True,"[""pickoff""]","[""Pickoff Attempt 1B""]",[],[],True,,pickoff,True
A4:824781:29:2,824781:29:2,824781,2026-04-05,DEFENSE,Boston Red Sox,4,top,0-1,1,110,False,,2,0.0709939,,0.168099,R2_RUNNER_OUTCOME_STANDS,RULE_BASED,False,False,False,True,True,True,False,False,True,False,True,False,True,False,False,,True,"[""pickoff_error_2b"", ""pickoff""]","[""Throwing error by catcher Carlos Narv\u00e1ez on the pickoff attempt."", ""Pickoff Attempt 2B""]","[{""runner_id"": 701538, ""start"": ""2B"", ""end"": ""3B"", ""is_out"": false, ""event"": ""Pickoff Error 2B"", ""reason"": ""r_pickoff_error_2b"", ""play_index"": 4, ""is_batter"": false}, {""runner_id"": 592518, ""start"": ""1B"", ""end"": ""2B"", ""is_out"": false, ""event"": ""Pickoff Error 2B"", ""reason"": ""r_adv_play"", ""play_index"": 4, ""is_batter"": false}]","[""f_throwing_error:C""]",True,,pickoff,True
A4:825102:52:0,825102:52:0,825102,2026-04-05,OFFENSE,Atlanta Braves,7,top,0-0,1,010,False,,1,0.397576,0.0548669,0.12039,R2_RUNNER_OUTCOME_STANDS,RULE_BASED,True,True,False,False,False,False,False,False,False,False,True,False,False,False,False,,True,"[""stolen_base_3b""]","[""Jorge Mateo steals (1) 3rd base.""]","[{""runner_id"": 622761, ""start"": ""2B"", ""end"": ""3B"", ""is_out"": false, ""event"": ""Stolen Base 3B"", ""reason"": ""r_stolen_base_3b"", ""play_index"": 1, ""is_batter"": false}]",[],False,,stolen_base_3b,
A4:822999:34:4,822999:34:4,822999,2026-04-07,DEFENSE,Tampa Bay Rays,5,top,0-2,1,100,False,,2,0.206247,,,R3_TERMINAL_CALL_RUNNER_ACTION,AMBIGUOUS,True,False,True,True,False,True,False,False,False,False,False,True,False,False,False,,True,"[""caught_stealing_2b""]","[""Pete Crow-Armstrong caught stealing 2nd base, catcher Nick Fortes to second baseman Richie Palacios.""]","[{""runner_id"": 691718, ""start"": ""1B"", ""end"": null, ""is_out"": true, ""event"": ""Caught Stealing 2B"", ""reason"": ""r_caught_stealing_2b"", ""play_index"": 5, ""is_batter"": false}]","[""f_assist:C"", ""f_putout:2B""]",False,,caught_stealing_2b,
A4:823000:17:3,823000:17:3,823000,2026-04-08,DEFENSE,Tampa Bay Rays,3,top,2-1,2,100,False,,2,1.40132,,0,R2_RUNNER_OUTCOME_STANDS,RULE_BASED,True,False,True,True,False,True,False,False,False,False,False,True,False,False,False,,True,[],[],"[{""runner_id"": 807713, ""start"": ""1B"", ""end"": null, ""is_out"": true, ""event"": ""Caught Stealing 2B"", ""reason"": ""r_caught_stealing_2b"", ""play_index"": 3, ""is_batter"": false}]","[""f_assist:C"", ""f_putout:SS""]",False,,,
A4:823565:20:1,823565:20:1,823565,2026-04-09,DEFENSE,Athletics,3,bottom,0-0,2,100,False,,2,0.575603,,0.0885178,R2_RUNNER_OUTCOME_STANDS,RULE_BASED,True,True,False,False,False,False,False,False,False,False,True,False,False,False,False,,True,"[""stolen_base_2b""]","[""Jos\u00e9 Caballero steals (5) 2nd base.""]","[{""runner_id"": 676609, ""start"": ""1B"", ""end"": ""2B"", ""is_out"": false, ""event"": ""Stolen Base 2B"", ""reason"": ""r_stolen_base_2b"", ""play_index"": 2, ""is_batter"": false}]",[],False,,stolen_base_2b,
A4:823316:40:4,823316:40:4,823316,2026-04-11,DEFENSE,San Diego Padres,5,top,1-0,1,100,False,,2,0.479646,,0.0529238,R2_RUNNER_OUTCOME_STANDS,RULE_BASED,True,False,True,True,False,True,False,False,False,False,False,True,False,False,False,,True,"[""caught_stealing_2b""]","[""Jake McCarthy caught stealing 2nd base, catcher Freddy Fermin to shortstop Jake Cronenworth.""]","[{""runner_id"": 664983, ""start"": ""1B"", ""end"": null, ""is_out"": true, ""event"": ""Caught Stealing 2B"", ""reason"": ""r_caught_stealing_2b"", ""play_index"": 5, ""is_batter"": false}]","[""f_assist:C"", ""f_putout:SS""]",False,,caught_stealing_2b,
A4:823644:40:2,823644:40:2,823644,2026-04-11,DEFENSE,Athletics,4,bottom,1-1,2,100,False,,1,1.19058,,0.101333,R2_RUNNER_OUTCOME_STANDS,RULE_BASED,True,True,False,False,False,False,False,False,False,False,True,False,False,False,False,,True,"[""stolen_base_2b""]","[""Carson Benge steals (5) 2nd base.""]","[{""runner_id"": 701807, ""start"": ""1B"", ""end"": ""2B"", ""is_out"": false, ""event"": ""Stolen Base 2B"", ""reason"": ""r_stolen_base_2b"", ""play_index"": 3, ""is_batter"": false}]",[],False,,stolen_base_2b,
A4:824294:19:2,824294:19:2,824294,2026-04-11,DEFENSE,Detroit Tigers,3,top,0-1,1,100,False,,2,1.23358,,0.138198,R2_RUNNER_OUTCOME_STANDS,RULE_BASED,True,True,False,False,False,False,False,False,False,False,True,False,False,False,False,,True,"[""stolen_base_2b""]","[""Heriberto Hern\u00e1ndez steals (2) 2nd base.""]","[{""runner_id"": 681715, ""start"": ""1B"", ""end"": ""2B"", ""is_out"": false, ""event"": ""Stolen Base 2B"", ""reason"": ""r_stolen_base_2b"", ""play_index"": 3, ""is_batter"": false}]",[],False,,stolen_base_2b,
A4:824697:30:3,824697:30:3,824697,2026-04-11,DEFENSE,Chicago Cubs,4,top,2-1,2,100,True,OVERTURNED,2,3.34781,,0.236594,R2_RUNNER_OUTCOME_STANDS,RULE_BASED,True,True,False,True,False,True,False,False,False,False,True,False,True,False,False,,True,"[""stolen_base_2b""]","[""Edward Cabrera challenged (pitch result), call on the field was overturned: Oneil Cruz steals (5) 2nd base. Oneil Cruz to 3rd. Oneil Cruz advances to 3rd, on a throwing error by catcher Miguel Amaya.""]","[{""runner_id"": 665833, ""start"": ""1B"", ""end"": ""2B"", ""is_out"": false, ""event"": ""Stolen Base 2B"", ""reason"": ""r_stolen_base_2b"", ""play_index"": 4, ""is_batter"": false}, {""runner_id"": 665833, ""start"": ""2B"", ""end"": ""3B"", ""is_out"": false, ""event"": ""Error"", ""reason"": ""r_adv_play"", ""play_index"": 4, ""is_batter"": false}]","[""f_throwing_error:C""]",False,,stolen_base_2b,
A4:822998:38:1,822998:38:1,822998,2026-04-12,DEFENSE,New York Yankees,5,bottom,1-0,2,110,False,,1,2.85978,,0.196752,R1_NO_RUNNER_ACTION,EXACT,False,False,False,False,True,True,False,False,True,False,False,False,False,False,False,,True,"[""pickoff""]","[""Pickoff Attempt 2B""]",[],[],True,,pickoff,True
A4:823317:69:1,823317:69:1,823317,2026-04-12,OFFENSE,Colorado Rockies,9,top,0-1,2,100,False,,1,0.677086,0.244447,0.0699614,R2_RUNNER_OUTCOME_STANDS,RULE_BASED,False,False,False,False,False,False,False,False,False,True,True,False,False,False,False,,True,"[""defensive_indiff""]","[""Hunter Goodman advances to 2nd on defensive indifference.""]","[{""runner_id"": 696100, ""start"": ""1B"", ""end"": ""2B"", ""is_out"": false, ""event"": ""Defensive Indiff"", ""reason"": ""r_defensive_indiff"", ""play_index"": 2, ""is_batter"": false}]",[],False,,defensive_indiff,
A4:824533:28:2,824533:28:2,824533,2026-04-12,DEFENSE,Cincinnati Reds,4,top,0-0,0,100,False,,2,1.05266,,0.192383,R2_RUNNER_OUTCOME_STANDS,RULE_BASED,True,True,False,False,False,False,False,False,False,False,True,False,False,True,False,,True,"[""stolen_base_2b""]","[""Angels challenged (tag play), call on the field was overturned: Bryce Teodosio steals (1) 2nd base.""]","[{""runner_id"": 669326, ""start"": ""1B"", ""end"": ""2B"", ""is_out"": false, ""event"": ""Stolen Base 2B"", ""reason"": ""r_stolen_base_2b"", ""play_index"": 3, ""is_batter"": false}]",[],False,"[{""isOverturned"": true, ""inProgress"": false, ""reviewType"": ""MA"", ""challengeTeamId"": 108}]",stolen_base_2b,
A4:824938:7:0,824938:7:0,824938,2026-04-12,DEFENSE,Cleveland Guardians,1,bottom,0-0,1,100,False,,2,0.27188,,0.12039,R2_RUNNER_OUTCOME_STANDS,RULE_BASED,True,True,False,False,False,False,False,False,False,False,True,False,True,False,False,,True,"[""stolen_base_2b""]","[""Ronald Acu\u00f1a Jr. steals (3) 2nd base. Ronald Acu\u00f1a Jr. to 3rd. Ronald Acu\u00f1a Jr. advances to 3rd, on a fielding error by shortstop Brayan Rocchio.""]","[{""runner_id"": 660670, ""start"": ""1B"", ""end"": ""2B"", ""is_out"": false, ""event"": ""Stolen Base 2B"", ""reason"": ""r_stolen_base_2b"", ""play_index"": 1, ""is_batter"": false}, {""runner_id"": 660670, ""start"": ""2B"", ""end"": ""3B"", ""is_out"": false, ""event"": ""Error"", ""reason"": ""r_adv_play"", ""play_index"": 1, ""is_batter"": false}]","[""f_fielding_error:SS""]",False,,stolen_base_2b,
A4:823073:25:3,823073:25:3,823073,2026-04-13,DEFENSE,St. Louis Cardinals,4,top,1-1,0,100,False,,2,0.528692,,0.229883,R2_RUNNER_OUTCOME_STANDS,RULE_BASED,True,True,False,False,False,False,False,False,False,False,True,False,False,False,False,,True,"[""stolen_base_2b""]","[""Jos\u00e9 Ram\u00edrez steals (6) 2nd base.""]","[{""runner_id"": 608070, ""start"": ""1B"", ""end"": ""2B"", ""is_out"": false, ""event"": ""Stolen Base 2B"", ""reason"": ""r_stolen_base_2b"", ""play_index"": 4, ""is_batter"": false}]",[],False,,stolen_base_2b,
A4:823965:53:2,823965:53:2,823965,2026-04-14,OFFENSE,New York Mets,8,top,0-0,2,101,False,,2,1.33601,0.128759,0.0460391,R2_RUNNER_OUTCOME_STANDS,RULE_BASED,True,True,False,False,False,False,False,False,False,False,True,False,False,False,False,,True,"[""stolen_base_2b""]","[""Francisco Lindor steals (2) 2nd base.""]","[{""runner_id"": 596019, ""start"": ""1B"", ""end"": ""2B"", ""is_out"": false, ""event"": ""Stolen Base 2B"", ""reason"": ""r_stolen_base_2b"", ""play_index"": 3, ""is_batter"": false}]",[],False,,stolen_base_2b,
A4:824292:30:0,824292:30:0,824292,2026-04-14,DEFENSE,Kansas City Royals,4,bottom,0-0,2,101,False,,2,1.7409,,0.0881404,R1_NO_RUNNER_ACTION,EXACT,False,False,False,False,True,True,False,False,True,False,False,False,False,False,False,,True,"[""pickoff""]","[""Pickoff Attempt 3B""]",[],[],True,,pickoff,True
A4:824292:62:2,824292:62:2,824292,2026-04-14,DEFENSE,Detroit Tigers,9,top,1-0,0,100,False,,1,0.0822697,,0.189589,R2_RUNNER_OUTCOME_STANDS,RULE_BASED,True,True,False,False,False,False,False,False,False,False,True,False,False,False,False,,True,"[""stolen_base_2b""]","[""Lane Thomas steals (2) 2nd base.""]","[{""runner_id"": 657041, ""start"": ""1B"", ""end"": ""2B"", ""is_out"": false, ""event"": ""Stolen Base 2B"", ""reason"": ""r_stolen_base_2b"", ""play_index"": 3, ""is_batter"": false}]",[],False,,stolen_base_2b,
A4:824935:11:0,824935:11:0,824935,2026-04-14,DEFENSE,Atlanta Braves,2,top,0-0,1,101,False,,2,0.561211,,0.222088,R2_RUNNER_OUTCOME_STANDS,RULE_BASED,True,True,False,False,False,False,False,False,False,False,True,False,False,False,False,,True,"[""stolen_base_2b""]","[""Javier Sanoja steals (2) 2nd base.""]","[{""runner_id"": 691594, ""start"": ""1B"", ""end"": ""2B"", ""is_out"": false, ""event"": ""Stolen Base 2B"", ""reason"": ""r_stolen_base_2b"", ""play_index"": 1, ""is_batter"": false}]",[],False,,stolen_base_2b,
A4:823477:32:4,823477:32:4,823477,2026-04-15,DEFENSE,Philadelphia Phillies,5,top,1-1,0,100,False,,2,0.650849,,0.082654,R2_RUNNER_OUTCOME_STANDS,RULE_BASED,True,False,True,True,False,True,False,False,False,False,False,True,False,False,False,,True,"[""caught_stealing_2b""]","[""Pete Crow-Armstrong caught stealing 2nd base, catcher J.T. Realmuto to second baseman Edmundo Sosa.""]","[{""runner_id"": 691718, ""start"": ""1B"", ""end"": null, ""is_out"": true, ""event"": ""Caught Stealing 2B"", ""reason"": ""r_caught_stealing_2b"", ""play_index"": 5, ""is_batter"": false}]","[""f_assist:C"", ""f_putout:2B""]",False,,caught_stealing_2b,
A4:825021:17:1,825021:17:1,825021,2026-04-15,DEFENSE,Texas Rangers,2,bottom,0-1,2,100,False,,2,0.936159,,0.0699614,R2_RUNNER_OUTCOME_STANDS,RULE_BASED,True,True,False,False,False,False,False,False,False,False,True,False,False,False,False,,True,"[""stolen_base_2b""]","[""Denzel Clarke steals (1) 2nd base.""]","[{""runner_id"": 672016, ""start"": ""1B"", ""end"": ""2B"", ""is_out"": false, ""event"": ""Stolen Base 2B"", ""reason"": ""r_stolen_base_2b"", ""play_index"": 2, ""is_batter"": false}]",[],False,,stolen_base_2b,
A4:823396:80:1,823396:80:1,823396,2026-04-16,DEFENSE,Washington Nationals,9,bottom,0-0,0,100,True,OVERTURNED,1,0.125684,,0.192383,R2_RUNNER_OUTCOME_STANDS,RULE_BASED,True,True,False,False,False,False,False,False,False,False,True,False,False,True,False,,True,"[""stolen_base_2b""]","[""Nationals challenged (tag play), call on the field was upheld: Clayton Beeter challenged (pitch result), call on the field was overturned: Jake Mangum steals (2) 2nd base.""]","[{""runner_id"": 663968, ""start"": ""1B"", ""end"": ""2B"", ""is_out"": false, ""event"": ""Stolen Base 2B"", ""reason"": ""r_stolen_base_2b"", ""play_index"": 2, ""is_batter"": false}]",[],False,"[{""isOverturned"": false, ""inProgress"": false, ""reviewType"": ""MA"", ""challengeTeamId"": 120}]",stolen_base_2b,
A4:824530:64:1,824530:64:1,824530,2026-04-16,DEFENSE,San Francisco Giants,9,bottom,0-0,2,100,True,OVERTURNED,1,1.49893,,0.0885178,R2_RUNNER_OUTCOME_STANDS,RULE_BASED,False,False,False,False,False,False,False,False,False,True,True,False,False,False,False,,True,"[""defensive_indiff""]","[""Patrick Bailey challenged (pitch result), call on the field was overturned: Matt McLain advances to 2nd on defensive indifference.""]","[{""runner_id"": 680574, ""start"": ""1B"", ""end"": ""2B"", ""is_out"": false, ""event"": ""Defensive Indiff"", ""reason"": ""r_defensive_indiff"", ""play_index"": 2, ""is_batter"": false}]",[],False,,defensive_indiff,
A4:825023:36:1,825023:36:1,825023,2026-04-16,DEFENSE,Athletics,5,top,1-0,1,100,False,,2,0.104281,,0.0861867,R2_RUNNER_OUTCOME_STANDS,RULE_BASED,True,True,False,False,False,False,False,False,False,False,True,False,False,False,False,,True,"[""stolen_base_2b""]","[""Ezequiel Duran steals (3) 2nd base.""]","[{""runner_id"": 677649, ""start"": ""1B"", ""end"": ""2B"", ""is_out"": false, ""event"": ""Stolen Base 2B"", ""reason"": ""r_stolen_base_2b"", ""play_index"": 2, ""is_batter"": false}]",[],False,,stolen_base_2b,
A4:823883:29:1,823883:29:1,823883,2026-04-17,DEFENSE,Miami Marlins,4,top,0-0,2,101,False,,2,1.79626,,0.0631377,R2_RUNNER_OUTCOME_STANDS,RULE_BASED,True,True,False,True,False,True,False,False,False,False,True,False,True,False,False,,True,"[""stolen_base_2b""]","[""Greg Jones steals (1) 2nd base. Luis Rengifo scores. Greg Jones to 3rd. Throwing error by catcher Agust\u00edn Ram\u00edrez.""]","[{""runner_id"": 675659, ""start"": ""1B"", ""end"": ""2B"", ""is_out"": false, ""event"": ""Stolen Base 2B"", ""reason"": ""r_stolen_base_2b"", ""play_index"": 2, ""is_batter"": false}, {""runner_id"": 675659, ""start"": ""2B"", ""end"": ""3B"", ""is_out"": false, ""event"": ""Stolen Base 2B"", ""reason"": ""r_adv_play"", ""play_index"": 2, ""is_batter"": false}, {""runner_id"": 650859, ""start"": ""3B"", ""end"": ""score"", ""is_out"": false, ""event"": ""Error"", ""reason"": ""r_adv_play"", ""play_index"": 2, ""is_batter"": false}]","[""f_throwing_error:C""]",False,,stolen_base_2b,
A4:824454:43:9,824454:43:9,824454,2026-04-17,DEFENSE,Baltimore Orioles,5,bottom,2-2,2,101,False,,1,0.714263,,,R3_TERMINAL_CALL_RUNNER_ACTION,AMBIGUOUS,True,True,False,False,False,False,False,False,False,False,True,False,False,False,False,,True,"[""stolen_base_2b""]","[""Jos\u00e9 Ram\u00edrez steals (9) 2nd base.""]","[{""runner_id"": 608070, ""start"": ""1B"", ""end"": ""2B"", ""is_out"": false, ""event"": ""Stolen Base 2B"", ""reason"": ""r_stolen_base_2b"", ""play_index"": 10, ""is_batter"": false}]",[],False,,stolen_base_2b,
A4:824778:46:6,824778:46:6,824778,2026-04-17,DEFENSE,Detroit Tigers,7,bottom,2-1,2,100,False,,2,0.157457,,0.0750516,R2_RUNNER_OUTCOME_STANDS,RULE_BASED,True,True,False,False,False,False,False,False,False,False,True,False,False,False,False,,True,"[""stolen_base_2b""]","[""Jarren Duran steals (3) 2nd base.""]","[{""runner_id"": 680776, ""start"": ""1B"", ""end"": ""2B"", ""is_out"": false, ""event"": ""Stolen Base 2B"", ""reason"": ""r_stolen_base_2b"", ""play_index"": 7, ""is_batter"": false}]",[],False,,stolen_base_2b,
A4:823151:73:5,823151:73:5,823151,2026-04-18,DEFENSE,Texas Rangers,8,bottom,2-2,1,100,False,,2,2.84783,,,R3_TERMINAL_CALL_RUNNER_ACTION,AMBIGUOUS,True,True,False,True,False,True,False,False,False,False,True,False,True,False,False,,True,"[""stolen_base_2b""]","[""Cole Young steals (1) 2nd base. Cole Young to 3rd. Cole Young advances to 3rd, on a throwing error by catcher Kyle Higashioka.""]","[{""runner_id"": 702284, ""start"": ""1B"", ""end"": ""2B"", ""is_out"": false, ""event"": ""Stolen Base 2B"", ""reason"": ""r_stolen_base_2b"", ""play_index"": 6, ""is_batter"": false}, {""runner_id"": 702284, ""start"": ""2B"", ""end"": ""3B"", ""is_out"": false, ""event"": ""Error"", ""reason"": ""r_adv_play"", ""play_index"": 6, ""is_batter"": false}]","[""f_throwing_error:C""]",False,,stolen_base_2b,
A4:823882:29:0,823882:29:0,823882,2026-04-18,OFFENSE,Milwaukee Brewers,4,top,0-0,2,100,False,,1,0.494909,0.0452185,0.0885178,R2_RUNNER_OUTCOME_STANDS,RULE_BASED,True,True,False,False,False,False,False,False,False,False,True,False,False,False,False,,True,"[""stolen_base_2b""]","[""Brandon Lockridge steals (4) 2nd base.""]","[{""runner_id"": 663604, ""start"": ""1B"", ""end"": ""2B"", ""is_out"": false, ""event"": ""Stolen Base 2B"", ""reason"": ""r_stolen_base_2b"", ""play_index"": 1, ""is_batter"": false}]",[],False,,stolen_base_2b,
A4:824694:22:3,824694:22:3,824694,2026-04-18,OFFENSE,New York Mets,3,top,2-1,1,100,False,,2,1.20655,0.425867,0.0660691,R2_RUNNER_OUTCOME_STANDS,RULE_BASED,True,False,True,True,False,True,False,False,False,False,False,True,False,False,False,,True,"[""caught_stealing_2b""]","[""Luis Robert Jr. caught stealing 2nd base, catcher Miguel Amaya to shortstop Dansby Swanson.""]","[{""runner_id"": 673357, ""start"": ""1B"", ""end"": null, ""is_out"": true, ""event"": ""Caught Stealing 2B"", ""reason"": ""r_caught_stealing_2b"", ""play_index"": 4, ""is_batter"": false}]","[""f_assist:C"", ""f_putout:SS""]",False,,caught_stealing_2b,
A4:823393:19:3,823393:19:3,823393,2026-04-19,DEFENSE,Tampa Bay Rays,3,bottom,1-1,1,010,False,,2,1.14186,,0.210045,R2_RUNNER_OUTCOME_STANDS,RULE_BASED,True,True,False,False,False,False,False,False,False,False,True,False,False,False,False,,True,"[""stolen_base_3b""]","[""Jake Mangum steals (3) 3rd base.""]","[{""runner_id"": 663968, ""start"": ""2B"", ""end"": ""3B"", ""is_out"": false, ""event"": ""Stolen Base 3B"", ""reason"": ""r_stolen_base_3b"", ""play_index"": 4, ""is_batter"": false}]",[],False,,stolen_base_3b,
A4:824691:26:3,824691:26:3,824691,2026-04-19,DEFENSE,New York Mets,4,bottom,1-1,2,100,False,,2,0.771624,,0.084782,R1_NO_RUNNER_ACTION,EXACT,False,False,False,False,True,True,False,False,True,False,False,False,False,False,False,,True,"[""pickoff""]","[""Pickoff Attempt 1B""]",[],[],True,,pickoff,True
A4:823149:36:0,823149:36:0,823149,2026-04-20,DEFENSE,Seattle Mariners,5,top,0-0,1,100,False,,2,0.335437,,0.138002,R2_RUNNER_OUTCOME_STANDS,RULE_BASED,True,True,False,False,False,False,False,False,False,False,True,False,False,False,False,,True,"[""stolen_base_2b""]","[""Lawrence Butler steals (4) 2nd base.""]","[{""runner_id"": 671732, ""start"": ""1B"", ""end"": ""2B"", ""is_out"": false, ""event"": ""Stolen Base 2B"", ""reason"": ""r_stolen_base_2b"", ""play_index"": 1, ""is_batter"": false}]",[],False,,stolen_base_2b,
A4:824125:44:1,824125:44:1,824125,2026-04-20,DEFENSE,Baltimore Orioles,6,bottom,0-1,0,100,False,,1,0.790328,,0.150424,R1_NO_RUNNER_ACTION,EXACT,False,False,False,False,True,True,False,False,True,False,False,False,False,True,False,,True,"[""pickoff""]","[""Pickoff Attempt 1B""]",[],[],True,"[{""isOverturned"": false, ""inProgress"": false, ""reviewType"": ""MA"", ""challengeTeamId"": 110}]",pickoff,True
A4:824370:1:4,824370:1:4,824370,2026-04-20,DEFENSE,Colorado Rockies,1,top,2-1,0,100,False,,2,1.41505,,0.31091,R2_RUNNER_OUTCOME_STANDS,RULE_BASED,True,True,False,False,False,False,False,False,False,False,True,False,False,False,False,,True,"[""stolen_base_2b""]","[""Shohei Ohtani steals (1) 2nd base.""]","[{""runner_id"": 660271, ""start"": ""1B"", ""end"": ""2B"", ""is_out"": false, ""event"": ""Stolen Base 2B"", ""reason"": ""r_stolen_base_2b"", ""play_index"": 5, ""is_batter"": false}]",[],False,,stolen_base_2b,
A4:824450:69:1,824450:69:1,824450,2026-04-20,OFFENSE,Houston Astros,8,top,1-0,1,100,False,,2,1.12164,0.188447,0.0861867,R2_RUNNER_OUTCOME_STANDS,RULE_BASED,True,True,False,False,False,False,False,False,False,False,True,False,False,False,False,,True,"[""stolen_base_2b""]","[""Brice Matthews steals (1) 2nd base.""]","[{""runner_id"": 694728, ""start"": ""1B"", ""end"": ""2B"", ""is_out"": false, ""event"": ""Stolen Base 2B"", ""reason"": ""r_stolen_base_2b"", ""play_index"": 2, ""is_batter"": false}]",[],False,,stolen_base_2b,
A4:825099:80:1,825099:80:1,825099,2026-04-21,OFFENSE,Arizona Diamondbacks,9,bottom,0-1,0,100,False,,2,0.559481,0.283104,0.0869325,R2_RUNNER_OUTCOME_STANDS,RULE_BASED,False,False,False,False,False,False,False,False,False,True,True,False,False,False,False,,True,"[""defensive_indiff""]","[""Jose Fernandez advances to 2nd on defensive indifference.""]","[{""runner_id"": 699912, ""start"": ""1B"", ""end"": ""2B"", ""is_out"": false, ""event"": ""Defensive Indiff"", ""reason"": ""r_defensive_indiff"", ""play_index"": 2, ""is_batter"": false}]",[],False,,defensive_indiff,
A4:824286:70:2,824286:70:2,824286,2026-04-22,DEFENSE,Detroit Tigers,9,top,0-0,2,100,False,,2,0.965144,,0.0885178,R2_RUNNER_OUTCOME_STANDS,RULE_BASED,False,False,False,False,False,False,False,False,False,True,True,False,False,False,False,,True,"[""defensive_indiff""]","[""Brandon Lockridge advances to 2nd on defensive indifference.""]","[{""runner_id"": 663604, ""start"": ""1B"", ""end"": ""2B"", ""is_out"": false, ""event"": ""Defensive Indiff"", ""reason"": ""r_defensive_indiff"", ""play_index"": 3, ""is_batter"": false}]",[],False,,defensive_indiff,
A4:824367:60:2,824367:60:2,824367,2026-04-22,DEFENSE,Colorado Rockies,7,top,0-1,1,100,False,,1,1.70474,,0.138198,R2_RUNNER_OUTCOME_STANDS,RULE_BASED,False,False,False,False,False,False,False,True,False,False,True,False,False,False,False,,True,"[""passed_ball""]","[""Passed ball by catcher Hunter Goodman. Jake Cronenworth to 2nd.""]","[{""runner_id"": 630105, ""start"": ""1B"", ""end"": ""2B"", ""is_out"": false, ""event"": ""Passed Ball"", ""reason"": ""r_adv_play"", ""play_index"": 3, ""is_batter"": false}]",[],False,,passed_ball,
A4:822912:33:5,822912:33:5,822912,2026-04-23,DEFENSE,Pittsburgh Pirates,4,bottom,2-1,0,100,False,,2,3.22742,,0.31091,R2_RUNNER_OUTCOME_STANDS,RULE_BASED,True,True,False,False,False,False,False,False,False,False,True,False,False,False,False,,True,"[""stolen_base_2b""]","[""Josh Smith steals (2) 2nd base.""]","[{""runner_id"": 669701, ""start"": ""1B"", ""end"": ""2B"", ""is_out"": false, ""event"": ""Stolen Base 2B"", ""reason"": ""r_stolen_base_2b"", ""play_index"": 6, ""is_batter"": false}]",[],False,,stolen_base_2b,
A4:824689:58:1,824689:58:1,824689,2026-04-23,DEFENSE,Chicago Cubs,7,top,1-0,1,100,True,OVERTURNED,2,3.48322,,0.255974,R1_NO_RUNNER_ACTION,EXACT,False,False,False,False,True,True,False,False,True,False,False,False,False,False,False,,True,"[""pickoff""]","[""Pickoff Attempt 1B""]",[],[],True,,pickoff,True
A4:823962:30:1,823962:30:1,823962,2026-04-24,DEFENSE,Chicago Cubs,4,bottom,0-1,2,100,False,,2,1.82942,,0,R2_RUNNER_OUTCOME_STANDS,RULE_BASED,True,False,True,True,False,True,False,False,False,False,False,True,False,False,False,,True,[],[],"[{""runner_id"": 808975, ""start"": ""1B"", ""end"": null, ""is_out"": true, ""event"": ""Caught Stealing 2B"", ""reason"": ""r_caught_stealing_2b"", ""play_index"": 1, ""is_batter"": false}]","[""f_assist:C"", ""f_putout:SS""]",False,,,
A4:824854:80:0,824854:80:0,824854,2026-04-24,DEFENSE,Baltimore Orioles,9,top,0-0,2,101,False,,2,1.04955,,0.0460391,R2_RUNNER_OUTCOME_STANDS,RULE_BASED,False,False,False,False,False,False,False,False,False,True,True,False,False,False,False,,True,"[""defensive_indiff""]","[""Caleb Durbin advances to 2nd on defensive indifference.""]","[{""runner_id"": 702332, ""start"": ""1B"", ""end"": ""2B"", ""is_out"": false, ""event"": ""Defensive Indiff"", ""reason"": ""r_defensive_indiff"", ""play_index"": 1, ""is_batter"": false}]",[],False,,defensive_indiff,
A4:822989:50:4,822989:50:4,822989,2026-04-25,OFFENSE,Minnesota Twins,7,top,1-2,2,100,True,OVERTURNED,1,0.864371,0.280865,,R3_TERMINAL_CALL_RUNNER_ACTION,AMBIGUOUS,True,True,False,False,False,False,False,False,False,False,True,False,False,False,False,,True,"[""stolen_base_2b""]","[""Byron Buxton challenged (pitch result), call on the field was overturned: Brooks Lee steals (1) 2nd base.""]","[{""runner_id"": 686797, ""start"": ""1B"", ""end"": ""2B"", ""is_out"": false, ""event"": ""Stolen Base 2B"", ""reason"": ""r_stolen_base_2b"", ""play_index"": 5, ""is_batter"": false}]",[],False,,stolen_base_2b,
A4:823960:5:8,823960:5:8,823960,2026-04-25,DEFENSE,Chicago Cubs,1,bottom,2-2,1,100,False,,2,0.489729,,,R3_TERMINAL_CALL_RUNNER_ACTION,AMBIGUOUS,True,True,False,False,False,False,False,False,False,False,True,False,False,False,False,,True,"[""stolen_base_2b""]","[""Shohei Ohtani steals (2) 2nd base.""]","[{""runner_id"": 660271, ""start"": ""1B"", ""end"": ""2B"", ""is_out"": false, ""event"": ""Stolen Base 2B"", ""reason"": ""r_stolen_base_2b"", ""play_index"": 9, ""is_batter"": false}]",[],False,,stolen_base_2b,
A4:824851:29:2,824851:29:2,824851,2026-04-25,DEFENSE,Baltimore Orioles,4,top,0-1,1,100,False,,2,1.75905,,0.233742,R2_RUNNER_OUTCOME_STANDS,RULE_BASED,True,True,False,True,False,True,False,False,False,False,True,False,True,False,False,,True,"[""stolen_base_2b""]","[""Isiah Kiner-Falefa steals (2) 2nd base. Isiah Kiner-Falefa to 3rd. Isiah Kiner-Falefa advances to 3rd, on a throwing error by catcher Adley Rutschman.""]","[{""runner_id"": 643396, ""start"": ""1B"", ""end"": ""2B"", ""is_out"": false, ""event"": ""Stolen Base 2B"", ""reason"": ""r_stolen_base_2b"", ""play_index"": 3, ""is_batter"": false}, {""runner_id"": 643396, ""start"": ""2B"", ""end"": ""3B"", ""is_out"": false, ""event"": ""Error"", ""reason"": ""r_adv_play"", ""play_index"": 3, ""is_batter"": false}]","[""f_throwing_error:C""]",False,,stolen_base_2b,
A4:824933:24:1,824933:24:1,824933,2026-04-25,DEFENSE,Atlanta Braves,4,top,1-0,2,100,False,,2,1.97835,,0.0404803,R1_NO_RUNNER_ACTION,EXACT,False,False,False,False,True,True,False,False,True,False,False,False,False,False,False,,True,"[""pickoff""]","[""Pickoff Attempt 1B""]",[],[],True,,pickoff,True
A4:824852:17:0,824852:17:0,824852,2026-04-26,DEFENSE,Baltimore Orioles,3,top,0-0,2,100,False,,2,0.330003,,0.0885178,R2_RUNNER_OUTCOME_STANDS,RULE_BASED,True,True,False,False,False,False,False,False,False,False,True,False,False,False,False,,True,"[""stolen_base_2b""]","[""Jarren Duran steals (5) 2nd base.""]","[{""runner_id"": 680776, ""start"": ""1B"", ""end"": ""2B"", ""is_out"": false, ""event"": ""Stolen Base 2B"", ""reason"": ""r_stolen_base_2b"", ""play_index"": 1, ""is_batter"": false}]",[],False,,stolen_base_2b,
A4:824446:9:2,824446:9:2,824446,2026-04-27,DEFENSE,Cleveland Guardians,2,top,1-0,2,100,False,,2,1.08224,,0.0404803,R1_NO_RUNNER_ACTION,EXACT,False,False,False,False,True,True,False,False,True,False,False,False,False,False,False,,True,"[""pickoff""]","[""Pickoff Attempt 1B""]",[],[],True,,pickoff,True
A4:823310:10:1,823310:10:1,823310,2026-04-28,DEFENSE,San Diego Padres,2,top,0-1,1,010,False,,2,1.1402,,0.233742,R2_RUNNER_OUTCOME_STANDS,RULE_BASED,True,True,False,False,False,False,False,False,False,False,True,False,False,False,False,,True,"[""stolen_base_3b""]","[""Dansby Swanson steals (2) 3rd base.""]","[{""runner_id"": 621020, ""start"": ""2B"", ""end"": ""3B"", ""is_out"": false, ""event"": ""Stolen Base 3B"", ""reason"": ""r_stolen_base_3b"", ""play_index"": 2, ""is_batter"": false}]",[],False,,stolen_base_3b,
A4:823798:5:1,823798:5:1,823798,2026-04-28,DEFENSE,Arizona Diamondbacks,1,bottom,0-1,0,100,False,,2,0.714198,,0.0644069,R2_RUNNER_OUTCOME_STANDS,RULE_BASED,True,False,True,True,False,True,False,False,False,False,False,True,False,False,False,,True,"[""caught_stealing_2b""]","[""Garrett Mitchell caught stealing 2nd base, catcher James McCann to second baseman Ketel Marte.""]","[{""runner_id"": 669003, ""start"": ""1B"", ""end"": null, ""is_out"": true, ""event"": ""Caught Stealing 2B"", ""reason"": ""r_caught_stealing_2b"", ""play_index"": 2, ""is_batter"": false}]","[""f_assist:C"", ""f_putout:2B""]",False,,caught_stealing_2b,
A4:824610:3:0,824610:3:0,824610,2026-04-28,DEFENSE,Chicago White Sox,1,top,0-0,2,100,False,,2,3.19487,,0.0510117,R1_NO_RUNNER_ACTION,EXACT,False,False,False,False,True,True,False,False,True,False,False,False,False,False,False,,True,"[""pickoff""]","[""Pickoff Attempt 1B""]",[],[],True,,pickoff,True
A4:822744:18:0,822744:18:0,822744,2026-05-01,DEFENSE,Washington Nationals,3,top,0-0,1,100,False,,1,1.24213,,0.138002,R2_RUNNER_OUTCOME_STANDS,RULE_BASED,True,True,False,False,False,False,False,False,False,False,True,False,False,False,False,,True,"[""stolen_base_2b""]","[""David Hamilton steals (6) 2nd base.""]","[{""runner_id"": 666152, ""start"": ""1B"", ""end"": ""2B"", ""is_out"": false, ""event"": ""Stolen Base 2B"", ""reason"": ""r_stolen_base_2b"", ""play_index"": 1, ""is_batter"": false}]",[],False,,stolen_base_2b,
A4:823309:7:2,823309:7:2,823309,2026-05-01,DEFENSE,Chicago White Sox,1,bottom,2-0,2,100,False,,2,1.20807,,0.133235,R2_RUNNER_OUTCOME_STANDS,RULE_BASED,True,True,False,False,False,False,False,False,False,False,True,False,False,False,False,,True,"[""stolen_base_2b""]","[""Fernando Tatis Jr. steals (9) 2nd base.""]","[{""runner_id"": 665487, ""start"": ""1B"", ""end"": ""2B"", ""is_out"": false, ""event"": ""Stolen Base 2B"", ""reason"": ""r_stolen_base_2b"", ""play_index"": 3, ""is_batter"": false}]",[],False,,stolen_base_2b,
A4:823557:71:2,823557:71:2,823557,2026-05-01,OFFENSE,Baltimore Orioles,9,top,1-0,2,010,False,,2,1.07883,0.182777,0.0385059,R2_RUNNER_OUTCOME_STANDS,RULE_BASED,False,False,False,False,False,False,False,False,False,True,True,False,False,False,False,,True,"[""defensive_indiff""]","[""Pete Alonso advances to 3rd on defensive indifference.""]","[{""runner_id"": 624413, ""start"": ""2B"", ""end"": ""3B"", ""is_out"": false, ""event"": ""Defensive Indiff"", ""reason"": ""r_defensive_indiff"", ""play_index"": 3, ""is_batter"": false}]",[],False,,defensive_indiff,
A4:824366:72:1,824366:72:1,824366,2026-05-01,OFFENSE,Atlanta Braves,9,top,1-0,1,100,False,,1,2.09122,0.182259,0.0861867,R2_RUNNER_OUTCOME_STANDS,RULE_BASED,True,True,False,False,False,False,False,False,False,False,True,False,False,False,False,,True,"[""stolen_base_2b""]","[""Ronald Acu\u00f1a Jr. steals (7) 2nd base.""]","[{""runner_id"": 660670, ""start"": ""1B"", ""end"": ""2B"", ""is_out"": false, ""event"": ""Stolen Base 2B"", ""reason"": ""r_stolen_base_2b"", ""play_index"": 2, ""is_batter"": false}]",[],False,,stolen_base_2b,
A4:822988:66:0,822988:66:0,822988,2026-05-02,DEFENSE,San Francisco Giants,8,bottom,0-0,2,010,False,,2,1.32455,,0.030628,R2_RUNNER_OUTCOME_STANDS,RULE_BASED,True,True,False,True,False,True,False,False,False,False,True,False,True,False,False,,True,"[""stolen_base_3b""]","[""Jonny DeLuca steals (3) 3rd base. Jonny DeLuca scores. Throwing error by catcher Patrick Bailey.""]","[{""runner_id"": 676356, ""start"": ""2B"", ""end"": ""3B"", ""is_out"": false, ""event"": ""Stolen Base 3B"", ""reason"": ""r_stolen_base_3b"", ""play_index"": 1, ""is_batter"": false}, {""runner_id"": 676356, ""start"": ""3B"", ""end"": ""score"", ""is_out"": false, ""event"": ""Error"", ""reason"": ""r_adv_play"", ""play_index"": 1, ""is_batter"": false}]","[""f_throwing_error:C""]",False,,stolen_base_3b,
A4:824042:77:4,824042:77:4,824042,2026-05-02,OFFENSE,New York Mets,10,top,2-1,2,101,True,OVERTURNED,1,1.90542,0.456128,0.180869,R2_RUNNER_OUTCOME_STANDS,RULE_BASED,True,True,False,False,False,False,False,False,False,False,True,False,False,False,False,,True,"[""stolen_base_2b""]","[""Francisco Alvarez challenged (pitch result), call on the field was overturned: Juan Soto steals (1) 2nd base.""]","[{""runner_id"": 665742, ""start"": ""1B"", ""end"": ""2B"", ""is_out"": false, ""event"": ""Stolen Base 2B"", ""reason"": ""r_stolen_base_2b"", ""play_index"": 5, ""is_batter"": false}]",[],False,,stolen_base_2b,
A4:823065:67:1,823065:67:1,823065,2026-05-03,DEFENSE,St. Louis Cardinals,9,top,1-0,0,100,True,OVERTURNED,1,3.83645,,0.189589,R2_RUNNER_OUTCOME_STANDS,RULE_BASED,True,True,False,False,False,False,False,False,False,False,True,False,False,False,False,,True,"[""stolen_base_2b""]","[""Pedro Pag\u00e9s challenged (pitch result), call on the field was overturned: Andy Pages steals (5) 2nd base.""]","[{""runner_id"": 681624, ""start"": ""1B"", ""end"": ""2B"", ""is_out"": false, ""event"": ""Stolen Base 2B"", ""reason"": ""r_stolen_base_2b"", ""play_index"": 2, ""is_batter"": false}]",[],False,,stolen_base_2b,
A4:825013:34:2,825013:34:2,825013,2026-05-03,DEFENSE,Athletics,5,top,1-1,1,100,False,,1,1.20392,,0.0484639,R2_RUNNER_OUTCOME_STANDS,RULE_BASED,True,False,True,True,False,True,False,False,False,False,False,True,False,False,False,,True,"[""caught_stealing_2b""]","[""Jos\u00e9 Ram\u00edrez caught stealing 2nd base, catcher Austin Wynns to shortstop Jacob Wilson.""]","[{""runner_id"": 608070, ""start"": ""1B"", ""end"": null, ""is_out"": true, ""event"": ""Caught Stealing 2B"", ""reason"": ""r_caught_stealing_2b"", ""play_index"": 3, ""is_batter"": false}]","[""f_assist:C"", ""f_putout:SS""]",False,,caught_stealing_2b,
A4:824363:5:1,824363:5:1,824363,2026-05-04,DEFENSE,New York Mets,1,bottom,0-1,1,100,False,,2,0.370107,,0.138198,R2_RUNNER_OUTCOME_STANDS,RULE_BASED,True,True,False,False,False,False,False,False,False,False,True,False,False,False,False,,True,"[""stolen_base_2b""]","[""Tyler Freeman steals (3) 2nd base.""]","[{""runner_id"": 671289, ""start"": ""1B"", ""end"": ""2B"", ""is_out"": false, ""event"": ""Stolen Base 2B"", ""reason"": ""r_stolen_base_2b"", ""play_index"": 2, ""is_batter"": false}]",[],False,,stolen_base_2b,
A4:823873:70:1,823873:70:1,823873,2026-05-05,DEFENSE,Baltimore Orioles,8,bottom,0-0,1,100,False,,1,0.527283,,0.138002,R2_RUNNER_OUTCOME_STANDS,RULE_BASED,True,True,False,False,False,False,False,False,False,False,True,False,False,False,False,,True,"[""stolen_base_2b""]","[""Esteury Ruiz steals (2) 2nd base.""]","[{""runner_id"": 665923, ""start"": ""1B"", ""end"": ""2B"", ""is_out"": false, ""event"": ""Stolen Base 2B"", ""reason"": ""r_stolen_base_2b"", ""play_index"": 2, ""is_batter"": false}]",[],False,,stolen_base_2b,
A4:823470:58:1,823470:58:1,823470,2026-05-06,DEFENSE,Philadelphia Phillies,8,top,0-1,1,100,False,,1,0.333262,,0.138198,R2_RUNNER_OUTCOME_STANDS,RULE_BASED,True,True,False,False,False,False,False,False,False,False,True,False,False,False,False,,True,"[""stolen_base_2b""]","[""Nick Kurtz steals (4) 2nd base.""]","[{""runner_id"": 701762, ""start"": ""1B"", ""end"": ""2B"", ""is_out"": false, ""event"": ""Stolen Base 2B"", ""reason"": ""r_stolen_base_2b"", ""play_index"": 2, ""is_batter"": false}]",[],False,,stolen_base_2b,
A4:825091:19:4,825091:19:4,825091,2026-05-06,DEFENSE,Arizona Diamondbacks,3,top,1-2,2,100,False,,2,0.619412,,,R3_TERMINAL_CALL_RUNNER_ACTION,AMBIGUOUS,True,True,False,False,False,False,False,False,False,False,True,False,False,False,False,,True,"[""stolen_base_2b""]","[""Bryan Reynolds steals (2) 2nd base.""]","[{""runner_id"": 668804, ""start"": ""1B"", ""end"": ""2B"", ""is_out"": false, ""event"": ""Stolen Base 2B"", ""reason"": ""r_stolen_base_2b"", ""play_index"": 5, ""is_batter"": false}]",[],False,,stolen_base_2b,
A4:823306:52:3,823306:52:3,823306,2026-05-07,DEFENSE,San Diego Padres,8,top,1-1,0,100,False,,1,0.448145,,0.082654,R2_RUNNER_OUTCOME_STANDS,RULE_BASED,True,False,True,True,False,True,False,False,False,False,False,True,False,True,False,,True,"[""caught_stealing_2b""]","[""Umpire reviewed (tag play), call on the field was overturned: Victor Scott II caught stealing 2nd base, catcher Rodolfo Dur\u00e1n to shortstop Xander Bogaerts.""]","[{""runner_id"": 687363, ""start"": ""1B"", ""end"": null, ""is_out"": true, ""event"": ""Caught Stealing 2B"", ""reason"": ""r_caught_stealing_2b"", ""play_index"": 4, ""is_batter"": false}]","[""f_assist:C"", ""f_putout:SS""]",False,"[{""isOverturned"": true, ""inProgress"": false, ""reviewType"": ""NA""}]",caught_stealing_2b,
A4:824117:12:1,824117:12:1,824117,2026-05-07,DEFENSE,Cleveland Guardians,1,bottom,1-0,2,110,False,,2,0.0346085,,0.196752,R1_NO_RUNNER_ACTION,EXACT,False,False,False,False,True,True,False,False,True,False,False,False,False,False,False,,True,"[""pickoff""]","[""Pickoff Attempt 2B""]",[],[],True,,pickoff,True
A4:825090:68:1,825090:68:1,825090,2026-05-07,DEFENSE,Arizona Diamondbacks,9,top,0-0,2,100,False,,2,1.4907,,0.0885178,R2_RUNNER_OUTCOME_STANDS,RULE_BASED,True,True,False,False,False,False,False,False,False,False,True,False,False,False,False,,True,"[""stolen_base_2b""]","[""Oneil Cruz steals (13) 2nd base.""]","[{""runner_id"": 665833, ""start"": ""1B"", ""end"": ""2B"", ""is_out"": false, ""event"": ""Stolen Base 2B"", ""reason"": ""r_stolen_base_2b"", ""play_index"": 2, ""is_batter"": false}]",[],False,,stolen_base_2b,
A4:822822:13:2,822822:13:2,822822,2026-05-08,DEFENSE,Los Angeles Angels,2,bottom,0-1,1,100,False,,1,3.18477,,0.138198,R2_RUNNER_OUTCOME_STANDS,RULE_BASED,True,True,False,False,False,False,False,False,False,False,True,False,False,False,False,,True,"[""stolen_base_2b""]","[""Davis Schneider steals (1) 2nd base.""]","[{""runner_id"": 676914, ""start"": ""1B"", ""end"": ""2B"", ""is_out"": false, ""event"": ""Stolen Base 2B"", ""reason"": ""r_stolen_base_2b"", ""play_index"": 3, ""is_batter"": false}]",[],False,,stolen_base_2b,
A4:823466:62:0,823466:62:0,823466,2026-05-08,OFFENSE,Colorado Rockies,8,top,0-0,1,100,False,,2,0.992936,0.121204,0.138002,R2_RUNNER_OUTCOME_STANDS,RULE_BASED,True,True,False,False,False,False,False,False,False,False,True,False,False,False,False,,True,"[""stolen_base_2b""]","[""Brenton Doyle steals (8) 2nd base.""]","[{""runner_id"": 686668, ""start"": ""1B"", ""end"": ""2B"", ""is_out"": false, ""event"": ""Stolen Base 2B"", ""reason"": ""r_stolen_base_2b"", ""play_index"": 1, ""is_batter"": false}]",[],False,,stolen_base_2b,
A4:823871:19:4,823871:19:4,823871,2026-05-08,DEFENSE,Washington Nationals,2,bottom,2-1,2,100,False,,2,0.788339,,0.0750516,R2_RUNNER_OUTCOME_STANDS,RULE_BASED,True,True,False,False,False,False,False,False,False,False,True,False,False,False,False,,True,"[""stolen_base_2b""]","[""Esteury Ruiz steals (4) 2nd base.""]","[{""runner_id"": 665923, ""start"": ""1B"", ""end"": ""2B"", ""is_out"": false, ""event"": ""Stolen Base 2B"", ""reason"": ""r_stolen_base_2b"", ""play_index"": 5, ""is_batter"": false}]",[],False,,stolen_base_2b,
A4:824768:15:1,824768:15:1,824768,2026-05-08,DEFENSE,Tampa Bay Rays,2,bottom,0-0,2,100,False,,2,2.00697,,0.0510117,R1_NO_RUNNER_ACTION,EXACT,False,False,False,False,True,True,False,False,True,False,False,False,False,False,False,,True,"[""pickoff""]","[""Pickoff Attempt 1B""]",[],[],True,,pickoff,True
A4:823792:63:0,823792:63:0,823792,2026-05-09,DEFENSE,New York Yankees,8,bottom,0-0,2,100,False,,1,1.64041,,0.0885178,R2_RUNNER_OUTCOME_STANDS,RULE_BASED,True,True,False,False,False,False,False,False,False,False,True,False,False,False,False,,True,"[""stolen_base_2b""]","[""Brice Turang steals (8) 2nd base.""]","[{""runner_id"": 668930, ""start"": ""1B"", ""end"": ""2B"", ""is_out"": false, ""event"": ""Stolen Base 2B"", ""reason"": ""r_stolen_base_2b"", ""play_index"": 1, ""is_batter"": false}]",[],False,,stolen_base_2b,
A4:823869:49:2,823869:49:2,823869,2026-05-09,DEFENSE,Washington Nationals,6,bottom,1-1,1,100,False,,1,1.40884,,0.202019,R2_RUNNER_OUTCOME_STANDS,RULE_BASED,True,True,False,False,False,False,False,False,False,False,True,False,False,False,False,,True,"[""stolen_base_2b""]","[""Connor Norby steals (3) 2nd base.""]","[{""runner_id"": 681393, ""start"": ""1B"", ""end"": ""2B"", ""is_out"": false, ""event"": ""Stolen Base 2B"", ""reason"": ""r_stolen_base_2b"", ""play_index"": 3, ""is_batter"": false}]",[],False,,stolen_base_2b,
A4:824115:17:1,824115:17:1,824115,2026-05-09,DEFENSE,Kansas City Royals,3,top,0-1,0,100,False,,2,1.59776,,0.0869325,R2_RUNNER_OUTCOME_STANDS,RULE_BASED,True,True,False,False,False,False,False,False,False,False,True,False,False,False,False,,True,"[""stolen_base_2b""]","[""Zach McKinstry steals (1) 2nd base.""]","[{""runner_id"": 656716, ""start"": ""1B"", ""end"": ""2B"", ""is_out"": false, ""event"": ""Stolen Base 2B"", ""reason"": ""r_stolen_base_2b"", ""play_index"": 2, ""is_batter"": false}]",[],False,,stolen_base_2b,
A4:824523:27:1,824523:27:1,824523,2026-05-09,OFFENSE,Cincinnati Reds,4,bottom,1-0,2,100,False,,2,3.03918,0.332182,-0,R2_RUNNER_OUTCOME_STANDS,RULE_BASED,True,False,True,True,False,True,False,False,False,False,False,True,False,False,False,,True,[],[],"[{""runner_id"": 682829, ""start"": ""1B"", ""end"": null, ""is_out"": true, ""event"": ""Caught Stealing 2B"", ""reason"": ""r_caught_stealing_2b"", ""play_index"": 1, ""is_batter"": false}]","[""f_assist:C"", ""f_putout:SS""]",False,,,
A4:824523:35:0,824523:35:0,824523,2026-05-09,DEFENSE,Houston Astros,5,bottom,0-0,1,100,False,,1,2.47281,,0.138002,R2_RUNNER_OUTCOME_STANDS,RULE_BASED,True,True,False,False,False,False,False,False,False,False,True,False,False,False,False,,True,"[""stolen_base_2b""]","[""Spencer Steer steals (2) 2nd base.""]","[{""runner_id"": 668715, ""start"": ""1B"", ""end"": ""2B"", ""is_out"": false, ""event"": ""Stolen Base 2B"", ""reason"": ""r_stolen_base_2b"", ""play_index"": 1, ""is_batter"": false}]",[],False,,stolen_base_2b,
A4:824606:3:4,824606:3:4,824606,2026-05-09,DEFENSE,Chicago White Sox,1,top,2-1,2,100,False,,2,1.89574,,0,R2_RUNNER_OUTCOME_STANDS,RULE_BASED,True,False,True,True,False,True,False,False,False,False,False,True,False,False,False,,True,[],[],"[{""runner_id"": 677594, ""start"": ""1B"", ""end"": null, ""is_out"": true, ""event"": ""Caught Stealing 2B"", ""reason"": ""r_caught_stealing_2b"", ""play_index"": 4, ""is_batter"": false}]","[""f_assist:C"", ""f_putout:SS""]",False,,,
A4:824113:59:5,824113:59:5,824113,2026-05-10,DEFENSE,Kansas City Royals,7,top,2-1,1,010,False,,1,2.08856,,0.0660691,R2_RUNNER_OUTCOME_STANDS,RULE_BASED,True,False,True,True,False,True,False,False,False,False,False,True,False,False,False,,True,"[""caught_stealing_3b""]","[""Wenceel P\u00e9rez caught stealing 3rd base, catcher Elias D\u00edaz to third baseman Maikel Garcia.""]","[{""runner_id"": 672761, ""start"": ""2B"", ""end"": null, ""is_out"": true, ""event"": ""Caught Stealing 3B"", ""reason"": ""r_caught_stealing_3b"", ""play_index"": 6, ""is_batter"": false}]","[""f_assist:C"", ""f_putout:3B""]",False,,caught_stealing_3b,
A4:824441:18:1,824441:18:1,824441,2026-05-11,OFFENSE,Cleveland Guardians,2,bottom,1-0,2,101,False,,2,0.159545,0.121665,-0.0846813,R2_RUNNER_OUTCOME_STANDS,RULE_BASED,True,True,False,False,False,False,False,False,False,False,True,False,False,False,False,,True,"[""stolen_base_2b""]","[""Brayan Rocchio steals (7) 2nd base.""]","[{""runner_id"": 677587, ""start"": ""1B"", ""end"": ""2B"", ""is_out"": false, ""event"": ""Stolen Base 2B"", ""reason"": ""r_stolen_base_2b"", ""play_index"": 2, ""is_batter"": false}]",[],False,,stolen_base_2b,
A4:823632:2:8,823632:2:8,823632,2026-05-12,DEFENSE,New York Mets,1,top,3-2,1,100,True,OVERTURNED,2,1.56612,,,R3_TERMINAL_CALL_RUNNER_ACTION,AMBIGUOUS,True,True,False,False,False,False,False,False,False,False,True,False,False,False,False,,True,[],[],"[{""runner_id"": 690993, ""start"": null, ""end"": null, ""is_out"": true, ""event"": ""Strikeout"", ""reason"": null, ""play_index"": 8, ""is_batter"": true}, {""runner_id"": 805808, ""start"": ""1B"", ""end"": ""2B"", ""is_out"": false, ""event"": ""Stolen Base 2B"", ""reason"": ""r_stolen_base_2b"", ""play_index"": 8, ""is_batter"": false}]",[],False,,,
A4:824764:59:1,824764:59:1,824764,2026-05-12,OFFENSE,Boston Red Sox,8,bottom,1-0,2,100,False,,2,1.11921,0.20356,0.0385059,R2_RUNNER_OUTCOME_STANDS,RULE_BASED,True,True,False,True,False,True,False,False,False,False,True,False,True,False,False,,True,"[""stolen_base_2b""]","[""Jarren Duran steals (9) 2nd base. Jarren Duran to 3rd. Jarren Duran advances to 3rd, on a throwing error by catcher J.T. Realmuto.""]","[{""runner_id"": 680776, ""start"": ""1B"", ""end"": ""2B"", ""is_out"": false, ""event"": ""Stolen Base 2B"", ""reason"": ""r_stolen_base_2b"", ""play_index"": 2, ""is_batter"": false}, {""runner_id"": 680776, ""start"": ""2B"", ""end"": ""3B"", ""is_out"": false, ""event"": ""Error"", ""reason"": ""r_adv_play"", ""play_index"": 2, ""is_batter"": false}]","[""f_throwing_error:C""]",False,,stolen_base_2b,
A4:822815:76:2,822815:76:2,822815,2026-05-13,OFFENSE,Tampa Bay Rays,10,top,1-0,0,100,False,,1,2.88977,0.420023,0.189589,R2_RUNNER_OUTCOME_STANDS,RULE_BASED,True,True,False,False,False,False,False,False,False,False,True,False,False,False,False,,True,"[""stolen_base_2b""]","[""Ben Williamson steals (4) 2nd base.""]","[{""runner_id"": 810938, ""start"": ""1B"", ""end"": ""2B"", ""is_out"": false, ""event"": ""Stolen Base 2B"", ""reason"": ""r_stolen_base_2b"", ""play_index"": 3, ""is_batter"": false}]",[],False,,stolen_base_2b,
A4:822900:73:1,822900:73:1,822900,2026-05-13,DEFENSE,Texas Rangers,9,top,0-1,2,101,True,OVERTURNED,2,1.54545,,0.229441,R2_RUNNER_OUTCOME_STANDS,RULE_BASED,True,True,False,False,False,False,False,False,False,False,True,False,False,False,False,,True,"[""stolen_base_2b""]","[""Cal Quantrill challenged (pitch result), call on the field was overturned: Gabriel Moreno steals (1) 2nd base.""]","[{""runner_id"": 672515, ""start"": ""1B"", ""end"": ""2B"", ""is_out"": false, ""event"": ""Stolen Base 2B"", ""reason"": ""r_stolen_base_2b"", ""play_index"": 2, ""is_batter"": false}]",[],False,,stolen_base_2b,
A4:823710:56:3,823710:56:3,823710,2026-05-13,DEFENSE,Minnesota Twins,6,top,1-2,2,101,False,,1,2.43517,,,R3_TERMINAL_CALL_RUNNER_ACTION,AMBIGUOUS,True,True,False,False,False,False,False,False,False,False,True,False,False,False,False,,True,"[""stolen_base_2b""]","[""Kyle Stowers steals (1) 2nd base.""]","[{""runner_id"": 669065, ""start"": ""1B"", ""end"": ""2B"", ""is_out"": false, ""event"": ""Stolen Base 2B"", ""reason"": ""r_stolen_base_2b"", ""play_index"": 4, ""is_batter"": false}]",[],False,,stolen_base_2b,
A4:824438:6:2,824438:6:2,824438,2026-05-13,OFFENSE,Cleveland Guardians,1,bottom,0-0,0,100,False,,2,0.0163038,0.0355725,0.192383,R2_RUNNER_OUTCOME_STANDS,RULE_BASED,True,True,False,False,False,False,False,False,False,False,True,False,False,False,False,,True,"[""stolen_base_2b""]","[""Jos\u00e9 Ram\u00edrez steals (17) 2nd base.""]","[{""runner_id"": 608070, ""start"": ""1B"", ""end"": ""2B"", ""is_out"": false, ""event"": ""Stolen Base 2B"", ""reason"": ""r_stolen_base_2b"", ""play_index"": 3, ""is_batter"": false}]",[],False,,stolen_base_2b,
A4:824438:20:0,824438:20:0,824438,2026-05-13,DEFENSE,Los Angeles Angels,3,bottom,0-0,0,100,True,OVERTURNED,2,2.99646,,0.192383,R2_RUNNER_OUTCOME_STANDS,RULE_BASED,True,True,False,False,False,False,False,False,False,False,True,False,False,False,False,,True,"[""stolen_base_2b""]","[""Sebasti\u00e1n Rivero challenged (pitch result), call on the field was overturned: Angel Mart\u00ednez steals (7) 2nd base.""]","[{""runner_id"": 682657, ""start"": ""1B"", ""end"": ""2B"", ""is_out"": false, ""event"": ""Stolen Base 2B"", ""reason"": ""r_stolen_base_2b"", ""play_index"": 1, ""is_batter"": false}]",[],False,,stolen_base_2b,
A4:825010:27:1,825010:27:1,825010,2026-05-13,DEFENSE,Athletics,4,top,0-0,1,101,False,,2,0.414971,,0.0158913,R1_NO_RUNNER_ACTION,EXACT,False,False,False,False,True,True,False,False,True,False,False,False,False,False,False,,True,"[""pickoff""]","[""Pickoff Attempt 3B""]",[],[],True,,pickoff,True
A4:825010:27:4,825010:27:4,825010,2026-05-13,DEFENSE,Athletics,4,top,1-1,1,101,True,OVERTURNED,2,0.0802923,,0.101333,R2_RUNNER_OUTCOME_STANDS,RULE_BASED,False,False,False,True,True,True,False,False,True,False,True,True,False,False,False,,True,"[""pickoff_caught_stealing_home"", ""pickoff""]","[""Masyn Winn picked off and caught stealing home, catcher Jonah Heim to third baseman Zack Gelof to catcher Jonah Heim to third baseman Zack Gelof. Nathan Church to 2nd."", ""Pickoff Attempt 3B""]","[{""runner_id"": 691026, ""start"": ""3B"", ""end"": null, ""is_out"": true, ""event"": ""Pickoff Caught Stealing Home"", ""reason"": ""r_pickoff_caught_stealing_home"", ""play_index"": 6, ""is_batter"": false}, {""runner_id"": 701675, ""start"": ""1B"", ""end"": ""2B"", ""is_out"": false, ""event"": ""Pickoff Caught Stealing Home"", ""reason"": ""r_adv_play"", ""play_index"": 6, ""is_batter"": false}]","[""f_assist:C"", ""f_assist:3B"", ""f_touch:C"", ""f_putout:3B""]",True,,pickoff,True
A4:823383:25:2,823383:25:2,823383,2026-05-14,DEFENSE,Colorado Rockies,3,bottom,1-1,0,101,False,,1,2.06253,,-0.0820519,R2_RUNNER_OUTCOME_STANDS,RULE_BASED,True,True,False,False,False,False,False,False,False,False,True,False,False,False,False,,True,"[""stolen_base_2b""]","[""Konnor Griffin steals (10) 2nd base.""]","[{""runner_id"": 804606, ""start"": ""1B"", ""end"": ""2B"", ""is_out"": false, ""event"": ""Stolen Base 2B"", ""reason"": ""r_stolen_base_2b"", ""play_index"": 3, ""is_batter"": false}]",[],False,,stolen_base_2b,
A4:823709:29:0,823709:29:0,823709,2026-05-14,DEFENSE,Miami Marlins,3,bottom,0-0,1,010,True,OVERTURNED,1,2.6526,,0.030628,R2_RUNNER_OUTCOME_STANDS,RULE_BASED,True,False,True,True,False,True,False,False,False,False,False,True,False,True,False,,True,"[""caught_stealing_3b""]","[""Marlins challenged (tag play), call on the field was overturned: Liam Hicks challenged (pitch result), call on the field was overturned: James Outman caught stealing 3rd base, catcher Liam Hicks to third baseman Javier Sanoja.""]","[{""runner_id"": 681546, ""start"": ""2B"", ""end"": null, ""is_out"": true, ""event"": ""Caught Stealing 3B"", ""reason"": ""r_caught_stealing_3b"", ""play_index"": 1, ""is_batter"": false}]","[""f_assist:C"", ""f_putout:3B""]",False,"[{""isOverturned"": true, ""inProgress"": false, ""reviewType"": ""MA"", ""challengeTeamId"": 146}]",caught_stealing_3b,
A4:824602:4:0,824602:4:0,824602,2026-05-14,DEFENSE,Chicago White Sox,1,top,0-0,2,100,False,,2,0.0565952,,0.0885178,R2_RUNNER_OUTCOME_STANDS,RULE_BASED,True,True,False,False,False,False,False,False,False,False,True,False,False,False,False,,True,"[""stolen_base_2b""]","[""Bobby Witt Jr. steals (13) 2nd base.""]","[{""runner_id"": 677951, ""start"": ""1B"", ""end"": ""2B"", ""is_out"": false, ""event"": ""Stolen Base 2B"", ""reason"": ""r_stolen_base_2b"", ""play_index"": 1, ""is_batter"": false}]",[],False,,stolen_base_2b,
A4:823384:84:2,823384:84:2,823384,2026-05-15,OFFENSE,Philadelphia Phillies,10,top,0-0,0,101,False,,2,1.41005,0.271067,0.0405339,R2_RUNNER_OUTCOME_STANDS,RULE_BASED,True,True,False,False,False,False,False,False,False,False,True,False,False,False,False,,True,"[""stolen_base_2b""]","[""Justin Crawford steals (5) 2nd base.""]","[{""runner_id"": 702222, ""start"": ""1B"", ""end"": ""2B"", ""is_out"": false, ""event"": ""Stolen Base 2B"", ""reason"": ""r_stolen_base_2b"", ""play_index"": 3, ""is_batter"": false}]",[],False,,stolen_base_2b,
A4:823707:32:0,823707:32:0,823707,2026-05-15,DEFENSE,Minnesota Twins,5,top,0-0,2,100,False,,1,1.70031,,0,R2_RUNNER_OUTCOME_STANDS,RULE_BASED,True,False,True,True,False,True,False,False,False,False,False,True,False,False,False,,True,[],[],"[{""runner_id"": 666152, ""start"": ""1B"", ""end"": null, ""is_out"": true, ""event"": ""Caught Stealing 2B"", ""reason"": ""r_caught_stealing_2b"", ""play_index"": 0, ""is_batter"": false}]","[""f_assist:C"", ""f_putout:SS""]",False,,,
A4:824360:3:3,824360:3:3,824360,2026-05-15,DEFENSE,Colorado Rockies,1,top,2-1,2,010,False,,2,0.105432,,0.236594,R2_RUNNER_OUTCOME_STANDS,RULE_BASED,True,True,False,False,False,False,False,False,False,False,True,False,False,True,False,,True,"[""stolen_base_3b""]","[""Diamondbacks challenged (tag play), call on the field was overturned: Corbin Carroll steals (6) 3rd base.""]","[{""runner_id"": 682998, ""start"": ""2B"", ""end"": ""3B"", ""is_out"": false, ""event"": ""Stolen Base 3B"", ""reason"": ""r_stolen_base_3b"", ""play_index"": 4, ""is_batter"": false}]",[],False,"[{""isOverturned"": true, ""inProgress"": false, ""reviewType"": ""MA"", ""challengeTeamId"": 109}]",stolen_base_3b,
A4:824439:43:2,824439:43:2,824439,2026-05-15,DEFENSE,Cleveland Guardians,6,top,1-1,0,100,False,,1,2.06407,,0.172488,R1_NO_RUNNER_ACTION,EXACT,False,False,False,False,True,True,False,False,True,False,False,False,False,False,False,,True,"[""pickoff""]","[""Pickoff Attempt 1B""]",[],[],True,,pickoff,True
A4:822737:10:5,822737:10:5,822737,2026-05-16,OFFENSE,Baltimore Orioles,2,top,1-1,1,100,False,,2,0.940867,0.197704,0.202019,R2_RUNNER_OUTCOME_STANDS,RULE_BASED,True,True,False,False,False,False,False,False,False,False,True,False,False,False,False,,True,"[""stolen_base_2b""]","[""Leody Taveras steals (3) 2nd base.""]","[{""runner_id"": 665750, ""start"": ""1B"", ""end"": ""2B"", ""is_out"": false, ""event"": ""Stolen Base 2B"", ""reason"": ""r_stolen_base_2b"", ""play_index"": 6, ""is_batter"": false}]",[],False,,stolen_base_2b,
A4:822982:19:1,822982:19:1,822982,2026-05-17,DEFENSE,Tampa Bay Rays,3,top,0-0,1,100,False,,2,3.98771,,0.138002,R2_RUNNER_OUTCOME_STANDS,RULE_BASED,True,True,False,False,False,False,False,False,False,False,True,False,False,True,False,,True,"[""stolen_base_2b""]","[""Rays challenged (tag play), call on the field was upheld: Xavier Edwards steals (5) 2nd base.""]","[{""runner_id"": 669364, ""start"": ""1B"", ""end"": ""2B"", ""is_out"": false, ""event"": ""Stolen Base 2B"", ""reason"": ""r_stolen_base_2b"", ""play_index"": 2, ""is_batter"": false}]",[],False,"[{""isOverturned"": false, ""inProgress"": false, ""reviewType"": ""MA"", ""challengeTeamId"": 139}]",stolen_base_2b,
A4:822982:38:0,822982:38:0,822982,2026-05-17,DEFENSE,Tampa Bay Rays,5,top,0-0,1,100,False,,2,1.85447,,0.138002,R2_RUNNER_OUTCOME_STANDS,RULE_BASED,True,True,False,False,False,False,False,False,False,False,True,False,False,False,False,,True,"[""stolen_base_2b""]","[""Xavier Edwards steals (6) 2nd base.""]","[{""runner_id"": 669364, ""start"": ""1B"", ""end"": ""2B"", ""is_out"": false, ""event"": ""Stolen Base 2B"", ""reason"": ""r_stolen_base_2b"", ""play_index"": 1, ""is_batter"": false}]",[],False,,stolen_base_2b,
A4:824279:16:1,824279:16:1,824279,2026-05-17,DEFENSE,Toronto Blue Jays,2,bottom,0-1,2,100,False,,2,5.74781,,0.0971519,R1_NO_RUNNER_ACTION,EXACT,False,False,False,False,True,True,False,False,True,False,False,False,False,False,False,,True,"[""pickoff""]","[""Pickoff Attempt 1B""]",[],[],True,,pickoff,True
A4:824436:61:0,824436:61:0,824436,2026-05-17,DEFENSE,Cincinnati Reds,7,bottom,0-0,1,100,False,,2,3.85862,,0.030628,R2_RUNNER_OUTCOME_STANDS,RULE_BASED,True,False,True,True,False,True,False,False,False,False,False,True,False,False,False,,True,"[""caught_stealing_2b""]","[""Travis Bazzana caught stealing 2nd base, catcher Tyler Stephenson to shortstop Elly De La Cruz.""]","[{""runner_id"": 683953, ""start"": ""1B"", ""end"": null, ""is_out"": true, ""event"": ""Caught Stealing 2B"", ""reason"": ""r_caught_stealing_2b"", ""play_index"": 1, ""is_batter"": false}]","[""f_assist:C"", ""f_putout:SS""]",False,,caught_stealing_2b,
A4:824599:13:2,824599:13:2,824599,2026-05-17,DEFENSE,Chicago White Sox,2,top,1-0,2,100,False,,2,0.921438,,0.104616,R2_RUNNER_OUTCOME_STANDS,RULE_BASED,True,True,False,False,False,False,False,False,False,False,True,False,False,False,False,,True,"[""stolen_base_2b""]","[""Nico Hoerner steals (9) 2nd base.""]","[{""runner_id"": 663538, ""start"": ""1B"", ""end"": ""2B"", ""is_out"": false, ""event"": ""Stolen Base 2B"", ""reason"": ""r_stolen_base_2b"", ""play_index"": 3, ""is_batter"": false}]",[],False,,stolen_base_2b,
A4:824599:85:5,824599:85:5,824599,2026-05-17,DEFENSE,Chicago White Sox,10,top,2-1,0,010,False,,1,1.15795,,0.0993594,R2_RUNNER_OUTCOME_STANDS,RULE_BASED,True,True,False,False,False,False,False,False,False,False,True,False,False,False,False,,True,"[""stolen_base_3b""]","[""Pete Crow-Armstrong steals (12) 3rd base.""]","[{""runner_id"": 691718, ""start"": ""2B"", ""end"": ""3B"", ""is_out"": false, ""event"": ""Stolen Base 3B"", ""reason"": ""r_stolen_base_3b"", ""play_index"": 6, ""is_batter"": false}]",[],False,,stolen_base_3b,
A4:823549:32:2,823549:32:2,823549,2026-05-18,OFFENSE,New York Yankees,4,bottom,1-0,1,010,True,OVERTURNED,2,1.34252,0.177991,0.0059372,R2_RUNNER_OUTCOME_STANDS,RULE_BASED,True,True,False,False,False,False,False,False,False,False,True,False,False,False,False,,True,"[""stolen_base_3b""]","[""Max Schuemann challenged (pitch result), call on the field was overturned: Anthony Volpe steals (2) 3rd base.""]","[{""runner_id"": 683011, ""start"": ""2B"", ""end"": ""3B"", ""is_out"": false, ""event"": ""Stolen Base 3B"", ""reason"": ""r_stolen_base_3b"", ""play_index"": 3, ""is_batter"": false}]",[],False,,stolen_base_3b,
A4:823298:28:0,823298:28:0,823298,2026-05-22,DEFENSE,San Diego Padres,4,top,0-0,0,100,False,,2,0.811558,,0.065873,R2_RUNNER_OUTCOME_STANDS,RULE_BASED,True,False,True,True,False,True,False,False,False,False,False,True,False,False,False,,True,"[""caught_stealing_2b""]","[""Henry Bolte caught stealing 2nd base, catcher Rodolfo Dur\u00e1n to shortstop Xander Bogaerts.""]","[{""runner_id"": 703607, ""start"": ""1B"", ""end"": null, ""is_out"": true, ""event"": ""Caught Stealing 2B"", ""reason"": ""r_caught_stealing_2b"", ""play_index"": 1, ""is_batter"": false}]","[""f_assist:C"", ""f_putout:SS""]",False,,caught_stealing_2b,
A4:823461:32:5,823461:32:5,823461,2026-05-22,DEFENSE,Cleveland Guardians,5,bottom,2-2,1,100,False,,2,1.22362,,,R3_TERMINAL_CALL_RUNNER_ACTION,AMBIGUOUS,True,True,False,False,False,False,False,False,False,False,True,False,False,False,False,,True,"[""stolen_base_2b""]","[""Bryson Stott steals (10) 2nd base.""]","[{""runner_id"": 681082, ""start"": ""1B"", ""end"": ""2B"", ""is_out"": false, ""event"": ""Stolen Base 2B"", ""reason"": ""r_stolen_base_2b"", ""play_index"": 6, ""is_batter"": false}]",[],False,,stolen_base_2b,
A4:824761:30:2,824761:30:2,824761,2026-05-22,DEFENSE,Minnesota Twins,3,bottom,0-1,2,100,False,,2,0.455238,,0,R2_RUNNER_OUTCOME_STANDS,RULE_BASED,True,False,True,True,False,True,False,False,False,False,False,True,False,False,False,,True,[],[],"[{""runner_id"": 655316, ""start"": ""1B"", ""end"": null, ""is_out"": true, ""event"": ""Caught Stealing 2B"", ""reason"": ""r_caught_stealing_2b"", ""play_index"": 2, ""is_batter"": false}]","[""f_assist:C"", ""f_putout:2B""]",False,,,
A4:823458:31:2,823458:31:2,823458,2026-05-23,DEFENSE,Cleveland Guardians,4,bottom,0-1,2,101,True,OVERTURNED,2,3.96293,,0.229441,R2_RUNNER_OUTCOME_STANDS,RULE_BASED,True,True,False,False,False,False,False,False,False,False,True,False,False,False,False,,True,"[""stolen_base_2b""]","[""Patrick Bailey challenged (pitch result), call on the field was overturned: J.T. Realmuto steals (1) 2nd base.""]","[{""runner_id"": 592663, ""start"": ""1B"", ""end"": ""2B"", ""is_out"": false, ""event"": ""Stolen Base 2B"", ""reason"": ""r_stolen_base_2b"", ""play_index"": 3, ""is_batter"": false}]",[],False,,stolen_base_2b,
A4:823458:54:2,823458:54:2,823458,2026-05-23,DEFENSE,Cleveland Guardians,7,bottom,0-2,2,100,False,,2,0.892916,,,R3_TERMINAL_CALL_RUNNER_ACTION,AMBIGUOUS,True,False,True,True,False,True,False,False,False,False,False,True,False,False,False,,True,[],[],"[{""runner_id"": 547180, ""start"": ""1B"", ""end"": null, ""is_out"": true, ""event"": ""Caught Stealing 2B"", ""reason"": ""r_caught_stealing_2b"", ""play_index"": 2, ""is_batter"": false}]","[""f_assist:C"", ""f_putout:2B""]",False,,,
A4:824518:49:1,824518:49:1,824518,2026-05-23,DEFENSE,Cincinnati Reds,7,top,0-1,0,100,True,OVERTURNED,2,1.11088,,0.0869325,R2_RUNNER_OUTCOME_STANDS,RULE_BASED,True,True,False,False,False,False,False,False,False,False,True,False,False,False,False,,True,"[""stolen_base_2b""]","[""Tyler Stephenson challenged (pitch result), call on the field was overturned: Iv\u00e1n Herrera steals (2) 2nd base.""]","[{""runner_id"": 671056, ""start"": ""1B"", ""end"": ""2B"", ""is_out"": false, ""event"": ""Stolen Base 2B"", ""reason"": ""r_stolen_base_2b"", ""play_index"": 2, ""is_batter"": false}]",[],False,,stolen_base_2b,
A4:823220:35:0,823220:35:0,823220,2026-05-24,DEFENSE,Chicago White Sox,4,bottom,0-0,0,100,False,,2,3.36375,,0.065873,R2_RUNNER_OUTCOME_STANDS,RULE_BASED,True,False,True,True,False,True,False,False,False,False,False,True,False,False,False,,True,"[""caught_stealing_2b""]","[""Jesus Rodriguez caught stealing 2nd base, catcher Edgar Quero to second baseman Chase Meidroth.""]","[{""runner_id"": 683679, ""start"": ""1B"", ""end"": null, ""is_out"": true, ""event"": ""Caught Stealing 2B"", ""reason"": ""r_caught_stealing_2b"", ""play_index"": 1, ""is_batter"": false}]","[""f_assist:C"", ""f_putout:2B""]",False,,caught_stealing_2b,
A4:823294:47:0,823294:47:0,823294,2026-05-26,OFFENSE,San Diego Padres,6,bottom,0-0,2,100,False,,2,0.765811,0.0867632,0.0885178,R2_RUNNER_OUTCOME_STANDS,RULE_BASED,True,True,False,False,False,False,False,False,False,False,True,False,False,False,False,,True,"[""stolen_base_2b""]","[""Xander Bogaerts steals (9) 2nd base.""]","[{""runner_id"": 593428, ""start"": ""1B"", ""end"": ""2B"", ""is_out"": false, ""event"": ""Stolen Base 2B"", ""reason"": ""r_stolen_base_2b"", ""play_index"": 1, ""is_batter"": false}]",[],False,,stolen_base_2b,
A4:823624:2:0,823624:2:0,823624,2026-05-26,DEFENSE,New York Mets,1,top,0-0,1,100,False,,2,0.220516,,0.030628,R2_RUNNER_OUTCOME_STANDS,RULE_BASED,True,False,True,True,False,True,False,False,False,False,False,True,False,True,False,,True,"[""caught_stealing_2b""]","[""Mets challenged (tag play), call on the field was overturned: Blake Dunn caught stealing 2nd base, catcher Luis Torrens to second baseman Marcus Semien.""]","[{""runner_id"": 694362, ""start"": ""1B"", ""end"": null, ""is_out"": true, ""event"": ""Caught Stealing 2B"", ""reason"": ""r_caught_stealing_2b"", ""play_index"": 1, ""is_batter"": false}]","[""f_assist:C"", ""f_putout:2B""]",False,"[{""isOverturned"": true, ""inProgress"": false, ""reviewType"": ""MA"", ""challengeTeamId"": 121}]",caught_stealing_2b,
A4:824434:16:5,824434:16:5,824434,2026-05-26,DEFENSE,Cleveland Guardians,2,top,1-2,2,100,False,,1,3.01156,,,R3_TERMINAL_CALL_RUNNER_ACTION,AMBIGUOUS,True,False,True,True,False,True,False,False,False,False,False,True,False,False,False,,True,[],[],"[{""runner_id"": 678554, ""start"": ""1B"", ""end"": null, ""is_out"": true, ""event"": ""Caught Stealing 2B"", ""reason"": ""r_caught_stealing_2b"", ""play_index"": 5, ""is_batter"": false}]","[""f_assist:C"", ""f_putout:SS""]",False,,,
A4:824836:44:1,824836:44:1,824836,2026-05-27,OFFENSE,Baltimore Orioles,5,bottom,0-0,0,101,False,,2,0.428161,0.127921,0.0405339,R2_RUNNER_OUTCOME_STANDS,RULE_BASED,True,True,False,False,False,False,False,False,False,False,True,False,False,False,False,,True,"[""stolen_base_2b""]","[""Leody Taveras steals (6) 2nd base.""]","[{""runner_id"": 665750, ""start"": ""1B"", ""end"": ""2B"", ""is_out"": false, ""event"": ""Stolen Base 2B"", ""reason"": ""r_stolen_base_2b"", ""play_index"": 2, ""is_batter"": false}]",[],False,,stolen_base_2b,
A4:822978:52:0,822978:52:0,822978,2026-05-29,DEFENSE,Tampa Bay Rays,7,top,0-0,1,100,False,,1,3.94729,,0.030628,R2_RUNNER_OUTCOME_STANDS,RULE_BASED,True,False,True,True,False,True,False,False,False,False,False,True,False,False,False,,True,"[""caught_stealing_2b""]","[""Nick Madrigal caught stealing 2nd base, catcher Nick Fortes to second baseman Richie Palacios.""]","[{""runner_id"": 663611, ""start"": ""1B"", ""end"": null, ""is_out"": true, ""event"": ""Caught Stealing 2B"", ""reason"": ""r_caught_stealing_2b"", ""play_index"": 1, ""is_batter"": false}]","[""f_assist:C"", ""f_putout:2B""]",False,,caught_stealing_2b,
A4:823377:30:3,823377:30:3,823377,2026-05-29,DEFENSE,Minnesota Twins,3,bottom,1-2,2,100,False,,2,0.85929,,,R3_TERMINAL_CALL_RUNNER_ACTION,AMBIGUOUS,True,True,False,False,False,False,False,False,False,False,True,False,False,False,False,,True,"[""stolen_base_2b""]","[""Konnor Griffin steals (13) 2nd base.""]","[{""runner_id"": 804606, ""start"": ""1B"", ""end"": ""2B"", ""is_out"": false, ""event"": ""Stolen Base 2B"", ""reason"": ""r_stolen_base_2b"", ""play_index"": 4, ""is_batter"": false}]",[],False,,stolen_base_2b,
A4:824515:13:2,824515:13:2,824515,2026-05-29,DEFENSE,Cincinnati Reds,2,top,0-1,2,100,False,,2,3.43932,,0.0699614,R2_RUNNER_OUTCOME_STANDS,RULE_BASED,True,True,False,False,False,False,False,False,False,False,True,False,False,False,False,,True,"[""stolen_base_2b""]","[""Jorge Mateo steals (7) 2nd base.""]","[{""runner_id"": 622761, ""start"": ""1B"", ""end"": ""2B"", ""is_out"": false, ""event"": ""Stolen Base 2B"", ""reason"": ""r_stolen_base_2b"", ""play_index"": 3, ""is_batter"": false}]",[],False,,stolen_base_2b,
A4:825002:28:3,825002:28:3,825002,2026-05-29,DEFENSE,New York Yankees,3,bottom,2-1,2,100,False,,2,0.173611,,0,R2_RUNNER_OUTCOME_STANDS,RULE_BASED,True,False,True,True,False,True,False,False,False,False,False,True,False,False,False,,True,[],[],"[{""runner_id"": 687515, ""start"": ""1B"", ""end"": null, ""is_out"": true, ""event"": ""Caught Stealing 2B"", ""reason"": ""r_caught_stealing_2b"", ""play_index"": 3, ""is_batter"": false}]","[""f_assist:C"", ""f_putout:2B""]",False,,,
A4:823373:13:2,823373:13:2,823373,2026-05-31,DEFENSE,Minnesota Twins,2,bottom,1-0,1,101,False,,2,1.56193,,0.284784,R2_RUNNER_OUTCOME_STANDS,RULE_BASED,True,True,False,False,False,False,False,False,False,False,True,False,False,False,False,,True,"[""stolen_base_2b""]","[""Jake Mangum steals (8) 2nd base.""]","[{""runner_id"": 663968, ""start"": ""1B"", ""end"": ""2B"", ""is_out"": false, ""event"": ""Stolen Base 2B"", ""reason"": ""r_stolen_base_2b"", ""play_index"": 3, ""is_batter"": false}]",[],False,,stolen_base_2b,
A4:824187:14:2,824187:14:2,824187,2026-05-31,DEFENSE,Houston Astros,3,top,2-0,1,100,False,,1,0.980645,,0.0937943,R2_RUNNER_OUTCOME_STANDS,RULE_BASED,True,True,False,False,False,False,False,False,False,False,True,False,False,False,False,,True,"[""stolen_base_2b""]","[""David Hamilton steals (11) 2nd base.""]","[{""runner_id"": 666152, ""start"": ""1B"", ""end"": ""2B"", ""is_out"": false, ""event"": ""Stolen Base 2B"", ""reason"": ""r_stolen_base_2b"", ""play_index"": 3, ""is_batter"": false}]",[],False,,stolen_base_2b,
A4:824512:23:0,824512:23:0,824512,2026-05-31,DEFENSE,Atlanta Braves,3,bottom,0-0,2,100,False,,2,1.05404,,0.0631377,R2_RUNNER_OUTCOME_STANDS,RULE_BASED,True,True,False,True,False,True,False,False,False,False,True,False,True,False,False,,True,"[""stolen_base_2b""]","[""Elly De La Cruz steals (10) 2nd base. Elly De La Cruz to 3rd. Elly De La Cruz advances to 3rd, on a throwing error by catcher Chadwick Tromp.""]","[{""runner_id"": 682829, ""start"": ""1B"", ""end"": ""2B"", ""is_out"": false, ""event"": ""Stolen Base 2B"", ""reason"": ""r_stolen_base_2b"", ""play_index"": 1, ""is_batter"": false}, {""runner_id"": 682829, ""start"": ""2B"", ""end"": ""3B"", ""is_out"": false, ""event"": ""Error"", ""reason"": ""r_adv_play"", ""play_index"": 1, ""is_batter"": false}]","[""f_throwing_error:C""]",False,,stolen_base_2b,
A4:824592:17:1,824592:17:1,824592,2026-05-31,DEFENSE,Chicago White Sox,3,top,0-1,2,100,False,,1,1.33863,,0.0699614,R2_RUNNER_OUTCOME_STANDS,RULE_BASED,True,True,False,False,False,False,False,False,False,False,True,False,False,False,False,,True,"[""stolen_base_2b""]","[""Kevin McGonigle steals (9) 2nd base.""]","[{""runner_id"": 805808, ""start"": ""1B"", ""end"": ""2B"", ""is_out"": false, ""event"": ""Stolen Base 2B"", ""reason"": ""r_stolen_base_2b"", ""play_index"": 2, ""is_batter"": false}]",[],False,,stolen_base_2b,
A4:824511:65:4,824511:65:4,824511,2026-06-02,DEFENSE,Cincinnati Reds,9,top,1-2,2,100,False,,2,2.38661,,,R3_TERMINAL_CALL_RUNNER_ACTION,AMBIGUOUS,True,True,False,False,False,False,False,False,False,False,True,False,False,False,False,,True,"[""stolen_base_2b""]","[""Bobby Witt Jr. steals (19) 2nd base.""]","[{""runner_id"": 677951, ""start"": ""1B"", ""end"": ""2B"", ""is_out"": false, ""event"": ""Stolen Base 2B"", ""reason"": ""r_stolen_base_2b"", ""play_index"": 5, ""is_batter"": false}]",[],False,,stolen_base_2b,
A4:824754:27:1,824754:27:1,824754,2026-06-02,DEFENSE,Boston Red Sox,4,top,0-1,0,100,False,,2,1.67759,,0.0869325,R2_RUNNER_OUTCOME_STANDS,RULE_BASED,True,True,False,False,False,False,False,False,False,False,True,False,False,False,False,,True,"[""stolen_base_2b""]","[""Tyler O'Neill steals (1) 2nd base.""]","[{""runner_id"": 641933, ""start"": ""1B"", ""end"": ""2B"", ""is_out"": false, ""event"": ""Stolen Base 2B"", ""reason"": ""r_stolen_base_2b"", ""play_index"": 2, ""is_batter"": false}]",[],False,,stolen_base_2b,
A4:824918:52:2,824918:52:2,824918,2026-06-02,DEFENSE,Atlanta Braves,7,top,0-0,2,100,True,OVERTURNED,2,1.73398,,0.0885178,R2_RUNNER_OUTCOME_STANDS,RULE_BASED,True,True,False,False,False,False,False,False,False,False,True,False,False,False,False,,True,"[""stolen_base_2b""]","[""Sandy Le\u00f3n challenged (pitch result), call on the field was overturned: Andr\u00e9s Gim\u00e9nez steals (7) 2nd base.""]","[{""runner_id"": 665926, ""start"": ""1B"", ""end"": ""2B"", ""is_out"": false, ""event"": ""Stolen Base 2B"", ""reason"": ""r_stolen_base_2b"", ""play_index"": 3, ""is_batter"": false}]",[],False,,stolen_base_2b,
A4:823130:58:1,823130:58:1,823130,2026-06-03,DEFENSE,Seattle Mariners,7,top,1-0,2,100,False,,1,0.277362,,0.104616,R2_RUNNER_OUTCOME_STANDS,RULE_BASED,True,True,False,False,False,False,False,False,False,False,True,False,False,False,False,,True,"[""stolen_base_2b""]","[""A.J. Ewing steals (5) 2nd base.""]","[{""runner_id"": 805999, ""start"": ""1B"", ""end"": ""2B"", ""is_out"": false, ""event"": ""Stolen Base 2B"", ""reason"": ""r_stolen_base_2b"", ""play_index"": 2, ""is_batter"": false}]",[],False,,stolen_base_2b,
A4:824671:77:0,824671:77:0,824671,2026-06-03,DEFENSE,Athletics,10,bottom,0-0,1,001,False,,2,1.22321,,0.12039,R1_NO_RUNNER_ACTION,EXACT,False,False,False,False,True,True,False,False,True,False,False,False,False,False,False,,True,"[""pickoff""]","[""Pickoff Attempt 3B""]",[],[],True,,pickoff,True
A4:823457:52:0,823457:52:0,823457,2026-06-04,DEFENSE,San Diego Padres,7,bottom,0-0,0,100,False,,1,1.46078,,0.198062,R2_RUNNER_OUTCOME_STANDS,RULE_BASED,True,True,False,True,False,True,False,False,False,False,True,False,True,False,False,,True,"[""stolen_base_2b""]","[""Justin Crawford steals (8) 2nd base. Justin Crawford to 3rd. Justin Crawford advances to 3rd, on a throwing error by catcher Freddy Fermin.""]","[{""runner_id"": 702222, ""start"": ""1B"", ""end"": ""2B"", ""is_out"": false, ""event"": ""Stolen Base 2B"", ""reason"": ""r_stolen_base_2b"", ""play_index"": 1, ""is_batter"": false}, {""runner_id"": 702222, ""start"": ""2B"", ""end"": ""3B"", ""is_out"": false, ""event"": ""Error"", ""reason"": ""r_adv_play"", ""play_index"": 1, ""is_batter"": false}]","[""f_throwing_error:C""]",False,,stolen_base_2b,
A4:823293:60:1,823293:60:1,823293,2026-06-05,DEFENSE,San Diego Padres,9,top,0-1,1,100,False,,2,0.319467,,0.138198,R2_RUNNER_OUTCOME_STANDS,RULE_BASED,True,True,False,False,False,False,False,False,False,False,True,False,False,False,False,,True,"[""stolen_base_2b""]","[""A.J. Ewing steals (6) 2nd base.""]","[{""runner_id"": 805999, ""start"": ""1B"", ""end"": ""2B"", ""is_out"": false, ""event"": ""Stolen Base 2B"", ""reason"": ""r_stolen_base_2b"", ""play_index"": 2, ""is_batter"": false}]",[],False,,stolen_base_2b,
A4:823941:28:1,823941:28:1,823941,2026-06-07,DEFENSE,Los Angeles Dodgers,4,top,0-1,0,100,False,,2,0.133624,,0.0869325,R2_RUNNER_OUTCOME_STANDS,RULE_BASED,False,False,False,False,False,False,False,True,False,False,True,False,False,False,False,,True,"[""passed_ball""]","[""Passed ball by catcher Dalton Rushing. Jo Adell to 2nd.""]","[{""runner_id"": 666176, ""start"": ""1B"", ""end"": ""2B"", ""is_out"": false, ""event"": ""Passed Ball"", ""reason"": ""r_adv_play"", ""play_index"": 2, ""is_batter"": false}]",[],False,,passed_ball,
A4:824670:5:0,824670:5:0,824670,2026-06-07,DEFENSE,Chicago Cubs,1,top,0-0,2,101,False,,2,2.53665,,0.0460391,R2_RUNNER_OUTCOME_STANDS,RULE_BASED,True,True,False,False,False,False,False,False,False,False,True,False,False,False,False,,True,"[""stolen_base_2b""]","[""Jung Hoo Lee steals (2) 2nd base.""]","[{""runner_id"": 808982, ""start"": ""1B"", ""end"": ""2B"", ""is_out"": false, ""event"": ""Stolen Base 2B"", ""reason"": ""r_stolen_base_2b"", ""play_index"": 1, ""is_batter"": false}]",[],False,,stolen_base_2b,
A4:824670:75:0,824670:75:0,824670,2026-06-07,DEFENSE,San Francisco Giants,10,bottom,0-0,1,010,False,,1,3.27442,,0.12039,R2_RUNNER_OUTCOME_STANDS,RULE_BASED,True,True,False,False,False,False,False,False,False,False,True,False,False,False,False,,True,"[""stolen_base_3b""]","[""Pete Crow-Armstrong steals (14) 3rd base.""]","[{""runner_id"": 691718, ""start"": ""2B"", ""end"": ""3B"", ""is_out"": false, ""event"": ""Stolen Base 3B"", ""reason"": ""r_stolen_base_3b"", ""play_index"": 1, ""is_batter"": false}]",[],False,,stolen_base_3b,
A4:824998:108:7,824998:108:7,824998,2026-06-08,OFFENSE,Milwaukee Brewers,12,top,1-1,0,010,False,,1,0.900827,0.367198,0.437614,R2_RUNNER_OUTCOME_STANDS,RULE_BASED,True,True,False,False,False,False,False,False,False,False,True,False,False,False,False,,True,"[""stolen_base_3b""]","[""Christian Yelich steals (5) 3rd base.""]","[{""runner_id"": 592885, ""start"": ""2B"", ""end"": ""3B"", ""is_out"": false, ""event"": ""Stolen Base 3B"", ""reason"": ""r_stolen_base_3b"", ""play_index"": 8, ""is_batter"": false}]",[],False,,stolen_base_3b,
A4:822969:7:5,822969:7:5,822969,2026-06-09,DEFENSE,Boston Red Sox,1,bottom,0-2,2,101,False,,2,1.71177,,,R4_UNCAUGHT_THIRD_STRIKE,AMBIGUOUS,False,False,False,False,False,False,False,True,False,False,True,False,False,False,False,,True,"[""passed_ball""]","[""Passed ball by catcher Mickey Gasper. Ryan Vilade to 2nd.""]","[{""runner_id"": 668723, ""start"": ""1B"", ""end"": ""2B"", ""is_out"": false, ""event"": ""Passed Ball"", ""reason"": ""r_adv_play"", ""play_index"": 6, ""is_batter"": false}]",[],False,,passed_ball,
A4:823618:6:6,823618:6:6,823618,2026-06-10,OFFENSE,St. Louis Cardinals,1,top,2-2,2,101,True,OVERTURNED,2,0.341691,0.342145,,R3_TERMINAL_CALL_RUNNER_ACTION,AMBIGUOUS,True,True,False,False,False,False,False,False,False,False,True,False,False,False,False,,True,"[""stolen_base_2b""]","[""Nelson Vel\u00e1zquez challenged (pitch result), call on the field was overturned: Masyn Winn steals (6) 2nd base.""]","[{""runner_id"": 691026, ""start"": ""1B"", ""end"": ""2B"", ""is_out"": false, ""event"": ""Stolen Base 2B"", ""reason"": ""r_stolen_base_2b"", ""play_index"": 7, ""is_batter"": false}]",[],False,,stolen_base_2b,
A4:824266:18:2,824266:18:2,824266,2026-06-10,DEFENSE,Detroit Tigers,3,top,2-0,2,101,False,,2,2.6055,,0.0452962,R2_RUNNER_OUTCOME_STANDS,RULE_BASED,True,True,False,False,False,False,False,False,False,False,True,False,False,False,False,,True,"[""stolen_base_2b""]","[""Byron Buxton steals (6) 2nd base.""]","[{""runner_id"": 621439, ""start"": ""1B"", ""end"": ""2B"", ""is_out"": false, ""event"": ""Stolen Base 2B"", ""reason"": ""r_stolen_base_2b"", ""play_index"": 3, ""is_batter"": false}]",[],False,,stolen_base_2b,
A4:823619:45:3,823619:45:3,823619,2026-06-11,DEFENSE,St. Louis Cardinals,5,bottom,1-1,1,010,False,,2,2.20153,,0.202019,R1_NO_RUNNER_ACTION,EXACT,False,False,False,False,True,True,False,False,True,False,False,False,False,False,False,,True,"[""pickoff""]","[""Pickoff Attempt 2B""]",[],[],True,,pickoff,True
A4:824826:71:1,824826:71:1,824826,2026-06-12,OFFENSE,Baltimore Orioles,8,bottom,0-1,1,110,False,,1,0.834774,0.287078,0.0699614,R2_RUNNER_OUTCOME_STANDS,RULE_BASED,True,False,True,True,False,True,False,False,False,False,True,True,False,False,False,,True,"[""caught_stealing_3b""]","[""Colton Cowser caught stealing 3rd base, catcher Freddy Fermin to third baseman Manny Machado. Tyler O'Neill to 2nd.""]","[{""runner_id"": 681297, ""start"": ""2B"", ""end"": null, ""is_out"": true, ""event"": ""Caught Stealing 3B"", ""reason"": ""r_caught_stealing_3b"", ""play_index"": 2, ""is_batter"": false}, {""runner_id"": 641933, ""start"": ""1B"", ""end"": ""2B"", ""is_out"": false, ""event"": ""Caught Stealing 3B"", ""reason"": ""r_adv_play"", ""play_index"": 2, ""is_batter"": false}]","[""f_assist:C"", ""f_putout:3B""]",False,,caught_stealing_3b,
A4:823369:72:1,823369:72:1,823369,2026-06-13,DEFENSE,Pittsburgh Pirates,9,top,1-0,0,100,False,,1,0.0544774,,0.189589,R2_RUNNER_OUTCOME_STANDS,RULE_BASED,True,True,False,False,False,False,False,False,False,False,True,False,False,True,False,,True,"[""stolen_base_2b""]","[""Umpire reviewed (tag play), call on the field was upheld: Esteury Ruiz steals (12) 2nd base.""]","[{""runner_id"": 665923, ""start"": ""1B"", ""end"": ""2B"", ""is_out"": false, ""event"": ""Stolen Base 2B"", ""reason"": ""r_stolen_base_2b"", ""play_index"": 2, ""is_batter"": false}]",[],False,"[{""isOverturned"": false, ""inProgress"": false, ""reviewType"": ""NA""}]",stolen_base_2b,
A4:823212:65:0,823212:65:0,823212,2026-06-14,DEFENSE,Chicago Cubs,8,bottom,0-0,2,100,False,,2,0.940381,,0.0885178,R2_RUNNER_OUTCOME_STANDS,RULE_BASED,True,True,False,False,False,False,False,False,False,False,True,False,False,False,False,,True,"[""stolen_base_2b""]","[""Daniel Susac steals (1) 2nd base.""]","[{""runner_id"": 691740, ""start"": ""1B"", ""end"": ""2B"", ""is_out"": false, ""event"": ""Stolen Base 2B"", ""reason"": ""r_stolen_base_2b"", ""play_index"": 1, ""is_batter"": false}]",[],False,,stolen_base_2b,
A4:823693:7:2,823693:7:2,823693,2026-06-14,DEFENSE,St. Louis Cardinals,1,bottom,1-0,2,101,False,,2,0.688378,,-0.0846813,R2_RUNNER_OUTCOME_STANDS,RULE_BASED,True,True,False,False,False,False,False,False,False,False,True,False,False,False,False,,True,"[""stolen_base_2b""]","[""Royce Lewis steals (4) 2nd base.""]","[{""runner_id"": 668904, ""start"": ""1B"", ""end"": ""2B"", ""is_out"": false, ""event"": ""Stolen Base 2B"", ""reason"": ""r_stolen_base_2b"", ""play_index"": 3, ""is_batter"": false}]",[],False,,stolen_base_2b,
A4:824099:7:4,824099:7:4,824099,2026-06-14,OFFENSE,Kansas City Royals,1,bottom,2-1,2,100,False,,2,0.848836,0.160144,0.0750516,R2_RUNNER_OUTCOME_STANDS,RULE_BASED,True,True,False,False,False,False,False,False,False,False,True,False,False,False,False,,True,"[""stolen_base_2b""]","[""Maikel Garcia steals (5) 2nd base.""]","[{""runner_id"": 672580, ""start"": ""1B"", ""end"": ""2B"", ""is_out"": false, ""event"": ""Stolen Base 2B"", ""reason"": ""r_stolen_base_2b"", ""play_index"": 5, ""is_batter"": false}]",[],False,,stolen_base_2b,
A4:822724:66:1,822724:66:1,822724,2026-06-15,DEFENSE,Kansas City Royals,8,bottom,1-0,1,100,False,,2,1.63614,,0.0529238,R2_RUNNER_OUTCOME_STANDS,RULE_BASED,True,False,True,True,False,True,False,False,False,False,False,True,False,True,False,,True,"[""caught_stealing_2b""]","[""Royals challenged (tag play), call on the field was overturned: Daylen Lile caught stealing 2nd base, catcher Carter Jensen to second baseman Nick Loftin.""]","[{""runner_id"": 695734, ""start"": ""1B"", ""end"": null, ""is_out"": true, ""event"": ""Caught Stealing 2B"", ""reason"": ""r_caught_stealing_2b"", ""play_index"": 2, ""is_batter"": false}]","[""f_assist:C"", ""f_putout:2B""]",False,"[{""isOverturned"": true, ""inProgress"": false, ""reviewType"": ""MA"", ""challengeTeamId"": 118}]",caught_stealing_2b,
A4:824505:26:7,824505:26:7,824505,2026-06-15,OFFENSE,Cincinnati Reds,3,bottom,3-2,0,100,False,,1,0.00268425,0.395741,,R3_TERMINAL_CALL_RUNNER_ACTION,AMBIGUOUS,True,True,False,False,False,False,False,False,False,False,True,False,False,False,False,,True,[],[],"[{""runner_id"": 663886, ""start"": null, ""end"": null, ""is_out"": true, ""event"": ""Strikeout"", ""reason"": null, ""play_index"": 7, ""is_batter"": true}, {""runner_id"": 680574, ""start"": ""1B"", ""end"": ""2B"", ""is_out"": false, ""event"": ""Stolen Base 2B"", ""reason"": ""r_stolen_base_2b"", ""play_index"": 7, ""is_batter"": false}]",[],False,,,
A4:825071:29:1,825071:29:1,825071,2026-06-15,DEFENSE,Los Angeles Angels,4,bottom,0-0,0,100,False,,2,0.460472,,0.198062,R2_RUNNER_OUTCOME_STANDS,RULE_BASED,True,True,False,True,False,True,False,False,False,False,True,False,True,False,False,,True,"[""stolen_base_2b""]","[""Corbin Carroll steals (9) 2nd base. Corbin Carroll to 3rd. Corbin Carroll advances to 3rd, on a throwing error by catcher Logan O'Hoppe.""]","[{""runner_id"": 682998, ""start"": ""1B"", ""end"": ""2B"", ""is_out"": false, ""event"": ""Stolen Base 2B"", ""reason"": ""r_stolen_base_2b"", ""play_index"": 2, ""is_batter"": false}, {""runner_id"": 682998, ""start"": ""2B"", ""end"": ""3B"", ""is_out"": false, ""event"": ""Error"", ""reason"": ""r_adv_play"", ""play_index"": 2, ""is_batter"": false}]","[""f_throwing_error:C""]",False,,stolen_base_2b,
A4:824750:42:2,824750:42:2,824750,2026-06-16,OFFENSE,Boston Red Sox,5,bottom,0-1,1,100,False,,1,0.89741,0.166999,0.138198,R2_RUNNER_OUTCOME_STANDS,RULE_BASED,True,True,False,False,False,False,False,False,False,False,True,False,False,False,False,,True,"[""stolen_base_2b""]","[""Wilyer Abreu steals (5) 2nd base.""]","[{""runner_id"": 677800, ""start"": ""1B"", ""end"": ""2B"", ""is_out"": false, ""event"": ""Stolen Base 2B"", ""reason"": ""r_stolen_base_2b"", ""play_index"": 3, ""is_batter"": false}]",[],False,,stolen_base_2b,
A4:824991:32:3,824991:32:3,824991,2026-06-16,DEFENSE,Pittsburgh Pirates,4,bottom,1-1,2,100,True,OVERTURNED,2,0.318599,,0.101333,R2_RUNNER_OUTCOME_STANDS,RULE_BASED,True,True,False,False,False,False,False,False,False,False,True,False,False,False,False,,True,"[""stolen_base_2b""]","[""Endy Rodr\u00edguez challenged (pitch result), call on the field was overturned: Henry Bolte steals (6) 2nd base.""]","[{""runner_id"": 703607, ""start"": ""1B"", ""end"": ""2B"", ""is_out"": false, ""event"": ""Stolen Base 2B"", ""reason"": ""r_stolen_base_2b"", ""play_index"": 4, ""is_batter"": false}]",[],False,,stolen_base_2b,
A4:824263:10:1,824263:10:1,824263,2026-06-20,DEFENSE,Detroit Tigers,2,top,1-0,2,100,True,OVERTURNED,2,2.44897,,0.104616,R2_RUNNER_OUTCOME_STANDS,RULE_BASED,False,False,False,False,True,True,False,False,True,False,True,False,True,False,False,,True,"[""pickoff_error_1b"", ""pickoff""]","[""Missed catch error by first baseman Spencer Torkelson on the pickoff attempt. Braden Montgomery to 2nd."", ""Pickoff Attempt 1B""]","[{""runner_id"": 695731, ""start"": ""1B"", ""end"": ""2B"", ""is_out"": false, ""event"": ""Pickoff Error 1B"", ""reason"": ""r_pickoff_error_1b"", ""play_index"": 3, ""is_batter"": false}]","[""f_error_dropped_ball:1B""]",True,,pickoff,True
A4:824988:12:0,824988:12:0,824988,2026-06-20,DEFENSE,Athletics,2,top,0-0,1,110,False,,2,0.0463419,,0.171495,R1_NO_RUNNER_ACTION,EXACT,False,False,False,False,True,True,False,False,True,False,False,False,False,False,False,,True,"[""pickoff""]","[""Pickoff Attempt 2B""]",[],[],True,,pickoff,True
A4:823531:24:0,823531:24:0,823531,2026-06-21,DEFENSE,Cincinnati Reds,3,bottom,0-0,2,100,False,,2,2.89884,,0.0885178,R2_RUNNER_OUTCOME_STANDS,RULE_BASED,True,True,False,False,False,False,False,False,False,False,True,False,False,False,False,,True,"[""stolen_base_2b""]","[""Cody Bellinger steals (10) 2nd base.""]","[{""runner_id"": 641355, ""start"": ""1B"", ""end"": ""2B"", ""is_out"": false, ""event"": ""Stolen Base 2B"", ""reason"": ""r_stolen_base_2b"", ""play_index"": 1, ""is_batter"": false}]",[],False,,stolen_base_2b,
A4:823531:32:4,823531:32:4,823531,2026-06-21,DEFENSE,Cincinnati Reds,4,bottom,1-1,0,100,False,,2,1.55909,,0.229883,R2_RUNNER_OUTCOME_STANDS,RULE_BASED,True,True,False,False,False,False,False,False,False,False,True,False,False,False,False,,True,"[""stolen_base_2b""]","[""Jazz Chisholm Jr. steals (22) 2nd base.""]","[{""runner_id"": 665862, ""start"": ""1B"", ""end"": ""2B"", ""is_out"": false, ""event"": ""Stolen Base 2B"", ""reason"": ""r_stolen_base_2b"", ""play_index"": 5, ""is_batter"": false}]",[],False,,stolen_base_2b,
A4:824177:31:2,824177:31:2,824177,2026-06-21,DEFENSE,Cleveland Guardians,4,bottom,1-1,2,110,False,,2,0.704398,,0.112264,R1_NO_RUNNER_ACTION,EXACT,False,False,False,False,True,True,False,False,True,False,False,False,False,False,False,,True,"[""pickoff""]","[""Pickoff Attempt 1B""]",[],[],True,,pickoff,True
A4:822800:3:0,822800:3:0,822800,2026-06-22,OFFENSE,Houston Astros,1,top,0-0,1,110,True,OVERTURNED,2,0.274023,0.116636,0.0158913,R2_RUNNER_OUTCOME_STANDS,RULE_BASED,True,True,False,False,False,False,False,False,False,False,True,False,False,False,False,,True,"[""stolen_base_3b""]","[""Isaac Paredes challenged (pitch result), call on the field was overturned: Jeremy Pe\u00f1a steals (7) 3rd base.""]","[{""runner_id"": 665161, ""start"": ""2B"", ""end"": ""3B"", ""is_out"": false, ""event"": ""Stolen Base 3B"", ""reason"": ""r_stolen_base_3b"", ""play_index"": 1, ""is_batter"": false}]",[],False,,stolen_base_3b,
A4:822964:60:1,822964:60:1,822964,2026-06-22,DEFENSE,Kansas City Royals,8,bottom,0-0,2,100,False,,2,0.205158,,0,R2_RUNNER_OUTCOME_STANDS,RULE_BASED,True,False,True,True,False,True,False,False,False,False,False,True,False,False,False,,True,[],[],"[{""runner_id"": 683748, ""start"": ""1B"", ""end"": null, ""is_out"": true, ""event"": ""Caught Stealing 2B"", ""reason"": ""r_caught_stealing_2b"", ""play_index"": 1, ""is_batter"": false}]","[""f_assist:C"", ""f_putout:2B""]",False,,,
A4:823288:48:1,823288:48:1,823288,2026-06-22,DEFENSE,Atlanta Braves,6,bottom,0-0,2,100,False,,2,0.202357,,0.0885178,R2_RUNNER_OUTCOME_STANDS,RULE_BASED,True,True,False,False,False,False,False,False,False,False,True,False,False,False,False,,True,"[""stolen_base_2b""]","[""Sung-Mun Song steals (5) 2nd base.""]","[{""runner_id"": 823550, ""start"": ""1B"", ""end"": ""2B"", ""is_out"": false, ""event"": ""Stolen Base 2B"", ""reason"": ""r_stolen_base_2b"", ""play_index"": 2, ""is_batter"": false}]",[],False,,stolen_base_2b,
A4:824344:34:3,824344:34:3,824344,2026-06-22,DEFENSE,Boston Red Sox,5,bottom,0-2,2,100,False,,2,0.0104525,,,R3_TERMINAL_CALL_RUNNER_ACTION,AMBIGUOUS,True,True,False,False,False,False,False,False,False,False,True,False,False,False,False,,True,"[""stolen_base_2b""]","[""Braxton Fulford steals (4) 2nd base.""]","[{""runner_id"": 690924, ""start"": ""1B"", ""end"": ""2B"", ""is_out"": false, ""event"": ""Stolen Base 2B"", ""reason"": ""r_stolen_base_2b"", ""play_index"": 4, ""is_batter"": false}]",[],False,,stolen_base_2b,
A4:822717:67:3,822717:67:3,822717,2026-06-25,DEFENSE,Washington Nationals,8,top,1-2,1,100,True,OVERTURNED,1,3.28655,,,R3_TERMINAL_CALL_RUNNER_ACTION,AMBIGUOUS,True,False,True,True,False,True,False,False,False,False,False,True,False,False,False,,True,[],[],"[{""runner_id"": 607208, ""start"": null, ""end"": null, ""is_out"": true, ""event"": ""Strikeout Double Play"", ""reason"": null, ""play_index"": 3, ""is_batter"": true}, {""runner_id"": 702222, ""start"": ""1B"", ""end"": null, ""is_out"": true, ""event"": ""Caught Stealing 2B"", ""reason"": ""r_caught_stealing_2b"", ""play_index"": 3, ""is_batter"": false}]","[""f_assist:C"", ""f_putout:2B""]",False,,,
A4:824421:17:4,824421:17:4,824421,2026-06-27,OFFENSE,Cleveland Guardians,3,bottom,1-2,0,100,True,OVERTURNED,2,0.127584,0.351654,,R3_TERMINAL_CALL_RUNNER_ACTION,AMBIGUOUS,True,True,False,False,False,False,False,False,False,False,True,False,False,False,False,,True,"[""stolen_base_2b""]","[""Patrick Bailey challenged (pitch result), call on the field was overturned: Gabriel Arias steals (1) 2nd base.""]","[{""runner_id"": 672356, ""start"": ""1B"", ""end"": ""2B"", ""is_out"": false, ""event"": ""Stolen Base 2B"", ""reason"": ""r_stolen_base_2b"", ""play_index"": 5, ""is_batter"": false}]",[],False,,stolen_base_2b,
A4:824745:23:1,824745:23:1,824745,2026-06-27,DEFENSE,New York Yankees,3,bottom,1-0,1,010,False,,2,0.983332,,0.0861867,R1_NO_RUNNER_ACTION,EXACT,False,False,False,False,True,True,False,False,True,False,False,False,False,False,False,,True,"[""pickoff""]","[""Pickoff Attempt 2B""]",[],[],True,,pickoff,True
A4:823769:38:1,823769:38:1,823769,2026-06-28,OFFENSE,Chicago Cubs,6,top,0-0,1,100,False,,2,1.64311,0.137723,0.138002,R2_RUNNER_OUTCOME_STANDS,RULE_BASED,True,True,False,False,False,False,False,False,False,False,True,False,False,False,False,,True,"[""stolen_base_2b""]","[""Pete Crow-Armstrong steals (19) 2nd base.""]","[{""runner_id"": 691718, ""start"": ""1B"", ""end"": ""2B"", ""is_out"": false, ""event"": ""Stolen Base 2B"", ""reason"": ""r_stolen_base_2b"", ""play_index"": 2, ""is_batter"": false}]",[],False,,stolen_base_2b,
A4:824256:16:0,824256:16:0,824256,2026-06-28,DEFENSE,Houston Astros,2,bottom,0-0,2,100,False,,2,0.0436524,,0.0885178,R2_RUNNER_OUTCOME_STANDS,RULE_BASED,True,True,False,False,False,False,False,False,False,False,True,False,False,False,False,,True,"[""stolen_base_2b""]","[""Matt Vierling steals (3) 2nd base.""]","[{""runner_id"": 663837, ""start"": ""1B"", ""end"": ""2B"", ""is_out"": false, ""event"": ""Stolen Base 2B"", ""reason"": ""r_stolen_base_2b"", ""play_index"": 1, ""is_batter"": false}]",[],False,,stolen_base_2b,
A4:825065:42:0,825065:42:0,825065,2026-06-29,DEFENSE,San Francisco Giants,5,bottom,0-0,1,110,False,,2,4.47995,,0.0885178,R2_RUNNER_OUTCOME_STANDS,RULE_BASED,True,False,True,True,False,True,False,False,False,False,True,True,False,False,False,,True,"[""caught_stealing_3b""]","[""Geraldo Perdomo caught stealing 3rd base, catcher Eric Haase to third baseman Matt Chapman. Corbin Carroll to 2nd.""]","[{""runner_id"": 672695, ""start"": ""2B"", ""end"": null, ""is_out"": true, ""event"": ""Caught Stealing 3B"", ""reason"": ""r_caught_stealing_3b"", ""play_index"": 1, ""is_batter"": false}, {""runner_id"": 682998, ""start"": ""1B"", ""end"": ""2B"", ""is_out"": false, ""event"": ""Caught Stealing 3B"", ""reason"": ""r_adv_play"", ""play_index"": 1, ""is_batter"": false}]","[""f_assist:C"", ""f_putout:3B""]",False,,caught_stealing_3b,
A4:824096:42:0,824096:42:0,824096,2026-06-30,DEFENSE,Kansas City Royals,5,top,0-0,1,110,False,,2,0.429167,,0.222088,R2_RUNNER_OUTCOME_STANDS,RULE_BASED,False,False,False,False,False,False,False,True,False,False,True,False,False,False,False,,True,"[""passed_ball""]","[""Passed ball by catcher Carter Jensen. Ben Williamson to 3rd. Taylor Walls to 2nd.""]","[{""runner_id"": 810938, ""start"": ""2B"", ""end"": ""3B"", ""is_out"": false, ""event"": ""Passed Ball"", ""reason"": ""r_adv_play"", ""play_index"": 1, ""is_batter"": false}, {""runner_id"": 670764, ""start"": ""1B"", ""end"": ""2B"", ""is_out"": false, ""event"": ""Passed Ball"", ""reason"": ""r_adv_play"", ""play_index"": 1, ""is_batter"": false}]",[],False,,passed_ball,
A4:824742:8:0,824742:8:0,824742,2026-06-30,OFFENSE,Boston Red Sox,1,bottom,0-0,2,100,False,,2,1.88648,0.157249,0.0885178,R2_RUNNER_OUTCOME_STANDS,RULE_BASED,True,True,False,False,False,False,False,False,False,False,True,False,False,False,False,,True,"[""stolen_base_2b""]","[""Willson Contreras steals (2) 2nd base.""]","[{""runner_id"": 575929, ""start"": ""1B"", ""end"": ""2B"", ""is_out"": false, ""event"": ""Stolen Base 2B"", ""reason"": ""r_stolen_base_2b"", ""play_index"": 1, ""is_batter"": false}]",[],False,,stolen_base_2b,
A4:825064:40:4,825064:40:4,825064,2026-07-01,DEFENSE,Arizona Diamondbacks,6,top,0-1,2,100,False,,2,1.47999,,0.0699614,R2_RUNNER_OUTCOME_STANDS,RULE_BASED,True,True,False,False,False,False,False,False,False,False,True,False,False,False,False,,True,"[""stolen_base_2b""]","[""Jung Hoo Lee steals (6) 2nd base.""]","[{""runner_id"": 808982, ""start"": ""1B"", ""end"": ""2B"", ""is_out"": false, ""event"": ""Stolen Base 2B"", ""reason"": ""r_stolen_base_2b"", ""play_index"": 5, ""is_batter"": false}]",[],False,,stolen_base_2b,
A4:823442:53:0,823442:53:0,823442,2026-07-02,DEFENSE,Philadelphia Phillies,7,top,0-0,1,100,False,,1,2.38877,,0.138002,R2_RUNNER_OUTCOME_STANDS,RULE_BASED,True,True,False,False,False,False,False,False,False,False,True,False,False,True,False,,True,"[""stolen_base_2b""]","[""Pirates challenged (tag play), call on the field was overturned: Brandon Lowe steals (1) 2nd base.""]","[{""runner_id"": 664040, ""start"": ""1B"", ""end"": ""2B"", ""is_out"": false, ""event"": ""Stolen Base 2B"", ""reason"": ""r_stolen_base_2b"", ""play_index"": 1, ""is_batter"": false}]",[],False,"[{""isOverturned"": true, ""inProgress"": false, ""reviewType"": ""MA"", ""challengeTeamId"": 134}]",stolen_base_2b,
A4:824498:41:2,824498:41:2,824498,2026-07-03,DEFENSE,Baltimore Orioles,5,bottom,1-1,2,100,False,,1,0.117525,,0.101333,R2_RUNNER_OUTCOME_STANDS,RULE_BASED,True,True,False,False,False,False,False,False,False,False,True,False,False,False,False,,True,"[""stolen_base_2b""]","[""Elly De La Cruz steals (12) 2nd base.""]","[{""runner_id"": 682829, ""start"": ""1B"", ""end"": ""2B"", ""is_out"": false, ""event"": ""Stolen Base 2B"", ""reason"": ""r_stolen_base_2b"", ""play_index"": 3, ""is_batter"": false}]",[],False,,stolen_base_2b,
A4:824982:18:3,824982:18:3,824982,2026-07-03,DEFENSE,Athletics,2,top,2-1,2,100,True,OVERTURNED,2,1.83302,,0.0750516,R2_RUNNER_OUTCOME_STANDS,RULE_BASED,True,True,False,False,False,False,False,False,False,False,True,False,False,False,False,,True,"[""stolen_base_2b""]","[""Shea Langeliers challenged (pitch result), call on the field was overturned: Otto Lopez steals (17) 2nd base.""]","[{""runner_id"": 672640, ""start"": ""1B"", ""end"": ""2B"", ""is_out"": false, ""event"": ""Stolen Base 2B"", ""reason"": ""r_stolen_base_2b"", ""play_index"": 4, ""is_batter"": false}]",[],False,,stolen_base_2b,
A4:822716:1:4,822716:1:4,822716,2026-07-04,DEFENSE,Washington Nationals,1,top,2-1,0,100,False,,2,3.73654,,0.31091,R2_RUNNER_OUTCOME_STANDS,RULE_BASED,True,True,False,False,False,False,False,False,False,False,True,False,False,False,False,,True,"[""stolen_base_2b""]","[""Konnor Griffin steals (18) 2nd base.""]","[{""runner_id"": 804606, ""start"": ""1B"", ""end"": ""2B"", ""is_out"": false, ""event"": ""Stolen Base 2B"", ""reason"": ""r_stolen_base_2b"", ""play_index"": 5, ""is_batter"": false}]",[],False,,stolen_base_2b,
A4:824012:41:2,824012:41:2,824012,2026-07-04,OFFENSE,Boston Red Sox,5,top,0-0,2,100,False,,2,0.800897,0.057462,0.0885178,R2_RUNNER_OUTCOME_STANDS,RULE_BASED,True,True,False,False,False,False,False,False,False,False,True,False,False,False,False,,True,"[""stolen_base_2b""]","[""Jarren Duran steals (14) 2nd base.""]","[{""runner_id"": 680776, ""start"": ""1B"", ""end"": ""2B"", ""is_out"": false, ""event"": ""Stolen Base 2B"", ""reason"": ""r_stolen_base_2b"", ""play_index"": 3, ""is_batter"": false}]",[],False,,stolen_base_2b,
A4:824334:74:1,824334:74:1,824334,2026-07-04,DEFENSE,Colorado Rockies,9,top,0-1,0,100,True,OVERTURNED,1,0.454983,,0.0869325,R2_RUNNER_OUTCOME_STANDS,RULE_BASED,True,True,False,False,False,False,False,False,False,False,True,False,False,False,False,,True,"[""stolen_base_2b""]","[""Hunter Goodman challenged (pitch result), call on the field was overturned: Willy Adames steals (2) 2nd base.""]","[{""runner_id"": 642715, ""start"": ""1B"", ""end"": ""2B"", ""is_out"": false, ""event"": ""Stolen Base 2B"", ""reason"": ""r_stolen_base_2b"", ""play_index"": 2, ""is_batter"": false}]",[],False,,stolen_base_2b,
A4:822715:49:5,822715:49:5,822715,2026-07-05,DEFENSE,Pittsburgh Pirates,5,bottom,0-2,2,110,False,,1,0.67549,,,R3_TERMINAL_CALL_RUNNER_ACTION,AMBIGUOUS,True,True,False,False,False,False,False,False,False,False,True,False,False,False,False,,True,"[""stolen_base_3b""]","[""Luis Garc\u00eda Jr. steals (3) 3rd base. Curtis Mead steals (5) 2nd base.""]","[{""runner_id"": 671277, ""start"": ""2B"", ""end"": ""3B"", ""is_out"": false, ""event"": ""Stolen Base 3B"", ""reason"": ""r_stolen_base_3b"", ""play_index"": 6, ""is_batter"": false}, {""runner_id"": 678554, ""start"": ""1B"", ""end"": ""2B"", ""is_out"": false, ""event"": ""Stolen Base 2B"", ""reason"": ""r_stolen_base_2b"", ""play_index"": 6, ""is_batter"": false}]",[],False,,stolen_base_3b,
A4:824091:15:1,824091:15:1,824091,2026-07-05,DEFENSE,Philadelphia Phillies,2,bottom,1-0,2,100,False,,1,0.32816,,0.104616,R2_RUNNER_OUTCOME_STANDS,RULE_BASED,True,True,False,False,False,False,False,False,False,False,True,False,False,False,False,,True,"[""stolen_base_2b""]","[""Isaac Collins steals (5) 2nd base.""]","[{""runner_id"": 686555, ""start"": ""1B"", ""end"": ""2B"", ""is_out"": false, ""event"": ""Stolen Base 2B"", ""reason"": ""r_stolen_base_2b"", ""play_index"": 2, ""is_batter"": false}]",[],False,,stolen_base_2b,
A4:824980:72:2,824980:72:2,824980,2026-07-05,OFFENSE,Athletics,8,bottom,1-1,1,100,False,,2,0.313527,0.317245,0.0484639,R2_RUNNER_OUTCOME_STANDS,RULE_BASED,True,False,True,True,False,True,False,False,False,False,False,True,False,True,False,,True,"[""caught_stealing_2b""]","[""Athletics challenged (tag play), call on the field was upheld: Henry Bolte caught stealing 2nd base, catcher Brian Navarreto to shortstop Otto Lopez.""]","[{""runner_id"": 703607, ""start"": ""1B"", ""end"": null, ""is_out"": true, ""event"": ""Caught Stealing 2B"", ""reason"": ""r_caught_stealing_2b"", ""play_index"": 3, ""is_batter"": false}]","[""f_assist:C"", ""f_putout:SS""]",False,"[{""isOverturned"": false, ""inProgress"": false, ""reviewType"": ""MA"", ""challengeTeamId"": 133}]",caught_stealing_2b,
A4:823607:51:4,823607:51:4,823607,2026-07-07,DEFENSE,New York Mets,5,top,2-1,1,101,False,,1,0.161167,,0.236594,R2_RUNNER_OUTCOME_STANDS,RULE_BASED,True,False,True,True,False,True,False,False,False,False,False,True,False,True,False,,True,"[""caught_stealing_2b""]","[""Mets challenged (tag play), call on the field was overturned: Bobby Witt Jr. caught stealing 2nd base, catcher Luis Torrens to second baseman Brett Baty.""]","[{""runner_id"": 677951, ""start"": ""1B"", ""end"": null, ""is_out"": true, ""event"": ""Caught Stealing 2B"", ""reason"": ""r_caught_stealing_2b"", ""play_index"": 5, ""is_batter"": false}]","[""f_assist:C"", ""f_putout:2B""]",False,"[{""isOverturned"": true, ""inProgress"": false, ""reviewType"": ""MA"", ""challengeTeamId"": 121}]",caught_stealing_2b,
A4:823687:34:1,823687:34:1,823687,2026-07-07,DEFENSE,Cleveland Guardians,4,bottom,0-1,1,100,False,,2,0.306957,,0.025654,R2_RUNNER_OUTCOME_STANDS,RULE_BASED,True,False,True,True,False,True,False,False,False,False,False,True,False,False,False,,True,"[""caught_stealing_2b""]","[""Austin Martin caught stealing 2nd base, catcher Patrick Bailey to second baseman Travis Bazzana.""]","[{""runner_id"": 668885, ""start"": ""1B"", ""end"": null, ""is_out"": true, ""event"": ""Caught Stealing 2B"", ""reason"": ""r_caught_stealing_2b"", ""play_index"": 2, ""is_batter"": false}]","[""f_assist:C"", ""f_putout:2B""]",False,,caught_stealing_2b,
A4:823929:73:3,823929:73:3,823929,2026-07-07,OFFENSE,Los Angeles Dodgers,9,bottom,1-0,0,100,False,,2,0.506091,0.184957,0.189589,R2_RUNNER_OUTCOME_STANDS,RULE_BASED,True,True,False,False,False,False,False,False,False,False,True,False,False,False,False,,True,"[""stolen_base_2b""]","[""Alex Freeland steals (2) 2nd base.""]","[{""runner_id"": 690976, ""start"": ""1B"", ""end"": ""2B"", ""is_out"": false, ""event"": ""Stolen Base 2B"", ""reason"": ""r_stolen_base_2b"", ""play_index"": 4, ""is_batter"": false}]",[],False,,stolen_base_2b,
A4:824495:24:5,824495:24:5,824495,2026-07-07,DEFENSE,Cincinnati Reds,4,top,2-2,1,100,False,,2,1.03583,,,R3_TERMINAL_CALL_RUNNER_ACTION,AMBIGUOUS,True,True,False,False,False,False,False,False,False,False,True,False,False,False,False,,True,"[""stolen_base_2b""]","[""Edmundo Sosa steals (3) 2nd base.""]","[{""runner_id"": 624641, ""start"": ""1B"", ""end"": ""2B"", ""is_out"": false, ""event"": ""Stolen Base 2B"", ""reason"": ""r_stolen_base_2b"", ""play_index"": 6, ""is_batter"": false}]",[],False,,stolen_base_2b,
A4:824579:45:1,824579:45:1,824579,2026-07-07,DEFENSE,Chicago White Sox,6,top,0-0,1,100,False,,2,2.69765,,0.138002,R2_RUNNER_OUTCOME_STANDS,RULE_BASED,True,True,False,False,False,False,False,False,False,False,True,False,False,False,False,,True,"[""stolen_base_2b""]","[""Andruw Monasterio steals (2) 2nd base.""]","[{""runner_id"": 655316, ""start"": ""1B"", ""end"": ""2B"", ""is_out"": false, ""event"": ""Stolen Base 2B"", ""reason"": ""r_stolen_base_2b"", ""play_index"": 2, ""is_batter"": false}]",[],False,,stolen_base_2b,
A4:822710:22:2,822710:22:2,822710,2026-07-08,OFFENSE,Washington Nationals,3,bottom,2-0,1,101,False,,2,0.0475599,0.194411,0.0398613,R2_RUNNER_OUTCOME_STANDS,RULE_BASED,True,True,False,False,False,False,False,False,False,False,True,False,False,False,False,,True,"[""stolen_base_2b""]","[""Luis Garc\u00eda Jr. steals (4) 2nd base.""]","[{""runner_id"": 671277, ""start"": ""1B"", ""end"": ""2B"", ""is_out"": false, ""event"": ""Stolen Base 2B"", ""reason"": ""r_stolen_base_2b"", ""play_index"": 3, ""is_batter"": false}]",[],False,,stolen_base_2b,
A4:822880:8:0,822880:8:0,822880,2026-07-08,OFFENSE,Texas Rangers,1,bottom,0-0,2,100,False,,2,0.174883,0.0409502,0.0885178,R2_RUNNER_OUTCOME_STANDS,RULE_BASED,True,True,False,False,False,False,False,False,False,False,True,False,False,False,False,,True,"[""stolen_base_2b""]","[""Joc Pederson steals (1) 2nd base.""]","[{""runner_id"": 592626, ""start"": ""1B"", ""end"": ""2B"", ""is_out"": false, ""event"": ""Stolen Base 2B"", ""reason"": ""r_stolen_base_2b"", ""play_index"": 1, ""is_batter"": false}]",[],False,,stolen_base_2b,
A4:823032:43:6,823032:43:6,823032,2026-07-08,DEFENSE,Milwaukee Brewers,6,bottom,2-1,1,100,False,,1,0.375646,,0.201139,R2_RUNNER_OUTCOME_STANDS,RULE_BASED,True,True,False,False,False,False,False,False,False,False,True,False,False,False,False,,True,"[""stolen_base_2b""]","[""Jordan Walker steals (12) 2nd base.""]","[{""runner_id"": 691023, ""start"": ""1B"", ""end"": ""2B"", ""is_out"": false, ""event"": ""Stolen Base 2B"", ""reason"": ""r_stolen_base_2b"", ""play_index"": 7, ""is_batter"": false}]",[],False,,stolen_base_2b,
A4:823202:39:1,823202:39:1,823202,2026-07-08,OFFENSE,Toronto Blue Jays,6,top,1-0,0,100,False,,1,0.897983,0.116072,0.189589,R2_RUNNER_OUTCOME_STANDS,RULE_BASED,True,True,False,False,False,False,False,False,False,False,True,False,False,False,False,,True,"[""stolen_base_2b""]","[""Daulton Varsho steals (8) 2nd base.""]","[{""runner_id"": 662139, ""start"": ""1B"", ""end"": ""2B"", ""is_out"": false, ""event"": ""Stolen Base 2B"", ""reason"": ""r_stolen_base_2b"", ""play_index"": 2, ""is_batter"": false}]",[],False,,stolen_base_2b,
A4:822709:64:3,822709:64:3,822709,2026-07-10,DEFENSE,New York Yankees,8,bottom,1-1,2,100,False,,2,0.121768,,0.0794633,R2_RUNNER_OUTCOME_STANDS,RULE_BASED,True,True,False,True,False,True,False,False,False,False,True,False,True,False,False,,True,"[""stolen_base_2b""]","[""Daylen Lile steals (9) 2nd base. Daylen Lile to 3rd. Daylen Lile advances to 3rd, on a throwing error by catcher Austin Wells.""]","[{""runner_id"": 695734, ""start"": ""1B"", ""end"": ""2B"", ""is_out"": false, ""event"": ""Stolen Base 2B"", ""reason"": ""r_stolen_base_2b"", ""play_index"": 4, ""is_batter"": false}, {""runner_id"": 695734, ""start"": ""2B"", ""end"": ""3B"", ""is_out"": false, ""event"": ""Error"", ""reason"": ""r_adv_play"", ""play_index"": 4, ""is_batter"": false}]","[""f_throwing_error:C""]",False,,stolen_base_2b,
A4:822955:51:2,822955:51:2,822955,2026-07-10,OFFENSE,Seattle Mariners,7,top,1-1,0,100,False,,2,0.617692,0.27527,0.229883,R2_RUNNER_OUTCOME_STANDS,RULE_BASED,True,True,False,False,False,False,False,False,False,False,True,False,False,False,False,,True,"[""stolen_base_2b""]","[""Josh Naylor steals (18) 2nd base.""]","[{""runner_id"": 647304, ""start"": ""1B"", ""end"": ""2B"", ""is_out"": false, ""event"": ""Stolen Base 2B"", ""reason"": ""r_stolen_base_2b"", ""play_index"": 3, ""is_batter"": false}]",[],False,,stolen_base_2b,
A4:823844:42:6,823844:42:6,823844,2026-07-11,DEFENSE,Cleveland Guardians,5,bottom,3-2,1,100,True,OVERTURNED,2,0.890308,,,R3_TERMINAL_CALL_RUNNER_ACTION,AMBIGUOUS,True,True,False,False,False,False,False,False,False,False,True,False,False,False,False,,True,[],[],"[{""runner_id"": 672640, ""start"": null, ""end"": null, ""is_out"": true, ""event"": ""Strikeout"", ""reason"": null, ""play_index"": 6, ""is_batter"": true}, {""runner_id"": 689414, ""start"": ""1B"", ""end"": ""2B"", ""is_out"": false, ""event"": ""Stolen Base 2B"", ""reason"": ""r_stolen_base_2b"", ""play_index"": 6, ""is_batter"": false}]",[],False,,,
A4:824249:15:1,824249:15:1,824249,2026-07-11,OFFENSE,Philadelphia Phillies,3,top,1-0,0,100,True,OVERTURNED,2,1.45758,0.173715,0.189589,R2_RUNNER_OUTCOME_STANDS,RULE_BASED,True,True,False,False,False,False,False,False,False,False,True,False,False,False,False,,True,"[""stolen_base_2b""]","[""Trea Turner challenged (pitch result), call on the field was overturned: Derek Hill steals (8) 2nd base.""]","[{""runner_id"": 656537, ""start"": ""1B"", ""end"": ""2B"", ""is_out"": false, ""event"": ""Stolen Base 2B"", ""reason"": ""r_stolen_base_2b"", ""play_index"": 2, ""is_batter"": false}]",[],False,,stolen_base_2b,
A4:822876:15:0,822876:15:0,822876,2026-07-12,DEFENSE,Houston Astros,2,bottom,0-0,1,011,False,,2,0.744456,,0.222088,R1_NO_RUNNER_ACTION,EXACT,False,False,False,False,True,True,False,False,True,False,False,False,False,False,False,,True,"[""pickoff""]","[""Pickoff Attempt 3B""]",[],[],True,,pickoff,True
A4:822790:36:1,822790:36:1,822790,2026-07-18,DEFENSE,Chicago White Sox,5,bottom,1-0,1,100,False,,1,0.129141,,0.0861867,R2_RUNNER_OUTCOME_STANDS,RULE_BASED,True,True,False,False,False,False,False,False,False,False,True,False,False,False,False,,True,"[""stolen_base_2b""]","[""Andr\u00e9s Gim\u00e9nez steals (11) 2nd base.""]","[{""runner_id"": 665926, ""start"": ""1B"", ""end"": ""2B"", ""is_out"": false, ""event"": ""Stolen Base 2B"", ""reason"": ""r_stolen_base_2b"", ""play_index"": 2, ""is_batter"": false}]",[],False,,stolen_base_2b,
A4:824331:58:2,824331:58:2,824331,2026-07-18,DEFENSE,Colorado Rockies,7,top,0-1,2,110,False,,1,0.154201,,0.193411,R2_RUNNER_OUTCOME_STANDS,RULE_BASED,True,True,False,False,False,False,False,False,False,False,True,False,False,False,False,,True,"[""stolen_base_3b""]","[""Noelvi Marte steals (5) 3rd base.""]","[{""runner_id"": 682622, ""start"": ""2B"", ""end"": ""3B"", ""is_out"": false, ""event"": ""Stolen Base 3B"", ""reason"": ""r_stolen_base_3b"", ""play_index"": 3, ""is_batter"": false}]",[],False,,stolen_base_3b,
A4:824007:68:1,824007:68:1,824007,2026-07-19,OFFENSE,Los Angeles Angels,8,bottom,0-0,2,100,True,OVERTURNED,2,3.27655,0.399837,0.0885178,R2_RUNNER_OUTCOME_STANDS,RULE_BASED,True,True,False,False,False,False,False,False,False,False,True,False,False,False,False,,True,"[""stolen_base_2b""]","[""Nolan Schanuel challenged (pitch result), call on the field was overturned: Tyler Heineman steals (1) 2nd base.""]","[{""runner_id"": 623168, ""start"": ""1B"", ""end"": ""2B"", ""is_out"": false, ""event"": ""Stolen Base 2B"", ""reason"": ""r_stolen_base_2b"", ""play_index"": 2, ""is_batter"": false}]",[],False,,stolen_base_2b,
A4:824168:20:3,824168:20:3,824168,2026-07-19,DEFENSE,Houston Astros,3,top,3-0,1,101,True,OVERTURNED,2,1.85225,,,R3_TERMINAL_CALL_RUNNER_ACTION,AMBIGUOUS,True,False,True,True,False,True,False,False,False,False,False,True,False,False,False,,True,"[""caught_stealing_2b""]","[""Yainer Diaz challenged (pitch result), call on the field was overturned: Dylan Beavers caught stealing 2nd base, catcher Yainer Diaz to second baseman Raynel Delgado.""]","[{""runner_id"": 687637, ""start"": ""1B"", ""end"": null, ""is_out"": true, ""event"": ""Caught Stealing 2B"", ""reason"": ""r_caught_stealing_2b"", ""play_index"": 4, ""is_batter"": false}]","[""f_assist:C"", ""f_putout:2B""]",False,,caught_stealing_2b,
A4:824739:11:2,824739:11:2,824739,2026-07-19,DEFENSE,Boston Red Sox,2,top,1-0,0,100,False,,2,0.187504,,0.189589,R2_RUNNER_OUTCOME_STANDS,RULE_BASED,True,True,False,False,False,False,False,False,False,False,True,False,False,True,False,,True,"[""stolen_base_2b""]","[""Rays challenged (tag play), call on the field was overturned: Richie Palacios steals (9) 2nd base.""]","[{""runner_id"": 680700, ""start"": ""1B"", ""end"": ""2B"", ""is_out"": false, ""event"": ""Stolen Base 2B"", ""reason"": ""r_stolen_base_2b"", ""play_index"": 3, ""is_batter"": false}]",[],False,"[{""isOverturned"": true, ""inProgress"": false, ""reviewType"": ""MA"", ""challengeTeamId"": 139}]",stolen_base_2b,
A4:824978:16:1,824978:16:1,824978,2026-07-19,DEFENSE,Athletics,3,top,0-0,0,100,False,,2,3.53367,,0.192383,R2_RUNNER_OUTCOME_STANDS,RULE_BASED,True,True,False,False,False,False,False,False,False,False,True,False,False,False,False,,True,"[""stolen_base_2b""]","[""Nasim Nu\u00f1ez steals (36) 2nd base.""]","[{""runner_id"": 683083, ""start"": ""1B"", ""end"": ""2B"", ""is_out"": false, ""event"": ""Stolen Base 2B"", ""reason"": ""r_stolen_base_2b"", ""play_index"": 2, ""is_batter"": false}]",[],False,,stolen_base_2b,
A4:824978:17:2,824978:17:2,824978,2026-07-19,DEFENSE,Athletics,3,top,0-1,1,010,False,,2,1.06361,,0.233742,R2_RUNNER_OUTCOME_STANDS,RULE_BASED,True,True,False,False,False,False,False,False,False,False,True,False,False,False,False,,True,"[""stolen_base_3b""]","[""Nasim Nu\u00f1ez steals (37) 3rd base.""]","[{""runner_id"": 683083, ""start"": ""2B"", ""end"": ""3B"", ""is_out"": false, ""event"": ""Stolen Base 3B"", ""reason"": ""r_stolen_base_3b"", ""play_index"": 3, ""is_batter"": false}]",[],False,,stolen_base_3b,
A4:825058:50:8,825058:50:8,825058,2026-07-20,DEFENSE,Athletics,6,bottom,3-2,1,100,True,OVERTURNED,2,1.3024,,,R3_TERMINAL_CALL_RUNNER_ACTION,AMBIGUOUS,True,True,False,True,False,True,False,False,False,False,True,False,True,False,False,,True,[],[],"[{""runner_id"": 672515, ""start"": null, ""end"": null, ""is_out"": true, ""event"": ""Strikeout"", ""reason"": null, ""play_index"": 8, ""is_batter"": true}, {""runner_id"": 672695, ""start"": ""1B"", ""end"": ""2B"", ""is_out"": false, ""event"": ""Stolen Base 2B"", ""reason"": ""r_stolen_base_2b"", ""play_index"": 8, ""is_batter"": false}, {""runner_id"": 672695, ""start"": ""2B"", ""end"": ""3B"", ""is_out"": false, ""event"": ""Error"", ""reason"": ""r_adv_play"", ""play_index"": 8, ""is_batter"": false}]","[""f_throwing_error:C""]",False,,,
A4:823760:48:4,823760:48:4,823760,2026-07-21,DEFENSE,New York Mets,6,bottom,2-2,1,110,False,,2,1.04794,,,R3_TERMINAL_CALL_RUNNER_ACTION,AMBIGUOUS,False,False,False,True,False,True,False,False,False,False,False,True,False,False,True,"[""other_out""]",True,"[""other_out""]","[""Cooper Pratt out at 3rd, catcher Luis Torrens to shortstop Francisco Lindor to third baseman Bo Bichette.""]","[{""runner_id"": 806198, ""start"": ""2B"", ""end"": null, ""is_out"": true, ""event"": ""Runner Out"", ""reason"": ""r_runner_out"", ""play_index"": 5, ""is_batter"": false}]","[""f_assist:C"", ""f_assist:SS"", ""f_putout:3B""]",False,,other_out,
A4:822784:10:6,822784:10:6,822784,2026-07-22,DEFENSE,Toronto Blue Jays,2,top,1-1,1,100,False,,1,1.2023,,0.202019,R2_RUNNER_OUTCOME_STANDS,RULE_BASED,True,True,False,False,False,False,False,False,False,False,True,False,False,False,False,,True,"[""stolen_base_2b""]","[""Chandler Simpson steals (25) 2nd base.""]","[{""runner_id"": 802415, ""start"": ""1B"", ""end"": ""2B"", ""is_out"": false, ""event"": ""Stolen Base 2B"", ""reason"": ""r_stolen_base_2b"", ""play_index"": 7, ""is_batter"": false}]",[],False,,stolen_base_2b,
A4:824732:29:6,824732:29:6,824732,2026-07-22,DEFENSE,Boston Red Sox,4,top,3-2,1,100,True,OVERTURNED,1,3.97654,,,R3_TERMINAL_CALL_RUNNER_ACTION,AMBIGUOUS,True,True,False,False,False,False,False,False,False,False,True,False,False,False,False,,True,[],[],"[{""runner_id"": 624413, ""start"": null, ""end"": null, ""is_out"": true, ""event"": ""Strikeout"", ""reason"": null, ""play_index"": 6, ""is_batter"": true}, {""runner_id"": 621493, ""start"": ""1B"", ""end"": ""2B"", ""is_out"": false, ""event"": ""Stolen Base 2B"", ""reason"": ""r_stolen_base_2b"", ""play_index"": 6, ""is_batter"": false}]",[],False,,,
A4:822785:53:0,822785:53:0,822785,2026-07-23,DEFENSE,Tampa Bay Rays,7,bottom,0-0,2,100,False,,2,0.650819,,0,R2_RUNNER_OUTCOME_STANDS,RULE_BASED,True,False,True,True,False,True,False,False,False,False,False,True,False,False,False,,True,[],[],"[{""runner_id"": 665489, ""start"": ""1B"", ""end"": null, ""is_out"": true, ""event"": ""Caught Stealing 2B"", ""reason"": ""r_caught_stealing_2b"", ""play_index"": 0, ""is_batter"": false}]","[""f_assist:C"", ""f_putout:2B""]",False,,,
A4:823042:21:3,823042:21:3,823042,2026-07-23,DEFENSE,St. Louis Cardinals,3,top,2-1,2,010,False,,2,0.934001,,0.0750516,R1_NO_RUNNER_ACTION,EXACT,False,False,False,False,True,True,False,False,True,False,False,False,False,False,False,,True,"[""pickoff""]","[""Pickoff Attempt 2B""]",[],[],True,,pickoff,True
A4:823843:56:3,823843:56:3,823843,2026-07-24,DEFENSE,Miami Marlins,7,top,0-1,2,110,False,,2,1.60853,,0.10512,R1_NO_RUNNER_ACTION,EXACT,False,False,False,False,True,True,False,False,True,False,False,False,False,False,False,,True,"[""pickoff""]","[""Pickoff Attempt 1B""]",[],[],True,,pickoff,True
A4:824812:46:8,824812:46:8,824812,2026-07-24,DEFENSE,Atlanta Braves,6,bottom,3-2,0,100,True,OVERTURNED,1,0.951793,,,R3_TERMINAL_CALL_RUNNER_ACTION,AMBIGUOUS,True,True,False,False,False,False,False,False,False,False,True,False,False,False,False,,True,[],[],"[{""runner_id"": 665750, ""start"": null, ""end"": null, ""is_out"": true, ""event"": ""Strikeout"", ""reason"": null, ""play_index"": 8, ""is_batter"": true}, {""runner_id"": 681297, ""start"": ""1B"", ""end"": ""2B"", ""is_out"": false, ""event"": ""Stolen Base 2B"", ""reason"": ""r_stolen_base_2b"", ""play_index"": 8, ""is_batter"": false}]",[],False,,,
A4:823841:36:9,823841:36:9,823841,2026-07-25,DEFENSE,San Diego Padres,5,bottom,2-2,2,100,False,,1,0.48956,,,R3_TERMINAL_CALL_RUNNER_ACTION,AMBIGUOUS,True,True,False,False,False,False,False,False,False,False,True,False,False,False,False,,True,"[""stolen_base_2b""]","[""Esteury Ruiz steals (23) 2nd base.""]","[{""runner_id"": 665923, ""start"": ""1B"", ""end"": ""2B"", ""is_out"": false, ""event"": ""Stolen Base 2B"", ""reason"": ""r_stolen_base_2b"", ""play_index"": 10, ""is_batter"": false}]",[],False,,stolen_base_2b,
A4:824244:37:0,824244:37:0,824244,2026-07-25,DEFENSE,Kansas City Royals,5,bottom,0-0,1,100,False,,2,0.760763,,0.030628,R2_RUNNER_OUTCOME_STANDS,RULE_BASED,False,False,False,True,False,True,False,False,False,False,False,True,False,False,True,"[""other_out""]",True,"[""other_out""]","[""Colt Keith out at 2nd, catcher Carter Jensen to shortstop Andrew Velazquez.""]","[{""runner_id"": 690993, ""start"": ""1B"", ""end"": null, ""is_out"": true, ""event"": ""Runner Out"", ""reason"": ""r_runner_out"", ""play_index"": 1, ""is_batter"": false}]","[""f_assist:C"", ""f_putout:SS""]",False,,other_out,
A4:823678:7:2,823678:7:2,823678,2026-07-26,DEFENSE,Athletics,1,bottom,0-1,2,100,False,,2,0.314562,,0.0699614,R2_RUNNER_OUTCOME_STANDS,RULE_BASED,True,True,False,False,False,False,False,False,False,False,True,False,False,False,False,,True,"[""stolen_base_2b""]","[""Royce Lewis steals (10) 2nd base.""]","[{""runner_id"": 668904, ""start"": ""1B"", ""end"": ""2B"", ""is_out"": false, ""event"": ""Stolen Base 2B"", ""reason"": ""r_stolen_base_2b"", ""play_index"": 3, ""is_batter"": false}]",[],False,,stolen_base_2b,
A4:823840:14:1,823840:14:1,823840,2026-07-26,DEFENSE,San Diego Padres,2,bottom,0-0,0,110,False,,2,2.6476,,0.192383,R2_RUNNER_OUTCOME_STANDS,RULE_BASED,True,True,False,True,False,True,False,False,False,False,True,False,True,False,False,,True,"[""stolen_base_3b""]","[""Liam Hicks steals (3) 3rd base. Liam Hicks scores. Griffin Conine to 2nd. Throwing error by catcher Luis Campusano.""]","[{""runner_id"": 689414, ""start"": ""2B"", ""end"": ""3B"", ""is_out"": false, ""event"": ""Stolen Base 3B"", ""reason"": ""r_stolen_base_3b"", ""play_index"": 2, ""is_batter"": false}, {""runner_id"": 689414, ""start"": ""3B"", ""end"": ""score"", ""is_out"": false, ""event"": ""Error"", ""reason"": ""r_adv_play"", ""play_index"": 2, ""is_batter"": false}, {""runner_id"": 665052, ""start"": ""1B"", ""end"": ""2B"", ""is_out"": false, ""event"": ""Error"", ""reason"": ""r_adv_play"", ""play_index"": 2, ""is_batter"": false}]","[""f_throwing_error:C""]",False,,stolen_base_3b,
A4:823840:48:4,823840:48:4,823840,2026-07-26,DEFENSE,San Diego Padres,6,bottom,2-1,2,100,False,,1,1.14122,,0.0750516,R2_RUNNER_OUTCOME_STANDS,RULE_BASED,True,True,False,False,False,False,False,False,False,False,True,False,False,False,False,,True,"[""stolen_base_2b""]","[""Xavier Edwards steals (16) 2nd base.""]","[{""runner_id"": 669364, ""start"": ""1B"", ""end"": ""2B"", ""is_out"": false, ""event"": ""Stolen Base 2B"", ""reason"": ""r_stolen_base_2b"", ""play_index"": 5, ""is_batter"": false}]",[],False,,stolen_base_2b,
A4:823597:21:0,823597:21:0,823597,2026-07-27,OFFENSE,New York Mets,3,bottom,0-0,0,100,False,,2,1.42258,0.0865311,0.192383,R2_RUNNER_OUTCOME_STANDS,RULE_BASED,True,True,False,False,False,False,False,False,False,False,True,False,False,False,False,,True,"[""stolen_base_2b""]","[""A.J. Ewing steals (12) 2nd base.""]","[{""runner_id"": 805999, ""start"": ""1B"", ""end"": ""2B"", ""is_out"": false, ""event"": ""Stolen Base 2B"", ""reason"": ""r_stolen_base_2b"", ""play_index"": 1, ""is_batter"": false}]",[],False,,stolen_base_2b,
A4:823839:7:0,823839:7:0,823839,2026-07-27,OFFENSE,Miami Marlins,1,bottom,0-0,1,100,False,,2,0.32468,0.054191,0.065873,R2_RUNNER_OUTCOME_STANDS,RULE_BASED,True,True,False,True,False,True,False,False,False,False,True,False,True,False,False,,True,"[""stolen_base_2b""]","[""Otto Lopez steals (21) 2nd base. Otto Lopez scores. Throwing error by catcher J.T. Realmuto. Throwing error by shortstop Trea Turner.""]","[{""runner_id"": 672640, ""start"": ""1B"", ""end"": ""2B"", ""is_out"": false, ""event"": ""Stolen Base 2B"", ""reason"": ""r_stolen_base_2b"", ""play_index"": 1, ""is_batter"": false}, {""runner_id"": 672640, ""start"": ""2B"", ""end"": ""3B"", ""is_out"": false, ""event"": ""Error"", ""reason"": ""r_adv_play"", ""play_index"": 1, ""is_batter"": false}, {""runner_id"": 672640, ""start"": ""3B"", ""end"": ""score"", ""is_out"": false, ""event"": ""Error"", ""reason"": ""r_adv_play"", ""play_index"": 1, ""is_batter"": false}]","[""f_throwing_error:C"", ""f_throwing_error:SS""]",False,,stolen_base_2b,
A4:824977:15:2,824977:15:2,824977,2026-07-27,DEFENSE,Boston Red Sox,2,bottom,1-1,1,110,False,,2,0.361761,,0.101333,R2_RUNNER_OUTCOME_STANDS,RULE_BASED,True,False,True,True,False,True,False,False,False,False,True,True,False,False,False,,True,"[""caught_stealing_3b""]","[""Henry Bolte caught stealing 3rd base, catcher Connor Wong to third baseman Caleb Durbin. Alika Williams to 2nd.""]","[{""runner_id"": 703607, ""start"": ""2B"", ""end"": null, ""is_out"": true, ""event"": ""Caught Stealing 3B"", ""reason"": ""r_caught_stealing_3b"", ""play_index"": 3, ""is_batter"": false}, {""runner_id"": 675961, ""start"": ""1B"", ""end"": ""2B"", ""is_out"": false, ""event"": ""Caught Stealing 3B"", ""reason"": ""r_adv_play"", ""play_index"": 3, ""is_batter"": false}]","[""f_assist:C"", ""f_putout:3B""]",False,,caught_stealing_3b,
A4:824569:43:3,824569:43:3,824569,2026-07-28,DEFENSE,Chicago White Sox,6,top,0-1,1,100,False,,2,1.12161,,0.138198,R2_RUNNER_OUTCOME_STANDS,RULE_BASED,True,True,False,False,False,False,False,False,False,False,True,False,False,True,False,,True,"[""stolen_base_2b""]","[""White Sox challenged (tag play), call on the field was upheld: Jasson Dom\u00ednguez steals (7) 2nd base.""]","[{""runner_id"": 691176, ""start"": ""1B"", ""end"": ""2B"", ""is_out"": false, ""event"": ""Stolen Base 2B"", ""reason"": ""r_stolen_base_2b"", ""play_index"": 4, ""is_batter"": false}]",[],False,"[{""isOverturned"": false, ""inProgress"": false, ""reviewType"": ""MA"", ""challengeTeamId"": 145}]",stolen_base_2b,
A4:823271:70:0,823271:70:0,823271,2026-07-30,DEFENSE,San Diego Padres,9,top,0-0,2,100,False,,1,0.397519,,0.0885178,R2_RUNNER_OUTCOME_STANDS,RULE_BASED,True,True,False,False,False,False,False,False,False,False,True,False,False,False,False,,True,"[""stolen_base_2b""]","[""Heliot Ramos steals (3) 2nd base.""]","[{""runner_id"": 671218, ""start"": ""1B"", ""end"": ""2B"", ""is_out"": false, ""event"": ""Stolen Base 2B"", ""reason"": ""r_stolen_base_2b"", ""play_index"": 1, ""is_batter"": false}]",[],False,,stolen_base_2b,
A4:823595:37:2,823595:37:2,823595,2026-07-30,OFFENSE,New York Mets,5,bottom,2-0,2,100,False,,2,1.27696,0.222224,0.133235,R2_RUNNER_OUTCOME_STANDS,RULE_BASED,True,True,False,False,False,False,False,False,False,False,True,False,False,False,False,,True,"[""stolen_base_2b""]","[""Marcus Semien steals (7) 2nd base.""]","[{""runner_id"": 543760, ""start"": ""1B"", ""end"": ""2B"", ""is_out"": false, ""event"": ""Stolen Base 2B"", ""reason"": ""r_stolen_base_2b"", ""play_index"": 3, ""is_batter"": false}]",[],False,,stolen_base_2b,
A4:824488:40:5,824488:40:5,824488,2026-07-30,DEFENSE,Pittsburgh Pirates,5,bottom,2-2,1,101,False,,2,0.496797,,,R3_TERMINAL_CALL_RUNNER_ACTION,AMBIGUOUS,True,False,True,True,False,True,False,False,False,False,False,True,False,False,False,,True,"[""caught_stealing_2b""]","[""JJ Bleday caught stealing 2nd base, catcher Endy Rodr\u00edguez to second baseman Brandon Lowe.""]","[{""runner_id"": 668709, ""start"": ""1B"", ""end"": null, ""is_out"": true, ""event"": ""Caught Stealing 2B"", ""reason"": ""r_caught_stealing_2b"", ""play_index"": 6, ""is_batter"": false}]","[""f_assist:C"", ""f_putout:2B""]",False,,caught_stealing_2b,
A4:823272:34:1,823272:34:1,823272,2026-07-31,DEFENSE,San Francisco Giants,4,bottom,0-1,2,110,False,,2,1.77535,,0.229441,R2_RUNNER_OUTCOME_STANDS,RULE_BASED,True,True,False,False,False,False,False,False,False,False,True,False,False,False,False,,True,"[""stolen_base_3b""]","[""Fernando Tatis Jr. steals (26) 3rd base. Luis Rengifo steals (5) 2nd base.""]","[{""runner_id"": 665487, ""start"": ""2B"", ""end"": ""3B"", ""is_out"": false, ""event"": ""Stolen Base 3B"", ""reason"": ""r_stolen_base_3b"", ""play_index"": 2, ""is_batter"": false}, {""runner_id"": 650859, ""start"": ""1B"", ""end"": ""2B"", ""is_out"": false, ""event"": ""Stolen Base 2B"", ""reason"": ""r_stolen_base_2b"", ""play_index"": 2, ""is_batter"": false}]",[],False,,stolen_base_3b,
A4:824486:58:1,824486:58:1,824486,2026-07-31,DEFENSE,Cincinnati Reds,7,top,0-1,1,100,False,,2,1.77425,,0.138198,R2_RUNNER_OUTCOME_STANDS,RULE_BASED,True,True,False,False,False,False,False,False,False,False,True,False,False,False,False,,True,"[""stolen_base_2b""]","[""Jake Mangum steals (20) 2nd base.""]","[{""runner_id"": 663968, ""start"": ""1B"", ""end"": ""2B"", ""is_out"": false, ""event"": ""Stolen Base 2B"", ""reason"": ""r_stolen_base_2b"", ""play_index"": 2, ""is_batter"": false}]",[],False,,stolen_base_2b,
A4:824486:72:2,824486:72:2,824486,2026-07-31,DEFENSE,Cincinnati Reds,8,top,0-1,2,101,False,,1,1.48379,,0.229441,R2_RUNNER_OUTCOME_STANDS,RULE_BASED,True,True,False,False,False,False,False,False,False,False,True,False,False,False,False,,True,"[""stolen_base_2b""]","[""Brandon Lowe steals (2) 2nd base.""]","[{""runner_id"": 664040, ""start"": ""1B"", ""end"": ""2B"", ""is_out"": false, ""event"": ""Stolen Base 2B"", ""reason"": ""r_stolen_base_2b"", ""play_index"": 3, ""is_batter"": false}]",[],False,,stolen_base_2b,
A4:824649:50:5,824649:50:5,824649,2026-08-01,DEFENSE,Chicago Cubs,7,top,1-1,2,100,False,,1,0.970543,,0.101333,R2_RUNNER_OUTCOME_STANDS,RULE_BASED,True,True,False,False,False,False,False,False,False,False,True,False,False,False,False,,True,"[""stolen_base_2b""]","[""Jos\u00e9 Caballero steals (27) 2nd base.""]","[{""runner_id"": 676609, ""start"": ""1B"", ""end"": ""2B"", ""is_out"": false, ""event"": ""Stolen Base 2B"", ""reason"": ""r_stolen_base_2b"", ""play_index"": 6, ""is_batter"": false}]",[],False,,stolen_base_2b,
A4:824323:53:0,824323:53:0,824323,2026-08-02,DEFENSE,Kansas City Royals,6,bottom,0-0,2,100,False,,1,2.19147,,0.0885178,R2_RUNNER_OUTCOME_STANDS,RULE_BASED,True,True,False,False,False,False,False,False,False,False,True,False,False,False,False,,True,"[""stolen_base_2b""]","[""Cole Carrigg steals (4) 2nd base.""]","[{""runner_id"": 694249, ""start"": ""1B"", ""end"": ""2B"", ""is_out"": false, ""event"": ""Stolen Base 2B"", ""reason"": ""r_stolen_base_2b"", ""play_index"": 1, ""is_batter"": false}]",[],False,,stolen_base_2b,
A4:823753:43:0,823753:43:0,823753,2026-08-05,DEFENSE,Pittsburgh Pirates,6,bottom,0-0,1,100,False,,1,0.918242,,0.138002,R2_RUNNER_OUTCOME_STANDS,RULE_BASED,True,True,False,False,False,False,False,False,False,False,True,False,False,False,False,,True,"[""stolen_base_2b""]","[""Christian Yelich steals (10) 2nd base.""]","[{""runner_id"": 592885, ""start"": ""1B"", ""end"": ""2B"", ""is_out"": false, ""event"": ""Stolen Base 2B"", ""reason"": ""r_stolen_base_2b"", ""play_index"": 1, ""is_batter"": false}]",[],False,,stolen_base_2b,
A4:824158:47:1,824158:47:1,824158,2026-08-05,DEFENSE,Toronto Blue Jays,6,bottom,1-0,0,100,False,,2,0.810718,,0.220947,R1_NO_RUNNER_ACTION,EXACT,False,False,False,False,True,True,False,False,True,False,False,False,False,False,False,,True,"[""pickoff""]","[""Pickoff Attempt 1B""]",[],[],True,,pickoff,True
A4:824889:25:3,824889:25:3,824889,2026-08-05,DEFENSE,Miami Marlins,3,bottom,2-1,2,100,True,OVERTURNED,2,2.10256,,0.0750516,R2_RUNNER_OUTCOME_STANDS,RULE_BASED,True,True,False,False,False,False,False,False,False,False,True,False,False,False,False,,True,"[""stolen_base_2b""]","[""Joe Mack challenged (pitch result), call on the field was overturned: Mauricio Dub\u00f3n steals (5) 2nd base.""]","[{""runner_id"": 643289, ""start"": ""1B"", ""end"": ""2B"", ""is_out"": false, ""event"": ""Stolen Base 2B"", ""reason"": ""r_stolen_base_2b"", ""play_index"": 4, ""is_batter"": false}]",[],False,,stolen_base_2b,
A4:823754:55:0,823754:55:0,823754,2026-08-06,OFFENSE,Milwaukee Brewers,7,bottom,0-0,2,100,False,,1,1.2645,0.0986996,-0,R2_RUNNER_OUTCOME_STANDS,RULE_BASED,True,False,True,True,False,True,False,False,False,False,False,True,False,False,False,,True,[],[],"[{""runner_id"": 694192, ""start"": ""1B"", ""end"": null, ""is_out"": true, ""event"": ""Caught Stealing 2B"", ""reason"": ""r_caught_stealing_2b"", ""play_index"": 0, ""is_batter"": false}]","[""f_assist:C"", ""f_putout:SS""]",False,,,
A4:824481:6:7,824481:6:7,824481,2026-08-06,DEFENSE,Athletics,1,bottom,3-2,1,100,True,OVERTURNED,2,1.552,,,R3_TERMINAL_CALL_RUNNER_ACTION,AMBIGUOUS,True,False,True,True,False,True,False,False,False,False,False,True,False,False,False,,True,[],[],"[{""runner_id"": 663886, ""start"": null, ""end"": null, ""is_out"": true, ""event"": ""Strikeout Double Play"", ""reason"": null, ""play_index"": 7, ""is_batter"": true}, {""runner_id"": 668709, ""start"": ""1B"", ""end"": null, ""is_out"": true, ""event"": ""Caught Stealing 2B"", ""reason"": ""r_caught_stealing_2b"", ""play_index"": 7, ""is_batter"": false}]","[""f_assist:C"", ""f_putout:2B""]",False,,,
A4:824885:28:2,824885:28:2,824885,2026-08-06,DEFENSE,Miami Marlins,4,bottom,0-1,1,100,False,,2,0.676525,,0.233742,R2_RUNNER_OUTCOME_STANDS,RULE_BASED,True,True,False,True,False,True,False,False,False,False,True,False,True,False,False,,True,"[""stolen_base_2b""]","[""Mauricio Dub\u00f3n steals (6) 2nd base. Mauricio Dub\u00f3n to 3rd. Mauricio Dub\u00f3n advances to 3rd, on a throwing error by catcher Brian Navarreto.""]","[{""runner_id"": 643289, ""start"": ""1B"", ""end"": ""2B"", ""is_out"": false, ""event"": ""Stolen Base 2B"", ""reason"": ""r_stolen_base_2b"", ""play_index"": 3, ""is_batter"": false}, {""runner_id"": 643289, ""start"": ""2B"", ""end"": ""3B"", ""is_out"": false, ""event"": ""Error"", ""reason"": ""r_adv_play"", ""play_index"": 3, ""is_batter"": false}]","[""f_throwing_error:C""]",False,,stolen_base_2b,
A4:823266:25:1,823266:25:1,823266,2026-08-07,DEFENSE,Houston Astros,3,bottom,1-0,0,010,False,,1,0.386229,,0.124437,R2_RUNNER_OUTCOME_STANDS,RULE_BASED,True,False,True,True,False,True,False,False,False,False,False,True,False,False,False,,True,"[""caught_stealing_3b""]","[""Sung-Mun Song caught stealing 3rd base, catcher Yainer Diaz to third baseman Isaac Paredes.""]","[{""runner_id"": 823550, ""start"": ""2B"", ""end"": null, ""is_out"": true, ""event"": ""Caught Stealing 3B"", ""reason"": ""r_caught_stealing_3b"", ""play_index"": 2, ""is_batter"": false}]","[""f_assist:C"", ""f_putout:3B""]",False,,caught_stealing_3b,
A4:825051:17:1,825051:17:1,825051,2026-08-07,DEFENSE,Arizona Diamondbacks,3,top,0-0,2,100,False,,2,0.816179,,0,R2_RUNNER_OUTCOME_STANDS,RULE_BASED,True,False,True,True,False,True,False,False,False,False,False,True,False,False,False,,True,[],[],"[{""runner_id"": 660271, ""start"": ""1B"", ""end"": null, ""is_out"": true, ""event"": ""Caught Stealing 2B"", ""reason"": ""r_caught_stealing_2b"", ""play_index"": 1, ""is_batter"": false}]","[""f_assist:C"", ""f_putout:2B""]",False,,,
A4:823514:70:1,823514:70:1,823514,2026-08-08,OFFENSE,Atlanta Braves,9,top,0-0,2,100,False,,1,1.34685,0.25331,0.0885178,R2_RUNNER_OUTCOME_STANDS,RULE_BASED,False,False,False,False,False,False,False,False,False,True,True,False,False,False,False,,True,"[""defensive_indiff""]","[""Mike Yastrzemski advances to 2nd on defensive indifference.""]","[{""runner_id"": 573262, ""start"": ""1B"", ""end"": ""2B"", ""is_out"": false, ""event"": ""Defensive Indiff"", ""reason"": ""r_defensive_indiff"", ""play_index"": 2, ""is_batter"": false}]",[],False,,defensive_indiff,
A4:823834:12:1,823834:12:1,823834,2026-08-08,DEFENSE,Los Angeles Angels,2,bottom,0-0,2,100,False,,2,2.50801,,0,R2_RUNNER_OUTCOME_STANDS,RULE_BASED,True,False,True,True,False,True,False,False,False,False,False,True,False,False,False,,True,[],[],"[{""runner_id"": 681715, ""start"": ""1B"", ""end"": null, ""is_out"": true, ""event"": ""Caught Stealing 2B"", ""reason"": ""r_caught_stealing_2b"", ""play_index"": 1, ""is_batter"": false}]","[""f_assist:C"", ""f_putout:SS""]",False,,,
A4:824565:67:5,824565:67:5,824565,2026-08-08,OFFENSE,Chicago White Sox,8,bottom,0-0,0,100,True,OVERTURNED,2,0.96488,0.0925625,0.198062,R2_RUNNER_OUTCOME_STANDS,RULE_BASED,True,True,False,True,False,True,False,False,False,False,True,False,True,False,False,,True,"[""stolen_base_2b""]","[""Randal Grichuk challenged (pitch result), call on the field was overturned: Luisangel Acu\u00f1a steals (16) 2nd base. Luisangel Acu\u00f1a to 3rd. Luisangel Acu\u00f1a advances to 3rd, on a throwing error by catcher Patrick Bailey.""]","[{""runner_id"": 682668, ""start"": ""1B"", ""end"": ""2B"", ""is_out"": false, ""event"": ""Stolen Base 2B"", ""reason"": ""r_stolen_base_2b"", ""play_index"": 6, ""is_batter"": false}, {""runner_id"": 682668, ""start"": ""2B"", ""end"": ""3B"", ""is_out"": false, ""event"": ""Error"", ""reason"": ""r_adv_play"", ""play_index"": 6, ""is_batter"": false}]","[""f_throwing_error:C""]",False,,stolen_base_2b,
A4:823020:33:2,823020:33:2,823020,2026-08-09,DEFENSE,St. Louis Cardinals,4,top,0-2,2,110,False,,2,0.0832351,,0.354251,R1_NO_RUNNER_ACTION,EXACT,False,False,False,False,True,True,False,False,True,False,False,False,False,False,False,,True,"[""pickoff""]","[""Pickoff Attempt 1B""]",[],[],True,,pickoff,True
A4:823751:13:1,823751:13:1,823751,2026-08-09,DEFENSE,Minnesota Twins,2,bottom,0-1,1,010,False,,2,0.984775,,0.025654,R2_RUNNER_OUTCOME_STANDS,RULE_BASED,True,False,True,True,False,True,False,False,False,False,False,True,False,False,False,,True,"[""caught_stealing_3b""]","[""Jake Bauers caught stealing 3rd base, catcher Victor Caratini to third baseman Brooks Lee.""]","[{""runner_id"": 641343, ""start"": ""2B"", ""end"": null, ""is_out"": true, ""event"": ""Caught Stealing 3B"", ""reason"": ""r_caught_stealing_3b"", ""play_index"": 2, ""is_batter"": false}]","[""f_assist:C"", ""f_putout:3B""]",False,,caught_stealing_3b,
A4:824724:58:0,824724:58:0,824724,2026-08-09,OFFENSE,Athletics,8,top,0-0,1,100,False,,2,1.46842,0.279195,0.138002,R2_RUNNER_OUTCOME_STANDS,RULE_BASED,True,True,False,False,False,False,False,False,False,False,True,False,False,False,False,,True,"[""stolen_base_2b""]","[""Jeff McNeil steals (5) 2nd base.""]","[{""runner_id"": 643446, ""start"": ""1B"", ""end"": ""2B"", ""is_out"": false, ""event"": ""Stolen Base 2B"", ""reason"": ""r_stolen_base_2b"", ""play_index"": 1, ""is_batter"": false}]",[],False,,stolen_base_2b,
A4:823997:24:1,823997:24:1,823997,2026-08-11,DEFENSE,Texas Rangers,3,bottom,0-0,1,110,False,,2,0.128912,,0.222088,R2_RUNNER_OUTCOME_STANDS,RULE_BASED,True,True,False,False,False,False,False,False,False,False,True,False,False,False,False,,True,"[""stolen_base_3b""]","[""Zach Neto steals (15) 3rd base. Mike Trout steals (9) 2nd base.""]","[{""runner_id"": 687263, ""start"": ""2B"", ""end"": ""3B"", ""is_out"": false, ""event"": ""Stolen Base 3B"", ""reason"": ""r_stolen_base_3b"", ""play_index"": 2, ""is_batter"": false}, {""runner_id"": 545361, ""start"": ""1B"", ""end"": ""2B"", ""is_out"": false, ""event"": ""Stolen Base 2B"", ""reason"": ""r_stolen_base_2b"", ""play_index"": 2, ""is_batter"": false}]",[],False,,stolen_base_3b,
A4:824563:56:1,824563:56:1,824563,2026-08-11,DEFENSE,Chicago White Sox,8,top,0-1,1,011,False,,2,2.20966,,0.168099,R1_NO_RUNNER_ACTION,EXACT,False,False,False,False,True,True,False,False,True,False,False,False,False,False,False,,True,"[""pickoff""]","[""Pickoff Attempt 3B""]",[],[],True,,pickoff,True
A4:823915:18:2,823915:18:2,823915,2026-08-13,DEFENSE,Los Angeles Dodgers,3,top,1-0,2,100,False,,2,0.603759,,0,R2_RUNNER_OUTCOME_STANDS,RULE_BASED,True,False,True,True,False,True,False,False,False,False,False,True,False,False,False,,True,[],[],"[{""runner_id"": 694192, ""start"": ""1B"", ""end"": null, ""is_out"": true, ""event"": ""Caught Stealing 2B"", ""reason"": ""r_caught_stealing_2b"", ""play_index"": 2, ""is_batter"": false}]","[""f_assist:C"", ""f_putout:2B""]",False,,,
A4:822942:26:5,822942:26:5,822942,2026-08-14,DEFENSE,Baltimore Orioles,3,bottom,3-2,1,100,True,OVERTURNED,2,0.791377,,,R3_TERMINAL_CALL_RUNNER_ACTION,AMBIGUOUS,True,True,False,False,False,False,False,False,False,False,True,False,False,False,False,,True,[],[],"[{""runner_id"": 689414, ""start"": null, ""end"": null, ""is_out"": true, ""event"": ""Strikeout"", ""reason"": null, ""play_index"": 5, ""is_batter"": true}, {""runner_id"": 691406, ""start"": ""1B"", ""end"": ""2B"", ""is_out"": false, ""event"": ""Stolen Base 2B"", ""reason"": ""r_stolen_base_2b"", ""play_index"": 5, ""is_batter"": false}]",[],False,,,
A4:823588:4:2,823588:4:2,823588,2026-08-15,OFFENSE,New York Mets,1,bottom,1-0,0,100,False,,2,0.0308794,0.0460558,0.189589,R2_RUNNER_OUTCOME_STANDS,RULE_BASED,True,True,False,False,False,False,False,False,False,False,True,False,False,False,False,,True,"[""stolen_base_2b""]","[""A.J. Ewing steals (16) 2nd base.""]","[{""runner_id"": 805999, ""start"": ""1B"", ""end"": ""2B"", ""is_out"": false, ""event"": ""Stolen Base 2B"", ""reason"": ""r_stolen_base_2b"", ""play_index"": 3, ""is_batter"": false}]",[],False,,stolen_base_2b,
A4:824880:2:1,824880:2:1,824880,2026-08-16,DEFENSE,Atlanta Braves,1,top,0-1,1,100,False,,2,0.684232,,0.138198,R2_RUNNER_OUTCOME_STANDS,RULE_BASED,True,True,False,False,False,False,False,False,False,False,True,False,False,False,False,,True,"[""stolen_base_2b""]","[""Corbin Carroll steals (17) 2nd base.""]","[{""runner_id"": 682998, ""start"": ""1B"", ""end"": ""2B"", ""is_out"": false, ""event"": ""Stolen Base 2B"", ""reason"": ""r_stolen_base_2b"", ""play_index"": 2, ""is_batter"": false}]",[],False,,stolen_base_2b,
A4:824155:38:1,824155:38:1,824155,2026-08-19,DEFENSE,Houston Astros,5,top,1-0,2,100,False,,2,0.912448,,0.0385059,R2_RUNNER_OUTCOME_STANDS,RULE_BASED,True,True,False,True,False,True,False,False,False,False,True,False,True,False,False,,True,"[""stolen_base_2b""]","[""Zach Neto steals (17) 2nd base. Zach Neto to 3rd. Zach Neto advances to 3rd, on a throwing error by catcher Christian V\u00e1zquez.""]","[{""runner_id"": 687263, ""start"": ""1B"", ""end"": ""2B"", ""is_out"": false, ""event"": ""Stolen Base 2B"", ""reason"": ""r_stolen_base_2b"", ""play_index"": 2, ""is_batter"": false}, {""runner_id"": 687263, ""start"": ""2B"", ""end"": ""3B"", ""is_out"": false, ""event"": ""Error"", ""reason"": ""r_adv_play"", ""play_index"": 2, ""is_batter"": false}]","[""f_throwing_error:C""]",False,,stolen_base_2b,
A4:824801:8:4,824801:8:4,824801,2026-08-19,DEFENSE,New York Yankees,1,bottom,1-1,2,101,False,,2,0.33835,,0.101333,R2_RUNNER_OUTCOME_STANDS,RULE_BASED,True,True,False,False,False,False,False,False,False,False,True,False,False,False,False,,True,"[""stolen_base_home""]","[""Jackson Holliday steals (7) home. Gunnar Henderson steals (10) 2nd base.""]","[{""runner_id"": 702616, ""start"": ""3B"", ""end"": ""score"", ""is_out"": false, ""event"": ""Stolen Base Home"", ""reason"": ""r_stolen_base_home"", ""play_index"": 5, ""is_batter"": false}, {""runner_id"": 683002, ""start"": ""1B"", ""end"": ""2B"", ""is_out"": false, ""event"": ""Stolen Base 2B"", ""reason"": ""r_stolen_base_2b"", ""play_index"": 5, ""is_batter"": false}]",[],False,,stolen_base_home,
A4:824802:60:1,824802:60:1,824802,2026-08-20,DEFENSE,Baltimore Orioles,8,top,0-0,2,101,False,,1,0.692175,,0.0460391,R2_RUNNER_OUTCOME_STANDS,RULE_BASED,True,True,False,False,False,False,False,False,False,False,True,False,False,False,False,,True,"[""stolen_base_2b""]","[""Spencer Jones steals (7) 2nd base.""]","[{""runner_id"": 682987, ""start"": ""1B"", ""end"": ""2B"", ""is_out"": false, ""event"": ""Stolen Base 2B"", ""reason"": ""r_stolen_base_2b"", ""play_index"": 2, ""is_batter"": false}]",[],False,,stolen_base_2b,
A4:822857:54:2,822857:54:2,822857,2026-08-21,DEFENSE,Texas Rangers,8,top,1-0,0,100,False,,2,2.19531,,0.124437,R2_RUNNER_OUTCOME_STANDS,RULE_BASED,True,False,True,True,False,True,False,False,False,False,False,True,False,False,False,,True,"[""caught_stealing_2b""]","[""Adam Frazier caught stealing 2nd base, catcher Elias D\u00edaz to shortstop Corey Seager.""]","[{""runner_id"": 624428, ""start"": ""1B"", ""end"": null, ""is_out"": true, ""event"": ""Caught Stealing 2B"", ""reason"": ""r_caught_stealing_2b"", ""play_index"": 3, ""is_batter"": false}]","[""f_assist:C"", ""f_putout:SS""]",False,,caught_stealing_2b,
A4:823510:64:5,823510:64:5,823510,2026-08-21,DEFENSE,Toronto Blue Jays,8,bottom,2-2,1,100,False,,1,1.47896,,,R4_UNCAUGHT_THIRD_STRIKE,AMBIGUOUS,False,False,False,False,False,False,False,True,False,False,True,False,False,False,False,,True,"[""passed_ball""]","[""Passed ball by catcher Alejandro Kirk. Ben Rice to 2nd.""]","[{""runner_id"": 700250, ""start"": ""1B"", ""end"": ""2B"", ""is_out"": false, ""event"": ""Passed Ball"", ""reason"": ""r_adv_play"", ""play_index"": 6, ""is_batter"": false}]",[],False,,passed_ball,
A4:823746:3:1,823746:3:1,823746,2026-08-21,DEFENSE,Milwaukee Brewers,1,top,0-1,2,100,False,,2,0.590739,,0,R2_RUNNER_OUTCOME_STANDS,RULE_BASED,True,False,True,True,False,True,False,False,False,False,False,True,False,False,False,,True,[],[],"[{""runner_id"": 660670, ""start"": ""1B"", ""end"": null, ""is_out"": true, ""event"": ""Caught Stealing 2B"", ""reason"": ""r_caught_stealing_2b"", ""play_index"": 1, ""is_batter"": false}]","[""f_assist:C"", ""f_putout:SS""]",False,,,
A4:825045:5:0,825045:5:0,825045,2026-08-21,DEFENSE,Cincinnati Reds,1,bottom,0-0,1,100,False,,2,0.134819,,0.138002,R2_RUNNER_OUTCOME_STANDS,RULE_BASED,True,True,False,False,False,False,False,False,False,False,True,False,False,False,False,,True,"[""stolen_base_2b""]","[""Corbin Carroll steals (18) 2nd base.""]","[{""runner_id"": 682998, ""start"": ""1B"", ""end"": ""2B"", ""is_out"": false, ""event"": ""Stolen Base 2B"", ""reason"": ""r_stolen_base_2b"", ""play_index"": 1, ""is_batter"": false}]",[],False,,stolen_base_2b,
A4:825045:13:0,825045:13:0,825045,2026-08-21,DEFENSE,Cincinnati Reds,2,bottom,0-0,0,100,False,,2,1.09777,,0.192383,R2_RUNNER_OUTCOME_STANDS,RULE_BASED,True,True,False,False,False,False,False,False,False,False,True,False,False,False,False,,True,"[""stolen_base_2b""]","[""Tim Tawa steals (7) 2nd base.""]","[{""runner_id"": 694374, ""start"": ""1B"", ""end"": ""2B"", ""is_out"": false, ""event"": ""Stolen Base 2B"", ""reason"": ""r_stolen_base_2b"", ""play_index"": 1, ""is_batter"": false}]",[],False,,stolen_base_2b,
A4:823421:23:0,823421:23:0,823421,2026-08-23,OFFENSE,St. Louis Cardinals,4,top,0-0,0,100,False,,2,0.688652,0.062641,0.192383,R2_RUNNER_OUTCOME_STANDS,RULE_BASED,True,True,False,False,False,False,False,False,False,False,True,False,False,False,False,,True,"[""stolen_base_2b""]","[""Jordan Walker steals (18) 2nd base.""]","[{""runner_id"": 691023, ""start"": ""1B"", ""end"": ""2B"", ""is_out"": false, ""event"": ""Stolen Base 2B"", ""reason"": ""r_stolen_base_2b"", ""play_index"": 1, ""is_batter"": false}]",[],False,,stolen_base_2b,
A4:823745:48:1,823745:48:1,823745,2026-08-23,DEFENSE,Milwaukee Brewers,6,top,0-1,1,101,False,,2,0.374531,,0.168099,R2_RUNNER_OUTCOME_STANDS,RULE_BASED,True,True,False,False,False,False,False,False,False,False,True,False,False,False,False,,True,"[""stolen_base_2b""]","[""Austin Riley steals (8) 2nd base.""]","[{""runner_id"": 663586, ""start"": ""1B"", ""end"": ""2B"", ""is_out"": false, ""event"": ""Stolen Base 2B"", ""reason"": ""r_stolen_base_2b"", ""play_index"": 2, ""is_batter"": false}]",[],False,,stolen_base_2b,
A4:823909:3:1,823909:3:1,823909,2026-08-23,DEFENSE,Los Angeles Dodgers,1,top,0-1,2,100,False,,2,0.474219,,0.0699614,R2_RUNNER_OUTCOME_STANDS,RULE_BASED,True,True,False,False,False,False,False,False,False,False,True,False,False,False,False,,True,"[""stolen_base_2b""]","[""Nick Gonzales steals (6) 2nd base.""]","[{""runner_id"": 693304, ""start"": ""1B"", ""end"": ""2B"", ""is_out"": false, ""event"": ""Stolen Base 2B"", ""reason"": ""r_stolen_base_2b"", ""play_index"": 2, ""is_batter"": false}]",[],False,,stolen_base_2b,
A4:823909:6:0,823909:6:0,823909,2026-08-23,DEFENSE,Pittsburgh Pirates,1,bottom,0-0,0,100,False,,2,6.13101,,0.192383,R2_RUNNER_OUTCOME_STANDS,RULE_BASED,True,True,False,False,False,False,False,False,False,False,True,False,False,False,False,,True,"[""stolen_base_2b""]","[""Shohei Ohtani steals (9) 2nd base.""]","[{""runner_id"": 660271, ""start"": ""1B"", ""end"": ""2B"", ""is_out"": false, ""event"": ""Stolen Base 2B"", ""reason"": ""r_stolen_base_2b"", ""play_index"": 1, ""is_batter"": false}]",[],False,,stolen_base_2b,
A4:824071:53:1,824071:53:1,824071,2026-08-23,DEFENSE,Kansas City Royals,6,top,1-0,2,110,False,,1,0.169202,,-0.0846813,R2_RUNNER_OUTCOME_STANDS,RULE_BASED,True,True,False,False,False,False,False,False,False,False,True,False,False,False,False,,True,"[""stolen_base_3b""]","[""Ben Malgeri steals (1) 3rd base. Max Clark steals (1) 2nd base.""]","[{""runner_id"": 701162, ""start"": ""2B"", ""end"": ""3B"", ""is_out"": false, ""event"": ""Stolen Base 3B"", ""reason"": ""r_stolen_base_3b"", ""play_index"": 2, ""is_batter"": false}, {""runner_id"": 703601, ""start"": ""1B"", ""end"": ""2B"", ""is_out"": false, ""event"": ""Stolen Base 2B"", ""reason"": ""r_stolen_base_2b"", ""play_index"": 2, ""is_batter"": false}]",[],False,,stolen_base_3b,
A4:825041:28:4,825041:28:4,825041,2026-08-24,DEFENSE,Chicago Cubs,4,bottom,2-1,2,010,False,,2,2.79464,,0.236594,R2_RUNNER_OUTCOME_STANDS,RULE_BASED,True,True,False,False,False,False,False,False,False,False,True,False,False,False,False,,True,"[""stolen_base_3b""]","[""Corbin Carroll steals (20) 3rd base.""]","[{""runner_id"": 682998, ""start"": ""2B"", ""end"": ""3B"", ""is_out"": false, ""event"": ""Stolen Base 3B"", ""reason"": ""r_stolen_base_3b"", ""play_index"": 5, ""is_batter"": false}]",[],False,,stolen_base_3b,
A4:823826:54:0,823826:54:0,823826,2026-08-25,DEFENSE,Boston Red Sox,7,bottom,0-0,0,100,False,,1,0.484591,,0.0524544,R1_NO_RUNNER_ACTION,EXACT,False,False,False,False,True,True,False,False,True,False,False,False,False,False,False,,True,"[""pickoff""]","[""Pickoff Attempt 1B""]",[],[],True,,pickoff,True
A4:824881:8:1,824881:8:1,824881,2026-08-25,DEFENSE,Los Angeles Dodgers,1,bottom,0-0,1,101,False,,2,0.0965106,,0.222088,R2_RUNNER_OUTCOME_STANDS,RULE_BASED,True,True,False,False,False,False,False,False,False,False,True,False,False,False,False,,True,"[""stolen_base_2b""]","[""Michael Harris II steals (8) 2nd base.""]","[{""runner_id"": 671739, ""start"": ""1B"", ""end"": ""2B"", ""is_out"": false, ""event"": ""Stolen Base 2B"", ""reason"": ""r_stolen_base_2b"", ""play_index"": 2, ""is_batter"": false}]",[],False,,stolen_base_2b,
A4:822694:2:4,822694:2:4,822694,2026-08-27,DEFENSE,Washington Nationals,1,top,1-2,1,100,True,OVERTURNED,2,1.94305,,,R3_TERMINAL_CALL_RUNNER_ACTION,AMBIGUOUS,True,True,False,False,False,False,False,False,False,False,True,False,False,False,False,,True,[],[],"[{""runner_id"": 650489, ""start"": null, ""end"": null, ""is_out"": true, ""event"": ""Strikeout"", ""reason"": null, ""play_index"": 4, ""is_batter"": true}, {""runner_id"": 694249, ""start"": ""1B"", ""end"": ""2B"", ""is_out"": false, ""event"": ""Stolen Base 2B"", ""reason"": ""r_stolen_base_2b"", ""play_index"": 4, ""is_batter"": false}]",[],False,,,
A4:823179:26:2,823179:26:2,823179,2026-08-27,DEFENSE,San Francisco Giants,4,top,1-0,1,100,False,,2,0.425356,,0.0861867,R2_RUNNER_OUTCOME_STANDS,RULE_BASED,True,True,False,False,False,False,False,False,False,False,True,False,False,False,False,,True,"[""stolen_base_2b""]","[""Geraldo Perdomo steals (18) 2nd base.""]","[{""runner_id"": 672695, ""start"": ""1B"", ""end"": ""2B"", ""is_out"": false, ""event"": ""Stolen Base 2B"", ""reason"": ""r_stolen_base_2b"", ""play_index"": 3, ""is_batter"": false}]",[],False,,stolen_base_2b,
A4:824879:49:1,824879:49:1,824879,2026-08-27,DEFENSE,Los Angeles Dodgers,7,bottom,1-0,1,100,False,,2,1.5808,,0.0861867,R2_RUNNER_OUTCOME_STANDS,RULE_BASED,True,True,False,False,False,False,False,False,False,False,True,False,False,True,False,,True,"[""stolen_base_2b""]","[""Braves challenged (tag play), call on the field was overturned: Michael Harris II steals (9) 2nd base.""]","[{""runner_id"": 671739, ""start"": ""1B"", ""end"": ""2B"", ""is_out"": false, ""event"": ""Stolen Base 2B"", ""reason"": ""r_stolen_base_2b"", ""play_index"": 2, ""is_batter"": false}]",[],False,"[{""isOverturned"": true, ""inProgress"": false, ""reviewType"": ""MA"", ""challengeTeamId"": 144}]",stolen_base_2b,
A4:822935:31:1,822935:31:1,822935,2026-08-28,OFFENSE,Tampa Bay Rays,4,bottom,0-0,2,100,False,,1,2.7352,0.141104,0.0885178,R2_RUNNER_OUTCOME_STANDS,RULE_BASED,True,True,False,False,False,False,False,False,False,False,True,False,False,False,False,,True,"[""stolen_base_2b""]","[""Taylor Walls steals (20) 2nd base.""]","[{""runner_id"": 670764, ""start"": ""1B"", ""end"": ""2B"", ""is_out"": false, ""event"": ""Stolen Base 2B"", ""reason"": ""r_stolen_base_2b"", ""play_index"": 2, ""is_batter"": false}]",[],False,,stolen_base_2b,
A4:822935:42:2,822935:42:2,822935,2026-08-28,OFFENSE,Tampa Bay Rays,5,bottom,0-1,2,100,True,OVERTURNED,1,3.05949,0.383896,0.0699614,R2_RUNNER_OUTCOME_STANDS,RULE_BASED,True,True,False,False,False,False,False,False,False,False,True,False,False,False,False,,True,"[""stolen_base_2b""]","[""Jonny DeLuca challenged (pitch result), call on the field was overturned: Chandler Simpson steals (37) 2nd base.""]","[{""runner_id"": 802415, ""start"": ""1B"", ""end"": ""2B"", ""is_out"": false, ""event"": ""Stolen Base 2B"", ""reason"": ""r_stolen_base_2b"", ""play_index"": 3, ""is_batter"": false}]",[],False,,stolen_base_2b,
A4:823176:23:2,823176:23:2,823176,2026-08-29,OFFENSE,San Francisco Giants,3,bottom,0-1,2,100,False,,2,1.54318,0.218812,0.0699614,R2_RUNNER_OUTCOME_STANDS,RULE_BASED,True,True,False,False,False,False,False,False,False,False,True,False,False,False,False,,True,"[""stolen_base_2b""]","[""Jonah Cox steals (8) 2nd base.""]","[{""runner_id"": 813841, ""start"": ""1B"", ""end"": ""2B"", ""is_out"": false, ""event"": ""Stolen Base 2B"", ""reason"": ""r_stolen_base_2b"", ""play_index"": 3, ""is_batter"": false}]",[],False,,stolen_base_2b,
A4:823177:11:4,823177:11:4,823177,2026-08-29,OFFENSE,Arizona Diamondbacks,2,top,2-0,2,100,False,,2,0.660447,0.10352,0.133235,R2_RUNNER_OUTCOME_STANDS,RULE_BASED,True,True,False,False,False,False,False,False,False,False,True,False,False,False,False,,True,"[""stolen_base_2b""]","[""Tim Tawa steals (8) 2nd base.""]","[{""runner_id"": 694374, ""start"": ""1B"", ""end"": ""2B"", ""is_out"": false, ""event"": ""Stolen Base 2B"", ""reason"": ""r_stolen_base_2b"", ""play_index"": 5, ""is_batter"": false}]",[],False,,stolen_base_2b,
A4:823501:21:2,823501:21:2,823501,2026-08-29,DEFENSE,Boston Red Sox,3,bottom,1-1,0,100,False,,2,1.63338,,0.229883,R2_RUNNER_OUTCOME_STANDS,RULE_BASED,True,True,False,False,False,False,False,False,False,False,True,False,False,False,False,,True,"[""stolen_base_2b""]","[""Jos\u00e9 Caballero steals (31) 2nd base.""]","[{""runner_id"": 676609, ""start"": ""1B"", ""end"": ""2B"", ""is_out"": false, ""event"": ""Stolen Base 2B"", ""reason"": ""r_stolen_base_2b"", ""play_index"": 3, ""is_batter"": false}]",[],False,,stolen_base_2b,
A4:822933:38:2,822933:38:2,822933,2026-08-30,DEFENSE,San Diego Padres,5,bottom,1-1,1,100,False,,1,1.73414,,0.202019,R2_RUNNER_OUTCOME_STANDS,RULE_BASED,True,True,False,False,False,False,False,False,False,False,True,False,False,False,False,,True,"[""stolen_base_2b""]","[""Jorge Mateo steals (13) 2nd base.""]","[{""runner_id"": 622761, ""start"": ""1B"", ""end"": ""2B"", ""is_out"": false, ""event"": ""Stolen Base 2B"", ""reason"": ""r_stolen_base_2b"", ""play_index"": 3, ""is_batter"": false}]",[],False,,stolen_base_2b,
A4:824876:60:1,824876:60:1,824876,2026-08-30,DEFENSE,Atlanta Braves,8,top,1-0,2,100,True,OVERTURNED,1,3.74217,,0.0404803,R1_NO_RUNNER_ACTION,EXACT,False,False,False,False,True,True,False,False,True,False,False,False,False,False,False,,True,"[""pickoff""]","[""Pickoff Attempt 1B""]",[],[],True,,pickoff,True
A4:822689:55:0,822689:55:0,822689,2026-08-31,DEFENSE,Miami Marlins,7,bottom,0-0,0,100,False,,1,2.16294,,0.192383,R2_RUNNER_OUTCOME_STANDS,RULE_BASED,True,True,False,False,False,False,False,False,False,False,True,False,False,False,False,,True,"[""stolen_base_2b""]","[""Nasim Nu\u00f1ez steals (44) 2nd base.""]","[{""runner_id"": 683083, ""start"": ""1B"", ""end"": ""2B"", ""is_out"": false, ""event"": ""Stolen Base 2B"", ""reason"": ""r_stolen_base_2b"", ""play_index"": 1, ""is_batter"": false}]",[],False,,stolen_base_2b,
A4:824314:16:2,824314:16:2,824314,2026-08-31,DEFENSE,Colorado Rockies,3,top,1-0,1,100,False,,2,1.99206,,0.0529238,R2_RUNNER_OUTCOME_STANDS,RULE_BASED,True,False,True,True,False,True,False,False,False,False,False,True,False,False,False,,True,"[""caught_stealing_2b""]","[""Leody Taveras caught stealing 2nd base, catcher Hunter Goodman to shortstop Ezequiel Tovar.""]","[{""runner_id"": 665750, ""start"": ""1B"", ""end"": null, ""is_out"": true, ""event"": ""Caught Stealing 2B"", ""reason"": ""r_caught_stealing_2b"", ""play_index"": 3, ""is_batter"": false}]","[""f_assist:C"", ""f_putout:SS""]",False,,caught_stealing_2b,
A4:824635:14:6,824635:14:6,824635,2026-08-31,OFFENSE,Milwaukee Brewers,2,top,3-2,1,100,False,,1,0.983229,0.344809,,R3_TERMINAL_CALL_RUNNER_ACTION,AMBIGUOUS,True,False,True,True,False,True,False,False,False,False,False,True,False,False,False,,True,[],[],"[{""runner_id"": 686217, ""start"": null, ""end"": null, ""is_out"": true, ""event"": ""Strikeout Double Play"", ""reason"": null, ""play_index"": 6, ""is_batter"": true}, {""runner_id"": 669003, ""start"": ""1B"", ""end"": null, ""is_out"": true, ""event"": ""Caught Stealing 2B"", ""reason"": ""r_caught_stealing_2b"", ""play_index"": 6, ""is_batter"": false}]","[""f_assist:C"", ""f_putout:SS""]",False,,,
A4:822687:7:0,822687:7:0,822687,2026-09-01,OFFENSE,Washington Nationals,1,bottom,0-0,2,101,False,,2,1.15882,0.0561686,0.0460391,R2_RUNNER_OUTCOME_STANDS,RULE_BASED,True,True,False,False,False,False,False,False,False,False,True,False,False,False,False,,True,"[""stolen_base_2b""]","[""Daylen Lile steals (14) 2nd base.""]","[{""runner_id"": 695734, ""start"": ""1B"", ""end"": ""2B"", ""is_out"": false, ""event"": ""Stolen Base 2B"", ""reason"": ""r_stolen_base_2b"", ""play_index"": 1, ""is_batter"": false}]",[],False,,stolen_base_2b,
A4:824068:54:0,824068:54:0,824068,2026-09-02,DEFENSE,Kansas City Royals,6,top,0-0,2,100,True,OVERTURNED,2,0.53078,,0.0885178,R2_RUNNER_OUTCOME_STANDS,RULE_BASED,False,False,False,False,False,False,False,True,False,False,True,False,False,False,False,,True,"[""passed_ball""]","[""Carter Jensen challenged (pitch result), call on the field was overturned: Passed ball by catcher Carter Jensen. Griffin Conine to 2nd.""]","[{""runner_id"": 665052, ""start"": ""1B"", ""end"": ""2B"", ""is_out"": false, ""event"": ""Passed Ball"", ""reason"": ""r_adv_play"", ""play_index"": 1, ""is_batter"": false}]",[],False,,passed_ball,
A4:824470:52:2,824470:52:2,824470,2026-09-02,DEFENSE,San Diego Padres,6,bottom,0-0,2,101,False,,1,1.11964,,0.0460391,R2_RUNNER_OUTCOME_STANDS,RULE_BASED,True,True,False,False,False,False,False,False,False,False,True,False,False,False,False,,True,"[""stolen_base_2b""]","[""Juan Brito steals (1) 2nd base.""]","[{""runner_id"": 682877, ""start"": ""1B"", ""end"": ""2B"", ""is_out"": false, ""event"": ""Stolen Base 2B"", ""reason"": ""r_stolen_base_2b"", ""play_index"": 3, ""is_batter"": false}]",[],False,,stolen_base_2b,
A4:822853:67:0,822853:67:0,822853,2026-09-03,OFFENSE,Tampa Bay Rays,9,top,0-0,2,100,True,OVERTURNED,2,1.95432,0.212496,0.0885178,R2_RUNNER_OUTCOME_STANDS,RULE_BASED,False,False,False,False,False,False,False,False,False,True,True,False,False,False,False,,True,"[""defensive_indiff""]","[""Cedric Mullins challenged (pitch result), call on the field was overturned: Jonny DeLuca advances to 2nd on defensive indifference.""]","[{""runner_id"": 676356, ""start"": ""1B"", ""end"": ""2B"", ""is_out"": false, ""event"": ""Defensive Indiff"", ""reason"": ""r_defensive_indiff"", ""play_index"": 1, ""is_batter"": false}]",[],False,,defensive_indiff,
A4:823095:42:4,823095:42:4,823095,2026-09-03,DEFENSE,Seattle Mariners,5,top,1-1,2,101,False,,1,0.153249,,0.154562,R2_RUNNER_OUTCOME_STANDS,RULE_BASED,True,True,False,False,False,False,False,False,False,False,True,False,False,False,False,,True,"[""stolen_base_2b""]","[""Zack Gelof steals (11) 2nd base.""]","[{""runner_id"": 680869, ""start"": ""1B"", ""end"": ""2B"", ""is_out"": false, ""event"": ""Stolen Base 2B"", ""reason"": ""r_stolen_base_2b"", ""play_index"": 5, ""is_batter"": false}]",[],False,,stolen_base_2b,
A4:823579:18:0,823579:18:0,823579,2026-09-04,DEFENSE,San Francisco Giants,2,bottom,0-0,2,100,False,,2,0.431306,,0.0885178,R2_RUNNER_OUTCOME_STANDS,RULE_BASED,True,True,False,False,False,False,False,False,False,False,True,False,False,False,False,,True,"[""stolen_base_2b""]","[""Juan Soto steals (8) 2nd base.""]","[{""runner_id"": 665742, ""start"": ""1B"", ""end"": ""2B"", ""is_out"": false, ""event"": ""Stolen Base 2B"", ""reason"": ""r_stolen_base_2b"", ""play_index"": 1, ""is_batter"": false}]",[],False,,stolen_base_2b,
A4:823824:36:0,823824:36:0,823824,2026-09-04,DEFENSE,Miami Marlins,6,top,0-0,0,100,False,,1,1.40262,,0.192383,R2_RUNNER_OUTCOME_STANDS,RULE_BASED,True,True,False,False,False,False,False,False,False,False,True,False,False,False,False,,True,"[""stolen_base_2b""]","[""Pete Crow-Armstrong steals (33) 2nd base.""]","[{""runner_id"": 691718, ""start"": ""1B"", ""end"": ""2B"", ""is_out"": false, ""event"": ""Stolen Base 2B"", ""reason"": ""r_stolen_base_2b"", ""play_index"": 1, ""is_batter"": false}]",[],False,,stolen_base_2b,
A4:823823:11:3,823823:11:3,823823,2026-09-05,DEFENSE,Miami Marlins,2,top,0-2,2,010,False,,2,0.196738,,,R3_TERMINAL_CALL_RUNNER_ACTION,AMBIGUOUS,True,False,True,True,False,True,False,False,False,False,False,True,False,False,False,,True,[],[],"[{""runner_id"": 663538, ""start"": ""2B"", ""end"": null, ""is_out"": true, ""event"": ""Caught Stealing 3B"", ""reason"": ""r_caught_stealing_3b"", ""play_index"": 3, ""is_batter"": false}]","[""f_assist:C"", ""f_putout:3B""]",False,,,
A4:822848:65:1,822848:65:1,822848,2026-09-06,DEFENSE,Texas Rangers,7,top,1-0,1,100,False,,1,0.113332,,0.0861867,R2_RUNNER_OUTCOME_STANDS,RULE_BASED,True,True,False,False,False,False,False,False,False,False,True,False,False,False,False,,True,"[""stolen_base_2b""]","[""Chandler Simpson steals (39) 2nd base.""]","[{""runner_id"": 802415, ""start"": ""1B"", ""end"": ""2B"", ""is_out"": false, ""event"": ""Stolen Base 2B"", ""reason"": ""r_stolen_base_2b"", ""play_index"": 2, ""is_batter"": false}]",[],False,,stolen_base_2b,
A4:823742:62:3,823742:62:3,823742,2026-09-07,DEFENSE,Chicago Cubs,8,bottom,1-1,0,100,False,,2,0.691886,,0.229883,R2_RUNNER_OUTCOME_STANDS,RULE_BASED,True,True,False,False,False,False,False,False,False,False,True,False,False,False,False,,True,"[""stolen_base_2b""]","[""Jackson Chourio steals (16) 2nd base.""]","[{""runner_id"": 694192, ""start"": ""1B"", ""end"": ""2B"", ""is_out"": false, ""event"": ""Stolen Base 2B"", ""reason"": ""r_stolen_base_2b"", ""play_index"": 4, ""is_batter"": false}]",[],False,,stolen_base_2b,
A4:824958:4:1,824958:4:1,824958,2026-09-07,DEFENSE,Toronto Blue Jays,1,bottom,0-1,0,100,False,,2,0.144545,,0.0869325,R2_RUNNER_OUTCOME_STANDS,RULE_BASED,True,True,False,False,False,False,False,False,False,False,True,False,False,False,False,,True,"[""stolen_base_2b""]","[""Henry Bolte steals (17) 2nd base.""]","[{""runner_id"": 703607, ""start"": ""1B"", ""end"": ""2B"", ""is_out"": false, ""event"": ""Stolen Base 2B"", ""reason"": ""r_stolen_base_2b"", ""play_index"": 2, ""is_batter"": false}]",[],False,,stolen_base_2b,
A4:824958:8:3,824958:8:3,824958,2026-09-07,DEFENSE,Toronto Blue Jays,1,bottom,0-2,2,101,False,,2,1.08053,,,R3_TERMINAL_CALL_RUNNER_ACTION,AMBIGUOUS,True,False,True,True,False,True,False,False,False,False,True,False,True,False,False,,True,"[""caught_stealing_home""]","[""Zack Gelof scores on a caught stealing error by third baseman Kazuma Okamoto, assist to catcher Alejandro Kirk to second baseman Ernie Clement. Throwing error by third baseman Kazuma Okamoto.""]","[{""runner_id"": 680869, ""start"": ""3B"", ""end"": ""score"", ""is_out"": false, ""event"": ""Caught Stealing Home"", ""reason"": ""r_caught_stealing_home"", ""play_index"": 4, ""is_batter"": false}, {""runner_id"": 666126, ""start"": ""1B"", ""end"": ""2B"", ""is_out"": false, ""event"": ""Caught Stealing Home"", ""reason"": ""r_adv_play"", ""play_index"": 4, ""is_batter"": false}, {""runner_id"": 666126, ""start"": ""2B"", ""end"": ""3B"", ""is_out"": false, ""event"": ""Error"", ""reason"": ""r_adv_play"", ""play_index"": 4, ""is_batter"": false}]","[""f_assist:C"", ""f_assist:2B"", ""f_error_dropped_ball:3B"", ""f_throwing_error:3B""]",False,,caught_stealing_home,
A4:824875:24:1,824875:24:1,824875,2026-09-08,OFFENSE,Tampa Bay Rays,3,top,0-0,1,100,False,,2,0.297266,0.0585364,0.138002,R2_RUNNER_OUTCOME_STANDS,RULE_BASED,True,True,False,False,False,False,False,False,False,False,True,False,False,False,False,,True,"[""stolen_base_2b""]","[""Chandler Simpson steals (40) 2nd base.""]","[{""runner_id"": 802415, ""start"": ""1B"", ""end"": ""2B"", ""is_out"": false, ""event"": ""Stolen Base 2B"", ""reason"": ""r_stolen_base_2b"", ""play_index"": 2, ""is_batter"": false}]",[],False,,stolen_base_2b,
A4:823251:16:2,823251:16:2,823251,2026-09-09,OFFENSE,Washington Nationals,3,top,1-0,0,100,False,,2,4.0397,0.411042,0.189589,R2_RUNNER_OUTCOME_STANDS,RULE_BASED,True,True,False,False,False,False,False,False,False,False,True,False,False,False,False,,True,"[""stolen_base_2b""]","[""Nasim Nu\u00f1ez steals (46) 2nd base.""]","[{""runner_id"": 683083, ""start"": ""1B"", ""end"": ""2B"", ""is_out"": false, ""event"": ""Stolen Base 2B"", ""reason"": ""r_stolen_base_2b"", ""play_index"": 3, ""is_batter"": false}]",[],False,,stolen_base_2b,
A4:823818:24:0,823818:24:0,823818,2026-09-09,DEFENSE,Miami Marlins,3,top,0-0,1,100,False,,1,1.32179,,0.138002,R2_RUNNER_OUTCOME_STANDS,RULE_BASED,True,True,False,False,False,False,False,False,False,False,True,False,False,False,False,,True,"[""stolen_base_2b""]","[""A.J. Ewing steals (23) 2nd base.""]","[{""runner_id"": 805999, ""start"": ""1B"", ""end"": ""2B"", ""is_out"": false, ""event"": ""Stolen Base 2B"", ""reason"": ""r_stolen_base_2b"", ""play_index"": 1, ""is_batter"": false}]",[],False,,stolen_base_2b,
A4:824871:12:1,824871:12:1,824871,2026-09-09,DEFENSE,Atlanta Braves,2,top,0-1,2,100,False,,1,0.017168,,0.0699614,R2_RUNNER_OUTCOME_STANDS,RULE_BASED,True,True,False,False,False,False,False,False,False,False,True,False,False,False,False,,True,"[""stolen_base_2b""]","[""Jorge Mateo steals (17) 2nd base.""]","[{""runner_id"": 622761, ""start"": ""1B"", ""end"": ""2B"", ""is_out"": false, ""event"": ""Stolen Base 2B"", ""reason"": ""r_stolen_base_2b"", ""play_index"": 2, ""is_batter"": false}]",[],False,,stolen_base_2b,
