high_value_rank,ranking_value_runs,value_is_bound,article4_opportunity_id,pitch_key,game_date,game_pk,opportunity_side,entitled_team,batting_team,fielding_team,batter_name,pitcher_name,catcher_name,inning,half_inning,batting_score_diff,count,outs,base_state,challenge_inventory,final_challenge_indicator,abs_distance_inches,miss_side,expected_recognition_prob_article3,obs_balls,obs_strikes,obs_outs,obs_base_state,obs_runs,obs_pa_status,cor_balls,cor_strikes,cor_outs,cor_base_state,cor_runs,cor_pa_status,cf_rule,cf_confidence,RE_observed,RE_corrected,RE_delta_batting,correction_value_runs,correction_value_runs_lower,correction_value_runs_upper,missed_challenge_value_runs,correction_value_runs_lomo,ca_any_secondary_action,attached_event_descriptions,feed_description,feed_pa_result_description,next_pitch_state_check
1,1.9171,False,A4:822975:12:5,822975:12:5,2026-05-30,822975,OFFENSE,Tampa Bay Rays,Tampa Bay Rays,Los Angeles Angels,Ben Williamson,Reid Detmers,Sebastián Rivero,1,bottom,-3,3-2,1,111,2,False,0.622021,INSIDE,0.572529,0,0,2,111,0,STRIKEOUT,0,0,1,111,1,WALK,R1_NO_RUNNER_ACTION,EXACT,0.758411,2.67551,-1.9171,1.9171,1.9171,1.9171,1.9171,1.92976,False,[],Called Strike,Ben Williamson called out on strikes.,MATCH
2,1.9171,False,A4:823281:35:9,823281:35:9,2026-06-28,823281,DEFENSE,San Diego Padres,Los Angeles Dodgers,San Diego Padres,Freddie Freeman,Michael King,Rodolfo Durán,5,top,0,3-2,1,111,2,False,0.630961,NEAREST_INSIDE,,0,0,1,111,1,WALK,0,0,2,111,0,STRIKEOUT,R1_NO_RUNNER_ACTION,EXACT,2.67551,0.758411,1.9171,1.9171,1.9171,1.9171,1.9171,1.91833,False,[],Ball,Freddie Freeman walks. Alex Freeland scores. Shohei Ohtani to 3rd. Andy Pages to 2nd.,MATCH
3,1.75841,False,A4:825026:61:7,825026:61:7,2026-04-03,825026,DEFENSE,Athletics,Houston Astros,Athletics,Brice Matthews,Michael Kelly,Shea Langeliers,7,top,-10,3-2,2,111,1,True,0.144083,NEAREST_INSIDE,,0,0,2,111,1,WALK,0,0,3,000,0,STRIKEOUT,R1_NO_RUNNER_ACTION,EXACT,1.75841,0,1.75841,1.75841,1.75841,1.75841,1.75841,1.77587,False,[],Ball,Brice Matthews walks. Nick Allen scores. Jake Meyers to 3rd. Yainer Diaz to 2nd.,MATCH
4,1.57822,False,A4:824402:38:5,824402:38:5,2026-08-05,824402,DEFENSE,New York Mets,Cleveland Guardians,New York Mets,Chase DeLauter,Christian Scott,Francisco Alvarez,5,bottom,-2,3-2,0,110,1,True,0.128394,NEAREST_BOTTOM,,0,0,0,111,0,WALK,0,0,1,110,0,STRIKEOUT,R1_NO_RUNNER_ACTION,EXACT,2.51984,0.941624,1.57822,1.57822,1.57822,1.57822,1.57822,1.66767,False,[],Ball,Chase DeLauter walks. Angel Genao to 3rd. Steven Kwan to 2nd.,MATCH
5,1.57822,False,A4:825038:24:5,825038:24:5,2026-09-01,825038,OFFENSE,Arizona Diamondbacks,Arizona Diamondbacks,Philadelphia Phillies,Ryan Waldschmidt,Jesús Luzardo,J.T. Realmuto,3,bottom,-2,3-2,0,110,1,True,0.491431,INSIDE,0.516523,0,0,1,110,0,STRIKEOUT,0,0,0,111,0,WALK,R1_NO_RUNNER_ACTION,EXACT,0.941624,2.51984,-1.57822,1.57822,1.57822,1.57822,1.57822,1.54397,False,[],Called Strike,Ryan Waldschmidt called out on strikes.,MATCH
6,1.3211,True,A4:824958:8:3,824958:8:3,2026-09-07,824958,DEFENSE,Toronto Blue Jays,Athletics,Toronto Blue Jays,Max Muncy,Dylan Cease,Alejandro Kirk,1,bottom,1,0-2,2,101,2,False,1.08053,NEAREST_OUTSIDE,,1,2,2,001,1,CONTINUES,,,,,,,R3_TERMINAL_CALL_RUNNER_ACTION,AMBIGUOUS,1.3211,,,,1.3211,1.3211,,,True,"[""Zack Gelof scores on a caught stealing error by third baseman Kazuma Okamoto, assist to catcher Alejandro Kirk to second baseman Ernie Clement. Throwing error by third baseman Kazuma Okamoto.""]",Ball,Max Muncy strikes out on a foul tip.,MATCH
7,1.22169,False,A4:823607:8:5,823607:8:5,2026-07-07,823607,OFFENSE,New York Mets,New York Mets,Kansas City Royals,Francisco Lindor,Seth Lugo,Carter Jensen,1,bottom,0,3-2,1,110,1,True,1.05149,ABOVE,0.432922,0,0,2,110,0,STRIKEOUT,0,0,1,111,0,WALK,R1_NO_RUNNER_ACTION,EXACT,0.453815,1.67551,-1.22169,1.22169,1.22169,1.22169,1.22169,1.2057,False,[],Called Strike,Francisco Lindor called out on strikes.,MATCH
8,1.22169,False,A4:823860:20:6,823860:20:6,2026-06-05,823860,OFFENSE,Tampa Bay Rays,Tampa Bay Rays,Miami Marlins,Richie Palacios,Tyler Phillips,Joe Mack,3,top,3,3-2,1,110,2,False,0.424703,INSIDE,0.61964,0,0,2,110,0,STRIKEOUT,0,0,1,111,0,WALK,R1_NO_RUNNER_ACTION,EXACT,0.453815,1.67551,-1.22169,1.22169,1.22169,1.22169,1.22169,1.21424,False,[],Called Strike,Richie Palacios called out on strikes.,MATCH
9,1.22169,False,A4:823873:32:8,823873:32:8,2026-05-05,823873,OFFENSE,Miami Marlins,Miami Marlins,Baltimore Orioles,Owen Caissie,Chris Bassitt,Samuel Basallo,3,bottom,-1,3-2,1,110,2,False,0.148617,INSIDE,0.539948,0,0,2,110,0,STRIKEOUT,0,0,1,111,0,WALK,R1_NO_RUNNER_ACTION,EXACT,0.453815,1.67551,-1.22169,1.22169,1.22169,1.22169,1.22169,1.23334,False,[],Called Strike,Owen Caissie called out on strikes.,MATCH
10,1.22169,False,A4:824023:29:7,824023:29:7,2026-06-09,824023,OFFENSE,Houston Astros,Houston Astros,Los Angeles Angels,Jose Altuve,Walbert Ureña,Sebastián Rivero,3,top,-7,3-2,1,110,1,True,0.135165,BELOW,0.561097,0,0,2,110,0,STRIKEOUT,0,0,1,111,0,WALK,R1_NO_RUNNER_ACTION,EXACT,0.453815,1.67551,-1.22169,1.22169,1.22169,1.22169,1.22169,1.21424,False,[],Called Strike,Jose Altuve called out on strikes.,MATCH
11,1.22169,False,A4:824771:21:6,824771:21:6,2026-05-02,824771,DEFENSE,Houston Astros,Boston Red Sox,Houston Astros,Jarren Duran,Spencer Arrighetti,Yainer Diaz,3,bottom,-1,3-2,1,110,2,False,1.1054,NEAREST_OUTSIDE,,0,0,1,111,0,WALK,0,0,2,110,0,STRIKEOUT,R1_NO_RUNNER_ACTION,EXACT,1.67551,0.453815,1.22169,1.22169,1.22169,1.22169,1.22169,1.23334,False,[],Ball,Jarren Duran walks. Ceddanne Rafaela to 3rd. Caleb Durbin to 2nd.,MATCH
12,1.22169,False,A4:824830:6:8,824830:6:8,2026-06-09,824830,DEFENSE,Seattle Mariners,Baltimore Orioles,Seattle Mariners,Colton Cowser,Logan Gilbert,Mitch Garver,1,bottom,0,3-2,1,110,2,False,0.390015,NEAREST_INSIDE,,0,0,1,111,0,WALK,0,0,2,110,0,STRIKEOUT,R1_NO_RUNNER_ACTION,EXACT,1.67551,0.453815,1.22169,1.22169,1.22169,1.22169,1.22169,1.21424,False,[],Ball,Colton Cowser walks. Taylor Ward to 3rd. Pete Alonso to 2nd.,MATCH
13,1.22169,False,A4:824877:62:6,824877:62:6,2026-08-28,824877,DEFENSE,Atlanta Braves,Colorado Rockies,Atlanta Braves,TJ Rumfield,Ray Kerr,Sean Murphy,7,top,-3,3-2,1,110,2,False,0.00548763,NEAREST_OUTSIDE,,0,0,1,111,0,WALK,0,0,2,110,0,STRIKEOUT,R1_NO_RUNNER_ACTION,EXACT,1.67551,0.453815,1.22169,1.22169,1.22169,1.22169,1.22169,1.20228,False,[],Ball,TJ Rumfield walks. Jake McCarthy to 3rd. Hunter Goodman to 2nd.,MATCH
14,1.15804,False,A4:823865:44:6,823865:44:6,2026-05-19,823865,OFFENSE,Miami Marlins,Miami Marlins,Atlanta Braves,Christopher Morel,Martín Pérez,Sandy León,5,bottom,1,3-2,1,011,1,True,1.1972,OUTSIDE,0.609522,0,0,2,011,0,STRIKEOUT,0,0,1,111,0,WALK,R1_NO_RUNNER_ACTION,EXACT,0.517466,1.67551,-1.15804,1.15804,1.15804,1.15804,1.15804,1.16426,False,[],Called Strike,Christopher Morel called out on strikes.,MATCH
15,1.15804,False,A4:824334:3:6,824334:3:6,2026-07-04,824334,DEFENSE,Colorado Rockies,San Francisco Giants,Colorado Rockies,Rafael Devers,Sean Sullivan,Hunter Goodman,1,top,0,3-2,1,011,1,True,0.0414702,NEAREST_OUTSIDE,,0,0,1,111,0,WALK,0,0,2,011,0,STRIKEOUT,R1_NO_RUNNER_ACTION,EXACT,1.67551,0.517466,1.15804,1.15804,1.15804,1.15804,1.15804,1.1383,False,[],Ball,Rafael Devers walks.,MATCH
16,1.03842,False,A4:822815:55:5,822815:55:5,2026-05-13,822815,OFFENSE,Tampa Bay Rays,Tampa Bay Rays,Toronto Blue Jays,Chandler Simpson,Louis Varland,Brandon Valenzuela,8,top,1,3-2,0,100,1,True,0.267131,INSIDE,0.590228,0,0,1,100,0,STRIKEOUT,0,0,0,110,0,WALK,R1_NO_RUNNER_ACTION,EXACT,0.536761,1.57518,-1.03842,1.03842,1.03842,1.03842,1.03842,1.00399,False,[],Called Strike,Chandler Simpson called out on strikes.,MATCH
17,1.03842,False,A4:822913:52:7,822913:52:7,2026-04-22,822913,OFFENSE,Texas Rangers,Texas Rangers,Pittsburgh Pirates,Evan Carter,Braxton Ashcraft,Henry Davis,7,bottom,-2,3-2,0,100,2,False,2.22411,BELOW,0.874613,0,0,1,100,0,STRIKEOUT,0,0,0,110,0,WALK,R1_NO_RUNNER_ACTION,EXACT,0.536761,1.57518,-1.03842,1.03842,1.03842,1.03842,1.03842,1.03026,False,[],Called Strike,Evan Carter called out on strikes.,MATCH
18,1.03842,False,A4:823145:19:7,823145:19:7,2026-05-03,823145,OFFENSE,Seattle Mariners,Seattle Mariners,Kansas City Royals,Rob Refsnyder,Kris Bubic,Carter Jensen,3,bottom,0,3-2,0,100,2,False,1.16375,INSIDE,0.572128,0,0,1,100,0,STRIKEOUT,0,0,0,110,0,WALK,R1_NO_RUNNER_ACTION,EXACT,0.536761,1.57518,-1.03842,1.03842,1.03842,1.03842,1.03842,1.00399,False,[],Called Strike,Rob Refsnyder called out on strikes.,MATCH
19,1.03842,False,A4:823240:42:5,823240:42:5,2026-04-03,823240,DEFENSE,New York Mets,San Francisco Giants,New York Mets,Patrick Bailey,Nolan McLean,Francisco Alvarez,6,bottom,-5,3-2,0,100,2,False,0.279354,NEAREST_INSIDE,,0,0,0,110,0,WALK,0,0,1,100,0,STRIKEOUT,R1_NO_RUNNER_ACTION,EXACT,1.57518,0.536761,1.03842,1.03842,1.03842,1.03842,1.03842,1.03026,False,[],Ball,Patrick Bailey walks. Harrison Bader to 2nd.,MATCH
20,1.03842,False,A4:823483:9:6,823483:9:6,2026-04-01,823483,DEFENSE,Philadelphia Phillies,Washington Nationals,Philadelphia Phillies,CJ Abrams,Cristopher Sánchez,J.T. Realmuto,2,top,-1,3-2,0,100,2,False,0.34825,NEAREST_BOTTOM,,0,0,0,110,0,WALK,0,0,1,100,0,STRIKEOUT,R1_NO_RUNNER_ACTION,EXACT,1.57518,0.536761,1.03842,1.03842,1.03842,1.03842,1.03842,1.03026,False,[],Ball,CJ Abrams walks. Joey Wiemer to 2nd.,MATCH
21,1.03842,False,A4:823695:50:8,823695:50:8,2026-06-12,823695,OFFENSE,St. Louis Cardinals,St. Louis Cardinals,Minnesota Twins,Blaze Jordan,Taylor Rogers,Victor Caratini,7,top,-1,3-2,0,100,2,False,0.662001,INSIDE,0.597349,0,0,1,100,0,STRIKEOUT,0,0,0,110,0,WALK,R1_NO_RUNNER_ACTION,EXACT,0.536761,1.57518,-1.03842,1.03842,1.03842,1.03842,1.03842,1.03077,False,[],Called Strike,Blaze Jordan called out on strikes.,MATCH
22,1.03842,False,A4:823719:36:6,823719:36:6,2026-04-27,823719,DEFENSE,Minnesota Twins,Seattle Mariners,Minnesota Twins,J.P. Crawford,Connor Prielipp,Ryan Jeffers,5,top,-7,3-2,0,100,1,True,1.63238,NEAREST_TOP,,0,0,0,110,0,WALK,0,0,1,100,0,STRIKEOUT,R1_NO_RUNNER_ACTION,EXACT,1.57518,0.536761,1.03842,1.03842,1.03842,1.03842,1.03842,1.03026,False,[],Ball,J.P. Crawford walks. Randy Arozarena to 2nd.,MATCH
23,1.03842,False,A4:824008:62:7,824008:62:7,2026-07-18,824008,OFFENSE,Los Angeles Angels,Los Angeles Angels,Detroit Tigers,Wade Meckler,Jacob Waguespack,Dillon Dingler,8,bottom,-7,3-2,0,100,2,False,0.328084,OUTSIDE,0.594427,0,0,1,100,0,STRIKEOUT,0,0,0,110,0,WALK,R1_NO_RUNNER_ACTION,EXACT,0.536761,1.57518,-1.03842,1.03842,1.03842,1.03842,1.03842,1.05767,False,[],Called Strike,Wade Meckler called out on strikes.,MATCH
24,1.03842,False,A4:824090:7:8,824090:7:8,2026-07-17,824090,OFFENSE,San Diego Padres,San Diego Padres,Kansas City Royals,Gavin Sheets,Seth Lugo,Carter Jensen,2,top,0,3-2,0,100,2,False,1.0264,OUTSIDE,0.428389,0,0,1,100,0,STRIKEOUT,0,0,0,110,0,WALK,R1_NO_RUNNER_ACTION,EXACT,0.536761,1.57518,-1.03842,1.03842,1.03842,1.03842,1.03842,1.05767,False,[],Called Strike,Gavin Sheets called out on strikes.,MATCH
25,1.03842,False,A4:824422:73:8,824422:73:8,2026-06-28,824422,DEFENSE,Seattle Mariners,Cleveland Guardians,Seattle Mariners,Cooper Ingle,Michael Rucker,Mitch Garver,8,bottom,-3,3-2,0,100,2,False,0.461708,NEAREST_INSIDE,,0,0,0,110,0,WALK,0,0,1,100,0,STRIKEOUT,R1_NO_RUNNER_ACTION,EXACT,1.57518,0.536761,1.03842,1.03842,1.03842,1.03842,1.03842,1.03077,False,[],Ball,Cooper Ingle walks. Brayan Rocchio to 2nd.,MATCH
26,1.03842,False,A4:824424:1:7,824424:1:7,2026-09-04,824424,DEFENSE,Cleveland Guardians,Detroit Tigers,Cleveland Guardians,Kevin McGonigle,Logan Allen,Patrick Bailey,1,top,0,3-2,0,100,2,False,0.471921,NEAREST_OUTSIDE,,0,0,0,110,0,WALK,0,0,1,100,0,STRIKEOUT,R1_NO_RUNNER_ACTION,EXACT,1.57518,0.536761,1.03842,1.03842,1.03842,1.03842,1.03842,1.03348,False,[],Ball,Kevin McGonigle walks. Gleyber Torres to 2nd.,MATCH
27,1.03842,False,A4:824832:11:8,824832:11:8,2026-05-31,824832,DEFENSE,Toronto Blue Jays,Baltimore Orioles,Toronto Blue Jays,Samuel Basallo,Spencer Miles,Brandon Valenzuela,2,bottom,0,3-2,0,100,2,False,0.408675,NEAREST_INSIDE,,0,0,0,110,0,WALK,0,0,1,100,0,STRIKEOUT,R1_NO_RUNNER_ACTION,EXACT,1.57518,0.536761,1.03842,1.03842,1.03842,1.03842,1.03842,1.00399,False,[],Ball,Samuel Basallo walks. Pete Alonso to 2nd.,MATCH
28,1.03842,False,A4:824912:14:6,824912:14:6,2026-06-16,824912,DEFENSE,Atlanta Braves,San Francisco Giants,Atlanta Braves,Drew Gilbert,Grant Holmes,Drake Baldwin,2,top,-1,3-2,0,100,2,False,0.960721,NEAREST_BOTTOM,,0,0,0,110,0,WALK,0,0,1,100,0,STRIKEOUT,R1_NO_RUNNER_ACTION,EXACT,1.57518,0.536761,1.03842,1.03842,1.03842,1.03842,1.03842,1.03077,False,[],Ball,Drew Gilbert walks. Casey Schmitt to 2nd.,MATCH
29,1.03842,False,A4:825006:10:5,825006:10:5,2026-05-17,825006,OFFENSE,San Francisco Giants,San Francisco Giants,Athletics,Matt Chapman,Jeffrey Springs,Jonah Heim,2,top,0,3-2,0,100,2,False,0.0695085,INSIDE,0.392666,0,0,1,100,0,STRIKEOUT,0,0,0,110,0,WALK,R1_NO_RUNNER_ACTION,EXACT,0.536761,1.57518,-1.03842,1.03842,1.03842,1.03842,1.03842,1.00399,False,[],Called Strike,Matt Chapman called out on strikes.,MATCH
30,1.03361,False,A4:824469:16:5,824469:16:5,2026-09-06,824469,DEFENSE,Milwaukee Brewers,Cincinnati Reds,Milwaukee Brewers,Elly De La Cruz,Kyle Harrison,Bo Naylor,2,bottom,1,2-2,1,111,2,False,1.91092,NEAREST_OUTSIDE,,3,2,1,111,0,CONTINUES,0,0,2,111,0,STRIKEOUT,R1_NO_RUNNER_ACTION,EXACT,1.79202,0.758411,1.03361,1.03361,1.03361,1.03361,1.03361,1.02635,False,[],Ball,Elly De La Cruz reaches on a fielder's choice. Matt McLain scores. Juan Brito to 3rd. Dane Myers to 2nd. Throwing error by third baseman David Hamilton.,MATCH
31,1.02537,False,A4:823097:27:4,823097:27:4,2026-08-24,823097,DEFENSE,Philadelphia Phillies,Seattle Mariners,Philadelphia Phillies,Taylor Ward,Zack Wheeler,J.T. Realmuto,3,bottom,3,2-2,0,101,2,False,0.803392,NEAREST_TOP,,3,2,0,101,0,CONTINUES,0,0,1,101,0,STRIKEOUT,R1_NO_RUNNER_ACTION,EXACT,2.20696,1.18159,1.02537,1.02537,1.02537,1.02537,1.02537,1.06047,False,[],Ball,Taylor Ward walks. Josh Naylor to 2nd.,MATCH
32,0.934441,False,A4:823270:18:5,823270:18:5,2026-08-02,823270,OFFENSE,San Diego Padres,San Diego Padres,San Francisco Giants,Jake Cronenworth,Landen Roupp,Drew Cavanaugh,2,bottom,2,3-1,2,111,2,False,0.179745,INSIDE,0.204109,3,2,2,111,0,CONTINUES,0,0,2,111,1,WALK,R1_NO_RUNNER_ACTION,EXACT,0.82397,1.75841,-0.934441,0.934441,0.934441,0.934441,0.934441,0.876721,False,[],Called Strike,Jake Cronenworth singles on a ground ball to shortstop Willy Adames. Gavin Sheets scores. Xander Bogaerts scores. Luis Rengifo to 2nd.,MATCH
33,0.934441,False,A4:823369:70:5,823369:70:5,2026-06-13,823369,OFFENSE,Pittsburgh Pirates,Pittsburgh Pirates,Miami Marlins,Brandon Lowe,Anthony Bender,Liam Hicks,8,bottom,1,3-1,2,111,1,True,1.68948,OUTSIDE,0.385503,3,2,2,111,0,CONTINUES,0,0,2,111,1,WALK,R1_NO_RUNNER_ACTION,EXACT,0.82397,1.75841,-0.934441,0.934441,0.934441,0.934441,0.934441,0.903422,False,[],Called Strike,"Brandon Lowe grounds out, second baseman Xavier Edwards to first baseman Connor Norby.",MATCH
34,0.934441,False,A4:823471:45:6,823471:45:6,2026-04-30,823471,OFFENSE,Philadelphia Phillies,Philadelphia Phillies,San Francisco Giants,Adolis García,Ryan Borucki,Eric Haase,5,bottom,0,3-1,2,111,1,True,1.90545,BELOW_INSIDE,0.667218,3,2,2,111,0,CONTINUES,0,0,2,111,1,WALK,R1_NO_RUNNER_ACTION,EXACT,0.82397,1.75841,-0.934441,0.934441,0.934441,0.934441,0.934441,0.931261,False,[],Called Strike,Adolis García singles on a line drive to left fielder Heliot Ramos. Trea Turner scores. Kyle Schwarber scores. Bryce Harper to 3rd.,MATCH
35,0.934441,False,A4:824352:10:5,824352:10:5,2026-05-30,824352,OFFENSE,Colorado Rockies,Colorado Rockies,San Francisco Giants,Edouard Julien,Adrian Houser,Eric Haase,1,bottom,2,3-1,2,111,2,False,0.652098,INSIDE,0.278246,3,2,2,111,0,CONTINUES,0,0,2,111,1,WALK,R1_NO_RUNNER_ACTION,EXACT,0.82397,1.75841,-0.934441,0.934441,0.934441,0.934441,0.934441,1.00158,False,[],Called Strike,Edouard Julien strikes out swinging.,MATCH
36,0.934441,False,A4:824557:36:5,824557:36:5,2026-08-24,824557,OFFENSE,Chicago White Sox,Chicago White Sox,Texas Rangers,Chase Meidroth,Kumar Rocker,Elias Díaz,3,bottom,-3,3-1,2,111,1,True,0.493592,BELOW,0.314509,3,2,2,111,0,CONTINUES,0,0,2,111,1,WALK,R1_NO_RUNNER_ACTION,EXACT,0.82397,1.75841,-0.934441,0.934441,0.934441,0.934441,0.934441,0.876721,False,[],Called Strike,Chase Meidroth strikes out swinging.,MATCH
37,0.934441,False,A4:824701:53:6,824701:53:6,2026-03-28,824701,OFFENSE,Chicago Cubs,Chicago Cubs,Washington Nationals,Carson Kelly,Ken Waldichuk,Drew Millas,6,bottom,7,3-1,2,111,2,False,0.0673068,OUTSIDE,0.293613,3,2,2,111,0,CONTINUES,0,0,2,111,1,WALK,R1_NO_RUNNER_ACTION,EXACT,0.82397,1.75841,-0.934441,0.934441,0.934441,0.934441,0.934441,0.951949,False,[],Called Strike,Carson Kelly walks. Pete Crow-Armstrong scores. Nico Hoerner to 3rd. Dansby Swanson to 2nd.,MATCH
38,0.89339,False,A4:823137:44:9,823137:44:9,2026-05-18,823137,OFFENSE,Seattle Mariners,Seattle Mariners,Chicago White Sox,Rob Refsnyder,Noah Schultz,Drew Romo,6,bottom,3,3-2,0,010,1,True,1.10012,BELOW_INSIDE,0.763312,0,0,1,010,0,STRIKEOUT,0,0,0,110,0,WALK,R1_NO_RUNNER_ACTION,EXACT,0.681792,1.57518,-0.89339,0.89339,0.89339,0.89339,0.89339,0.846207,False,[],Called Strike,Rob Refsnyder called out on strikes.,MATCH
39,0.89339,True,A4:824505:26:7,824505:26:7,2026-06-15,824505,OFFENSE,Cincinnati Reds,Cincinnati Reds,New York Mets,Tyler Stephenson,Jonathan Pintaro,Francisco Alvarez,3,bottom,9,3-2,0,100,1,True,0.00268425,BELOW,0.395741,0,0,1,010,0,STRIKEOUT,,,,,,,R3_TERMINAL_CALL_RUNNER_ACTION,AMBIGUOUS,0.681792,,,,0.89339,0.89339,,,True,[],Called Strike,Tyler Stephenson called out on strikes. Matt McLain steals (11) 2nd base.,MATCH
40,0.883492,False,A4:823818:60:6,823818:60:6,2026-09-09,823818,OFFENSE,Miami Marlins,Miami Marlins,New York Mets,Otto Lopez,Daniel Duarte,Luis Torrens,6,bottom,-3,3-1,1,111,1,True,1.10757,BELOW,0.525106,3,2,1,111,0,CONTINUES,0,0,1,111,1,WALK,R1_NO_RUNNER_ACTION,EXACT,1.79202,2.67551,-0.883492,0.883492,0.883492,0.883492,0.883492,0.904075,False,[],Called Strike,Otto Lopez walks. Joe Mack scores. Heriberto Hernández to 3rd. Griffin Conine to 2nd.,MATCH
41,0.850593,False,A4:823138:46:5,823138:46:5,2026-05-17,823138,OFFENSE,Seattle Mariners,Seattle Mariners,San Diego Padres,Julio Rodríguez,Lucas Giolito,Freddy Fermin,6,bottom,-7,3-1,0,110,1,True,0.435394,BELOW,0.453165,3,2,0,110,0,CONTINUES,0,0,0,111,0,WALK,R1_NO_RUNNER_ACTION,EXACT,1.66925,2.51984,-0.850593,0.850593,0.850593,0.850593,0.850593,0.986724,False,[],Called Strike,"Freddy Fermin challenged (pitch result), call on the field was confirmed: Julio Rodríguez walks. Colt Emerson to 3rd. Leo Rivas to 2nd.",MATCH
42,0.850593,False,A4:823675:73:4,823675:73:4,2026-08-10,823675,OFFENSE,Baltimore Orioles,Baltimore Orioles,Minnesota Twins,Tyler O'Neill,Taylor Rogers,Ryan Jeffers,9,top,-6,3-1,0,110,1,True,0.15461,ABOVE,0.175959,3,2,0,110,0,CONTINUES,0,0,0,111,0,WALK,R1_NO_RUNNER_ACTION,EXACT,1.66925,2.51984,-0.850593,0.850593,0.850593,0.850593,0.850593,0.877287,False,[],Called Strike,"Tyler O'Neill grounds out, first baseman Victor Caratini to pitcher Taylor Rogers. Pete Alonso to 3rd. Jackson Holliday to 2nd.",MATCH
43,0.850593,False,A4:824455:66:4,824455:66:4,2026-04-08,824455,OFFENSE,Cleveland Guardians,Cleveland Guardians,Kansas City Royals,Brayan Rocchio,Steven Cruz,Carter Jensen,8,bottom,3,3-1,0,110,2,False,0.13222,OUTSIDE,0.410312,3,2,0,110,0,CONTINUES,0,0,0,111,0,WALK,R1_NO_RUNNER_ACTION,EXACT,1.66925,2.51984,-0.850593,0.850593,0.850593,0.850593,0.850593,0.840652,False,[],Called Strike,Brayan Rocchio singles on a ground ball to right fielder Starling Marte. Juan Brito scores. Austin Hedges to 2nd.,MATCH
44,0.850593,False,A4:824836:9:5,824836:9:5,2026-05-27,824836,DEFENSE,Tampa Bay Rays,Baltimore Orioles,Tampa Bay Rays,Coby Mayo,Steven Matz,Hunter Feduccia,1,bottom,2,3-1,0,110,2,False,0.552698,NEAREST_INSIDE,,0,0,0,111,0,WALK,3,2,0,110,0,CONTINUES,R1_NO_RUNNER_ACTION,EXACT,2.51984,1.66925,0.850593,0.850593,0.850593,0.850593,0.850593,0.986724,False,[],Ball,Coby Mayo walks. Adley Rutschman to 3rd. Pete Alonso to 2nd.,MATCH
45,0.834665,False,A4:824377:23:4,824377:23:4,2026-04-03,824377,OFFENSE,Colorado Rockies,Colorado Rockies,Philadelphia Phillies,Brenton Doyle,Aaron Nola,J.T. Realmuto,2,bottom,-8,2-2,1,011,2,False,0.56782,OUTSIDE,0.477978,0,0,2,011,0,STRIKEOUT,3,2,1,011,0,CONTINUES,R1_NO_RUNNER_ACTION,EXACT,0.517466,1.35213,-0.834665,0.834665,0.834665,0.834665,0.834665,0.844717,False,[],Called Strike,Brenton Doyle called out on strikes.,MATCH
46,0.831034,False,A4:823042:66:4,823042:66:4,2026-07-23,823042,DEFENSE,St. Louis Cardinals,Arizona Diamondbacks,St. Louis Cardinals,Corbin Carroll,Matt Svanson,Pedro Pagés,8,top,5,1-2,1,111,2,False,0.0173761,NEAREST_TOP,,2,2,1,111,0,CONTINUES,0,0,2,111,0,STRIKEOUT,R1_NO_RUNNER_ACTION,EXACT,1.58944,0.758411,0.831034,0.831034,0.831034,0.831034,0.831034,0.825168,False,[],Ball,Corbin Carroll out on a sacrifice fly to left fielder Lars Nootbaar. Ildemaro Vargas scores.,MATCH
47,0.831034,False,A4:823151:28:4,823151:28:4,2026-04-18,823151,DEFENSE,Seattle Mariners,Texas Rangers,Seattle Mariners,Ezequiel Duran,George Kirby,Cal Raleigh,4,top,-1,1-2,1,111,1,True,0.67354,NEAREST_OUTSIDE,,2,2,1,111,0,CONTINUES,0,0,2,111,0,STRIKEOUT,R1_NO_RUNNER_ACTION,EXACT,1.58944,0.758411,0.831034,0.831034,0.831034,0.831034,0.831034,0.825273,False,[],Ball,Ezequiel Duran flies out to center fielder Julio Rodríguez.,MATCH
48,0.831034,False,A4:823951:66:5,823951:66:5,2026-05-12,823951,OFFENSE,Los Angeles Dodgers,Los Angeles Dodgers,San Francisco Giants,Max Muncy,Sam Hentges,Eric Haase,8,bottom,-4,1-2,1,111,2,False,0.238756,OUTSIDE,0.547587,0,0,2,111,0,STRIKEOUT,2,2,1,111,0,CONTINUES,R1_NO_RUNNER_ACTION,EXACT,0.758411,1.58944,-0.831034,0.831034,0.831034,0.831034,0.831034,0.853105,False,[],Called Strike,Max Muncy called out on strikes.,MATCH
49,0.82397,False,A4:823216:41:5,823216:41:5,2026-05-26,823216,OFFENSE,San Francisco Giants,San Francisco Giants,Arizona Diamondbacks,Rafael Devers,Eduardo Rodriguez,Gabriel Moreno,5,bottom,-1,2-2,2,111,1,True,0.22576,BELOW,0.438467,0,0,3,000,0,STRIKEOUT,3,2,2,111,0,CONTINUES,R1_NO_RUNNER_ACTION,EXACT,0,0.82397,-0.82397,0.82397,0.82397,0.82397,0.82397,0.751975,False,[],Called Strike,Rafael Devers called out on strikes.,MATCH_HALF_ENDED
50,0.82397,False,A4:824156:27:6,824156:27:6,2026-08-16,824156,OFFENSE,Seattle Mariners,Seattle Mariners,Houston Astros,Brendan Donovan,Hunter Brown,Yainer Diaz,4,top,2,2-2,2,111,2,False,0.094172,ABOVE,0.38469,0,0,3,000,0,STRIKEOUT,3,2,2,111,0,CONTINUES,R1_NO_RUNNER_ACTION,EXACT,0,0.82397,-0.82397,0.82397,0.82397,0.82397,0.82397,0.873628,False,[],Called Strike,Brendan Donovan called out on strikes.,MATCH_HALF_ENDED
51,0.793445,False,A4:823769:80:7,823769:80:7,2026-06-28,823769,DEFENSE,Chicago Cubs,Milwaukee Brewers,Chicago Cubs,Garrett Mitchell,Jordan Wicks,Carson Kelly,10,bottom,-2,3-1,0,111,1,True,1.02029,NEAREST_BOTTOM,,0,0,0,111,1,WALK,3,2,0,111,0,CONTINUES,R1_NO_RUNNER_ACTION,EXACT,3.51984,2.7264,0.793445,0.793445,0.793445,0.793445,0.793445,0.82274,False,[],Ball,Garrett Mitchell walks. Christian Yelich scores. Jackson Chourio to 3rd. Brice Turang to 2nd.,MATCH
52,0.762383,False,A4:822784:41:4,822784:41:4,2026-07-22,822784,OFFENSE,Tampa Bay Rays,Tampa Bay Rays,Toronto Blue Jays,Chandler Simpson,Jeff Hoffman,Alejandro Kirk,6,top,0,3-0,1,111,2,False,0.481513,INSIDE,0.124969,3,1,1,111,0,CONTINUES,0,0,1,111,1,WALK,R1_NO_RUNNER_ACTION,EXACT,1.91313,2.67551,-0.762383,0.762383,0.762383,0.762383,0.762383,0.706566,False,[],Called Strike,Chandler Simpson out on a sacrifice fly to center fielder Daulton Varsho. Yandy Díaz scores.,MATCH
53,0.762383,False,A4:822952:34:3,822952:34:3,2026-07-24,822952,OFFENSE,Tampa Bay Rays,Tampa Bay Rays,Cleveland Guardians,Jonathan Aranda,Joey Cantillo,Austin Hedges,4,bottom,4,3-0,1,111,2,False,3.39032,ABOVE,0.29671,3,1,1,111,0,CONTINUES,0,0,1,111,1,WALK,R1_NO_RUNNER_ACTION,EXACT,1.91313,2.67551,-0.762383,0.762383,0.762383,0.762383,0.762383,0.706566,False,[],Called Strike,Jonathan Aranda called out on strikes.,MATCH
54,0.762383,False,A4:823617:14:3,823617:14:3,2026-06-12,823617,OFFENSE,Atlanta Braves,Atlanta Braves,New York Mets,Mauricio Dubón,Nolan McLean,Luis Torrens,2,top,0,3-0,1,111,2,False,1.76152,INSIDE,0.122185,3,1,1,111,0,CONTINUES,0,0,1,111,1,WALK,R1_NO_RUNNER_ACTION,EXACT,1.91313,2.67551,-0.762383,0.762383,0.762383,0.762383,0.762383,0.711027,False,[],Called Strike,Mauricio Dubón pops out to first baseman Jared Young on the infield fly rule.,MATCH
55,0.758411,False,A4:822836:10:10,822836:10:10,2026-03-31,822836,OFFENSE,Colorado Rockies,Colorado Rockies,Toronto Blue Jays,Kyle Karros,Max Scherzer,Tyler Heineman,2,top,0,3-2,2,110,2,False,0.398267,INSIDE,0.537102,0,0,3,000,0,STRIKEOUT,0,0,2,111,0,WALK,R1_NO_RUNNER_ACTION,EXACT,0,0.758411,-0.758411,0.758411,0.758411,0.758411,0.758411,0.751579,False,[],Called Strike,Kyle Karros called out on strikes.,MATCH_HALF_ENDED
56,0.758411,False,A4:823180:4:6,823180:4:6,2026-08-26,823180,OFFENSE,Cincinnati Reds,Cincinnati Reds,San Francisco Giants,Eugenio Suárez,Logan Webb,Andrew Knizner,1,top,0,3-2,2,110,2,False,2.0153,OUTSIDE,0.624873,0,0,3,000,0,STRIKEOUT,0,0,2,111,0,WALK,R1_NO_RUNNER_ACTION,EXACT,0,0.758411,-0.758411,0.758411,0.758411,0.758411,0.758411,0.750348,False,[],Called Strike,Eugenio Suárez called out on strikes.,MATCH_HALF_ENDED
57,0.758411,False,A4:823259:4:7,823259:4:7,2026-08-25,823259,DEFENSE,San Diego Padres,Pittsburgh Pirates,San Diego Padres,Oneil Cruz,Michael King,Luis Campusano,1,top,0,3-2,2,011,1,True,2.17076,NEAREST_INSIDE,,0,0,2,111,0,WALK,0,0,3,000,0,STRIKEOUT,R1_NO_RUNNER_ACTION,EXACT,0.758411,0,0.758411,0.758411,0.758411,0.758411,0.758411,0.750348,False,[],Ball,Oneil Cruz walks.,MATCH
58,0.758411,False,A4:823323:4:5,823323:4:5,2026-03-28,823323,OFFENSE,Detroit Tigers,Detroit Tigers,San Diego Padres,Spencer Torkelson,Randy Vásquez,Freddy Fermin,1,top,0,3-2,2,101,2,False,1.30564,OUTSIDE,0.597477,0,0,3,000,0,STRIKEOUT,0,0,2,111,0,WALK,R1_NO_RUNNER_ACTION,EXACT,0,0.758411,-0.758411,0.758411,0.758411,0.758411,0.758411,0.751579,False,[],Called Strike,Spencer Torkelson called out on strikes.,MATCH_HALF_ENDED
59,0.758411,False,A4:823551:66:7,823551:66:7,2026-05-07,823551,DEFENSE,Texas Rangers,New York Yankees,Texas Rangers,Paul Goldschmidt,Peyton Gray,Danny Jansen,7,bottom,6,3-2,2,110,1,True,1.23233,NEAREST_OUTSIDE,,0,0,2,111,0,WALK,0,0,3,000,0,STRIKEOUT,R1_NO_RUNNER_ACTION,EXACT,0.758411,0,0.758411,0.758411,0.758411,0.758411,0.758411,0.753556,False,[],Ball,Paul Goldschmidt walks. Max Schuemann to 3rd. J.C. Escarra to 2nd.,MATCH
60,0.758411,False,A4:823665:5:6,823665:5:6,2026-08-29,823665,OFFENSE,Chicago White Sox,Chicago White Sox,Minnesota Twins,Colson Montgomery,Bailey Ober,Victor Caratini,1,top,1,3-2,2,101,2,False,0.148173,BELOW,0.502145,0,0,3,000,0,STRIKEOUT,0,0,2,111,0,WALK,R1_NO_RUNNER_ACTION,EXACT,0,0.758411,-0.758411,0.758411,0.758411,0.758411,0.758411,0.750348,False,[],Called Strike,Colson Montgomery called out on strikes.,MATCH_HALF_ENDED
61,0.758411,False,A4:823911:28:6,823911:28:6,2026-08-21,823911,DEFENSE,Pittsburgh Pirates,Los Angeles Dodgers,Pittsburgh Pirates,Kyle Tucker,Bubba Chandler,Rafael Flores Jr.,3,bottom,2,3-2,2,110,1,True,0.107938,NEAREST_INSIDE,,0,0,2,111,0,WALK,0,0,3,000,0,STRIKEOUT,R1_NO_RUNNER_ACTION,EXACT,0.758411,0,0.758411,0.758411,0.758411,0.758411,0.758411,0.750348,False,[],Ball,Kyle Tucker walks. Andy Pages to 3rd. Mookie Betts to 2nd.,MATCH
62,0.758411,False,A4:823916:4:9,823916:4:9,2026-08-12,823916,OFFENSE,Kansas City Royals,Kansas City Royals,Los Angeles Dodgers,Starling Marte,Eric Lauer,Hunter Feduccia,1,top,0,3-2,2,110,2,False,2.42536,INSIDE,0.74289,0,0,3,000,0,STRIKEOUT,0,0,2,111,0,WALK,R1_NO_RUNNER_ACTION,EXACT,0,0.758411,-0.758411,0.758411,0.758411,0.758411,0.758411,0.750348,False,[],Called Strike,Starling Marte called out on strikes.,MATCH_HALF_ENDED
63,0.758411,False,A4:824175:36:5,824175:36:5,2026-06-30,824175,DEFENSE,Minnesota Twins,Houston Astros,Minnesota Twins,Raynel Delgado,Joe Ryan,Victor Caratini,4,bottom,-2,3-2,2,110,2,False,0.405279,NEAREST_INSIDE,,0,0,2,111,0,WALK,0,0,3,000,0,STRIKEOUT,R1_NO_RUNNER_ACTION,EXACT,0.758411,0,0.758411,0.758411,0.758411,0.758411,0.758411,0.751876,False,[],Ball,Raynel Delgado walks. Taylor Trammell to 3rd. Yainer Diaz to 2nd.,MATCH
64,0.758411,False,A4:824808:28:7,824808:28:7,2026-08-01,824808,DEFENSE,Philadelphia Phillies,Baltimore Orioles,Philadelphia Phillies,Christian Encarnacion-Strand,Cristopher Sánchez,J.T. Realmuto,4,bottom,0,3-2,2,110,2,False,0.295451,NEAREST_TOP,,0,0,2,111,0,WALK,0,0,3,000,0,STRIKEOUT,R1_NO_RUNNER_ACTION,EXACT,0.758411,0,0.758411,0.758411,0.758411,0.758411,0.758411,0.750348,False,[],Ball,Christian Encarnacion-Strand walks. Gunnar Henderson to 3rd. Tyler O'Neill to 2nd.,MATCH
65,0.727626,False,A4:823159:13:4,823159:13:4,2026-03-30,823159,OFFENSE,Seattle Mariners,Seattle Mariners,New York Yankees,Victor Robles,Ryan Weathers,Austin Wells,2,bottom,0,2-2,0,110,2,False,1.57719,INSIDE,0.586893,0,0,1,110,0,STRIKEOUT,3,2,0,110,0,CONTINUES,R1_NO_RUNNER_ACTION,EXACT,0.941624,1.66925,-0.727626,0.727626,0.727626,0.727626,0.727626,0.709716,False,[],Called Strike,Victor Robles called out on strikes.,MATCH
66,0.727626,False,A4:824358:60:4,824358:60:4,2026-05-17,824358,OFFENSE,Arizona Diamondbacks,Arizona Diamondbacks,Colorado Rockies,Jose Fernandez,Blas Castaño,Brett Sullivan,7,top,6,2-2,0,110,1,True,1.50128,BELOW_OUTSIDE,0.630636,0,0,1,110,0,STRIKEOUT,3,2,0,110,0,CONTINUES,R1_NO_RUNNER_ACTION,EXACT,0.941624,1.66925,-0.727626,0.727626,0.727626,0.727626,0.727626,0.603486,False,[],Called Strike,Jose Fernandez called out on strikes.,MATCH
67,0.727626,False,A4:824509:26:4,824509:26:4,2026-06-03,824509,OFFENSE,Kansas City Royals,Kansas City Royals,Cincinnati Reds,Isaac Collins,Chase Burns,Tyler Stephenson,4,top,2,2-2,0,110,2,False,0.706793,ABOVE,0.434327,0,0,1,110,0,STRIKEOUT,3,2,0,110,0,CONTINUES,R1_NO_RUNNER_ACTION,EXACT,0.941624,1.66925,-0.727626,0.727626,0.727626,0.727626,0.727626,0.764799,False,[],Called Strike,Isaac Collins called out on strikes.,MATCH
68,0.727626,False,A4:824919:70:5,824919:70:5,2026-06-04,824919,OFFENSE,Toronto Blue Jays,Toronto Blue Jays,Atlanta Braves,Kazuma Okamoto,Reynaldo López,Austin Wynns,9,top,1,2-2,0,110,1,True,1.44075,INSIDE,0.701198,0,0,1,110,0,STRIKEOUT,3,2,0,110,0,CONTINUES,R1_NO_RUNNER_ACTION,EXACT,0.941624,1.66925,-0.727626,0.727626,0.727626,0.727626,0.727626,0.764799,False,[],Called Strike,Kazuma Okamoto called out on strikes.,MATCH
69,0.716245,False,A4:823280:3:4,823280:3:4,2026-07-07,823280,DEFENSE,San Diego Padres,Arizona Diamondbacks,San Diego Padres,Gabriel Moreno,Germán Márquez,Luis Campusano,1,top,0,1-2,0,111,2,False,0.108461,NEAREST_BOTTOM,,2,2,0,111,0,CONTINUES,0,0,1,111,0,STRIKEOUT,R1_NO_RUNNER_ACTION,EXACT,2.39175,1.67551,0.716245,0.716245,0.716245,0.716245,0.716245,0.760714,False,[],Ball,"Gabriel Moreno grounds into a force out, third baseman Manny Machado to catcher Luis Campusano. Ketel Marte out at home. Geraldo Perdomo to 3rd. Corbin Carroll to 2nd. Gabriel Moreno to 1st.",MATCH
70,0.716245,False,A4:823476:3:3,823476:3:3,2026-04-17,823476,OFFENSE,Atlanta Braves,Atlanta Braves,Philadelphia Phillies,Austin Riley,Taijuan Walker,J.T. Realmuto,1,top,0,1-2,0,111,2,False,1.63755,ABOVE,0.513187,0,0,1,111,0,STRIKEOUT,2,2,0,111,0,CONTINUES,R1_NO_RUNNER_ACTION,EXACT,1.67551,2.39175,-0.716245,0.716245,0.716245,0.716245,0.716245,0.753053,False,[],Called Strike,Austin Riley called out on strikes.,MATCH
71,0.716245,False,A4:824401:76:5,824401:76:5,2026-08-06,824401,DEFENSE,Cleveland Guardians,New York Mets,Cleveland Guardians,A.J. Ewing,Tim Herrin,Patrick Bailey,8,top,7,1-2,0,111,2,False,0.699405,NEAREST_BOTTOM,,2,2,0,111,0,CONTINUES,0,0,1,111,0,STRIKEOUT,R1_NO_RUNNER_ACTION,EXACT,2.39175,1.67551,0.716245,0.716245,0.716245,0.716245,0.716245,0.779928,False,[],Ball,A.J. Ewing strikes out swinging.,MATCH
72,0.716245,False,A4:824700:44:3,824700:44:3,2026-03-29,824700,DEFENSE,Chicago Cubs,Washington Nationals,Chicago Cubs,Nasim Nuñez,Phil Maton,Carson Kelly,6,top,1,1-2,0,111,2,False,0.58944,NEAREST_OUTSIDE,,2,2,0,111,0,CONTINUES,0,0,1,111,0,STRIKEOUT,R1_NO_RUNNER_ACTION,EXACT,2.39175,1.67551,0.716245,0.716245,0.716245,0.716245,0.716245,0.706779,False,[],Ball,Nasim Nuñez called out on strikes.,MATCH
73,0.708738,False,A4:822859:26:4,822859:26:4,2026-08-18,822859,DEFENSE,Washington Nationals,Texas Rangers,Washington Nationals,Danny Jansen,Jackson Kent,Harry Ford,3,bottom,4,0-2,1,111,2,False,0.555036,NEAREST_BOTTOM,,1,2,1,111,0,CONTINUES,0,0,2,111,0,STRIKEOUT,R1_NO_RUNNER_ACTION,EXACT,1.46715,0.758411,0.708738,0.708738,0.708738,0.708738,0.708738,0.667401,False,[],Ball,Danny Jansen pops out to first baseman Abimelec Ortiz on the infield fly rule.,MATCH
74,0.708738,False,A4:823016:41:2,823016:41:2,2026-08-25,823016,DEFENSE,St. Louis Cardinals,Baltimore Orioles,St. Louis Cardinals,Leody Taveras,Peter Strzelecki,Iván Herrera,5,top,7,0-2,1,111,2,False,0.650356,NEAREST_INSIDE,,1,2,1,111,0,CONTINUES,0,0,2,111,0,STRIKEOUT,R1_NO_RUNNER_ACTION,EXACT,1.46715,0.758411,0.708738,0.708738,0.708738,0.708738,0.708738,0.667401,False,[],Ball,Leody Taveras singles on a line drive to right fielder Jordan Walker. Christian Encarnacion-Strand scores. Christian Franklin scores. Dylan Beavers to 2nd.,MATCH
75,0.708738,False,A4:823683:36:4,823683:36:4,2026-07-09,823683,DEFENSE,Cleveland Guardians,Minnesota Twins,Cleveland Guardians,Alex Jackson,Gavin Williams,Patrick Bailey,5,bottom,0,0-2,1,111,2,False,0.363593,NEAREST_OUTSIDE,,1,2,1,111,0,CONTINUES,0,0,2,111,0,STRIKEOUT,R1_NO_RUNNER_ACTION,EXACT,1.46715,0.758411,0.708738,0.708738,0.708738,0.708738,0.708738,0.68896,False,[],Ball,"Alex Jackson grounds into a force out, shortstop Brayan Rocchio to catcher Patrick Bailey. Alan Roden out at home. Luke Keaschall to 3rd. Tristan Gray to 2nd. Alex Jackson to 1st.",MATCH
76,0.708738,False,A4:824505:18:5,824505:18:5,2026-06-15,824505,DEFENSE,New York Mets,Cincinnati Reds,New York Mets,Sal Stewart,Jonathan Pintaro,Francisco Alvarez,2,bottom,4,0-2,1,111,1,True,1.21958,NEAREST_TOP,,1,2,1,111,0,CONTINUES,0,0,2,111,0,STRIKEOUT,R1_NO_RUNNER_ACTION,EXACT,1.46715,0.758411,0.708738,0.708738,0.708738,0.708738,0.708738,0.65712,False,[],Ball,Sal Stewart singles on a ground ball to right fielder Carson Benge. Tyler Stephenson scores. Edwin Arroyo to 3rd. JJ Bleday to 2nd.,MATCH
77,0.707099,False,A4:822710:5:6,822710:5:6,2026-07-08,822710,OFFENSE,Washington Nationals,Washington Nationals,Houston Astros,Curtis Mead,Spencer Arrighetti,Yainer Diaz,1,bottom,0,3-2,1,100,2,False,0.955189,OUTSIDE,0.464228,0,0,2,100,0,STRIKEOUT,0,0,1,110,0,WALK,R1_NO_RUNNER_ACTION,EXACT,0.234525,0.941624,-0.707099,0.707099,0.707099,0.707099,0.707099,0.708363,False,[],Called Strike,Curtis Mead called out on strikes.,MATCH
78,0.707099,False,A4:823136:53:9,823136:53:9,2026-05-19,823136,DEFENSE,Seattle Mariners,Chicago White Sox,Seattle Mariners,Tristan Peters,Luis Castillo,Mitch Garver,8,top,-1,3-2,1,100,1,True,0.590656,NEAREST_INSIDE,,0,0,1,110,0,WALK,0,0,2,100,0,STRIKEOUT,R1_NO_RUNNER_ACTION,EXACT,0.941624,0.234525,0.707099,0.707099,0.707099,0.707099,0.707099,0.700682,False,[],Ball,Tristan Peters walks. Luisangel Acuña to 2nd.,MATCH
79,0.707099,False,A4:823397:21:6,823397:21:6,2026-04-17,823397,DEFENSE,Tampa Bay Rays,Pittsburgh Pirates,Tampa Bay Rays,Bryan Reynolds,Nick Martinez,Nick Fortes,3,bottom,1,3-2,1,100,2,False,1.65982,NEAREST_BOTTOM,,0,0,1,110,0,WALK,0,0,2,100,0,STRIKEOUT,R1_NO_RUNNER_ACTION,EXACT,0.941624,0.234525,0.707099,0.707099,0.707099,0.707099,0.707099,0.693781,False,[],Ball,Bryan Reynolds walks. Brandon Lowe to 2nd.,MATCH
80,0.707099,False,A4:823601:27:5,823601:27:5,2026-07-24,823601,DEFENSE,New York Mets,Los Angeles Dodgers,New York Mets,Kyle Tucker,Sean Manaea,Francisco Alvarez,4,top,0,3-2,1,100,2,False,0.937722,NEAREST_OUTSIDE,,0,0,1,110,0,WALK,0,0,2,100,0,STRIKEOUT,R1_NO_RUNNER_ACTION,EXACT,0.941624,0.234525,0.707099,0.707099,0.707099,0.707099,0.707099,0.708363,False,[],Ball,Kyle Tucker walks. Mookie Betts to 2nd.,MATCH
81,0.707099,False,A4:823718:29:6,823718:29:6,2026-04-19,823718,OFFENSE,Cincinnati Reds,Cincinnati Reds,Minnesota Twins,Spencer Steer,Bailey Ober,Victor Caratini,4,top,-2,3-2,1,100,2,False,2.66123,OUTSIDE,0.69153,0,0,2,100,0,STRIKEOUT,0,0,1,110,0,WALK,R1_NO_RUNNER_ACTION,EXACT,0.234525,0.941624,-0.707099,0.707099,0.707099,0.707099,0.707099,0.693781,False,[],Called Strike,Spencer Steer called out on strikes.,MATCH
82,0.707099,False,A4:823911:8:5,823911:8:5,2026-08-21,823911,OFFENSE,Los Angeles Dodgers,Los Angeles Dodgers,Pittsburgh Pirates,Andy Pages,Bubba Chandler,Rafael Flores Jr.,1,bottom,-1,3-2,1,100,2,False,0.879445,ABOVE,0.478182,0,0,2,100,0,STRIKEOUT,0,0,1,110,0,WALK,R1_NO_RUNNER_ACTION,EXACT,0.234525,0.941624,-0.707099,0.707099,0.707099,0.707099,0.707099,0.720489,False,[],Called Strike,Andy Pages called out on strikes.,MATCH
83,0.707099,False,A4:823956:26:8,823956:26:8,2026-04-28,823956,DEFENSE,Los Angeles Dodgers,Miami Marlins,Los Angeles Dodgers,Agustín Ramírez,Shohei Ohtani,Will Smith,4,top,1,3-2,1,100,2,False,0.207065,NEAREST_TOP,,0,0,1,110,0,WALK,0,0,2,100,0,STRIKEOUT,R1_NO_RUNNER_ACTION,EXACT,0.941624,0.234525,0.707099,0.707099,0.707099,0.707099,0.707099,0.693781,False,[],Ball,Agustín Ramírez walks. Xavier Edwards to 2nd.,MATCH
84,0.707099,False,A4:824176:69:8,824176:69:8,2026-06-29,824176,OFFENSE,Houston Astros,Houston Astros,Minnesota Twins,Christian Walker,Travis Adams,Victor Caratini,9,bottom,-4,3-2,1,100,2,False,1.43621,ABOVE,0.667063,0,0,2,100,0,STRIKEOUT,0,0,1,110,0,WALK,R1_NO_RUNNER_ACTION,EXACT,0.234525,0.941624,-0.707099,0.707099,0.707099,0.707099,0.707099,0.717909,False,[],Called Strike,Christian Walker called out on strikes.,MATCH
85,0.707099,False,A4:824520:39:9,824520:39:9,2026-05-10,824520,DEFENSE,Houston Astros,Cincinnati Reds,Houston Astros,JJ Bleday,Cody Bolton,César Salazar,5,bottom,3,3-2,1,100,1,True,1.4602,NEAREST_OUTSIDE,,0,0,1,110,0,WALK,0,0,2,100,0,STRIKEOUT,R1_NO_RUNNER_ACTION,EXACT,0.941624,0.234525,0.707099,0.707099,0.707099,0.707099,0.707099,0.700682,False,[],Ball,JJ Bleday walks. Elly De La Cruz to 2nd.,MATCH
86,0.707099,False,A4:824887:3:7,824887:3:7,2026-08-10,824887,DEFENSE,Atlanta Braves,New York Mets,Atlanta Braves,Carson Benge,Bryce Elder,Sean Murphy,1,top,1,3-2,1,100,2,False,2.74377,NEAREST_INSIDE,,0,0,1,110,0,WALK,0,0,2,100,0,STRIKEOUT,R1_NO_RUNNER_ACTION,EXACT,0.941624,0.234525,0.707099,0.707099,0.707099,0.707099,0.707099,0.720489,False,[],Ball,Carson Benge walks. Bo Bichette to 2nd.,MATCH
87,0.703193,False,A4:823186:5:3,823186:5:3,2026-08-11,823186,OFFENSE,Houston Astros,Houston Astros,San Francisco Giants,Nelson Velázquez,Carson Whisenhunt,Drew Cavanaugh,1,top,0,3-0,2,111,2,False,0.568709,INSIDE,0.0614172,3,1,2,111,0,CONTINUES,0,0,2,111,1,WALK,R1_NO_RUNNER_ACTION,EXACT,1.05522,1.75841,-0.703193,0.703193,0.703193,0.703193,0.703193,0.742213,False,[],Called Strike,"Nelson Velázquez grounds out, third baseman Christian Koss to first baseman Bryce Eldridge.",MATCH
88,0.703193,False,A4:823276:25:3,823276:25:3,2026-07-11,823276,OFFENSE,San Diego Padres,San Diego Padres,Toronto Blue Jays,Manny Machado,Trey Yesavage,Alejandro Kirk,2,bottom,-2,3-0,2,111,2,False,1.68498,BELOW,0.20833,3,1,2,111,0,CONTINUES,0,0,2,111,1,WALK,R1_NO_RUNNER_ACTION,EXACT,1.05522,1.75841,-0.703193,0.703193,0.703193,0.703193,0.703193,0.704992,False,[],Called Strike,Manny Machado singles on a line drive to center fielder Daulton Varsho. Sung-Mun Song scores. Jackson Merrill scores. Xander Bogaerts to 3rd.,MATCH
89,0.703193,False,A4:824104:47:3,824104:47:3,2026-05-27,824104,OFFENSE,New York Yankees,New York Yankees,Kansas City Royals,Paul Goldschmidt,Nick Mears,Carter Jensen,7,top,2,3-0,2,111,2,False,0.0503803,OUTSIDE,0.0836393,3,1,2,111,0,CONTINUES,0,0,2,111,1,WALK,R1_NO_RUNNER_ACTION,EXACT,1.05522,1.75841,-0.703193,0.703193,0.703193,0.703193,0.703193,0.759574,False,[],Called Strike,"Carter Jensen challenged (pitch result), call on the field was confirmed: Paul Goldschmidt walks. Trent Grisham scores. Anthony Volpe to 3rd. Ryan McMahon to 2nd.",MATCH
90,0.703193,False,A4:824431:23:3,824431:23:3,2026-05-30,824431,OFFENSE,Boston Red Sox,Boston Red Sox,Cleveland Guardians,Nick Sogard,Parker Messick,Austin Hedges,3,top,-1,3-0,2,111,2,False,0.0106525,BELOW,0.077562,3,1,2,111,0,CONTINUES,0,0,2,111,1,WALK,R1_NO_RUNNER_ACTION,EXACT,1.05522,1.75841,-0.703193,0.703193,0.703193,0.703193,0.703193,0.759574,False,[],Called Strike,"Nick Sogard grounds out, third baseman José Ramírez to first baseman Kyle Manzardo.",MATCH
91,0.703193,False,A4:824648:45:5,824648:45:5,2026-08-02,824648,OFFENSE,Chicago Cubs,Chicago Cubs,New York Yankees,Nico Hoerner,Brent Headrick,Austin Wells,6,bottom,-1,3-0,2,111,2,False,1.13803,OUTSIDE,0.123981,3,1,2,111,0,CONTINUES,0,0,2,111,1,WALK,R1_NO_RUNNER_ACTION,EXACT,1.05522,1.75841,-0.703193,0.703193,0.703193,0.703193,0.703193,0.742213,False,[],Called Strike,Nico Hoerner flies out to center fielder Trent Grisham.,MATCH
92,0.697263,False,A4:823255:22:3,823255:22:3,2026-08-26,823255,DEFENSE,San Diego Padres,Pittsburgh Pirates,San Diego Padres,Esmerlyn Valdez,Randy Vásquez,Freddy Fermin,4,top,-1,1-2,1,011,1,True,0.0974921,NEAREST_TOP,,2,2,1,011,0,CONTINUES,0,0,2,011,0,STRIKEOUT,R1_NO_RUNNER_ACTION,EXACT,1.21473,0.517466,0.697263,0.697263,0.697263,0.697263,0.697263,0.692757,False,[],Ball,Esmerlyn Valdez strikes out on a foul tip.,MATCH
93,0.685617,False,A4:823518:51:7,823518:51:7,2026-07-22,823518,DEFENSE,Pittsburgh Pirates,New York Yankees,Pittsburgh Pirates,Austin Wells,Carmen Mlodzinski,Henry Davis,7,bottom,-3,2-2,0,010,1,True,1.65224,NEAREST_BOTTOM,,3,2,0,010,0,CONTINUES,0,0,1,010,0,STRIKEOUT,R1_NO_RUNNER_ACTION,EXACT,1.36741,0.681792,0.685617,0.685617,0.685617,0.685617,0.685617,0.680899,False,[],Ball,Austin Wells walks.,MATCH
94,0.685617,False,A4:823647:81:9,823647:81:9,2026-03-29,823647,DEFENSE,Pittsburgh Pirates,New York Mets,Pittsburgh Pirates,Francisco Lindor,José Urquidy,Henry Davis,10,bottom,-2,2-2,0,010,1,True,1.45382,NEAREST_BOTTOM,,3,2,0,010,0,CONTINUES,0,0,1,010,0,STRIKEOUT,R1_NO_RUNNER_ACTION,EXACT,1.36741,0.681792,0.685617,0.685617,0.685617,0.685617,0.685617,0.661567,False,[],Ball,Francisco Lindor walks.,MATCH
95,0.685617,False,A4:824150:14:6,824150:14:6,2026-08-23,824150,DEFENSE,Athletics,Houston Astros,Athletics,Christian Vázquez,Jack Perkins,Brian Serven,2,bottom,3,2-2,0,010,2,False,1.59933,NEAREST_BOTTOM,,3,2,0,010,0,CONTINUES,0,0,1,010,0,STRIKEOUT,R1_NO_RUNNER_ACTION,EXACT,1.36741,0.681792,0.685617,0.685617,0.685617,0.685617,0.685617,0.740805,False,[],Ball,Christian Vázquez strikes out swinging.,MATCH
96,0.685617,False,A4:824499:24:7,824499:24:7,2026-07-04,824499,OFFENSE,Baltimore Orioles,Baltimore Orioles,Cincinnati Reds,Taylor Ward,Hunter Greene,Jose Trevino,3,top,-1,2-2,0,010,2,False,0.0594997,OUTSIDE,0.317143,0,0,1,010,0,STRIKEOUT,3,2,0,010,0,CONTINUES,R1_NO_RUNNER_ACTION,EXACT,0.681792,1.36741,-0.685617,0.685617,0.685617,0.685617,0.685617,0.680899,False,[],Called Strike,Taylor Ward called out on strikes.,MATCH
97,0.685617,False,A4:824973:84:7,824973:84:7,2026-07-29,824973,OFFENSE,Athletics,Athletics,Boston Red Sox,Tommy White,Greg Weissert,Carlos Narváez,10,bottom,-2,2-2,0,010,1,True,0.349386,BELOW,0.543299,0,0,1,010,0,STRIKEOUT,3,2,0,010,0,CONTINUES,R1_NO_RUNNER_ACTION,EXACT,0.681792,1.36741,-0.685617,0.685617,0.685617,0.685617,0.685617,0.680899,False,[],Called Strike,Tommy White called out on strikes.,MATCH
98,0.681368,False,A4:822776:27:4,822776:27:4,2026-08-13,822776,DEFENSE,Toronto Blue Jays,Boston Red Sox,Toronto Blue Jays,Andruw Monasterio,Max Scherzer,Brandon Valenzuela,4,top,1,1-2,2,111,1,True,0.0620942,NEAREST_INSIDE,,2,2,2,111,0,CONTINUES,0,0,3,000,0,STRIKEOUT,R1_NO_RUNNER_ACTION,EXACT,0.681368,0,0.681368,0.681368,0.681368,0.681368,0.681368,0.694297,False,[],Ball,Andruw Monasterio flies out to right fielder Nathan Lukes.,MATCH
99,0.681368,False,A4:824374:62:6,824374:62:6,2026-04-08,824374,OFFENSE,Colorado Rockies,Colorado Rockies,Houston Astros,Brenton Doyle,Kai-Wei Teng,Christian Vázquez,6,bottom,7,1-2,2,111,1,True,0.722812,OUTSIDE,0.311307,0,0,3,000,0,STRIKEOUT,2,2,2,111,0,CONTINUES,R1_NO_RUNNER_ACTION,EXACT,0,0.681368,-0.681368,0.681368,0.681368,0.681368,0.681368,0.685851,False,[],Called Strike,Brenton Doyle called out on strikes.,MATCH_HALF_ENDED
100,0.681368,False,A4:824533:75:4,824533:75:4,2026-04-12,824533,DEFENSE,Los Angeles Angels,Cincinnati Reds,Los Angeles Angels,Nathaniel Lowe,Sam Bachman,Logan O'Hoppe,8,bottom,-8,1-2,2,111,1,True,0.783293,NEAREST_TOP,,2,2,2,111,0,CONTINUES,0,0,3,000,0,STRIKEOUT,R1_NO_RUNNER_ACTION,EXACT,0.681368,0,0.681368,0.681368,0.681368,0.681368,0.681368,0.685851,False,[],Ball,Nathaniel Lowe walks.,MATCH
101,0.681368,False,A4:824642:51:6,824642:51:6,2026-08-16,824642,OFFENSE,St. Louis Cardinals,St. Louis Cardinals,Chicago Cubs,Joshua Báez,Aaron Civale,Miguel Amaya,6,top,7,1-2,2,111,2,False,1.72467,ABOVE,0.594741,0,0,3,000,0,STRIKEOUT,2,2,2,111,0,CONTINUES,R1_NO_RUNNER_ACTION,EXACT,0,0.681368,-0.681368,0.681368,0.681368,0.681368,0.681368,0.694297,False,[],Called Strike,Joshua Báez called out on strikes.,MATCH_HALF_ENDED
102,0.63771,False,A4:823446:15:6,823446:15:6,2026-07-01,823446,DEFENSE,Pittsburgh Pirates,Philadelphia Phillies,Pittsburgh Pirates,Gabriel Rincones Jr.,Paul Skenes,Henry Davis,2,bottom,0,2-2,1,101,1,True,2.2015,NEAREST_TOP,,3,2,1,101,0,CONTINUES,0,0,2,101,0,STRIKEOUT,R1_NO_RUNNER_ACTION,EXACT,1.16194,0.524233,0.63771,0.63771,0.63771,0.63771,0.63771,0.579617,False,[],Ball,Gabriel Rincones Jr. walks. Bryson Stott to 2nd.,MATCH
103,0.627588,False,A4:823062:51:2,823062:51:2,2026-07-07,823062,DEFENSE,St. Louis Cardinals,Milwaukee Brewers,St. Louis Cardinals,Brice Turang,JoJo Romero,Jimmy Crooks,7,top,1,0-2,1,011,2,False,0.919481,NEAREST_OUTSIDE,,1,2,1,011,0,CONTINUES,0,0,2,011,0,STRIKEOUT,R1_NO_RUNNER_ACTION,EXACT,1.14505,0.517466,0.627588,0.627588,0.627588,0.627588,0.627588,0.623486,False,[],Ball,Brice Turang strikes out swinging.,MATCH
104,0.627588,False,A4:824402:31:4,824402:31:4,2026-08-05,824402,OFFENSE,Cleveland Guardians,Cleveland Guardians,New York Mets,Petey Halpin,Christian Scott,Francisco Alvarez,4,bottom,-2,0-2,1,011,2,False,0.878521,OUTSIDE,0.489457,0,0,2,011,0,STRIKEOUT,1,2,1,011,0,CONTINUES,R1_NO_RUNNER_ACTION,EXACT,0.517466,1.14505,-0.627588,0.627588,0.627588,0.627588,0.627588,0.660614,False,[],Called Strike,Petey Halpin called out on strikes.,MATCH
105,0.624859,False,A4:822962:7:3,822962:7:3,2026-06-26,822962,DEFENSE,Arizona Diamondbacks,Tampa Bay Rays,Arizona Diamondbacks,Junior Caminero,Zac Gallen,Gabriel Moreno,1,bottom,-1,1-2,0,110,2,False,0.951981,NEAREST_BOTTOM,,2,2,0,110,0,CONTINUES,0,0,1,110,0,STRIKEOUT,R1_NO_RUNNER_ACTION,EXACT,1.56648,0.941624,0.624859,0.624859,0.624859,0.624859,0.624859,0.573937,False,[],Ball,Junior Caminero homers (20) on a fly ball to center field. Yandy Díaz scores. Jonathan Aranda scores.,MATCH
106,0.624859,False,A4:823324:33:4,823324:33:4,2026-03-27,823324,DEFENSE,San Diego Padres,Detroit Tigers,San Diego Padres,Parker Meadows,Michael King,Luis Campusano,5,top,-1,1-2,0,110,2,False,0.205809,NEAREST_INSIDE,,2,2,0,110,0,CONTINUES,0,0,1,110,0,STRIKEOUT,R1_NO_RUNNER_ACTION,EXACT,1.56648,0.941624,0.624859,0.624859,0.624859,0.624859,0.624859,0.647696,False,[],Ball,Parker Meadows strikes out swinging.,MATCH
107,0.624859,False,A4:824157:39:4,824157:39:4,2026-08-15,824157,DEFENSE,Houston Astros,Seattle Mariners,Houston Astros,Josh Naylor,Bryan King,Christian Vázquez,5,top,3,1-2,0,110,1,True,0.699105,NEAREST_OUTSIDE,,2,2,0,110,0,CONTINUES,0,0,1,110,0,STRIKEOUT,R1_NO_RUNNER_ACTION,EXACT,1.56648,0.941624,0.624859,0.624859,0.624859,0.624859,0.624859,0.699558,False,[],Ball,Josh Naylor strikes out swinging.,MATCH
108,0.624859,False,A4:824402:38:3,824402:38:3,2026-08-05,824402,DEFENSE,New York Mets,Cleveland Guardians,New York Mets,Chase DeLauter,Christian Scott,Francisco Alvarez,5,bottom,-2,1-2,0,110,1,True,0.0814705,NEAREST_BOTTOM,,2,2,0,110,0,CONTINUES,0,0,1,110,0,STRIKEOUT,R1_NO_RUNNER_ACTION,EXACT,1.56648,0.941624,0.624859,0.624859,0.624859,0.624859,0.624859,0.699558,False,[],Ball,Chase DeLauter walks. Angel Genao to 3rd. Steven Kwan to 2nd.,MATCH
109,0.624859,False,A4:824578:11:4,824578:11:4,2026-07-08,824578,DEFENSE,Boston Red Sox,Chicago White Sox,Boston Red Sox,Braden Montgomery,Jake Bennett,Carlos Narváez,2,bottom,0,1-2,0,110,1,True,1.34226,NEAREST_TOP,,2,2,0,110,0,CONTINUES,0,0,1,110,0,STRIKEOUT,R1_NO_RUNNER_ACTION,EXACT,1.56648,0.941624,0.624859,0.624859,0.624859,0.624859,0.624859,0.596898,False,[],Ball,Braden Montgomery strikes out swinging.,MATCH
110,0.624859,False,A4:824589:51:6,824589:51:6,2026-08-20,824589,OFFENSE,Chicago White Sox,Chicago White Sox,Atlanta Braves,Braden Montgomery,Didier Fuentes,Sean Murphy,7,bottom,-2,1-2,0,110,2,False,0.554626,BELOW,0.605801,0,0,1,110,0,STRIKEOUT,2,2,0,110,0,CONTINUES,R1_NO_RUNNER_ACTION,EXACT,0.941624,1.56648,-0.624859,0.624859,0.624859,0.624859,0.624859,0.699558,False,[],Called Strike,Braden Montgomery called out on strikes.,MATCH
111,0.624859,False,A4:824596:37:5,824596:37:5,2026-05-27,824596,DEFENSE,Minnesota Twins,Chicago White Sox,Minnesota Twins,Randal Grichuk,Connor Prielipp,Alex Jackson,5,bottom,2,1-2,0,110,1,True,0.583997,NEAREST_OUTSIDE,,2,2,0,110,0,CONTINUES,0,0,1,110,0,STRIKEOUT,R1_NO_RUNNER_ACTION,EXACT,1.56648,0.941624,0.624859,0.624859,0.624859,0.624859,0.624859,0.554319,False,[],Ball,Randal Grichuk singles on a ground ball to left fielder Trevor Larnach. Munetaka Murakami scores. Miguel Vargas to 2nd.,MATCH
112,0.624859,False,A4:824665:12:6,824665:12:6,2026-06-20,824665,DEFENSE,Toronto Blue Jays,Chicago Cubs,Toronto Blue Jays,Matt Shaw,Patrick Corbin,Brandon Valenzuela,2,bottom,0,1-2,0,110,2,False,2.62047,NEAREST_OUTSIDE,,2,2,0,110,0,CONTINUES,0,0,1,110,0,STRIKEOUT,R1_NO_RUNNER_ACTION,EXACT,1.56648,0.941624,0.624859,0.624859,0.624859,0.624859,0.624859,0.573937,False,[],Ball,Matt Shaw homers (4) on a fly ball to left field. Alex Bregman scores. Ian Happ scores.,MATCH
113,0.624859,False,A4:824946:11:4,824946:11:4,2026-03-27,824946,OFFENSE,Kansas City Royals,Kansas City Royals,Atlanta Braves,Starling Marte,Chris Sale,Jonah Heim,2,top,-1,1-2,0,110,2,False,0.917834,BELOW,0.527576,0,0,1,110,0,STRIKEOUT,2,2,0,110,0,CONTINUES,R1_NO_RUNNER_ACTION,EXACT,0.941624,1.56648,-0.624859,0.624859,0.624859,0.624859,0.624859,0.647696,False,[],Called Strike,Starling Marte called out on strikes.,MATCH
114,0.622319,False,A4:822704:12:6,822704:12:6,2026-07-25,822704,DEFENSE,Arizona Diamondbacks,Washington Nationals,Arizona Diamondbacks,Dylan Crews,Mitch Bratt,James McCann,2,bottom,0,3-2,0,000,2,False,0.608844,NEAREST_INSIDE,,0,0,0,100,0,WALK,0,0,1,000,0,STRIKEOUT,R1_NO_RUNNER_ACTION,EXACT,0.891505,0.269187,0.622319,0.622319,0.622319,0.622319,0.622319,0.61997,False,[],Ball,Dylan Crews walks.,MATCH
115,0.622319,False,A4:822747:3:5,822747:3:5,2026-04-21,822747,DEFENSE,Atlanta Braves,Washington Nationals,Atlanta Braves,James Wood,Reynaldo López,Jonah Heim,1,bottom,0,3-2,0,000,1,True,0.231277,NEAREST_BOTTOM,,0,0,0,100,0,WALK,0,0,1,000,0,STRIKEOUT,R1_NO_RUNNER_ACTION,EXACT,0.891505,0.269187,0.622319,0.622319,0.622319,0.622319,0.622319,0.635361,False,[],Ball,James Wood walks.,MATCH
116,0.622319,False,A4:822778:13:6,822778:13:6,2026-08-11,822778,DEFENSE,Toronto Blue Jays,Boston Red Sox,Toronto Blue Jays,Andruw Monasterio,Dylan Cease,Alejandro Kirk,3,top,0,3-2,0,000,2,False,0.632767,NEAREST_INSIDE,,0,0,0,100,0,WALK,0,0,1,000,0,STRIKEOUT,R1_NO_RUNNER_ACTION,EXACT,0.891505,0.269187,0.622319,0.622319,0.622319,0.622319,0.622319,0.63067,False,[],Ball,Andruw Monasterio walks.,MATCH
117,0.622319,False,A4:822794:33:5,822794:33:5,2026-06-27,822794,OFFENSE,Texas Rangers,Texas Rangers,Toronto Blue Jays,Joc Pederson,Dylan Cease,Alejandro Kirk,5,top,1,3-2,0,000,2,False,5.32495,ABOVE,0.944233,0,0,1,000,0,STRIKEOUT,0,0,0,100,0,WALK,R1_NO_RUNNER_ACTION,EXACT,0.269187,0.891505,-0.622319,0.622319,0.622319,0.622319,0.622319,0.607846,False,[],Called Strike,Joc Pederson called out on strikes.,MATCH
118,0.622319,False,A4:822839:19:8,822839:19:8,2026-03-27,822839,OFFENSE,Athletics,Athletics,Toronto Blue Jays,Nick Kurtz,Kevin Gausman,Alejandro Kirk,4,top,0,3-2,0,000,2,False,1.30442,BELOW_OUTSIDE,0.54901,0,0,1,000,0,STRIKEOUT,0,0,0,100,0,WALK,R1_NO_RUNNER_ACTION,EXACT,0.269187,0.891505,-0.622319,0.622319,0.622319,0.622319,0.622319,0.621523,False,[],Called Strike,Nick Kurtz called out on strikes.,MATCH
119,0.622319,False,A4:822863:18:8,822863:18:8,2026-08-07,822863,OFFENSE,Texas Rangers,Texas Rangers,Baltimore Orioles,Elias Díaz,Shane Baz,Carlos Narváez,3,bottom,-1,3-2,0,000,1,True,0.134082,OUTSIDE,0.335921,0,0,1,000,0,STRIKEOUT,0,0,0,100,0,WALK,R1_NO_RUNNER_ACTION,EXACT,0.269187,0.891505,-0.622319,0.622319,0.622319,0.622319,0.622319,0.63067,False,[],Called Strike,Elias Díaz called out on strikes.,MATCH
120,0.622319,False,A4:822881:44:6,822881:44:6,2026-07-07,822881,OFFENSE,Texas Rangers,Texas Rangers,Los Angeles Angels,Jake Burger,José Soriano,Logan O'Hoppe,6,bottom,0,3-2,0,000,1,True,0.0830226,BELOW,0.528905,0,0,1,000,0,STRIKEOUT,0,0,0,100,0,WALK,R1_NO_RUNNER_ACTION,EXACT,0.269187,0.891505,-0.622319,0.622319,0.622319,0.622319,0.622319,0.61997,False,[],Called Strike,Jake Burger called out on strikes.,MATCH
121,0.622319,False,A4:822894:53:6,822894:53:6,2026-05-29,822894,OFFENSE,Texas Rangers,Texas Rangers,Kansas City Royals,Josh Jung,Eli Morgan,Salvador Perez,7,bottom,8,3-2,0,000,2,False,1.14058,INSIDE,0.480217,0,0,1,000,0,STRIKEOUT,0,0,0,100,0,WALK,R1_NO_RUNNER_ACTION,EXACT,0.269187,0.891505,-0.622319,0.622319,0.622319,0.622319,0.622319,0.620971,False,[],Called Strike,Josh Jung called out on strikes.,MATCH
122,0.622319,False,A4:822913:11:6,822913:11:6,2026-04-22,822913,DEFENSE,Pittsburgh Pirates,Texas Rangers,Pittsburgh Pirates,Joc Pederson,Braxton Ashcraft,Henry Davis,2,bottom,-1,3-2,0,000,2,False,1.13633,NEAREST_INSIDE,,0,0,0,100,0,WALK,0,0,1,000,0,STRIKEOUT,R1_NO_RUNNER_ACTION,EXACT,0.891505,0.269187,0.622319,0.622319,0.622319,0.622319,0.622319,0.635361,False,[],Ball,Joc Pederson walks.,MATCH
123,0.622319,False,A4:822915:0:9,822915:0:9,2026-04-08,822915,DEFENSE,Texas Rangers,Seattle Mariners,Texas Rangers,Rob Refsnyder,MacKenzie Gore,Danny Jansen,1,top,0,3-2,0,000,2,False,0.957087,NEAREST_OUTSIDE,,0,0,0,100,0,WALK,0,0,1,000,0,STRIKEOUT,R1_NO_RUNNER_ACTION,EXACT,0.891505,0.269187,0.622319,0.622319,0.622319,0.622319,0.622319,0.635361,False,[],Ball,Rob Refsnyder walks.,MATCH
124,0.622319,False,A4:822916:28:6,822916:28:6,2026-04-07,822916,OFFENSE,Seattle Mariners,Seattle Mariners,Texas Rangers,J.P. Crawford,Nathan Eovaldi,Kyle Higashioka,5,top,1,3-2,0,000,1,True,0.0789371,BELOW_INSIDE,0.524327,0,0,1,000,0,STRIKEOUT,0,0,0,100,0,WALK,R1_NO_RUNNER_ACTION,EXACT,0.269187,0.891505,-0.622319,0.622319,0.622319,0.622319,0.622319,0.635361,False,[],Called Strike,J.P. Crawford called out on strikes.,MATCH
125,0.622319,False,A4:823032:63:7,823032:63:7,2026-07-08,823032,OFFENSE,Milwaukee Brewers,Milwaukee Brewers,St. Louis Cardinals,Garrett Mitchell,Riley O'Brien,Pedro Pagés,9,top,-4,3-2,0,000,1,True,0.693102,INSIDE,0.575921,0,0,1,000,0,STRIKEOUT,0,0,0,100,0,WALK,R1_NO_RUNNER_ACTION,EXACT,0.269187,0.891505,-0.622319,0.622319,0.622319,0.622319,0.622319,0.61997,False,[],Called Strike,Garrett Mitchell called out on strikes.,MATCH
126,0.622319,False,A4:823034:26:6,823034:26:6,2026-07-09,823034,DEFENSE,St. Louis Cardinals,Milwaukee Brewers,St. Louis Cardinals,Cooper Pratt,Andre Pallante,Iván Herrera,4,top,6,3-2,0,000,2,False,0.163426,NEAREST_TOP,,0,0,0,100,0,WALK,0,0,1,000,0,STRIKEOUT,R1_NO_RUNNER_ACTION,EXACT,0.891505,0.269187,0.622319,0.622319,0.622319,0.622319,0.622319,0.61997,False,[],Ball,Cooper Pratt walks.,MATCH
127,0.622319,False,A4:823048:17:6,823048:17:6,2026-06-06,823048,DEFENSE,St. Louis Cardinals,Cincinnati Reds,St. Louis Cardinals,Noelvi Marte,Matthew Liberatore,Pedro Pagés,3,top,-3,3-2,0,000,2,False,0.252203,NEAREST_TOP,,0,0,0,100,0,WALK,0,0,1,000,0,STRIKEOUT,R1_NO_RUNNER_ACTION,EXACT,0.891505,0.269187,0.622319,0.622319,0.622319,0.622319,0.622319,0.607846,False,[],Ball,Noelvi Marte walks.,MATCH
128,0.622319,False,A4:823126:15:6,823126:15:6,2026-06-20,823126,OFFENSE,Boston Red Sox,Boston Red Sox,Seattle Mariners,Marcelo Mayer,Emerson Hancock,Cal Raleigh,3,top,-1,3-2,0,000,2,False,0.0899013,INSIDE,0.406501,0,0,1,000,0,STRIKEOUT,0,0,0,100,0,WALK,R1_NO_RUNNER_ACTION,EXACT,0.269187,0.891505,-0.622319,0.622319,0.622319,0.622319,0.622319,0.607846,False,[],Called Strike,Marcelo Mayer called out on strikes.,MATCH
129,0.622319,False,A4:823138:17:5,823138:17:5,2026-05-17,823138,OFFENSE,Seattle Mariners,Seattle Mariners,San Diego Padres,Mitch Garver,Lucas Giolito,Freddy Fermin,3,bottom,-1,3-2,0,000,2,False,0.586037,OUTSIDE,0.46391,0,0,1,000,0,STRIKEOUT,0,0,0,100,0,WALK,R1_NO_RUNNER_ACTION,EXACT,0.269187,0.891505,-0.622319,0.622319,0.622319,0.622319,0.622319,0.620971,False,[],Called Strike,Mitch Garver called out on strikes.,MATCH
130,0.622319,False,A4:823163:8:6,823163:8:6,2026-03-26,823163,OFFENSE,Cleveland Guardians,Cleveland Guardians,Seattle Mariners,Bo Naylor,Logan Gilbert,Cal Raleigh,2,top,0,3-2,0,000,2,False,1.05094,BELOW,0.657592,0,0,1,000,0,STRIKEOUT,0,0,0,100,0,WALK,R1_NO_RUNNER_ACTION,EXACT,0.269187,0.891505,-0.622319,0.622319,0.622319,0.622319,0.622319,0.621523,False,[],Called Strike,Bo Naylor called out on strikes.,MATCH
131,0.622319,False,A4:823177:12:6,823177:12:6,2026-08-29,823177,DEFENSE,Arizona Diamondbacks,San Francisco Giants,Arizona Diamondbacks,Turner Hill,Merrill Kelly,Gabriel Moreno,2,bottom,0,3-2,0,000,2,False,0.0227887,NEAREST_OUTSIDE,,0,0,0,100,0,WALK,0,0,1,000,0,STRIKEOUT,R1_NO_RUNNER_ACTION,EXACT,0.891505,0.269187,0.622319,0.622319,0.622319,0.622319,0.622319,0.63067,False,[],Ball,Turner Hill walks.,MATCH
132,0.622319,False,A4:823190:14:5,823190:14:5,2026-08-09,823190,DEFENSE,San Francisco Giants,Detroit Tigers,San Francisco Giants,Eduardo Valencia,Logan Webb,Daniel Susac,3,top,0,3-2,0,000,1,True,0.32238,NEAREST_INSIDE,,0,0,0,100,0,WALK,0,0,1,000,0,STRIKEOUT,R1_NO_RUNNER_ACTION,EXACT,0.891505,0.269187,0.622319,0.622319,0.622319,0.622319,0.622319,0.63067,False,[],Ball,Eduardo Valencia walks.,MATCH
133,0.622319,False,A4:823236:34:6,823236:34:6,2026-04-21,823236,OFFENSE,Los Angeles Dodgers,Los Angeles Dodgers,San Francisco Giants,Alex Freeland,Landen Roupp,Patrick Bailey,5,top,-2,3-2,0,000,2,False,1.35815,ABOVE,0.54688,0,0,1,000,0,STRIKEOUT,0,0,0,100,0,WALK,R1_NO_RUNNER_ACTION,EXACT,0.269187,0.891505,-0.622319,0.622319,0.622319,0.622319,0.622319,0.635361,False,[],Called Strike,Alex Freeland called out on strikes.,MATCH
134,0.622319,False,A4:823276:38:6,823276:38:6,2026-07-11,823276,DEFENSE,San Diego Padres,Toronto Blue Jays,San Diego Padres,Jonatan Clase,Matt Waldron,Luis Campusano,4,top,-2,3-2,0,000,1,True,1.53757,NEAREST_INSIDE,,0,0,0,100,0,WALK,0,0,1,000,0,STRIKEOUT,R1_NO_RUNNER_ACTION,EXACT,0.891505,0.269187,0.622319,0.622319,0.622319,0.622319,0.622319,0.61997,False,[],Ball,Jonatan Clase walks.,MATCH
135,0.622319,False,A4:823307:22:7,823307:22:7,2026-05-03,823307,DEFENSE,San Diego Padres,Chicago White Sox,San Diego Padres,Colson Montgomery,Griffin Canning,Freddy Fermin,4,top,1,3-2,0,000,2,False,0.792264,NEAREST_TOP,,0,0,0,100,0,WALK,0,0,1,000,0,STRIKEOUT,R1_NO_RUNNER_ACTION,EXACT,0.891505,0.269187,0.622319,0.622319,0.622319,0.622319,0.622319,0.620971,False,[],Ball,Colson Montgomery walks.,MATCH
136,0.622319,False,A4:823323:8:8,823323:8:8,2026-03-28,823323,OFFENSE,Detroit Tigers,Detroit Tigers,San Diego Padres,Kevin McGonigle,Randy Vásquez,Freddy Fermin,2,top,0,3-2,0,000,2,False,0.870347,BELOW,0.608558,0,0,1,000,0,STRIKEOUT,0,0,0,100,0,WALK,R1_NO_RUNNER_ACTION,EXACT,0.269187,0.891505,-0.622319,0.622319,0.622319,0.622319,0.622319,0.621523,False,[],Called Strike,Kevin McGonigle called out on strikes.,MATCH
137,0.622319,False,A4:823367:6:5,823367:6:5,2026-06-24,823367,DEFENSE,Seattle Mariners,Pittsburgh Pirates,Seattle Mariners,Spencer Horwitz,Bryan Woo,Cal Raleigh,1,bottom,-1,3-2,0,000,2,False,0.0274777,NEAREST_BOTTOM,,0,0,0,100,0,WALK,0,0,1,000,0,STRIKEOUT,R1_NO_RUNNER_ACTION,EXACT,0.891505,0.269187,0.622319,0.622319,0.622319,0.622319,0.622319,0.607846,False,[],Ball,Spencer Horwitz walks.,MATCH
138,0.622319,False,A4:823402:50:6,823402:50:6,2026-04-07,823402,DEFENSE,San Diego Padres,Pittsburgh Pirates,San Diego Padres,Spencer Horwitz,Wandy Peralta,Freddy Fermin,7,bottom,1,3-2,0,000,1,True,0.603813,NEAREST_BOTTOM,,0,0,0,100,0,WALK,0,0,1,000,0,STRIKEOUT,R1_NO_RUNNER_ACTION,EXACT,0.891505,0.269187,0.622319,0.622319,0.622319,0.622319,0.622319,0.635361,False,[],Ball,Spencer Horwitz walks.,MATCH
139,0.622319,False,A4:823430:39:6,823430:39:6,2026-08-06,823430,DEFENSE,Philadelphia Phillies,Washington Nationals,Philadelphia Phillies,Keibert Ruiz,Cristopher Sánchez,J.T. Realmuto,5,top,-4,3-2,0,000,2,False,0.270745,NEAREST_BOTTOM,,0,0,0,100,0,WALK,0,0,1,000,0,STRIKEOUT,R1_NO_RUNNER_ACTION,EXACT,0.891505,0.269187,0.622319,0.622319,0.622319,0.622319,0.622319,0.63067,False,[],Ball,Keibert Ruiz walks.,MATCH
140,0.622319,False,A4:823518:23:5,823518:23:5,2026-07-22,823518,DEFENSE,Pittsburgh Pirates,New York Yankees,Pittsburgh Pirates,Spencer Jones,Mitch Keller,Henry Davis,4,bottom,0,3-2,0,000,1,True,0.547967,NEAREST_OUTSIDE,,0,0,0,100,0,WALK,0,0,1,000,0,STRIKEOUT,R1_NO_RUNNER_ACTION,EXACT,0.891505,0.269187,0.622319,0.622319,0.622319,0.622319,0.622319,0.61997,False,[],Ball,Spencer Jones walks.,MATCH
141,0.622319,False,A4:823532:21:6,823532:21:6,2026-06-20,823532,DEFENSE,Cincinnati Reds,New York Yankees,Cincinnati Reds,Anthony Volpe,Andrew Abbott,Jose Trevino,3,bottom,-1,3-2,0,000,2,False,1.92252,NEAREST_INSIDE,,0,0,0,100,0,WALK,0,0,1,000,0,STRIKEOUT,R1_NO_RUNNER_ACTION,EXACT,0.891505,0.269187,0.622319,0.622319,0.622319,0.622319,0.622319,0.607846,False,[],Ball,Anthony Volpe walks.,MATCH
142,0.622319,False,A4:823563:13:6,823563:13:6,2026-04-13,823563,DEFENSE,Los Angeles Angels,New York Yankees,Los Angeles Angels,Randal Grichuk,Yusei Kikuchi,Logan O'Hoppe,2,bottom,2,3-2,0,000,1,True,0.996662,NEAREST_INSIDE,,0,0,0,100,0,WALK,0,0,1,000,0,STRIKEOUT,R1_NO_RUNNER_ACTION,EXACT,0.891505,0.269187,0.622319,0.622319,0.622319,0.622319,0.622319,0.635361,False,[],Ball,Randal Grichuk walks.,MATCH
143,0.622319,False,A4:823569:6:5,823569:6:5,2026-04-04,823569,DEFENSE,Miami Marlins,New York Yankees,Miami Marlins,Trent Grisham,Max Meyer,Agustín Ramírez,1,bottom,-2,3-2,0,000,2,False,1.58345,NEAREST_OUTSIDE,,0,0,0,100,0,WALK,0,0,1,000,0,STRIKEOUT,R1_NO_RUNNER_ACTION,EXACT,0.891505,0.269187,0.622319,0.622319,0.622319,0.622319,0.622319,0.635361,False,[],Ball,Trent Grisham walks.,MATCH
144,0.622319,False,A4:823603:23:7,823603:23:7,2026-07-11,823603,DEFENSE,New York Mets,Boston Red Sox,New York Mets,Caleb Durbin,Freddy Peralta,Francisco Alvarez,4,top,0,3-2,0,000,1,True,0.0470768,NEAREST_OUTSIDE,,0,0,0,100,0,WALK,0,0,1,000,0,STRIKEOUT,R1_NO_RUNNER_ACTION,EXACT,0.891505,0.269187,0.622319,0.622319,0.622319,0.622319,0.622319,0.61997,False,[],Ball,Caleb Durbin walks.,MATCH
145,0.622319,False,A4:823676:47:7,823676:47:7,2026-07-28,823676,DEFENSE,Minnesota Twins,Kansas City Royals,Minnesota Twins,Nick Loftin,Kody Funderburk,Ryan Jeffers,7,top,1,3-2,0,000,1,True,0.216194,NEAREST_TOP,,0,0,0,100,0,WALK,0,0,1,000,0,STRIKEOUT,R1_NO_RUNNER_ACTION,EXACT,0.891505,0.269187,0.622319,0.622319,0.622319,0.622319,0.622319,0.61997,False,[],Ball,Nick Loftin walks.,MATCH
146,0.622319,False,A4:823698:0:9,823698:0:9,2026-06-04,823698,OFFENSE,Kansas City Royals,Kansas City Royals,Minnesota Twins,Carter Jensen,Andrew Morris,Victor Caratini,1,top,0,3-2,0,000,2,False,0.671526,BELOW,0.577928,0,0,1,000,0,STRIKEOUT,0,0,0,100,0,WALK,R1_NO_RUNNER_ACTION,EXACT,0.269187,0.891505,-0.622319,0.622319,0.622319,0.622319,0.622319,0.607846,False,[],Called Strike,Carter Jensen called out on strikes.,MATCH
147,0.622319,False,A4:823720:62:8,823720:62:8,2026-04-17,823720,OFFENSE,Cincinnati Reds,Cincinnati Reds,Minnesota Twins,Matt McLain,Cole Sands,Victor Caratini,9,top,1,3-2,0,000,1,True,0.48677,ABOVE,0.456013,0,0,1,000,0,STRIKEOUT,0,0,0,100,0,WALK,R1_NO_RUNNER_ACTION,EXACT,0.269187,0.891505,-0.622319,0.622319,0.622319,0.622319,0.622319,0.635361,False,[],Called Strike,Matt McLain called out on strikes.,MATCH
148,0.622319,False,A4:823722:33:5,823722:33:5,2026-04-15,823722,OFFENSE,Minnesota Twins,Minnesota Twins,Boston Red Sox,Ryan Jeffers,Connelly Early,Connor Wong,4,bottom,-4,3-2,0,000,2,False,0.322987,BELOW_OUTSIDE,0.517095,0,0,1,000,0,STRIKEOUT,0,0,0,100,0,WALK,R1_NO_RUNNER_ACTION,EXACT,0.269187,0.891505,-0.622319,0.622319,0.622319,0.622319,0.622319,0.635361,False,[],Called Strike,Ryan Jeffers called out on strikes.,MATCH
149,0.622319,False,A4:823751:42:6,823751:42:6,2026-08-09,823751,DEFENSE,Minnesota Twins,Milwaukee Brewers,Minnesota Twins,Brice Turang,Connor Prielipp,Victor Caratini,6,bottom,0,3-2,0,000,1,True,0.283928,NEAREST_INSIDE,,0,0,0,100,0,WALK,0,0,1,000,0,STRIKEOUT,R1_NO_RUNNER_ACTION,EXACT,0.891505,0.269187,0.622319,0.622319,0.622319,0.622319,0.622319,0.63067,False,[],Ball,Brice Turang walks.,MATCH
150,0.622319,False,A4:823754:0:10,823754:0:10,2026-08-06,823754,DEFENSE,Milwaukee Brewers,Pittsburgh Pirates,Milwaukee Brewers,Jake Mangum,Dustin May,Gary Sánchez,1,top,0,3-2,0,000,2,False,0.262813,NEAREST_TOP,,0,0,0,100,0,WALK,0,0,1,000,0,STRIKEOUT,R1_NO_RUNNER_ACTION,EXACT,0.891505,0.269187,0.622319,0.622319,0.622319,0.622319,0.622319,0.63067,False,[],Ball,Jake Mangum walks.,MATCH
151,0.622319,False,A4:823761:12:7,823761:12:7,2026-07-22,823761,DEFENSE,New York Mets,Milwaukee Brewers,New York Mets,Garrett Mitchell,Christian Scott,Francisco Alvarez,2,bottom,-1,3-2,0,000,1,True,0.358779,NEAREST_BOTTOM,,0,0,0,100,0,WALK,0,0,1,000,0,STRIKEOUT,R1_NO_RUNNER_ACTION,EXACT,0.891505,0.269187,0.622319,0.622319,0.622319,0.622319,0.622319,0.61997,False,[],Ball,Garrett Mitchell walks.,MATCH
152,0.622319,False,A4:823786:8:6,823786:8:6,2026-05-24,823786,DEFENSE,Milwaukee Brewers,Los Angeles Dodgers,Milwaukee Brewers,Teoscar Hernández,Brandon Sproat,William Contreras,2,top,0,3-2,0,000,1,True,1.75505,NEAREST_OUTSIDE,,0,0,0,100,0,WALK,0,0,1,000,0,STRIKEOUT,R1_NO_RUNNER_ACTION,EXACT,0.891505,0.269187,0.622319,0.622319,0.622319,0.622319,0.622319,0.620971,False,[],Ball,Teoscar Hernández walks.,MATCH
153,0.622319,False,A4:823919:0:10,823919:0:10,2026-08-02,823919,DEFENSE,Los Angeles Dodgers,Boston Red Sox,Los Angeles Dodgers,Nick Sogard,Emmet Sheehan,Eliezer Alfonzo,1,top,0,3-2,0,000,2,False,1.91359,NEAREST_TOP,,0,0,0,100,0,WALK,0,0,1,000,0,STRIKEOUT,R1_NO_RUNNER_ACTION,EXACT,0.891505,0.269187,0.622319,0.622319,0.622319,0.622319,0.622319,0.63067,False,[],Ball,Nick Sogard walks.,MATCH
154,0.622319,False,A4:823946:32:8,823946:32:8,2026-05-29,823946,DEFENSE,Philadelphia Phillies,Los Angeles Dodgers,Philadelphia Phillies,Alex Call,Zack Wheeler,J.T. Realmuto,5,bottom,4,3-2,0,000,1,True,0.332049,NEAREST_OUTSIDE,,0,0,0,100,0,WALK,0,0,1,000,0,STRIKEOUT,R1_NO_RUNNER_ACTION,EXACT,0.891505,0.269187,0.622319,0.622319,0.622319,0.622319,0.622319,0.620971,False,[],Ball,Alex Call walks.,MATCH
155,0.622319,False,A4:823953:15:6,823953:15:6,2026-05-11,823953,DEFENSE,Los Angeles Dodgers,San Francisco Giants,Los Angeles Dodgers,Jesus Rodriguez,Roki Sasaki,Will Smith,3,top,1,3-2,0,000,2,False,1.11991,NEAREST_BOTTOM,,0,0,0,100,0,WALK,0,0,1,000,0,STRIKEOUT,R1_NO_RUNNER_ACTION,EXACT,0.891505,0.269187,0.622319,0.622319,0.622319,0.622319,0.622319,0.620971,False,[],Ball,Jesus Rodriguez walks.,MATCH
156,0.622319,False,A4:823970:3:6,823970:3:6,2026-04-01,823970,DEFENSE,Cleveland Guardians,Los Angeles Dodgers,Cleveland Guardians,Shohei Ohtani,Gavin Williams,Bo Naylor,1,bottom,0,3-2,0,000,2,False,1.44106,NEAREST_OUTSIDE,,0,0,0,100,0,WALK,0,0,1,000,0,STRIKEOUT,R1_NO_RUNNER_ACTION,EXACT,0.891505,0.269187,0.622319,0.622319,0.622319,0.622319,0.622319,0.635361,False,[],Ball,Shohei Ohtani walks.,MATCH
157,0.622319,False,A4:824047:3:7,824047:3:7,2026-04-19,824047,DEFENSE,San Diego Padres,Los Angeles Angels,San Diego Padres,Zach Neto,Michael King,Luis Campusano,1,bottom,0,3-2,0,000,2,False,0.119339,NEAREST_TOP,,0,0,0,100,0,WALK,0,0,1,000,0,STRIKEOUT,R1_NO_RUNNER_ACTION,EXACT,0.891505,0.269187,0.622319,0.622319,0.622319,0.622319,0.622319,0.635361,False,[],Ball,Zach Neto walks.,MATCH
158,0.622319,False,A4:824071:34:6,824071:34:6,2026-08-23,824071,OFFENSE,Detroit Tigers,Detroit Tigers,Kansas City Royals,Ben Malgeri,Daniel Lynch IV,Luke Maile,5,top,-4,3-2,0,000,2,False,0.111624,BELOW_OUTSIDE,0.518133,0,0,1,000,0,STRIKEOUT,0,0,0,100,0,WALK,R1_NO_RUNNER_ACTION,EXACT,0.269187,0.891505,-0.622319,0.622319,0.622319,0.622319,0.622319,0.63067,False,[],Called Strike,Ben Malgeri called out on strikes.,MATCH
159,0.622319,False,A4:824097:14:8,824097:14:8,2026-06-19,824097,DEFENSE,Kansas City Royals,St. Louis Cardinals,Kansas City Royals,Nathan Church,Seth Lugo,Carter Jensen,3,top,1,3-2,0,000,1,True,1.43534,NEAREST_BOTTOM,,0,0,0,100,0,WALK,0,0,1,000,0,STRIKEOUT,R1_NO_RUNNER_ACTION,EXACT,0.891505,0.269187,0.622319,0.622319,0.622319,0.622319,0.622319,0.607846,False,[],Ball,Nathan Church walks.,MATCH
160,0.622319,False,A4:824125:0:10,824125:0:10,2026-04-20,824125,DEFENSE,Kansas City Royals,Baltimore Orioles,Kansas City Royals,Gunnar Henderson,Seth Lugo,Carter Jensen,1,top,0,3-2,0,000,2,False,1.71219,NEAREST_TOP,,0,0,0,100,0,WALK,0,0,1,000,0,STRIKEOUT,R1_NO_RUNNER_ACTION,EXACT,0.891505,0.269187,0.622319,0.622319,0.622319,0.622319,0.622319,0.635361,False,[],Ball,Gunnar Henderson walks.,INTERVENING_STATE_CHANGING_EVENT
161,0.622319,False,A4:824259:63:6,824259:63:6,2026-06-24,824259,OFFENSE,New York Yankees,New York Yankees,Detroit Tigers,Jasson Domínguez,Enmanuel De Jesus,Jake Rogers,9,top,2,3-2,0,000,2,False,0.361911,OUTSIDE,0.584738,0,0,1,000,0,STRIKEOUT,0,0,0,100,0,WALK,R1_NO_RUNNER_ACTION,EXACT,0.269187,0.891505,-0.622319,0.622319,0.622319,0.622319,0.622319,0.607846,False,[],Called Strike,Jasson Domínguez called out on strikes.,MATCH
162,0.622319,False,A4:824289:3:6,824289:3:6,2026-04-16,824289,DEFENSE,Kansas City Royals,Detroit Tigers,Kansas City Royals,Gleyber Torres,Kris Bubic,Carter Jensen,1,bottom,0,3-2,0,000,2,False,1.30726,NEAREST_BOTTOM,,0,0,0,100,0,WALK,0,0,1,000,0,STRIKEOUT,R1_NO_RUNNER_ACTION,EXACT,0.891505,0.269187,0.622319,0.622319,0.622319,0.622319,0.622319,0.635361,False,[],Ball,Gleyber Torres walks.,MATCH
163,0.622319,False,A4:824393:63:12,824393:63:12,2026-08-30,824393,DEFENSE,Kansas City Royals,Cleveland Guardians,Kansas City Royals,Angel Genao,Jose Cuas,Carter Jensen,7,bottom,10,3-2,0,000,1,True,1.31935,NEAREST_TOP,,0,0,0,100,0,WALK,0,0,1,000,0,STRIKEOUT,R1_NO_RUNNER_ACTION,EXACT,0.891505,0.269187,0.622319,0.622319,0.622319,0.622319,0.622319,0.63067,False,[],Ball,Angel Genao walks.,MATCH
164,0.622319,False,A4:824427:8:5,824427:8:5,2026-06-08,824427,OFFENSE,New York Yankees,New York Yankees,Cleveland Guardians,Spencer Jones,Gavin Williams,Patrick Bailey,2,top,2,3-2,0,000,2,False,0.824888,INSIDE,0.509419,0,0,1,000,0,STRIKEOUT,0,0,0,100,0,WALK,R1_NO_RUNNER_ACTION,EXACT,0.269187,0.891505,-0.622319,0.622319,0.622319,0.622319,0.622319,0.607846,False,[],Called Strike,Spencer Jones called out on strikes.,MATCH
165,0.622319,False,A4:824455:13:7,824455:13:7,2026-04-08,824455,OFFENSE,Cleveland Guardians,Cleveland Guardians,Kansas City Royals,Austin Hedges,Luinder Avila,Carter Jensen,2,bottom,3,3-2,0,000,2,False,1.55196,OUTSIDE,0.518549,0,0,1,000,0,STRIKEOUT,0,0,0,100,0,WALK,R1_NO_RUNNER_ACTION,EXACT,0.269187,0.891505,-0.622319,0.622319,0.622319,0.622319,0.622319,0.635361,False,[],Called Strike,Austin Hedges called out on strikes.,MATCH
166,0.622319,False,A4:824576:19:6,824576:19:6,2026-07-11,824576,OFFENSE,Chicago White Sox,Chicago White Sox,Athletics,Drew Romo,Gage Jump,Shea Langeliers,3,bottom,0,3-2,0,000,2,False,0.231191,OUTSIDE,0.389079,0,0,1,000,0,STRIKEOUT,0,0,0,100,0,WALK,R1_NO_RUNNER_ACTION,EXACT,0.269187,0.891505,-0.622319,0.622319,0.622319,0.622319,0.622319,0.61997,False,[],Called Strike,Drew Romo called out on strikes.,MATCH
167,0.622319,False,A4:824586:34:7,824586:34:7,2026-06-14,824586,OFFENSE,Chicago White Sox,Chicago White Sox,Los Angeles Dodgers,Chase Meidroth,Emmet Sheehan,Dalton Rushing,5,bottom,-1,3-2,0,000,1,True,0.286107,OUTSIDE,0.397199,0,0,1,000,0,STRIKEOUT,0,0,0,100,0,WALK,R1_NO_RUNNER_ACTION,EXACT,0.269187,0.891505,-0.622319,0.622319,0.622319,0.622319,0.622319,0.607846,False,[],Called Strike,Chase Meidroth called out on strikes.,MATCH
168,0.622319,False,A4:824659:61:10,824659:61:10,2026-07-03,824659,OFFENSE,Chicago Cubs,Chicago Cubs,St. Louis Cardinals,Seiya Suzuki,Andre Pallante,Iván Herrera,6,bottom,-16,3-2,0,000,2,False,0.292869,ABOVE,0.519405,0,0,1,000,0,STRIKEOUT,0,0,0,100,0,WALK,R1_NO_RUNNER_ACTION,EXACT,0.269187,0.891505,-0.622319,0.622319,0.622319,0.622319,0.622319,0.61997,False,[],Called Strike,Seiya Suzuki called out on strikes.,MATCH
169,0.622319,False,A4:824672:45:8,824672:45:8,2026-06-04,824672,DEFENSE,Chicago Cubs,Athletics,Chicago Cubs,Zack Gelof,Trent Thornton,Moisés Ballesteros,7,top,5,3-2,0,000,2,False,0.129178,NEAREST_OUTSIDE,,0,0,0,100,0,WALK,0,0,1,000,0,STRIKEOUT,R1_NO_RUNNER_ACTION,EXACT,0.891505,0.269187,0.622319,0.622319,0.622319,0.622319,0.622319,0.607846,False,[],Ball,Zack Gelof walks.,MATCH
170,0.622319,False,A4:824756:0:8,824756:0:8,2026-05-27,824756,DEFENSE,Boston Red Sox,Atlanta Braves,Boston Red Sox,Ronald Acuña Jr.,Connelly Early,Mickey Gasper,1,top,0,3-2,0,000,2,False,0.551102,NEAREST_BOTTOM,,0,0,0,100,0,WALK,0,0,1,000,0,STRIKEOUT,R1_NO_RUNNER_ACTION,EXACT,0.891505,0.269187,0.622319,0.622319,0.622319,0.622319,0.622319,0.620971,False,[],Ball,Ronald Acuña Jr. walks.,MATCH
171,0.622319,False,A4:824765:41:8,824765:41:8,2026-05-10,824765,DEFENSE,Boston Red Sox,Tampa Bay Rays,Boston Red Sox,Ben Williamson,Zack Kelly,Mickey Gasper,6,top,3,3-2,0,000,2,False,0.716338,NEAREST_BOTTOM,,0,0,0,100,0,WALK,0,0,1,000,0,STRIKEOUT,R1_NO_RUNNER_ACTION,EXACT,0.891505,0.269187,0.622319,0.622319,0.622319,0.622319,0.622319,0.620971,False,[],Ball,Ben Williamson walks.,MATCH
172,0.622319,False,A4:824769:13:7,824769:13:7,2026-05-03,824769,OFFENSE,Boston Red Sox,Boston Red Sox,Houston Astros,Marcelo Mayer,Cody Bolton,Christian Vázquez,2,bottom,0,3-2,0,000,2,False,1.5797,OUTSIDE,0.482293,0,0,1,000,0,STRIKEOUT,0,0,0,100,0,WALK,R1_NO_RUNNER_ACTION,EXACT,0.269187,0.891505,-0.622319,0.622319,0.622319,0.622319,0.622319,0.620971,False,[],Called Strike,Marcelo Mayer called out on strikes.,MATCH
173,0.622319,False,A4:824801:36:7,824801:36:7,2026-08-19,824801,OFFENSE,New York Yankees,New York Yankees,Baltimore Orioles,Trent Grisham,Chris Bassitt,Carlos Narváez,5,top,1,3-2,0,000,1,True,1.45021,INSIDE,0.509509,0,0,1,000,0,STRIKEOUT,0,0,0,100,0,WALK,R1_NO_RUNNER_ACTION,EXACT,0.269187,0.891505,-0.622319,0.622319,0.622319,0.622319,0.622319,0.63067,False,[],Called Strike,Trent Grisham called out on strikes.,MATCH
174,0.622319,False,A4:824814:58:11,824814:58:11,2026-07-12,824814,OFFENSE,Kansas City Royals,Kansas City Royals,Baltimore Orioles,Carter Jensen,Grant Wolfram,Samuel Basallo,7,top,-5,3-2,0,000,2,False,0.0541712,OUTSIDE,0.548075,0,0,1,000,0,STRIKEOUT,0,0,0,100,0,WALK,R1_NO_RUNNER_ACTION,EXACT,0.269187,0.891505,-0.622319,0.622319,0.622319,0.622319,0.622319,0.61997,False,[],Called Strike,Carter Jensen called out on strikes.,MATCH
175,0.622319,False,A4:824820:10:6,824820:10:6,2026-07-07,824820,DEFENSE,Chicago Cubs,Baltimore Orioles,Chicago Cubs,Coby Mayo,Matthew Boyd,Miguel Amaya,2,bottom,0,3-2,0,000,2,False,0.387504,NEAREST_INSIDE,,0,0,0,100,0,WALK,0,0,1,000,0,STRIKEOUT,R1_NO_RUNNER_ACTION,EXACT,0.891505,0.269187,0.622319,0.622319,0.622319,0.622319,0.622319,0.61997,False,[],Ball,Coby Mayo walks.,MATCH
176,0.622319,False,A4:824895:6:6,824895:6:6,2026-07-21,824895,DEFENSE,San Diego Padres,Atlanta Braves,San Diego Padres,Drake Baldwin,Walker Buehler,Luis Campusano,1,bottom,-1,3-2,0,000,2,False,0.00567123,NEAREST_OUTSIDE,,0,0,0,100,0,WALK,0,0,1,000,0,STRIKEOUT,R1_NO_RUNNER_ACTION,EXACT,0.891505,0.269187,0.622319,0.622319,0.622319,0.622319,0.622319,0.61997,False,[],Ball,Drake Baldwin walks.,MATCH
177,0.622319,False,A4:824983:64:8,824983:64:8,2026-07-04,824983,OFFENSE,Athletics,Athletics,Miami Marlins,Nick Kurtz,Sandy Alcantara,Joe Mack,8,bottom,-5,3-2,0,000,1,True,0.262967,INSIDE,0.528172,0,0,1,000,0,STRIKEOUT,0,0,0,100,0,WALK,R1_NO_RUNNER_ACTION,EXACT,0.269187,0.891505,-0.622319,0.622319,0.622319,0.622319,0.622319,0.61997,False,[],Called Strike,Nick Kurtz called out on strikes.,MATCH
178,0.622319,False,A4:824985:31:6,824985:31:6,2026-07-01,824985,DEFENSE,Los Angeles Dodgers,Athletics,Los Angeles Dodgers,Jonah Heim,Charlie Barnes,Chuckie Robinson,4,bottom,0,3-2,0,000,2,False,0.57023,NEAREST_BOTTOM,,0,0,0,100,0,WALK,0,0,1,000,0,STRIKEOUT,R1_NO_RUNNER_ACTION,EXACT,0.891505,0.269187,0.622319,0.622319,0.622319,0.622319,0.622319,0.61997,False,[],Ball,Jonah Heim walks.,MATCH
179,0.622319,False,A4:825006:36:7,825006:36:7,2026-05-17,825006,OFFENSE,Athletics,Athletics,San Francisco Giants,Lawrence Butler,Adrian Houser,Daniel Susac,5,bottom,-2,3-2,0,000,1,True,0.0703044,INSIDE,0.389673,0,0,1,000,0,STRIKEOUT,0,0,0,100,0,WALK,R1_NO_RUNNER_ACTION,EXACT,0.269187,0.891505,-0.622319,0.622319,0.622319,0.622319,0.622319,0.620971,False,[],Called Strike,Lawrence Butler called out on strikes.,MATCH
180,0.622319,False,A4:825048:10:6,825048:10:6,2026-08-10,825048,DEFENSE,Arizona Diamondbacks,Colorado Rockies,Arizona Diamondbacks,Hunter Goodman,Michael Soroka,Gabriel Moreno,2,top,-4,3-2,0,000,2,False,0.00454843,NEAREST_INSIDE,,0,0,0,100,0,WALK,0,0,1,000,0,STRIKEOUT,R1_NO_RUNNER_ACTION,EXACT,0.891505,0.269187,0.622319,0.622319,0.622319,0.622319,0.622319,0.63067,False,[],Ball,Hunter Goodman walks.,MATCH
181,0.622319,False,A4:825049:17:7,825049:17:7,2026-08-08,825049,OFFENSE,Arizona Diamondbacks,Arizona Diamondbacks,Los Angeles Dodgers,Ryan Waldschmidt,Yoshinobu Yamamoto,Hunter Feduccia,3,bottom,0,3-2,0,000,2,False,0.840047,OUTSIDE,0.500654,0,0,1,000,0,STRIKEOUT,0,0,0,100,0,WALK,R1_NO_RUNNER_ACTION,EXACT,0.269187,0.891505,-0.622319,0.622319,0.622319,0.622319,0.622319,0.63067,False,[],Called Strike,Ryan Waldschmidt called out on strikes.,MATCH
182,0.622319,False,A4:825083:20:8,825083:20:8,2026-05-21,825083,DEFENSE,Arizona Diamondbacks,Colorado Rockies,Arizona Diamondbacks,Willi Castro,Eduardo Rodriguez,Gabriel Moreno,4,top,0,3-2,0,000,2,False,0.289355,NEAREST_BOTTOM,,0,0,0,100,0,WALK,0,0,1,000,0,STRIKEOUT,R1_NO_RUNNER_ACTION,EXACT,0.891505,0.269187,0.622319,0.622319,0.622319,0.622319,0.622319,0.620971,False,[],Ball,Willi Castro walks.,MATCH
183,0.621457,False,A4:823390:2:6,823390:2:6,2026-04-28,823390,OFFENSE,St. Louis Cardinals,St. Louis Cardinals,Pittsburgh Pirates,Alec Burleson,Braxton Ashcraft,Henry Davis,1,top,0,3-2,1,010,2,False,1.33128,BELOW,0.694172,0,0,2,010,0,STRIKEOUT,0,0,1,110,0,WALK,R1_NO_RUNNER_ACTION,EXACT,0.320167,0.941624,-0.621457,0.621457,0.621457,0.621457,0.621457,0.598134,False,[],Called Strike,Alec Burleson called out on strikes.,MATCH
184,0.621457,False,A4:823461:32:7,823461:32:7,2026-05-22,823461,OFFENSE,Philadelphia Phillies,Philadelphia Phillies,Cleveland Guardians,J.T. Realmuto,Gavin Williams,Austin Hedges,5,bottom,0,3-2,1,010,1,True,0.438993,ABOVE,0.354662,0,0,2,010,0,STRIKEOUT,0,0,1,110,0,WALK,R1_NO_RUNNER_ACTION,EXACT,0.320167,0.941624,-0.621457,0.621457,0.621457,0.621457,0.621457,0.614403,False,[],Called Strike,J.T. Realmuto called out on strikes.,MATCH
185,0.621457,False,A4:823633:8:6,823633:8:6,2026-04-29,823633,DEFENSE,Washington Nationals,New York Mets,Washington Nationals,MJ Melendez,Cade Cavalli,Keibert Ruiz,1,bottom,-2,3-2,1,010,2,False,0.80555,NEAREST_TOP,,0,0,1,110,0,WALK,0,0,2,010,0,STRIKEOUT,R1_NO_RUNNER_ACTION,EXACT,0.941624,0.320167,0.621457,0.621457,0.621457,0.621457,0.621457,0.598134,False,[],Ball,MJ Melendez walks.,MATCH
186,0.621457,False,A4:823647:37:5,823647:37:5,2026-03-29,823647,OFFENSE,Pittsburgh Pirates,Pittsburgh Pirates,New York Mets,Bryan Reynolds,Nolan McLean,Luis Torrens,5,top,1,3-2,1,010,1,True,2.46249,OUTSIDE,0.622562,0,0,2,010,0,STRIKEOUT,0,0,1,110,0,WALK,R1_NO_RUNNER_ACTION,EXACT,0.320167,0.941624,-0.621457,0.621457,0.621457,0.621457,0.621457,0.610354,False,[],Called Strike,Bryan Reynolds called out on strikes.,MATCH
187,0.621457,False,A4:823673:64:6,823673:64:6,2026-08-11,823673,OFFENSE,Baltimore Orioles,Baltimore Orioles,Minnesota Twins,Christian Franklin,Tommy Nance,Ryan Jeffers,8,top,3,3-2,1,010,2,False,0.872962,ABOVE,0.682522,0,0,2,010,0,STRIKEOUT,0,0,1,110,0,WALK,R1_NO_RUNNER_ACTION,EXACT,0.320167,0.941624,-0.621457,0.621457,0.621457,0.621457,0.621457,0.633317,False,[],Called Strike,Christian Franklin called out on strikes.,MATCH
188,0.621457,False,A4:823999:2:5,823999:2:5,2026-07-31,823999,OFFENSE,Milwaukee Brewers,Milwaukee Brewers,Los Angeles Angels,Christian Yelich,Ryan Johnson,Travis d'Arnaud,1,top,0,3-2,1,010,2,False,0.255324,INSIDE,0.425131,0,0,2,010,0,STRIKEOUT,0,0,1,110,0,WALK,R1_NO_RUNNER_ACTION,EXACT,0.320167,0.941624,-0.621457,0.621457,0.621457,0.621457,0.621457,0.628217,False,[],Called Strike,Christian Yelich called out on strikes.,MATCH
189,0.621457,False,A4:824036:9:9,824036:9:9,2026-05-06,824036,DEFENSE,Los Angeles Angels,Chicago White Sox,Los Angeles Angels,Jarred Kelenic,Walbert Ureña,Travis d'Arnaud,2,top,1,3-2,1,010,2,False,0.663353,NEAREST_BOTTOM,,0,0,1,110,0,WALK,0,0,2,010,0,STRIKEOUT,R1_NO_RUNNER_ACTION,EXACT,0.941624,0.320167,0.621457,0.621457,0.621457,0.621457,0.621457,0.614403,False,[],Ball,Jarred Kelenic walks.,MATCH
190,0.621457,False,A4:824417:51:7,824417:51:7,2026-07-03,824417,DEFENSE,Chicago White Sox,Cleveland Guardians,Chicago White Sox,Brayan Rocchio,Seranthony Domínguez,Kyle Teel,7,bottom,-2,3-2,1,010,1,True,0.477897,NEAREST_OUTSIDE,,0,0,1,110,0,WALK,0,0,2,010,0,STRIKEOUT,R1_NO_RUNNER_ACTION,EXACT,0.941624,0.320167,0.621457,0.621457,0.621457,0.621457,0.621457,0.628217,False,[],Ball,Brayan Rocchio walks.,MATCH
191,0.621457,False,A4:824424:71:11,824424:71:11,2026-09-04,824424,OFFENSE,Detroit Tigers,Detroit Tigers,Cleveland Guardians,Gleyber Torres,Cade Smith,Patrick Bailey,9,top,0,3-2,1,010,2,False,0.0774568,INSIDE,0.576872,0,0,2,010,0,STRIKEOUT,0,0,1,110,0,WALK,R1_NO_RUNNER_ACTION,EXACT,0.320167,0.941624,-0.621457,0.621457,0.621457,0.621457,0.621457,0.625175,False,[],Called Strike,Gleyber Torres called out on strikes.,MATCH
192,0.621457,False,A4:824443:55:9,824443:55:9,2026-05-08,824443,OFFENSE,Minnesota Twins,Minnesota Twins,Cleveland Guardians,Ryan Jeffers,Colin Holderman,Austin Hedges,7,top,-1,3-2,1,010,2,False,0.971381,OUTSIDE,0.647488,0,0,2,010,0,STRIKEOUT,0,0,1,110,0,WALK,R1_NO_RUNNER_ACTION,EXACT,0.320167,0.941624,-0.621457,0.621457,0.621457,0.621457,0.621457,0.614403,False,[],Called Strike,Ryan Jeffers called out on strikes.,MATCH
193,0.621188,False,A4:823114:47:11,823114:47:11,2026-07-21,823114,DEFENSE,Cincinnati Reds,Seattle Mariners,Cincinnati Reds,Julio Rodríguez,Tejay Antone,Jose Trevino,6,bottom,-3,2-2,1,110,1,True,1.05128,NEAREST_INSIDE,,3,2,1,110,0,CONTINUES,0,0,2,110,0,STRIKEOUT,R1_NO_RUNNER_ACTION,EXACT,1.075,0.453815,0.621188,0.621188,0.621188,0.621188,0.621188,0.598612,False,[],Ball,"Julio Rodríguez grounds into a force out, shortstop Elly De La Cruz to second baseman Edwin Arroyo. Dominic Canzone to 3rd. Josh Naylor out at 2nd. Julio Rodríguez to 1st.",MATCH
194,0.621188,False,A4:823121:58:5,823121:58:5,2026-06-29,823121,OFFENSE,Los Angeles Angels,Los Angeles Angels,Seattle Mariners,Denzer Guzman,George Kirby,Cal Raleigh,8,top,-4,2-2,1,110,2,False,0.0607023,BELOW,0.678028,0,0,2,110,0,STRIKEOUT,3,2,1,110,0,CONTINUES,R1_NO_RUNNER_ACTION,EXACT,0.453815,1.075,-0.621188,0.621188,0.621188,0.621188,0.621188,0.65408,False,[],Called Strike,Denzer Guzman called out on strikes.,MATCH
195,0.621188,False,A4:823503:29:5,823503:29:5,2026-08-27,823503,OFFENSE,New York Yankees,New York Yankees,Houston Astros,George Lombard Jr.,Hayden Wesneski,Yainer Diaz,4,bottom,-1,2-2,1,110,2,False,0.140225,BELOW,0.438586,0,0,2,110,0,STRIKEOUT,3,2,1,110,0,CONTINUES,R1_NO_RUNNER_ACTION,EXACT,0.453815,1.075,-0.621188,0.621188,0.621188,0.621188,0.621188,0.624387,False,[],Called Strike,George Lombard Jr. called out on strikes.,MATCH
196,0.621188,False,A4:823611:32:6,823611:32:6,2026-06-24,823611,OFFENSE,Chicago Cubs,Chicago Cubs,New York Mets,Seiya Suzuki,Huascar Brazobán,Francisco Alvarez,4,top,1,2-2,1,110,2,False,0.213958,BELOW,0.561009,0,0,2,110,0,STRIKEOUT,3,2,1,110,0,CONTINUES,R1_NO_RUNNER_ACTION,EXACT,0.453815,1.075,-0.621188,0.621188,0.621188,0.621188,0.621188,0.65408,False,[],Called Strike,Seiya Suzuki called out on strikes.,MATCH
197,0.621188,False,A4:823828:59:8,823828:59:8,2026-08-24,823828,DEFENSE,Boston Red Sox,Miami Marlins,Boston Red Sox,Owen Caissie,Brayan Bello,Adley Rutschman,7,bottom,0,2-2,1,110,1,True,0.175632,NEAREST_OUTSIDE,,3,2,1,110,0,CONTINUES,0,0,2,110,0,STRIKEOUT,R1_NO_RUNNER_ACTION,EXACT,1.075,0.453815,0.621188,0.621188,0.621188,0.621188,0.621188,0.624387,False,[],Ball,Owen Caissie walks. Otto Lopez to 3rd. Heriberto Hernández to 2nd.,MATCH
198,0.621188,False,A4:824259:13:4,824259:13:4,2026-06-24,824259,OFFENSE,Detroit Tigers,Detroit Tigers,New York Yankees,Ben Malgeri,Ryan Weathers,Austin Wells,2,bottom,-1,2-2,1,110,2,False,0.669848,OUTSIDE,0.286482,0,0,2,110,0,STRIKEOUT,3,2,1,110,0,CONTINUES,R1_NO_RUNNER_ACTION,EXACT,0.453815,1.075,-0.621188,0.621188,0.621188,0.621188,0.621188,0.65408,False,[],Called Strike,Ben Malgeri called out on strikes.,MATCH
199,0.621188,False,A4:824745:50:6,824745:50:6,2026-06-27,824745,DEFENSE,Boston Red Sox,New York Yankees,Boston Red Sox,José Caballero,Justin Slaten,Carlos Narváez,7,top,-3,2-2,1,110,2,False,0.488879,NEAREST_OUTSIDE,,3,2,1,110,0,CONTINUES,0,0,2,110,0,STRIKEOUT,R1_NO_RUNNER_ACTION,EXACT,1.075,0.453815,0.621188,0.621188,0.621188,0.621188,0.621188,0.65408,False,[],Ball,"José Caballero challenged (pitch result), call on the field was confirmed: José Caballero called out on strikes.",MATCH
200,0.621188,False,A4:824801:7:6,824801:7:6,2026-08-19,824801,DEFENSE,New York Yankees,Baltimore Orioles,New York Yankees,Samuel Basallo,Will Warren,Austin Wells,1,bottom,0,2-2,1,110,2,False,2.24203,NEAREST_INSIDE,,3,2,1,110,0,CONTINUES,0,0,2,110,0,STRIKEOUT,R1_NO_RUNNER_ACTION,EXACT,1.075,0.453815,0.621188,0.621188,0.621188,0.621188,0.621188,0.624387,False,[],Ball,Samuel Basallo lines out to center fielder Trent Grisham. Jackson Holliday to 3rd.,MATCH
201,0.60471,False,A4:823010:11:5,823010:11:5,2026-08-30,823010,OFFENSE,Pittsburgh Pirates,Pittsburgh Pirates,St. Louis Cardinals,Spencer Horwitz,Matthew Liberatore,Iván Herrera,2,top,2,3-1,0,100,2,False,0.140263,ABOVE,0.127426,3,2,0,100,0,CONTINUES,0,0,0,110,0,WALK,R1_NO_RUNNER_ACTION,EXACT,0.970472,1.57518,-0.60471,0.60471,0.60471,0.60471,0.60471,0.611306,False,[],Called Strike,Spencer Horwitz strikes out swinging.,MATCH
202,0.60471,False,A4:823041:25:4,823041:25:4,2026-06-24,823041,DEFENSE,St. Louis Cardinals,Arizona Diamondbacks,St. Louis Cardinals,Gabriel Moreno,Matthew Liberatore,Pedro Pagés,4,top,-1,3-1,0,100,2,False,1.00987,NEAREST_INSIDE,,0,0,0,110,0,WALK,3,2,0,100,0,CONTINUES,R1_NO_RUNNER_ACTION,EXACT,1.57518,0.970472,0.60471,0.60471,0.60471,0.60471,0.60471,0.603137,False,[],Ball,Gabriel Moreno walks. Corbin Carroll to 2nd.,MATCH
203,0.60471,False,A4:823101:63:6,823101:63:6,2026-08-21,823101,DEFENSE,Seattle Mariners,Chicago Cubs,Seattle Mariners,Pedro Ramírez,Eduard Bazardo,Cal Raleigh,8,top,-1,3-1,0,100,2,False,2.22447,NEAREST_INSIDE,,0,0,0,110,0,WALK,3,2,0,100,0,CONTINUES,R1_NO_RUNNER_ACTION,EXACT,1.57518,0.970472,0.60471,0.60471,0.60471,0.60471,0.60471,0.611306,False,[],Ball,Pedro Ramírez walks. Nico Hoerner to 2nd.,MATCH
204,0.60471,False,A4:823317:51:4,823317:51:4,2026-04-12,823317,OFFENSE,Colorado Rockies,Colorado Rockies,San Diego Padres,TJ Rumfield,David Morgan,Freddy Fermin,7,top,-4,3-1,0,100,1,True,0.169657,OUTSIDE,0.244728,3,2,0,100,0,CONTINUES,0,0,0,110,0,WALK,R1_NO_RUNNER_ACTION,EXACT,0.970472,1.57518,-0.60471,0.60471,0.60471,0.60471,0.60471,0.585598,False,[],Called Strike,TJ Rumfield pops out to second baseman Fernando Tatis Jr.,MATCH
205,0.60471,False,A4:823346:52:4,823346:52:4,2026-08-14,823346,DEFENSE,Pittsburgh Pirates,Boston Red Sox,Pittsburgh Pirates,Andruw Monasterio,Camilo Doval,Henry Davis,7,top,-5,3-1,0,100,1,True,0.58189,NEAREST_TOP,,0,0,0,110,0,WALK,3,2,0,100,0,CONTINUES,R1_NO_RUNNER_ACTION,EXACT,1.57518,0.970472,0.60471,0.60471,0.60471,0.60471,0.60471,0.611306,False,[],Ball,Andruw Monasterio walks. Jarren Duran to 2nd.,MATCH
206,0.60471,False,A4:823382:1:4,823382:1:4,2026-05-16,823382,OFFENSE,Philadelphia Phillies,Philadelphia Phillies,Pittsburgh Pirates,Kyle Schwarber,Bubba Chandler,Henry Davis,1,top,0,3-1,0,100,2,False,0.260599,BELOW,0.281055,3,2,0,100,0,CONTINUES,0,0,0,110,0,WALK,R1_NO_RUNNER_ACTION,EXACT,0.970472,1.57518,-0.60471,0.60471,0.60471,0.60471,0.60471,0.597358,False,[],Called Strike,Kyle Schwarber walks. Trea Turner to 2nd.,MATCH
207,0.60471,False,A4:823429:87:4,823429:87:4,2026-08-05,823429,DEFENSE,Philadelphia Phillies,Washington Nationals,Philadelphia Phillies,Dylan Crews,Caleb Kilian,J.T. Realmuto,11,top,3,3-1,0,100,1,True,0.663948,NEAREST_BOTTOM,,0,0,0,110,0,WALK,3,2,0,100,0,CONTINUES,R1_NO_RUNNER_ACTION,EXACT,1.57518,0.970472,0.60471,0.60471,0.60471,0.60471,0.60471,0.611306,False,[],Ball,Dylan Crews walks. Miles Mikolas to 2nd.,MATCH
208,0.60471,False,A4:823481:55:4,823481:55:4,2026-04-13,823481,DEFENSE,Chicago Cubs,Philadelphia Phillies,Chicago Cubs,Bryce Harper,Charlie Barnes,Miguel Amaya,6,bottom,7,3-1,0,100,1,True,0.60817,NEAREST_OUTSIDE,,0,0,0,110,0,WALK,3,2,0,100,0,CONTINUES,R1_NO_RUNNER_ACTION,EXACT,1.57518,0.970472,0.60471,0.60471,0.60471,0.60471,0.60471,0.585598,False,[],Ball,Bryce Harper walks. Kyle Schwarber to 2nd.,MATCH
209,0.60471,False,A4:823501:28:5,823501:28:5,2026-08-29,823501,OFFENSE,Boston Red Sox,Boston Red Sox,New York Yankees,Caleb Durbin,Max Fried,Austin Wells,4,top,-2,3-1,0,100,2,False,1.75887,ABOVE,0.360332,3,2,0,100,0,CONTINUES,0,0,0,110,0,WALK,R1_NO_RUNNER_ACTION,EXACT,0.970472,1.57518,-0.60471,0.60471,0.60471,0.60471,0.60471,0.611306,False,[],Called Strike,Caleb Durbin strikes out swinging.,MATCH
210,0.60471,False,A4:823703:1:5,823703:1:5,2026-05-20,823703,OFFENSE,Houston Astros,Houston Astros,Minnesota Twins,Isaac Paredes,Joe Ryan,Victor Caratini,1,top,0,3-1,0,100,2,False,1.22532,OUTSIDE,0.237312,3,2,0,100,0,CONTINUES,0,0,0,110,0,WALK,R1_NO_RUNNER_ACTION,EXACT,0.970472,1.57518,-0.60471,0.60471,0.60471,0.60471,0.60471,0.597358,False,[],Called Strike,Isaac Paredes flies out to right fielder Kody Clemens.,MATCH
211,0.60471,False,A4:823750:57:4,823750:57:4,2026-08-07,823750,OFFENSE,Milwaukee Brewers,Milwaukee Brewers,Minnesota Twins,Cooper Pratt,Tommy Nance,Ryan Jeffers,6,bottom,-2,3-1,0,100,1,True,0.89862,ABOVE,0.250995,3,2,0,100,0,CONTINUES,0,0,0,110,0,WALK,R1_NO_RUNNER_ACTION,EXACT,0.970472,1.57518,-0.60471,0.60471,0.60471,0.60471,0.60471,0.611306,False,[],Called Strike,"Cooper Pratt grounds out, third baseman Ryan Kreidler to first baseman Victor Caratini. Luis Lara to 2nd.",MATCH
212,0.60471,False,A4:823788:63:4,823788:63:4,2026-05-22,823788,OFFENSE,Los Angeles Dodgers,Los Angeles Dodgers,Milwaukee Brewers,Kyle Tucker,Aaron Ashby,William Contreras,8,top,-4,3-1,0,100,2,False,0.0610687,OUTSIDE,0.264229,3,2,0,100,0,CONTINUES,0,0,0,110,0,WALK,R1_NO_RUNNER_ACTION,EXACT,0.970472,1.57518,-0.60471,0.60471,0.60471,0.60471,0.60471,0.597358,False,[],Called Strike,Kyle Tucker lines out to right fielder Sal Frelick.,MATCH
213,0.60471,False,A4:823971:7:4,823971:7:4,2026-03-27,823971,DEFENSE,Los Angeles Dodgers,Arizona Diamondbacks,Los Angeles Dodgers,Pavin Smith,Emmet Sheehan,Will Smith,2,top,0,3-1,0,100,2,False,0.926314,NEAREST_OUTSIDE,,0,0,0,110,0,WALK,3,2,0,100,0,CONTINUES,R1_NO_RUNNER_ACTION,EXACT,1.57518,0.970472,0.60471,0.60471,0.60471,0.60471,0.60471,0.614419,False,[],Ball,Pavin Smith walks. Gabriel Moreno to 2nd.,MATCH
214,0.60471,False,A4:824093:67:5,824093:67:5,2026-07-02,824093,OFFENSE,Tampa Bay Rays,Tampa Bay Rays,Kansas City Royals,Yandy Díaz,Steven Cruz,Carter Jensen,9,top,3,3-1,0,100,2,False,0.23475,INSIDE,0.363171,3,2,0,100,0,CONTINUES,0,0,0,110,0,WALK,R1_NO_RUNNER_ACTION,EXACT,0.970472,1.57518,-0.60471,0.60471,0.60471,0.60471,0.60471,0.620087,False,[],Called Strike,Yandy Díaz walks. Jonny DeLuca to 2nd.,MATCH
215,0.60471,False,A4:824269:55:6,824269:55:6,2026-06-06,824269,OFFENSE,Seattle Mariners,Seattle Mariners,Detroit Tigers,Luke Raley,Ty Madden,Dillon Dingler,8,top,4,3-1,0,100,1,True,1.00229,ABOVE,0.267514,3,2,0,100,0,CONTINUES,0,0,0,110,0,WALK,R1_NO_RUNNER_ACTION,EXACT,0.970472,1.57518,-0.60471,0.60471,0.60471,0.60471,0.60471,0.603137,False,[],Called Strike,Luke Raley pops out to second baseman Gleyber Torres.,MATCH
216,0.60471,False,A4:824283:48:4,824283:48:4,2026-05-04,824283,OFFENSE,Boston Red Sox,Boston Red Sox,Detroit Tigers,Andruw Monasterio,Ricky Vanasco,Dillon Dingler,7,top,-2,3-1,0,100,1,True,0.834521,BELOW,0.408043,3,2,0,100,0,CONTINUES,0,0,0,110,0,WALK,R1_NO_RUNNER_ACTION,EXACT,0.970472,1.57518,-0.60471,0.60471,0.60471,0.60471,0.60471,0.597358,False,[],Called Strike,Andruw Monasterio singles on a ground ball to right fielder Wenceel Pérez. Carlos Narváez to 2nd.,MATCH
217,0.60471,False,A4:824290:63:4,824290:63:4,2026-04-21,824290,DEFENSE,Detroit Tigers,Milwaukee Brewers,Detroit Tigers,Sal Frelick,Enmanuel De Jesus,Dillon Dingler,8,top,6,3-1,0,100,2,False,2.96548,NEAREST_TOP,,0,0,0,110,0,WALK,3,2,0,100,0,CONTINUES,R1_NO_RUNNER_ACTION,EXACT,1.57518,0.970472,0.60471,0.60471,0.60471,0.60471,0.60471,0.585598,False,[],Ball,Sal Frelick walks. Luis Rengifo to 2nd.,MATCH
218,0.60471,False,A4:824364:66:5,824364:66:5,2026-05-03,824364,DEFENSE,Atlanta Braves,Colorado Rockies,Atlanta Braves,Troy Johnston,Reynaldo López,Jonah Heim,7,bottom,-3,3-1,0,100,2,False,0.400175,NEAREST_OUTSIDE,,0,0,0,110,0,WALK,3,2,0,100,0,CONTINUES,R1_NO_RUNNER_ACTION,EXACT,1.57518,0.970472,0.60471,0.60471,0.60471,0.60471,0.60471,0.597358,False,[],Ball,Troy Johnston walks. TJ Rumfield to 2nd.,MATCH
219,0.60471,False,A4:824389:19:4,824389:19:4,2026-09-05,824389,DEFENSE,Cleveland Guardians,Detroit Tigers,Cleveland Guardians,Hao-Yu Lee,Parker Messick,Austin Hedges,3,top,1,3-1,0,100,2,False,0.360163,NEAREST_OUTSIDE,,0,0,0,110,0,WALK,3,2,0,100,0,CONTINUES,R1_NO_RUNNER_ACTION,EXACT,1.57518,0.970472,0.60471,0.60471,0.60471,0.60471,0.60471,0.60281,False,[],Ball,Hao-Yu Lee walks. Gleyber Torres to 2nd.,MATCH
220,0.60471,False,A4:824539:63:5,824539:63:5,2026-03-30,824539,OFFENSE,Pittsburgh Pirates,Pittsburgh Pirates,Cincinnati Reds,Ryan O'Hearn,Connor Phillips,Tyler Stephenson,9,top,-2,3-1,0,100,2,False,0.300901,INSIDE,0.414743,3,2,0,100,0,CONTINUES,0,0,0,110,0,WALK,R1_NO_RUNNER_ACTION,EXACT,0.970472,1.57518,-0.60471,0.60471,0.60471,0.60471,0.60471,0.614419,False,[],Called Strike,Ryan O'Hearn walks. Marcell Ozuna to 2nd.,MATCH
221,0.60471,False,A4:824600:4:5,824600:4:5,2026-05-16,824600,DEFENSE,Chicago Cubs,Chicago White Sox,Chicago Cubs,Munetaka Murakami,Jameson Taillon,Miguel Amaya,1,bottom,0,3-1,0,100,2,False,0.368066,NEAREST_OUTSIDE,,0,0,0,110,0,WALK,3,2,0,100,0,CONTINUES,R1_NO_RUNNER_ACTION,EXACT,1.57518,0.970472,0.60471,0.60471,0.60471,0.60471,0.60471,0.597358,False,[],Ball,Munetaka Murakami walks. Sam Antonacci to 2nd.,MATCH
222,0.60471,False,A4:824693:12:4,824693:12:4,2026-04-17,824693,OFFENSE,New York Mets,New York Mets,Chicago Cubs,MJ Melendez,Edward Cabrera,Carson Kelly,2,top,-4,3-1,0,100,2,False,0.326324,ABOVE,0.180288,3,2,0,100,0,CONTINUES,0,0,0,110,0,WALK,R1_NO_RUNNER_ACTION,EXACT,0.970472,1.57518,-0.60471,0.60471,0.60471,0.60471,0.60471,0.585598,False,[],Called Strike,MJ Melendez singles on a sharp line drive to right fielder Seiya Suzuki. Francisco Alvarez to 2nd.,MATCH
223,0.60471,False,A4:824812:29:4,824812:29:4,2026-07-24,824812,DEFENSE,Atlanta Braves,Baltimore Orioles,Atlanta Braves,Colton Cowser,Grant Holmes,Joey Bart,4,bottom,0,3-1,0,100,2,False,1.15385,NEAREST_TOP,,0,0,0,110,0,WALK,3,2,0,100,0,CONTINUES,R1_NO_RUNNER_ACTION,EXACT,1.57518,0.970472,0.60471,0.60471,0.60471,0.60471,0.60471,0.620087,False,[],Ball,Colton Cowser walks. Taylor Ward to 2nd.,MATCH
224,0.60471,False,A4:824863:49:5,824863:49:5,2026-03-30,824863,OFFENSE,Texas Rangers,Texas Rangers,Baltimore Orioles,Wyatt Langford,Dietrich Enns,Adley Rutschman,6,top,2,3-1,0,100,2,False,0.637263,INSIDE,0.22903,3,2,0,100,0,CONTINUES,0,0,0,110,0,WALK,R1_NO_RUNNER_ACTION,EXACT,0.970472,1.57518,-0.60471,0.60471,0.60471,0.60471,0.60471,0.614419,False,[],Called Strike,"Wyatt Langford challenged (pitch result), call on the field was confirmed: Wyatt Langford called out on strikes.",MATCH
225,0.60471,False,A4:824983:1:4,824983:1:4,2026-07-04,824983,DEFENSE,Athletics,Miami Marlins,Athletics,Kyle Stowers,Aaron Civale,Jonah Heim,1,top,0,3-1,0,100,2,False,0.0272096,NEAREST_TOP,,0,0,0,110,0,WALK,3,2,0,100,0,CONTINUES,R1_NO_RUNNER_ACTION,EXACT,1.57518,0.970472,0.60471,0.60471,0.60471,0.60471,0.60471,0.620087,False,[],Ball,Kyle Stowers walks. Liam Hicks to 2nd.,MATCH
226,0.60471,False,A4:825006:10:4,825006:10:4,2026-05-17,825006,OFFENSE,San Francisco Giants,San Francisco Giants,Athletics,Matt Chapman,Jeffrey Springs,Jonah Heim,2,top,0,3-1,0,100,2,False,0.918233,INSIDE,0.218846,3,2,0,100,0,CONTINUES,0,0,0,110,0,WALK,R1_NO_RUNNER_ACTION,EXACT,0.970472,1.57518,-0.60471,0.60471,0.60471,0.60471,0.60471,0.597358,False,[],Called Strike,Matt Chapman called out on strikes.,MATCH
227,0.600506,False,A4:823340:62:4,823340:62:4,2026-09-01,823340,DEFENSE,Pittsburgh Pirates,San Francisco Giants,Pittsburgh Pirates,Bryce Eldridge,Yohan Ramírez,Henry Davis,6,top,-6,3-1,1,110,1,True,0.175186,NEAREST_BOTTOM,,0,0,1,111,0,WALK,3,2,1,110,0,CONTINUES,R1_NO_RUNNER_ACTION,EXACT,1.67551,1.075,0.600506,0.600506,0.600506,0.600506,0.600506,0.610224,False,[],Ball,Bryce Eldridge walks. Christian Koss to 3rd. Turner Hill to 2nd.,MATCH
228,0.600506,False,A4:823400:15:6,823400:15:6,2026-04-13,823400,DEFENSE,Washington Nationals,Pittsburgh Pirates,Washington Nationals,Henry Davis,Cade Cavalli,Keibert Ruiz,2,bottom,-1,3-1,1,110,2,False,0.310454,NEAREST_OUTSIDE,,0,0,1,111,0,WALK,3,2,1,110,0,CONTINUES,R1_NO_RUNNER_ACTION,EXACT,1.67551,1.075,0.600506,0.600506,0.600506,0.600506,0.600506,0.604606,False,[],Ball,Henry Davis walks. Konnor Griffin to 3rd. Jake Mangum to 2nd.,MATCH
229,0.600506,False,A4:823587:11:4,823587:11:4,2026-08-19,823587,OFFENSE,San Diego Padres,San Diego Padres,New York Mets,Sung-Mun Song,Robert Stock,Luis Torrens,2,top,0,3-1,1,110,1,True,0.826697,OUTSIDE,0.256997,3,2,1,110,0,CONTINUES,0,0,1,111,0,WALK,R1_NO_RUNNER_ACTION,EXACT,1.075,1.67551,-0.600506,0.600506,0.600506,0.600506,0.600506,0.577892,False,[],Called Strike,Sung-Mun Song flies out to right fielder Carson Benge.,MATCH
230,0.600506,False,A4:823611:61:5,823611:61:5,2026-06-24,823611,OFFENSE,New York Mets,New York Mets,Chicago Cubs,Carson Benge,Hoby Milner,Carson Kelly,7,bottom,-1,3-1,1,110,2,False,0.133657,INSIDE,0.308411,3,2,1,110,0,CONTINUES,0,0,1,111,0,WALK,R1_NO_RUNNER_ACTION,EXACT,1.075,1.67551,-0.600506,0.600506,0.600506,0.600506,0.600506,0.560163,False,[],Called Strike,"Carson Benge grounds into a force out, catcher Carson Kelly to shortstop Dansby Swanson. A.J. Ewing to 3rd. MJ Melendez out at 2nd. Carson Benge to 1st.",MATCH
231,0.600506,False,A4:824537:41:5,824537:41:5,2026-03-31,824537,OFFENSE,Cincinnati Reds,Cincinnati Reds,Pittsburgh Pirates,TJ Friedl,Bubba Chandler,Joey Bart,5,bottom,-5,3-1,1,110,1,True,1.79645,ABOVE,0.492259,3,2,1,110,0,CONTINUES,0,0,1,111,0,WALK,R1_NO_RUNNER_ACTION,EXACT,1.075,1.67551,-0.600506,0.600506,0.600506,0.600506,0.600506,0.605614,False,[],Called Strike,TJ Friedl walks. Noelvi Marte to 3rd. Ke'Bryan Hayes to 2nd.,MATCH
232,0.600506,False,A4:824704:61:5,824704:61:5,2026-03-26,824704,OFFENSE,Chicago Cubs,Chicago Cubs,Washington Nationals,Nico Hoerner,Brad Lord,Keibert Ruiz,7,bottom,-4,3-1,1,110,2,False,0.0757806,INSIDE,0.365651,3,2,1,110,0,CONTINUES,0,0,1,111,0,WALK,R1_NO_RUNNER_ACTION,EXACT,1.075,1.67551,-0.600506,0.600506,0.600506,0.600506,0.600506,0.605614,False,[],Called Strike,"Nico Hoerner grounds into a double play, second baseman Nasim Nuñez to first baseman Luis García Jr. Pete Crow-Armstrong out at 2nd. Nico Hoerner out at 1st.",MATCH
233,0.591219,False,A4:823383:25:4,823383:25:4,2026-05-14,823383,OFFENSE,Pittsburgh Pirates,Pittsburgh Pirates,Colorado Rockies,Spencer Horwitz,Brennan Bernardino,Hunter Goodman,3,bottom,3,2-1,0,011,2,False,0.0913498,INSIDE,0.293052,2,2,0,011,0,CONTINUES,3,1,0,011,0,CONTINUES,R1_NO_RUNNER_ACTION,EXACT,1.74911,2.34033,-0.591219,0.591219,0.591219,0.591219,0.591219,0.574198,False,[],Called Strike,"Spencer Horwitz grounds out, catcher Hunter Goodman to first baseman TJ Rumfield.",MATCH
234,0.591219,False,A4:824387:35:3,824387:35:3,2026-09-04,824387,DEFENSE,Cleveland Guardians,Detroit Tigers,Cleveland Guardians,Kevin McGonigle,Foster Griffin,Austin Hedges,5,top,2,2-1,0,011,1,True,0.200661,NEAREST_BOTTOM,,3,1,0,011,0,CONTINUES,2,2,0,011,0,CONTINUES,R1_NO_RUNNER_ACTION,EXACT,2.34033,1.74911,0.591219,0.591219,0.591219,0.591219,0.591219,0.601908,False,[],Ball,"Kevin McGonigle grounds out, second baseman Angel Genao to first baseman Nathaniel Lowe.",MATCH
235,0.582195,False,A4:823347:27:5,823347:27:5,2026-08-15,823347,DEFENSE,Pittsburgh Pirates,Boston Red Sox,Pittsburgh Pirates,Andruw Monasterio,Jared Jones,Rafael Flores Jr.,4,top,1,2-2,2,011,1,True,0.186498,NEAREST_INSIDE,,3,2,2,011,0,CONTINUES,0,0,3,000,0,STRIKEOUT,R1_NO_RUNNER_ACTION,EXACT,0.582195,0,0.582195,0.582195,0.582195,0.582195,0.582195,0.598458,False,[],Ball,Andruw Monasterio flies out to center fielder Jake Mangum.,MATCH
236,0.582195,False,A4:823379:58:6,823379:58:6,2026-05-26,823379,DEFENSE,Chicago Cubs,Pittsburgh Pirates,Chicago Cubs,Marcell Ozuna,Ryan Rolison,Carson Kelly,6,bottom,8,2-2,2,011,2,False,0.526101,NEAREST_BOTTOM,,3,2,2,011,0,CONTINUES,0,0,3,000,0,STRIKEOUT,R1_NO_RUNNER_ACTION,EXACT,0.582195,0,0.582195,0.582195,0.582195,0.582195,0.582195,0.577402,False,[],Ball,Marcell Ozuna strikes out swinging.,MATCH
237,0.582195,False,A4:823782:59:5,823782:59:5,2026-06-02,823782,DEFENSE,San Francisco Giants,Milwaukee Brewers,San Francisco Giants,William Contreras,Caleb Kilian,Daniel Susac,7,bottom,3,2-2,2,011,1,True,0.861413,NEAREST_BOTTOM,,3,2,2,011,0,CONTINUES,0,0,3,000,0,STRIKEOUT,R1_NO_RUNNER_ACTION,EXACT,0.582195,0,0.582195,0.582195,0.582195,0.582195,0.582195,0.578865,False,[],Ball,William Contreras walks.,MATCH
238,0.582195,True,A4:824215:73:5,824215:73:5,2026-03-29,824215,DEFENSE,Los Angeles Angels,Houston Astros,Los Angeles Angels,Isaac Paredes,Drew Pomeranz,Logan O'Hoppe,8,bottom,0,2-2,2,101,1,True,0.63659,NEAREST_BOTTOM,,3,2,2,011,0,CONTINUES,,,,,,,R3_TERMINAL_CALL_RUNNER_ACTION,AMBIGUOUS,0.582195,,,,0.582195,0.582195,,,True,"[""Yordan Alvarez steals (1) 2nd base.""]",Ball,Isaac Paredes doubles (3) on a line drive to right fielder Jorge Soler. Cam Smith scores. Yordan Alvarez scores.,MATCH
239,0.582195,False,A4:824388:7:5,824388:7:5,2026-09-03,824388,DEFENSE,Toronto Blue Jays,Cleveland Guardians,Toronto Blue Jays,Nathaniel Lowe,José Soriano,Brandon Valenzuela,1,bottom,0,2-2,2,011,2,False,0.194506,NEAREST_BOTTOM,,3,2,2,011,0,CONTINUES,0,0,3,000,0,STRIKEOUT,R1_NO_RUNNER_ACTION,EXACT,0.582195,0,0.582195,0.582195,0.582195,0.582195,0.582195,0.568287,False,[],Ball,Nathaniel Lowe strikes out swinging.,MATCH
240,0.582195,True,A4:824454:43:9,824454:43:9,2026-04-17,824454,DEFENSE,Baltimore Orioles,Cleveland Guardians,Baltimore Orioles,Kyle Manzardo,Chris Bassitt,Samuel Basallo,5,bottom,0,2-2,2,101,1,True,0.714263,NEAREST_OUTSIDE,,3,2,2,011,0,CONTINUES,,,,,,,R3_TERMINAL_CALL_RUNNER_ACTION,AMBIGUOUS,0.582195,,,,0.582195,0.582195,,,True,"[""Jos\u00e9 Ram\u00edrez steals (9) 2nd base.""]",Ball,Kyle Manzardo called out on strikes.,MATCH
241,0.576898,False,A4:824775:48:3,824775:48:3,2026-04-18,824775,OFFENSE,Boston Red Sox,Boston Red Sox,Detroit Tigers,Willson Contreras,Tarik Skubal,Jake Rogers,6,bottom,-3,1-2,0,101,2,False,1.65272,BELOW,0.673008,0,0,1,101,0,STRIKEOUT,2,2,0,101,0,CONTINUES,R1_NO_RUNNER_ACTION,EXACT,1.18159,1.75849,-0.576898,0.576898,0.576898,0.576898,0.576898,0.719727,False,[],Called Strike,Willson Contreras called out on strikes.,MATCH
242,0.559206,False,A4:823446:48:4,823446:48:4,2026-07-01,823446,OFFENSE,Pittsburgh Pirates,Pittsburgh Pirates,Philadelphia Phillies,Henry Davis,Kyle Backhus,J.T. Realmuto,5,top,-4,0-2,2,111,1,True,0.416981,INSIDE,0.357152,0,0,3,000,0,STRIKEOUT,1,2,2,111,0,CONTINUES,R1_NO_RUNNER_ACTION,EXACT,0,0.559206,-0.559206,0.559206,0.559206,0.559206,0.559206,0.54147,False,[],Called Strike,Henry Davis called out on strikes.,MATCH_HALF_ENDED
243,0.559206,False,A4:824995:56:4,824995:56:4,2026-06-13,824995,DEFENSE,Colorado Rockies,Athletics,Colorado Rockies,Carlos Cortes,Jaden Hill,Brett Sullivan,6,bottom,1,0-2,2,111,2,False,0.498036,NEAREST_OUTSIDE,,1,2,2,111,0,CONTINUES,0,0,3,000,0,STRIKEOUT,R1_NO_RUNNER_ACTION,EXACT,0.559206,0,0.559206,0.559206,0.559206,0.559206,0.559206,0.554992,False,[],Ball,Carlos Cortes hit by pitch. Tyler Soderstrom scores. Nick Kurtz to 3rd. Shea Langeliers to 2nd.,MATCH
244,0.53767,False,A4:823555:29:2,823555:29:2,2026-05-03,823555,DEFENSE,New York Yankees,Baltimore Orioles,New York Yankees,Leody Taveras,Max Fried,Austin Wells,4,top,-2,0-2,0,111,1,True,0.179431,NEAREST_TOP,,1,2,0,111,0,CONTINUES,0,0,1,111,0,STRIKEOUT,R1_NO_RUNNER_ACTION,EXACT,2.21318,1.67551,0.53767,0.53767,0.53767,0.53767,0.53767,0.699286,False,[],Ball,Leody Taveras singles on a ground ball to second baseman Jazz Chisholm Jr. Pete Alonso scores. Tyler O'Neill to 3rd. Coby Mayo to 2nd.,MATCH
245,0.528164,False,A4:823456:59:3,823456:59:3,2026-06-03,823456,DEFENSE,Philadelphia Phillies,San Diego Padres,Philadelphia Phillies,Manny Machado,Brad Keller,J.T. Realmuto,8,top,-2,2-1,1,101,1,True,0.215698,NEAREST_TOP,,3,1,1,101,0,CONTINUES,2,2,1,101,0,CONTINUES,R1_NO_RUNNER_ACTION,EXACT,1.50564,0.977479,0.528164,0.528164,0.528164,0.528164,0.528164,0.520616,False,[],Ball,Manny Machado strikes out swinging.,MATCH
246,0.528164,False,A4:823477:36:4,823477:36:4,2026-04-15,823477,OFFENSE,Chicago Cubs,Chicago Cubs,Philadelphia Phillies,Ian Happ,Jesús Luzardo,J.T. Realmuto,5,top,4,2-1,1,101,2,False,1.79549,OUTSIDE,0.305491,2,2,1,101,0,CONTINUES,3,1,1,101,0,CONTINUES,R1_NO_RUNNER_ACTION,EXACT,0.977479,1.50564,-0.528164,0.528164,0.528164,0.528164,0.528164,0.621354,False,[],Called Strike,"Ian Happ grounds into a double play, third baseman Alec Bohm to second baseman Edmundo Sosa to first baseman Bryce Harper. Seiya Suzuki out at 2nd. Ian Happ out at 1st.",MATCH
247,0.528164,False,A4:823956:7:3,823956:7:3,2026-04-28,823956,DEFENSE,Miami Marlins,Los Angeles Dodgers,Miami Marlins,Kyle Tucker,Janson Junk,Agustín Ramírez,1,bottom,0,2-1,1,101,2,False,0.0781038,NEAREST_BOTTOM,,3,1,1,101,0,CONTINUES,2,2,1,101,0,CONTINUES,R1_NO_RUNNER_ACTION,EXACT,1.50564,0.977479,0.528164,0.528164,0.528164,0.528164,0.528164,0.621354,False,[],Ball,Kyle Tucker walks. Will Smith to 2nd.,MATCH
248,0.528164,False,A4:824370:42:3,824370:42:3,2026-04-20,824370,OFFENSE,Colorado Rockies,Colorado Rockies,Los Angeles Dodgers,Brenton Doyle,Justin Wrobleski,Will Smith,5,bottom,-4,2-1,1,101,2,False,0.109637,OUTSIDE,0.178947,2,2,1,101,0,CONTINUES,3,1,1,101,0,CONTINUES,R1_NO_RUNNER_ACTION,EXACT,0.977479,1.50564,-0.528164,0.528164,0.528164,0.528164,0.528164,0.621354,False,[],Called Strike,Brenton Doyle flies out to right fielder Alex Call.,MATCH
249,0.528164,False,A4:824496:59:3,824496:59:3,2026-07-08,824496,OFFENSE,Cincinnati Reds,Cincinnati Reds,Philadelphia Phillies,Eugenio Suárez,José Alvarado,J.T. Realmuto,6,bottom,4,2-1,1,101,1,True,0.614316,INSIDE,0.295258,2,2,1,101,0,CONTINUES,3,1,1,101,0,CONTINUES,R1_NO_RUNNER_ACTION,EXACT,0.977479,1.50564,-0.528164,0.528164,0.528164,0.528164,0.528164,0.469373,False,[],Called Strike,Eugenio Suárez strikes out on a foul tip.,MATCH
250,0.52614,False,A4:823180:9:4,823180:9:4,2026-08-26,823180,DEFENSE,Cincinnati Reds,San Francisco Giants,Cincinnati Reds,Turner Hill,Nick Lodolo,Jose Trevino,1,bottom,0,2-2,2,101,2,False,0.498914,NEAREST_OUTSIDE,,3,2,2,101,0,CONTINUES,0,0,3,000,0,STRIKEOUT,R1_NO_RUNNER_ACTION,EXACT,0.52614,0,0.52614,0.52614,0.52614,0.52614,0.52614,0.494189,False,[],Ball,Turner Hill walks. Buddy Kennedy to 2nd.,MATCH
