batter_id,batter_name,opportunities,actual,expected,conditional_variance,actual_rate,expected_rate,above_expected,conditional_se,conditional_ci95_low,conditional_ci95_high,residual_rate,adjusted_rate,qualified,games,game_bootstrap_residual_rate_low,game_bootstrap_residual_rate_high,simultaneous_low,simultaneous_high,shrunken_residual_rate
547180,Bryce Harper,31,21,5.523868898,4.025394808,0.6774193548,0.1781893193,15.4761311,2.006338657,11.54370733,19.40855487,0.4992300355,0.6966441614,False,25,0.3552076667,0.641430286,9.912711915,21.03955029,0.1910633469
701398,Sal Stewart,49,27,13.02086236,7.503607921,0.5510204082,0.265731885,13.97913764,2.739271422,8.61016565,19.34810962,0.2852885232,0.482702649,False,41,0.1450811321,0.4160028678,6.38335358,21.57492169,0.1412034105
694384,Nolan Schanuel,38,20,6.407302161,4.680911419,0.5263157895,0.1686132148,13.59269784,2.163541407,9.352156682,17.833239,0.3577025747,0.5551167005,False,31,0.2033817158,0.5073142386,7.593367801,19.59202788,0.1544624754
676609,José Caballero,28,15,4.250312211,3.245466323,0.5357142857,0.1517968647,10.74968779,1.801517783,7.218712934,14.28066264,0.383917421,0.5813315468,False,23,0.2140965027,0.549278453,5.754220765,15.74515481,0.1378165101
514888,Jose Altuve,42,19,8.588966232,5.417424142,0.4523809524,0.204499196,10.41103377,2.327536067,5.849063078,14.97300446,0.2478817564,0.4452958822,False,35,0.09736527715,0.4021767593,3.956959445,16.86510809,0.1131634105
668901,Mark Vientos,20,13,2.911857782,2.237649252,0.65,0.1455928891,10.08814222,1.495877419,7.156222477,13.02006196,0.5044071109,0.7018212367,False,17,0.3211426595,0.6755227767,5.940191869,14.23609257,0.1441163174
596142,Gary Sánchez,23,14,4.486270452,3.149185742,0.6086956522,0.195055237,9.513729548,1.774594529,6.035524272,12.99193482,0.4136404151,0.611054541,False,19,0.2354968625,0.5763126088,4.59291859,14.43454051,0.1303250623
676914,Davis Schneider,22,13,3.900182814,2.767473271,0.5909090909,0.177281037,9.099817186,1.663572442,5.839215199,12.36041917,0.4136280539,0.6110421797,False,18,0.2148896441,0.5868245336,4.486861736,13.71277264,0.1263863498
593428,Xander Bogaerts,55,18,10.43063867,7.733119007,0.3272727273,0.1896479759,7.569361327,2.780848613,2.118898046,13.01982461,0.1376247514,0.3350388772,True,44,0.02099019609,0.2487626771,-0.1417130081,15.28043566,0.0720891555
807712,Luke Keaschall,47,16,8.671009154,5.989385144,0.3404255319,0.1844895565,7.328990846,2.447322035,2.532239657,12.12574203,0.1559359754,0.3533501013,False,39,0.03634279491,0.2805301069,0.5427594594,14.11522223,0.07555660666
808959,Munetaka Murakami,32,13,5.886051493,4.286017359,0.40625,0.1839391092,7.113948507,2.070269876,3.05621955,11.17167746,0.2223108908,0.4197250167,False,27,0.04282484146,0.3940998339,1.373253083,12.85464393,0.0867554696
668709,JJ Bleday,31,15,7.951028667,4.936422233,0.4838709677,0.2564847957,7.048971333,2.221806075,2.694231426,11.40371124,0.227386172,0.4248002978,False,27,0.07774370576,0.4065697328,0.888077956,13.20986471,0.08702433744
572233,Christian Walker,25,11,4.090583231,2.891079784,0.44,0.1636233292,6.909416769,1.700317554,3.576794364,10.24203917,0.2763766708,0.4737907966,False,20,0.08320481818,0.5013268433,2.194570017,11.62426352,0.09212555693
702332,Caleb Durbin,38,15,8.106298969,5.207622099,0.3947368421,0.2133236571,6.893701031,2.282021494,2.420938902,11.36646316,0.181413185,0.3788273108,False,32,0.05786252288,0.3115975775,0.5658350352,13.22156703,0.07833751171
542303,Marcell Ozuna,33,12,5.357681967,3.635728284,0.3636363636,0.162353999,6.642318033,1.906758581,2.905071215,10.37956485,0.2012823646,0.3986964905,False,27,0.05488376692,0.3442030112,1.355026562,11.9296095,0.08002792811
805808,Kevin McGonigle,47,17,10.41105699,6.167759765,0.3617021277,0.2215118509,6.588943009,2.483497486,1.721287935,11.45659808,0.1401902768,0.3376044026,False,40,0.02574892992,0.2636334153,-0.2976000567,13.47548607,0.06792724751
605137,Josh Bell,28,11,4.710665772,3.669036892,0.3928571429,0.1682380633,6.289334228,1.91547302,2.535007108,10.04366135,0.2246190796,0.4220332054,False,25,0.03414216529,0.4248667622,0.9778783005,11.60079016,0.0806324901
665923,Esteury Ruiz,22,12,5.730521983,3.652733587,0.5454545455,0.260478272,6.269478017,1.911212596,2.523501329,10.0154547,0.2849762735,0.4823903993,False,19,0.1073583321,0.4604778775,0.9698359108,11.56912012,0.08707608356
686555,Isaac Collins,35,11,4.961819222,3.957315603,0.3142857143,0.1417662635,6.038180778,1.98930028,2.13915223,9.937209327,0.1725194508,0.3699335766,False,31,0.03227107654,0.3196646924,0.5220076713,11.55435389,0.07103742092
694249,Cole Carrigg,19,9,3.043559845,2.38957191,0.4736842105,0.1601873603,5.956440155,1.545824023,2.92662507,8.98625524,0.3134968503,0.5109109761,False,16,0.08457935279,0.5811165056,1.669991805,10.24288851,0.08632521964
671732,Lawrence Butler,25,11,5.177181266,3.366456294,0.44,0.2070872506,5.822818734,1.834790531,2.226629293,9.419008176,0.2329127494,0.4303268752,False,24,0.0461007062,0.4170325788,0.7350889989,10.91054847,0.07763758312
701358,Cam Smith,27,10,4.215915851,3.279897766,0.3703703704,0.1561450315,5.784084149,1.811048803,2.234428495,9.333739802,0.2142253388,0.4116394647,False,24,0.02558721087,0.413489837,0.7621883577,10.80597994,0.07511797596
663728,Cal Raleigh,23,12,6.337477766,3.604308496,0.5217391304,0.2755425116,5.662522234,1.898501645,1.94145901,9.383585458,0.2461966189,0.4436107447,False,20,0.09163213465,0.3857111265,0.3981265948,10.92691787,0.07756879772
666397,Edouard Julien,18,9,3.350008155,2.457520154,0.5,0.1861115642,5.649991845,1.567647969,2.577401826,8.722581864,0.3138884358,0.5113025617,False,17,0.07624241013,0.5390283959,1.30302741,9.99695628,0.08308811537
682626,Francisco Alvarez,28,10,4.380771451,3.359145688,0.3571428571,0.1564561232,5.619228549,1.83279723,2.026945977,9.211511121,0.2006867339,0.3981008597,False,23,0.02645218561,0.3723675145,0.5370260801,10.70143102,0.07204139165
606192,Teoscar Hernández,23,9,3.452504909,2.79345842,0.3913043478,0.1501089091,5.547495091,1.671364239,2.271621182,8.823369,0.2411954387,0.4386095645,False,21,0.06627239681,0.4043465846,0.9129336005,10.18205658,0.07599308344
679845,Nick Loftin,29,10,4.640337962,3.318412011,0.3448275862,0.1600116539,5.359662038,1.821650903,1.789226269,8.930097807,0.1848159323,0.3822300582,False,26,0.05464962661,0.3456402166,0.3083674586,10.41095662,0.06784382327
682928,CJ Abrams,33,11,5.657059026,3.958924786,0.3333333333,0.1714260311,5.342940974,1.989704698,1.443119766,9.242762183,0.1619073023,0.3593214281,False,30,0.02471451548,0.2990245637,-0.1743535535,10.8602355,0.06437278282
676391,Ernie Clement,24,8,2.667729859,2.259834256,0.3333333333,0.1111554108,5.332270141,1.503274511,2.385852099,8.278688184,0.2221779226,0.4195920484,False,23,0.04894320728,0.4008445573,1.163808237,9.500732046,0.07205770461
668885,Austin Martin,24,10,4.700663504,3.072735553,0.4166666667,0.1958609793,5.299336496,1.752922004,1.863609367,8.735063624,0.2208056873,0.4182198131,False,18,0.02662967727,0.3848399041,0.438621742,10.16005125,0.07161265535
687282,Gabriel Rincones Jr.,8,6,0.713971712,0.6175376823,0.75,0.089246464,5.286028288,0.7858356586,3.745790397,6.826266179,0.660753536,0.8581676618,False,7,0.4208799724,0.9106011114,3.106967856,7.46508872,0.09113841876
694671,Wyatt Langford,30,10,4.715721068,3.178622239,0.3333333333,0.1571907023,5.284278932,1.782869103,1.78985549,8.778702374,0.1761426311,0.3735567569,False,27,0.03521805866,0.3287776838,0.34052323,10.22803463,0.06605348665
663538,Nico Hoerner,34,11,5.821953939,4.164152609,0.3235294118,0.1712339394,5.178046061,2.040625544,1.178419996,9.177672127,0.1522954724,0.3497095982,False,32,0.01453558085,0.2986125728,-0.480447963,10.83654009,0.06164340549
687263,Zach Neto,40,12,6.824436048,4.548143357,0.3,0.1706109012,5.175563952,2.132637653,0.9955941529,9.355533751,0.1293890988,0.3268032246,False,31,0.02278349907,0.258686513,-0.7380724086,11.08920031,0.05750626613
543760,Marcus Semien,26,9,3.885569053,2.949555052,0.3461538462,0.1494449636,5.114430947,1.71742687,1.748274282,8.480587611,0.1967088826,0.3941230084,False,23,0.01603468185,0.3998217407,0.3521414082,9.876720485,0.06729514404
694212,Samuel Basallo,18,8,2.894150222,2.189788775,0.4444444444,0.1607861234,5.105849778,1.479793491,2.205454536,8.00624502,0.283658321,0.4810724468,False,17,0.09392877774,0.4950126129,1.002498896,9.209200661,0.07508602615
607208,Trea Turner,31,10,5.0185205,3.70036564,0.3225806452,0.1618877581,4.9814795,1.923633447,1.211157943,8.751801057,0.1606928871,0.3581070129,False,27,0.02359378326,0.3167122015,-0.3526046492,10.31556365,0.06149974691
672695,Geraldo Perdomo,53,16,11.08971645,7.335608624,0.3018867925,0.2092399331,4.910283546,2.708432872,-0.3982448842,10.21881198,0.09264685935,0.2900609852,True,46,-0.01006566171,0.197203271,-2.599987641,12.42055473,0.04767265578
803011,Sam Antonacci,37,12,7.203459492,5.195762944,0.3243243243,0.1946880944,4.796540508,2.279421625,0.3288741231,9.264206893,0.1296362299,0.3270503558,False,32,-0.01560637196,0.2862090452,-1.524116255,11.11719727,0.05513264952
592518,Manny Machado,30,9,4.242496028,3.16560919,0.3,0.1414165343,4.757503972,1.779215892,1.270240824,8.24476712,0.1585834657,0.3559975916,False,24,0.01434512227,0.3040848592,-0.1761216622,9.691129606,0.05946879965
671218,Heliot Ramos,21,8,3.296640953,2.37008642,0.380952381,0.1569829025,4.703359047,1.5395085,1.685922388,7.720795707,0.2239694784,0.4213836043,False,19,0.06082625397,0.3884532893,0.4344231454,8.972294949,0.06624449362
608324,Alex Bregman,52,12,7.324746239,5.730181502,0.2307692308,0.1408605046,4.675253761,2.393779752,-0.01655455391,9.367062075,0.08990872616,0.287322852,True,42,-0.009363221387,0.1987901891,-1.962509089,11.31301661,0.04583582118
805811,Bryce Eldridge,33,13,8.385897286,5.024103311,0.3939393939,0.2541180996,4.614102714,2.241451162,0.2208584369,9.007346991,0.1398212944,0.3372354202,False,26,0.004241256125,0.2802916963,-1.601264943,10.82947037,0.05559159896
805999,A.J. Ewing,35,12,7.41461781,4.594843824,0.3428571429,0.2118462231,4.58538219,2.143558682,0.3840071729,8.786757207,0.1310109197,0.3284250455,False,27,-0.007670399396,0.2808102989,-1.358537326,10.52930171,0.05394567282
656775,Cedric Mullins,30,10,5.435853707,3.635985264,0.3333333333,0.1811951236,4.564146293,1.906825966,0.8267674005,8.301525186,0.1521382098,0.3495523356,False,27,-0.0166511968,0.3127452586,-0.7233320322,9.851624619,0.05705182867
680474,Max Schuemann,9,7,2.465188173,1.55607526,0.7777777778,0.273909797,4.534811827,1.247427457,2.089854011,6.979769642,0.5038679807,0.7012821066,False,7,0.2707330007,0.710351605,1.075793668,7.993829985,0.0768612174
665742,Juan Soto,27,10,5.498526196,3.492737941,0.3703703704,0.2036491184,4.501473804,1.868886819,0.8384556397,8.164491969,0.166721252,0.3641353778,False,23,0.02619237791,0.3197820677,-0.6808022523,9.683749861,0.05846069876
663616,Trevor Larnach,17,7,2.501805832,1.905041148,0.4117647059,0.1471650489,4.498194168,1.38023228,1.792938899,7.203449437,0.2645996569,0.4620137828,False,16,0.05149136538,0.4943871507,0.6709186864,8.325469649,0.06713722639
664702,Myles Straw,24,9,4.570398287,2.959224449,0.375,0.190433262,4.429601713,1.720239649,1.057932002,7.801271424,0.184566738,0.3819808639,False,20,0.03028739457,0.3732032141,-0.3404874403,9.199690866,0.05985948261
521692,Salvador Perez,26,8,3.622401878,2.865711525,0.3076923077,0.1393231492,4.377598122,1.692841258,1.059629256,7.695566988,0.1683691585,0.3657832843,False,25,0.01212364153,0.3231811423,-0.3165174512,9.071713695,0.05759997529
668804,Bryan Reynolds,32,11,6.667221024,4.094507304,0.34375,0.208350657,4.332778976,2.023488894,0.3667407436,8.298817208,0.135399343,0.3328134688,False,26,0.006556751588,0.2666324243,-1.278196468,9.94375442,0.052838768
672580,Maikel Garcia,36,11,6.785085914,4.645071512,0.3055555556,0.1884746087,4.214914086,2.155242797,-0.009361795332,8.439189967,0.1170809468,0.3144950727,False,27,-0.01134496165,0.2399701597,-1.76140456,10.19123273,0.04901062891
666211,Taylor Trammell,15,7,2.791020979,1.961720897,0.4666666667,0.1860680652,4.208979021,1.400614471,1.463774658,6.954183385,0.2805986014,0.4780127272,False,14,0.03434363024,0.5317232636,0.3251853286,8.092772714,0.06475352341
700250,Ben Rice,33,10,5.803440415,4.107649858,0.303030303,0.1758618308,4.196559585,2.026733791,0.2241613551,8.168957814,0.1271684723,0.3245825981,False,28,-0.006649973655,0.2875532869,-1.423413702,9.816532871,0.05056095885
681624,Andy Pages,44,11,6.827043705,4.852818494,0.25,0.1551600842,4.172956295,2.202911368,-0.1447499854,8.490662576,0.09483991581,0.2922540416,False,38,-0.02020647654,0.2031228125,-1.935543546,10.28145614,0.04439315208
672515,Gabriel Moreno,46,12,7.883818087,5.290847525,0.2608695652,0.1713873497,4.116181913,2.300184237,-0.392179192,8.624543018,0.0894822155,0.2868963413,False,36,-0.004651606464,0.1930485269,-2.26204794,10.49441177,0.04287689493
670764,Taylor Walls,24,8,3.969899148,2.971108143,0.3333333333,0.1654124645,4.030100852,1.723690269,0.651667925,7.408533778,0.1679208688,0.3653349946,False,20,-0.01640025107,0.3715974327,-0.7495565998,8.809758303,0.05446082232
665862,Jazz Chisholm Jr.,19,7,3.124649568,2.282864045,0.3684210526,0.1644552404,3.875350432,1.510914969,0.9139570914,6.836743772,0.2039658122,0.401379938,False,17,0.03359719666,0.3713123908,-0.3142978616,8.064998725,0.05616449901
679822,Justin Foscue,19,7,3.125574117,2.33964625,0.3684210526,0.1645039009,3.874425883,1.529590223,0.876429046,6.872422719,0.2039171517,0.4013312775,False,13,0.01219258566,0.3930050206,-0.3670074181,8.115859184,0.05615109975
686765,Nick Sogard,25,9,5.128814832,3.04244853,0.36,0.2051525933,3.871185168,1.7442616,0.452432432,7.289937904,0.1548474067,0.3522615325,False,19,0.01462596485,0.3136694161,-0.9655149661,8.707885302,0.05161580224
691718,Pete Crow-Armstrong,24,9,5.254312529,3.30422847,0.375,0.2189296887,3.745687471,1.817753688,0.1828902424,7.308484699,0.1560703113,0.3534844371,False,21,-0.0179306147,0.3490500019,-1.294800439,8.78617538,0.05061739825
643446,Jeff McNeil,18,6,2.286896016,1.862981078,0.3333333333,0.1270497787,3.713103984,1.364910649,1.037879113,6.388328855,0.2062835547,0.4036976805,False,18,0.03104441805,0.4263144354,-0.07168581836,7.497893787,0.05460447035
664761,Alec Bohm,37,11,7.406277154,4.758241952,0.2972972973,0.2001696528,3.593722846,2.181339486,-0.6817025463,7.869148238,0.09712764448,0.2945417703,False,33,-0.03498706493,0.2279663222,-2.454959865,9.642405556,0.04130715915
656811,Ryan O'Hearn,21,8,4.413012535,2.674712144,0.380952381,0.210143454,3.586987465,1.635454721,0.3814962127,6.792478718,0.1708089269,0.3682230527,False,18,-0.03913783643,0.3573552691,-0.9479997562,8.121974687,0.05052095022
621566,Matt Olson,19,6,2.542322549,2.057394776,0.3157894737,0.13380645,3.457677451,1.43436215,0.6463276377,6.269027264,0.1819830237,0.3793971495,False,17,-0.0160828204,0.4371147791,-0.5196958979,7.435050799,0.0501112674
545341,Randal Grichuk,15,6,2.607592369,1.847245397,0.4,0.1738394912,3.392407631,1.359134061,0.7285048708,6.056310392,0.2261605088,0.4235746346,False,13,0.02068886461,0.4220095681,-0.37636415,7.161179413,0.05219088664
660670,Ronald Acuña Jr.,32,10,6.660947849,4.125846423,0.3125,0.2081546203,3.339052151,2.031217965,-0.6421350608,7.320239364,0.1043453797,0.3017595056,False,28,-0.04504675885,0.275945299,-2.293355399,8.971459702,0.04072014819
605141,Mookie Betts,45,10,6.692415385,5.140053697,0.2222222222,0.1487203419,3.307584615,2.267168652,-1.136065943,7.751235173,0.07350188034,0.2709160062,False,35,-0.02097983486,0.1863386128,-2.979095618,9.594264849,0.03481668016
647304,Josh Naylor,24,6,2.750413129,2.335340844,0.25,0.114600547,3.249586871,1.528182202,0.2543497546,6.244823988,0.135399453,0.3328135788,False,24,-0.01175278358,0.2967553383,-0.9879420997,7.487115842,0.0439133361
678218,Brandon Valenzuela,16,7,3.806740372,2.457871215,0.4375,0.2379212733,3.193259628,1.567759936,0.1204501541,6.266069101,0.1995787267,0.3969928525,False,13,0.07256117793,0.312942401,-1.154015282,7.540534538,0.04838272163
650489,Willi Castro,25,6,2.835881054,2.37414603,0.24,0.1134352422,3.164118946,1.540826411,0.1440991794,6.184138712,0.1265647578,0.3239788837,False,23,-0.03372075156,0.3133904693,-1.108471422,7.436709313,0.04218825261
667670,Brent Rooker,16,6,2.836511567,2.095952165,0.375,0.1772819729,3.163488433,1.447740365,0.3259173168,6.001059549,0.1977180271,0.3951321529,False,16,-0.01124998664,0.4070972196,-0.8509816552,7.177958521,0.04793164292
678246,Miguel Vargas,46,12,8.838560654,6.04013705,0.2608695652,0.1921426229,3.161439346,2.457669028,-1.655591949,7.97847064,0.0687269423,0.2661410681,False,42,-0.05011444108,0.1770399668,-3.653483437,9.976362128,0.03293165985
666182,Bo Bichette,37,8,4.859620599,3.723766923,0.2162162162,0.1313410973,3.140379401,1.929706434,-0.6418452104,6.922604012,0.08487511894,0.2822892448,False,34,-0.02938336283,0.2105010963,-2.210544663,8.491303465,0.03609631495
500743,Miguel Rojas,19,6,2.871393133,2.240430867,0.3157894737,0.1511259544,3.128606867,1.49680689,0.1948653614,6.062348372,0.1646635193,0.3620776451,False,16,-0.03291616768,0.3828034317,-1.021920834,7.279134567,0.0453421285
678011,Anthony Seigler,15,6,2.88080326,1.986696103,0.4,0.1920535507,3.11919674,1.409502076,0.356572671,5.881820809,0.2079464493,0.4053605752,False,11,0.03736439069,0.3518833962,-0.7892415814,7.027635062,0.04798764216
671056,Iván Herrera,41,9,5.911693501,4.265826448,0.2195121951,0.1441876464,3.088306499,2.065387723,-0.9598534385,7.136466437,0.07532454876,0.2727386746,False,35,-0.02015962482,0.190367031,-2.6388511,8.815464099,0.03393743406
671976,Tristan Peters,10,5,1.964095959,1.419334835,0.5,0.1964095959,3.035904041,1.191358399,0.7008415796,5.370966503,0.3035904041,0.50100453,False,10,0.03296158075,0.6011352052,-0.2676390323,6.339447115,0.05059840069
656555,Rhys Hoskins,19,7,3.98726464,2.677026597,0.3684210526,0.2098560337,3.01273536,1.636162155,-0.1941424637,6.219613183,0.1585650189,0.3559791447,False,18,-0.0429935633,0.3722128975,-1.524213521,7.54968424,0.0436628313
690993,Colt Keith,32,9,6.067977758,3.864220222,0.28125,0.1896243049,2.932022242,1.965761995,-0.9208712684,6.784915753,0.09162569506,0.2890398209,False,29,-0.07796348213,0.2798167681,-2.518881054,8.382925539,0.03575636881
670623,Isaac Paredes,45,11,8.113751079,5.509011395,0.2444444444,0.1803055795,2.886248921,2.347128329,-1.714122604,7.486620447,0.06413886492,0.2615529907,False,36,-0.05023385327,0.2008363045,-3.622153205,9.394651047,0.03038156759
656413,Stuart Fairchild,4,4,1.184505349,0.7552517312,1,0.2961263373,2.815494651,0.8690522028,1.112152333,4.518836968,0.7038736627,0.9012877885,False,4,0.5755029396,0.8322443857,0.4056812915,5.22530801,0.05213878983
665489,Vladimir Guerrero Jr.,36,8,5.293313613,3.992476529,0.2222222222,0.1470364892,2.706686387,1.998118247,-1.209625377,6.622998151,0.07518573298,0.2725998588,False,31,-0.03787820764,0.1933949909,-2.833938249,8.247311023,0.03147309752
669394,Jake Burger,32,9,6.307972853,4.106630091,0.28125,0.1971241517,2.692027147,2.026482196,-1.279877958,6.663932251,0.08412584833,0.2815399742,False,28,-0.04465629294,0.2349210218,-2.927248488,8.311302782,0.03282959935
624641,Edmundo Sosa,10,4,1.333294245,1.053562966,0.4,0.1333294245,2.666705755,1.026432154,0.654898734,4.678512776,0.2666705755,0.4640847013,False,10,-0.04214595268,0.6075940344,-0.1795098212,5.512921331,0.04444509592
681198,TJ Rumfield,27,7,4.339953747,3.186651091,0.2592592593,0.1607390277,2.660046253,1.785119349,-0.8387876717,6.158880177,0.09852023158,0.2959343574,False,23,-0.02912682004,0.2372123814,-2.289949204,7.610041709,0.03454605523
672386,Alejandro Kirk,20,6,3.341423064,2.556600045,0.3,0.1670711532,2.658576936,1.598937161,-0.475339899,5.792493772,0.1329288468,0.3303429726,False,16,-0.03605438997,0.3190457139,-1.775149966,7.092303839,0.03797967052
699013,Esmerlyn Valdez,28,9,6.35333094,4.224512382,0.3214285714,0.2269046764,2.64666906,2.055361862,-1.381840188,6.675178309,0.09452389502,0.2919380208,False,27,-0.07281600354,0.2685539313,-3.052687614,8.346025735,0.03393165462
543877,Christian Vázquez,17,5,2.493552922,1.938946983,0.2941176471,0.1466795836,2.506447078,1.392460765,-0.222776022,5.235670179,0.1474380634,0.3448521893,False,17,-0.0257160031,0.3455712507,-1.35473703,6.367631187,0.03740965789
679529,Spencer Torkelson,47,10,7.540146378,5.713079876,0.2127659574,0.1604286463,2.459853622,2.390204986,-2.224948151,7.144655395,0.05233731111,0.2497514369,False,39,-0.0598871185,0.1620254574,-4.167996683,9.087703927,0.02535931569
806146,George Lombard Jr.,14,7,4.552527171,2.217426746,0.5,0.3251805122,2.447472829,1.489102665,-0.4711683938,5.366114052,0.1748194878,0.3722336136,False,10,-0.1040499259,0.4855279011,-1.68169166,6.576637318,0.03824176296
677587,Brayan Rocchio,40,8,5.719169189,3.976133473,0.2,0.1429792297,2.280830811,1.994024442,-1.627457094,6.189118716,0.05702077027,0.2544348961,False,34,-0.03644455001,0.1748371296,-3.248442025,7.810103647,0.02534256457
663611,Nick Madrigal,6,4,1.777307257,1.005406602,0.6666666667,0.2962178761,2.222692743,1.002699657,0.2574014159,4.187984071,0.3704487905,0.5678629164,False,3,-0.09031136519,0.5513358958,-0.5577144872,5.003099974,0.03969094184
687551,Drew Gilbert,26,7,4.783856842,3.06092282,0.2692307692,0.1839944939,2.216143158,1.749549319,-1.212973508,5.645259823,0.0852362753,0.2826504011,False,23,-0.05434833512,0.2369743191,-2.635219405,7.067505721,0.02915977839
696030,Alejandro Osuna,19,5,2.87747765,1.993495679,0.2631578947,0.1514461921,2.12252235,1.411912065,-0.6448252972,4.889869997,0.1117117026,0.3091258285,False,16,-0.03164809251,0.2707869052,-1.792598681,6.037643381,0.03076119348
660271,Shohei Ohtani,24,6,3.9135594,2.990990705,0.25,0.163064975,2.0864406,1.729448093,-1.303277661,5.476158862,0.08693502502,0.2843491508,False,23,-0.05836304975,0.2578296645,-2.709182843,6.882064044,0.02819514325
687231,Darell Hernaiz,14,5,2.930588782,1.983216342,0.3571428571,0.2093277701,2.069411218,1.408267141,-0.6907923791,4.829614815,0.147815087,0.3452292128,False,11,-0.09173054724,0.4275982408,-1.835602727,5.974425163,0.03233455028
457705,Andrew McCutchen,5,3,0.9405449267,0.5750491083,0.6,0.1881089853,2.059455073,0.7583199248,0.5731480208,3.545762126,0.4118910147,0.6093051405,False,4,0.1156968332,0.8561822868,-0.04330639419,4.162216541,0.0374446377
656941,Kyle Schwarber,38,9,6.954521853,4.885628858,0.2368421053,0.183013733,2.045478147,2.210345869,-2.286799755,6.37775605,0.0538283723,0.2512424981,False,32,-0.06828821975,0.1961812779,-4.08363698,8.174593275,0.02324406986
669743,Alex Call,12,4,2.033066449,1.424806906,0.3333333333,0.1694222041,1.966933551,1.193652758,-0.372625854,4.306492956,0.1639111292,0.3613252551,False,10,-0.1194954143,0.4195569504,-1.342971599,5.276838701,0.03172473469
683011,Anthony Volpe,17,5,3.0747258,2.294098842,0.2941176471,0.1808662236,1.9252742,1.514628285,-1.043397239,4.893945639,0.1132514235,0.3106655493,False,15,-0.06844708443,0.3393754619,-2.274670826,6.125219225,0.02873543582
575929,Willson Contreras,30,8,6.10847534,4.020475498,0.2666666667,0.2036158447,1.89152466,2.00511234,-2.038495528,5.821544847,0.06305082198,0.2604649478,False,26,-0.08694364247,0.203782089,-3.668494048,7.451543367,0.02364405824
676369,Nelson Velázquez,7,3,1.150216084,0.9057050847,0.4285714286,0.1643165835,1.849783916,0.9516853917,-0.01551945186,3.715087284,0.2642548451,0.4616689709,False,6,-0.09827142823,0.5735196205,-0.7891647725,4.488732604,0.0324523494
660821,Jesús Sánchez,17,5,3.180129517,2.224506843,0.2941176471,0.1870664422,1.819870483,1.491478073,-1.103426541,4.743167506,0.1070512049,0.3044653307,False,15,-0.06897113992,0.3134547397,-2.315880827,5.955621792,0.02716224601
677950,Alek Thomas,7,3,1.192601887,0.7825482885,0.4285714286,0.1703716981,1.807398113,0.8846175945,0.07354762777,3.541248598,0.2581997304,0.4556138562,False,5,-0.03777986464,0.5230841369,-0.6455768524,4.260373078,0.03170873882
694362,Blake Dunn,9,3,1.195753137,0.9906326362,0.3333333333,0.1328614597,1.804246863,0.995305298,-0.146551521,3.755045247,0.2004718737,0.3978859995,False,9,-0.03606060579,0.5102525809,-0.9556563923,4.564150118,0.03058045531
663330,Jahmai Jones,9,4,2.212574618,1.447160656,0.4444444444,0.2458416242,1.787425382,1.202979907,-0.5704152351,4.145265999,0.1986028202,0.396016946,False,9,-0.0840629093,0.50025108,-1.548343218,5.123193982,0.03029534545
805904,Zach Cole,6,3,1.234838528,0.9074739146,0.5,0.2058064213,1.765161472,0.9526142528,-0.1019624634,3.632285407,0.2941935787,0.4916077045,False,5,-0.001237042273,0.6533367327,-0.876362875,4.406685819,0.03152074057
673548,Seiya Suzuki,51,11,9.238086812,6.862698089,0.2156862745,0.1811389571,1.761913188,2.619675188,-3.37265018,6.896476556,0.03454731741,0.2319614432,True,41,-0.06017633327,0.1358274473,-5.502239925,9.026066301,0.01744468503
687597,Jordan Beck,12,4,2.244125793,1.475687409,0.3333333333,0.1870104827,1.755874207,1.214778749,-0.625092141,4.136840555,0.1463228506,0.3437369764,False,9,-0.02013347473,0.3385276144,-1.612611654,5.124360069,0.02832055173
665804,Miguel Amaya,18,4,2.30294413,1.943355986,0.2222222222,0.1279413406,1.69705587,1.394043036,-1.035268481,4.42938022,0.09428088164,0.2916950075,False,16,-0.06381754415,0.3144327371,-2.168515751,5.56262749,0.02495670396
668227,Randy Arozarena,46,9,7.307060914,5.556456077,0.1956521739,0.1588491503,1.692939086,2.357213626,-2.92719962,6.313077792,0.0368030236,0.2342171494,False,39,-0.06814114042,0.1492843218,-4.843428773,8.229306944,0.01763478214
669224,Austin Wells,13,4,2.321078017,1.618987184,0.3076923077,0.1785444629,1.678921983,1.272394272,-0.8149707908,4.172814756,0.1291478448,0.3265619706,False,13,-0.1037404062,0.3855722536,-1.84932719,5.207171155,0.02664955528
683357,Owen Caissie,21,6,4.330669045,2.498267434,0.2857142857,0.2062223355,1.669330955,1.58059085,-1.42862711,4.767289021,0.07949195024,0.2769060761,False,20,-0.07426202777,0.240893928,-2.71352307,6.052184981,0.02351170359
680977,Brendan Donovan,16,4,2.364403279,1.741884534,0.25,0.1477752049,1.635596721,1.319804733,-0.9512205558,4.222413998,0.1022247951,0.2996389209,False,14,-0.06757623058,0.3175835127,-2.024117928,5.29531137,0.0247817685
800050,Chase DeLauter,31,7,5.379693356,3.747611423,0.2258064516,0.1735384954,1.620306644,1.935874847,-2.174008056,5.414621344,0.05226795626,0.2496820821,False,29,-0.09766567868,0.1959487702,-3.747721943,6.988335231,0.02000378573
663494,Bryan Torres,14,4,2.384647185,1.580435884,0.2857142857,0.1703319418,1.615352815,1.257153882,-0.8486687941,4.079374425,0.1153823439,0.3127964698,False,12,-0.05712844138,0.3347757832,-1.870635956,5.101341586,0.02523988774
680869,Zack Gelof,29,8,6.391549787,4.160728011,0.275862069,0.2203982685,1.608450213,2.039786266,-2.389530868,5.606431295,0.05546380046,0.2528779263,False,25,-0.09540481407,0.2135886618,-4.04771656,7.264616987,0.02036012928
678882,Ceddanne Rafaela,28,6,4.398618594,3.133373053,0.2142857143,0.1570935212,1.601381406,1.770133626,-1.8680805,5.070843312,0.05719219307,0.2546063189,False,24,-0.06933161522,0.21611458,-3.307059819,6.509822631,0.02053053085
686681,Michael Massey,20,6,4.437031641,2.755263247,0.3,0.2218515821,1.562968359,1.659898565,-1.690432829,4.816369546,0.07814841794,0.2755625438,False,19,-0.0965683515,0.2339177093,-3.039799719,6.165736437,0.02232811941
695336,Thomas Saggese,3,2,0.457244684,0.3353714099,0.6666666667,0.1524148947,1.542755316,0.5791126056,0.4076946091,2.677816023,0.514251772,0.7116658978,False,3,-0.05041633712,0.9318204654,-0.06307835995,3.148588992,0.02910859087
663662,Daz Cameron,4,3,1.473195636,0.8548093592,0.75,0.3682989089,1.526804364,0.9245590079,-0.2853312912,3.33894002,0.3817010911,0.5791152169,False,3,0.2162368053,0.6943150968,-1.036924997,4.090533726,0.02827415489
691023,Jordan Walker,32,7,5.477996871,4.077617748,0.21875,0.1711874022,1.522003129,2.019311206,-2.435846835,5.479853093,0.04756259779,0.2449767236,False,29,-0.0741751246,0.1911540813,-4.077387915,7.121394173,0.01856101377
595879,Javier Báez,6,3,1.481666472,0.8764448223,0.5,0.2469444121,1.518333528,0.9361863182,-0.3165916561,3.353258711,0.2530555879,0.4504697137,False,5,-0.0173324038,0.6315987763,-1.07763745,4.114304505,0.02711309871
669477,Casey Schmitt,19,4,2.564365201,1.855401159,0.2105263158,0.1349665895,1.435634799,1.362131109,-1.234142175,4.105411774,0.07555972627,0.2729738521,False,18,-0.09436161218,0.2680606724,-2.34144756,5.212717159,0.02080630144
703607,Henry Bolte,27,6,4.587363763,3.391605133,0.2222222222,0.1699023616,1.412636237,1.841631107,-2.196960732,5.022233206,0.05231986064,0.2497339865,False,25,-0.07516052505,0.1870982333,-3.694061875,6.519334349,0.01834592516
665019,Kody Clemens,20,4,2.599345527,1.995335403,0.2,0.1299672764,1.400654473,1.412563416,-1.367969821,4.169278767,0.07003272365,0.2674468495,False,20,-0.06026599001,0.2352059957,-2.516272702,5.317581648,0.02000934961
641933,Tyler O'Neill,26,6,4.634468441,3.055153325,0.2307692308,0.1782487862,1.365531559,1.74789969,-2.060351832,4.791414951,0.0525204446,0.2499345704,False,20,-0.08771513499,0.2437485533,-3.481256711,6.21231983,0.01796752052
662139,Daulton Varsho,27,5,3.645977202,2.754704152,0.1851851852,0.1350361927,1.354022798,1.659730144,-1.899048285,4.607093882,0.05014899253,0.2475631184,False,25,-0.07600200388,0.1929481336,-3.248278262,5.956323859,0.01758471167
683737,Michael Busch,32,6,4.646175556,3.590650012,0.1875,0.1451929861,1.353824444,1.894901056,-2.360181626,5.067830513,0.04230701386,0.2397211397,False,29,-0.07595299811,0.1786049818,-3.900587046,6.608235933,0.01651005419
641584,Jake Fraley,3,2,0.6484392174,0.4360073335,0.6666666667,0.2161464058,1.351560783,0.6603085139,0.05735609548,2.64576547,0.4505202609,0.6479343867,False,3,-0.398742738,0.9806551889,-0.4794227564,3.182544322,0.02550114684
669397,Nick Allen,5,2,0.6493571804,0.5409918317,0.4,0.1298714361,1.35064282,0.7355214693,-0.09097926012,2.792264899,0.2701285639,0.4675426897,False,4,-0.05707434644,0.613629846,-0.6889003251,3.390185964,0.02455714217
665052,Griffin Conine,12,4,2.655680962,1.650181094,0.3333333333,0.2213067469,1.344319038,1.284593747,-1.173484706,3.862122781,0.1120265865,0.3094407123,False,12,-0.07546604048,0.3281653015,-2.217758317,4.906396393,0.02168256512
683953,Travis Bazzana,26,8,6.678959288,3.946235128,0.3076923077,0.2568830495,1.321040712,1.986513309,-2.572525374,5.214606798,0.05080925815,0.248223384,False,23,-0.1018732464,0.2117950211,-4.187404345,6.829485769,0.01738211463
681546,James Outman,11,3,1.684060681,1.17123371,0.2727272727,0.1530964255,1.315939319,1.082235515,-0.8052422905,3.437120929,0.1196308472,0.317044973,False,8,-0.04662448304,0.2762138507,-1.685014587,4.316893225,0.02157277573
665750,Leody Taveras,32,8,6.696368401,4.78111312,0.25,0.2092615125,1.303631599,2.186575661,-2.982056696,5.589319894,0.04073848746,0.2381526133,False,30,-0.05821006486,0.1629603335,-4.759570613,7.366833811,0.01589794633
689414,Liam Hicks,32,7,5.706132805,4.150828088,0.21875,0.1783166502,1.293867195,2.037358115,-2.69935471,5.2870891,0.04043334983,0.2378474757,False,25,-0.09165984943,0.1935336653,-4.355566507,6.943300896,0.01577886823
671739,Michael Harris II,14,4,2.716293096,1.701521197,0.2857142857,0.1940209355,1.283706904,1.304423703,-1.272963554,3.840377362,0.09169335026,0.2891074761,False,14,-0.1268599305,0.3262050767,-2.33335736,4.900771167,0.02005792037
642086,Dominic Smith,16,5,3.735500247,2.149355819,0.3125,0.2334687655,1.264499753,1.46606815,-1.608993821,4.137993326,0.07903123455,0.2764453604,False,16,-0.1155315671,0.2863602473,-2.800791839,5.329791344,0.01915908716
805805,Walker Jenkins,4,2,0.7424459459,0.5076869189,0.5,0.1856114865,1.257554054,0.7125215217,-0.1389881285,2.654096237,0.3143885135,0.5118026394,False,3,-0.08185436179,0.9345855664,-0.7182120464,3.233320155,0.02328803804
677942,Blaze Alexander,23,5,3.745717751,2.750295594,0.2173913043,0.1628572935,1.254282249,1.658401518,-1.996184726,4.504749225,0.05453401085,0.2519481367,False,20,-0.08666473539,0.2153311693,-3.344334634,5.852899133,0.01718194862
642715,Willy Adames,34,7,5.745859889,4.065160448,0.2058823529,0.1689958791,1.254140111,2.016224305,-2.697659527,5.205939749,0.03688647386,0.2343005997,False,29,-0.08738235041,0.1764357478,-4.336691199,6.844971421,0.01493023942
687093,Vaughn Grissom,27,7,5.797307116,3.462455981,0.2592592593,0.2147150784,1.202692884,1.860767578,-2.44441157,4.849797338,0.0445441809,0.2419583067,False,24,-0.07106470043,0.1613758301,-3.957069159,6.362454927,0.01561938811
668723,Ryan Vilade,14,4,2.802080112,1.935174264,0.2857142857,0.2001485794,1.197919888,1.391105411,-1.528646718,3.924486493,0.08556570627,0.2829798321,False,14,-0.1115899289,0.3137606136,-2.659505929,5.055345704,0.01871749825
687515,Colby Thomas,3,2,0.8117710782,0.3697245896,0.6666666667,0.2705903594,1.188228922,0.6080498249,-0.003548735027,2.380006579,0.3960763073,0.5934904331,False,3,-0.05182099301,0.8944325077,-0.4978453859,2.87430323,0.02241941362
608369,Corey Seager,23,5,3.8296461,2.813767618,0.2173913043,0.1665063522,1.1703539,1.677428871,-2.117406687,4.458114488,0.05088495218,0.248299078,False,20,-0.09100952042,0.2255823818,-3.481024337,5.821732137,0.01603224521
663757,Trent Grisham,26,6,4.839167305,3.299480903,0.2307692308,0.1861218194,1.160832695,1.81644733,-2.399404072,4.721069462,0.04464741134,0.2420615372,False,24,-0.08671912163,0.1776670809,-3.876032788,6.197698177,0.0152741144
656716,Zach McKinstry,16,4,2.85913889,1.97840883,0.25,0.1786961806,1.14086111,1.406559217,-1.615994955,3.897717175,0.07130381938,0.2687179452,False,14,-0.08543863961,0.2239729537,-2.759416894,5.041139114,0.01728577439
593871,Jorge Polanco,11,4,2.877907016,1.705633715,0.3636363636,0.2616279106,1.122092984,1.305999125,-1.437665302,3.681851269,0.102008453,0.2994225789,False,9,-0.1259072852,0.2982800512,-2.499339802,4.743525769,0.01839496694
676572,Eric Wagaman,9,3,1.878250406,1.451085406,0.3333333333,0.2086944895,1.121749594,1.204610064,-1.239286131,3.482785319,0.1246388438,0.3220529696,False,7,-0.1956894965,0.4876209069,-2.218539304,4.462038492,0.01901270498
596146,Max Kepler,6,2,0.9055587636,0.7506855075,0.3333333333,0.1509264606,1.094441236,0.8664210914,-0.6037441027,2.792626575,0.1824068727,0.3798209986,False,6,-0.1813474207,0.5596892034,-1.308076258,3.496958731,0.01954359351
694673,Abimelec Ortiz,6,2,0.9084616836,0.7006200156,0.3333333333,0.1514102806,1.091538316,0.8370304747,-0.5490414141,2.732118047,0.1819230527,0.3793371785,False,5,-0.1500949917,0.6402604979,-1.229481311,3.412557944,0.01949175565
691406,Junior Caminero,44,9,7.984115206,5.474339865,0.2045454545,0.1814571638,1.015884794,2.339730725,-3.569987426,5.601757015,0.02308829078,0.2205024166,False,36,-0.0897146127,0.1576493432,-5.472004356,7.503773945,0.01080728505
687529,Grant McCray,4,2,0.9887109511,0.6682305483,0.5,0.2471777378,1.011289049,0.817453698,-0.5909201991,2.613498297,0.2528222622,0.4502363881,False,3,-0.07745544903,0.6604376429,-1.255445717,3.278023815,0.01872757498
643396,Isiah Kiner-Falefa,11,3,2.002576931,1.067802514,0.2727272727,0.1820524483,0.9974230686,1.033345303,-1.027933725,3.022779862,0.09067482441,0.2880889502,False,10,-0.05353250856,0.2406568543,-1.867962126,3.862808263,0.01635119785
621439,Byron Buxton,24,6,5.005038898,3.397506475,0.25,0.2085432874,0.9949611016,1.843232616,-2.617774825,4.607697028,0.04145671257,0.2388708384,False,20,-0.1049537925,0.1786890398,-4.116177869,6.106100072,0.01344542029
666464,Jerar Encarnacion,1,1,0.04615199539,0.04402198871,1,0.04615199539,0.9538480046,0.2098141766,0.5426122184,1.365083791,0.9538480046,1.15126213,False,1,0.9538480046,0.9538480046,0.3720498064,1.535646203,0.01870290205
660844,Leo Rivas,10,2,1.069721021,0.9303662889,0.2,0.1069721021,0.9302789787,0.9645549694,-0.9602487613,2.820806719,0.09302789787,0.2904420237,False,10,-0.117733297,0.3895369112,-1.744356036,3.604913993,0.01550464965
650968,Yohel Pozo,5,2,1.073314759,0.7422848375,0.4,0.2146629518,0.926685241,0.861559538,-0.7619714534,2.615341935,0.1853370482,0.382751174,False,5,-0.1166101571,0.5088012158,-1.462351548,3.31572203,0.01684882256
663967,César Salazar,5,2,1.080258209,0.7294352992,0.4,0.2160516418,0.9197417908,0.8540698445,-0.7542351044,2.593718686,0.1839483582,0.381362484,False,3,-0.1257750495,0.6019997471,-1.448526668,3.28801025,0.01672257801
691011,Drew Romo,7,3,2.082065008,0.9494624844,0.4285714286,0.2974378582,0.9179349923,0.9744036558,-0.9918961731,2.827766158,0.1311335703,0.3285476961,False,7,-0.1597949465,0.4609412801,-1.784009654,3.619879639,0.01610412267
602104,Ramón Urías,4,2,1.100235233,0.6614970332,0.5,0.2750588082,0.8997647672,0.8133246789,-0.6943516033,2.493881138,0.2249411918,0.4223553176,False,4,-0.1906809068,0.6427318626,-1.355520554,3.155050089,0.0166623105
693304,Nick Gonzales,35,7,6.111188503,4.35970164,0.2,0.1746053858,0.8888114967,2.087989856,-3.203648622,4.981271615,0.02539461419,0.22280874,False,32,-0.08247912779,0.1464060424,-4.901020039,6.678643032,0.01045660584
672724,Oswald Peraza,20,4,3.113062327,2.402839256,0.2,0.1556531164,0.8869376726,1.550109434,-2.151276817,3.925152163,0.04434688363,0.2417610095,False,19,-0.1006870984,0.1857588082,-3.411393785,5.18526913,0.01267053818
669134,Luis Campusano,12,3,2.132774342,1.570405155,0.25,0.1777311951,0.8672256583,1.253158073,-1.588964164,3.323415481,0.07226880486,0.2696829307,False,11,-0.1332637939,0.3295280628,-2.607683047,4.342134363,0.01398751062
673237,Yainer Diaz,6,2,1.136489482,0.8038640019,0.3333333333,0.1894149137,0.8635105179,0.8965846318,-0.8937953604,2.620816396,0.1439184196,0.3413325455,False,6,-0.1748229383,0.5247006149,-1.6226481,3.349669136,0.01541983068
691858,Jared Serna,1,1,0.1397425769,0.1202145891,1,0.1397425769,0.8602574231,0.3467197559,0.1806867015,1.539828145,0.8602574231,1.057671549,False,1,0.8602574231,0.8602574231,-0.1011691713,1.821684017,0.01686779261
677060,Chad Stevens,1,1,0.1485760086,0.1265011782,1,0.1485760086,0.8514239914,0.3556700412,0.1543107106,1.548537272,0.8514239914,1.048838117,False,1,0.8514239914,0.8514239914,-0.1348210398,1.837669023,0.01669458807
641857,Ryan McMahon,24,6,5.153711806,3.587281519,0.25,0.2147379919,0.8462881943,1.894012017,-2.865975358,4.558551747,0.0352620081,0.2326761339,False,22,-0.1057715762,0.2010392613,-4.405658059,6.098234447,0.01143632695
664983,Jake McCarthy,23,4,3.156903907,2.495347089,0.1739130435,0.1372566916,0.8430960933,1.579666765,-2.253050766,3.939242953,0.03665635188,0.2340704777,False,22,-0.078150796,0.1710381941,-3.537195518,5.223387705,0.01154926155
686527,Dominic Canzone,23,5,4.157124569,2.657446514,0.2173913043,0.1807445465,0.8428754306,1.630167634,-2.352253132,4.038003993,0.03664675785,0.2340608837,False,22,-0.08747953679,0.1878223092,-3.677451115,5.363201976,0.01154623878
686797,Brooks Lee,23,4,3.163400723,2.381034522,0.1739130435,0.1375391619,0.8365992766,1.543060116,-2.187798551,3.860997104,0.03637388159,0.2337880074,False,22,-0.09587629081,0.173592572,-3.442184978,5.115383531,0.01146026406
691373,Jhostynxon Garcia,2,1,0.1882054304,0.1684376299,0.5,0.09410271519,0.8117945696,0.4104115372,0.007387956656,1.616201183,0.4058972848,0.6033114106,False,2,-0.06203124439,0.873825814,-0.3262443215,1.949833461,0.01561143403
657656,Ramón Laureano,9,2,1.192883661,0.9802685291,0.2222222222,0.132542629,0.8071163393,0.9900851121,-1.13345048,2.747683159,0.08967959325,0.2870937191,False,9,-0.1273313365,0.3916470429,-1.938311751,3.55254443,0.01367993795
621043,Carlos Correa,7,2,1.211406847,0.9736751005,0.2857142857,0.173058121,0.7885931527,0.9867497659,-1.145436388,2.722622694,0.1126561647,0.3100702905,False,6,-0.1754410131,0.3653823937,-1.947586286,3.524772591,0.01383496759
622268,Donovan Walton,6,2,1.216318834,0.7901476198,0.3333333333,0.2027198057,0.7836811656,0.8889024805,-0.9585676961,2.525930027,0.1306135276,0.3280276534,False,6,-0.09948633858,0.4075875312,-1.681175451,3.248537783,0.01399430653
669384,Raynel Delgado,2,1,0.2272739747,0.194564522,0.5,0.1136369873,0.7727260253,0.441094686,-0.09181955931,1.63727161,0.3863630127,0.5837771385,False,2,-0.05497386922,0.8276998945,-0.4503948225,1.995846873,0.01486011587
643289,Mauricio Dubón,42,7,6.240945743,4.357308147,0.1666666667,0.1485939463,0.759054257,2.08741662,-3.332282319,4.850390833,0.0180727204,0.2154868462,False,33,-0.07113799621,0.1169479803,-5.02918774,6.547296254,0.00825058975
622761,Jorge Mateo,12,3,2.250525811,1.563655897,0.25,0.1875438176,0.7494741886,1.250462273,-1.701431867,3.200380244,0.06245618238,0.2598703082,False,10,-0.1711032311,0.3776102174,-2.717959277,4.216907654,0.01208829336
683002,Gunnar Henderson,25,5,4.251859496,3.151682351,0.2,0.1700743799,0.7481405035,1.775297821,-2.731443225,4.227724232,0.02992562014,0.227339746,False,23,-0.1057607379,0.1978496865,-4.174620627,5.670901634,0.009975206714
669701,Josh Smith,7,2,1.269160684,0.9356725438,0.2857142857,0.1813086692,0.7308393156,0.9673016819,-1.165071981,2.626750612,0.1044056165,0.3018197423,False,7,-0.1649356239,0.4189830257,-1.951412116,3.413090748,0.01282174238
663853,Romy Gonzalez,1,1,0.2703057448,0.1972405491,1,0.2703057448,0.7296942552,0.4441177199,-0.1407764759,1.600164986,0.7296942552,0.927108381,False,1,0.7296942552,0.7296942552,-0.5018092277,1.961197738,0.01430773049
596117,Garrett Stubbs,2,1,0.2833896272,0.2246920619,0.5,0.1416948136,0.7166103728,0.4740169426,-0.2124628347,1.64568358,0.3583051864,0.5557193122,False,2,-0.04540689917,0.762017272,-0.5978013014,2.031022047,0.01378096871
687221,Dalton Rushing,11,3,2.303359366,1.647683791,0.2727272727,0.209396306,0.6966406335,1.283621358,-1.819257228,3.212538495,0.06333096668,0.2607450925,False,11,-0.1601135779,0.3256007412,-2.862740364,4.256021631,0.01142033825
703520,Brett Bateman,7,2,1.317617736,0.6966069061,0.2857142857,0.1882311052,0.6823822639,0.8346298018,-0.9534921476,2.318256675,0.09748318056,0.2948973064,False,6,-0.09446251111,0.4053869031,-1.631980487,2.996745014,0.01197161867
671289,Tyler Freeman,18,4,3.326660163,2.4540255,0.2222222222,0.1848144535,0.6733398368,1.566532955,-2.397064756,3.743744429,0.03740776871,0.2348218945,False,16,-0.1295139613,0.2026881609,-3.670532754,5.017212427,0.009902056423
699393,Pedro Ramírez,13,3,2.363490264,1.443437223,0.2307692308,0.1818069434,0.6365097363,1.201431323,-1.718295656,2.991315129,0.04896228741,0.2463764132,False,11,-0.1025152572,0.2157420731,-2.694964763,3.967984235,0.01010332915
823550,Sung-Mun Song,11,2,1.375383597,1.121957064,0.1818181818,0.1250348724,0.6246164034,1.059224747,-1.4514641,2.700696907,0.0567833094,0.2541974352,False,10,-0.1466001488,0.2635124725,-2.312530453,3.56176326,0.01023961317
693409,César Prieto,3,1,0.3867010563,0.3190446328,0.3333333333,0.1289003521,0.6132989437,0.5648403605,-0.4937881628,1.72038605,0.2044329812,0.4018471071,False,3,-0.1102213616,0.7687892859,-0.9529589198,2.179556807,0.01157167818
596103,Austin Slater,5,1,0.4029368029,0.3593762032,0.2,0.08058736059,0.5970631971,0.599479944,-0.5779174931,1.772043887,0.1194126394,0.3168267652,False,4,-0.1058262497,0.6728872607,-1.065247505,2.259373899,0.01085569449
682998,Corbin Carroll,32,5,4.4086591,3.596005723,0.15625,0.1377705969,0.5913409002,1.89631372,-3.12543399,4.308115791,0.01847940313,0.215893529,False,28,-0.08852298945,0.1529030161,-4.666987794,5.849669595,0.007211474393
691176,Jasson Domínguez,14,3,2.43021667,1.751006153,0.2142857143,0.173586905,0.5697833301,1.323255891,-2.023798216,3.163364876,0.04069880929,0.2381129351,False,13,-0.1859211099,0.3143128104,-3.099501108,4.239067769,0.008902864532
677592,Everson Pereira,1,1,0.4498663941,0.2474866216,1,0.4498663941,0.5501336059,0.4974802725,-0.4249277283,1.52519494,0.5501336059,0.7475477317,False,1,0.5501336059,0.5501336059,-0.8293400354,1.929607247,0.01078693345
666160,Mickey Moniak,11,2,1.462922616,1.181821181,0.1818181818,0.132992965,0.5370773845,1.087115992,-1.59366996,2.667824729,0.04882521677,0.2462393426,False,10,-0.1588853446,0.3306460907,-2.4774097,3.551564469,0.008804547287
663656,Kyle Tucker,27,6,5.468228104,3.723808562,0.2222222222,0.2025269668,0.5317718957,1.929717223,-3.250473862,4.314017654,0.0196952554,0.2171093812,False,24,-0.1350277602,0.1728300863,-4.819182086,5.882725877,0.006906128516
624428,Adam Frazier,7,2,1.469231475,1.023978523,0.2857142857,0.2098902106,0.5307685255,1.011918239,-1.452591224,2.514128275,0.07582407507,0.2732382009,False,7,-0.1860765756,0.377516835,-2.275201109,3.33673816,0.009311728517
656582,Connor Joe,3,1,0.4943448498,0.3264014369,0.3333333333,0.1647816166,0.5056551502,0.5713155318,-0.6141232921,1.625433593,0.1685517167,0.3659658426,False,3,-0.4046546416,0.9457776039,-1.078557854,2.089868154,0.009540663212
682927,Ronny Simon,4,1,0.5104855211,0.427501694,0.25,0.1276213803,0.4895144789,0.653836137,-0.7920043495,1.771033307,0.1223786197,0.3197927455,False,3,-0.1434366694,0.8926721844,-1.323521668,2.302550626,0.009065082943
682177,Daniel Schneemann,10,2,1.510739033,1.153878909,0.2,0.1510739033,0.4892609669,1.074187558,-1.616146646,2.59466858,0.04892609669,0.2463402225,False,10,-0.1753190822,0.3525677679,-2.489376587,3.46789852,0.008154349449
666126,Carlos Cortes,32,5,4.514808186,3.503044494,0.15625,0.1410877558,0.4851918141,1.871642192,-3.183226882,4.15361051,0.01516224419,0.21257637,False,29,-0.08875992558,0.1215227896,-4.704724675,5.675108303,0.005916973342
691723,Coby Mayo,38,10,9.530781754,5.364276716,0.2631578947,0.2508100462,0.4692182462,2.316090826,-4.070319774,5.008756266,0.01234784858,0.2097619744,False,29,-0.1094541506,0.1427402982,-5.953119327,6.891555819,0.005332025525
693307,Dillon Dingler,40,7,6.538839172,4.817849903,0.175,0.1634709793,0.4611608276,2.194960114,-3.840960996,4.763282651,0.01152902069,0.2089431465,False,34,-0.1027004524,0.1221178653,-5.625290814,6.547612469,0.005124009195
680728,Adrian Del Castillo,11,2,1.54349303,1.231686201,0.1818181818,0.1403175481,0.4565069704,1.109813589,-1.718727663,2.631741604,0.04150063368,0.2389147595,False,11,-0.1420551296,0.2826845208,-2.620918762,3.533932703,0.007483720827
682985,Riley Greene,32,8,7.549584796,4.893220834,0.25,0.2359245249,0.4504152043,2.212062575,-3.885227442,4.78605785,0.01407547513,0.211489601,False,31,-0.1012303665,0.1514066219,-5.683460214,6.584290622,0.005492868345
571448,Nolan Arenado,38,8,7.561132742,4.819021009,0.2105263158,0.1989771774,0.4388672577,2.19522687,-3.863777407,4.741511922,0.01154913836,0.2089632642,False,30,-0.1119446814,0.1492594559,-5.648324076,6.526058591,0.004987127928
672284,Jarred Kelenic,4,1,0.570106465,0.426082036,0.25,0.1425266162,0.429893535,0.6527495967,-0.8494956745,1.709282745,0.1074733838,0.3048875096,False,4,-0.2676191121,0.6387090471,-1.380129722,2.239916792,0.00796099139
686469,Vinnie Pasquantino,22,4,3.576631535,2.630140706,0.1818181818,0.1625741607,0.4233684652,1.621770855,-2.75530241,3.602039341,0.01924402115,0.216658147,False,20,-0.1083679275,0.1790539087,-4.073674473,4.920411404,0.005880117572
666018,Jonathan Aranda,40,8,7.577474404,5.542800773,0.2,0.1894368601,0.4225255955,2.354315351,-4.191932493,5.036983684,0.01056313989,0.2079772657,False,35,-0.1011093693,0.1139294785,-6.105805576,6.950856767,0.004694728839
701852,Drew Cavanaugh,8,2,1.590479378,0.9231674943,0.25,0.1988099222,0.4095206221,0.9608160564,-1.473678849,2.292720093,0.05119007776,0.2486042036,False,8,-0.1495033632,0.3145870046,-2.254746681,3.073787925,0.00706070038
664056,Harrison Bader,4,1,0.6086597735,0.5037216445,0.25,0.1521649434,0.3913402265,0.7097335024,-0.9997374383,1.782417891,0.09783505661,0.2952491824,False,4,-0.2095196922,0.6218693765,-1.576694916,2.359375369,0.007247041231
682997,Tyler Callihan,4,1,0.611884035,0.4854742754,0.25,0.1529710088,0.388115965,0.6967598406,-0.9775333225,1.753765253,0.09702899125,0.2944431171,False,4,-0.1649313617,0.5229506833,-1.543944234,2.320176164,0.007187332685
667472,Dane Myers,24,5,4.620261308,3.004098069,0.2083333333,0.1925108878,0.379738692,1.733233415,-3.0173988,3.776876184,0.0158224455,0.2132365713,False,22,-0.1079567991,0.1691618201,-4.426381152,5.185858536,0.005131603945
696100,Hunter Goodman,25,5,4.62702246,3.302378863,0.2,0.1850808984,0.3729775404,1.817244855,-3.188822375,3.934777456,0.01491910162,0.2123332274,False,20,-0.1131604361,0.1530273044,-4.666099416,5.412054496,0.004973033872
677595,Ronny Mauricio,3,1,0.6376887656,0.4081081427,0.3333333333,0.2125629219,0.3623112344,0.6388334233,-0.8898022752,1.614424744,0.1207704115,0.3181845373,False,3,-0.1244914156,0.5404274962,-1.409123569,2.133746037,0.006836061026
687363,Victor Scott II,12,3,2.646784697,1.63291239,0.25,0.2205653914,0.3532153027,1.277854605,-2.151379722,2.857810328,0.02943460856,0.2268487344,False,12,-0.1835141018,0.2699331627,-3.190174942,3.896605547,0.005697021011
682848,Endy Rodríguez,5,1,0.6496132057,0.5327996312,0.2,0.1299226411,0.3503867943,0.729931251,-1.080278458,1.781052046,0.07007735886,0.2674914847,False,5,-0.1226067607,0.4074739915,-1.673655115,2.374428704,0.006370668987
664238,Dylan Moore,2,1,0.6663612665,0.3546482999,0.5,0.3331806332,0.3336387335,0.5955235511,-0.8335874267,1.500864894,0.1668193668,0.3642334926,False,1,0.1668193668,0.1668193668,-1.317701203,1.98497867,0.006416129491
691781,Brady House,17,5,4.671231092,2.48877697,0.2941176471,0.2747782995,0.3287689078,1.577585804,-2.763299269,3.420837084,0.01933934752,0.2167534733,False,14,-0.1279772854,0.2100237263,-4.045752363,4.703290179,0.004906998624
623168,Tyler Heineman,4,1,0.6766863811,0.5110074782,0.25,0.1691715953,0.3233136189,0.7148478707,-1.077788208,1.724415445,0.08082840472,0.2782425305,False,4,-0.1446044766,0.4546915137,-1.658903264,2.305530502,0.005987289238
592450,Aaron Judge,19,5,4.68049473,2.586230803,0.2631578947,0.2463418279,0.3195052697,1.608176235,-2.832520151,3.471530691,0.01681606683,0.2142301926,False,14,-0.1147407535,0.1590571974,-4.139840858,4.778851398,0.004630511155
665926,Andrés Giménez,21,4,3.687735519,2.167893015,0.1904761905,0.1756064533,0.3122644806,1.472376655,-2.573593764,3.198122725,0.01486973717,0.212283863,False,18,-0.1537918463,0.2268683909,-3.7705201,4.395049061,0.004398091275
624585,Jorge Soler,13,3,2.712148999,1.703216306,0.2307692308,0.2086268461,0.2878510013,1.305073295,-2.270092658,2.84579466,0.02214238471,0.2195565105,False,12,-0.2105348855,0.2862086715,-3.331014531,3.906716533,0.004569063512
681297,Colton Cowser,19,5,4.713304896,2.568009768,0.2631578947,0.2480686788,0.2866951036,1.602501098,-2.854207048,3.427597255,0.01508921598,0.2125033418,False,18,-0.153032702,0.1983876614,-4.156914315,4.730304522,0.004155001501
683748,Victor Mesa Jr.,12,2,1.716033177,1.354032292,0.1666666667,0.1430027648,0.2839668226,1.163628932,-1.996745884,2.56467953,0.02366390188,0.2210780277,False,12,-0.1411647728,0.241577935,-2.942684622,3.510618268,0.004580110042
681393,Connor Norby,23,4,3.726033729,2.704331543,0.1739130435,0.1620014665,0.273966271,1.644485191,-2.949224703,3.497157245,0.011911577,0.2093257028,False,20,-0.1163491784,0.1830171045,-4.286061733,4.833994275,0.003752962616
663968,Jake Mangum,22,4,3.732537724,2.669107475,0.1818181818,0.1696608056,0.2674622759,1.633740333,-2.934668776,3.469593328,0.01215737618,0.209571502,False,21,-0.08923584996,0.1379529468,-4.262771083,4.797695635,0.003714753832
656484,Tristan Gray,11,3,2.75150572,1.612073098,0.2727272727,0.2501368836,0.2484942803,1.269674406,-2.240067556,2.737056116,0.02259038912,0.2200045149,False,10,-0.1720219299,0.2794105601,-3.272212918,3.769201478,0.004073676726
665161,Jeremy Peña,15,2,1.756990104,1.473480994,0.1333333333,0.1171326736,0.243009896,1.213870254,-2.136175802,2.622195594,0.01620065973,0.2136147856,False,13,-0.1400586848,0.17748086,-3.122956781,3.608976573,0.003738613784
683679,Jesus Rodriguez,5,1,0.7625155469,0.4483180501,0.2,0.1525031094,0.2374844531,0.6695655682,-1.074864061,1.549832967,0.04749689062,0.2449110164,False,5,-0.06660835451,0.2500912691,-1.619168169,2.094137075,0.004317899148
669398,Gage Workman,2,1,0.7896826871,0.4278982074,0.5,0.3948413436,0.2103173129,0.6541392875,-1.071795691,1.492430316,0.1051586564,0.3025727823,False,2,-0.5529316762,0.7632489891,-1.603559447,2.024194073,0.004044563709
669364,Xavier Edwards,49,9,8.792173018,6.036068812,0.1836734694,0.1794321024,0.2078269816,2.456841227,-4.607581822,5.023235786,0.004241366971,0.2016554928,False,44,-0.08384272402,0.1010869654,-6.604800373,7.020454336,0.00209926244
804606,Konnor Griffin,9,2,1.8088377,1.197542977,0.2222222222,0.2009819667,0.1911623,1.094323068,-1.953710913,2.336035513,0.02124025556,0.2186543814,False,7,-0.1493495641,0.2077236269,-2.843309438,3.225634038,0.003240038983
641680,Jonah Heim,14,2,1.821561602,1.394186315,0.1428571429,0.130111543,0.1784383984,1.180756671,-2.135844676,2.492721473,0.01274559989,0.2101597257,False,13,-0.1417813452,0.2070355516,-3.095706918,3.452583714,0.002788099975
671286,Johnathan Rodríguez,2,1,0.8262170142,0.2415560439,0.5,0.4131085071,0.1737829858,0.4914835133,-0.7895247003,1.137090672,0.08689149291,0.2843056187,False,2,-0.0642935898,0.2380765756,-1.189062114,1.536628086,0.003341980496
694514,Sterlin Thompson,6,1,0.8289873448,0.63105989,0.1666666667,0.1381645575,0.1710126552,0.7943927807,-1.385997195,1.728022505,0.0285021092,0.225916235,False,5,-0.1616828433,0.1839082616,-2.031776003,2.373801313,0.003053797414
665966,Carlos Narváez,14,2,1.831022838,1.31754108,0.1428571429,0.1307873456,0.1689771617,1.147841923,-2.080793007,2.418747331,0.01206979726,0.2094839231,False,14,-0.1070913658,0.1788875721,-3.013898149,3.351852473,0.002640268151
666181,Will Benson,4,1,0.8312918762,0.6076014867,0.25,0.2078229691,0.1687081238,0.7794879644,-1.359088287,1.696504534,0.04217703094,0.2395911568,False,4,-0.1906234585,0.4285085002,-1.992750652,2.330166899,0.003124224514
681481,Kerry Carpenter,10,1,0.8456688261,0.7305178942,0.1,0.08456688261,0.1543311739,0.8547033955,-1.520887481,1.829549829,0.01543311739,0.2128472432,False,9,-0.09732847591,0.2307713643,-2.215694072,2.52435642,0.002572186232
691182,Adael Amador,4,1,0.8496299646,0.6621689356,0.25,0.2124074912,0.1503700354,0.8137376332,-1.444555726,1.745295796,0.03759250884,0.2350066347,False,3,-0.2373093105,0.3116028325,-2.106060376,2.406800447,0.002784630285
668942,Josh Rojas,6,1,0.8553899114,0.6887738071,0.1666666667,0.1425649852,0.1446100886,0.8299239767,-1.482040906,1.771261083,0.02410168143,0.2215158072,False,5,-0.1132946581,0.3631115183,-2.156703779,2.445923957,0.00258232301
701305,Zach Dezenzo,6,1,0.8628035064,0.6622509409,0.1666666667,0.1438005844,0.1371964936,0.8137880197,-1.457828025,1.732221012,0.02286608226,0.2202802081,False,5,-0.1135538645,0.3330552193,-2.119373635,2.393766623,0.002449937385
694388,Joey Loperfido,7,1,0.8701892255,0.6717592603,0.1428571429,0.1243127465,0.1298107745,0.819609212,-1.476623281,1.73624483,0.01854439636,0.2159585222,False,6,-0.09640069511,0.2585252779,-2.142901063,2.402522612,0.002277382009
669004,MJ Melendez,6,1,0.8768281473,0.5919113446,0.1666666667,0.1461380246,0.1231718527,0.7693577481,-1.384769334,1.631113039,0.02052864211,0.2179427679,False,6,-0.2669103185,0.4261576988,-2.01019663,2.256540336,0.002199497369
702222,Justin Crawford,19,3,2.884338256,2.018062704,0.1578947368,0.1518072767,0.1156617436,1.420585339,-2.66868552,2.900009007,0.006087460191,0.203501586,False,17,-0.1590772853,0.2075348015,-3.823509592,4.05483308,0.001676257154
671277,Luis García Jr.,23,5,4.890649372,2.939387895,0.2173913043,0.2126369292,0.109350628,1.714464317,-3.250999434,3.46970069,0.004754375129,0.2021685009,False,20,-0.1172002666,0.14722857,-4.644723986,4.863425242,0.001497953808
807727,Charles McAdoo,4,1,0.9038349811,0.4407378843,0.25,0.2259587453,0.09616501894,0.6638809263,-1.205041597,1.397371634,0.02404125474,0.2214553806,False,4,-0.09753430314,0.2320718473,-1.744724539,1.937054576,0.001780833684
666969,Adolis García,19,4,3.907579236,2.585825714,0.2105263158,0.2056620651,0.09242076403,1.608050284,-3.059357792,3.24419932,0.004864250739,0.2022783766,False,19,-0.1374527034,0.1630101848,-4.36657611,4.551417638,0.001339431363
694376,Shay Whitcomb,6,1,0.9273113554,0.7156065849,0.1666666667,0.1545518926,0.07268864458,0.8459353314,-1.585344605,1.730721894,0.0121147741,0.2095288999,False,6,-0.2381381292,0.3861121618,-2.27302345,2.418400739,0.00129801151
680777,Ryan Jeffers,27,7,6.934890493,4.281714799,0.2592592593,0.2568477961,0.06510950665,2.069230485,-3.990582243,4.120801257,0.002411463209,0.199825589,False,20,-0.1547617354,0.2038855968,-5.672703768,5.802922781,0.0008455780084
656976,Pavin Smith,3,1,0.9555163144,0.3597714445,0.3333333333,0.3185054381,0.04448368564,0.5998095068,-1.131142948,1.220110319,0.01482789521,0.212242021,False,3,-0.1526877553,0.24491605,-1.618740869,1.70770824,0.0008393148233
663743,Nick Fortes,18,4,3.96955508,2.77469583,0.2222222222,0.2205308378,0.03044491989,1.665741826,-3.234409058,3.295298898,0.001691384438,0.1991055103,False,17,-0.1556564283,0.1660940313,-4.58852606,4.649415899,0.0004477194102
645302,Victor Robles,8,1,0.9876278555,0.8209520941,0.125,0.1234534819,0.01237214446,0.9060640673,-1.763513428,1.788257716,0.001546518058,0.1989606439,False,8,-0.1329678256,0.2247639296,-2.500072202,2.524816491,0.0002133128355
669221,Sean Murphy,5,1,0.9925369336,0.7526128365,0.2,0.1985073867,0.007463066412,0.8675326141,-1.692900857,1.70782699,0.001492613282,0.1989067391,False,4,-0.2551982028,0.5550002969,-2.398136593,2.413062726,0.0001356921166
701678,Hao-Yu Lee,21,3,2.996652172,2.378727746,0.1428571429,0.1426977225,0.003347828422,1.542312467,-3.019584607,3.026280264,0.0001594204011,0.1975735462,False,18,-0.1530015182,0.1703510188,-4.273363255,4.280058911,4.715251299e-05
678391,Jorbit Vivas,18,3,3.017707599,2.107978474,0.1666666667,0.1676504222,-0.01770759875,1.4518879,-2.863407882,2.827992685,-0.0009837554861,0.1964303703,False,16,-0.1052511521,0.1221398717,-4.043678474,4.008263276,-0.000260405864
672820,Lenyn Sosa,12,1,1.025567738,0.8827270891,0.08333333333,0.08546397813,-0.02556773752,0.9395355709,-1.867057457,1.815921982,-0.002130644793,0.195283481,False,11,-0.1033479953,0.125044464,-2.630825929,2.579690454,-0.0004123828632
672569,Gustavo Campero,1,0,0.02733320597,0.02658610183,0,0.02733320597,-0.02733320597,0.1630524511,-0.3469160102,0.2922495983,-0.02733320597,0.1700809198,False,1,-0.02733320597,-0.02733320597,-0.4794648199,0.424798408,-0.0005359452152
609280,Miguel Andujar,7,1,1.027829376,0.8320666758,0.1428571429,0.146832768,-0.02782937566,0.9121768884,-1.815696077,1.760037326,-0.003975625094,0.1934385007,False,7,-0.201328913,0.2994902424,-2.557224094,2.501565343,-0.0004882346607
675659,Greg Jones,1,0,0.02856134145,0.02774559122,0,0.02856134145,-0.02856134145,0.166570079,-0.3550386963,0.2979160134,-0.02856134145,0.1688527844,False,1,-0.02856134145,-0.02856134145,-0.4904470606,0.4333243777,-0.0005600263029
518595,Travis d'Arnaud,1,0,0.03912011393,0.03758973061,0,0.03912011393,-0.03912011393,0.1938807123,-0.4191263101,0.3408860822,-0.03912011393,0.1582940119,False,1,-0.03912011393,-0.03912011393,-0.5767360698,0.4984958419,-0.0007670610574
687749,Jase Bowen,7,1,1.041568568,0.8530953719,0.1428571429,0.1487955097,-0.04156856774,0.9236316213,-1.851886546,1.76874941,-0.00593836682,0.191475759,False,7,-0.1809346351,0.2833853519,-2.602726359,2.519589223,-0.0007292731182
680718,Addison Barger,1,0,0.04768638079,0.04541238987,0,0.04768638079,-0.04768638079,0.2131018298,-0.4653659672,0.3699932057,-0.04768638079,0.149727745,False,1,-0.04768638079,-0.04768638079,-0.6386009826,0.543228221,-0.0009350270742
671655,George Valera,1,0,0.05052421613,0.04797151972,0,0.05052421613,-0.05052421613,0.2190240163,-0.4798112881,0.3787628558,-0.05052421613,0.1468899097,False,1,-0.05052421613,-0.05052421613,-0.657860575,0.5568121427,-0.0009906709046
800325,Luis Lara,16,2,2.05336386,1.698133961,0.125,0.1283352412,-0.05336385995,1.303124691,-2.607488255,2.500760535,-0.003335241247,0.1940788846,False,13,-0.1388558472,0.169574787,-3.666826066,3.560098346,-0.0008085433326
624512,Reese McGuire,1,0,0.05659831584,0.05339494648,0,0.05659831584,-0.05659831584,0.2310734655,-0.5095023083,0.3963056766,-0.05659831584,0.14081581,False,1,-0.05659831584,-0.05659831584,-0.6973468491,0.5841502174,-0.001109770899
623205,Andrew Velazquez,1,0,0.06523547555,0.06097980828,0,0.06523547555,-0.06523547555,0.2469409004,-0.5492396403,0.4187686892,-0.06523547555,0.1321786503,False,1,-0.06523547555,-0.06523547555,-0.7499831567,0.6195122056,-0.001279126972
680737,Michael Helman,1,0,0.06578486545,0.06145721693,0,0.06578486545,-0.06578486545,0.2479056613,-0.5516799617,0.4201102308,-0.06578486545,0.1316292604,False,1,-0.06578486545,-0.06578486545,-0.7532077529,0.621638022,-0.001289899323
672761,Wenceel Pérez,11,2,2.065877893,1.087240039,0.1818181818,0.1878070811,-0.06587789255,1.042708031,-2.109585634,1.977829849,-0.005988899323,0.1914252265,False,9,-0.2687300861,0.2151353849,-2.957225197,2.825469412,-0.001079965452
682729,Jonatan Clase,1,0,0.06790440819,0.06329339954,0,0.06790440819,-0.06790440819,0.2515817949,-0.5610047262,0.4251959099,-0.06790440819,0.1295097176,False,1,-0.06790440819,-0.06790440819,-0.7655209247,0.6297121083,-0.001331458984
694208,Moisés Ballesteros,14,3,3.068588175,1.931660359,0.2142857143,0.2191848697,-0.06858817535,1.389841847,-2.792678195,2.655501844,-0.004899155382,0.1925149704,False,12,-0.1826413148,0.1581711438,-3.922510228,3.785333878,-0.00107169024
676551,Brewer Hicklen,1,0,0.07938031323,0.0730790791,0,0.07938031323,-0.07938031323,0.2703314246,-0.6092299054,0.4504692789,-0.07938031323,0.1180338126,False,1,-0.07938031323,-0.07938031323,-0.828988077,0.6702274505,-0.00155647673
669369,Bryce Johnson,2,0,0.08216527236,0.07795839517,0,0.04108263618,-0.08216527236,0.2792103064,-0.6294174728,0.4650869281,-0.04108263618,0.1563314896,False,2,-0.06147026958,-0.02069500277,-0.8563934765,0.6920629318,-0.001580101391
690924,Braxton Fulford,6,1,1.082595836,0.7803704595,0.1666666667,0.1804326393,-0.08259583571,0.8833857931,-1.81403199,1.648840319,-0.01376597262,0.1836481532,False,6,-0.2721262339,0.3423705246,-2.532155113,2.366963441,-0.001474925638
681146,Jonah Bride,1,0,0.08911677693,0.081174977,0,0.08911677693,-0.08911677693,0.2849122268,-0.6475447415,0.4693111877,-0.08911677693,0.1082973489,False,1,-0.08911677693,-0.08911677693,-0.8791559578,0.7009224039,-0.001747387783
519317,Giancarlo Stanton,2,0,0.09423478552,0.08940311417,0,0.04711739276,-0.09423478552,0.2990035354,-0.6802817149,0.4918121438,-0.04711739276,0.1502967331,False,2,-0.06110978261,-0.03312500291,-0.9233480559,0.7348784849,-0.001812207414
680664,Eduardo Valencia,1,0,0.09842612645,0.08873842408,0,0.09842612645,-0.09842612645,0.297889953,-0.6822904343,0.4854381814,-0.09842612645,0.09898799937,False,1,-0.09842612645,-0.09842612645,-0.9244515205,0.7275992676,-0.001929924048
695491,Joshua Báez,7,2,2.098935786,1.108589988,0.2857142857,0.2998479694,-0.09893578599,1.052896,-2.162611947,1.964740375,-0.01413368371,0.1832804421,False,7,-0.3250822924,0.3034608251,-3.018533526,2.820661955,-0.001735715544
656577,Alex Jackson,2,0,0.1011173803,0.09568549841,0,0.05055869015,-0.1011173803,0.3093307266,-0.7074056044,0.5051708438,-0.05055869015,0.1468554357,False,2,-0.06319830214,-0.03791907815,-0.9588671391,0.7566323785,-0.001944565006
640492,José Azócar,1,0,0.1051397417,0.09408537638,0,0.1051397417,-0.1051397417,0.3067333963,-0.7063371983,0.496057715,-0.1051397417,0.09227438417,False,1,-0.1051397417,-0.1051397417,-0.9556873079,0.7454078246,-0.002061563562
605244,Aramis Garcia,1,0,0.1069312536,0.09549696059,0,0.1069312536,-0.1069312536,0.3090258251,-0.7126218708,0.4987593636,-0.1069312536,0.09048287224,False,1,-0.1069312536,-0.1069312536,-0.9638355446,0.7499730375,-0.002096691247
703601,Max Clark,8,1,1.107186459,0.8833248018,0.125,0.1383983073,-0.1071864587,0.9398536066,-1.949299528,1.73492661,-0.01339830734,0.1840158185,False,7,-0.1914782239,0.2710953374,-2.713326538,2.498953621,-0.001848042391
670156,Miles Mastrobuoni,1,0,0.1075263322,0.09596442006,0,0.1075263322,-0.1075263322,0.3097812455,-0.7146975733,0.499644909,-0.1075263322,0.08988779365,False,1,-0.1075263322,-0.1075263322,-0.9665253445,0.7514726801,-0.002108359454
691720,Kyle Karros,39,8,8.108469768,5.261013446,0.2051282051,0.2079094812,-0.108469768,2.293689919,-4.60410201,4.387162474,-0.002781276103,0.1946328497,False,35,-0.1065414789,0.102835826,-6.468691389,6.251751853,-0.001218761439
700246,Carson Williams,1,0,0.1085837508,0.09679331987,0,0.1085837508,-0.1085837508,0.3111162482,-0.7183715972,0.5012040956,-0.1085837508,0.08883037501,False,1,-0.1085837508,-0.1085837508,-0.9712846204,0.7541171188,-0.002129093153
664774,LaMonte Wade Jr.,11,1,1.113514889,0.9718603924,0.09090909091,0.1012286263,-0.1135148892,0.9858297989,-2.045741295,1.818711517,-0.01031953538,0.1870945904,False,10,-0.1248558949,0.179782734,-2.847143331,2.620113553,-0.001860899823
672016,Denzel Clarke,4,1,1.117836605,0.5416867488,0.25,0.2794591512,-0.1178366047,0.7359937152,-1.560384286,1.324711077,-0.02945915117,0.1679549747,False,3,-0.2813880363,0.1277623709,-2.15868925,1.923016041,-0.002182159346
677956,Rece Hinds,1,0,0.1189728948,0.1048183451,0,0.1189728948,-0.1189728948,0.323756614,-0.7535358582,0.5155900686,-0.1189728948,0.07844123103,False,1,-0.1189728948,-0.1189728948,-1.016724504,0.7787787144,-0.002332801859
805249,Otto Kemp,1,0,0.1269034343,0.1107989526,0,0.1269034343,-0.1269034343,0.3328647663,-0.7793183762,0.5255115077,-0.1269034343,0.07051069155,False,1,-0.1269034343,-0.1269034343,-1.049911233,0.7961043644,-0.002488302633
696135,Kahlil Watson,2,0,0.1353165063,0.1256495719,0,0.06765825314,-0.1353165063,0.3544708336,-0.8300793402,0.5594463276,-0.06765825314,0.1297558727,False,2,-0.08365287658,-0.0516636297,-1.118236229,0.8476032166,-0.002602240505
518692,Freddie Freeman,33,5,5.139821989,3.650596231,0.1515151515,0.1557521815,-0.1398219887,1.910653352,-3.884702558,3.605058581,-0.004237029962,0.1931770959,False,32,-0.1066326558,0.1187650709,-5.437913355,5.158269377,-0.001684602274
645305,Ali Sánchez,2,0,0.1399055723,0.129961123,0,0.06995278613,-0.1399055723,0.3605012108,-0.8464879455,0.566676801,-0.06995278613,0.1274613397,False,2,-0.078831544,-0.06107402827,-1.139547057,0.859735912,-0.002690491774
666163,Ben Rortvedt,1,0,0.1410681135,0.1211679009,0,0.1410681135,-0.1410681135,0.3480917995,-0.8233280404,0.5411918134,-0.1410681135,0.05634601232,False,1,-0.1410681135,-0.1410681135,-1.106299277,0.8241630497,-0.002766041441
666185,Dylan Carlson,1,0,0.147658051,0.125855151,0,0.147658051,-0.147658051,0.3547606954,-0.8429890139,0.5476729119,-0.147658051,0.04975607481,False,1,-0.147658051,-0.147658051,-1.131381538,0.8360654357,-0.002895255902
670242,Matt Wallner,2,0,0.1481343882,0.1367660495,0,0.07406719412,-0.1481343882,0.3698189414,-0.8729795135,0.576710737,-0.07406719412,0.1233469317,False,2,-0.08814626189,-0.05998812635,-1.173613206,0.8773444296,-0.002848738235
694224,Gabriel Gonzalez,1,0,0.1512571666,0.1283784361,0,0.1512571666,-0.1512571666,0.3582993666,-0.8535239252,0.551009592,-0.1512571666,0.04615695924,False,1,-0.1512571666,-0.1512571666,-1.14479311,0.842278777,-0.002965826796
642133,Rowdy Tellez,1,0,0.1513503193,0.1284434001,0,0.1513503193,-0.1513503193,0.3583900112,-0.8537947412,0.5510941027,-0.1513503193,0.04606380655,False,1,-0.1513503193,-0.1513503193,-1.145137613,0.8424369746,-0.002967653319
677347,Kyren Paris,2,0,0.1587819399,0.1451010661,0,0.07939096995,-0.1587819399,0.3809213384,-0.9053877633,0.5878238835,-0.07939096995,0.1180231559,False,1,-0.07939096995,-0.07939096995,-1.215046831,0.8974829511,-0.003053498844
641555,J.C. Escarra,2,0,0.1591682609,0.1463709159,0,0.07958413047,-0.1591682609,0.3825845213,-0.9090339227,0.5906974008,-0.07958413047,0.1178299954,False,2,-0.08764878638,-0.07151947456,-1.220045027,0.9017085052,-0.003060928095
695020,Tanner Murray,3,0,0.1594511327,0.1492937331,0,0.05315037757,-0.1594511327,0.3863854722,-0.9167666582,0.5978643928,-0.05315037757,0.1442637482,False,3,-0.08526135968,-0.02885356029,-1.230867637,0.9119653711,-0.003008511938
701807,Carson Benge,32,6,6.159625428,4.464007796,0.1875,0.1924882946,-0.1596254281,2.112819868,-4.30075237,3.981501514,-0.004988294629,0.1924258312,False,28,-0.1446222954,0.1447207796,-6.018308633,5.699057777,-0.001946651563
686554,Oliver Dunn,1,0,0.1604342908,0.1346951292,0,0.1604342908,-0.1604342908,0.3670083503,-0.8797706574,0.5589020757,-0.1604342908,0.03697983498,False,1,-0.1604342908,-0.1604342908,-1.178119561,0.8572509789,-0.003145770409
665506,Cristian Pache,2,0,0.1634092232,0.1487344228,0,0.0817046116,-0.1634092232,0.3856610206,-0.9193048236,0.5924863771,-0.0817046116,0.1157095142,False,2,-0.1074292427,-0.05597998049,-1.23281688,0.9059984333,-0.003142485062
691907,Tsung-Che Cheng,5,1,1.164174734,0.81698058,0.2,0.2328349468,-0.164174734,0.9038697804,-1.935759504,1.607410036,-0.03283494679,0.164579179,False,5,-0.3276316319,0.4022267695,-2.670534496,2.342185028,-0.002984995163
676475,Alec Burleson,35,5,5.174228406,3.826531993,0.1428571429,0.1478350973,-0.1742284065,1.956152344,-4.008287001,3.659830188,-0.004977954471,0.1924361713,False,30,-0.112213173,0.1100226551,-5.598484896,5.250028083,-0.002049745959
606115,Orlando Arcia,1,0,0.177500984,0.1459943847,0,0.177500984,-0.177500984,0.3820921154,-0.9264015302,0.5713995622,-0.177500984,0.01991314184,False,1,-0.177500984,-0.177500984,-1.237012347,0.8820103794,-0.003480411451
664059,Sam Haggerty,1,0,0.1783396786,0.1465346377,0,0.1783396786,-0.1783396786,0.3827984295,-0.9286246005,0.5719452433,-0.1783396786,0.01907444718,False,1,-0.1783396786,-0.1783396786,-1.239809595,0.8831302382,-0.003496856444
596115,Trevor Story,15,2,2.182535065,1.307184613,0.1333333333,0.1455023376,-0.1825350645,1.143321745,-2.423445685,2.058375556,-0.0121690043,0.1852451215,False,13,-0.1787027914,0.208554754,-3.352876279,2.98780615,-0.002808231762
645277,Ozzie Albies,27,4,4.185732512,3.17362053,0.1481481481,0.1550271301,-0.1857325119,1.781465837,-3.677405553,3.305940529,-0.006878981921,0.1905351439,False,24,-0.1119397454,0.1165830174,-5.125597068,4.754132044,-0.002412110544
681230,BJ Murray Jr.,1,0,0.1865882074,0.1517730483,0,0.1865882074,-0.1865882074,0.3895806056,-0.9501661944,0.5769897796,-0.1865882074,0.01082591841,False,1,-0.1865882074,-0.1865882074,-1.266864565,0.8936881498,-0.003658592302
672613,Eliezer Alfonzo,2,0,0.1907679932,0.1721714896,0,0.0953839966,-0.1907679932,0.4149355247,-1.004041622,0.6225056351,-0.0953839966,0.1020301292,False,2,-0.1095312573,-0.08123673594,-1.341351545,0.959815559,-0.003668615254
805300,Jakob Marsee,36,7,7.19290379,4.872867134,0.1944444444,0.199802883,-0.1929037896,2.207457165,-4.519519832,4.133712253,-0.0053584386,0.1920556872,False,34,-0.1105395918,0.1103547216,-6.314008769,5.928201189,-0.002243067321
682515,Logan Porter,1,0,0.1933972504,0.1559947539,0,0.1933972504,-0.1933972504,0.394961712,-0.9675222058,0.5807277051,-0.1933972504,0.004016875444,False,1,-0.1933972504,-0.1933972504,-1.288594992,0.9018004913,-0.003792102949
701649,James Triantos,1,0,0.1941466474,0.1564537267,0,0.1941466474,-0.1941466474,0.3955423198,-0.9694095942,0.5811162993,-0.1941466474,0.003267478379,False,1,-0.1941466474,-0.1941466474,-1.290954369,0.902661074,-0.003806797009
664731,P.J. Higgins,2,0,0.1983946135,0.1759065175,0,0.09919730673,-0.1983946135,0.4194121093,-1.020442348,0.6236531209,-0.09919730673,0.09821681909,False,2,-0.1366665252,-0.06172808823,-1.361391383,0.9646021558,-0.003815281028
657136,Connor Wong,17,3,3.202317087,2.299181792,0.1764705882,0.1883715934,-0.2023170871,1.51630531,-3.174275494,2.76964132,-0.01190100512,0.1855131207,False,13,-0.1900777067,0.2159468893,-4.406912369,4.002278195,-0.003019658016
682641,Luis Matos,1,0,0.2024868904,0.1614859496,0,0.2024868904,-0.2024868904,0.4018531443,-0.9901190533,0.5851452725,-0.2024868904,-0.005072764591,False,1,-0.2024868904,-0.2024868904,-1.316794032,0.9118202509,-0.003970331185
691728,Zac Veen,2,0,0.2137014432,0.1908464446,0,0.1068507216,-0.2137014432,0.436859754,-1.069946561,0.6425436745,-0.1068507216,0.0905634042,False,2,-0.1100791261,-0.1036223171,-1.425079158,0.9976762713,-0.004109643139
669208,Ryan Bliss,1,0,0.2184733539,0.1707427475,0,0.2184733539,-0.2184733539,0.4132102946,-1.028365531,0.5914188235,-0.2184733539,-0.02105922808,False,1,-0.2184733539,-0.2184733539,-1.364272979,0.9273262711,-0.004283791253
669288,Daniel Johnson,1,0,0.2303932435,0.1773121968,0,0.2303932435,-0.2303932435,0.4210845483,-1.055718958,0.5949324712,-0.2303932435,-0.03297911765,False,1,-0.2303932435,-0.2303932435,-1.398027554,0.9372410674,-0.004517514578
815873,Sean Keys,2,0,0.2379346459,0.2070657078,0,0.118967323,-0.2379346459,0.4550447316,-1.12982232,0.653953028,-0.118967323,0.07844680285,False,2,-0.1547618079,-0.08317283805,-1.499737872,1.02386858,-0.004575666268
685133,Wade Meckler,25,5,5.246488784,3.241176678,0.2,0.2098595513,-0.2464887836,1.800326825,-3.775129361,3.282151794,-0.009859551345,0.1875545745,False,21,-0.119707332,0.1187918906,-5.238653375,4.745675808,-0.003286517115
665828,Oswaldo Cabrera,1,0,0.2569828286,0.1909426544,0,0.2569828286,-0.2569828286,0.4369698552,-1.113443745,0.5994780877,-0.2569828286,-0.05956870275,False,1,-0.2569828286,-0.2569828286,-1.468665845,0.9547001881,-0.005038878992
666023,Freddy Fermin,10,2,2.264722723,1.458651179,0.2,0.2264722723,-0.2647227234,1.207746322,-2.631905515,2.102460068,-0.02647227234,0.1709418535,False,9,-0.2505586878,0.1891611406,-3.613708219,3.084262772,-0.00441204539
686823,Will Brennan,2,0,0.2676944065,0.2061651628,0,0.1338472033,-0.2676944065,0.4540541408,-1.157640522,0.6222517094,-0.1338472033,0.06356692256,False,2,-0.2472030503,-0.02049135621,-1.526750802,0.9913619894,-0.005147969356
678009,Parker Meadows,2,0,0.275191069,0.2354233009,0,0.1375955345,-0.275191069,0.4852043909,-1.226191675,0.6758095372,-0.1375955345,0.05981859134,False,2,-0.1684395438,-0.1067515252,-1.620624657,1.070242519,-0.005292135941
670042,Luke Raley,20,3,3.278187304,2.440273169,0.15,0.1639093652,-0.2781873039,1.562137372,-3.339976553,2.783601945,-0.01390936519,0.1835047606,False,17,-0.1740751078,0.1871402179,-4.609871287,4.05349668,-0.003974104341
694203,Denzer Guzman,9,2,2.291390947,1.402037532,0.2222222222,0.2545989941,-0.2913909468,1.184076658,-2.612181197,2.029399303,-0.03237677187,0.165037354,False,7,-0.3440835508,0.1886862139,-3.574742327,2.991960433,-0.004938829607
806068,Colt Emerson,7,2,2.296496694,1.174388361,0.2857142857,0.3280709563,-0.296496694,1.083692005,-2.420533023,1.827539635,-0.04235667057,0.1550574552,False,7,-0.2494267872,0.2122606706,-3.30148933,2.708495942,-0.005201696386
668952,Ryan Kreidler,10,2,2.30137296,1.401668507,0.2,0.230137296,-0.3013729598,1.183920819,-2.621857766,2.019111846,-0.03013729598,0.1672768298,False,9,-0.2086232077,0.1372950894,-3.584292211,2.981546292,-0.005022882663
682663,Agustín Ramírez,3,0,0.3081292644,0.2431244762,0,0.1027097548,-0.3081292644,0.4930765419,-1.274559287,0.6583007578,-0.1027097548,0.09470437103,False,3,-0.2509450038,-0.01451425023,-1.675391707,1.059133179,-0.005813759705
663584,Hayden Senger,1,0,0.3107126066,0.2141702827,0,0.3107126066,-0.3107126066,0.4627853527,-1.217771898,0.5963466847,-0.3107126066,-0.1132984808,False,1,-0.3107126066,-0.3107126066,-1.593979966,0.9725547528,-0.006092404051
672642,Steward Berroa,1,0,0.3166155651,0.216370149,0,0.3166155651,-0.3166155651,0.465156048,-1.228321419,0.5950902891,-0.3166155651,-0.1192014393,False,1,-0.3166155651,-0.3166155651,-1.606456676,0.9732255459,-0.006208148335
669699,Braden Shewmake,4,0,0.3259591361,0.2918111124,0,0.08148978402,-0.3259591361,0.5401954391,-1.384742197,0.7328239246,-0.08148978402,0.1159243418,False,4,-0.1246471525,-0.03833241559,-1.823878572,1.1719603,-0.006036280298
700932,Kyle Manzardo,17,2,2.333747146,1.846244795,0.1176470588,0.1372792439,-0.3337471459,1.358765909,-2.996928327,2.329434035,-0.01963218505,0.1777819408,False,16,-0.168338257,0.1838741238,-4.101498068,3.434003777,-0.004981300684
683227,Cody Freeman,9,1,1.33920197,1.02952394,0.1111111111,0.1488002189,-0.3392019697,1.014654591,-2.327924969,1.649521029,-0.03768910775,0.1597250181,False,8,-0.1610481786,0.09843037257,-3.152759293,2.474355354,-0.005749185927
695670,Harry Ford,7,1,1.339913263,0.8959163232,0.1428571429,0.1914161804,-0.339913263,0.9465285644,-2.195109249,1.515282723,-0.04855903757,0.1488550882,False,6,-0.2062240505,0.08643282834,-2.964562475,2.284735949,-0.005963390579
673357,Luis Robert Jr.,12,3,3.34587086,2.111125435,0.25,0.2788225716,-0.3458708595,1.452971244,-3.193694497,2.501952778,-0.02882257163,0.1685915542,False,10,-0.2749008365,0.2265060474,-4.374845761,3.683104042,-0.005578562251
646240,Rafael Devers,21,3,3.346429672,2.307870403,0.1428571429,0.1593537939,-0.3464296725,1.519167668,-3.323998301,2.631138957,-0.01649665107,0.1809174748,False,20,-0.1815611397,0.1841098545,-4.558962049,3.866102704,-0.004879291161
701538,Jackson Merrill,19,3,3.348323908,2.297051625,0.1578947368,0.1762275741,-0.3483239082,1.515602726,-3.318905252,2.622257436,-0.01833283728,0.1790812885,False,18,-0.1579917957,0.1482413152,-4.550970983,3.854323166,-0.005048172583
665861,Sebastián Rivero,2,0,0.3615400033,0.2635458861,0,0.1807700016,-0.3615400033,0.513367204,-1.367739723,0.6446597166,-0.1807700016,0.01664412419,False,2,-0.3085168805,-0.05302312272,-1.785066855,1.061986849,-0.00695269237
624424,Michael Conforto,19,5,5.362731936,3.088345913,0.2631578947,0.2822490492,-0.3627319356,1.757369031,-3.807175237,3.081711366,-0.0190911545,0.1783229713,False,17,-0.1860307878,0.1867024222,-5.235777945,4.510314074,-0.005256984574
682988,Tyler Locklear,2,0,0.3693295924,0.2978904206,0,0.1846647962,-0.3693295924,0.5457933863,-1.43908463,0.7004254448,-0.1846647962,0.01274932961,False,2,-0.2248953688,-0.1444342237,-1.882771696,1.144112511,-0.007102492162
667452,Corey Julks,1,0,0.3863684633,0.2370878739,0,0.3863684633,-0.3863684633,0.4869167012,-1.340725198,0.567988271,-0.3863684633,-0.1889543375,False,1,-0.3863684633,-0.3863684633,-1.736550153,0.963813226,-0.007575852222
608841,Joey Meneses,1,0,0.4004458509,0.2400889714,0,0.4004458509,-0.4004458509,0.4899887462,-1.360823793,0.5599320917,-0.4004458509,-0.2030317251,False,1,-0.4004458509,-0.4004458509,-1.759146079,0.9582543776,-0.007851879429
683021,Michael Stefanic,1,0,0.4102720167,0.241948889,0,0.4102720167,-0.4102720167,0.4918830034,-1.374362703,0.5538186699,-0.4102720167,-0.2128578909,False,1,-0.4102720167,-0.4102720167,-1.774224871,0.9536808378,-0.008044549347
666971,Lourdes Gurriel Jr.,9,1,1.412609899,1.031474273,0.1111111111,0.1569566554,-0.4126098985,1.015615219,-2.403215727,1.57799593,-0.04584554428,0.1515685815,False,8,-0.1442903329,0.1165971193,-3.228830966,2.403611169,-0.006993388111
805672,Collin Price,2,0,0.4142231904,0.327086286,0,0.2071115952,-0.4142231904,0.5719145793,-1.535175766,0.706729385,-0.2071115952,-0.00969746939,False,2,-0.2330584511,-0.1811647393,-2.000097306,1.171650925,-0.007965830585
669911,Michael Toglia,1,0,0.4262022723,0.2445538954,0,0.4262022723,-0.4262022723,0.4945239078,-1.395469132,0.543064587,-0.4262022723,-0.2287881465,False,1,-0.4262022723,-0.4262022723,-1.797478147,0.9450736023,-0.008356907301
676439,Hunter Feduccia,19,4,4.435606199,2.890887567,0.2105263158,0.2334529579,-0.4356061993,1.700261029,-3.768117816,2.896905418,-0.02292664207,0.1744874838,False,17,-0.1603602436,0.1322062739,-5.150296213,4.279083815,-0.006313133323
592206,Nick Castellanos,4,0,0.4447896796,0.3759097997,0,0.1111974199,-0.4447896796,0.613114834,-1.646494754,0.7569153951,-0.1111974199,0.08621670592,False,4,-0.1950359228,-0.04780300659,-2.144908859,1.2553295,-0.008236845919
665561,Rafael Marchán,10,1,1.45905884,1.103046423,0.1,0.145905884,-0.4590588395,1.050260169,-2.517568771,1.599451092,-0.04590588395,0.1515082419,False,9,-0.203751642,0.2129098446,-3.371347628,2.453229949,-0.007650980659
680757,Steven Kwan,49,8,8.460699299,6.139889089,0.1632653061,0.1726673326,-0.4606992991,2.477879959,-5.317344018,4.39594542,-0.009402026512,0.1880120993,False,38,-0.1040392179,0.09831555956,-7.331665402,6.410266804,-0.004653528274
702176,Alan Roden,5,0,0.4647754489,0.4150140286,0,0.09295508979,-0.4647754489,0.6442158245,-1.727438465,0.7978875671,-0.09295508979,0.104459036,False,5,-0.1257424921,-0.06266336183,-2.251135227,1.321584329,-0.008450462708
663697,Jonathan India,5,0,0.4698141681,0.3942032445,0,0.09396283362,-0.4698141681,0.6278560699,-1.700412065,0.7607837289,-0.09396283362,0.1034512922,False,5,-0.1616171328,-0.03117880222,-2.210809634,1.271181298,-0.008542075783
807726,John Peck,1,0,0.4730993236,0.2492763536,0,0.4730993236,-0.4730993236,0.4992758292,-1.451679949,0.5054813016,-0.4730993236,-0.2756851978,False,1,-0.4730993236,-0.4730993236,-1.857551902,0.911353255,-0.009276457326
682987,Spencer Jones,9,1,1.477124192,1.110154747,0.1111111111,0.1641249102,-0.4771241918,1.053638813,-2.542256264,1.588007881,-0.05301379909,0.1444003267,False,9,-0.240950928,0.2244667501,-3.398781692,2.444533308,-0.008086850708
669392,Samad Taylor,9,1,1.477222273,1.16681354,0.1111111111,0.1641358081,-0.4772222729,1.080191437,-2.594397489,1.639952943,-0.05302469699,0.1443894288,False,7,-0.1995135893,0.2062624844,-3.47250811,2.518063565,-0.008088513101
694025,Felix Reyes,3,0,0.4863794877,0.3855291452,0,0.1621264959,-0.4863794877,0.6209099332,-1.703362957,0.7306039814,-0.1621264959,0.03528762993,False,2,-0.1658127648,-0.154753958,-2.208113863,1.235354888,-0.009176971465
543309,Kyle Higashioka,11,1,1.492379409,1.138623072,0.09090909091,0.1356708554,-0.4923794091,1.067062825,-2.583822545,1.599063727,-0.04476176446,0.1526523614,False,10,-0.1781334678,0.1874847813,-3.451260638,2.46650182,-0.008071793591
677951,Bobby Witt Jr.,41,6,6.496520503,4.113430293,0.1463414634,0.1584517196,-0.4965205026,2.028159336,-4.471712802,3.478671796,-0.01211025616,0.1853038697,False,33,-0.08883642981,0.06453216181,-6.120446715,5.12740571,-0.005456269259
669242,Tommy Edman,16,3,3.497580866,2.393575811,0.1875,0.2185988041,-0.4975808663,1.547118551,-3.529933227,2.534771494,-0.03109880414,0.1663153217,False,15,-0.2075921308,0.1784342953,-4.787618842,3.79245711,-0.007539104035
801126,Brock Rodden,4,0,0.5004530028,0.4254187307,0,0.1251132507,-0.5004530028,0.6522413133,-1.778845977,0.7779399712,-0.1251132507,0.07230087512,False,4,-0.1752155096,-0.07220378878,-2.30906683,1.308160824,-0.0092676482
691740,Daniel Susac,9,1,1.507624196,1.182097488,0.1111111111,0.1675137995,-0.5076241959,1.087243067,-2.638620608,1.623372216,-0.05640268843,0.1410114374,False,8,-0.2207655489,0.1192356863,-3.52246365,2.507215258,-0.00860379993
571912,Luke Maile,4,0,0.5082436714,0.421284102,0,0.1270609179,-0.5082436714,0.64906402,-1.780409151,0.7639218077,-0.1270609179,0.07035320797,False,3,-0.1688091535,-0.04091150051,-2.308047114,1.291559771,-0.009411919841
681807,David Fry,17,2,2.513738451,1.64369193,0.1176470588,0.1478669677,-0.5137384515,1.282065494,-3.026586819,1.999109916,-0.03021990891,0.1671942169,False,15,-0.2110653152,0.1358380863,-4.06880516,3.041328257,-0.007667738082
811965,Joshua Kuroda-Grauer,4,0,0.5159972249,0.4398547912,0,0.1289993062,-0.5159972249,0.6632154938,-1.815899593,0.7839051429,-0.1289993062,0.06841481959,False,4,-0.1750496304,-0.08294898206,-2.355041591,1.323047141,-0.009555504165
543510,James McCann,12,1,1.516182525,1.203955072,0.08333333333,0.1263485438,-0.5161825252,1.097248865,-2.6667903,1.63442525,-0.04301521043,0.1543989154,False,11,-0.1810575729,0.1617872362,-3.558767268,2.526402218,-0.0083255246
801501,Nate Furman,2,0,0.5213143859,0.3345743253,0,0.2606571929,-0.5213143859,0.5784240013,-1.655025428,0.6123966566,-0.2606571929,-0.06324306713,False,2,-0.4201183421,-0.1011960438,-2.125238616,1.082609845,-0.01002527665
672275,Patrick Bailey,19,3,3.534048034,2.551200213,0.1578947368,0.1860025281,-0.5340480344,1.597247699,-3.664653525,2.596557456,-0.02810779129,0.1693063345,False,18,-0.1658133155,0.1376357958,-4.963090193,3.894994124,-0.007739826586
807799,Masataka Yoshida,18,2,2.541206905,1.981068403,0.1111111111,0.1411781614,-0.541206905,1.407504317,-3.299915367,2.217501557,-0.03006705028,0.1673470755,False,15,-0.1457935943,0.1621554494,-4.444105598,3.361691788,-0.007958925073
668800,Andrew Knizner,3,0,0.5492483163,0.4007203871,0,0.1830827721,-0.5492483163,0.6330247918,-1.789976908,0.6914802757,-0.1830827721,0.01433135373,False,3,-0.3618570355,-0.08984408162,-2.304576242,1.206079609,-0.01036317578
677588,José Tena,14,2,2.550829509,1.775765342,0.1428571429,0.1822021078,-0.5508295088,1.332578456,-3.162683283,2.061024265,-0.03934496491,0.1580691609,False,12,-0.2060227984,0.1924860686,-4.245964686,3.144305669,-0.008606711074
650391,Eloy Jiménez,4,0,0.5537058017,0.4601801167,0,0.1384264504,-0.5537058017,0.6783657691,-1.883302709,0.7758911058,-0.1384264504,0.05898767539,False,3,-0.1843459779,-0.02945416502,-2.434760688,1.327349085,-0.01025381114
682634,Kevin Alcántara,3,0,0.5576315844,0.4340142377,0,0.1858771948,-0.5576315844,0.6587975696,-1.848874821,0.7336116521,-0.1858771948,0.01153693103,False,3,-0.2661729012,-0.0739823859,-2.384425394,1.269162225,-0.01052135065
676694,Jake Meyers,6,0,0.5622297931,0.4988410546,0,0.09370496552,-0.5622297931,0.7062868076,-1.946551936,0.8220923498,-0.09370496552,0.1037091603,False,6,-0.1296655061,-0.06224160443,-2.520707522,1.396247936,-0.01003981773
656305,Matt Chapman,23,4,4.564742014,2.933939613,0.1739130435,0.1984670441,-0.5647420139,1.712874664,-3.921976355,2.792492327,-0.0245540006,0.1728601252,False,19,-0.1305476658,0.1050983849,-5.314408644,4.184924616,-0.007736191971
808982,Jung Hoo Lee,40,5,5.565486543,4.279100063,0.125,0.1391371636,-0.5654865435,2.068598575,-4.61993975,3.488966663,-0.01413716359,0.1832769622,False,34,-0.110609318,0.08838911946,-6.301547581,5.170574494,-0.006283183816
701785,Kaelen Culpepper,8,1,1.579608116,1.001447392,0.125,0.1974510145,-0.5796081163,1.000723434,-2.541026048,1.381809815,-0.07245101454,0.1249631113,False,7,-0.2252082593,0.06016518874,-3.354535438,2.195319205,-0.009993243384
672012,Tyler Black,3,0,0.5866121152,0.3672686002,0,0.1955373717,-0.5866121152,0.6060268972,-1.774424834,0.6012006034,-0.1955373717,0.001876754078,False,3,-0.4590902467,-0.04878183299,-2.267077004,1.093852773,-0.01106815312
683146,Brett Baty,19,3,3.589057529,2.312867171,0.1578947368,0.1888977647,-0.589057529,1.520811353,-3.569847781,2.391732723,-0.03100302784,0.166411098,False,16,-0.1532456498,0.131197774,-4.806147715,3.628032657,-0.008537065637
681987,Nate Eaton,2,0,0.6039867154,0.3268039843,0,0.3019933577,-0.6039867154,0.5716677219,-1.72445545,0.5164820195,-0.3019933577,-0.1045792319,False,2,-0.5196889651,-0.08429775035,-2.189176315,0.9812028841,-0.01161512914
669720,Austin Hays,5,0,0.6104295449,0.5141466946,0,0.122085909,-0.6104295449,0.7170402322,-2.0158284,0.7949693102,-0.122085909,0.07532821685,False,5,-0.1784206913,-0.06575112662,-2.598725674,1.377866584,-0.011098719
668670,Jake Rogers,8,1,1.618232238,1.193051066,0.125,0.2022790297,-0.6182322376,1.09226877,-2.759079027,1.522614552,-0.0772790297,0.1201350961,False,7,-0.2168559549,0.1642546207,-3.647007569,2.410543094,-0.01065917651
806367,Turner Hill,4,0,0.6275771406,0.4925886838,0,0.1568942851,-0.6275771406,0.7018466241,-2.003196524,0.7480422427,-0.1568942851,0.04051984068,False,4,-0.263615381,-0.09001995805,-2.57374259,1.318588309,-0.0116217989
814430,Brett Callahan,2,0,0.6308836684,0.4245990745,0,0.3154418342,-0.6308836684,0.6516126722,-1.908044506,0.6462771691,-0.3154418342,-0.1180277084,False,2,-0.3757638548,-0.2551198136,-2.437754323,1.175986986,-0.01213237824
665953,Andrés Chaparro,14,1,1.635669848,1.227963522,0.07142857143,0.1168335606,-0.6356698482,1.108135155,-2.807614752,1.536275056,-0.04540498916,0.1520091367,False,12,-0.1125885345,0.05309343245,-3.708441417,2.437101721,-0.009932341378
664954,Brett Sullivan,8,1,1.638522351,1.032864009,0.125,0.2048152939,-0.6385223513,1.016299173,-2.63046873,1.353424027,-0.07981529391,0.1175988319,False,8,-0.1756171186,0.05604707242,-3.456639969,2.179595267,-0.01100900606
678489,Jorge Barrosa,14,2,2.642865756,1.573493883,0.1428571429,0.1887761255,-0.6428657563,1.254389845,-3.101469853,1.81573834,-0.0459189826,0.1514951432,False,12,-0.1323968484,0.0795175036,-4.121190069,2.835458557,-0.01004477744
644433,Chadwick Tromp,2,0,0.6444627286,0.3733706824,0,0.3222313643,-0.6444627286,0.6110406553,-1.842102413,0.5531769557,-0.3222313643,-0.1248172385,False,2,-0.5003127248,-0.1441500038,-2.338830374,1.049904916,-0.01239351401
606992,Eric Haase,4,0,0.6488281664,0.5035767855,0,0.1622070416,-0.6488281664,0.7096314434,-2.039705795,0.7420494627,-0.1622070416,0.03520708423,False,3,-0.3290212253,-0.08571375139,-2.616580307,1.318923974,-0.01201533641
661388,William Contreras,44,6,6.651946715,4.988146454,0.1363636364,0.1511806072,-0.6519467154,2.233415871,-5.029441823,3.725548392,-0.0148169708,0.182597155,False,35,-0.0986708576,0.07816543492,-6.845033144,5.541139714,-0.006935603355
695508,Cam Cauley,3,0,0.6628453358,0.4167026825,0,0.2209484453,-0.6628453358,0.6455251215,-1.928074574,0.6023839023,-0.2209484453,-0.02353431943,False,3,-0.4637854072,-0.02458557886,-2.452835691,1.12714502,-0.01250651577
678577,Junior Perez,2,0,0.6666730302,0.3285486292,0,0.3333365151,-0.6666730302,0.5731916165,-1.790128599,0.4567825381,-0.3333365151,-0.1359223893,False,2,-0.5740624343,-0.09261059587,-2.256088269,0.9227422091,-0.0128206352
686894,Joey Wiemer,3,0,0.6769971313,0.494815343,0,0.2256657104,-0.6769971313,0.7034311217,-2.05572213,0.7017278673,-0.2256657104,-0.02825158462,False,3,-0.3392390512,-0.09796220812,-2.627556268,1.273562005,-0.01277353078
666624,Christopher Morel,10,2,2.682086305,1.677494544,0.2,0.2682086305,-0.6820863052,1.295181278,-3.220641611,1.856469,-0.06820863052,0.1292054953,False,5,-0.276873133,0.05826587546,-4.273522052,2.909349442,-0.01136810509
642201,Eli White,13,2,2.694711081,1.505392947,0.1538461538,0.2072854678,-0.6947110813,1.226944558,-3.099522414,1.710100251,-0.05343931395,0.1439748119,False,12,-0.1496700564,0.04614246666,-4.096931772,2.70750961,-0.01102716002
702284,Cole Young,39,6,6.695723341,4.740390379,0.1538461538,0.1716852139,-0.6957233408,2.177243757,-4.963121105,3.571674424,-0.01783906002,0.1795750658,False,34,-0.113404873,0.08303340098,-6.733048919,5.341602238,-0.007817116189
669326,Bryce Teodosio,3,0,0.6968064377,0.4839473153,0,0.2322688126,-0.6968064377,0.6956632197,-2.060306348,0.6666934729,-0.2322688126,-0.03485468676,False,3,-0.4038035356,-0.08786495753,-2.625825794,1.232212918,-0.01314729128
669236,Jeremiah Jackson,6,1,1.702991262,0.7983013472,0.1666666667,0.2838318769,-0.7029912615,0.8934771106,-2.454206398,1.048223875,-0.1171652103,0.08024891556,False,6,-0.2765076098,0.05251790336,-3.180532968,1.774550445,-0.01255341538
695490,Edwin Arroyo,4,0,0.7067158618,0.5512553151,0,0.1766789655,-0.7067158618,0.7424656996,-2.161948633,0.7485169094,-0.1766789655,0.02073516036,False,4,-0.2629911278,-0.08964899896,-2.765514811,1.352083087,-0.01308733077
699302,Héctor Rodríguez,5,0,0.7286961781,0.6010457549,0,0.1457392356,-0.7286961781,0.7752714073,-2.248228136,0.7908357801,-0.1457392356,0.05167489019,False,5,-0.2011900869,-0.09518630723,-2.878462772,1.421070416,-0.01324902142
571771,Enrique Hernández,6,0,0.7314066415,0.6121090689,0,0.1219011069,-0.7314066415,0.7823739955,-2.264859673,0.8020463898,-0.1219011069,0.07551301891,False,6,-0.1850797524,-0.07800008082,-2.900868154,1.438054871,-0.01306083288
699024,Leo Bernal,2,0,0.7347054575,0.4521975828,0,0.3673527287,-0.7347054575,0.6724563798,-2.052719962,0.583309047,-0.3673527287,-0.1699386029,False,2,-0.4467624891,-0.2879429684,-2.599374073,1.129963158,-0.01412895111
676356,Jonny DeLuca,24,4,4.73823397,3.286918189,0.1666666667,0.1974264154,-0.7382339701,1.812985987,-4.291686505,2.815218565,-0.03075974875,0.1666543771,False,17,-0.1761614357,0.1204452183,-5.76550142,4.28903348,-0.009976134731
640459,Brian Navarreto,4,0,0.7430208082,0.5804843334,0,0.1857552021,-0.7430208082,0.7618952247,-2.236335449,0.7502938322,-0.1857552021,0.01165892377,False,4,-0.2585851833,-0.09654308357,-2.855696301,1.369654685,-0.0137596446
663604,Brandon Lockridge,6,0,0.7579220807,0.632506656,0,0.1263203468,-0.7579220807,0.7953028706,-2.316715707,0.8008715456,-0.1263203468,0.07109377904,False,6,-0.1854793865,-0.0718259708,-2.963234346,1.447390185,-0.01353432287
687605,Andrew Pinckney,4,0,0.7609209325,0.5824170589,0,0.1902302331,-0.7609209325,0.7631625376,-2.256719506,0.7348776412,-0.1902302331,0.007183892689,False,3,-0.2940011561,-0.07584676076,-2.877110584,1.355268719,-0.01409112838
682657,Angel Martínez,22,3,3.765943962,2.504298771,0.1363636364,0.171179271,-0.7659439621,1.582497637,-3.86763933,2.335751406,-0.03481563464,0.1625984912,False,21,-0.1074493342,0.0419809282,-5.154085358,3.622197434,-0.01063811058
691594,Javier Sanoja,23,3,3.770649607,2.852643465,0.1304347826,0.1639412873,-0.770649607,1.688977047,-4.081044619,2.539745405,-0.03350650465,0.1639076212,False,20,-0.1585882793,0.08980050067,-5.454050027,3.912750813,-0.01055684393
695578,James Wood,39,7,7.793663164,5.170663586,0.1794871795,0.199837517,-0.7936631638,2.273909318,-5.250525427,3.663199099,-0.02035033753,0.1770637883,False,30,-0.1167269158,0.07538438563,-7.099034734,5.511708406,-0.008917563639
650559,Bryan De La Cruz,3,0,0.7972078995,0.5834568168,0,0.2657359665,-0.7972078995,0.7638434505,-2.294341062,0.6999252634,-0.2657359665,-0.06832184067,False,3,-0.294575885,-0.2331961334,-2.915285669,1.32086987,-0.01504165848
607043,Brandon Nimmo,25,3,3.805818065,2.796053185,0.12,0.1522327226,-0.8058180649,1.672140301,-4.083213054,2.471576924,-0.03223272259,0.1651814032,False,22,-0.1519897424,0.1011750772,-5.442531512,3.830895382,-0.01074424086
673490,Ha-Seong Kim,14,3,3.817919768,2.413415133,0.2142857143,0.2727085548,-0.8179197677,1.553517021,-3.862813128,2.226973593,-0.05842284055,0.1389912853,False,7,-0.2196725912,0.1525517171,-5.125700196,3.48986066,-0.01277999637
668715,Spencer Steer,26,4,4.821421945,3.301830243,0.1538461538,0.1854393056,-0.8214219447,1.8170939,-4.382925989,2.7400821,-0.03159315172,0.1658209741,False,22,-0.1591193245,0.1066609847,-5.860080315,4.217236426,-0.01080818348
805779,Jacob Wilson,20,2,2.829633174,2.116299351,0.1,0.1414816587,-0.8296331743,1.454750615,-3.680944379,2.021678031,-0.04148165872,0.1559324671,False,19,-0.1487541372,0.07723360817,-4.863542132,3.204275784,-0.01185190249
695731,Braden Montgomery,22,5,5.843498149,3.402263008,0.2272727273,0.2656135522,-0.8434981491,1.844522433,-4.458762119,2.771765821,-0.03834082496,0.1590733009,False,18,-0.1934226048,0.1357675298,-5.958213683,4.271217385,-0.01171525207
641343,Jake Bauers,43,8,8.86035284,5.959460749,0.1860465116,0.2060547172,-0.86035284,2.441200678,-5.645106169,3.924400489,-0.02000820558,0.1774059202,False,34,-0.1230911267,0.09734528051,-7.629610184,5.908904504,-0.009251105807
694378,Jacob Gonzalez,7,0,0.8641293431,0.7369338863,0,0.123447049,-0.8641293431,0.8584485344,-2.546688471,0.8184297844,-0.123447049,0.07396707681,False,7,-0.1658420432,-0.08551001059,-3.244539565,1.516280878,-0.01516016391
683766,Christian Koss,10,2,2.866673051,1.769795067,0.2,0.2866673051,-0.8666730508,1.330336449,-3.474132491,1.740786389,-0.08666730508,0.1107468207,False,10,-0.3090315791,0.1643639214,-4.555591319,2.822245217,-0.01444455085
670097,Zack Short,4,0,0.8687184399,0.5874993061,0,0.21717961,-0.8687184399,0.7664850332,-2.371029105,0.6335922251,-0.21717961,-0.01976548416,False,4,-0.3787688552,-0.09221481324,-2.99412111,1.256684231,-0.01608737852
669065,Kyle Stowers,25,4,4.874242204,3.539863677,0.16,0.1949696882,-0.8742422039,1.881452544,-4.561889191,2.813404783,-0.03496968815,0.1624444377,False,25,-0.1587826836,0.101982161,-6.091362029,4.342877621,-0.01165656272
666310,Bo Naylor,8,1,1.874299449,1.029356166,0.125,0.2342874311,-0.8742994492,1.014571913,-2.862860398,1.1142615,-0.1092874311,0.08812669467,False,8,-0.3667354877,0.1873695583,-3.687627511,1.939028612,-0.01507412843
694377,Nick Yorke,10,1,1.882623911,1.362907991,0.1,0.1882623911,-0.882623911,1.167436504,-3.170799459,1.405551637,-0.0882623911,0.1091517347,False,9,-0.2258954019,0.161878989,-4.119833453,2.354585631,-0.01471039852
649966,Luis Urías,6,0,0.8865671362,0.7417068573,0,0.1477611894,-0.8865671362,0.861224046,-2.574566266,0.8014319939,-0.1477611894,0.04965293645,False,4,-0.1794344424,-0.08544221319,-3.274673633,1.50153936,-0.015831556
681508,Mickey Gasper,13,2,2.890626854,1.796944281,0.1538461538,0.2223559119,-0.8906268542,1.340501504,-3.518009801,1.736756093,-0.06850975801,0.1289043678,False,13,-0.2808798575,0.1506404121,-4.607732019,2.826478311,-0.01413693419
621020,Dansby Swanson,14,1,1.890749745,1.443776592,0.07142857143,0.1350535532,-0.8907497445,1.20157255,-3.245831942,1.464332453,-0.06362498175,0.1337891441,False,14,-0.1289394935,0.03649167477,-4.222615855,2.441116366,-0.01391796476
807713,Matt Shaw,10,0,0.8933186862,0.7770974604,0,0.08933186862,-0.8933186862,0.8815313156,-2.621120065,0.8344826924,-0.08933186862,0.1080822572,False,9,-0.1282645135,-0.05661261101,-3.337735643,1.551098271,-0.01488864477
606466,Ketel Marte,32,5,5.898074071,4.020339034,0.15625,0.1843148147,-0.8980740715,2.005078311,-4.828027561,3.031879419,-0.02806481473,0.1693493111,False,28,-0.1309753801,0.1036864573,-6.457998418,4.661850275,-0.01095212282
691002,Yohandy Morales,4,0,0.8984425174,0.4146513997,0,0.2246106293,-0.8984425174,0.6439343132,-2.160553771,0.3636687365,-0.2246106293,-0.02719650352,False,3,-0.3560474901,-0.08825321601,-2.684021687,0.8871366521,-0.0166378244
682818,Yohendrick Piñango,6,0,0.8990290227,0.7190214874,0,0.1498381704,-0.8990290227,0.8479513473,-2.561013663,0.762955618,-0.1498381704,0.04757595537,False,6,-0.2222326911,-0.08726433314,-3.25033137,1.452273325,-0.01605408969
592626,Joc Pederson,16,3,3.899953471,2.120375569,0.1875,0.243747092,-0.8999534713,1.456150943,-3.75400932,1.954102377,-0.05624709196,0.1411670339,False,14,-0.2227962326,0.1414394351,-4.93774543,3.137838487,-0.01363565866
670231,John Rave,5,0,0.9120617726,0.6876543268,0,0.1824123545,-0.9120617726,0.829249255,-2.537390312,0.7132667671,-0.1824123545,0.0150017713,False,5,-0.2850090111,-0.108704143,-3.21150469,1.387381145,-0.01658294132
686475,Tyler Tolbert,7,0,0.9166539987,0.6811710596,0,0.1309505712,-0.9166539987,0.8253308789,-2.534302521,0.7009945239,-0.1309505712,0.06646355457,False,6,-0.2447556854,-0.05368087238,-3.205231568,1.37192357,-0.0160816491
669357,Nolan Gorman,12,1,1.918761922,1.450419493,0.08333333333,0.1598968268,-0.9187619222,1.20433363,-3.279255837,1.441731993,-0.07656349351,0.1208506323,False,12,-0.1645500895,0.05512667214,-4.258284291,2.420760447,-0.01481874068
808975,Hyeseong Kim,10,0,0.9535302125,0.7662805614,0,0.09535302125,-0.9535302125,0.8753745264,-2.669264284,0.7622038592,-0.09535302125,0.1020611046,False,9,-0.1598564566,-0.03585700936,-3.380874877,1.473814452,-0.01589217021
701350,Roman Anthony,6,0,0.9553713657,0.7860358961,0,0.1592285609,-0.9553713657,0.8865866546,-2.693081209,0.7823384773,-0.1592285609,0.03818556487,False,6,-0.1966751989,-0.1137547006,-3.41380638,1.503063648,-0.01706020296
691016,Tyler Soderstrom,28,4,4.960416339,3.681480979,0.1428571429,0.1771577264,-0.9604163387,1.918718577,-4.72110475,2.800272073,-0.03430058353,0.1631135423,False,24,-0.1404038177,0.1078539959,-6.28087194,4.360039263,-0.01231302998
701162,Ben Malgeri,8,1,1.969820922,1.079854765,0.125,0.2462276152,-0.9698209215,1.039160606,-3.00657571,1.066933866,-0.1212276152,0.07618651063,False,7,-0.2903263924,0.008116332667,-3.851331495,1.911689652,-0.01672105037
506702,Sandy León,4,0,0.9720466919,0.547055189,0,0.243011673,-0.9720466919,0.7396317929,-2.421725006,0.4776316221,-0.243011673,-0.04559754716,False,3,-0.6162104083,-0.1019936122,-3.02298744,1.078894057,-0.01800086466
678662,Ezequiel Tovar,25,3,3.976802006,3.001783163,0.12,0.1590720802,-0.9768020058,1.732565486,-4.372630358,2.419026346,-0.03907208023,0.1583420456,False,22,-0.1385675735,0.09781819427,-5.781069736,3.827465724,-0.01302402674
804668,Rafael Flores Jr.,2,0,0.9774275663,0.4502869158,0,0.4887137831,-0.9774275663,0.6710342136,-2.292654625,0.3377994924,-0.4887137831,-0.2912996573,False,2,-0.6459688733,-0.3314586929,-2.838152627,0.883297494,-0.01879668397
694410,LuJames Groover,5,0,0.9835297334,0.7260553436,0,0.1967059467,-0.9835297334,0.852088812,-2.653623805,0.6865643382,-0.1967059467,0.0007081791453,False,5,-0.3023546079,-0.1050445649,-3.346304945,1.379245478,-0.01788235879
669899,Ryan Ward,6,0,0.9871967272,0.7890265779,0,0.1645327879,-0.9871967272,0.8882716802,-2.72820922,0.753815766,-0.1645327879,0.03288133795,False,6,-0.2257040594,-0.1013934717,-3.450304185,1.47591073,-0.01762851299
686668,Brenton Doyle,7,0,0.9912898268,0.8162567889,0,0.1416128324,-0.9912898268,0.9034693071,-2.762089669,0.7795100151,-0.1416128324,0.05580129342,False,7,-0.1951127195,-0.0919996374,-3.496539108,1.513959454,-0.01739104959
695506,Jac Caglianone,19,5,6.005376723,3.196965276,0.2631578947,0.3160724591,-1.005376723,1.78800595,-4.509868384,2.499114939,-0.05291456435,0.1444995615,False,18,-0.2502817271,0.171273768,-5.963376495,3.95262305,-0.01457067714
670224,Kameron Misner,3,0,1.006689524,0.4696210728,0,0.3355631748,-1.006689524,0.6852890432,-2.349856049,0.3364770004,-0.3355631748,-0.138149049,False,3,-0.6999538245,-0.1466708216,-2.906942105,0.8935630566,-0.01899414197
675961,Alika Williams,9,1,2.008930872,1.339299615,0.1111111111,0.2232145414,-1.008930872,1.15728113,-3.277201888,1.259340143,-0.1121034302,0.08531069558,False,9,-0.3201197213,0.1518981584,-4.217980362,2.200118618,-0.01710052326
814439,Ryan Waldschmidt,22,6,7.008941948,3.788130396,0.2727272727,0.3185882703,-1.008941948,1.946311999,-4.823713465,2.80582957,-0.04586099762,0.1515531282,False,18,-0.2130783914,0.1488481718,-6.405911935,4.38802804,-0.01401308261
680776,Jarren Duran,25,4,5.013429595,3.086548045,0.16,0.2005371838,-1.013429595,1.756857435,-4.456870166,2.430010977,-0.04053718379,0.156876942,False,23,-0.1526213467,0.0896141683,-5.885056987,3.858197797,-0.0135123946
828599,Lucas Spence,5,0,1.071896423,0.7317843058,0,0.2143792847,-1.071896423,0.8554439232,-2.748566513,0.6047736661,-0.2143792847,-0.01696515885,False,5,-0.3473864475,-0.0933772918,-3.443975094,1.300182248,-0.01948902588
621493,Taylor Ward,49,8,9.078076504,6.040071265,0.1632653061,0.1852668674,-1.078076504,2.457655644,-5.895081567,3.738928558,-0.02200156131,0.1754125645,False,39,-0.1271259556,0.08842059911,-7.892962175,5.736809166,-0.01088966166
695681,Christian Moore,5,0,1.085925972,0.6979647632,0,0.2171851944,-1.085925972,0.8354428545,-2.723393967,0.5515420229,-0.2171851944,-0.01977106858,False,4,-0.3572104067,-0.05577118122,-3.402543254,1.23069131,-0.01974410858
682668,Luisangel Acuña,11,0,1.088192691,0.9296968101,0,0.09892660831,-1.088192691,0.9642078666,-2.97804011,0.8016547272,-0.09892660831,0.09848751751,False,11,-0.1434440875,-0.06657912295,-3.761865217,1.585479834,-0.01783922445
691019,Kyle Teel,7,0,1.092564399,0.8582631884,0,0.1560806284,-1.092564399,0.9264249502,-2.908357302,0.7232285033,-0.1560806284,0.04133349737,False,6,-0.245261737,-0.09190920724,-3.661467871,1.476339073,-0.01916779648
682674,Victor Bericoto,7,0,1.093895559,0.7629353406,0,0.1562707942,-1.093895559,0.8734616995,-2.80588049,0.618089372,-0.1562707942,0.04114333166,False,7,-0.2851851746,-0.07156929137,-3.515936106,1.328144988,-0.01919115016
641598,Mitch Garver,10,1,2.097121455,1.056551359,0.1,0.2097121455,-1.097121455,1.027886842,-3.111779665,0.9175367542,-0.1097121455,0.08770198028,False,10,-0.1851292918,-0.04012434034,-3.947370767,1.753127856,-0.01828535759
813841,Jonah Cox,9,1,2.098963625,1.334059559,0.1111111111,0.2332181806,-1.098963625,1.155014961,-3.362792948,1.164865697,-0.1221070695,0.07530705635,False,8,-0.2364535813,-0.02425285522,-4.301729205,2.103801954,-0.01862650212
642350,Jose Siri,16,1,2.114039037,1.717396875,0.0625,0.1321274398,-1.114039037,1.310494897,-3.682609035,1.454530961,-0.06962743981,0.127786686,False,13,-0.1560194635,0.03185433915,-4.747938243,2.519860169,-0.01687937935
687462,Spencer Horwitz,34,4,5.124092893,3.614344468,0.1176470588,0.1507086145,-1.124092893,1.901142937,-4.85033305,2.602147264,-0.03306155568,0.1643525701,False,29,-0.115256544,0.07306431616,-6.395812628,4.147626842,-0.01338205825
669257,Will Smith,12,1,2.132101048,1.369961544,0.08333333333,0.1776750874,-1.132101048,1.170453563,-3.426190033,1.161987936,-0.09434175402,0.1030723718,False,10,-0.2045320153,0.02084973273,-4.377676659,2.113474562,-0.01825969433
669289,Santiago Espinal,4,0,1.145854451,0.6769216787,0,0.2864636129,-1.145854451,0.8227525015,-2.758449354,0.4667404514,-0.2864636129,-0.08904948703,False,4,-0.5040007962,-0.1294503688,-3.427282383,1.13557348,-0.02121952688
630105,Jake Cronenworth,14,1,2.147270715,1.385621948,0.07142857143,0.1533764797,-1.147270715,1.17712444,-3.454434618,1.159893187,-0.08194790823,0.1154662176,False,14,-0.1334865734,-0.01341295548,-4.411344142,2.116802711,-0.01792610493
702616,Jackson Holliday,19,2,3.158267976,2.215705415,0.1052631579,0.1662246303,-1.158267976,1.488524577,-4.075776146,1.759240194,-0.06096147243,0.1364526534,False,17,-0.1641296465,0.07510437581,-5.285829472,2.96929352,-0.01678649241
682622,Noelvi Marte,6,0,1.162245219,0.5739451929,0,0.1937075365,-1.162245219,0.7575917059,-2.647124963,0.3226345247,-0.1937075365,0.003706589329,False,6,-0.4084303286,-0.0476351597,-3.262987393,0.9384969551,-0.02075437891
669016,Brandon Marsh,24,2,3.190719095,2.539723654,0.08333333333,0.1329466289,-1.190719095,1.593651045,-4.314275143,1.932836954,-0.04961329561,0.1478008302,False,22,-0.1316388847,0.04707977735,-5.609788014,3.228349825,-0.01609079858
642851,Austin Wynns,8,0,1.200720712,0.8204545785,0,0.150090089,-1.200720712,0.905789478,-2.976068089,0.5746266649,-0.150090089,0.04732403682,False,7,-0.3052313551,-0.07276992719,-3.712403644,1.31096222,-0.02070208124
656537,Derek Hill,11,2,3.207725537,1.831266019,0.1818181818,0.2916114124,-1.207725537,1.353242779,-3.860081384,1.44463031,-0.1097932306,0.0876208952,False,9,-0.2586560709,0.0880350008,-4.960161255,2.544710182,-0.01979877929
682877,Juan Brito,7,0,1.220295551,0.8205854338,0,0.1743279359,-1.220295551,0.9058617079,-2.995784499,0.5551933962,-0.1743279359,0.02308618992,False,6,-0.2669946712,-0.06906522329,-3.732178771,1.291587669,-0.02140869388
699625,Jimmy Crooks,9,0,1.224308301,0.9814123638,0,0.1360342557,-1.224308301,0.9906625883,-3.166006974,0.7173903721,-0.1360342557,0.06137987016,False,8,-0.1983460328,-0.07803313278,-3.971337688,1.522721086,-0.02075098815
699912,Jose Fernandez,14,2,3.233739701,1.776508272,0.1428571429,0.2309814072,-1.233739701,1.332857184,-3.846139781,1.378660379,-0.08812426435,0.1092898615,False,12,-0.291215824,0.1615782147,-4.929647768,2.462168366,-0.01927718283
516782,Starling Marte,10,2,3.243176173,1.483609941,0.2,0.3243176173,-1.243176173,1.218035279,-3.63052532,1.144172974,-0.1243176173,0.07309650851,False,9,-0.3397252808,0.08801109781,-4.620692136,2.13433979,-0.02071960289
642708,Amed Rosario,8,0,1.256676375,0.9959825473,0,0.1570845469,-1.256676375,0.9979892521,-3.212735309,0.699382559,-0.1570845469,0.04032957894,False,7,-0.2214666303,-0.1014849913,-4.024022024,1.510669274,-0.02166683405
672640,Otto Lopez,51,8,9.280549773,6.455754058,0.1568627451,0.1819715642,-1.280549773,2.540817596,-6.260552262,3.699452716,-0.02510881908,0.1723053067,True,46,-0.1081381595,0.0574955146,-8.326036992,5.764937445,-0.01267871063
657041,Lane Thomas,31,4,5.281445601,3.960933192,0.1290322581,0.1703692129,-1.281445601,1.990209334,-5.182255895,2.619364693,-0.04133695486,0.156077171,False,29,-0.157200372,0.08440764794,-6.800139443,4.237248241,-0.01582031606
687957,Dustin Harris,8,1,2.283193506,1.33260196,0.125,0.2853991882,-1.283193506,1.154383801,-3.545785755,0.979398744,-0.1603991882,0.03701493761,False,7,-0.4040561526,0.1378399632,-4.484208929,1.917821918,-0.02212402596
642215,Weston Wilson,14,1,2.293803478,1.793521186,0.07142857143,0.1638431056,-1.293803478,1.339224098,-3.918682711,1.331075755,-0.09241453414,0.1049995917,False,11,-0.2160798943,0.03128917482,-5.007366499,2.419759543,-0.02021567934
695238,Will Wagner,6,0,1.299149956,0.7996526091,0,0.2165249927,-1.299149956,0.8942329725,-3.051846582,0.4535466701,-0.2165249927,-0.01911086685,False,6,-0.3825434764,-0.0840535811,-3.778787608,1.180487696,-0.02319910636
673962,Josh Jung,28,4,5.333052124,3.821985205,0.1428571429,0.1904661473,-1.333052124,1.954989822,-5.164832175,2.498727928,-0.04760900443,0.1498051214,False,21,-0.158867549,0.06702895051,-6.754085032,4.087980785,-0.01709041184
694371,Tommy Troy,10,1,2.343077124,1.310158846,0.1,0.2343077124,-1.343077124,1.144621704,-3.586535665,0.9003814166,-0.1343077124,0.06310641342,False,10,-0.2784893356,0.01152976149,-4.517023022,1.830868774,-0.02238461873
641487,J.P. Crawford,18,2,3.375302866,1.964820731,0.1111111111,0.1875168259,-1.375302866,1.401720632,-4.122675305,1.372069574,-0.07640571476,0.1210084111,False,17,-0.1757526858,0.07593834797,-5.262163856,2.511558125,-0.02022504214
700337,Edgar Quero,12,0,1.377753096,1.127115105,0,0.114812758,-1.377753096,1.061656774,-3.458600373,0.7030941798,-0.114812758,0.08260136778,False,11,-0.1695301833,-0.07273444758,-4.321643772,1.566137579,-0.02222182414
641355,Cody Bellinger,14,1,2.392531862,1.73100354,0.07142857143,0.170895133,-1.392531862,1.315676077,-3.971256973,1.18619325,-0.09946656154,0.09794756428,False,14,-0.2252498088,0.05665319156,-5.040798073,2.25573435,-0.02175831034
682829,Elly De La Cruz,39,6,7.406177764,5.351434441,0.1538461538,0.1899019939,-1.406177764,2.313316762,-5.940278617,3.12792309,-0.03605584009,0.1613582857,False,33,-0.1322233199,0.05118048062,-7.820823074,5.008467547,-0.01579975015
691788,Joe Mack,18,2,3.442458484,2.470793434,0.1111111111,0.1912476935,-1.442458484,1.571875769,-4.523334991,1.638418024,-0.08013658242,0.1172775434,False,13,-0.2119156133,0.08462630614,-5.801146276,2.916229309,-0.02121262476
678545,Osleivis Basabe,12,0,1.464575467,1.24651546,0,0.1220479556,-1.464575467,1.116474567,-3.65286562,0.7237146848,-0.1220479556,0.07536617021,False,8,-0.1465233482,-0.09063463331,-4.56047157,1.631320636,-0.02362218496
663368,Blake Perkins,9,0,1.47110166,1.033521546,0,0.16345574,-1.47110166,1.016622617,-3.46368199,0.5214786695,-0.16345574,0.03395838581,False,9,-0.2780824046,-0.0858549195,-4.290116164,1.347912844,-0.02493392644
663698,Joey Bart,6,0,1.491559742,1.000220023,0,0.2485932904,-1.491559742,1.000110005,-3.451775353,0.4686558677,-0.2485932904,-0.05117916459,False,6,-0.3711638015,-0.1479591168,-4.264786073,1.281666588,-0.0266349954
660162,Yoán Moncada,6,0,1.501846218,0.9413319376,0,0.250307703,-1.501846218,0.9702226227,-3.403482558,0.3997901227,-0.250307703,-0.05289357714,False,5,-0.3741740956,-0.1222536406,-4.192197189,1.188504753,-0.02681868246
690984,Petey Halpin,9,0,1.502443263,1.074810961,0,0.1669381404,-1.502443263,1.036730901,-3.534435829,0.5295493027,-0.1669381404,0.03047598545,False,9,-0.2712455948,-0.08686778672,-4.377216456,1.372329929,-0.02546514006
663457,Lars Nootbaar,14,1,2.502900888,1.924799545,0.07142857143,0.1787786349,-1.502900888,1.387371452,-4.222148933,1.216347157,-0.1073500634,0.09006406237,False,13,-0.2157681696,0.03532834907,-5.34997273,2.344170953,-0.02348282638
671083,Buddy Kennedy,5,0,1.507656311,0.778342496,0,0.3015312622,-1.507656311,0.8822372107,-3.236841244,0.2215286219,-0.3015312622,-0.1041171364,False,5,-0.5237301254,-0.1193002658,-3.95403066,0.9387180374,-0.02741193293
701762,Nick Kurtz,35,7,8.534141257,4.830883066,0.2,0.2438326073,-1.534141257,2.197926993,-5.842078163,2.773795649,-0.04383260734,0.1535815185,False,29,-0.1437283753,0.06623758005,-7.628819819,4.560537306,-0.01804872067
691785,Marcelo Mayer,16,1,2.535217338,1.875832457,0.0625,0.1584510836,-1.535217338,1.36961033,-4.219653586,1.149218909,-0.09595108364,0.1014630422,False,13,-0.1933479595,0.04516018042,-5.333038988,2.262604312,-0.02326086876
663886,Tyler Stephenson,29,5,6.535571645,4.370445588,0.1724137931,0.2253645395,-1.535571645,2.09056107,-5.633071342,2.561928053,-0.05295074637,0.1444633794,False,28,-0.17005225,0.07807889444,-7.332532954,4.261389664,-0.01943761576
686611,Dylan Crews,23,4,5.538316609,3.188455681,0.1739130435,0.2407963743,-1.538316609,1.785624731,-5.038141083,1.961507864,-0.06688333083,0.130530795,False,21,-0.2162622857,0.09742199332,-6.489713451,3.413080233,-0.02107283026
810938,Ben Williamson,26,3,4.540724466,3.140207447,0.1153846154,0.1746432487,-1.540724466,1.772063048,-5.013968041,1.932519108,-0.05925863331,0.1381554925,False,22,-0.1823201623,0.1149065253,-6.454515828,3.373066896,-0.02027269034
691458,Blaze Jordan,8,0,1.550589036,0.9973792645,0,0.1938236294,-1.550589036,0.9986887726,-3.50801903,0.4068409587,-0.1938236294,0.003590496373,False,8,-0.3223004736,-0.09829648759,-4.3198744,1.218696329,-0.02673429372
663993,Nathaniel Lowe,33,3,4.560802081,3.702771806,0.09090909091,0.1382061237,-1.560802081,1.924258768,-5.332349266,2.210745104,-0.04729703275,0.1501170931,False,25,-0.1379215665,0.04963569615,-6.896620195,3.775016033,-0.01880484435
663647,Ke'Bryan Hayes,16,2,3.562234512,2.273098327,0.125,0.222639657,-1.562234512,1.507679783,-4.517286886,1.392817862,-0.097639657,0.09977446882,False,13,-0.2435578436,0.02768969124,-5.742911887,2.618442863,-0.02367021988
687952,Christian Encarnacion-Strand,10,0,1.566320679,1.195303619,0,0.1566320679,-1.566320679,1.093299419,-3.709187539,0.5765461816,-0.1566320679,0.04078205793,False,9,-0.2352686925,-0.09494832548,-4.597953918,1.46531256,-0.02610534465
691026,Masyn Winn,40,6,7.56831169,4.939114959,0.15,0.1892077923,-1.56831169,2.222411969,-5.924239149,2.787615769,-0.03920779225,0.1582063336,False,29,-0.1156064259,0.04436038278,-7.730885164,4.594261784,-0.01742568545
595978,Austin Hedges,13,1,2.597125906,1.759377961,0.07692307692,0.1997789159,-1.597125906,1.326415456,-4.196900199,1.002648387,-0.1228558389,0.07455828688,False,11,-0.2386600624,0.02606890937,-5.275171569,2.080919756,-0.02535120486
669127,Shea Langeliers,10,0,1.622265776,1.193303831,0,0.1622265776,-1.622265776,1.09238447,-3.763339337,0.5188077856,-0.1622265776,0.03518754824,False,9,-0.2510328845,-0.08809297416,-4.651361935,1.406830383,-0.02703776293
805347,Jim Jarvis,8,0,1.630577584,1.200930527,0,0.203822198,-1.630577584,1.095869758,-3.77848231,0.5173271424,-0.203822198,-0.00640807214,False,7,-0.2759474626,-0.1186995701,-4.669338172,1.408183005,-0.02811340662
661531,Brian Serven,6,0,1.63997387,0.9429182058,0,0.2733289783,-1.63997387,0.971039755,-3.54321179,0.2632640499,-0.2733289783,-0.07591485251,False,5,-0.4321810614,-0.07067945471,-4.332590685,1.052642945,-0.02928524768
672356,Gabriel Arias,12,0,1.643614583,1.282066427,0,0.1369678819,-1.643614583,1.132283722,-3.862890678,0.575661512,-0.1369678819,0.06044624392,False,11,-0.1891369396,-0.07808056734,-4.783348227,1.496119061,-0.02650991263
668904,Royce Lewis,26,3,4.646887284,2.995864779,0.1153846154,0.178726434,-1.646887284,1.730856661,-5.039366339,1.74559177,-0.06334181862,0.1340723072,False,20,-0.1533133688,0.06625361281,-6.446416576,3.152642008,-0.02166956953
664770,Nathan Lukes,13,0,1.647734737,1.291531194,0,0.1267488259,-1.647734737,1.13645554,-3.875187595,0.5797181212,-0.1267488259,0.07066529989,False,13,-0.1920066008,-0.07519017899,-4.799036504,1.50356703,-0.02615451964
676724,Jared Young,20,2,3.652357907,2.608039626,0.1,0.1826178954,-1.652357907,1.614942608,-4.817645418,1.512929603,-0.08261789537,0.1147962304,False,19,-0.1807549002,0.02997946959,-6.130466653,2.825750839,-0.02360511296
668930,Brice Turang,29,3,4.653063124,3.438775302,0.1034482759,0.1604504525,-1.653063124,1.854393513,-5.28767441,1.981548162,-0.05700217669,0.1404119491,False,25,-0.1600720287,0.07687815763,-6.795150385,3.489024137,-0.02092484967
608701,Rob Refsnyder,16,3,4.664852817,1.967083973,0.1875,0.2915533011,-1.664852817,1.402527708,-4.413807125,1.084101491,-0.1040533011,0.09336082476,False,13,-0.2445059063,0.07377574743,-5.553951766,2.224246132,-0.02522504268
686452,Drew Millas,13,0,1.665149136,1.225556685,0,0.1280883951,-1.665149136,1.107048637,-3.834964465,0.5046661928,-0.1280883951,0.06932573072,False,10,-0.211746829,-0.07249588815,-4.734907877,1.404609604,-0.02643093867
665487,Fernando Tatis Jr.,27,4,5.705297116,3.735193669,0.1481481481,0.2113073006,-1.705297116,1.932664914,-5.493320347,2.082726115,-0.06315915245,0.1342549734,False,26,-0.1765284824,0.0622956847,-7.064424811,3.653830578,-0.02214671579
643376,Danny Jansen,8,0,1.715649937,1.170022007,0,0.2144562421,-1.715649937,1.081675555,-3.835734025,0.4044341515,-0.2144562421,-0.0170421163,False,5,-0.2898388738,-0.112199079,-4.715051118,1.283751244,-0.02958017133
694728,Brice Matthews,15,0,1.715731461,1.416953641,0,0.1143820974,-1.715731461,1.190358619,-4.048834353,0.6173714319,-0.1143820974,0.08303202845,False,12,-0.1672619867,-0.07691840901,-5.016502222,1.585039301,-0.02639586862
650859,Luis Rengifo,22,2,3.725408045,2.638943057,0.09090909091,0.1693367293,-1.725408045,1.624482397,-4.909393543,1.458577452,-0.07842763842,0.1189864874,False,19,-0.1573833525,0.02062058854,-6.229969876,2.779153785,-0.02396400063
677649,Ezequiel Duran,32,3,4.740588001,3.728658607,0.09375,0.148143375,-1.740588001,1.930973487,-5.525296035,2.044120034,-0.05439337502,0.1430207508,False,28,-0.1323489545,0.04372408124,-7.095025502,3.6138495,-0.02122668293
621438,Tyrone Taylor,14,2,3.754245352,2.285567684,0.1428571429,0.2681603823,-1.754245352,1.511809407,-4.717391791,1.208901086,-0.1253032394,0.07211088638,False,12,-0.245491439,0.02089585109,-5.946373851,2.437883147,-0.02741008363
680779,Henry Davis,11,0,1.762728178,1.357500863,0,0.1602480162,-1.762728178,1.16511839,-4.046360223,0.5209038671,-0.1602480162,0.03716610964,False,10,-0.231507051,-0.1039702848,-4.993509773,1.468053417,-0.02889718324
681047,Christian Franklin,10,0,1.794349053,1.233912338,0,0.1794349053,-1.794349053,1.110816069,-3.971548548,0.3828504414,-0.1794349053,0.0179792205,False,7,-0.3099385066,-0.1038952532,-4.874554584,1.285856478,-0.02990581755
573262,Mike Yastrzemski,19,1,2.796508398,2.258678482,0.05263157895,0.1471846525,-1.796508398,1.502890043,-4.742172883,1.149156087,-0.09455307357,0.1028610522,False,18,-0.1636811394,0.003130162209,-5.963904202,2.370887407,-0.02603635359
802139,JJ Wetherholt,42,5,6.799794918,5.088361797,0.119047619,0.161899879,-1.799794918,2.255739745,-6.221044818,2.621454982,-0.04285225995,0.1545618659,False,31,-0.1230721576,0.04073099055,-8.054783692,4.455193856,-0.01956298824
806198,Cooper Pratt,14,2,3.808397917,2.168333069,0.1428571429,0.2720284227,-1.808397917,1.472526084,-4.694549042,1.077753208,-0.1291712798,0.06824284602,False,14,-0.2389930512,0.0007149243944,-5.891596853,2.274801019,-0.02825621746
624431,Jose Trevino,12,0,1.813618719,1.385461836,0,0.1511348933,-1.813618719,1.177056428,-4.120649319,0.4934118802,-0.1511348933,0.04627923253,False,8,-0.2385238194,-0.1002810422,-5.077503555,1.450266116,-0.02925191483
670032,Nicky Lopez,16,2,3.833029495,2.274470618,0.125,0.2395643434,-1.833029495,1.508134814,-4.788973731,1.12291474,-0.1145643434,0.08284978237,False,12,-0.2616731778,0.01914899771,-6.014968636,2.348909646,-0.02777317417
663837,Matt Vierling,21,1,2.836714059,2.243920614,0.04761904762,0.1350816219,-1.836714059,1.497972167,-4.772739507,1.099311389,-0.08746257424,0.1099515516,False,19,-0.1489281452,0.007222655678,-5.990472981,2.317044863,-0.0258692121
681351,Logan O'Hoppe,19,2,3.840306661,2.642801558,0.1052631579,0.2021214032,-1.840306661,1.625669572,-5.026619023,1.3460057,-0.09685824534,0.1005558805,False,17,-0.2169247864,0.05241219007,-6.348160436,2.667547113,-0.02667111104
687401,Joey Ortiz,26,3,4.861671804,3.240618633,0.1153846154,0.1869873771,-1.861671804,1.800171834,-5.390008599,1.666664991,-0.07160276168,0.1258113641,False,23,-0.179448158,0.04462903882,-6.853406617,3.130063009,-0.02449568163
695657,Colson Montgomery,19,2,3.918992476,2.271488543,0.1052631579,0.2062627619,-1.918992476,1.507145827,-4.872998296,1.035013345,-0.100999604,0.09641452183,False,18,-0.203227705,-0.002746461633,-6.098189233,2.260204281,-0.02781148516
686217,Sal Frelick,22,1,2.91921192,2.367851096,0.04545454545,0.1326914509,-1.91921192,1.538782342,-4.935225311,1.09680147,-0.08723690546,0.1101772204,False,20,-0.1622397482,0.002306396854,-6.186134244,2.347710404,-0.02665572111
687859,Troy Johnston,14,0,1.923043255,1.575486467,0,0.1373602325,-1.923043255,1.255183838,-4.383203577,0.5371170671,-0.1373602325,0.06005389331,False,14,-0.1812788562,-0.1018127727,-5.403569248,1.557482738,-0.03004755086
660688,Keibert Ruiz,10,0,1.942839641,1.328768361,0,0.1942839641,-1.942839641,1.152722153,-4.20217506,0.3164957782,-0.1942839641,0.003130161735,False,9,-0.3063800331,-0.1036421668,-5.139247444,1.253568163,-0.03238066068
688363,Graham Pauley,15,1,2.951809767,2.028391964,0.06666666667,0.1967873178,-1.951809767,1.424216263,-4.743273643,0.8396541082,-0.1301206511,0.06729347467,False,13,-0.2338352855,0.0135530737,-5.901049371,1.997429837,-0.03002784257
657757,Gavin Sheets,31,2,3.959963302,3.104257968,0.06451612903,0.1277407517,-1.959963302,1.761890453,-5.41326859,1.493341985,-0.06322462266,0.1341895032,False,27,-0.1509201709,0.02179052281,-6.845546858,2.925620253,-0.02419707781
670770,TJ Friedl,13,1,2.97994718,1.692370347,0.07692307692,0.2292267062,-1.97994718,1.300911352,-4.529733431,0.5698390703,-0.1523036293,0.04511049656,False,13,-0.2844491735,-0.02636351317,-5.587271972,1.627377611,-0.03142773302
553869,Elias Díaz,11,0,2.00245206,1.511452155,0,0.1820410964,-2.00245206,1.229411304,-4.412098216,0.4071940959,-0.1820410964,0.01537302944,False,10,-0.2547272251,-0.1164663928,-5.411512845,1.406608725,-0.03282708295
683083,Nasim Nuñez,37,3,5.04761228,3.907850436,0.08108108108,0.1364219535,-2.04761228,1.976828378,-5.922195901,1.826971341,-0.05534087244,0.1420732534,False,29,-0.1384624879,0.03084069269,-7.529201786,3.433977225,-0.02353577334
686780,Pedro Pagés,14,0,2.086734948,1.555123393,0,0.1490524963,-2.086734948,1.247045867,-4.530944847,0.3574749504,-0.1490524963,0.04836162952,False,14,-0.2244368596,-0.09415560207,-5.544694987,1.371225091,-0.03260523356
666139,Josh Lowe,10,0,2.157503613,1.199544104,0,0.2157503613,-2.157503613,1.095237008,-4.304168149,-0.01083907731,-0.2157503613,-0.01833623548,False,9,-0.3792691054,-0.1017658606,-5.194509635,0.8795024091,-0.03595839355
666176,Jo Adell,30,3,5.198637187,3.307040167,0.1,0.1732879062,-2.198637187,1.818526922,-5.762949955,1.36567558,-0.07328790625,0.1241262196,False,25,-0.1314066737,-0.0116763851,-7.241269215,2.84399484,-0.02748296484
677800,Wilyer Abreu,39,6,8.210253392,5.196582664,0.1538461538,0.2105193178,-2.210253392,2.279601427,-6.678272189,2.257765404,-0.05667316391,0.1407409619,False,34,-0.138044319,0.03311974102,-8.531408731,4.110901946,-0.02483430778
695720,Tommy White,12,0,2.233944181,1.383620096,0,0.1861620151,-2.233944181,1.176273818,-4.539440865,0.07155250319,-0.1861620151,0.01125211075,False,11,-0.3082041034,-0.09596064062,-5.4956589,1.027770538,-0.03603135776
690976,Alex Freeland,28,3,5.26722882,3.752985327,0.1071428571,0.188115315,-2.26722882,1.937262328,-6.064262983,1.529805343,-0.08097245787,0.116441668,False,26,-0.169062274,0.01547052559,-7.639104783,3.104647142,-0.02906703616
695600,Carter Jensen,44,7,9.288787072,6.257259457,0.1590909091,0.2111087971,-2.288787072,2.50145147,-7.191631953,2.614057809,-0.052017888,0.1453962378,False,38,-0.1385598042,0.0450876881,-9.22511512,4.647540977,-0.02434879864
608348,Carson Kelly,29,3,5.399190357,3.529367819,0.1034482759,0.1861789778,-2.399190357,1.878661177,-6.081366265,1.28298555,-0.08273070198,0.1146834238,False,24,-0.155033868,0.01078728539,-7.608569941,2.810189227,-0.03036949819
701675,Nathan Church,17,0,2.431522276,1.879991435,0,0.1430307221,-2.431522276,1.371127797,-5.118932758,0.2558882063,-0.1430307221,0.05438340373,False,16,-0.1929195357,-0.09590093538,-6.233551741,1.37050719,-0.03629137725
691777,Max Muncy,19,1,3.474105505,2.524497524,0.05263157895,0.1828476581,-2.474105505,1.588866742,-5.588284319,0.6400733096,-0.1302160792,0.06719804663,False,17,-0.2125418879,-0.03506195897,-6.879907928,1.931696918,-0.03585660152
664728,Kyle Isbel,16,0,2.47872097,1.943361026,0,0.1549200606,-2.47872097,1.394044844,-5.211048863,0.2536069241,-0.1549200606,0.04249406522,False,15,-0.2066139101,-0.103227118,-6.344297603,1.386855663,-0.03755637833
664023,Ian Happ,41,5,7.523184684,4.952593408,0.1219512195,0.1834923094,-2.523184684,2.225442295,-6.885051582,1.838682214,-0.06154108985,0.135873036,False,38,-0.1369967132,0.01957524831,-8.694161013,3.647791645,-0.02772730422
670541,Yordan Alvarez,23,1,3.528923726,2.676980695,0.04347826087,0.1534314664,-2.528923726,1.636148127,-5.735774056,0.6779266038,-0.1099532055,0.08746092034,False,21,-0.1951032899,0.005650351722,-7.06583371,2.007986258,-0.03464279077
680700,Richie Palacios,23,2,4.536105984,3.089291365,0.08695652174,0.1972219993,-2.536105984,1.757638007,-5.981076478,0.9088645107,-0.1102654776,0.08714864826,False,20,-0.2298814928,0.03354664361,-7.409897843,2.337685875,-0.03474117786
592885,Christian Yelich,40,6,8.538569035,5.65166919,0.15,0.2134642259,-2.538569035,2.377323956,-7.198123988,2.120985918,-0.06346422588,0.1339498999,False,33,-0.1529032478,0.04149640301,-9.130701256,4.053563185,-0.02820632262
650402,Gleyber Torres,36,4,6.542804314,4.51431082,0.1111111111,0.1817445643,-2.542804314,2.124690759,-6.707198201,1.621589573,-0.07063345316,0.1267806727,False,26,-0.1468384548,0.01210833261,-8.434404563,3.348795935,-0.02956749202
691783,Jordan Lawlar,9,0,2.596011679,1.574201308,0,0.2884457421,-2.596011679,1.254671793,-5.055168393,-0.1368549649,-0.2884457421,-0.09103161628,False,8,-0.3825072116,-0.191852931,-6.075117811,0.8830944532,-0.04400019795
678554,Curtis Mead,32,3,5.603964888,3.71934373,0.09375,0.1751239027,-2.603964888,1.928560015,-6.383942516,1.176012741,-0.08137390274,0.1160402231,False,24,-0.1664996509,0.005127450465,-7.95171002,2.743780245,-0.03175566936
643217,Andrew Benintendi,15,0,2.604505156,1.489918646,0,0.1736336771,-2.604505156,1.220622237,-4.996924741,-0.2120855716,-0.1736336771,0.02378044873,False,13,-0.2953063783,-0.09131345947,-5.98919455,0.7801842376,-0.0400693101
686948,Drake Baldwin,23,1,3.629474233,2.676651676,0.04347826087,0.1578032275,-2.629474233,1.636047578,-5.836127485,0.5771790196,-0.1143249666,0.08308915918,False,21,-0.1903464875,-0.01802599676,-7.1661054,1.907156934,-0.03602019497
592663,J.T. Realmuto,29,2,4.678381558,3.323822412,0.06896551724,0.161323502,-2.678381558,1.823135325,-6.251726795,0.8949636783,-0.09235798476,0.1050561411,False,26,-0.1619138902,-0.005586496875,-7.733792323,2.377029207,-0.03390356403
694374,Tim Tawa,23,1,3.744618903,2.676139659,0.04347826087,0.1628095175,-2.744618903,1.63589109,-5.950965439,0.4617276339,-0.1193312566,0.07808286918,False,19,-0.210898924,-0.01161738111,-7.280816142,1.791578337,-0.03759751921
695734,Daylen Lile,30,2,4.753644287,3.49295806,0.06666666667,0.1584548096,-2.753644287,1.868945708,-6.416777875,0.9094893004,-0.09178814292,0.1056259829,False,29,-0.1717068768,0.01321322858,-7.93608364,2.428795065,-0.03442055359
640902,Jhonny Pereda,13,0,2.780397833,1.904254541,0,0.2138767564,-2.780397833,1.379947296,-5.485094534,-0.07570113213,-0.2138767564,-0.01646263057,False,11,-0.3160968569,-0.1368889763,-6.606883077,1.046087411,-0.04413329894
650333,Luis Arraez,40,3,5.832036997,4.199049609,0.075,0.1458009249,-2.832036997,2.049158269,-6.848387203,1.18431321,-0.07080092492,0.1266132009,False,32,-0.1408999685,0.004181676544,-8.514191596,2.850117602,-0.03146707774
660710,Rodolfo Durán,11,0,2.838506449,1.755069381,0,0.2580460408,-2.838506449,1.324790316,-5.435095468,-0.2419174299,-0.2580460408,-0.06063191498,False,9,-0.373699698,-0.1573591895,-6.512045726,0.8350328287,-0.0465328926
605170,Victor Caratini,27,3,5.875811439,3.460708538,0.1111111111,0.2176226459,-2.875811439,1.86029797,-6.521995461,0.770372582,-0.1065115348,0.09090259103,False,22,-0.2497799741,0.06407215436,-8.034271295,2.282648416,-0.03734820051
805367,Chase Meidroth,60,4,6.879148207,5.721184554,0.06666666667,0.1146524701,-2.879148207,2.391899779,-7.567271774,1.808975361,-0.04798580344,0.1494283224,True,49,-0.1059458344,0.00813632924,-9.511698039,3.753401626,-0.02617407461
687637,Dylan Beavers,22,1,3.895204148,2.693809661,0.04545454545,0.177054734,-2.895204148,1.641282932,-6.112118694,0.3217103979,-0.1316001885,0.06581393728,False,19,-0.2257718356,-0.03213368675,-7.446352539,1.655944243,-0.04021116872
571970,Max Muncy,28,3,5.921008727,3.593152469,0.1071428571,0.2114645974,-2.921008727,1.895561254,-6.636308786,0.7942913313,-0.1043217403,0.09309238556,False,23,-0.199619949,-0.0004254264641,-8.177250895,2.33523344,-0.03744882984
677870,Leo Jiménez,24,2,4.972705621,3.13513231,0.08333333333,0.2071960675,-2.972705621,1.770630484,-6.443141369,0.497730127,-0.1238627342,0.07355139161,False,19,-0.2074349615,-0.04979959129,-7.882524594,1.937113352,-0.04017169758
669707,Jared Triolo,25,2,5.018739289,3.078764653,0.08,0.2007495716,-3.018739289,1.75464089,-6.457835434,0.4203568553,-0.1207495716,0.07666455425,False,23,-0.2370872282,-0.004480067224,-7.884220378,1.846741799,-0.04024985719
666152,David Hamilton,22,1,4.037785489,2.666954231,0.04545454545,0.1835357041,-3.037785489,1.633081208,-6.238624657,0.1630536779,-0.1380811586,0.05933296721,False,21,-0.2389760606,-0.02774676411,-7.566191146,1.490620168,-0.04219146513
620443,Luis Torrens,18,0,3.415745183,2.559963185,0,0.1897636213,-3.415745183,1.599988495,-6.551722634,-0.2797677325,-0.1897636213,0.007650504533,False,16,-0.2531807386,-0.1324790082,-7.852387353,1.020896986,-0.05023154681
665877,José Fermín,26,2,5.439341937,3.596207582,0.07692307692,0.2092054591,-3.439341937,1.896366943,-7.156221145,0.2775372708,-0.1322823822,0.06513174362,False,24,-0.2457681533,-0.0292905287,-8.697818216,1.819134341,-0.04525449917
545121,Ildemaro Vargas,27,2,5.637522799,3.636720049,0.07407407407,0.2087971407,-3.637522799,1.907018628,-7.37527931,0.1002337125,-0.1347230666,0.06269105919,False,23,-0.2615746832,-0.009413092568,-8.925535362,1.650489765,-0.04724055583
680574,Matt McLain,49,6,9.674077366,6.599319037,0.1224489796,0.1974301503,-3.674077366,2.56891398,-8.709148767,1.360994036,-0.07498117073,0.1224329551,False,42,-0.1721689349,0.02185188531,-10.79747365,3.449318914,-0.03711189258
668939,Adley Rutschman,24,2,5.806166118,3.556954783,0.08333333333,0.2419235883,-3.806166118,1.885989073,-7.502704701,-0.1096275354,-0.1585902549,0.0388238709,False,20,-0.2598231832,-0.07332015691,-9.03586538,1.423533143,-0.05143467727
694197,Angel Genao,18,0,3.826553316,2.395785892,0,0.2125862953,-3.826553316,1.547832643,-6.860305297,-0.7928013344,-0.2125862953,-0.01517216949,False,16,-0.3051442651,-0.1382219763,-8.118571413,0.4654647819,-0.05627284288
553993,Eugenio Suárez,41,3,6.889025775,5.00991987,0.07317073171,0.1680250189,-3.889025775,2.238285029,-8.276064431,0.4980128817,-0.09485428719,0.1025598386,False,35,-0.17835862,0.002298280901,-10.09561399,2.317562445,-0.04273654698
664034,Ty France,26,1,5.088014282,3.44149108,0.03846153846,0.195692857,-4.088014282,1.855125624,-7.724060504,-0.4519680593,-0.1572313185,0.04018280729,False,20,-0.210256354,-0.1021727149,-9.232131628,1.056103064,-0.0537896616
694497,Evan Carter,36,4,8.106846019,5.007036298,0.1111111111,0.2251901672,-4.106846019,2.237640788,-8.492621964,0.278929926,-0.1140790561,0.08333506973,False,31,-0.1782718343,-0.03710326255,-10.31164781,2.097955772,-0.04775402348
696285,Jacob Young,47,5,9.115127609,5.480372361,0.1063829787,0.1939388853,-4.115127609,2.341019513,-8.703525854,0.4732706369,-0.08755590657,0.1098582193,False,39,-0.1439374857,-0.01475235992,-10.60659047,2.37633525,-0.04242399597
543807,George Springer,35,3,7.204460109,4.640232366,0.08571428571,0.2058417174,-4.204460109,2.154119859,-8.426535032,0.01761481391,-0.1201274317,0.07728669413,False,28,-0.2138623916,-0.02986619808,-10.17766494,1.768744718,-0.04946423658
624413,Pete Alonso,62,7,11.28491494,8.020534196,0.1129032258,0.1820147572,-4.284914945,2.832054766,-9.835742286,1.265912396,-0.06911153137,0.1283025944,True,48,-0.1362501172,0.007969335225,-12.13797991,3.568150022,-0.03825816915
802415,Chandler Simpson,27,0,4.354147604,2.968302651,0,0.1612647261,-4.354147604,1.722876273,-7.730985098,-0.9773101096,-0.1612647261,0.03614939975,False,25,-0.2277029038,-0.1042709603,-9.131547908,0.4232527004,-0.05654737148
655316,Andruw Monasterio,29,1,5.357054514,3.684934379,0.03448275862,0.1847260177,-4.357054514,1.91961829,-8.119506362,-0.5946026654,-0.1502432591,0.04717086673,False,27,-0.2099480624,-0.09180780337,-9.680004947,0.96589592,-0.05515258878
677594,Julio Rodríguez,35,2,6.367316403,4.578568308,0.05714285714,0.1819233258,-4.367316403,2.139758937,-8.56124392,-0.1733888865,-0.1247804687,0.07263365716,False,31,-0.2034821787,-0.03365291147,-10.30069952,1.566066719,-0.05138019298
596019,Francisco Lindor,34,0,4.657411857,3.618845709,0,0.1369827017,-4.657411857,1.902326394,-8.385971589,-0.9288521251,-0.1369827017,0.06043142414,False,27,-0.1776791816,-0.1033078709,-9.932413224,0.6175895098,-0.05544537925
669003,Garrett Mitchell,33,2,7.121464801,4.538216664,0.06060606061,0.2158019637,-5.121464801,2.130309054,-9.296870546,-0.9460590558,-0.1551959031,0.04221822276,False,27,-0.2340306076,-0.06561446547,-11.02864414,0.785714538,-0.06170439519
665833,Oneil Cruz,24,1,6.162697334,3.350425159,0.04166666667,0.2567790556,-5.162697334,1.830416663,-8.750313993,-1.575080675,-0.2151123889,-0.0176982631,False,21,-0.3261609058,-0.07951122345,-10.23829868,-0.08709599199,-0.06976618019
608070,José Ramírez,32,0,5.239855103,3.261589194,0,0.163745472,-5.239855103,1.805987042,-8.779589705,-1.700120502,-0.163745472,0.03366865385,False,28,-0.2309259092,-0.1037623918,-10.24771503,-0.2319951779,-0.06390067199
681082,Bryson Stott,43,3,8.269406284,5.560656205,0.06976744186,0.192311774,-5.269406284,2.358104367,-9.891290843,-0.6475217244,-0.1225443322,0.07486979365,False,37,-0.1809464694,-0.04739226689,-11.8082441,1.26943153,-0.05666028262
681715,Heriberto Hernández,42,3,8.37103753,5.509677209,0.07142857143,0.1993104174,-5.37103753,2.347270161,-9.971687045,-0.7703880143,-0.1278818459,0.06953227987,False,35,-0.1884195537,-0.07288275242,-11.87983294,1.137757884,-0.05838084271
663586,Austin Riley,33,1,6.597660268,4.686598725,0.0303030303,0.199929099,-5.597660268,2.164855359,-9.840776771,-1.354543765,-0.1696260687,0.02778805709,False,29,-0.2330224258,-0.104320115,-11.60063379,0.4053132562,-0.06744168998
664040,Brandon Lowe,33,1,6.60259162,4.303219486,0.0303030303,0.2000785339,-5.60259162,2.074420277,-9.668455363,-1.536727877,-0.1697755036,0.02763862218,False,27,-0.2434994961,-0.07740776108,-11.35479578,0.1496125401,-0.06750110386
694192,Jackson Chourio,31,0,5.942010824,4.072142604,0,0.1916777685,-5.942010824,2.017955055,-9.897202732,-1.986818916,-0.1916777685,0.005736357303,False,26,-0.2385170721,-0.1422822424,-11.53764137,-0.3463802806,-0.07335815832
502671,Paul Goldschmidt,36,1,7.099998056,4.916564687,0.02777777778,0.1972221682,-6.099998056,2.217332787,-10.44597032,-1.754025794,-0.1694443904,0.02796973538,False,29,-0.2291171889,-0.1005775182,-12.24848736,0.04849124527,-0.07093020995
683734,Andrew Vaughn,33,0,6.450074449,4.571064959,0,0.1954568015,-6.450074449,2.138004902,-10.64056406,-2.259584842,-0.1954568015,0.001957324341,False,27,-0.2444074178,-0.1477946604,-12.37859377,-0.5215551291,-0.07771174035
672960,Kazuma Okamoto,40,2,8.586343171,5.655573292,0.05,0.2146585793,-6.586343171,2.378144927,-11.24750723,-1.925179115,-0.1646585793,0.03275554655,False,33,-0.2583341509,-0.07684288623,-13.18075188,0.008065537954,-0.07318159079
650490,Yandy Díaz,50,0,7.395797779,5.497716757,0,0.1479159556,-7.395797779,2.34472104,-11.99145102,-2.80014454,-0.1479159556,0.04949817024,True,41,-0.182890737,-0.1162604156,-13.89752468,-0.8940708766,-0.07395797779
545361,Mike Trout,67,5,13.22774906,8.860557497,0.07462686567,0.1974290905,-8.227749064,2.976668859,-14.06202003,-2.3934781,-0.1228022248,0.07461190098,True,51,-0.1808797485,-0.06736806026,-16.48181753,0.02631940256,-0.07032264157
