period,scenario_id,inventory,cutoff_0.00,cutoff_0.10,fixed_0.50,fixed_0.70,no_extra_inning_restoration,public_tracking,re_pooled_count,re_raw,reference_fixed_0.60,selected_transport,model_spread_complete,model_spread_low,model_spread_high,model_spread_width,model_spread_label,unlabeled_point_permitted,supported,development_original_level,confirmation_original_level,harmonized_level,development_support_rows,development_support_games,confirmation_support_rows,confirmation_support_games,exclusion_reason,reference_ct,successor_version,objective,sampling_interval_status,permitted_use
confirmation,BALL|DEFENSE|0|0|1|100|9|bottom|LEAD_2PLUS|AWAY|inventory=2,2,0.447788903828,0.403401688688,0.40113032945,0.481073338792,0.462795917721,0.00870258224269,0.48172515696,0.454863682601,0.446451655114,0.465941725321,True,0.40113032945,0.48172515696,0.0805948275099,MODEL_SPREAD_WITHIN_0.10,True,True,L0_EXACT,L0_EXACT,L0_EXACT,1456,583,156,57,,0.446451655114,ct-s1.0-candidate,expected_runs,PENDING_CTS9,COMPACT_POINT_WITH_MODEL_LABEL
confirmation,BALL|DEFENSE|0|0|1|10|9|bottom|LEAD_2PLUS|AWAY|inventory=2,2,0.438828304255,0.394694451981,0.392439869722,0.472016012257,0.453781790603,0.0083948628343,0.481722699,0.441619117153,0.437496614443,0.456918440958,True,0.392439869722,0.481722699,0.0892828292778,MODEL_SPREAD_WITHIN_0.10,True,True,L0_EXACT,L0_EXACT,L0_EXACT,1456,583,156,57,,0.437496614443,ct-s1.0-candidate,expected_runs,PENDING_CTS9,COMPACT_POINT_WITH_MODEL_LABEL
confirmation,BALL|DEFENSE|0|0|2|0|4|top|LEAD_2PLUS|HOME|inventory=1,1,0.900581190336,0.93843183847,0.8838040005,0.941881998596,0.914152193054,0.7644933522,0.841928213559,0.914935999317,0.914152179498,0.924818183259,True,0.841928213559,0.941881998596,0.0999537850373,MODEL_SPREAD_WITHIN_0.10,True,True,L0_EXACT,L0_EXACT,L0_EXACT,901,369,103,37,,0.914152179498,ct-s1.0-candidate,expected_runs,PENDING_CTS9,COMPACT_POINT_WITH_MODEL_LABEL
confirmation,BALL|DEFENSE|0|0|2|100|1|bottom|LEAD_1|AWAY|inventory=1,1,0.829864890388,0.901188478625,0.815009356906,0.905229832635,0.859648954091,0.740155573421,0.826406572549,0.86012925251,0.859648954079,0.885338696235,True,0.815009356906,0.905229832635,0.0902204757287,MODEL_SPREAD_WITHIN_0.10,True,True,L0_EXACT,L0_EXACT,L0_EXACT,539,198,100,31,,0.859648954079,ct-s1.0-candidate,expected_runs,PENDING_CTS9,COMPACT_POINT_WITH_MODEL_LABEL
confirmation,BALL|DEFENSE|0|0|2|100|1|bottom|LEAD_1|AWAY|inventory=2,2,0.832597679499,0.904218436725,0.829689424807,0.909215782745,0.869550061261,0.649980855546,0.830938675506,0.869865965508,0.869550060996,0.890009702073,True,0.829689424807,0.909215782745,0.0795263579383,MODEL_SPREAD_WITHIN_0.10,True,True,L0_EXACT,L0_EXACT,L0_EXACT,539,198,100,31,,0.869550060996,ct-s1.0-candidate,expected_runs,PENDING_CTS9,COMPACT_POINT_WITH_MODEL_LABEL
confirmation,BALL|DEFENSE|0|0|2|100|1|bottom|LEAD_2PLUS|AWAY|inventory=2,2,0.816121185267,0.900121246116,0.808345733299,0.899457387149,0.854145293219,0.651347962092,0.817059419035,0.855769513023,0.854145288614,0.873941306942,True,0.808345733299,0.900121246116,0.0917755128169,MODEL_SPREAD_WITHIN_0.10,True,True,L0_EXACT,L1_NO_SCORE,L1_NO_SCORE,4690,1646,464,164,,0.854145288614,ct-s1.0-candidate,expected_runs,PENDING_CTS9,COMPACT_POINT_WITH_MODEL_LABEL
confirmation,BALL|DEFENSE|0|0|2|100|1|bottom|TIED|AWAY|inventory=2,2,0.806889098842,0.89884375518,0.799343145293,0.895826168131,0.847850731545,0.66389322597,0.812556507203,0.849515747244,0.847850731439,0.869572474931,True,0.799343145293,0.89884375518,0.0995006098871,MODEL_SPREAD_WITHIN_0.10,True,True,L0_EXACT,L0_EXACT,L0_EXACT,2574,983,228,92,,0.847850731439,ct-s1.0-candidate,expected_runs,PENDING_CTS9,COMPACT_POINT_WITH_MODEL_LABEL
confirmation,BALL|DEFENSE|0|0|2|100|1|bottom|TRAIL_1|AWAY|inventory=2,2,0.816121185267,0.900121246116,0.808345733299,0.899457387149,0.854145293219,0.651347962092,0.817059419035,0.855769513023,0.854145288614,0.873941306942,True,0.808345733299,0.900121246116,0.0917755128169,MODEL_SPREAD_WITHIN_0.10,True,True,L0_EXACT,L1_NO_SCORE,L1_NO_SCORE,4690,1646,464,164,,0.854145288614,ct-s1.0-candidate,expected_runs,PENDING_CTS9,COMPACT_POINT_WITH_MODEL_LABEL
confirmation,BALL|DEFENSE|0|0|2|100|1|bottom|TRAIL_2PLUS|AWAY|inventory=2,2,0.816121185267,0.900121246116,0.808345733299,0.899457387149,0.854145293219,0.651347962092,0.817059419035,0.855769513023,0.854145288614,0.873941306942,True,0.808345733299,0.900121246116,0.0917755128169,MODEL_SPREAD_WITHIN_0.10,True,True,L0_EXACT,L1_NO_SCORE,L1_NO_SCORE,4690,1646,464,164,,0.854145288614,ct-s1.0-candidate,expected_runs,PENDING_CTS9,COMPACT_POINT_WITH_MODEL_LABEL
confirmation,BALL|DEFENSE|0|0|2|100|1|top|TIED|HOME|inventory=2,2,0.808254957504,0.898742330783,0.800504242469,0.894596104572,0.84713691383,0.662952747921,0.807067237012,0.849189370966,0.847136911116,0.864606965925,True,0.800504242469,0.898742330783,0.0982380883141,MODEL_SPREAD_WITHIN_0.10,True,True,L0_EXACT,L0_EXACT,L0_EXACT,3334,1327,278,122,,0.847136911116,ct-s1.0-candidate,expected_runs,PENDING_CTS9,COMPACT_POINT_WITH_MODEL_LABEL
confirmation,BALL|DEFENSE|0|0|2|100|1|top|TRAIL_1|HOME|inventory=2,2,0.813875554777,0.897410551394,0.800248928848,0.896210023969,0.848232897118,0.63980172649,0.810724973996,0.851963858874,0.848232897105,0.860996286836,True,0.800248928848,0.897410551394,0.097161622546,MODEL_SPREAD_WITHIN_0.10,True,True,L0_EXACT,L0_EXACT,L0_EXACT,577,256,66,35,,0.848232897105,ct-s1.0-candidate,expected_runs,PENDING_CTS9,COMPACT_POINT_WITH_MODEL_LABEL
confirmation,BALL|DEFENSE|0|0|2|100|1|top|TRAIL_2PLUS|HOME|inventory=2,2,0.811286901767,0.898592440179,0.80138752997,0.89581540101,0.848514661658,0.656259053111,0.809595453146,0.850684388591,0.848514659807,0.863581599116,True,0.80138752997,0.898592440179,0.0972049102094,MODEL_SPREAD_WITHIN_0.10,True,True,L0_EXACT,L1_NO_SCORE,L1_NO_SCORE,4344,1610,401,166,,0.848514659807,ct-s1.0-candidate,expected_runs,PENDING_CTS9,COMPACT_POINT_WITH_MODEL_LABEL
confirmation,BALL|DEFENSE|0|0|2|100|2|bottom|TRAIL_1|AWAY|inventory=1,1,0.827717482644,0.898384153449,0.805253935948,0.897014415237,0.849953201245,0.731262011582,0.823579028434,0.853371094235,0.849953201242,0.876229751362,True,0.805253935948,0.898384153449,0.0931302175007,MODEL_SPREAD_WITHIN_0.10,True,True,L0_EXACT,L0_EXACT,L0_EXACT,748,298,68,30,,0.849953201242,ct-s1.0-candidate,expected_runs,PENDING_CTS9,COMPACT_POINT_WITH_MODEL_LABEL
confirmation,BALL|DEFENSE|0|0|2|100|2|bottom|TRAIL_1|AWAY|inventory=2,2,0.818993247886,0.902674448288,0.810236223419,0.899132301385,0.852567334493,0.569854857367,0.818275405616,0.855575582573,0.852567334402,0.879129425428,True,0.810236223419,0.902674448288,0.092438224869,MODEL_SPREAD_WITHIN_0.10,True,True,L0_EXACT,L0_EXACT,L0_EXACT,748,298,68,30,,0.852567334402,ct-s1.0-candidate,expected_runs,PENDING_CTS9,COMPACT_POINT_WITH_MODEL_LABEL
confirmation,BALL|DEFENSE|0|0|2|100|2|bottom|TRAIL_2PLUS|AWAY|inventory=1,1,0.844975832926,0.902751058261,0.814384161744,0.902688007879,0.858873272083,0.699042902277,0.831961651987,0.859881242925,0.858873269861,0.875149707341,True,0.814384161744,0.902751058261,0.0883668965174,MODEL_SPREAD_WITHIN_0.10,True,True,L0_EXACT,L0_EXACT,L0_EXACT,840,307,103,33,,0.858873269861,ct-s1.0-candidate,expected_runs,PENDING_CTS9,COMPACT_POINT_WITH_MODEL_LABEL
confirmation,BALL|DEFENSE|0|0|2|100|2|bottom|TRAIL_2PLUS|AWAY|inventory=2,2,0.832978584363,0.907551643552,0.815959491885,0.901464148322,0.857666276619,0.611731380031,0.827221523106,0.85853299338,0.85766623728,0.874452740492,True,0.815959491885,0.907551643552,0.0915921516668,MODEL_SPREAD_WITHIN_0.10,True,True,L0_EXACT,L0_EXACT,L0_EXACT,840,307,103,33,,0.85766623728,ct-s1.0-candidate,expected_runs,PENDING_CTS9,COMPACT_POINT_WITH_MODEL_LABEL
confirmation,BALL|DEFENSE|0|0|2|100|2|top|LEAD_1|HOME|inventory=2,2,0.815458686159,0.902081340884,0.803702257173,0.898067447137,0.852085888146,0.63537743525,0.818045494406,0.853517985308,0.8520858224,0.872096616767,True,0.803702257173,0.902081340884,0.098379083711,MODEL_SPREAD_WITHIN_0.10,True,True,L0_EXACT,L1_NO_SCORE,L1_NO_SCORE,4118,1599,449,172,,0.8520858224,ct-s1.0-candidate,expected_runs,PENDING_CTS9,COMPACT_POINT_WITH_MODEL_LABEL
confirmation,BALL|DEFENSE|0|0|2|100|2|top|LEAD_2PLUS|HOME|inventory=2,2,0.815458686159,0.902081340884,0.803702257173,0.898067447137,0.852085888146,0.63537743525,0.818045494406,0.853517985308,0.8520858224,0.872096616767,True,0.803702257173,0.902081340884,0.098379083711,MODEL_SPREAD_WITHIN_0.10,True,True,L0_EXACT,L1_NO_SCORE,L1_NO_SCORE,4118,1599,449,172,,0.8520858224,ct-s1.0-candidate,expected_runs,PENDING_CTS9,COMPACT_POINT_WITH_MODEL_LABEL
confirmation,BALL|DEFENSE|0|0|2|100|2|top|TRAIL_1|HOME|inventory=1,1,0.826040627827,0.901052627317,0.817268589492,0.900024009374,0.85333179241,0.730642952593,0.826953374104,0.850725912739,0.853331791695,0.860760812758,True,0.817268589492,0.901052627317,0.0837840378258,MODEL_SPREAD_WITHIN_0.10,True,True,L0_EXACT,L0_EXACT,L0_EXACT,685,304,72,34,,0.853331791695,ct-s1.0-candidate,expected_runs,PENDING_CTS9,COMPACT_POINT_WITH_MODEL_LABEL
confirmation,BALL|DEFENSE|0|0|2|100|2|top|TRAIL_1|HOME|inventory=2,2,0.833421644957,0.900077379922,0.818030137818,0.902035955172,0.860962023038,0.704073553756,0.831612707604,0.862379367979,0.860962009769,0.868601599144,True,0.818030137818,0.902035955172,0.0840058173545,MODEL_SPREAD_WITHIN_0.10,True,True,L0_EXACT,L0_EXACT,L0_EXACT,685,304,72,34,,0.860962009769,ct-s1.0-candidate,expected_runs,PENDING_CTS9,COMPACT_POINT_WITH_MODEL_LABEL
confirmation,BALL|DEFENSE|0|0|2|100|3|bottom|LEAD_2PLUS|AWAY|inventory=2,2,0.804128267092,0.891606693754,0.79333738581,0.891211926899,0.840525617971,0.521514441384,0.806320367372,0.841660535184,0.84052561478,0.859870986112,True,0.79333738581,0.891606693754,0.0982693079432,MODEL_SPREAD_WITHIN_0.10,True,True,L0_EXACT,L0_EXACT,L0_EXACT,936,337,118,42,,0.84052561478,ct-s1.0-candidate,expected_runs,PENDING_CTS9,COMPACT_POINT_WITH_MODEL_LABEL
confirmation,BALL|DEFENSE|0|0|2|100|3|bottom|TRAIL_2PLUS|AWAY|inventory=1,1,0.823554256922,0.897842700234,0.803067036751,0.896667051971,0.850928047826,0.689206905563,0.824827558574,0.85194577708,0.850928043884,0.865004106276,True,0.803067036751,0.897842700234,0.0947756634828,MODEL_SPREAD_WITHIN_0.10,True,True,L0_EXACT,L0_EXACT,L0_EXACT,1148,413,119,45,,0.850928043884,ct-s1.0-candidate,expected_runs,PENDING_CTS9,COMPACT_POINT_WITH_MODEL_LABEL
confirmation,BALL|DEFENSE|0|0|2|100|3|bottom|TRAIL_2PLUS|AWAY|inventory=2,2,0.816169706628,0.894487219118,0.803144119758,0.891831231447,0.845802813627,0.60319372808,0.817580566741,0.848934780273,0.845802741825,0.86410449065,True,0.803144119758,0.894487219118,0.0913430993593,MODEL_SPREAD_WITHIN_0.10,True,True,L0_EXACT,L0_EXACT,L0_EXACT,1148,413,119,45,,0.845802741825,ct-s1.0-candidate,expected_runs,PENDING_CTS9,COMPACT_POINT_WITH_MODEL_LABEL
confirmation,BALL|DEFENSE|0|0|2|100|3|top|LEAD_1|HOME|inventory=2,2,0.813181323156,0.899355142962,0.803472153214,0.897536733682,0.849851208843,0.617380098993,0.816154451343,0.851748898302,0.849851140687,0.873865096161,True,0.803472153214,0.899355142962,0.0958829897481,MODEL_SPREAD_WITHIN_0.10,True,True,L0_EXACT,L1_NO_SCORE,L1_NO_SCORE,4465,1657,485,177,,0.849851140687,ct-s1.0-candidate,expected_runs,PENDING_CTS9,COMPACT_POINT_WITH_MODEL_LABEL
confirmation,BALL|DEFENSE|0|0|2|100|3|top|TIED|HOME|inventory=2,2,0.822711926278,0.90162209563,0.812441504517,0.902994072201,0.859807960047,0.624387193434,0.821263233846,0.862712415716,0.85980789832,0.882690189654,True,0.812441504517,0.902994072201,0.0905525676834,MODEL_SPREAD_WITHIN_0.10,True,True,L0_EXACT,L0_EXACT,L0_EXACT,1362,540,132,50,,0.85980789832,ct-s1.0-candidate,expected_runs,PENDING_CTS9,COMPACT_POINT_WITH_MODEL_LABEL
confirmation,BALL|DEFENSE|0|0|2|100|3|top|TRAIL_1|HOME|inventory=2,2,0.796969838902,0.893421342768,0.794597962238,0.893544521792,0.843776950767,0.617320920441,0.807968835125,0.845592837678,0.843776938342,0.86260462184,True,0.794597962238,0.893544521792,0.0989465595539,MODEL_SPREAD_WITHIN_0.10,True,True,L0_EXACT,L0_EXACT,L0_EXACT,731,286,90,35,,0.843776938342,ct-s1.0-candidate,expected_runs,PENDING_CTS9,COMPACT_POINT_WITH_MODEL_LABEL
confirmation,BALL|DEFENSE|0|0|2|100|3|top|TRAIL_2PLUS|HOME|inventory=1,1,0.816038618367,0.896866398015,0.798747263243,0.89241172337,0.841639711916,0.725976928018,0.817428978841,0.842994696931,0.841639711864,0.869750894424,True,0.798747263243,0.896866398015,0.0981191347717,MODEL_SPREAD_WITHIN_0.10,True,True,L0_EXACT,L0_EXACT,L0_EXACT,989,393,122,53,,0.841639711864,ct-s1.0-candidate,expected_runs,PENDING_CTS9,COMPACT_POINT_WITH_MODEL_LABEL
confirmation,BALL|DEFENSE|0|0|2|100|3|top|TRAIL_2PLUS|HOME|inventory=2,2,0.822956390876,0.899129773365,0.813261100629,0.898548151363,0.850915544487,0.619774487485,0.824601050744,0.852443452253,0.850915543444,0.875952011112,True,0.813261100629,0.899129773365,0.0858686727362,MODEL_SPREAD_WITHIN_0.10,True,True,L0_EXACT,L0_EXACT,L0_EXACT,989,393,122,53,,0.850915543444,ct-s1.0-candidate,expected_runs,PENDING_CTS9,COMPACT_POINT_WITH_MODEL_LABEL
confirmation,BALL|DEFENSE|0|0|2|100|4|bottom|LEAD_1|AWAY|inventory=1,1,0.836796472644,0.904377463716,0.810818984241,0.901606634298,0.855990489749,0.741837368006,0.829275492505,0.85783970964,0.855990485851,0.866681473049,True,0.810818984241,0.904377463716,0.093558479475,MODEL_SPREAD_WITHIN_0.10,True,True,L0_EXACT,L0_EXACT,L0_EXACT,600,253,87,32,,0.855990485851,ct-s1.0-candidate,expected_runs,PENDING_CTS9,COMPACT_POINT_WITH_MODEL_LABEL
confirmation,BALL|DEFENSE|0|0|2|100|4|bottom|LEAD_1|AWAY|inventory=2,2,0.830581472792,0.900592278188,0.810752997244,0.900391241535,0.856976311106,0.51219699584,0.825210256559,0.858733266849,0.856976239269,0.86279826528,True,0.810752997244,0.900592278188,0.089839280944,MODEL_SPREAD_WITHIN_0.10,True,True,L0_EXACT,L0_EXACT,L0_EXACT,600,253,87,32,,0.856976239269,ct-s1.0-candidate,expected_runs,PENDING_CTS9,COMPACT_POINT_WITH_MODEL_LABEL
confirmation,BALL|DEFENSE|0|0|2|100|4|bottom|TRAIL_1|AWAY|inventory=2,2,0.822952695184,0.893073312427,0.803394307038,0.898021397805,0.851445207794,0.517809952096,0.819190716785,0.853290161049,0.851443113919,0.870868743852,True,0.803394307038,0.898021397805,0.0946270907668,MODEL_SPREAD_WITHIN_0.10,True,True,L0_EXACT,L1_NO_SCORE,L1_NO_SCORE,4139,1602,483,165,,0.851443113919,ct-s1.0-candidate,expected_runs,PENDING_CTS9,COMPACT_POINT_WITH_MODEL_LABEL
confirmation,BALL|DEFENSE|0|0|2|100|4|bottom|TRAIL_2PLUS|AWAY|inventory=1,1,0.837551159849,0.899727368176,0.811618951504,0.902787583817,0.85735765757,0.673232609434,0.834726151548,0.859265169414,0.857357640186,0.874522444507,True,0.811618951504,0.902787583817,0.0911686323121,MODEL_SPREAD_WITHIN_0.10,True,True,L0_EXACT,L0_EXACT,L0_EXACT,1294,487,158,50,,0.857357640186,ct-s1.0-candidate,expected_runs,PENDING_CTS9,COMPACT_POINT_WITH_MODEL_LABEL
confirmation,BALL|DEFENSE|0|0|2|100|4|bottom|TRAIL_2PLUS|AWAY|inventory=2,2,0.839969756283,0.895214791092,0.815581035331,0.902525133721,0.859634071381,0.531333543203,0.832135013073,0.861661652431,0.859633790909,0.87637428257,True,0.815581035331,0.902525133721,0.0869440983901,MODEL_SPREAD_WITHIN_0.10,True,True,L0_EXACT,L0_EXACT,L0_EXACT,1294,487,158,50,,0.859633790909,ct-s1.0-candidate,expected_runs,PENDING_CTS9,COMPACT_POINT_WITH_MODEL_LABEL
confirmation,BALL|DEFENSE|0|0|2|100|4|top|LEAD_1|HOME|inventory=1,1,0.815870582403,0.892956669899,0.797440954437,0.893685022653,0.845338608434,0.679204691356,0.815739956593,0.847136673003,0.845337795447,0.860959209362,True,0.797440954437,0.893685022653,0.0962440682166,MODEL_SPREAD_WITHIN_0.10,True,True,L0_EXACT,L1_NO_SCORE,L1_NO_SCORE,4221,1602,407,163,,0.845337795447,ct-s1.0-candidate,expected_runs,PENDING_CTS9,COMPACT_POINT_WITH_MODEL_LABEL
confirmation,BALL|DEFENSE|0|0|2|100|4|top|LEAD_1|HOME|inventory=2,2,0.818424593189,0.89386854482,0.80440307675,0.898938987688,0.85225792686,0.582565912085,0.816522270454,0.85412173517,0.852250704368,0.869193099354,True,0.80440307675,0.898938987688,0.094535910938,MODEL_SPREAD_WITHIN_0.10,True,True,L0_EXACT,L1_NO_SCORE,L1_NO_SCORE,4221,1602,407,163,,0.852250704368,ct-s1.0-candidate,expected_runs,PENDING_CTS9,COMPACT_POINT_WITH_MODEL_LABEL
confirmation,BALL|DEFENSE|0|0|2|100|4|top|LEAD_2PLUS|HOME|inventory=1,1,0.844691662368,0.901493082986,0.820364234918,0.906807657192,0.864745994495,0.660906039523,0.841928647625,0.865407080438,0.864745974293,0.880749613814,True,0.820364234918,0.906807657192,0.086443422274,MODEL_SPREAD_WITHIN_0.10,True,True,L0_EXACT,L0_EXACT,L0_EXACT,901,369,103,37,,0.864745974293,ct-s1.0-candidate,expected_runs,PENDING_CTS9,COMPACT_POINT_WITH_MODEL_LABEL
confirmation,BALL|DEFENSE|0|0|2|100|4|top|LEAD_2PLUS|HOME|inventory=2,2,0.835798111673,0.899241988031,0.820336552708,0.907452972683,0.865069494145,0.602106999636,0.828471965283,0.866601256513,0.865069166095,0.881390723033,True,0.820336552708,0.907452972683,0.0871164199749,MODEL_SPREAD_WITHIN_0.10,True,True,L0_EXACT,L0_EXACT,L0_EXACT,901,369,103,37,,0.865069166095,ct-s1.0-candidate,expected_runs,PENDING_CTS9,COMPACT_POINT_WITH_MODEL_LABEL
confirmation,BALL|DEFENSE|0|0|2|100|4|top|TIED|HOME|inventory=2,2,0.801724366402,0.891284599374,0.794069536504,0.891707613923,0.841747270654,0.640081434019,0.800752204379,0.844383858221,0.841747264973,0.858071015265,True,0.794069536504,0.891707613923,0.0976380774193,MODEL_SPREAD_WITHIN_0.10,True,True,L0_EXACT,L0_EXACT,L0_EXACT,907,397,68,28,,0.841747264973,ct-s1.0-candidate,expected_runs,PENDING_CTS9,COMPACT_POINT_WITH_MODEL_LABEL
confirmation,BALL|DEFENSE|0|0|2|100|4|top|TRAIL_1|HOME|inventory=1,1,0.822792203934,0.895578412875,0.804922383307,0.897386863995,0.848745981346,0.622809549996,0.820468977309,0.850217576393,0.848745964209,0.855839209499,True,0.804922383307,0.897386863995,0.0924644806884,MODEL_SPREAD_WITHIN_0.10,True,True,L0_EXACT,L0_EXACT,L0_EXACT,673,270,71,31,,0.848745964209,ct-s1.0-candidate,expected_runs,PENDING_CTS9,COMPACT_POINT_WITH_MODEL_LABEL
confirmation,BALL|DEFENSE|0|0|2|100|4|top|TRAIL_1|HOME|inventory=2,2,0.82990366998,0.894634665937,0.809061256595,0.901068592627,0.856511100151,0.516312277035,0.826240534262,0.857387848793,0.856510826778,0.866565321915,True,0.809061256595,0.901068592627,0.0920073360315,MODEL_SPREAD_WITHIN_0.10,True,True,L0_EXACT,L0_EXACT,L0_EXACT,673,270,71,31,,0.856510826778,ct-s1.0-candidate,expected_runs,PENDING_CTS9,COMPACT_POINT_WITH_MODEL_LABEL
confirmation,BALL|DEFENSE|0|0|2|100|4|top|TRAIL_2PLUS|HOME|inventory=2,2,0.80169117228,0.885017105973,0.791184453324,0.891028835876,0.841415646683,0.580980556611,0.803710777063,0.84455430958,0.841388237862,0.862051912766,True,0.791184453324,0.891028835876,0.0998443825516,MODEL_SPREAD_WITHIN_0.10,True,True,L0_EXACT,L0_EXACT,L0_EXACT,1214,436,121,54,,0.841388237862,ct-s1.0-candidate,expected_runs,PENDING_CTS9,COMPACT_POINT_WITH_MODEL_LABEL
confirmation,BALL|DEFENSE|0|0|2|100|5|bottom|LEAD_1|AWAY|inventory=2,2,0.813861728274,0.882807977411,0.801279737206,0.894578865062,0.848937310448,0.405266777524,0.812509004899,0.851191362005,0.84891013285,0.870972271759,True,0.801279737206,0.894578865062,0.093299127857,MODEL_SPREAD_WITHIN_0.10,True,True,L0_EXACT,L1_NO_SCORE,L1_NO_SCORE,4473,1612,450,166,,0.84891013285,ct-s1.0-candidate,expected_runs,PENDING_CTS9,COMPACT_POINT_WITH_MODEL_LABEL
confirmation,BALL|DEFENSE|0|0|2|100|5|bottom|LEAD_2PLUS|AWAY|inventory=1,1,0.810886436231,0.891096764756,0.796626264674,0.890749138921,0.842231853965,0.694457077701,0.807635981767,0.843373522256,0.842231436004,0.85147009376,True,0.796626264674,0.891096764756,0.0944705000817,MODEL_SPREAD_WITHIN_0.10,True,True,L0_EXACT,L0_EXACT,L0_EXACT,1224,462,112,50,,0.842231436004,ct-s1.0-candidate,expected_runs,PENDING_CTS9,COMPACT_POINT_WITH_MODEL_LABEL
confirmation,BALL|DEFENSE|0|0|2|100|5|bottom|LEAD_2PLUS|AWAY|inventory=2,2,0.802682098426,0.886441077069,0.801314937125,0.893812571315,0.84643774043,0.445955390457,0.808227639096,0.847223086393,0.846432966427,0.863366241743,True,0.801314937125,0.893812571315,0.0924976341907,MODEL_SPREAD_WITHIN_0.10,True,True,L0_EXACT,L0_EXACT,L0_EXACT,1224,462,112,50,,0.846432966427,ct-s1.0-candidate,expected_runs,PENDING_CTS9,COMPACT_POINT_WITH_MODEL_LABEL
confirmation,BALL|DEFENSE|0|0|2|100|5|bottom|TIED|AWAY|inventory=1,1,0.831328013151,0.894341663784,0.799438345233,0.896793476389,0.849634192282,0.586639456707,0.819677661399,0.851473941044,0.849633697812,0.873359425546,True,0.799438345233,0.896793476389,0.0973551311565,MODEL_SPREAD_WITHIN_0.10,True,True,L0_EXACT,L0_EXACT,L0_EXACT,706,273,102,31,,0.849633697812,ct-s1.0-candidate,expected_runs,PENDING_CTS9,COMPACT_POINT_WITH_MODEL_LABEL
confirmation,BALL|DEFENSE|0|0|2|100|5|bottom|TIED|AWAY|inventory=2,2,0.830137773849,0.887762561549,0.807509126235,0.895944714139,0.85256104632,0.412758648842,0.822252546363,0.853742100538,0.852555216581,0.871212855149,True,0.807509126235,0.895944714139,0.0884355879042,MODEL_SPREAD_WITHIN_0.10,True,True,L0_EXACT,L0_EXACT,L0_EXACT,706,273,102,31,,0.852555216581,ct-s1.0-candidate,expected_runs,PENDING_CTS9,COMPACT_POINT_WITH_MODEL_LABEL
confirmation,BALL|DEFENSE|0|0|2|100|5|bottom|TRAIL_1|AWAY|inventory=2,2,0.813861728274,0.882807977411,0.801279737206,0.894578865062,0.848937310448,0.405266777524,0.812509004899,0.851191362005,0.84891013285,0.870972271759,True,0.801279737206,0.894578865062,0.093299127857,MODEL_SPREAD_WITHIN_0.10,True,True,L0_EXACT,L1_NO_SCORE,L1_NO_SCORE,4473,1612,450,166,,0.84891013285,ct-s1.0-candidate,expected_runs,PENDING_CTS9,COMPACT_POINT_WITH_MODEL_LABEL
confirmation,BALL|DEFENSE|0|0|2|100|5|bottom|TRAIL_2PLUS|AWAY|inventory=1,1,0.822259722028,0.889824902513,0.795450688003,0.894458664856,0.846616471836,0.603115695673,0.810847748809,0.850016435024,0.846616306218,0.872277417503,True,0.795450688003,0.894458664856,0.0990079768528,MODEL_SPREAD_WITHIN_0.10,True,True,L0_EXACT,L0_EXACT,L0_EXACT,1476,527,133,52,,0.846616306218,ct-s1.0-candidate,expected_runs,PENDING_CTS9,COMPACT_POINT_WITH_MODEL_LABEL
confirmation,BALL|DEFENSE|0|0|2|100|5|bottom|TRAIL_2PLUS|AWAY|inventory=2,2,0.821345083271,0.881483540207,0.809244385225,0.896611950335,0.854117196936,0.385951986457,0.815642629423,0.858054809021,0.854115230216,0.87838575032,True,0.809244385225,0.896611950335,0.0873675651097,MODEL_SPREAD_WITHIN_0.10,True,True,L0_EXACT,L0_EXACT,L0_EXACT,1476,527,133,52,,0.854115230216,ct-s1.0-candidate,expected_runs,PENDING_CTS9,COMPACT_POINT_WITH_MODEL_LABEL
confirmation,BALL|DEFENSE|0|0|2|100|5|top|LEAD_1|HOME|inventory=1,1,0.825902974318,0.89223574782,0.80406867638,0.896940712343,0.851245764318,0.641864671312,0.823106646631,0.852928623337,0.851244181562,0.870288953111,True,0.80406867638,0.896940712343,0.0928720359632,MODEL_SPREAD_WITHIN_0.10,True,True,L0_EXACT,L1_NO_SCORE,L1_NO_SCORE,4244,1613,439,168,,0.851244181562,ct-s1.0-candidate,expected_runs,PENDING_CTS9,COMPACT_POINT_WITH_MODEL_LABEL
confirmation,BALL|DEFENSE|0|0|2|100|5|top|LEAD_1|HOME|inventory=2,2,0.819307645262,0.88583874606,0.806348319804,0.897513216767,0.853434282822,0.485241664562,0.816026713503,0.85536050221,0.853420373167,0.873074210365,True,0.806348319804,0.897513216767,0.0911648969636,MODEL_SPREAD_WITHIN_0.10,True,True,L0_EXACT,L1_NO_SCORE,L1_NO_SCORE,4244,1613,439,168,,0.853420373167,ct-s1.0-candidate,expected_runs,PENDING_CTS9,COMPACT_POINT_WITH_MODEL_LABEL
confirmation,BALL|DEFENSE|0|0|2|100|5|top|LEAD_2PLUS|HOME|inventory=1,1,0.814049376304,0.891029497214,0.797756237463,0.892979009368,0.846273312003,0.579561484756,0.811281065076,0.847559018935,0.846272989103,0.86334080088,True,0.797756237463,0.892979009368,0.0952227719055,MODEL_SPREAD_WITHIN_0.10,True,True,L0_EXACT,L0_EXACT,L0_EXACT,1029,412,115,45,,0.846272989103,ct-s1.0-candidate,expected_runs,PENDING_CTS9,COMPACT_POINT_WITH_MODEL_LABEL
confirmation,BALL|DEFENSE|0|0|2|100|5|top|LEAD_2PLUS|HOME|inventory=2,2,0.804600501581,0.885398738772,0.800851946107,0.893654566388,0.849161106454,0.424470619504,0.806479799593,0.850360393689,0.849157577079,0.867646606195,True,0.800851946107,0.893654566388,0.0928026202816,MODEL_SPREAD_WITHIN_0.10,True,True,L0_EXACT,L0_EXACT,L0_EXACT,1029,412,115,45,,0.849157577079,ct-s1.0-candidate,expected_runs,PENDING_CTS9,COMPACT_POINT_WITH_MODEL_LABEL
confirmation,BALL|DEFENSE|0|0|2|100|5|top|TIED|HOME|inventory=1,1,0.834153455702,0.896006568725,0.812194067151,0.899983162094,0.854774005332,0.676100350003,0.825845516675,0.85644161409,0.854773987404,0.872843943529,True,0.812194067151,0.899983162094,0.0877890949427,MODEL_SPREAD_WITHIN_0.10,True,True,L0_EXACT,L0_EXACT,L0_EXACT,768,320,55,26,,0.854773987404,ct-s1.0-candidate,expected_runs,PENDING_CTS9,COMPACT_POINT_WITH_MODEL_LABEL
confirmation,BALL|DEFENSE|0|0|2|100|5|top|TIED|HOME|inventory=2,2,0.818550309635,0.887623257109,0.807656719407,0.89961822489,0.854477412769,0.540497602241,0.814694178829,0.856030647242,0.85447714794,0.879325037632,True,0.807656719407,0.89961822489,0.0919615054832,MODEL_SPREAD_WITHIN_0.10,True,True,L0_EXACT,L0_EXACT,L0_EXACT,768,320,55,26,,0.85447714794,ct-s1.0-candidate,expected_runs,PENDING_CTS9,COMPACT_POINT_WITH_MODEL_LABEL
confirmation,BALL|DEFENSE|0|0|2|100|5|top|TRAIL_1|HOME|inventory=1,1,0.822095721217,0.894300983705,0.800792765965,0.892293723291,0.847773748748,0.611438246455,0.817704070582,0.849126112484,0.847773081122,0.869668090286,True,0.800792765965,0.894300983705,0.0935082177399,MODEL_SPREAD_WITHIN_0.10,True,True,L0_EXACT,L0_EXACT,L0_EXACT,690,263,67,30,,0.847773081122,ct-s1.0-candidate,expected_runs,PENDING_CTS9,COMPACT_POINT_WITH_MODEL_LABEL
confirmation,BALL|DEFENSE|0|0|2|100|5|top|TRAIL_1|HOME|inventory=2,2,0.813952005726,0.883565192628,0.7990380186,0.893442639632,0.846677083215,0.41232187055,0.803982815011,0.85037113091,0.846668718803,0.865935739623,True,0.7990380186,0.893442639632,0.0944046210322,MODEL_SPREAD_WITHIN_0.10,True,True,L0_EXACT,L0_EXACT,L0_EXACT,690,263,67,30,,0.846668718803,ct-s1.0-candidate,expected_runs,PENDING_CTS9,COMPACT_POINT_WITH_MODEL_LABEL
confirmation,BALL|DEFENSE|0|0|2|100|5|top|TRAIL_2PLUS|HOME|inventory=1,1,0.829444760344,0.889835860432,0.805202406323,0.898479947091,0.853384608524,0.662357065918,0.828124710098,0.855784565816,0.853380770551,0.875759615128,True,0.805202406323,0.898479947091,0.0932775407685,MODEL_SPREAD_WITHIN_0.10,True,True,L0_EXACT,L0_EXACT,L0_EXACT,1216,501,156,56,,0.853380770551,ct-s1.0-candidate,expected_runs,PENDING_CTS9,COMPACT_POINT_WITH_MODEL_LABEL
confirmation,BALL|DEFENSE|0|0|2|100|5|top|TRAIL_2PLUS|HOME|inventory=2,2,0.823173038313,0.88370621974,0.808376082781,0.898166909258,0.85541326658,0.484446188427,0.822227502381,0.85729464933,0.85538084694,0.877411464037,True,0.808376082781,0.898166909258,0.089790826477,MODEL_SPREAD_WITHIN_0.10,True,True,L0_EXACT,L0_EXACT,L0_EXACT,1216,501,156,56,,0.85538084694,ct-s1.0-candidate,expected_runs,PENDING_CTS9,COMPACT_POINT_WITH_MODEL_LABEL
confirmation,BALL|DEFENSE|0|0|2|100|6|bottom|LEAD_1|AWAY|inventory=1,1,0.817961599564,0.883724988548,0.796262800566,0.893303208255,0.846102872995,0.605611583429,0.814289811496,0.847770191222,0.846100107566,0.864804377619,True,0.796262800566,0.893303208255,0.0970404076882,MODEL_SPREAD_WITHIN_0.10,True,True,L0_EXACT,L1_NO_SCORE,L1_NO_SCORE,4252,1586,444,170,,0.846100107566,ct-s1.0-candidate,expected_runs,PENDING_CTS9,COMPACT_POINT_WITH_MODEL_LABEL
confirmation,BALL|DEFENSE|0|0|2|100|6|bottom|LEAD_1|AWAY|inventory=2,2,0.816241969434,0.867649345139,0.797714112857,0.891301373473,0.846151865418,0.343718881184,0.813503797446,0.848105469685,0.846127485148,0.867192163165,True,0.797714112857,0.891301373473,0.0935872606157,MODEL_SPREAD_WITHIN_0.10,True,True,L0_EXACT,L1_NO_SCORE,L1_NO_SCORE,4252,1586,444,170,,0.846127485148,ct-s1.0-candidate,expected_runs,PENDING_CTS9,COMPACT_POINT_WITH_MODEL_LABEL
confirmation,BALL|DEFENSE|0|0|2|100|6|bottom|LEAD_2PLUS|AWAY|inventory=1,1,0.823788619228,0.889517220342,0.80235795643,0.899112024714,0.852522083987,0.638066508685,0.822053056257,0.854868303415,0.852521110458,0.870969784554,True,0.80235795643,0.899112024714,0.0967540682845,MODEL_SPREAD_WITHIN_0.10,True,True,L0_EXACT,L0_EXACT,L0_EXACT,1206,492,149,58,,0.852521110458,ct-s1.0-candidate,expected_runs,PENDING_CTS9,COMPACT_POINT_WITH_MODEL_LABEL
confirmation,BALL|DEFENSE|0|0|2|100|6|bottom|LEAD_2PLUS|AWAY|inventory=2,2,0.829170281135,0.878636183425,0.809836279599,0.900104347288,0.856943389592,0.34713311563,0.824719937527,0.858942902422,0.856934309742,0.876076241261,True,0.809836279599,0.900104347288,0.0902680676898,MODEL_SPREAD_WITHIN_0.10,True,True,L0_EXACT,L0_EXACT,L0_EXACT,1206,492,149,58,,0.856934309742,ct-s1.0-candidate,expected_runs,PENDING_CTS9,COMPACT_POINT_WITH_MODEL_LABEL
confirmation,BALL|DEFENSE|0|0|2|100|6|bottom|TIED|AWAY|inventory=1,1,0.818956311409,0.889438189915,0.802501919642,0.896125064642,0.849739004053,0.571654049401,0.818580328226,0.850845021673,0.849726011467,0.86951517528,True,0.802501919642,0.896125064642,0.093623145,MODEL_SPREAD_WITHIN_0.10,True,True,L0_EXACT,L0_EXACT,L0_EXACT,510,208,59,27,,0.849726011467,ct-s1.0-candidate,expected_runs,PENDING_CTS9,COMPACT_POINT_WITH_MODEL_LABEL
confirmation,BALL|DEFENSE|0|0|2|100|6|bottom|TIED|AWAY|inventory=2,2,0.824026177651,0.878341701957,0.808664754684,0.897377300081,0.855272323987,0.436198702191,0.824573208013,0.856501196179,0.855179037738,0.880088275247,True,0.808664754684,0.897377300081,0.0887125453975,MODEL_SPREAD_WITHIN_0.10,True,True,L0_EXACT,L0_EXACT,L0_EXACT,510,208,59,27,,0.855179037738,ct-s1.0-candidate,expected_runs,PENDING_CTS9,COMPACT_POINT_WITH_MODEL_LABEL
confirmation,BALL|DEFENSE|0|0|2|100|6|bottom|TRAIL_2PLUS|AWAY|inventory=1,1,0.815090884525,0.876594806467,0.793187050593,0.889183299146,0.842762993592,0.546218842385,0.81000995544,0.84462843314,0.842761236964,0.858586196126,True,0.793187050593,0.889183299146,0.0959962485529,MODEL_SPREAD_WITHIN_0.10,True,True,L0_EXACT,L0_EXACT,L0_EXACT,1532,553,139,54,,0.842761236964,ct-s1.0-candidate,expected_runs,PENDING_CTS9,COMPACT_POINT_WITH_MODEL_LABEL
confirmation,BALL|DEFENSE|0|0|2|100|6|bottom|TRAIL_2PLUS|AWAY|inventory=2,2,0.804303018346,0.851286981428,0.787071025018,0.881666629887,0.836200224578,0.339875732976,0.801604213128,0.838654263086,0.836178615645,0.854515734997,True,0.787071025018,0.881666629887,0.0945956048692,MODEL_SPREAD_WITHIN_0.10,True,True,L0_EXACT,L0_EXACT,L0_EXACT,1532,553,139,54,,0.836178615645,ct-s1.0-candidate,expected_runs,PENDING_CTS9,COMPACT_POINT_WITH_MODEL_LABEL
confirmation,BALL|DEFENSE|0|0|2|100|6|top|LEAD_1|HOME|inventory=2,2,0.812494969392,0.872167261646,0.797886196103,0.892850757983,0.846935502444,0.454545189374,0.809012775973,0.848723322954,0.84690637542,0.86378973818,True,0.797886196103,0.892850757983,0.0949645618803,MODEL_SPREAD_WITHIN_0.10,True,True,L0_EXACT,L1_NO_SCORE,L1_NO_SCORE,4270,1597,400,154,,0.84690637542,ct-s1.0-candidate,expected_runs,PENDING_CTS9,COMPACT_POINT_WITH_MODEL_LABEL
confirmation,BALL|DEFENSE|0|0|2|100|6|top|LEAD_2PLUS|HOME|inventory=2,2,0.796102170847,0.860925252709,0.789455874389,0.885126098965,0.838061751511,0.462228662926,0.794561363336,0.839809785658,0.838053983451,0.852995505488,True,0.789455874389,0.885126098965,0.095670224576,MODEL_SPREAD_WITHIN_0.10,True,True,L0_EXACT,L0_EXACT,L0_EXACT,1180,478,119,42,,0.838053983451,ct-s1.0-candidate,expected_runs,PENDING_CTS9,COMPACT_POINT_WITH_MODEL_LABEL
confirmation,BALL|DEFENSE|0|0|2|100|6|top|TIED|HOME|inventory=2,2,0.801600388619,0.86021543039,0.79126389567,0.889096096816,0.843636336597,0.332236235962,0.802220127135,0.844434967803,0.843594707467,0.854689234816,True,0.79126389567,0.889096096816,0.0978322011465,MODEL_SPREAD_WITHIN_0.10,True,True,L0_EXACT,L0_EXACT,L0_EXACT,645,260,58,27,,0.843594707467,ct-s1.0-candidate,expected_runs,PENDING_CTS9,COMPACT_POINT_WITH_MODEL_LABEL
confirmation,BALL|DEFENSE|0|0|2|100|6|top|TRAIL_1|HOME|inventory=2,2,0.812494969392,0.872167261646,0.797886196103,0.892850757983,0.846935502444,0.454545189374,0.809012775973,0.848723322954,0.84690637542,0.86378973818,True,0.797886196103,0.892850757983,0.0949645618803,MODEL_SPREAD_WITHIN_0.10,True,True,L0_EXACT,L1_NO_SCORE,L1_NO_SCORE,4270,1597,400,154,,0.84690637542,ct-s1.0-candidate,expected_runs,PENDING_CTS9,COMPACT_POINT_WITH_MODEL_LABEL
confirmation,BALL|DEFENSE|0|0|2|100|6|top|TRAIL_2PLUS|HOME|inventory=2,2,0.820028698272,0.884028946867,0.804723010022,0.89934772011,0.853315188799,0.554502266491,0.817922937972,0.854697337267,0.85330826807,0.868541760374,True,0.804723010022,0.89934772011,0.0946247100885,MODEL_SPREAD_WITHIN_0.10,True,True,L0_EXACT,L0_EXACT,L0_EXACT,1544,550,132,49,,0.85330826807,ct-s1.0-candidate,expected_runs,PENDING_CTS9,COMPACT_POINT_WITH_MODEL_LABEL
confirmation,BALL|DEFENSE|0|0|2|100|7|bottom|LEAD_1|AWAY|inventory=1,1,0.80994377417,0.86411131013,0.785506734865,0.884310131279,0.836450864226,0.49612023544,0.805965947079,0.837498319046,0.836360481338,0.854707305982,True,0.785506734865,0.884310131279,0.0988033964142,MODEL_SPREAD_WITHIN_0.10,True,True,L0_EXACT,L1_NO_SCORE,L1_NO_SCORE,4231,1575,420,169,,0.836360481338,ct-s1.0-candidate,expected_runs,PENDING_CTS9,COMPACT_POINT_WITH_MODEL_LABEL
confirmation,BALL|DEFENSE|0|0|2|100|7|bottom|LEAD_1|AWAY|inventory=2,2,0.809902442217,0.817374366761,0.782692996244,0.875345966,0.832852049922,0.245831011873,0.801251964218,0.833719249547,0.832327426925,0.847631910573,True,0.782692996244,0.875345966,0.0926529697562,MODEL_SPREAD_WITHIN_0.10,True,True,L0_EXACT,L1_NO_SCORE,L1_NO_SCORE,4231,1575,420,169,,0.832327426925,ct-s1.0-candidate,expected_runs,PENDING_CTS9,COMPACT_POINT_WITH_MODEL_LABEL
confirmation,BALL|DEFENSE|0|0|2|100|7|bottom|LEAD_2PLUS|AWAY|inventory=1,1,0.804026870174,0.863918607341,0.783015630186,0.882647789155,0.833250520997,0.573725057727,0.797815691442,0.834617047648,0.833248958605,0.853364828593,True,0.783015630186,0.882647789155,0.0996321589689,MODEL_SPREAD_WITHIN_0.10,True,True,L0_EXACT,L0_EXACT,L0_EXACT,1336,527,137,61,,0.833248958605,ct-s1.0-candidate,expected_runs,PENDING_CTS9,COMPACT_POINT_WITH_MODEL_LABEL
confirmation,BALL|DEFENSE|0|0|2|100|7|bottom|LEAD_2PLUS|AWAY|inventory=2,2,0.805585929762,0.831002298479,0.780526164334,0.879006243055,0.83377935915,0.326073400047,0.793577966995,0.836908275599,0.833760105386,0.85213499598,True,0.780526164334,0.879006243055,0.0984800787213,MODEL_SPREAD_WITHIN_0.10,True,True,L0_EXACT,L0_EXACT,L0_EXACT,1336,527,137,61,,0.833760105386,ct-s1.0-candidate,expected_runs,PENDING_CTS9,COMPACT_POINT_WITH_MODEL_LABEL
confirmation,BALL|DEFENSE|0|0|2|100|7|bottom|TIED|AWAY|inventory=1,1,0.80994377417,0.86411131013,0.785506734865,0.884310131279,0.836450864226,0.49612023544,0.805965947079,0.837498319046,0.836360481338,0.854707305982,True,0.785506734865,0.884310131279,0.0988033964142,MODEL_SPREAD_WITHIN_0.10,True,True,L0_EXACT,L1_NO_SCORE,L1_NO_SCORE,4231,1575,420,169,,0.836360481338,ct-s1.0-candidate,expected_runs,PENDING_CTS9,COMPACT_POINT_WITH_MODEL_LABEL
confirmation,BALL|DEFENSE|0|0|2|100|7|bottom|TIED|AWAY|inventory=2,2,0.809902442217,0.817374366761,0.782692996244,0.875345966,0.832852049922,0.245831011873,0.801251964218,0.833719249547,0.832327426925,0.847631910573,True,0.782692996244,0.875345966,0.0926529697562,MODEL_SPREAD_WITHIN_0.10,True,True,L0_EXACT,L1_NO_SCORE,L1_NO_SCORE,4231,1575,420,169,,0.832327426925,ct-s1.0-candidate,expected_runs,PENDING_CTS9,COMPACT_POINT_WITH_MODEL_LABEL
confirmation,BALL|DEFENSE|0|0|2|100|7|bottom|TRAIL_1|AWAY|inventory=1,1,0.80994377417,0.86411131013,0.785506734865,0.884310131279,0.836450864226,0.49612023544,0.805965947079,0.837498319046,0.836360481338,0.854707305982,True,0.785506734865,0.884310131279,0.0988033964142,MODEL_SPREAD_WITHIN_0.10,True,True,L0_EXACT,L1_NO_SCORE,L1_NO_SCORE,4231,1575,420,169,,0.836360481338,ct-s1.0-candidate,expected_runs,PENDING_CTS9,COMPACT_POINT_WITH_MODEL_LABEL
confirmation,BALL|DEFENSE|0|0|2|100|7|bottom|TRAIL_1|AWAY|inventory=2,2,0.809902442217,0.817374366761,0.782692996244,0.875345966,0.832852049922,0.245831011873,0.801251964218,0.833719249547,0.832327426925,0.847631910573,True,0.782692996244,0.875345966,0.0926529697562,MODEL_SPREAD_WITHIN_0.10,True,True,L0_EXACT,L1_NO_SCORE,L1_NO_SCORE,4231,1575,420,169,,0.832327426925,ct-s1.0-candidate,expected_runs,PENDING_CTS9,COMPACT_POINT_WITH_MODEL_LABEL
confirmation,BALL|DEFENSE|0|0|2|100|7|bottom|TRAIL_2PLUS|AWAY|inventory=1,1,0.815348152708,0.862334645655,0.78805382044,0.884141482625,0.837513723673,0.459281294528,0.811556925642,0.839069710237,0.837502424687,0.849809892573,True,0.78805382044,0.884141482625,0.0960876621847,MODEL_SPREAD_WITHIN_0.10,True,True,L0_EXACT,L0_EXACT,L0_EXACT,1554,564,131,50,,0.837502424687,ct-s1.0-candidate,expected_runs,PENDING_CTS9,COMPACT_POINT_WITH_MODEL_LABEL
confirmation,BALL|DEFENSE|0|0|2|100|7|bottom|TRAIL_2PLUS|AWAY|inventory=2,2,0.812298517939,0.786797643497,0.776639894159,0.866366618673,0.825142169117,0.169863664062,0.802078954177,0.82640548555,0.825031005037,0.833391026297,True,0.776639894159,0.866366618673,0.0897267245138,MODEL_SPREAD_WITHIN_0.10,True,True,L0_EXACT,L0_EXACT,L0_EXACT,1554,564,131,50,,0.825031005037,ct-s1.0-candidate,expected_runs,PENDING_CTS9,COMPACT_POINT_WITH_MODEL_LABEL
confirmation,BALL|DEFENSE|0|0|2|100|7|top|LEAD_1|HOME|inventory=1,1,0.815987602979,0.876847966369,0.79372470387,0.890483980524,0.842791288452,0.536658998825,0.812044531291,0.843746778749,0.842776966477,0.863133065593,True,0.79372470387,0.890483980524,0.0967592766542,MODEL_SPREAD_WITHIN_0.10,True,True,L0_EXACT,L1_NO_SCORE,L1_NO_SCORE,4406,1632,465,170,,0.842776966477,ct-s1.0-candidate,expected_runs,PENDING_CTS9,COMPACT_POINT_WITH_MODEL_LABEL
confirmation,BALL|DEFENSE|0|0|2|100|7|top|LEAD_1|HOME|inventory=2,2,0.814000407695,0.851978415928,0.795933553542,0.887494175952,0.84469733432,0.26214024642,0.807028905733,0.846341608024,0.844592725886,0.864092968546,True,0.795933553542,0.887494175952,0.0915606224103,MODEL_SPREAD_WITHIN_0.10,True,True,L0_EXACT,L1_NO_SCORE,L1_NO_SCORE,4406,1632,465,170,,0.844592725886,ct-s1.0-candidate,expected_runs,PENDING_CTS9,COMPACT_POINT_WITH_MODEL_LABEL
confirmation,BALL|DEFENSE|0|0|2|100|7|top|LEAD_2PLUS|HOME|inventory=1,1,0.823454882818,0.88433026268,0.802436261567,0.898171215851,0.851367637419,0.558498531575,0.819580018515,0.85270570077,0.851366776512,0.871659550463,True,0.802436261567,0.898171215851,0.0957349542838,MODEL_SPREAD_WITHIN_0.10,True,True,L0_EXACT,L0_EXACT,L0_EXACT,1373,523,159,52,,0.851366776512,ct-s1.0-candidate,expected_runs,PENDING_CTS9,COMPACT_POINT_WITH_MODEL_LABEL
confirmation,BALL|DEFENSE|0|0|2|100|7|top|LEAD_2PLUS|HOME|inventory=2,2,0.829233578007,0.865323549983,0.812397433205,0.897780594416,0.857977902476,0.340712588939,0.820698202563,0.859677145741,0.857969894456,0.874971832307,True,0.812397433205,0.897780594416,0.0853831612116,MODEL_SPREAD_WITHIN_0.10,True,True,L0_EXACT,L0_EXACT,L0_EXACT,1373,523,159,52,,0.857969894456,ct-s1.0-candidate,expected_runs,PENDING_CTS9,COMPACT_POINT_WITH_MODEL_LABEL
confirmation,BALL|DEFENSE|0|0|2|100|7|top|TIED|HOME|inventory=1,1,0.815987602979,0.876847966369,0.79372470387,0.890483980524,0.842791288452,0.536658998825,0.812044531291,0.843746778749,0.842776966477,0.863133065593,True,0.79372470387,0.890483980524,0.0967592766542,MODEL_SPREAD_WITHIN_0.10,True,True,L0_EXACT,L1_NO_SCORE,L1_NO_SCORE,4406,1632,465,170,,0.842776966477,ct-s1.0-candidate,expected_runs,PENDING_CTS9,COMPACT_POINT_WITH_MODEL_LABEL
confirmation,BALL|DEFENSE|0|0|2|100|7|top|TIED|HOME|inventory=2,2,0.814000407695,0.851978415928,0.795933553542,0.887494175952,0.84469733432,0.26214024642,0.807028905733,0.846341608024,0.844592725886,0.864092968546,True,0.795933553542,0.887494175952,0.0915606224103,MODEL_SPREAD_WITHIN_0.10,True,True,L0_EXACT,L1_NO_SCORE,L1_NO_SCORE,4406,1632,465,170,,0.844592725886,ct-s1.0-candidate,expected_runs,PENDING_CTS9,COMPACT_POINT_WITH_MODEL_LABEL
confirmation,BALL|DEFENSE|0|0|2|100|7|top|TRAIL_1|HOME|inventory=1,1,0.815987602979,0.876847966369,0.79372470387,0.890483980524,0.842791288452,0.536658998825,0.812044531291,0.843746778749,0.842776966477,0.863133065593,True,0.79372470387,0.890483980524,0.0967592766542,MODEL_SPREAD_WITHIN_0.10,True,True,L0_EXACT,L1_NO_SCORE,L1_NO_SCORE,4406,1632,465,170,,0.842776966477,ct-s1.0-candidate,expected_runs,PENDING_CTS9,COMPACT_POINT_WITH_MODEL_LABEL
confirmation,BALL|DEFENSE|0|0|2|100|7|top|TRAIL_1|HOME|inventory=2,2,0.814000407695,0.851978415928,0.795933553542,0.887494175952,0.84469733432,0.26214024642,0.807028905733,0.846341608024,0.844592725886,0.864092968546,True,0.795933553542,0.887494175952,0.0915606224103,MODEL_SPREAD_WITHIN_0.10,True,True,L0_EXACT,L1_NO_SCORE,L1_NO_SCORE,4406,1632,465,170,,0.844592725886,ct-s1.0-candidate,expected_runs,PENDING_CTS9,COMPACT_POINT_WITH_MODEL_LABEL
confirmation,BALL|DEFENSE|0|0|2|100|7|top|TRAIL_2PLUS|HOME|inventory=1,1,0.802528362114,0.870547189933,0.781793150373,0.881725872133,0.830762780732,0.537503608025,0.799185152277,0.832589104687,0.830756461984,0.852399429306,True,0.781793150373,0.881725872133,0.0999327217603,MODEL_SPREAD_WITHIN_0.10,True,True,L0_EXACT,L0_EXACT,L0_EXACT,1611,592,174,67,,0.830756461984,ct-s1.0-candidate,expected_runs,PENDING_CTS9,COMPACT_POINT_WITH_MODEL_LABEL
confirmation,BALL|DEFENSE|0|0|2|100|8|bottom|LEAD_1|AWAY|inventory=1,1,0.826655496338,0.836560811531,0.786794313383,0.878458490775,0.83750119471,0.389640873795,0.813114348899,0.837401690873,0.837205009054,0.844200847878,True,0.786794313383,0.878458490775,0.0916641773919,MODEL_SPREAD_WITHIN_0.10,True,True,L0_EXACT,L1_NO_SCORE,L1_NO_SCORE,4410,1612,460,157,,0.837205009054,ct-s1.0-candidate,expected_runs,PENDING_CTS9,COMPACT_POINT_WITH_MODEL_LABEL
confirmation,BALL|DEFENSE|0|0|2|100|8|bottom|LEAD_1|AWAY|inventory=2,2,0.786528794544,0.740451341135,0.732555761569,0.820131785243,0.785636349004,0.0750670543906,0.748704223271,0.785966527605,0.78384569517,0.784980761334,True,0.732555761569,0.820131785243,0.0875760236744,MODEL_SPREAD_WITHIN_0.10,True,True,L0_EXACT,L1_NO_SCORE,L1_NO_SCORE,4410,1612,460,157,,0.78384569517,ct-s1.0-candidate,expected_runs,PENDING_CTS9,COMPACT_POINT_WITH_MODEL_LABEL
confirmation,BALL|DEFENSE|0|0|2|100|8|bottom|LEAD_2PLUS|AWAY|inventory=1,1,0.839301026329,0.862659233145,0.806630707202,0.893854481038,0.854182712966,0.440873830023,0.827919400673,0.854721630964,0.85418159148,0.865808127795,True,0.806630707202,0.893854481038,0.0872237738357,MODEL_SPREAD_WITHIN_0.10,True,True,L0_EXACT,L0_EXACT,L0_EXACT,1523,587,158,56,,0.85418159148,ct-s1.0-candidate,expected_runs,PENDING_CTS9,COMPACT_POINT_WITH_MODEL_LABEL
confirmation,BALL|DEFENSE|0|0|2|100|8|bottom|LEAD_2PLUS|AWAY|inventory=2,2,0.813998036274,0.791089376853,0.779589328451,0.856339803896,0.823058100586,0.0474118556319,0.79103327156,0.823932839927,0.823042686835,0.830764977101,True,0.779589328451,0.856339803896,0.0767504754458,MODEL_SPREAD_WITHIN_0.10,True,True,L0_EXACT,L0_EXACT,L0_EXACT,1523,587,158,56,,0.823042686835,ct-s1.0-candidate,expected_runs,PENDING_CTS9,COMPACT_POINT_WITH_MODEL_LABEL
confirmation,BALL|DEFENSE|0|0|2|100|8|bottom|TIED|AWAY|inventory=1,1,0.826655496338,0.836560811531,0.786794313383,0.878458490775,0.83750119471,0.389640873795,0.813114348899,0.837401690873,0.837205009054,0.844200847878,True,0.786794313383,0.878458490775,0.0916641773919,MODEL_SPREAD_WITHIN_0.10,True,True,L0_EXACT,L1_NO_SCORE,L1_NO_SCORE,4410,1612,460,157,,0.837205009054,ct-s1.0-candidate,expected_runs,PENDING_CTS9,COMPACT_POINT_WITH_MODEL_LABEL
confirmation,BALL|DEFENSE|0|0|2|100|8|bottom|TIED|AWAY|inventory=2,2,0.786528794544,0.740451341135,0.732555761569,0.820131785243,0.785636349004,0.0750670543906,0.748704223271,0.785966527605,0.78384569517,0.784980761334,True,0.732555761569,0.820131785243,0.0875760236744,MODEL_SPREAD_WITHIN_0.10,True,True,L0_EXACT,L1_NO_SCORE,L1_NO_SCORE,4410,1612,460,157,,0.78384569517,ct-s1.0-candidate,expected_runs,PENDING_CTS9,COMPACT_POINT_WITH_MODEL_LABEL
confirmation,BALL|DEFENSE|0|0|2|100|8|bottom|TRAIL_2PLUS|AWAY|inventory=1,1,0.810277042041,0.785135686346,0.760565160367,0.856718471712,0.814494816867,0.385865693833,0.790518100741,0.813066268268,0.814398987193,0.80768708046,True,0.760565160367,0.856718471712,0.0961533113459,MODEL_SPREAD_WITHIN_0.10,True,True,L0_EXACT,L0_EXACT,L0_EXACT,1537,584,149,57,,0.814398987193,ct-s1.0-candidate,expected_runs,PENDING_CTS9,COMPACT_POINT_WITH_MODEL_LABEL
confirmation,BALL|DEFENSE|0|0|2|100|8|bottom|TRAIL_2PLUS|AWAY|inventory=2,2,0.739700205297,0.664004705861,0.650211091079,0.74737595996,0.712221834754,0.091281468533,0.677540013079,0.718149028702,0.711149722989,0.702456213466,True,0.650211091079,0.74737595996,0.0971648688814,MODEL_SPREAD_WITHIN_0.10,True,True,L0_EXACT,L0_EXACT,L0_EXACT,1537,584,149,57,,0.711149722989,ct-s1.0-candidate,expected_runs,PENDING_CTS9,COMPACT_POINT_WITH_MODEL_LABEL
confirmation,BALL|DEFENSE|0|0|2|100|8|top|LEAD_1|HOME|inventory=1,1,0.819918742545,0.855154694021,0.787774281184,0.884061376635,0.837394957344,0.466571357023,0.810983849951,0.838397786148,0.837162783915,0.853207787049,True,0.787774281184,0.884061376635,0.0962870954513,MODEL_SPREAD_WITHIN_0.10,True,True,L0_EXACT,L1_NO_SCORE,L1_NO_SCORE,4246,1570,463,160,,0.837162783915,ct-s1.0-candidate,expected_runs,PENDING_CTS9,COMPACT_POINT_WITH_MODEL_LABEL
confirmation,BALL|DEFENSE|0|0|2|100|8|top|LEAD_1|HOME|inventory=2,2,0.807669800886,0.802089005119,0.771809734149,0.861367991998,0.821627239638,0.202281345476,0.787209815655,0.82225427379,0.820542159282,0.832689571171,True,0.771809734149,0.861367991998,0.0895582578486,MODEL_SPREAD_WITHIN_0.10,True,True,L0_EXACT,L1_NO_SCORE,L1_NO_SCORE,4246,1570,463,160,,0.820542159282,ct-s1.0-candidate,expected_runs,PENDING_CTS9,COMPACT_POINT_WITH_MODEL_LABEL
confirmation,BALL|DEFENSE|0|0|2|100|8|top|LEAD_2PLUS|HOME|inventory=1,1,0.822868296976,0.845108777854,0.785246762641,0.881286748225,0.83596686524,0.499711856778,0.81145155541,0.836840015374,0.83586315628,0.845783623052,True,0.785246762641,0.881286748225,0.0960399855839,MODEL_SPREAD_WITHIN_0.10,True,True,L0_EXACT,L0_EXACT,L0_EXACT,1367,527,159,54,,0.83586315628,ct-s1.0-candidate,expected_runs,PENDING_CTS9,COMPACT_POINT_WITH_MODEL_LABEL
confirmation,BALL|DEFENSE|0|0|2|100|8|top|LEAD_2PLUS|HOME|inventory=2,2,0.799254537595,0.778448028067,0.755935290897,0.845383393809,0.807184072125,0.25421351724,0.771028365451,0.808245247371,0.806305504597,0.810739159629,True,0.755935290897,0.845383393809,0.0894481029117,MODEL_SPREAD_WITHIN_0.10,True,True,L0_EXACT,L0_EXACT,L0_EXACT,1367,527,159,54,,0.806305504597,ct-s1.0-candidate,expected_runs,PENDING_CTS9,COMPACT_POINT_WITH_MODEL_LABEL
confirmation,BALL|DEFENSE|0|0|2|100|8|top|TIED|HOME|inventory=1,1,0.819918742545,0.855154694021,0.787774281184,0.884061376635,0.837394957344,0.466571357023,0.810983849951,0.838397786148,0.837162783915,0.853207787049,True,0.787774281184,0.884061376635,0.0962870954513,MODEL_SPREAD_WITHIN_0.10,True,True,L0_EXACT,L1_NO_SCORE,L1_NO_SCORE,4246,1570,463,160,,0.837162783915,ct-s1.0-candidate,expected_runs,PENDING_CTS9,COMPACT_POINT_WITH_MODEL_LABEL
confirmation,BALL|DEFENSE|0|0|2|100|8|top|TIED|HOME|inventory=2,2,0.807669800886,0.802089005119,0.771809734149,0.861367991998,0.821627239638,0.202281345476,0.787209815655,0.82225427379,0.820542159282,0.832689571171,True,0.771809734149,0.861367991998,0.0895582578486,MODEL_SPREAD_WITHIN_0.10,True,True,L0_EXACT,L1_NO_SCORE,L1_NO_SCORE,4246,1570,463,160,,0.820542159282,ct-s1.0-candidate,expected_runs,PENDING_CTS9,COMPACT_POINT_WITH_MODEL_LABEL
confirmation,BALL|DEFENSE|0|0|2|100|8|top|TRAIL_1|HOME|inventory=1,1,0.819918742545,0.855154694021,0.787774281184,0.884061376635,0.837394957344,0.466571357023,0.810983849951,0.838397786148,0.837162783915,0.853207787049,True,0.787774281184,0.884061376635,0.0962870954513,MODEL_SPREAD_WITHIN_0.10,True,True,L0_EXACT,L1_NO_SCORE,L1_NO_SCORE,4246,1570,463,160,,0.837162783915,ct-s1.0-candidate,expected_runs,PENDING_CTS9,COMPACT_POINT_WITH_MODEL_LABEL
confirmation,BALL|DEFENSE|0|0|2|100|8|top|TRAIL_1|HOME|inventory=2,2,0.807669800886,0.802089005119,0.771809734149,0.861367991998,0.821627239638,0.202281345476,0.787209815655,0.82225427379,0.820542159282,0.832689571171,True,0.771809734149,0.861367991998,0.0895582578486,MODEL_SPREAD_WITHIN_0.10,True,True,L0_EXACT,L1_NO_SCORE,L1_NO_SCORE,4246,1570,463,160,,0.820542159282,ct-s1.0-candidate,expected_runs,PENDING_CTS9,COMPACT_POINT_WITH_MODEL_LABEL
confirmation,BALL|DEFENSE|0|0|2|100|8|top|TRAIL_2PLUS|HOME|inventory=1,1,0.822795445622,0.85607822238,0.786852541647,0.885203813968,0.838978629109,0.442490775788,0.808073999488,0.84089610045,0.838955150775,0.858045971642,True,0.786852541647,0.885203813968,0.0983512723218,MODEL_SPREAD_WITHIN_0.10,True,True,L0_EXACT,L0_EXACT,L0_EXACT,1587,582,169,60,,0.838955150775,ct-s1.0-candidate,expected_runs,PENDING_CTS9,COMPACT_POINT_WITH_MODEL_LABEL
confirmation,BALL|DEFENSE|0|0|2|100|8|top|TRAIL_2PLUS|HOME|inventory=2,2,0.810536902243,0.797031737872,0.771163528324,0.86228698275,0.82156697899,0.0935771550024,0.784875138003,0.823520841239,0.821422856625,0.838828410688,True,0.771163528324,0.86228698275,0.0911234544259,MODEL_SPREAD_WITHIN_0.10,True,True,L0_EXACT,L0_EXACT,L0_EXACT,1587,582,169,60,,0.821422856625,ct-s1.0-candidate,expected_runs,PENDING_CTS9,COMPACT_POINT_WITH_MODEL_LABEL
confirmation,BALL|DEFENSE|0|0|2|100|9|top|TRAIL_2PLUS|HOME|inventory=1,1,0.799406978479,0.790414096492,0.755496605953,0.846259382015,0.804842768077,0.230946594015,0.771986592106,0.806902516587,0.803847942785,0.801564442612,True,0.755496605953,0.846259382015,0.0907627760622,MODEL_SPREAD_WITHIN_0.10,True,True,L0_EXACT,L0_EXACT,L0_EXACT,1489,554,177,63,,0.803847942785,ct-s1.0-candidate,expected_runs,PENDING_CTS9,COMPACT_POINT_WITH_MODEL_LABEL
confirmation,BALL|DEFENSE|0|0|2|101|9|top|LEAD_2PLUS|HOME|inventory=2,2,0.355778210004,0.25640249902,0.277678920514,0.341193490426,0.351419034596,0,0.342758403789,0.315541267001,0.324791936356,0.336952216084,True,0.25640249902,0.355778210004,0.0993757109836,MODEL_SPREAD_WITHIN_0.10,True,True,L0_EXACT,L0_EXACT,L0_EXACT,1367,569,151,60,,0.324791936356,ct-s1.0-candidate,expected_runs,PENDING_CTS9,COMPACT_POINT_WITH_MODEL_LABEL
confirmation,BALL|DEFENSE|0|0|2|10|9|top|LEAD_2PLUS|HOME|inventory=2,2,0.347724718288,0.249726507039,0.270650584748,0.333299336809,0.343411617984,0,0.342758403789,0.319202399379,0.317094613083,0.329107171501,True,0.249726507039,0.347724718288,0.0979982112491,MODEL_SPREAD_WITHIN_0.10,True,True,L0_EXACT,L0_EXACT,L0_EXACT,1367,569,151,60,,0.317094613083,ct-s1.0-candidate,expected_runs,PENDING_CTS9,COMPACT_POINT_WITH_MODEL_LABEL
confirmation,BALL|DEFENSE|0|0|2|1|1|bottom|LEAD_1|AWAY|inventory=2,2,0.800734068365,0.884089385263,0.79740694826,0.890009201704,0.843397081004,0.600054728854,0.830938675506,0.83849761516,0.843397080695,0.867332716695,True,0.79740694826,0.890009201704,0.0926022534432,MODEL_SPREAD_WITHIN_0.10,True,True,L0_EXACT,L0_EXACT,L0_EXACT,539,198,100,31,,0.843397080695,ct-s1.0-candidate,expected_runs,PENDING_CTS9,COMPACT_POINT_WITH_MODEL_LABEL
confirmation,BALL|DEFENSE|0|0|2|1|3|top|TRAIL_2PLUS|HOME|inventory=2,2,0.789721120203,0.878075508915,0.778695228334,0.877389041965,0.821792307252,0.568400755754,0.824601050744,0.81775532754,0.821792306048,0.850862380741,True,0.778695228334,0.878075508915,0.0993802805809,MODEL_SPREAD_WITHIN_0.10,True,True,L0_EXACT,L0_EXACT,L0_EXACT,989,393,122,53,,0.821792306048,ct-s1.0-candidate,expected_runs,PENDING_CTS9,COMPACT_POINT_WITH_MODEL_LABEL
confirmation,BALL|DEFENSE|0|0|2|1|8|bottom|TIED|AWAY|inventory=2,2,0.748544660305,0.697422471383,0.688768125488,0.786503828651,0.747544386952,0.0615371981922,0.748704223271,0.740409771437,0.745538598723,0.746809846556,True,0.688768125488,0.786503828651,0.0977357031625,MODEL_SPREAD_WITHIN_0.10,True,True,L0_EXACT,L1_NO_SCORE,L1_NO_SCORE,4410,1612,460,157,,0.745538598723,ct-s1.0-candidate,expected_runs,PENDING_CTS9,COMPACT_POINT_WITH_MODEL_LABEL
confirmation,BALL|DEFENSE|0|0|2|1|8|bottom|TRAIL_1|AWAY|inventory=2,2,0.748544660305,0.697422471383,0.688768125488,0.786503828651,0.747544386952,0.0615371981922,0.748704223271,0.740409771437,0.745538598723,0.746809846556,True,0.688768125488,0.786503828651,0.0977357031625,MODEL_SPREAD_WITHIN_0.10,True,True,L0_EXACT,L1_NO_SCORE,L1_NO_SCORE,4410,1612,460,157,,0.745538598723,ct-s1.0-candidate,expected_runs,PENDING_CTS9,COMPACT_POINT_WITH_MODEL_LABEL
confirmation,BALL|DEFENSE|0|1|2|100|9|top|LEAD_2PLUS|HOME|inventory=2,2,0.326922421711,0.232695393487,0.252673046893,0.312945985565,0.32273967911,0,0.294065339352,0.300632903512,0.29728956678,0.308891212053,True,0.232695393487,0.326922421711,0.0942270282237,MODEL_SPREAD_WITHIN_0.10,True,True,L0_EXACT,L0_EXACT,L0_EXACT,1367,569,151,60,,0.29728956678,ct-s1.0-candidate,expected_runs,PENDING_CTS9,COMPACT_POINT_WITH_MODEL_LABEL
confirmation,BALL|DEFENSE|0|1|2|10|1|bottom|LEAD_1|AWAY|inventory=2,2,0.783854814895,0.873152395405,0.780323182563,0.879554689996,0.829361567395,0.57519478977,0.796992059441,0.826291993736,0.829361567064,0.855073803,True,0.780323182563,0.879554689996,0.0992315074324,MODEL_SPREAD_WITHIN_0.10,True,True,L0_EXACT,L0_EXACT,L0_EXACT,539,198,100,31,,0.829361567064,ct-s1.0-candidate,expected_runs,PENDING_CTS9,COMPACT_POINT_WITH_MODEL_LABEL
confirmation,BALL|DEFENSE|0|1|2|10|8|bottom|LEAD_2PLUS|AWAY|inventory=2,2,0.761391523751,0.734119993164,0.720591541343,0.812956966152,0.772297225072,0.0350200228991,0.751470448202,0.769061904141,0.772278612875,0.781628440424,True,0.720591541343,0.812956966152,0.0923654248086,MODEL_SPREAD_WITHIN_0.10,True,True,L0_EXACT,L0_EXACT,L0_EXACT,1523,587,158,56,,0.772278612875,ct-s1.0-candidate,expected_runs,PENDING_CTS9,COMPACT_POINT_WITH_MODEL_LABEL
confirmation,BALL|DEFENSE|0|1|2|110|9|top|LEAD_2PLUS|HOME|inventory=2,2,0.309819457292,0.218918603012,0.238080469795,0.29625237412,0.305756132469,0,0.294065339352,0.280136988257,0.281089436526,0.292321868556,True,0.218918603012,0.309819457292,0.0909008542803,MODEL_SPREAD_WITHIN_0.10,True,True,L0_EXACT,L0_EXACT,L0_EXACT,1367,569,151,60,,0.281089436526,ct-s1.0-candidate,expected_runs,PENDING_CTS9,COMPACT_POINT_WITH_MODEL_LABEL
confirmation,BALL|DEFENSE|0|1|2|1|9|top|LEAD_2PLUS|HOME|inventory=2,2,0.319159032717,0.226416896044,0.246028354336,0.305363917413,0.315029127883,0,0.294065339352,0.280550932203,0.289926753648,0.301364292194,True,0.226416896044,0.319159032717,0.0927421366729,MODEL_SPREAD_WITHIN_0.10,True,True,L0_EXACT,L0_EXACT,L0_EXACT,1367,569,151,60,,0.289926753648,ct-s1.0-candidate,expected_runs,PENDING_CTS9,COMPACT_POINT_WITH_MODEL_LABEL
confirmation,BALL|DEFENSE|0|2|0|100|9|bottom|LEAD_2PLUS|AWAY|inventory=2,2,0.395766903499,0.328141372072,0.324486947333,0.424446590414,0.391197128379,0.0118061944923,0.367704660233,0.390081198981,0.380025422282,0.405819156398,True,0.324486947333,0.424446590414,0.0999596430809,MODEL_SPREAD_WITHIN_0.10,True,True,L0_EXACT,L0_EXACT,L0_EXACT,1550,629,142,64,,0.380025422282,ct-s1.0-candidate,expected_runs,PENDING_CTS9,COMPACT_POINT_WITH_MODEL_LABEL
confirmation,BALL|DEFENSE|0|2|0|100|9|bottom|TIED|AWAY|inventory=2,2,0.367762537761,0.300590157877,0.301390358135,0.397375896846,0.387288085671,0.017161053518,0.344381180111,0.362721257742,0.353417425786,0.380639578562,True,0.300590157877,0.397375896846,0.0967857389697,MODEL_SPREAD_WITHIN_0.10,True,True,L0_EXACT,L1_NO_SCORE,L1_NO_SCORE,2304,926,218,95,,0.353417425786,ct-s1.0-candidate,expected_runs,PENDING_CTS9,COMPACT_POINT_WITH_MODEL_LABEL
confirmation,BALL|DEFENSE|0|2|1|100|9|bottom|LEAD_2PLUS|AWAY|inventory=2,2,0.327436100234,0.288740914356,0.286804793158,0.357567276796,0.340899655292,0.0052430734448,0.298891541879,0.336620535647,0.326245924011,0.343747077071,True,0.286804793158,0.357567276796,0.0707624836381,MODEL_SPREAD_WITHIN_0.10,True,True,L0_EXACT,L0_EXACT,L0_EXACT,1456,583,156,57,,0.326245924011,ct-s1.0-candidate,expected_runs,PENDING_CTS9,COMPACT_POINT_WITH_MODEL_LABEL
confirmation,BALL|DEFENSE|0|2|1|100|9|bottom|TIED|AWAY|inventory=2,2,0.319595164379,0.291781744745,0.279427792184,0.366234014014,0.375753986462,0.0126964965029,0.299698804053,0.33131330635,0.321388564588,0.351923576457,True,0.279427792184,0.375753986462,0.0963261942778,MODEL_SPREAD_WITHIN_0.10,True,True,L0_EXACT,L1_NO_SCORE,L1_NO_SCORE,2299,887,238,87,,0.321388564588,ct-s1.0-candidate,expected_runs,PENDING_CTS9,COMPACT_POINT_WITH_MODEL_LABEL
confirmation,BALL|DEFENSE|0|2|1|100|9|top|LEAD_2PLUS|HOME|inventory=2,2,0.255186223066,0.175031497954,0.19971470322,0.255135220351,0.240611420451,0,0.223660825015,0.237446226264,0.233841093495,0.247797199171,True,0.175031497954,0.255186223066,0.0801547251127,MODEL_SPREAD_WITHIN_0.10,True,True,L0_EXACT,L0_EXACT,L0_EXACT,1422,596,134,59,,0.233841093495,ct-s1.0-candidate,expected_runs,PENDING_CTS9,COMPACT_POINT_WITH_MODEL_LABEL
confirmation,BALL|DEFENSE|0|2|1|101|9|bottom|LEAD_2PLUS|AWAY|inventory=2,2,0.174458490741,0.149814656693,0.148615444964,0.194585237106,0.183346643601,0.0022826361425,0.144852116016,0.178009317631,0.173680770727,0.185247951335,True,0.144852116016,0.194585237106,0.0497331210898,MODEL_SPREAD_WITHIN_0.10,True,True,L0_EXACT,L0_EXACT,L0_EXACT,1456,583,156,57,,0.173680770727,ct-s1.0-candidate,expected_runs,PENDING_CTS9,COMPACT_POINT_WITH_MODEL_LABEL
confirmation,BALL|DEFENSE|0|2|1|111|8|bottom|TRAIL_2PLUS|AWAY|inventory=2,2,0.190201823336,0.13858762123,0.147105817352,0.198776526573,0.17779092528,0.00748204835581,0.154031234977,0.185916498995,0.177086665972,0.165469623028,True,0.13858762123,0.198776526573,0.0601889053434,MODEL_SPREAD_WITHIN_0.10,True,True,L0_EXACT,L0_EXACT,L0_EXACT,1449,540,184,63,,0.177086665972,ct-s1.0-candidate,expected_runs,PENDING_CTS9,COMPACT_POINT_WITH_MODEL_LABEL
confirmation,BALL|DEFENSE|0|2|1|11|8|bottom|TRAIL_2PLUS|AWAY|inventory=2,2,0.207415092183,0.152006609866,0.161195253217,0.216558283454,0.194150293209,0.0083292579951,0.164928093933,0.20594172463,0.193396474221,0.180944754633,True,0.152006609866,0.216558283454,0.0645516735885,MODEL_SPREAD_WITHIN_0.10,True,True,L0_EXACT,L0_EXACT,L0_EXACT,1449,540,184,63,,0.193396474221,ct-s1.0-candidate,expected_runs,PENDING_CTS9,COMPACT_POINT_WITH_MODEL_LABEL
confirmation,BALL|DEFENSE|0|2|2|100|9|top|LEAD_1|HOME|inventory=2,2,0.364172541637,0.291765077288,0.298235056553,0.386004374178,0.375092212878,0.00368123508928,0.331902932164,0.361351104878,0.351418896101,0.32102368771,True,0.291765077288,0.386004374178,0.09423929689,MODEL_SPREAD_WITHIN_0.10,True,True,L0_EXACT,L1_NO_SCORE,L1_NO_SCORE,4014,1542,458,169,,0.351418896101,ct-s1.0-candidate,expected_runs,PENDING_CTS9,COMPACT_POINT_WITH_MODEL_LABEL
confirmation,BALL|DEFENSE|0|2|2|100|9|top|LEAD_2PLUS|HOME|inventory=2,2,0.223526361695,0.152354917664,0.166935707134,0.212574215385,0.220233647465,0,0.164825869548,0.205914810196,0.200474092841,0.209423528316,True,0.152354917664,0.223526361695,0.0711714440308,MODEL_SPREAD_WITHIN_0.10,True,True,L0_EXACT,L0_EXACT,L0_EXACT,1367,569,151,60,,0.200474092841,ct-s1.0-candidate,expected_runs,PENDING_CTS9,COMPACT_POINT_WITH_MODEL_LABEL
confirmation,BALL|DEFENSE|0|2|2|100|9|top|TIED|HOME|inventory=2,2,0.364172541637,0.291765077288,0.298235056553,0.386004374178,0.375092212878,0.00368123508928,0.331902932164,0.361351104878,0.351418896101,0.32102368771,True,0.291765077288,0.386004374178,0.09423929689,MODEL_SPREAD_WITHIN_0.10,True,True,L0_EXACT,L1_NO_SCORE,L1_NO_SCORE,4014,1542,458,169,,0.351418896101,ct-s1.0-candidate,expected_runs,PENDING_CTS9,COMPACT_POINT_WITH_MODEL_LABEL
confirmation,BALL|DEFENSE|0|2|2|100|9|top|TRAIL_1|HOME|inventory=2,2,0.364172541637,0.291765077288,0.298235056553,0.386004374178,0.375092212878,0.00368123508928,0.331902932164,0.361351104878,0.351418896101,0.32102368771,True,0.291765077288,0.386004374178,0.09423929689,MODEL_SPREAD_WITHIN_0.10,True,True,L0_EXACT,L1_NO_SCORE,L1_NO_SCORE,4014,1542,458,169,,0.351418896101,ct-s1.0-candidate,expected_runs,PENDING_CTS9,COMPACT_POINT_WITH_MODEL_LABEL
confirmation,BALL|DEFENSE|0|2|2|101|8|bottom|TRAIL_2PLUS|AWAY|inventory=2,2,0.282019789037,0.214555115413,0.204417755716,0.290241849038,0.254894475692,0.013694615187,0.224194656733,0.269670187454,0.253903398517,0.246038357912,True,0.204417755716,0.290241849038,0.0858240933228,MODEL_SPREAD_WITHIN_0.10,True,True,L0_EXACT,L0_EXACT,L0_EXACT,1537,584,149,57,,0.253903398517,ct-s1.0-candidate,expected_runs,PENDING_CTS9,COMPACT_POINT_WITH_MODEL_LABEL
confirmation,BALL|DEFENSE|0|2|2|101|9|top|TRAIL_2PLUS|HOME|inventory=2,2,0.248034029894,0.166608563662,0.201547949144,0.256366850255,0.236031506057,0.0021306858806,0.19049445015,0.249069359552,0.236031506057,0.195439775131,True,0.166608563662,0.256366850255,0.089758286593,MODEL_SPREAD_WITHIN_0.10,True,True,L0_EXACT,L0_EXACT,L0_EXACT,1489,554,177,63,,0.236031506057,ct-s1.0-candidate,expected_runs,PENDING_CTS9,COMPACT_POINT_WITH_MODEL_LABEL
confirmation,BALL|DEFENSE|0|2|2|10|9|bottom|LEAD_2PLUS|AWAY|inventory=2,2,0.214290173307,0.152162979098,0.166431539706,0.227178848737,0.205821117245,0,0.135275321209,0.214370667623,0.205821117245,0.224148058796,True,0.135275321209,0.227178848737,0.0919035275278,MODEL_SPREAD_WITHIN_0.10,True,True,L0_EXACT,L0_EXACT,L0_EXACT,1398,569,156,53,,0.205821117245,ct-s1.0-candidate,expected_runs,PENDING_CTS9,COMPACT_POINT_WITH_MODEL_LABEL
confirmation,BALL|DEFENSE|0|2|2|10|9|top|LEAD_2PLUS|HOME|inventory=2,2,0.17650065047,0.118026369177,0.129825002125,0.167356012506,0.173745655142,0,0.119140662805,0.162253494921,0.157315568157,0.164735318967,True,0.118026369177,0.17650065047,0.058474281293,MODEL_SPREAD_WITHIN_0.10,True,True,L0_EXACT,L0_EXACT,L0_EXACT,1367,569,151,60,,0.157315568157,ct-s1.0-candidate,expected_runs,PENDING_CTS9,COMPACT_POINT_WITH_MODEL_LABEL
confirmation,BALL|DEFENSE|0|2|2|110|9|top|TRAIL_2PLUS|HOME|inventory=2,2,0.255746648902,0.172369638868,0.208215330286,0.264247525108,0.243491757271,0.00221950863702,0.217324165028,0.250540075142,0.243491757271,0.201956201487,True,0.172369638868,0.264247525108,0.0918778862403,MODEL_SPREAD_WITHIN_0.10,True,True,L0_EXACT,L0_EXACT,L0_EXACT,1489,554,177,63,,0.243491757271,ct-s1.0-candidate,expected_runs,PENDING_CTS9,COMPACT_POINT_WITH_MODEL_LABEL
confirmation,BALL|DEFENSE|0|2|2|111|9|top|TRAIL_2PLUS|HOME|inventory=2,2,0.178769520382,0.116557899343,0.142799670409,0.18534893286,0.169363841083,0.00140717960702,0.134901810513,0.176743116479,0.169363841083,0.138163852491,True,0.116557899343,0.18534893286,0.0687910335172,MODEL_SPREAD_WITHIN_0.10,True,True,L0_EXACT,L0_EXACT,L0_EXACT,1489,554,177,63,,0.169363841083,ct-s1.0-candidate,expected_runs,PENDING_CTS9,COMPACT_POINT_WITH_MODEL_LABEL
confirmation,BALL|DEFENSE|0|2|2|11|9|bottom|LEAD_2PLUS|AWAY|inventory=2,2,0.142963446017,0.0989120902998,0.108828186013,0.152394190195,0.136822439385,0,0.0821654363404,0.14490009119,0.136822439385,0.150167237601,True,0.0821654363404,0.152394190195,0.0702287538547,MODEL_SPREAD_WITHIN_0.10,True,True,L0_EXACT,L0_EXACT,L0_EXACT,1398,569,156,53,,0.136822439385,ct-s1.0-candidate,expected_runs,PENDING_CTS9,COMPACT_POINT_WITH_MODEL_LABEL
confirmation,BALL|DEFENSE|0|2|2|11|9|top|LEAD_2PLUS|HOME|inventory=1,1,0.214969345429,0.210770912787,0.177989556044,0.268067326437,0.224973270317,0.0167126091893,0.196642204854,0.226871426998,0.220038673815,0.249473983101,True,0.177989556044,0.268067326437,0.0900777703926,MODEL_SPREAD_WITHIN_0.10,True,True,L0_EXACT,L0_EXACT,L0_EXACT,1367,569,151,60,,0.220038673815,ct-s1.0-candidate,expected_runs,PENDING_CTS9,COMPACT_POINT_WITH_MODEL_LABEL
confirmation,BALL|DEFENSE|0|2|2|11|9|top|LEAD_2PLUS|HOME|inventory=2,2,0.115896837362,0.0756558853288,0.0836204882914,0.109474713215,0.113956902123,0,0.0718390805761,0.107364282066,0.102479437017,0.107643229169,True,0.0718390805761,0.115896837362,0.0440577567855,MODEL_SPREAD_WITHIN_0.10,True,True,L0_EXACT,L0_EXACT,L0_EXACT,1367,569,151,60,,0.102479437017,ct-s1.0-candidate,expected_runs,PENDING_CTS9,COMPACT_POINT_WITH_MODEL_LABEL
confirmation,BALL|DEFENSE|1|0|1|100|9|bottom|LEAD_2PLUS|AWAY|inventory=2,2,0.296561386352,0.26010379666,0.258289966403,0.325225286332,0.309339330377,0.00454345955379,0.356828979813,0.298643946004,0.295434138271,0.312047945523,True,0.258289966403,0.356828979813,0.0985390134106,MODEL_SPREAD_WITHIN_0.10,True,True,L0_EXACT,L0_EXACT,L0_EXACT,1456,583,156,57,,0.295434138271,ct-s1.0-candidate,expected_runs,PENDING_CTS9,COMPACT_POINT_WITH_MODEL_LABEL
confirmation,BALL|DEFENSE|1|0|1|110|9|bottom|LEAD_2PLUS|AWAY|inventory=2,2,0.327940581946,0.289211414726,0.287273412879,0.35809346458,0.341414350378,0.00525503007754,0.356827631171,0.318857726154,0.326749462879,0.344263825724,True,0.287273412879,0.35809346458,0.0708200517004,MODEL_SPREAD_WITHIN_0.10,True,True,L0_EXACT,L0_EXACT,L0_EXACT,1456,583,156,57,,0.326749462879,ct-s1.0-candidate,expected_runs,PENDING_CTS9,COMPACT_POINT_WITH_MODEL_LABEL
confirmation,BALL|DEFENSE|1|0|2|0|4|bottom|TRAIL_2PLUS|AWAY|inventory=1,1,0.832481545728,0.896358006823,0.805927580431,0.899509566841,0.852797518745,0.665085568315,0.801073226775,0.85419976899,0.8527975009,0.870428116478,True,0.801073226775,0.899509566841,0.0984363400664,MODEL_SPREAD_WITHIN_0.10,True,True,L0_EXACT,L0_EXACT,L0_EXACT,1294,487,158,50,,0.8527975009,ct-s1.0-candidate,expected_runs,PENDING_CTS9,COMPACT_POINT_WITH_MODEL_LABEL
confirmation,BALL|DEFENSE|1|0|2|0|4|top|LEAD_2PLUS|HOME|inventory=1,1,0.839802263294,0.898176338536,0.814876811886,0.903650730422,0.860383590042,0.652610251989,0.809407428871,0.860526860634,0.860383569293,0.876829859929,True,0.809407428871,0.903650730422,0.0942433015508,MODEL_SPREAD_WITHIN_0.10,True,True,L0_EXACT,L0_EXACT,L0_EXACT,901,369,103,37,,0.860383569293,ct-s1.0-candidate,expected_runs,PENDING_CTS9,COMPACT_POINT_WITH_MODEL_LABEL
confirmation,BALL|DEFENSE|1|0|2|0|7|bottom|TRAIL_2PLUS|AWAY|inventory=2,2,0.806622786182,0.78055912482,0.770190963613,0.862048146218,0.819768634411,0.164737121459,0.763660594676,0.82040457972,0.819654800808,0.828218212572,True,0.763660594676,0.862048146218,0.098387551542,MODEL_SPREAD_WITHIN_0.10,True,True,L0_EXACT,L0_EXACT,L0_EXACT,1554,564,131,50,,0.819654800808,ct-s1.0-candidate,expected_runs,PENDING_CTS9,COMPACT_POINT_WITH_MODEL_LABEL
confirmation,BALL|DEFENSE|1|0|2|0|8|bottom|LEAD_1|AWAY|inventory=1,1,0.821318396825,0.831466510171,0.780555724441,0.874474160969,0.832430333272,0.380925045915,0.776240480381,0.831703496098,0.832126757627,0.839298936709,True,0.776240480381,0.874474160969,0.0982336805885,MODEL_SPREAD_WITHIN_0.10,True,True,L0_EXACT,L1_NO_SCORE,L1_NO_SCORE,4410,1612,460,157,,0.832126757627,ct-s1.0-candidate,expected_runs,PENDING_CTS9,COMPACT_POINT_WITH_MODEL_LABEL
confirmation,BALL|DEFENSE|1|0|2|0|8|bottom|LEAD_2PLUS|AWAY|inventory=1,1,0.834275215717,0.858240556965,0.800825614777,0.89031183725,0.849538886836,0.431822778411,0.793223823473,0.849521335919,0.849537735926,0.861474493003,True,0.793223823473,0.89031183725,0.0970880137762,MODEL_SPREAD_WITHIN_0.10,True,True,L0_EXACT,L0_EXACT,L0_EXACT,1523,587,158,56,,0.849537735926,ct-s1.0-candidate,expected_runs,PENDING_CTS9,COMPACT_POINT_WITH_MODEL_LABEL
confirmation,BALL|DEFENSE|1|0|2|0|8|bottom|TIED|AWAY|inventory=1,1,0.821318396825,0.831466510171,0.780555724441,0.874474160969,0.832430333272,0.380925045915,0.776240480381,0.831703496098,0.832126757627,0.839298936709,True,0.776240480381,0.874474160969,0.0982336805885,MODEL_SPREAD_WITHIN_0.10,True,True,L0_EXACT,L1_NO_SCORE,L1_NO_SCORE,4410,1612,460,157,,0.832126757627,ct-s1.0-candidate,expected_runs,PENDING_CTS9,COMPACT_POINT_WITH_MODEL_LABEL
confirmation,BALL|DEFENSE|1|0|2|0|8|bottom|TRAIL_1|AWAY|inventory=1,1,0.821318396825,0.831466510171,0.780555724441,0.874474160969,0.832430333272,0.380925045915,0.776240480381,0.831703496098,0.832126757627,0.839298936709,True,0.776240480381,0.874474160969,0.0982336805885,MODEL_SPREAD_WITHIN_0.10,True,True,L0_EXACT,L1_NO_SCORE,L1_NO_SCORE,4410,1612,460,157,,0.832126757627,ct-s1.0-candidate,expected_runs,PENDING_CTS9,COMPACT_POINT_WITH_MODEL_LABEL
confirmation,BALL|DEFENSE|1|0|2|10|9|top|LEAD_2PLUS|HOME|inventory=2,2,0.310846032266,0.2197398765,0.238951637465,0.297253356292,0.306775228178,0,0.293695344015,0.277651437262,0.282059719852,0.293315105437,True,0.2197398765,0.310846032266,0.0911061557665,MODEL_SPREAD_WITHIN_0.10,True,True,L0_EXACT,L0_EXACT,L0_EXACT,1367,569,151,60,,0.282059719852,ct-s1.0-candidate,expected_runs,PENDING_CTS9,COMPACT_POINT_WITH_MODEL_LABEL
confirmation,BALL|DEFENSE|1|1|1|100|9|bottom|LEAD_2PLUS|AWAY|inventory=2,2,0.410085986163,0.366952583463,0.364760975262,0.442815235028,0.424801463478,0.00746974766133,0.393213225447,0.415412810488,0.408777982886,0.427894720088,True,0.364760975262,0.442815235028,0.0780542597662,MODEL_SPREAD_WITHIN_0.10,True,True,L0_EXACT,L0_EXACT,L0_EXACT,1456,583,156,57,,0.408777982886,ct-s1.0-candidate,expected_runs,PENDING_CTS9,COMPACT_POINT_WITH_MODEL_LABEL
confirmation,BALL|DEFENSE|1|1|1|100|9|top|LEAD_2PLUS|HOME|inventory=2,2,0.328506793236,0.232511290362,0.262718986483,0.328447598527,0.311495692644,0,0.304554545087,0.303650535167,0.303528042962,0.319906607895,True,0.232511290362,0.328506793236,0.0959955028747,MODEL_SPREAD_WITHIN_0.10,True,True,L0_EXACT,L0_EXACT,L0_EXACT,1422,596,134,59,,0.303528042962,ct-s1.0-candidate,expected_runs,PENDING_CTS9,COMPACT_POINT_WITH_MODEL_LABEL
confirmation,BALL|DEFENSE|1|1|1|10|9|bottom|LEAD_2PLUS|AWAY|inventory=2,2,0.349255346552,0.309166946604,0.307153008173,0.380259156024,0.363131668576,0.00577686584089,0.393213225447,0.34873421118,0.348026900624,0.366061651834,True,0.307153008173,0.393213225447,0.0860602172743,MODEL_SPREAD_WITHIN_0.10,True,True,L0_EXACT,L0_EXACT,L0_EXACT,1456,583,156,57,,0.348026900624,ct-s1.0-candidate,expected_runs,PENDING_CTS9,COMPACT_POINT_WITH_MODEL_LABEL
confirmation,BALL|DEFENSE|1|1|2|100|9|top|LEAD_2PLUS|HOME|inventory=2,2,0.357565985855,0.257890815376,0.279244359538,0.342946992719,0.353196915061,0,0.265122021575,0.330005068564,0.326502921146,0.338695127176,True,0.257890815376,0.357565985855,0.0996751704796,MODEL_SPREAD_WITHIN_0.10,True,True,L0_EXACT,L0_EXACT,L0_EXACT,1367,569,151,60,,0.326502921146,ct-s1.0-candidate,expected_runs,PENDING_CTS9,COMPACT_POINT_WITH_MODEL_LABEL
confirmation,BALL|DEFENSE|1|1|2|10|9|top|LEAD_2PLUS|HOME|inventory=2,2,0.317719259286,0.225257076687,0.244799865759,0.303958592655,0.313599403692,0,0.265119823599,0.289862456831,0.288562959986,0.299969425502,True,0.225257076687,0.317719259286,0.0924621825995,MODEL_SPREAD_WITHIN_0.10,True,True,L0_EXACT,L0_EXACT,L0_EXACT,1367,569,151,60,,0.288562959986,ct-s1.0-candidate,expected_runs,PENDING_CTS9,COMPACT_POINT_WITH_MODEL_LABEL
confirmation,BALL|DEFENSE|1|1|2|1|9|top|LEAD_2PLUS|HOME|inventory=2,2,0.343374856588,0.246139949949,0.266870408091,0.329038899606,0.339087662448,0,0.265122021575,0.333217789393,0.312944085318,0.324874208994,True,0.246139949949,0.343374856588,0.0972349066389,MODEL_SPREAD_WITHIN_0.10,True,True,L0_EXACT,L0_EXACT,L0_EXACT,1367,569,151,60,,0.312944085318,ct-s1.0-candidate,expected_runs,PENDING_CTS9,COMPACT_POINT_WITH_MODEL_LABEL
confirmation,BALL|DEFENSE|1|2|0|100|9|bottom|LEAD_1|AWAY|inventory=2,2,0.297592727837,0.238404078105,0.23909532515,0.324455448556,0.315250402726,0.0125579645376,0.29292983115,0.292029435765,0.284751946278,0.309214455386,True,0.238404078105,0.324455448556,0.0860513704516,MODEL_SPREAD_WITHIN_0.10,True,True,L0_EXACT,L1_NO_SCORE,L1_NO_SCORE,2304,926,218,95,,0.284751946278,ct-s1.0-candidate,expected_runs,PENDING_CTS9,COMPACT_POINT_WITH_MODEL_LABEL
confirmation,BALL|DEFENSE|1|2|0|100|9|bottom|LEAD_2PLUS|AWAY|inventory=2,2,0.322983466337,0.262393859557,0.259189175095,0.34943906387,0.318810673839,0.00862682568013,0.31443996223,0.316707079007,0.308658110972,0.332203441581,True,0.259189175095,0.34943906387,0.0902498887752,MODEL_SPREAD_WITHIN_0.10,True,True,L0_EXACT,L0_EXACT,L0_EXACT,1550,629,142,64,,0.308658110972,ct-s1.0-candidate,expected_runs,PENDING_CTS9,COMPACT_POINT_WITH_MODEL_LABEL
confirmation,BALL|DEFENSE|1|2|0|10|9|bottom|LEAD_2PLUS|AWAY|inventory=2,2,0.247140160199,0.196645696035,0.194032776031,0.269859670349,0.243594667714,0.00595208813416,0.216819275362,0.242408598906,0.235010999344,0.255010594676,True,0.194032776031,0.269859670349,0.0758268943179,MODEL_SPREAD_WITHIN_0.10,True,True,L0_EXACT,L0_EXACT,L0_EXACT,1550,629,142,64,,0.235010999344,ct-s1.0-candidate,expected_runs,PENDING_CTS9,COMPACT_POINT_WITH_MODEL_LABEL
confirmation,BALL|DEFENSE|1|2|0|110|9|bottom|LEAD_2PLUS|AWAY|inventory=2,2,0.204022878839,0.160460316185,0.158233504114,0.223957754759,0.2009308617,0.00465356084367,0.182045827809,0.199736584943,0.193466042973,0.21090486075,True,0.158233504114,0.223957754759,0.0657242506448,MODEL_SPREAD_WITHIN_0.10,True,True,L0_EXACT,L0_EXACT,L0_EXACT,1550,629,142,64,,0.193466042973,ct-s1.0-candidate,expected_runs,PENDING_CTS9,COMPACT_POINT_WITH_MODEL_LABEL
confirmation,BALL|DEFENSE|1|2|0|110|9|top|LEAD_2PLUS|HOME|inventory=2,2,0.238882835504,0.223425433216,0.194772940058,0.275718311509,0.237798103064,0.0130476411982,0.219597574191,0.241516182244,0.236465437168,0.267934104886,True,0.194772940058,0.275718311509,0.0809453714513,MODEL_SPREAD_WITHIN_0.10,True,True,L0_EXACT,L0_EXACT,L0_EXACT,1637,641,158,65,,0.236465437168,ct-s1.0-candidate,expected_runs,PENDING_CTS9,COMPACT_POINT_WITH_MODEL_LABEL
confirmation,BALL|DEFENSE|1|2|1|0|9|bottom|LEAD_2PLUS|AWAY|inventory=2,2,0.398336617158,0.355693883706,0.353531965545,0.43081295952,0.412925600425,0.00711657243933,0.416079314075,0.407337849247,0.397040866573,0.415994922209,True,0.353531965545,0.43081295952,0.0772809939745,MODEL_SPREAD_WITHIN_0.10,True,True,L0_EXACT,L0_EXACT,L0_EXACT,1456,583,156,57,,0.397040866573,ct-s1.0-candidate,expected_runs,PENDING_CTS9,COMPACT_POINT_WITH_MODEL_LABEL
confirmation,BALL|DEFENSE|1|2|1|100|8|bottom|TRAIL_2PLUS|AWAY|inventory=2,2,0.36832275195,0.28540836185,0.299809959201,0.38114800956,0.349302604389,0.0183706742063,0.349372768795,0.357072671257,0.348206679892,0.329863789657,True,0.28540836185,0.38114800956,0.0957396477104,MODEL_SPREAD_WITHIN_0.10,True,True,L0_EXACT,L0_EXACT,L0_EXACT,1449,540,184,63,,0.348206679892,ct-s1.0-candidate,expected_runs,PENDING_CTS9,COMPACT_POINT_WITH_MODEL_LABEL
confirmation,BALL|DEFENSE|1|2|1|100|9|bottom|LEAD_2PLUS|AWAY|inventory=2,2,0.274311307184,0.239657117732,0.237940018934,0.301747149851,0.286521050299,0.0040756386505,0.253552040705,0.282001284026,0.273235782081,0.289113502689,True,0.237940018934,0.301747149851,0.0638071309176,MODEL_SPREAD_WITHIN_0.10,True,True,L0_EXACT,L0_EXACT,L0_EXACT,1456,583,156,57,,0.273235782081,ct-s1.0-candidate,expected_runs,PENDING_CTS9,COMPACT_POINT_WITH_MODEL_LABEL
confirmation,BALL|DEFENSE|1|2|1|100|9|top|LEAD_2PLUS|HOME|inventory=2,2,0.210121373883,0.141433734695,0.162311127541,0.210076837626,0.197438135727,0,0.186694416946,0.194207808087,0.191576150635,0.203680385055,True,0.141433734695,0.210121373883,0.0686876391879,MODEL_SPREAD_WITHIN_0.10,True,True,L0_EXACT,L0_EXACT,L0_EXACT,1422,596,134,59,,0.191576150635,ct-s1.0-candidate,expected_runs,PENDING_CTS9,COMPACT_POINT_WITH_MODEL_LABEL
confirmation,BALL|DEFENSE|1|2|1|110|8|bottom|TRAIL_2PLUS|AWAY|inventory=2,2,0.299203294273,0.226274929857,0.238689348519,0.310805982643,0.282158120654,0.0135178557187,0.254656604787,0.290347078717,0.281181826906,0.264934540058,True,0.226274929857,0.310805982643,0.0845310527853,MODEL_SPREAD_WITHIN_0.10,True,True,L0_EXACT,L0_EXACT,L0_EXACT,1449,540,184,63,,0.281181826906,ct-s1.0-candidate,expected_runs,PENDING_CTS9,COMPACT_POINT_WITH_MODEL_LABEL
confirmation,BALL|DEFENSE|1|2|1|110|9|bottom|LEAD_2PLUS|AWAY|inventory=2,2,0.216779576768,0.187515418072,0.186080476409,0.240367187757,0.227230389167,0.00298752066231,0.177717550218,0.224407656887,0.215862524944,0.229458907475,True,0.177717550218,0.240367187757,0.062649637539,MODEL_SPREAD_WITHIN_0.10,True,True,L0_EXACT,L0_EXACT,L0_EXACT,1456,583,156,57,,0.215862524944,ct-s1.0-candidate,expected_runs,PENDING_CTS9,COMPACT_POINT_WITH_MODEL_LABEL
confirmation,BALL|DEFENSE|1|2|1|110|9|top|LEAD_2PLUS|HOME|inventory=2,2,0.163027876003,0.107637036778,0.124247570657,0.162991261723,0.152637954312,0,0.127442262455,0.150779070267,0.147861039353,0.157742184394,True,0.107637036778,0.163027876003,0.0553908392244,MODEL_SPREAD_WITHIN_0.10,True,True,L0_EXACT,L0_EXACT,L0_EXACT,1422,596,134,59,,0.147861039353,ct-s1.0-candidate,expected_runs,PENDING_CTS9,COMPACT_POINT_WITH_MODEL_LABEL
confirmation,BALL|DEFENSE|1|2|1|111|8|bottom|TRAIL_2PLUS|AWAY|inventory=2,2,0.166883618358,0.120654379145,0.128234407938,0.174633786995,0.15570171117,0.00638806156737,0.145547312666,0.161170647352,0.1550684486,0.144641938253,True,0.120654379145,0.174633786995,0.0539794078504,MODEL_SPREAD_WITHIN_0.10,True,True,L0_EXACT,L0_EXACT,L0_EXACT,1449,540,184,63,,0.1550684486,ct-s1.0-candidate,expected_runs,PENDING_CTS9,COMPACT_POINT_WITH_MODEL_LABEL
confirmation,BALL|DEFENSE|1|2|1|1|8|bottom|TRAIL_2PLUS|AWAY|inventory=2,2,0.248698904066,0.184833824757,0.195549238872,0.259067107378,0.233571948551,0.0105127014652,0.242717030466,0.239241930842,0.232709268925,0.218411796709,True,0.184833824757,0.259067107378,0.0742332826212,MODEL_SPREAD_WITHIN_0.10,True,True,L0_EXACT,L0_EXACT,L0_EXACT,1449,540,184,63,,0.232709268925,ct-s1.0-candidate,expected_runs,PENDING_CTS9,COMPACT_POINT_WITH_MODEL_LABEL
confirmation,BALL|DEFENSE|1|2|1|1|9|top|TRAIL_2PLUS|HOME|inventory=2,2,0.284953689852,0.240144105596,0.229009472534,0.323745051454,0.277407776384,0.00375261466858,0.285662793598,0.282039083452,0.276954205068,0.28234106923,True,0.229009472534,0.323745051454,0.0947355789202,MODEL_SPREAD_WITHIN_0.10,True,True,L0_EXACT,L0_EXACT,L0_EXACT,1429,554,185,59,,0.276954205068,ct-s1.0-candidate,expected_runs,PENDING_CTS9,COMPACT_POINT_WITH_MODEL_LABEL
confirmation,BALL|DEFENSE|1|2|2|0|9|top|LEAD_2PLUS|HOME|inventory=2,2,0.333656108991,0.238175043202,0.258464673816,0.319528459781,0.32942938,0,0.303409402678,0.310085328384,0.303688287921,0.315427554285,True,0.238175043202,0.333656108991,0.0954810657889,MODEL_SPREAD_WITHIN_0.10,True,True,L0_EXACT,L0_EXACT,L0_EXACT,1367,569,151,60,,0.303688287921,ct-s1.0-candidate,expected_runs,PENDING_CTS9,COMPACT_POINT_WITH_MODEL_LABEL
confirmation,BALL|DEFENSE|1|2|2|100|9|bottom|LEAD_2PLUS|AWAY|inventory=2,2,0.228946384499,0.163454012786,0.178558367805,0.242444565244,0.220060324948,0,0.15964865983,0.228016041165,0.220060324948,0.239273170674,True,0.15964865983,0.242444565244,0.0827959054134,MODEL_SPREAD_WITHIN_0.10,True,True,L0_EXACT,L0_EXACT,L0_EXACT,1398,569,156,53,,0.220060324948,ct-s1.0-candidate,expected_runs,PENDING_CTS9,COMPACT_POINT_WITH_MODEL_LABEL
confirmation,BALL|DEFENSE|1|2|2|100|9|top|LEAD_1|HOME|inventory=2,2,0.317059586048,0.2503314516,0.256215019012,0.337566526719,0.327293759525,0.00298597842785,0.292519472721,0.313867136484,0.305163994132,0.277060478631,True,0.2503314516,0.337566526719,0.0872350751187,MODEL_SPREAD_WITHIN_0.10,True,True,L0_EXACT,L1_NO_SCORE,L1_NO_SCORE,4014,1542,458,169,,0.305163994132,ct-s1.0-candidate,expected_runs,PENDING_CTS9,COMPACT_POINT_WITH_MODEL_LABEL
confirmation,BALL|DEFENSE|1|2|2|100|9|top|LEAD_2PLUS|HOME|inventory=2,2,0.189194630387,0.127164270073,0.139731659864,0.179535692914,0.186286316845,0,0.141081220454,0.173313283169,0.168912769392,0.176764762917,True,0.127164270073,0.189194630387,0.0620303603143,MODEL_SPREAD_WITHIN_0.10,True,True,L0_EXACT,L0_EXACT,L0_EXACT,1367,569,151,60,,0.168912769392,ct-s1.0-candidate,expected_runs,PENDING_CTS9,COMPACT_POINT_WITH_MODEL_LABEL
confirmation,BALL|DEFENSE|1|2|2|100|9|top|TIED|HOME|inventory=2,2,0.317059586048,0.2503314516,0.256215019012,0.337566526719,0.327293759525,0.00298597842785,0.292519472721,0.313867136484,0.305163994132,0.277060478631,True,0.2503314516,0.337566526719,0.0872350751187,MODEL_SPREAD_WITHIN_0.10,True,True,L0_EXACT,L1_NO_SCORE,L1_NO_SCORE,4014,1542,458,169,,0.305163994132,ct-s1.0-candidate,expected_runs,PENDING_CTS9,COMPACT_POINT_WITH_MODEL_LABEL
confirmation,BALL|DEFENSE|1|2|2|100|9|top|TRAIL_1|HOME|inventory=2,2,0.317059586048,0.2503314516,0.256215019012,0.337566526719,0.327293759525,0.00298597842785,0.292519472721,0.313867136484,0.305163994132,0.277060478631,True,0.2503314516,0.337566526719,0.0872350751187,MODEL_SPREAD_WITHIN_0.10,True,True,L0_EXACT,L1_NO_SCORE,L1_NO_SCORE,4014,1542,458,169,,0.305163994132,ct-s1.0-candidate,expected_runs,PENDING_CTS9,COMPACT_POINT_WITH_MODEL_LABEL
confirmation,BALL|DEFENSE|1|2|2|101|8|bottom|TIED|AWAY|inventory=2,2,0.267315160021,0.220269085121,0.213360589403,0.31105877242,0.266276982349,0.00797248850083,0.27630891122,0.268141511196,0.26421106445,0.265517973765,True,0.213360589403,0.31105877242,0.0976981830174,MODEL_SPREAD_WITHIN_0.10,True,True,L0_EXACT,L1_NO_SCORE,L1_NO_SCORE,4410,1612,460,157,,0.26421106445,ct-s1.0-candidate,expected_runs,PENDING_CTS9,COMPACT_POINT_WITH_MODEL_LABEL
confirmation,BALL|DEFENSE|1|2|2|101|8|bottom|TRAIL_2PLUS|AWAY|inventory=2,2,0.219599170581,0.163662944816,0.155454243636,0.22657569599,0.196831707147,0.00984885597984,0.212140837797,0.20269167996,0.196007000841,0.189479926456,True,0.155454243636,0.22657569599,0.0711214523538,MODEL_SPREAD_WITHIN_0.10,True,True,L0_EXACT,L0_EXACT,L0_EXACT,1537,584,149,57,,0.196007000841,ct-s1.0-candidate,expected_runs,PENDING_CTS9,COMPACT_POINT_WITH_MODEL_LABEL
confirmation,BALL|DEFENSE|1|2|2|101|9|bottom|LEAD_2PLUS|AWAY|inventory=1,1,0.172108252055,0.167827635928,0.137219662463,0.219654736974,0.174792421825,0.00965603165665,0.180945108687,0.179105922378,0.174792421825,0.207356951272,True,0.137219662463,0.219654736974,0.0824350745107,MODEL_SPREAD_WITHIN_0.10,True,True,L0_EXACT,L0_EXACT,L0_EXACT,1398,569,156,53,,0.174792421825,ct-s1.0-candidate,expected_runs,PENDING_CTS9,COMPACT_POINT_WITH_MODEL_LABEL
confirmation,BALL|DEFENSE|1|2|2|101|9|bottom|LEAD_2PLUS|AWAY|inventory=2,2,0.104391527574,0.0712374415406,0.0786211820461,0.111609186298,0.0997146083138,0,0.0717515284621,0.103660263606,0.0997146083138,0.109900952265,True,0.0712374415406,0.111609186298,0.0403717447571,MODEL_SPREAD_WITHIN_0.10,True,True,L0_EXACT,L0_EXACT,L0_EXACT,1398,569,156,53,,0.0997146083138,ct-s1.0-candidate,expected_runs,PENDING_CTS9,COMPACT_POINT_WITH_MODEL_LABEL
confirmation,BALL|DEFENSE|1|2|2|101|9|top|LEAD_2PLUS|HOME|inventory=1,1,0.160610783586,0.157261320458,0.131416568344,0.203767174471,0.168628433249,0.0117370164556,0.174477289171,0.166854137661,0.164667130532,0.18848523398,True,0.131416568344,0.203767174471,0.0723506061266,MODEL_SPREAD_WITHIN_0.10,True,True,L0_EXACT,L0_EXACT,L0_EXACT,1367,569,151,60,,0.164667130532,ct-s1.0-candidate,expected_runs,PENDING_CTS9,COMPACT_POINT_WITH_MODEL_LABEL
confirmation,BALL|DEFENSE|1|2|2|101|9|top|LEAD_2PLUS|HOME|inventory=2,2,0.0839125592868,0.0540974543081,0.0599396835092,0.0791041843754,0.0824580593988,0,0.0626446390351,0.0758597343014,0.0738885232521,0.0777364388346,True,0.0540974543081,0.0839125592868,0.0298151049787,MODEL_SPREAD_WITHIN_0.10,True,True,L0_EXACT,L0_EXACT,L0_EXACT,1367,569,151,60,,0.0738885232521,ct-s1.0-candidate,expected_runs,PENDING_CTS9,COMPACT_POINT_WITH_MODEL_LABEL
confirmation,BALL|DEFENSE|1|2|2|101|9|top|TRAIL_2PLUS|HOME|inventory=2,2,0.191133137903,0.125275322614,0.153139517482,0.198057839203,0.181220509999,0.00152731217624,0.179832523589,0.185905074564,0.181220509999,0.148226072745,True,0.125275322614,0.198057839203,0.0727825165885,MODEL_SPREAD_WITHIN_0.10,True,True,L0_EXACT,L0_EXACT,L0_EXACT,1489,554,177,63,,0.181220509999,ct-s1.0-candidate,expected_runs,PENDING_CTS9,COMPACT_POINT_WITH_MODEL_LABEL
confirmation,BALL|DEFENSE|1|2|2|10|9|bottom|LEAD_2PLUS|AWAY|inventory=2,2,0.194352209273,0.136997562093,0.150095794888,0.206356648998,0.186484108028,0,0.120843362529,0.19394509878,0.186484108028,0.203530489202,True,0.120843362529,0.206356648998,0.0855132864694,MODEL_SPREAD_WITHIN_0.10,True,True,L0_EXACT,L0_EXACT,L0_EXACT,1398,569,156,53,,0.186484108028,ct-s1.0-candidate,expected_runs,PENDING_CTS9,COMPACT_POINT_WITH_MODEL_LABEL
confirmation,BALL|DEFENSE|1|2|2|10|9|top|LEAD_1|HOME|inventory=2,2,0.273880551437,0.213400271914,0.21866902591,0.292792054273,0.283299134069,0.00242730863675,0.230267349357,0.271479236475,0.262981150143,0.237434913559,True,0.213400271914,0.292792054273,0.0793917823586,MODEL_SPREAD_WITHIN_0.10,True,True,L0_EXACT,L1_NO_SCORE,L1_NO_SCORE,4014,1542,458,169,,0.262981150143,ct-s1.0-candidate,expected_runs,PENDING_CTS9,COMPACT_POINT_WITH_MODEL_LABEL
confirmation,BALL|DEFENSE|1|2|2|10|9|top|LEAD_2PLUS|HOME|inventory=2,2,0.159365543132,0.105838484027,0.116579787449,0.150945959482,0.156827074037,0,0.106218602398,0.145871705237,0.141722456663,0.14853639595,True,0.105838484027,0.159365543132,0.0535270591049,MODEL_SPREAD_WITHIN_0.10,True,True,L0_EXACT,L0_EXACT,L0_EXACT,1367,569,151,60,,0.141722456663,ct-s1.0-candidate,expected_runs,PENDING_CTS9,COMPACT_POINT_WITH_MODEL_LABEL
confirmation,BALL|DEFENSE|1|2|2|110|9|bottom|LEAD_1|AWAY|inventory=1,1,0.204259110231,0.188828951578,0.16142007377,0.254220851138,0.260754316582,0.0104077081929,0.17961091493,0.211449431543,0.205741914801,0.241247583886,True,0.16142007377,0.260754316582,0.0993342428125,MODEL_SPREAD_WITHIN_0.10,True,True,L0_EXACT,L1_NO_SCORE,L1_NO_SCORE,2098,841,206,80,,0.205741914801,ct-s1.0-candidate,expected_runs,PENDING_CTS9,COMPACT_POINT_WITH_MODEL_LABEL
confirmation,BALL|DEFENSE|1|2|2|110|9|bottom|LEAD_1|AWAY|inventory=2,2,0.159796976822,0.150260927903,0.129849134621,0.195704040472,0.177548209923,0.0135989478326,0.110679221961,0.170192682211,0.161171347561,0.196539630708,True,0.110679221961,0.195704040472,0.0850248185109,MODEL_SPREAD_WITHIN_0.10,True,True,L0_EXACT,L1_NO_SCORE,L1_NO_SCORE,2098,841,206,80,,0.161171347561,ct-s1.0-candidate,expected_runs,PENDING_CTS9,COMPACT_POINT_WITH_MODEL_LABEL
confirmation,BALL|DEFENSE|1|2|2|110|9|top|LEAD_2PLUS|HOME|inventory=1,1,0.214173909617,0.209986856656,0.177300049881,0.267142275357,0.224151387177,0.0166352234266,0.197664922535,0.223173686288,0.219229718645,0.248591302381,True,0.177300049881,0.267142275357,0.0898422254758,MODEL_SPREAD_WITHIN_0.10,True,True,L0_EXACT,L0_EXACT,L0_EXACT,1367,569,151,60,,0.219229718645,ct-s1.0-candidate,expected_runs,PENDING_CTS9,COMPACT_POINT_WITH_MODEL_LABEL
confirmation,BALL|DEFENSE|1|2|2|110|9|top|LEAD_2PLUS|HOME|inventory=2,2,0.115414096834,0.0753264779665,0.0832595264723,0.109015424089,0.11348120476,0,0.0722711018167,0.105348951818,0.102046132797,0.10719069895,True,0.0722711018167,0.115414096834,0.0431429950172,MODEL_SPREAD_WITHIN_0.10,True,True,L0_EXACT,L0_EXACT,L0_EXACT,1367,569,151,60,,0.102046132797,ct-s1.0-candidate,expected_runs,PENDING_CTS9,COMPACT_POINT_WITH_MODEL_LABEL
confirmation,BALL|DEFENSE|1|2|2|110|9|top|TRAIL_2PLUS|HOME|inventory=2,2,0.251821573374,0.169432879305,0.204818986933,0.260237601806,0.239694190156,0.00217407845194,0.203556365665,0.246750554602,0.239694190156,0.198636341853,True,0.169432879305,0.260237601806,0.0908047225006,MODEL_SPREAD_WITHIN_0.10,True,True,L0_EXACT,L0_EXACT,L0_EXACT,1489,554,177,63,,0.239694190156,ct-s1.0-candidate,expected_runs,PENDING_CTS9,COMPACT_POINT_WITH_MODEL_LABEL
confirmation,BALL|DEFENSE|1|2|2|111|8|bottom|LEAD_2PLUS|AWAY|inventory=2,2,0.246783564769,0.220881428499,0.209363414367,0.308567451444,0.258297485183,0.00371242009785,0.247573192321,0.262215699446,0.258277209703,0.26874817133,True,0.209363414367,0.308567451444,0.0992040370767,MODEL_SPREAD_WITHIN_0.10,True,True,L0_EXACT,L0_EXACT,L0_EXACT,1523,587,158,56,,0.258277209703,ct-s1.0-candidate,expected_runs,PENDING_CTS9,COMPACT_POINT_WITH_MODEL_LABEL
confirmation,BALL|DEFENSE|1|2|2|111|8|bottom|TRAIL_1|AWAY|inventory=2,2,0.216206052415,0.17599428869,0.170171363152,0.254491130984,0.215308038631,0.0060394707446,0.205698913878,0.218073978381,0.213522485679,0.214651811202,True,0.170171363152,0.254491130984,0.0843197678322,MODEL_SPREAD_WITHIN_0.10,True,True,L0_EXACT,L1_NO_SCORE,L1_NO_SCORE,4410,1612,460,157,,0.213522485679,ct-s1.0-candidate,expected_runs,PENDING_CTS9,COMPACT_POINT_WITH_MODEL_LABEL
confirmation,BALL|DEFENSE|1|2|2|111|8|bottom|TRAIL_2PLUS|AWAY|inventory=2,2,0.175428733613,0.128885438522,0.122166246845,0.181328044874,0.156323422348,0.00746431538744,0.154429627194,0.162137546734,0.155635552961,0.150201700099,True,0.122166246845,0.181328044874,0.0591617980293,MODEL_SPREAD_WITHIN_0.10,True,True,L0_EXACT,L0_EXACT,L0_EXACT,1537,584,149,57,,0.155635552961,ct-s1.0-candidate,expected_runs,PENDING_CTS9,COMPACT_POINT_WITH_MODEL_LABEL
confirmation,BALL|DEFENSE|1|2|2|111|9|top|TRAIL_2PLUS|HOME|inventory=2,2,0.151576298371,0.0977020507188,0.120276591723,0.157346649716,0.143351604124,0.00115517878596,0.129466227988,0.148085765361,0.143351604124,0.116272778542,True,0.0977020507188,0.157346649716,0.0596445989969,MODEL_SPREAD_WITHIN_0.10,True,True,L0_EXACT,L0_EXACT,L0_EXACT,1489,554,177,63,,0.143351604124,ct-s1.0-candidate,expected_runs,PENDING_CTS9,COMPACT_POINT_WITH_MODEL_LABEL
confirmation,BALL|DEFENSE|1|2|2|11|9|top|LEAD_2PLUS|HOME|inventory=1,1,0.197226879367,0.193289644631,0.162666779499,0.247323107235,0.206622451191,0.0150201577092,0.184902754786,0.206832386423,0.201985463234,0.229717019962,True,0.162666779499,0.247323107235,0.0846563277366,MODEL_SPREAD_WITHIN_0.10,True,True,L0_EXACT,L0_EXACT,L0_EXACT,1367,569,151,60,,0.201985463234,ct-s1.0-candidate,expected_runs,PENDING_CTS9,COMPACT_POINT_WITH_MODEL_LABEL
confirmation,BALL|DEFENSE|1|2|2|11|9|top|LEAD_2PLUS|HOME|inventory=2,2,0.105235170296,0.0684096518245,0.0756738662412,0.0993374541416,0.103452812619,0,0.0669295860874,0.0965626340221,0.0929223436946,0.0976569658296,True,0.0669295860874,0.105235170296,0.0383055842082,MODEL_SPREAD_WITHIN_0.10,True,True,L0_EXACT,L0_EXACT,L0_EXACT,1367,569,151,60,,0.0929223436946,ct-s1.0-candidate,expected_runs,PENDING_CTS9,COMPACT_POINT_WITH_MODEL_LABEL
confirmation,BALL|DEFENSE|1|2|2|11|9|top|TRAIL_2PLUS|HOME|inventory=2,2,0.232778011026,0.155326327545,0.188434686293,0.240762399688,0.221296476077,0.00196020479878,0.190504135013,0.229192238801,0.221296476077,0.182633024677,True,0.155326327545,0.240762399688,0.0854360721435,MODEL_SPREAD_WITHIN_0.10,True,True,L0_EXACT,L0_EXACT,L0_EXACT,1489,554,177,63,,0.221296476077,ct-s1.0-candidate,expected_runs,PENDING_CTS9,COMPACT_POINT_WITH_MODEL_LABEL
confirmation,BALL|DEFENSE|1|2|2|1|9|bottom|LEAD_2PLUS|AWAY|inventory=2,2,0.162126181646,0.112948374599,0.12407786742,0.172566489178,0.15531120607,0,0.0958085144426,0.168068825056,0.15531120607,0.170103915285,True,0.0958085144426,0.172566489178,0.0767579747355,MODEL_SPREAD_WITHIN_0.10,True,True,L0_EXACT,L0_EXACT,L0_EXACT,1398,569,156,53,,0.15531120607,ct-s1.0-candidate,expected_runs,PENDING_CTS9,COMPACT_POINT_WITH_MODEL_LABEL
confirmation,BALL|DEFENSE|1|2|2|1|9|top|LEAD_2PLUS|HOME|inventory=1,1,0.241068880757,0.236514287078,0.200747468401,0.298164990561,0.251897656846,0.0193345266942,0.224641187334,0.259174366712,0.246560373719,0.278277746684,True,0.200747468401,0.298164990561,0.0974175221599,MODEL_SPREAD_WITHIN_0.10,True,True,L0_EXACT,L0_EXACT,L0_EXACT,1367,569,151,60,,0.246560373719,ct-s1.0-candidate,expected_runs,PENDING_CTS9,COMPACT_POINT_WITH_MODEL_LABEL
confirmation,BALL|DEFENSE|1|2|2|1|9|top|LEAD_2PLUS|HOME|inventory=2,2,0.131990319918,0.086709530608,0.0957172967307,0.124802302785,0.129820559913,0,0.083924310294,0.125411482381,0.116956245673,0.122749737846,True,0.083924310294,0.131990319918,0.048066009624,MODEL_SPREAD_WITHIN_0.10,True,True,L0_EXACT,L0_EXACT,L0_EXACT,1367,569,151,60,,0.116956245673,ct-s1.0-candidate,expected_runs,PENDING_CTS9,COMPACT_POINT_WITH_MODEL_LABEL
confirmation,BALL|DEFENSE|1|2|2|1|9|top|TRAIL_2PLUS|HOME|inventory=2,2,0.281749129312,0.19208280084,0.230884363966,0.290776632025,0.268698088423,0.00253289787997,0.231105069359,0.285158377515,0.268698088423,0.224136688334,True,0.19208280084,0.290776632025,0.0986938311846,MODEL_SPREAD_WITHIN_0.10,True,True,L0_EXACT,L0_EXACT,L0_EXACT,1489,554,177,63,,0.268698088423,ct-s1.0-candidate,expected_runs,PENDING_CTS9,COMPACT_POINT_WITH_MODEL_LABEL
confirmation,BALL|DEFENSE|2|0|2|110|9|bottom|LEAD_2PLUS|AWAY|inventory=2,2,0.17117844707,0.119646911692,0.131338724208,0.182075011474,0.164057464497,0,0.197827589214,0.145005411547,0.164057464497,0.179506185113,True,0.119646911692,0.197827589214,0.0781806775217,MODEL_SPREAD_WITHIN_0.10,True,True,L0_EXACT,L0_EXACT,L0_EXACT,1398,569,156,53,,0.164057464497,ct-s1.0-candidate,expected_runs,PENDING_CTS9,COMPACT_POINT_WITH_MODEL_LABEL
confirmation,BALL|DEFENSE|2|0|2|110|9|top|LEAD_2PLUS|HOME|inventory=2,2,0.139640385999,0.0920133580205,0.101510867844,0.132099159141,0.13736476972,0,0.175748495325,0.107445747757,0.123859285365,0.129944404334,True,0.0920133580205,0.175748495325,0.0837351373047,MODEL_SPREAD_WITHIN_0.10,True,True,L0_EXACT,L0_EXACT,L0_EXACT,1367,569,151,60,,0.123859285365,ct-s1.0-candidate,expected_runs,PENDING_CTS9,COMPACT_POINT_WITH_MODEL_LABEL
confirmation,BALL|DEFENSE|2|1|0|100|9|bottom|LEAD_1|AWAY|inventory=2,2,0.384416971169,0.315721702377,0.316543953322,0.414492198962,0.404261360476,0.0184002897537,0.332295234146,0.365575851052,0.369802204322,0.397510513603,True,0.315721702377,0.414492198962,0.0987704965849,MODEL_SPREAD_WITHIN_0.10,True,True,L0_EXACT,L1_NO_SCORE,L1_NO_SCORE,2304,926,218,95,,0.369802204322,ct-s1.0-candidate,expected_runs,PENDING_CTS9,COMPACT_POINT_WITH_MODEL_LABEL
confirmation,BALL|DEFENSE|2|1|1|100|9|bottom|LEAD_1|AWAY|inventory=2,2,0.286156341036,0.260140386383,0.248655755277,0.330284177668,0.3393700631,0.0108557617823,0.309122005819,0.286871607142,0.28784148066,0.316676559909,True,0.248655755277,0.3393700631,0.0907143078226,MODEL_SPREAD_WITHIN_0.10,True,True,L0_EXACT,L1_NO_SCORE,L1_NO_SCORE,2299,887,238,87,,0.28784148066,ct-s1.0-candidate,expected_runs,PENDING_CTS9,COMPACT_POINT_WITH_MODEL_LABEL
confirmation,BALL|DEFENSE|2|1|1|100|9|bottom|LEAD_2PLUS|AWAY|inventory=2,2,0.29353080995,0.257309503513,0.25550843013,0.322035890549,0.30623502154,0.00447803286803,0.308300535741,0.291777569297,0.292410292808,0.30892861319,True,0.25550843013,0.322035890549,0.0665274604187,MODEL_SPREAD_WITHIN_0.10,True,True,L0_EXACT,L0_EXACT,L0_EXACT,1456,583,156,57,,0.292410292808,ct-s1.0-candidate,expected_runs,PENDING_CTS9,COMPACT_POINT_WITH_MODEL_LABEL
confirmation,BALL|DEFENSE|2|1|1|100|9|bottom|TIED|AWAY|inventory=2,2,0.286156341036,0.260140386383,0.248655755277,0.330284177668,0.3393700631,0.0108557617823,0.309122005819,0.286871607142,0.28784148066,0.316676559909,True,0.248655755277,0.3393700631,0.0907143078226,MODEL_SPREAD_WITHIN_0.10,True,True,L0_EXACT,L1_NO_SCORE,L1_NO_SCORE,2299,887,238,87,,0.28784148066,ct-s1.0-candidate,expected_runs,PENDING_CTS9,COMPACT_POINT_WITH_MODEL_LABEL
confirmation,BALL|DEFENSE|2|1|1|100|9|top|LEAD_2PLUS|HOME|inventory=2,2,0.226245588912,0.15331007445,0.175582044998,0.226198613753,0.212851342763,0,0.231483499156,0.201795920087,0.206649567738,0.219447653169,True,0.15331007445,0.231483499156,0.0781734247053,MODEL_SPREAD_WITHIN_0.10,True,True,L0_EXACT,L0_EXACT,L0_EXACT,1422,596,134,59,,0.206649567738,ct-s1.0-candidate,expected_runs,PENDING_CTS9,COMPACT_POINT_WITH_MODEL_LABEL
confirmation,BALL|DEFENSE|2|1|1|11|9|bottom|LEAD_2PLUS|AWAY|inventory=2,2,0.298938835378,0.262297957091,0.260474212455,0.327725468563,0.311773814992,0.00459517581359,0.308299528982,0.263119104325,0.297806376282,0.314494040205,True,0.260474212455,0.327725468563,0.0672512561089,MODEL_SPREAD_WITHIN_0.10,True,True,L0_EXACT,L0_EXACT,L0_EXACT,1456,583,156,57,,0.297806376282,ct-s1.0-candidate,expected_runs,PENDING_CTS9,COMPACT_POINT_WITH_MODEL_LABEL
confirmation,BALL|DEFENSE|2|1|2|100|9|top|LEAD_2PLUS|HOME|inventory=2,2,0.305479192264,0.215454241173,0.234403874759,0.292021753792,0.301447928464,0,0.210133914257,0.274382059792,0.276990123773,0.288124397462,True,0.210133914257,0.305479192264,0.095345278007,MODEL_SPREAD_WITHIN_0.10,True,True,L0_EXACT,L0_EXACT,L0_EXACT,1367,569,151,60,,0.276990123773,ct-s1.0-candidate,expected_runs,PENDING_CTS9,COMPACT_POINT_WITH_MODEL_LABEL
confirmation,BALL|DEFENSE|2|2|0|0|9|bottom|LEAD_1|AWAY|inventory=2,2,0.330301048065,0.267080582796,0.267825736955,0.358608878323,0.348935364842,0.0145888854716,0.298147580395,0.323995489061,0.316685246659,0.342577133218,True,0.267080582796,0.358608878323,0.0915282955271,MODEL_SPREAD_WITHIN_0.10,True,True,L0_EXACT,L1_NO_SCORE,L1_NO_SCORE,2304,926,218,95,,0.316685246659,ct-s1.0-candidate,expected_runs,PENDING_CTS9,COMPACT_POINT_WITH_MODEL_LABEL
confirmation,BALL|DEFENSE|2|2|0|0|9|bottom|LEAD_2PLUS|AWAY|inventory=2,2,0.357063847664,0.292846413651,0.289415737036,0.384724645459,0.352680120783,0.0100284449061,0.319867527404,0.350038819029,0.341990479781,0.366729702893,True,0.289415737036,0.384724645459,0.0953089084237,MODEL_SPREAD_WITHIN_0.10,True,True,L0_EXACT,L0_EXACT,L0_EXACT,1550,629,142,64,,0.341990479781,ct-s1.0-candidate,expected_runs,PENDING_CTS9,COMPACT_POINT_WITH_MODEL_LABEL
confirmation,BALL|DEFENSE|2|2|0|0|9|bottom|TIED|AWAY|inventory=2,2,0.330301048065,0.267080582796,0.267825736955,0.358608878323,0.348935364842,0.0145888854716,0.298147580395,0.323995489061,0.316685246659,0.342577133218,True,0.267080582796,0.358608878323,0.0915282955271,MODEL_SPREAD_WITHIN_0.10,True,True,L0_EXACT,L1_NO_SCORE,L1_NO_SCORE,2304,926,218,95,,0.316685246659,ct-s1.0-candidate,expected_runs,PENDING_CTS9,COMPACT_POINT_WITH_MODEL_LABEL
confirmation,BALL|DEFENSE|2|2|0|100|9|bottom|LEAD_2PLUS|AWAY|inventory=2,2,0.269690089692,0.21590964104,0.213108654049,0.293673972832,0.265935366267,0.00669075480086,0.250248597776,0.262813081904,0.25683176563,0.278013463015,True,0.213108654049,0.293673972832,0.0805653187827,MODEL_SPREAD_WITHIN_0.10,True,True,L0_EXACT,L0_EXACT,L0_EXACT,1550,629,142,64,,0.25683176563,ct-s1.0-candidate,expected_runs,PENDING_CTS9,COMPACT_POINT_WITH_MODEL_LABEL
confirmation,BALL|DEFENSE|2|2|0|100|9|top|LEAD_2PLUS|HOME|inventory=2,2,0.31138091551,0.293038516097,0.258429554639,0.354193203485,0.310101106695,0.0186905171874,0.296764679653,0.312632246773,0.308527259453,0.345249557626,True,0.258429554639,0.354193203485,0.0957636488464,MODEL_SPREAD_WITHIN_0.10,True,True,L0_EXACT,L0_EXACT,L0_EXACT,1637,641,158,65,,0.308527259453,ct-s1.0-candidate,expected_runs,PENDING_CTS9,COMPACT_POINT_WITH_MODEL_LABEL
confirmation,BALL|DEFENSE|2|2|0|10|9|top|TRAIL_1|HOME|inventory=2,2,0.227293269534,0.206117059262,0.18307139568,0.268880393242,0.231869957018,0.0118642627943,0.236709124989,0.226955992461,0.225666661333,0.24522425218,True,0.18307139568,0.268880393242,0.0858089975621,MODEL_SPREAD_WITHIN_0.10,True,True,L0_EXACT,L1_NO_SCORE,L1_NO_SCORE,4185,1621,442,172,,0.225666661333,ct-s1.0-candidate,expected_runs,PENDING_CTS9,COMPACT_POINT_WITH_MODEL_LABEL
confirmation,BALL|DEFENSE|2|2|0|10|9|top|TRAIL_2PLUS|HOME|inventory=2,2,0.222379316523,0.190974825758,0.180508015552,0.265626354726,0.222700582171,0.011013367795,0.235052769999,0.222646541282,0.221711526234,0.231338694561,True,0.180508015552,0.265626354726,0.0851183391739,MODEL_SPREAD_WITHIN_0.10,True,True,L0_EXACT,L0_EXACT,L0_EXACT,1388,527,165,62,,0.221711526234,ct-s1.0-candidate,expected_runs,PENDING_CTS9,COMPACT_POINT_WITH_MODEL_LABEL
confirmation,BALL|DEFENSE|2|2|0|11|9|top|TRAIL_2PLUS|HOME|inventory=2,2,0.20373784763,0.17437558143,0.1646333982,0.244499463049,0.204039248793,0.00986536204716,0.20227997447,0.198737654187,0.203111414916,0.212151084318,True,0.1646333982,0.244499463049,0.0798660648487,MODEL_SPREAD_WITHIN_0.10,True,True,L0_EXACT,L0_EXACT,L0_EXACT,1388,527,165,62,,0.203111414916,ct-s1.0-candidate,expected_runs,PENDING_CTS9,COMPACT_POINT_WITH_MODEL_LABEL
confirmation,BALL|DEFENSE|2|2|1|0|9|bottom|LEAD_1|AWAY|inventory=2,2,0.312631996873,0.28517058174,0.272988648406,0.35879053562,0.36822944028,0.0122990060342,0.292999091518,0.322874079373,0.314404378757,0.344612797545,True,0.272988648406,0.36822944028,0.095240791874,MODEL_SPREAD_WITHIN_0.10,True,True,L0_EXACT,L1_NO_SCORE,L1_NO_SCORE,2299,887,238,87,,0.314404378757,ct-s1.0-candidate,expected_runs,PENDING_CTS9,COMPACT_POINT_WITH_MODEL_LABEL
confirmation,BALL|DEFENSE|2|2|1|0|9|bottom|LEAD_2PLUS|AWAY|inventory=2,2,0.320382539364,0.282171199239,0.280261772276,0.350202610719,0.333699966434,0.00507772792741,0.292202345724,0.328112456005,0.319205833358,0.33651795565,True,0.280261772276,0.350202610719,0.069940838443,MODEL_SPREAD_WITHIN_0.10,True,True,L0_EXACT,L0_EXACT,L0_EXACT,1456,583,156,57,,0.319205833358,ct-s1.0-candidate,expected_runs,PENDING_CTS9,COMPACT_POINT_WITH_MODEL_LABEL
confirmation,BALL|DEFENSE|2|2|1|0|9|bottom|TIED|AWAY|inventory=2,2,0.312631996873,0.28517058174,0.272988648406,0.35879053562,0.36822944028,0.0122990060342,0.292999091518,0.322874079373,0.314404378757,0.344612797545,True,0.272988648406,0.36822944028,0.095240791874,MODEL_SPREAD_WITHIN_0.10,True,True,L0_EXACT,L1_NO_SCORE,L1_NO_SCORE,2299,887,238,87,,0.314404378757,ct-s1.0-candidate,expected_runs,PENDING_CTS9,COMPACT_POINT_WITH_MODEL_LABEL
confirmation,BALL|DEFENSE|2|2|1|0|9|top|LEAD_2PLUS|HOME|inventory=2,2,0.249112578339,0.170429069287,0.194616346945,0.249062383606,0.234775323004,0,0.218131465283,0.230573536486,0.228119881783,0.241842315725,True,0.170429069287,0.249112578339,0.0786835090526,MODEL_SPREAD_WITHIN_0.10,True,True,L0_EXACT,L0_EXACT,L0_EXACT,1422,596,134,59,,0.228119881783,ct-s1.0-candidate,expected_runs,PENDING_CTS9,COMPACT_POINT_WITH_MODEL_LABEL
confirmation,BALL|DEFENSE|2|2|1|100|8|bottom|TRAIL_2PLUS|AWAY|inventory=2,2,0.300474076388,0.227336448863,0.239791057584,0.312104097147,0.283385782853,0.0135988141906,0.28516026957,0.289072079236,0.28240691242,0.266115044095,True,0.227336448863,0.312104097147,0.0847676482832,MODEL_SPREAD_WITHIN_0.10,True,True,L0_EXACT,L0_EXACT,L0_EXACT,1449,540,184,63,,0.28240691242,ct-s1.0-candidate,expected_runs,PENDING_CTS9,COMPACT_POINT_WITH_MODEL_LABEL
confirmation,BALL|DEFENSE|2|2|1|100|9|bottom|LEAD_2PLUS|AWAY|inventory=2,2,0.21780909025,0.188439390161,0.186999005247,0.241474184793,0.228295067946,0.00300560508062,0.201496652338,0.223331091115,0.216888889269,0.230530912962,True,0.186999005247,0.241474184793,0.0544751795458,MODEL_SPREAD_WITHIN_0.10,True,True,L0_EXACT,L0_EXACT,L0_EXACT,1456,583,156,57,,0.216888889269,ct-s1.0-candidate,expected_runs,PENDING_CTS9,COMPACT_POINT_WITH_MODEL_LABEL
confirmation,BALL|DEFENSE|2|2|1|100|9|bottom|TIED|AWAY|inventory=2,2,0.211766756661,0.190707134826,0.181535706342,0.248415115051,0.256110102486,0.00730164562322,0.202116697497,0.219219758953,0.213144627605,0.236986910123,True,0.181535706342,0.256110102486,0.0745743961442,MODEL_SPREAD_WITHIN_0.10,True,True,L0_EXACT,L1_NO_SCORE,L1_NO_SCORE,2299,887,238,87,,0.213144627605,ct-s1.0-candidate,expected_runs,PENDING_CTS9,COMPACT_POINT_WITH_MODEL_LABEL
confirmation,BALL|DEFENSE|2|2|1|10|8|bottom|TRAIL_2PLUS|AWAY|inventory=2,2,0.319980418565,0.243749234963,0.256804165652,0.332007105424,0.302262121902,0.0148777200936,0.267067178205,0.308683755853,0.301245458298,0.284297370528,True,0.243749234963,0.332007105424,0.0882578704614,MODEL_SPREAD_WITHIN_0.10,True,True,L0_EXACT,L0_EXACT,L0_EXACT,1449,540,184,63,,0.301245458298,ct-s1.0-candidate,expected_runs,PENDING_CTS9,COMPACT_POINT_WITH_MODEL_LABEL
confirmation,BALL|DEFENSE|2|2|1|110|8|bottom|TRAIL_2PLUS|AWAY|inventory=2,2,0.211344361374,0.155091616548,0.164430584821,0.220612549326,0.197891015333,0.0085276256909,0.218751797874,0.20058509125,0.197126225238,0.184489293001,True,0.155091616548,0.220612549326,0.0655209327776,MODEL_SPREAD_WITHIN_0.10,True,True,L0_EXACT,L0_EXACT,L0_EXACT,1449,540,184,63,,0.197126225238,ct-s1.0-candidate,expected_runs,PENDING_CTS9,COMPACT_POINT_WITH_MODEL_LABEL
confirmation,BALL|DEFENSE|2|2|1|110|9|top|LEAD_2PLUS|HOME|inventory=1,1,0.195231677335,0.181049777526,0.154165896865,0.246015247876,0.19842355779,0.0222123834373,0.225549004644,0.197362153123,0.196906035443,0.228141943385,True,0.154165896865,0.246015247876,0.0918493510112,MODEL_SPREAD_WITHIN_0.10,True,True,L0_EXACT,L0_EXACT,L0_EXACT,1422,596,134,59,,0.196906035443,ct-s1.0-candidate,expected_runs,PENDING_CTS9,COMPACT_POINT_WITH_MODEL_LABEL
confirmation,BALL|DEFENSE|2|2|1|110|9|top|LEAD_2PLUS|HOME|inventory=2,2,0.108939863144,0.0703808023531,0.0817687843943,0.108913815696,0.101578668924,0,0.106901263145,0.0981947099211,0.0982144803945,0.105187422719,True,0.0703808023531,0.108939863144,0.0385590607906,MODEL_SPREAD_WITHIN_0.10,True,True,L0_EXACT,L0_EXACT,L0_EXACT,1422,596,134,59,,0.0982144803945,ct-s1.0-candidate,expected_runs,PENDING_CTS9,COMPACT_POINT_WITH_MODEL_LABEL
confirmation,BALL|DEFENSE|2|2|1|111|8|bottom|TRAIL_2PLUS|AWAY|inventory=2,2,0.138712630893,0.0993565032876,0.105759432624,0.145382823647,0.129125741223,0.0051424854789,0.133064026392,0.130083001142,0.128584105612,0.119686105049,True,0.0993565032876,0.145382823647,0.0460263203595,MODEL_SPREAD_WITHIN_0.10,True,True,L0_EXACT,L0_EXACT,L0_EXACT,1449,540,184,63,,0.128584105612,ct-s1.0-candidate,expected_runs,PENDING_CTS9,COMPACT_POINT_WITH_MODEL_LABEL
confirmation,BALL|DEFENSE|2|2|1|1|9|top|TRAIL_2PLUS|HOME|inventory=2,2,0.283241233388,0.238611075337,0.227526239385,0.321904422323,0.27572318158,0.00372126831186,0.248929254343,0.279903151833,0.275271315358,0.280638151383,True,0.227526239385,0.321904422323,0.094378182938,MODEL_SPREAD_WITHIN_0.10,True,True,L0_EXACT,L0_EXACT,L0_EXACT,1429,554,185,59,,0.275271315358,ct-s1.0-candidate,expected_runs,PENDING_CTS9,COMPACT_POINT_WITH_MODEL_LABEL
confirmation,BALL|DEFENSE|2|2|2|0|9|top|LEAD_2PLUS|HOME|inventory=2,2,0.271676190619,0.188903496763,0.206131486987,0.259152238229,0.267918927949,0,0.187959304551,0.250442796712,0.245226499226,0.255535226497,True,0.187959304551,0.271676190619,0.0837168860677,MODEL_SPREAD_WITHIN_0.10,True,True,L0_EXACT,L0_EXACT,L0_EXACT,1367,569,151,60,,0.245226499226,ct-s1.0-candidate,expected_runs,PENDING_CTS9,COMPACT_POINT_WITH_MODEL_LABEL
confirmation,BALL|DEFENSE|2|2|2|100|8|bottom|TRAIL_2PLUS|AWAY|inventory=2,2,0.353233346067,0.275264248874,0.263219751391,0.362483391553,0.322333589943,0.0189400423208,0.331835471873,0.329797608708,0.321193330559,0.312115856408,True,0.263219751391,0.362483391553,0.0992636401629,MODEL_SPREAD_WITHIN_0.10,True,True,L0_EXACT,L0_EXACT,L0_EXACT,1537,584,149,57,,0.321193330559,ct-s1.0-candidate,expected_runs,PENDING_CTS9,COMPACT_POINT_WITH_MODEL_LABEL
confirmation,BALL|DEFENSE|2|2|2|100|9|bottom|LEAD_2PLUS|AWAY|inventory=2,2,0.184491600887,0.129578857788,0.142084572386,0.196035185039,0.176935023439,0,0.124780721468,0.18291137918,0.176935023439,0.193315950999,True,0.124780721468,0.196035185039,0.0712544635708,MODEL_SPREAD_WITHIN_0.10,True,True,L0_EXACT,L0_EXACT,L0_EXACT,1398,569,156,53,,0.176935023439,ct-s1.0-candidate,expected_runs,PENDING_CTS9,COMPACT_POINT_WITH_MODEL_LABEL
confirmation,BALL|DEFENSE|2|2|2|100|9|top|LEAD_2PLUS|HOME|inventory=2,2,0.150947429194,0.0999117629662,0.110125657051,0.142896989571,0.148519358653,0,0.109738931744,0.137107720452,0.13408764374,0.140594636418,True,0.0999117629662,0.150947429194,0.0510356662276,MODEL_SPREAD_WITHIN_0.10,True,True,L0_EXACT,L0_EXACT,L0_EXACT,1367,569,151,60,,0.13408764374,ct-s1.0-candidate,expected_runs,PENDING_CTS9,COMPACT_POINT_WITH_MODEL_LABEL
confirmation,BALL|DEFENSE|2|2|2|101|8|bottom|TRAIL_2PLUS|AWAY|inventory=2,2,0.216005948714,0.160796403083,0.152705225017,0.222900924944,0.193518642096,0.0096452844072,0.19170627575,0.198813224187,0.192704486643,0.186261908786,True,0.152705225017,0.222900924944,0.0701956999273,MODEL_SPREAD_WITHIN_0.10,True,True,L0_EXACT,L0_EXACT,L0_EXACT,1537,584,149,57,,0.192704486643,ct-s1.0-candidate,expected_runs,PENDING_CTS9,COMPACT_POINT_WITH_MODEL_LABEL
confirmation,BALL|DEFENSE|2|2|2|101|9|top|TRAIL_2PLUS|HOME|inventory=2,2,0.187893551857,0.122982267595,0.150424141273,0.194729139697,0.178111940435,0.00149548351156,0.161870671122,0.182274394416,0.178111940435,0.145582841652,True,0.122982267595,0.194729139697,0.0717468721019,MODEL_SPREAD_WITHIN_0.10,True,True,L0_EXACT,L0_EXACT,L0_EXACT,1489,554,177,63,,0.178111940435,ct-s1.0-candidate,expected_runs,PENDING_CTS9,COMPACT_POINT_WITH_MODEL_LABEL
confirmation,BALL|DEFENSE|2|2|2|10|8|bottom|TRAIL_2PLUS|AWAY|inventory=2,2,0.322276761347,0.248515159509,0.237257930848,0.331131191254,0.29285880312,0.0165313549711,0.278476699154,0.30058983076,0.291777917507,0.283184958626,True,0.237257930848,0.331131191254,0.0938732604064,MODEL_SPREAD_WITHIN_0.10,True,True,L0_EXACT,L0_EXACT,L0_EXACT,1537,584,149,57,,0.291777917507,ct-s1.0-candidate,expected_runs,PENDING_CTS9,COMPACT_POINT_WITH_MODEL_LABEL
confirmation,BALL|DEFENSE|2|2|2|10|9|bottom|LEAD_2PLUS|AWAY|inventory=2,2,0.164560533598,0.114745437939,0.126026848563,0.175124838922,0.157662485047,0,0.0997458546753,0.163537970998,0.157662485047,0.172633373643,True,0.0997458546753,0.175124838922,0.0753789842469,MODEL_SPREAD_WITHIN_0.10,True,True,L0_EXACT,L0_EXACT,L0_EXACT,1398,569,156,53,,0.157662485047,ct-s1.0-candidate,expected_runs,PENDING_CTS9,COMPACT_POINT_WITH_MODEL_LABEL
confirmation,BALL|DEFENSE|2|2|2|10|9|top|LEAD_2PLUS|HOME|inventory=1,1,0.244342899374,0.239745989217,0.203620796455,0.301905974088,0.255269276865,0.019675184831,0.232511553548,0.252934179899,0.249884417174,0.281869422435,True,0.203620796455,0.301905974088,0.098285177633,MODEL_SPREAD_WITHIN_0.10,True,True,L0_EXACT,L0_EXACT,L0_EXACT,1367,569,151,60,,0.249884417174,ct-s1.0-candidate,expected_runs,PENDING_CTS9,COMPACT_POINT_WITH_MODEL_LABEL
confirmation,BALL|DEFENSE|2|2|2|10|9|top|LEAD_2PLUS|HOME|inventory=2,2,0.1340445678,0.0881305980969,0.0972702679125,0.126761016389,0.13184616785,0,0.0874204776112,0.121862149957,0.118808535435,0.124680826625,True,0.0874204776112,0.1340445678,0.0466240901891,MODEL_SPREAD_WITHIN_0.10,True,True,L0_EXACT,L0_EXACT,L0_EXACT,1367,569,151,60,,0.118808535435,ct-s1.0-candidate,expected_runs,PENDING_CTS9,COMPACT_POINT_WITH_MODEL_LABEL
confirmation,BALL|DEFENSE|2|2|2|10|9|top|TIED|HOME|inventory=2,2,0.235461092231,0.181346007532,0.186010503384,0.252642752278,0.244002431689,0.00198282735405,0.194287816637,0.232421243309,0.225615573144,0.202700787409,True,0.181346007532,0.252642752278,0.0712967447468,MODEL_SPREAD_WITHIN_0.10,True,True,L0_EXACT,L1_NO_SCORE,L1_NO_SCORE,4014,1542,458,169,,0.225615573144,ct-s1.0-candidate,expected_runs,PENDING_CTS9,COMPACT_POINT_WITH_MODEL_LABEL
confirmation,BALL|DEFENSE|2|2|2|10|9|top|TRAIL_2PLUS|HOME|inventory=2,2,0.2853678939,0.194862346692,0.234062723001,0.294463809341,0.272212755893,0.00257830372022,0.239132054675,0.278527783693,0.272212755893,0.227249604411,True,0.194862346692,0.294463809341,0.0996014626489,MODEL_SPREAD_WITHIN_0.10,True,True,L0_EXACT,L0_EXACT,L0_EXACT,1489,554,177,63,,0.272212755893,ct-s1.0-candidate,expected_runs,PENDING_CTS9,COMPACT_POINT_WITH_MODEL_LABEL
confirmation,BALL|DEFENSE|2|2|2|110|8|bottom|TIED|AWAY|inventory=2,2,0.266422048565,0.219486070255,0.212595437028,0.310081363876,0.265386083128,0.00793646638746,0.2776767184,0.266119839373,0.263324596636,0.264628698109,True,0.212595437028,0.310081363876,0.0974859268484,MODEL_SPREAD_WITHIN_0.10,True,True,L0_EXACT,L1_NO_SCORE,L1_NO_SCORE,4410,1612,460,157,,0.263324596636,ct-s1.0-candidate,expected_runs,PENDING_CTS9,COMPACT_POINT_WITH_MODEL_LABEL
confirmation,BALL|DEFENSE|2|2|2|110|9|bottom|LEAD_1|AWAY|inventory=1,1,0.152104123715,0.139921079905,0.11857355971,0.192393158947,0.19775900378,0.00729637448754,0.159035092593,0.156123389061,0.153281244434,0.181805886591,True,0.11857355971,0.19775900378,0.0791854440705,MODEL_SPREAD_WITHIN_0.10,True,True,L0_EXACT,L1_NO_SCORE,L1_NO_SCORE,2098,841,206,80,,0.153281244434,ct-s1.0-candidate,expected_runs,PENDING_CTS9,COMPACT_POINT_WITH_MODEL_LABEL
confirmation,BALL|DEFENSE|2|2|2|110|9|bottom|LEAD_1|AWAY|inventory=2,2,0.117321014746,0.109987941466,0.0944389091418,0.145334517837,0.131089943491,0.00954280820933,0.0970657523569,0.123964510577,0.11838153404,0.145994084592,True,0.0944389091418,0.145334517837,0.050895608695,MODEL_SPREAD_WITHIN_0.10,True,True,L0_EXACT,L1_NO_SCORE,L1_NO_SCORE,2098,841,206,80,,0.11838153404,ct-s1.0-candidate,expected_runs,PENDING_CTS9,COMPACT_POINT_WITH_MODEL_LABEL
confirmation,BALL|DEFENSE|2|2|2|110|9|top|TRAIL_1|HOME|inventory=2,2,0.15355745838,0.115424121348,0.118638732521,0.166060712743,0.159748541287,0.00116894154974,0.144847950451,0.15057720654,0.14648049055,0.130251219784,True,0.115424121348,0.166060712743,0.0506365913954,MODEL_SPREAD_WITHIN_0.10,True,True,L0_EXACT,L1_NO_SCORE,L1_NO_SCORE,4014,1542,458,169,,0.14648049055,ct-s1.0-candidate,expected_runs,PENDING_CTS9,COMPACT_POINT_WITH_MODEL_LABEL
confirmation,BALL|DEFENSE|2|2|2|110|9|top|TRAIL_2PLUS|HOME|inventory=2,2,0.190428400933,0.124775954772,0.152548448792,0.197333798779,0.180544164348,0.00152036668727,0.180842088491,0.184347251941,0.180544164348,0.147650661916,True,0.124775954772,0.197333798779,0.0725578440071,MODEL_SPREAD_WITHIN_0.10,True,True,L0_EXACT,L0_EXACT,L0_EXACT,1489,554,177,63,,0.180544164348,ct-s1.0-candidate,expected_runs,PENDING_CTS9,COMPACT_POINT_WITH_MODEL_LABEL
confirmation,BALL|DEFENSE|2|2|2|111|8|bottom|TRAIL_2PLUS|AWAY|inventory=2,2,0.149610113241,0.109011208542,0.103205368648,0.154804197053,0.132863546187,0.00618047296005,0.143309486375,0.135564421064,0.132262723832,0.127521665297,True,0.103205368648,0.154804197053,0.0515988284042,MODEL_SPREAD_WITHIN_0.10,True,True,L0_EXACT,L0_EXACT,L0_EXACT,1537,584,149,57,,0.132262723832,ct-s1.0-candidate,expected_runs,PENDING_CTS9,COMPACT_POINT_WITH_MODEL_LABEL
confirmation,BALL|DEFENSE|2|2|2|111|8|top|LEAD_2PLUS|HOME|inventory=2,2,0.197747646816,0.178663581085,0.160899459909,0.252894968449,0.205828280496,0.0206669083127,0.211412409238,0.205988081542,0.204908662729,0.209614111042,True,0.160899459909,0.252894968449,0.0919955085401,MODEL_SPREAD_WITHIN_0.10,True,True,L0_EXACT,L0_EXACT,L0_EXACT,1367,527,159,54,,0.204908662729,ct-s1.0-candidate,expected_runs,PENDING_CTS9,COMPACT_POINT_WITH_MODEL_LABEL
confirmation,BALL|DEFENSE|2|2|2|11|8|bottom|TRAIL_2PLUS|AWAY|inventory=2,2,0.200359283476,0.148391960246,0.14082022679,0.20688661124,0.179128699562,0.0087792271353,0.201504999628,0.180912426676,0.178361695188,0.172296291713,True,0.14082022679,0.20688661124,0.0660663844493,MODEL_SPREAD_WITHIN_0.10,True,True,L0_EXACT,L0_EXACT,L0_EXACT,1537,584,149,57,,0.178361695188,ct-s1.0-candidate,expected_runs,PENDING_CTS9,COMPACT_POINT_WITH_MODEL_LABEL
confirmation,BALL|DEFENSE|2|2|2|11|9|top|TRAIL_2PLUS|HOME|inventory=2,2,0.173831730808,0.113101801116,0.138687619457,0.180269305194,0.164633764144,0.00136019787789,0.170466016613,0.165555015238,0.164633764144,0.134164400712,True,0.113101801116,0.180269305194,0.0671675040772,MODEL_SPREAD_WITHIN_0.10,True,True,L0_EXACT,L0_EXACT,L0_EXACT,1489,554,177,63,,0.164633764144,ct-s1.0-candidate,expected_runs,PENDING_CTS9,COMPACT_POINT_WITH_MODEL_LABEL
confirmation,BALL|DEFENSE|2|2|2|1|9|top|TRAIL_2PLUS|HOME|inventory=2,2,0.234264372162,0.156418963321,0.189707913705,0.242283643622,0.222730807413,0.00197651824598,0.202262173574,0.227654640976,0.222730807413,0.183875932813,True,0.156418963321,0.242283643622,0.0858646803013,MODEL_SPREAD_WITHIN_0.10,True,True,L0_EXACT,L0_EXACT,L0_EXACT,1489,554,177,63,,0.222730807413,ct-s1.0-candidate,expected_runs,PENDING_CTS9,COMPACT_POINT_WITH_MODEL_LABEL
confirmation,BALL|DEFENSE|3|0|0|100|9|top|LEAD_2PLUS|HOME|inventory=2,2,0.292254347495,0.274589361305,0.241415252804,0.333711290094,0.291019928301,0.0170961064072,0.270440143541,0.300154242272,0.28950228534,0.325024537445,True,0.241415252804,0.333711290094,0.0922960372899,MODEL_SPREAD_WITHIN_0.10,True,True,L0_EXACT,L0_EXACT,L0_EXACT,1637,641,158,65,,0.28950228534,ct-s1.0-candidate,expected_runs,PENDING_CTS9,COMPACT_POINT_WITH_MODEL_LABEL
confirmation,BALL|DEFENSE|3|0|1|110|8|bottom|TRAIL_2PLUS|AWAY|inventory=2,2,0.255489351807,0.190322244082,0.201277275638,0.266040402665,0.240081355304,0.010894040073,0.211493847583,0.260814798742,0.239202137197,0.224622530223,True,0.190322244082,0.266040402665,0.0757181585832,MODEL_SPREAD_WITHIN_0.10,True,True,L0_EXACT,L0_EXACT,L0_EXACT,1449,540,184,63,,0.239202137197,ct-s1.0-candidate,expected_runs,PENDING_CTS9,COMPACT_POINT_WITH_MODEL_LABEL
confirmation,BALL|DEFENSE|3|0|1|111|8|bottom|TRAIL_2PLUS|AWAY|inventory=2,2,0.173616253799,0.125803602453,0.133657957168,0.181610931477,0.162070989638,0.00669783209911,0.153647968111,0.194458562093,0.161416774845,0.150639516315,True,0.125803602453,0.194458562093,0.0686549596402,MODEL_SPREAD_WITHIN_0.10,True,True,L0_EXACT,L0_EXACT,L0_EXACT,1449,540,184,63,,0.161416774845,ct-s1.0-candidate,expected_runs,PENDING_CTS9,COMPACT_POINT_WITH_MODEL_LABEL
confirmation,BALL|DEFENSE|3|1|0|0|9|bottom|LEAD_2PLUS|AWAY|inventory=2,2,0.324154886347,0.263431035065,0.260218152171,0.350656737668,0.319974112438,0.00867271939881,0.31202806489,0.317913401072,0.309801349806,0.333391834145,True,0.260218152171,0.350656737668,0.0904385854974,MODEL_SPREAD_WITHIN_0.10,True,True,L0_EXACT,L0_EXACT,L0_EXACT,1550,629,142,64,,0.309801349806,ct-s1.0-candidate,expected_runs,PENDING_CTS9,COMPACT_POINT_WITH_MODEL_LABEL
confirmation,BALL|DEFENSE|3|1|0|100|9|top|TRAIL_2PLUS|HOME|inventory=2,2,0.244848383284,0.211132330336,0.199833628364,0.290830820812,0.245191874286,0.0124685840943,0.235783362661,0.249218703876,0.244134303091,0.254416837522,True,0.199833628364,0.290830820812,0.0909971924478,MODEL_SPREAD_WITHIN_0.10,True,True,L0_EXACT,L0_EXACT,L0_EXACT,1388,527,165,62,,0.244134303091,ct-s1.0-candidate,expected_runs,PENDING_CTS9,COMPACT_POINT_WITH_MODEL_LABEL
confirmation,BALL|DEFENSE|3|1|1|0|9|bottom|LEAD_1|AWAY|inventory=2,2,0.336342085754,0.307730393215,0.294982434921,0.38404540672,0.393740728014,0.0136852543138,0.316715688511,0.347904567083,0.338182752375,0.36944470373,True,0.294982434921,0.393740728014,0.0987582930934,MODEL_SPREAD_WITHIN_0.10,True,True,L0_EXACT,L1_NO_SCORE,L1_NO_SCORE,2299,887,238,87,,0.338182752375,ct-s1.0-candidate,expected_runs,PENDING_CTS9,COMPACT_POINT_WITH_MODEL_LABEL
confirmation,BALL|DEFENSE|3|1|1|0|9|bottom|LEAD_2PLUS|AWAY|inventory=2,2,0.344385929531,0.304594837261,0.302597636376,0.375206710061,0.358175270126,0.0056547097452,0.315883265307,0.35333713298,0.343165578963,0.361087936052,True,0.302597636376,0.375206710061,0.0726090736842,MODEL_SPREAD_WITHIN_0.10,True,True,L0_EXACT,L0_EXACT,L0_EXACT,1456,583,156,57,,0.343165578963,ct-s1.0-candidate,expected_runs,PENDING_CTS9,COMPACT_POINT_WITH_MODEL_LABEL
confirmation,BALL|DEFENSE|3|1|1|0|9|top|LEAD_2PLUS|HOME|inventory=2,2,0.269896875515,0.186277113814,0.212138389685,0.269843997865,0.254769276493,0,0.237826502722,0.251102030307,0.247730534623,0.262231866849,True,0.186277113814,0.269896875515,0.0836197617012,MODEL_SPREAD_WITHIN_0.10,True,True,L0_EXACT,L0_EXACT,L0_EXACT,1422,596,134,59,,0.247730534623,ct-s1.0-candidate,expected_runs,PENDING_CTS9,COMPACT_POINT_WITH_MODEL_LABEL
confirmation,BALL|DEFENSE|3|1|1|100|9|bottom|LEAD_2PLUS|AWAY|inventory=2,2,0.252451524203,0.219722769448,0.21810752635,0.278540198565,0.26404229995,0.00364275265866,0.232044680829,0.260580549781,0.251432011707,0.266507335978,True,0.21810752635,0.278540198565,0.0604326722153,MODEL_SPREAD_WITHIN_0.10,True,True,L0_EXACT,L0_EXACT,L0_EXACT,1456,583,156,57,,0.251432011707,ct-s1.0-candidate,expected_runs,PENDING_CTS9,COMPACT_POINT_WITH_MODEL_LABEL
confirmation,BALL|DEFENSE|3|1|2|0|9|top|LEAD_2PLUS|HOME|inventory=2,2,0.304028643632,0.214299269058,0.233177512091,0.290608368524,0.300008253283,0,0.25280855803,0.281907085639,0.275621168278,0.28672223604,True,0.214299269058,0.304028643632,0.0897293745739,MODEL_SPREAD_WITHIN_0.10,True,True,L0_EXACT,L0_EXACT,L0_EXACT,1367,569,151,60,,0.275621168278,ct-s1.0-candidate,expected_runs,PENDING_CTS9,COMPACT_POINT_WITH_MODEL_LABEL
confirmation,BALL|DEFENSE|3|1|2|10|9|bottom|LEAD_2PLUS|AWAY|inventory=2,2,0.287280080909,0.209637701109,0.227847385671,0.302866575444,0.27694313159,0,0.243896958236,0.286093104445,0.27694313159,0.299216986055,True,0.209637701109,0.302866575444,0.0932288743355,MODEL_SPREAD_WITHIN_0.10,True,True,L0_EXACT,L0_EXACT,L0_EXACT,1398,569,156,53,,0.27694313159,ct-s1.0-candidate,expected_runs,PENDING_CTS9,COMPACT_POINT_WITH_MODEL_LABEL
confirmation,BALL|DEFENSE|3|2|0|0|9|bottom|LEAD_1|AWAY|inventory=2,2,0.186038221403,0.144473270676,0.14494400018,0.205781348785,0.198951613717,0.00681401484509,0.172561180377,0.18190707678,0.176799319441,0.19450986235,True,0.144473270676,0.205781348785,0.0613080781091,MODEL_SPREAD_WITHIN_0.10,True,True,L0_EXACT,L1_NO_SCORE,L1_NO_SCORE,2304,926,218,95,,0.176799319441,ct-s1.0-candidate,expected_runs,PENDING_CTS9,COMPACT_POINT_WITH_MODEL_LABEL
confirmation,BALL|DEFENSE|3|2|0|0|9|bottom|LEAD_2PLUS|AWAY|inventory=2,2,0.204684634248,0.161009356224,0.158776365769,0.224665919393,0.201585127953,0.00467245078793,0.187577347347,0.199906576167,0.194101906819,0.211583004591,True,0.158776365769,0.224665919393,0.0658895536238,MODEL_SPREAD_WITHIN_0.10,True,True,L0_EXACT,L0_EXACT,L0_EXACT,1550,629,142,64,,0.194101906819,ct-s1.0-candidate,expected_runs,PENDING_CTS9,COMPACT_POINT_WITH_MODEL_LABEL
confirmation,BALL|DEFENSE|3|2|0|0|9|top|LEAD_1|HOME|inventory=2,2,0.244754155164,0.222419427041,0.198005636688,0.288343881153,0.249568873036,0.0130552988934,0.240723044323,0.247632758459,0.243041892678,0.263592716184,True,0.198005636688,0.288343881153,0.0903382444649,MODEL_SPREAD_WITHIN_0.10,True,True,L0_EXACT,L1_NO_SCORE,L1_NO_SCORE,4185,1621,442,172,,0.243041892678,ct-s1.0-candidate,expected_runs,PENDING_CTS9,COMPACT_POINT_WITH_MODEL_LABEL
confirmation,BALL|DEFENSE|3|2|0|0|9|top|LEAD_2PLUS|HOME|inventory=2,2,0.239623621592,0.224132400765,0.195412058566,0.276531824134,0.238536579576,0.0131001563156,0.225954914971,0.241710991315,0.237201063057,0.268733171759,True,0.195412058566,0.276531824134,0.0811197655683,MODEL_SPREAD_WITHIN_0.10,True,True,L0_EXACT,L0_EXACT,L0_EXACT,1637,641,158,65,,0.237201063057,ct-s1.0-candidate,expected_runs,PENDING_CTS9,COMPACT_POINT_WITH_MODEL_LABEL
confirmation,BALL|DEFENSE|3|2|0|0|9|top|TIED|HOME|inventory=2,2,0.244754155164,0.222419427041,0.198005636688,0.288343881153,0.249568873036,0.0130552988934,0.240723044323,0.247632758459,0.243041892678,0.263592716184,True,0.198005636688,0.288343881153,0.0903382444649,MODEL_SPREAD_WITHIN_0.10,True,True,L0_EXACT,L1_NO_SCORE,L1_NO_SCORE,4185,1621,442,172,,0.243041892678,ct-s1.0-candidate,expected_runs,PENDING_CTS9,COMPACT_POINT_WITH_MODEL_LABEL
confirmation,BALL|DEFENSE|3|2|0|0|9|top|TRAIL_1|HOME|inventory=2,2,0.244754155164,0.222419427041,0.198005636688,0.288343881153,0.249568873036,0.0130552988934,0.240723044323,0.247632758459,0.243041892678,0.263592716184,True,0.198005636688,0.288343881153,0.0903382444649,MODEL_SPREAD_WITHIN_0.10,True,True,L0_EXACT,L1_NO_SCORE,L1_NO_SCORE,4185,1621,442,172,,0.243041892678,ct-s1.0-candidate,expected_runs,PENDING_CTS9,COMPACT_POINT_WITH_MODEL_LABEL
confirmation,BALL|DEFENSE|3|2|0|0|9|top|TRAIL_2PLUS|HOME|inventory=2,2,0.239579750777,0.20639091099,0.195283133051,0.284946095377,0.239918198814,0.0121200315067,0.239047398542,0.243054137515,0.238876175557,0.249010204672,True,0.195283133051,0.284946095377,0.0896629623253,MODEL_SPREAD_WITHIN_0.10,True,True,L0_EXACT,L0_EXACT,L0_EXACT,1388,527,165,62,,0.238876175557,ct-s1.0-candidate,expected_runs,PENDING_CTS9,COMPACT_POINT_WITH_MODEL_LABEL
confirmation,BALL|DEFENSE|3|2|0|100|8|bottom|TRAIL_2PLUS|AWAY|inventory=2,2,0.19649119416,0.176208243802,0.15316550643,0.24238887947,0.196205386018,0.00897257005737,0.186179070986,0.200986016174,0.19610337324,0.216152744799,True,0.15316550643,0.24238887947,0.0892233730402,MODEL_SPREAD_WITHIN_0.10,True,True,L0_EXACT,L0_EXACT,L0_EXACT,1519,565,166,58,,0.19610337324,ct-s1.0-candidate,expected_runs,PENDING_CTS9,COMPACT_POINT_WITH_MODEL_LABEL
confirmation,BALL|DEFENSE|3|2|0|100|9|bottom|LEAD_2PLUS|AWAY|inventory=1,1,0.177307304838,0.175677498641,0.139041008394,0.236885198461,0.185633822502,0.0314103957682,0.172976582623,0.186950557196,0.183429597346,0.221533433006,True,0.139041008394,0.236885198461,0.0978441900672,MODEL_SPREAD_WITHIN_0.10,True,True,L0_EXACT,L0_EXACT,L0_EXACT,1550,629,142,64,,0.183429597346,ct-s1.0-candidate,expected_runs,PENDING_CTS9,COMPACT_POINT_WITH_MODEL_LABEL
confirmation,BALL|DEFENSE|3|2|0|100|9|bottom|LEAD_2PLUS|AWAY|inventory=2,2,0.133626012577,0.103146658505,0.101618951632,0.147961080145,0.131424723209,0.00280542301805,0.118963308177,0.130267132087,0.126134529037,0.13854672543,True,0.101618951632,0.147961080145,0.0463421285133,MODEL_SPREAD_WITHIN_0.10,True,True,L0_EXACT,L0_EXACT,L0_EXACT,1550,629,142,64,,0.126134529037,ct-s1.0-candidate,expected_runs,PENDING_CTS9,COMPACT_POINT_WITH_MODEL_LABEL
confirmation,BALL|DEFENSE|3|2|0|100|9|top|LEAD_2PLUS|HOME|inventory=2,2,0.158858300304,0.147575043597,0.127058243062,0.186375716297,0.158061484487,0.00789227060708,0.145822441097,0.160428621702,0.157083583767,0.180485318376,True,0.127058243062,0.186375716297,0.0593174732357,MODEL_SPREAD_WITHIN_0.10,True,True,L0_EXACT,L0_EXACT,L0_EXACT,1637,641,158,65,,0.157083583767,ct-s1.0-candidate,expected_runs,PENDING_CTS9,COMPACT_POINT_WITH_MODEL_LABEL
confirmation,BALL|DEFENSE|3|2|1|0|8|bottom|TRAIL_2PLUS|AWAY|inventory=2,2,0.277061758604,0.207928957068,0.219622543569,0.288158882,0.260808524033,0.012150949992,0.256262181803,0.267209198771,0.25987935826,0.24444438771,True,0.207928957068,0.288158882,0.0802299249313,MODEL_SPREAD_WITHIN_0.10,True,True,L0_EXACT,L0_EXACT,L0_EXACT,1449,540,184,63,,0.25987935826,ct-s1.0-candidate,expected_runs,PENDING_CTS9,COMPACT_POINT_WITH_MODEL_LABEL
confirmation,BALL|DEFENSE|3|2|1|0|9|bottom|LEAD_2PLUS|AWAY|inventory=2,2,0.199005457466,0.171614968827,0.170276203338,0.221205297852,0.208827857698,0.00268253142537,0.178954505141,0.205006513052,0.198144574006,0.210925158003,True,0.170276203338,0.221205297852,0.0509290945141,MODEL_SPREAD_WITHIN_0.10,True,True,L0_EXACT,L0_EXACT,L0_EXACT,1456,583,156,57,,0.198144574006,ct-s1.0-candidate,expected_runs,PENDING_CTS9,COMPACT_POINT_WITH_MODEL_LABEL
confirmation,BALL|DEFENSE|3|2|1|0|9|bottom|TIED|AWAY|inventory=2,2,0.193355815268,0.173723583748,0.165202194904,0.227738540974,0.234993300301,0.00651980871827,0.179520778764,0.201145154806,0.194643475438,0.216986929575,True,0.165202194904,0.234993300301,0.0697911053964,MODEL_SPREAD_WITHIN_0.10,True,True,L0_EXACT,L1_NO_SCORE,L1_NO_SCORE,2299,887,238,87,,0.194643475438,ct-s1.0-candidate,expected_runs,PENDING_CTS9,COMPACT_POINT_WITH_MODEL_LABEL
confirmation,BALL|DEFENSE|3|2|1|0|9|top|LEAD_2PLUS|HOME|inventory=2,2,0.148823516467,0.0976954652167,0.112966032242,0.148789525215,0.139188307999,0,0.128383924437,0.136622174154,0.134765366437,0.143919168959,True,0.0976954652167,0.148823516467,0.0511280512499,MODEL_SPREAD_WITHIN_0.10,True,True,L0_EXACT,L0_EXACT,L0_EXACT,1422,596,134,59,,0.134765366437,ct-s1.0-candidate,expected_runs,PENDING_CTS9,COMPACT_POINT_WITH_MODEL_LABEL
confirmation,BALL|DEFENSE|3|2|1|0|9|top|TIED|HOME|inventory=2,2,0.26776177323,0.226437613569,0.212299703348,0.307517467994,0.268481682857,0.00522433775807,0.253071103532,0.266646068113,0.260611405554,0.272251449342,True,0.212299703348,0.307517467994,0.0952177646459,MODEL_SPREAD_WITHIN_0.10,True,True,L0_EXACT,L1_NO_SCORE,L1_NO_SCORE,3994,1575,461,164,,0.260611405554,ct-s1.0-candidate,expected_runs,PENDING_CTS9,COMPACT_POINT_WITH_MODEL_LABEL
confirmation,BALL|DEFENSE|3|2|1|100|9|bottom|LEAD_2PLUS|AWAY|inventory=2,2,0.132409413584,0.112893119179,0.111950534391,0.148558047309,0.13951733537,0.00164954062553,0.120884246987,0.136700880045,0.131789219897,0.141042630111,True,0.111950534391,0.148558047309,0.0366075129181,MODEL_SPREAD_WITHIN_0.10,True,True,L0_EXACT,L0_EXACT,L0_EXACT,1456,583,156,57,,0.131789219897,ct-s1.0-candidate,expected_runs,PENDING_CTS9,COMPACT_POINT_WITH_MODEL_LABEL
confirmation,BALL|DEFENSE|3|2|1|110|8|top|LEAD_2PLUS|HOME|inventory=2,2,0.157436559166,0.142533304411,0.127755557559,0.20614281026,0.163835628187,0.0135166053676,0.163129412835,0.166874610522,0.163815850662,0.174165249234,True,0.127755557559,0.20614281026,0.0783872527013,MODEL_SPREAD_WITHIN_0.10,True,True,L0_EXACT,L0_EXACT,L0_EXACT,1425,583,134,55,,0.163815850662,ct-s1.0-candidate,expected_runs,PENDING_CTS9,COMPACT_POINT_WITH_MODEL_LABEL
confirmation,BALL|DEFENSE|3|2|1|110|9|top|LEAD_2PLUS|HOME|inventory=1,1,0.109805137343,0.10104955507,0.0848145554849,0.14229666578,0.111794379083,0.0114188175061,0.114117611276,0.112671676592,0.110847767985,0.130652903801,True,0.0848145554849,0.14229666578,0.0574821102953,MODEL_SPREAD_WITHIN_0.10,True,True,L0_EXACT,L0_EXACT,L0_EXACT,1422,596,134,59,,0.110847767985,ct-s1.0-candidate,expected_runs,PENDING_CTS9,COMPACT_POINT_WITH_MODEL_LABEL
confirmation,BALL|DEFENSE|3|2|1|110|9|top|LEAD_2PLUS|HOME|inventory=2,2,0.0585256779664,0.0370683088992,0.043317318515,0.0585108929985,0.054363197433,0,0.0502814633059,0.053235745214,0.0524714120519,0.0563998439208,True,0.0370683088992,0.0585256779664,0.0214573690672,MODEL_SPREAD_WITHIN_0.10,True,True,L0_EXACT,L0_EXACT,L0_EXACT,1422,596,134,59,,0.0524714120519,ct-s1.0-candidate,expected_runs,PENDING_CTS9,COMPACT_POINT_WITH_MODEL_LABEL
confirmation,BALL|DEFENSE|3|2|1|111|6|bottom|TRAIL_2PLUS|AWAY|inventory=1,1,0.13295328853,0.189244998832,0.11143922749,0.20653652538,0.150089560905,0.0322123235868,0.14750459438,0.154761198182,0.150088805233,0.184907529284,True,0.11143922749,0.20653652538,0.0950972978892,MODEL_SPREAD_WITHIN_0.10,True,True,L0_EXACT,L0_EXACT,L0_EXACT,1585,540,131,43,,0.150088805233,ct-s1.0-candidate,expected_runs,PENDING_CTS9,COMPACT_POINT_WITH_MODEL_LABEL
confirmation,BALL|DEFENSE|3|2|1|111|6|bottom|TRAIL_2PLUS|AWAY|inventory=2,2,0.117496912104,0.16959145681,0.104994039538,0.190578822981,0.139202783801,0.0201782548712,0.132701357338,0.143135448698,0.139193607374,0.167052047002,True,0.104994039538,0.190578822981,0.0855847834431,MODEL_SPREAD_WITHIN_0.10,True,True,L0_EXACT,L0_EXACT,L0_EXACT,1585,540,131,43,,0.139193607374,ct-s1.0-candidate,expected_runs,PENDING_CTS9,COMPACT_POINT_WITH_MODEL_LABEL
confirmation,BALL|DEFENSE|3|2|1|111|7|bottom|LEAD_2PLUS|AWAY|inventory=1,1,0.131216143597,0.174859034289,0.110366463521,0.203118558834,0.146726683027,0.0386081230788,0.143314389734,0.149812810057,0.146714783286,0.168600792229,True,0.110366463521,0.203118558834,0.0927520953138,MODEL_SPREAD_WITHIN_0.10,True,True,L0_EXACT,L0_EXACT,L0_EXACT,1450,554,171,65,,0.146714783286,ct-s1.0-candidate,expected_runs,PENDING_CTS9,COMPACT_POINT_WITH_MODEL_LABEL
confirmation,BALL|DEFENSE|3|2|1|111|7|bottom|LEAD_2PLUS|AWAY|inventory=2,2,0.117783197856,0.145573398642,0.104382031547,0.18328470827,0.13524916404,0.0100312274075,0.1310162508,0.138957722204,0.135166358187,0.146761585371,True,0.104382031547,0.18328470827,0.0789026767232,MODEL_SPREAD_WITHIN_0.10,True,True,L0_EXACT,L0_EXACT,L0_EXACT,1450,554,171,65,,0.135166358187,ct-s1.0-candidate,expected_runs,PENDING_CTS9,COMPACT_POINT_WITH_MODEL_LABEL
confirmation,BALL|DEFENSE|3|2|1|1|9|top|TRAIL_1|HOME|inventory=2,2,0.167225225133,0.13848263268,0.128921079235,0.196050439184,0.167736749949,0.0028756331028,0.158835201859,0.165776777326,0.162165029302,0.170421501794,True,0.128921079235,0.196050439184,0.0671293599487,MODEL_SPREAD_WITHIN_0.10,True,True,L0_EXACT,L1_NO_SCORE,L1_NO_SCORE,3994,1575,461,164,,0.162165029302,ct-s1.0-candidate,expected_runs,PENDING_CTS9,COMPACT_POINT_WITH_MODEL_LABEL
confirmation,BALL|DEFENSE|3|2|2|0|9|bottom|LEAD_1|AWAY|inventory=2,2,0.226782417847,0.214268366201,0.187075900119,0.272853333572,0.2497628127,0.0208179783915,0.18004109566,0.239187970051,0.228576178577,0.273906146305,True,0.18004109566,0.272853333572,0.0928122379117,MODEL_SPREAD_WITHIN_0.10,True,True,L0_EXACT,L1_NO_SCORE,L1_NO_SCORE,2098,841,206,80,,0.228576178577,ct-s1.0-candidate,expected_runs,PENDING_CTS9,COMPACT_POINT_WITH_MODEL_LABEL
confirmation,BALL|DEFENSE|3|2|2|0|9|bottom|LEAD_2PLUS|AWAY|inventory=2,2,0.2038437929,0.144189424977,0.157849497653,0.216277111246,0.195684769079,0,0.137161514536,0.2027406147,0.195684769079,0.213351609846,True,0.137161514536,0.216277111246,0.0791155967093,MODEL_SPREAD_WITHIN_0.10,True,True,L0_EXACT,L0_EXACT,L0_EXACT,1398,569,156,53,,0.195684769079,ct-s1.0-candidate,expected_runs,PENDING_CTS9,COMPACT_POINT_WITH_MODEL_LABEL
confirmation,BALL|DEFENSE|3|2|2|0|9|bottom|TIED|AWAY|inventory=2,2,0.226782417847,0.214268366201,0.187075900119,0.272853333572,0.2497628127,0.0208179783915,0.18004109566,0.239187970051,0.228576178577,0.273906146305,True,0.18004109566,0.272853333572,0.0928122379117,MODEL_SPREAD_WITHIN_0.10,True,True,L0_EXACT,L1_NO_SCORE,L1_NO_SCORE,2098,841,206,80,,0.228576178577,ct-s1.0-candidate,expected_runs,PENDING_CTS9,COMPACT_POINT_WITH_MODEL_LABEL
confirmation,BALL|DEFENSE|3|2|2|0|9|top|LEAD_2PLUS|HOME|inventory=2,2,0.167503729573,0.111606149533,0.122852376872,0.158735377836,0.164861052973,0,0.120833321333,0.152900620266,0.149119499848,0.156224350047,True,0.111606149533,0.167503729573,0.0558975800407,MODEL_SPREAD_WITHIN_0.10,True,True,L0_EXACT,L0_EXACT,L0_EXACT,1367,569,151,60,,0.149119499848,ct-s1.0-candidate,expected_runs,PENDING_CTS9,COMPACT_POINT_WITH_MODEL_LABEL
confirmation,BALL|DEFENSE|3|2|2|0|9|top|TRAIL_1|HOME|inventory=2,2,0.285877881026,0.22356396548,0.229010598616,0.305269524674,0.295541118069,0.00257581867347,0.25704149287,0.28255837667,0.274681644195,0.248381853818,True,0.22356396548,0.305269524674,0.0817055591938,MODEL_SPREAD_WITHIN_0.10,True,True,L0_EXACT,L1_NO_SCORE,L1_NO_SCORE,4014,1542,458,169,,0.274681644195,ct-s1.0-candidate,expected_runs,PENDING_CTS9,COMPACT_POINT_WITH_MODEL_LABEL
confirmation,BALL|DEFENSE|3|2|2|10|9|top|LEAD_2PLUS|HOME|inventory=1,1,0.178447032087,0.174803064471,0.146576867713,0.22511074659,0.187156536709,0.0133024513395,0.184004524502,0.185371326241,0.182855715353,0.208647555044,True,0.146576867713,0.22511074659,0.0785338788771,MODEL_SPREAD_WITHIN_0.10,True,True,L0_EXACT,L0_EXACT,L0_EXACT,1367,569,151,60,,0.182855715353,ct-s1.0-candidate,expected_runs,PENDING_CTS9,COMPACT_POINT_WITH_MODEL_LABEL
confirmation,BALL|DEFENSE|3|2|2|10|9|top|LEAD_2PLUS|HOME|inventory=2,2,0.0941870133446,0.0609642197682,0.0674951069534,0.0888469895038,0.0925724176057,0,0.0665576552412,0.0853125763516,0.0830468759755,0.0873267611306,True,0.0609642197682,0.0941870133446,0.0332227935764,MODEL_SPREAD_WITHIN_0.10,True,True,L0_EXACT,L0_EXACT,L0_EXACT,1367,569,151,60,,0.0830468759755,ct-s1.0-candidate,expected_runs,PENDING_CTS9,COMPACT_POINT_WITH_MODEL_LABEL
confirmation,BALL|DEFENSE|3|2|2|10|9|top|TIED|HOME|inventory=2,2,0.1714171622,0.129527368021,0.133075670573,0.185056692526,0.178176733648,0.00133280458064,0.152173991441,0.169097487854,0.163676260015,0.145867388997,True,0.129527368021,0.185056692526,0.0555293245051,MODEL_SPREAD_WITHIN_0.10,True,True,L0_EXACT,L1_NO_SCORE,L1_NO_SCORE,4014,1542,458,169,,0.163676260015,ct-s1.0-candidate,expected_runs,PENDING_CTS9,COMPACT_POINT_WITH_MODEL_LABEL
confirmation,BALL|DEFENSE|3|2|2|10|9|top|TRAIL_2PLUS|HOME|inventory=2,2,0.211504883422,0.139841225115,0.170314411489,0.218967846975,0.200798006341,0.001733407243,0.189585023035,0.206013711067,0.200798006341,0.164957252124,True,0.139841225115,0.218967846975,0.0791266218602,MODEL_SPREAD_WITHIN_0.10,True,True,L0_EXACT,L0_EXACT,L0_EXACT,1489,554,177,63,,0.200798006341,ct-s1.0-candidate,expected_runs,PENDING_CTS9,COMPACT_POINT_WITH_MODEL_LABEL
confirmation,BALL|DEFENSE|3|2|2|110|8|bottom|LEAD_1|AWAY|inventory=2,2,0.198604817599,0.16099426074,0.155573923923,0.234706439942,0.197761464879,0.00542928351803,0.197262646942,0.199346004616,0.196085063741,0.197145280729,True,0.155573923923,0.234706439942,0.0791325160192,MODEL_SPREAD_WITHIN_0.10,True,True,L0_EXACT,L1_NO_SCORE,L1_NO_SCORE,4410,1612,460,157,,0.196085063741,ct-s1.0-candidate,expected_runs,PENDING_CTS9,COMPACT_POINT_WITH_MODEL_LABEL
confirmation,BALL|DEFENSE|3|2|2|110|8|bottom|LEAD_2PLUS|AWAY|inventory=2,2,0.227415291521,0.202998151935,0.192182648,0.286192623341,0.238311472704,0.00333655308894,0.23793399102,0.240864612069,0.238292262028,0.24822415034,True,0.192182648,0.286192623341,0.0940099753413,MODEL_SPREAD_WITHIN_0.10,True,True,L0_EXACT,L0_EXACT,L0_EXACT,1523,587,158,56,,0.238292262028,ct-s1.0-candidate,expected_runs,PENDING_CTS9,COMPACT_POINT_WITH_MODEL_LABEL
confirmation,BALL|DEFENSE|3|2|2|110|9|top|LEAD_2PLUS|HOME|inventory=1,1,0.115021892934,0.112495746471,0.0931943273051,0.148089650439,0.121092066407,0.00800262334255,0.119742745136,0.119791795357,0.118088839231,0.136268732462,True,0.0931943273051,0.148089650439,0.054895323134,MODEL_SPREAD_WITHIN_0.10,True,True,L0_EXACT,L0_EXACT,L0_EXACT,1367,569,151,60,,0.118088839231,ct-s1.0-candidate,expected_runs,PENDING_CTS9,COMPACT_POINT_WITH_MODEL_LABEL
confirmation,BALL|DEFENSE|3|2|2|110|9|top|LEAD_2PLUS|HOME|inventory=2,2,0.0585750172391,0.0373951390997,0.0415127710598,0.0551311626431,0.0575321241694,0,0.0412400556588,0.0528353544632,0.0514079032284,0.0541535459877,True,0.0373951390997,0.0585750172391,0.0211798781394,MODEL_SPREAD_WITHIN_0.10,True,True,L0_EXACT,L0_EXACT,L0_EXACT,1367,569,151,60,,0.0514079032284,ct-s1.0-candidate,expected_runs,PENDING_CTS9,COMPACT_POINT_WITH_MODEL_LABEL
confirmation,BALL|DEFENSE|3|2|2|110|9|top|TRAIL_1|HOME|inventory=1,1,0.170715679593,0.15972793208,0.135599906377,0.219708938774,0.183061378998,0.0164170919991,0.174947516714,0.177743448918,0.173692750012,0.180224799659,True,0.135599906377,0.219708938774,0.0841090323965,MODEL_SPREAD_WITHIN_0.10,True,True,L0_EXACT,L1_NO_SCORE,L1_NO_SCORE,4014,1542,458,169,,0.173692750012,ct-s1.0-candidate,expected_runs,PENDING_CTS9,COMPACT_POINT_WITH_MODEL_LABEL
confirmation,BALL|DEFENSE|3|2|2|110|9|top|TRAIL_1|HOME|inventory=2,2,0.110155618501,0.0817593028875,0.0841255007545,0.119624362744,0.114834237608,0.000797945507468,0.0976977542794,0.108508350178,0.104831172125,0.0927151659773,True,0.0817593028875,0.119624362744,0.0378650598567,MODEL_SPREAD_WITHIN_0.10,True,True,L0_EXACT,L1_NO_SCORE,L1_NO_SCORE,4014,1542,458,169,,0.104831172125,ct-s1.0-candidate,expected_runs,PENDING_CTS9,COMPACT_POINT_WITH_MODEL_LABEL
confirmation,BALL|DEFENSE|3|2|2|111|5|bottom|LEAD_2PLUS|AWAY|inventory=1,1,0.11062974621,0.191837940087,0.102039632073,0.191283961641,0.134100872067,0.0618577120196,0.128666925647,0.136094308073,0.134100506824,0.142591949867,True,0.102039632073,0.191837940087,0.0897983080142,MODEL_SPREAD_WITHIN_0.10,True,True,L0_EXACT,L0_EXACT,L0_EXACT,1224,462,112,50,,0.134100506824,ct-s1.0-candidate,expected_runs,PENDING_CTS9,COMPACT_POINT_WITH_MODEL_LABEL
confirmation,BALL|DEFENSE|3|2|2|111|5|bottom|LEAD_2PLUS|AWAY|inventory=2,2,0.105555843251,0.184641448191,0.104745741378,0.196263305734,0.137860548839,0.0228178216306,0.129094987264,0.139592775828,0.137856183586,0.154913773163,True,0.104745741378,0.196263305734,0.0915175643562,MODEL_SPREAD_WITHIN_0.10,True,True,L0_EXACT,L0_EXACT,L0_EXACT,1224,462,112,50,,0.137856183586,ct-s1.0-candidate,expected_runs,PENDING_CTS9,COMPACT_POINT_WITH_MODEL_LABEL
confirmation,BALL|DEFENSE|3|2|2|111|5|top|TRAIL_2PLUS|HOME|inventory=1,1,0.12363947893,0.189841660206,0.107075073718,0.204296071177,0.144462820045,0.0538453958726,0.14490619866,0.147927263467,0.144459028963,0.169773751444,True,0.107075073718,0.204296071177,0.0972209974594,MODEL_SPREAD_WITHIN_0.10,True,True,L0_EXACT,L0_EXACT,L0_EXACT,1216,501,156,56,,0.144459028963,ct-s1.0-candidate,expected_runs,PENDING_CTS9,COMPACT_POINT_WITH_MODEL_LABEL
confirmation,BALL|DEFENSE|3|2|2|111|5|top|TRAIL_2PLUS|HOME|inventory=2,2,0.118981548269,0.180627805251,0.109037330155,0.203739507707,0.146490037241,0.0265364721113,0.139913733021,0.14948296936,0.146457270009,0.17193681644,True,0.109037330155,0.203739507707,0.0947021775518,MODEL_SPREAD_WITHIN_0.10,True,True,L0_EXACT,L0_EXACT,L0_EXACT,1216,501,156,56,,0.146457270009,ct-s1.0-candidate,expected_runs,PENDING_CTS9,COMPACT_POINT_WITH_MODEL_LABEL
confirmation,BALL|DEFENSE|3|2|2|111|6|bottom|TRAIL_2PLUS|AWAY|inventory=1,1,0.113380172522,0.170861591907,0.100122822443,0.188822567795,0.134566337743,0.0337415840634,0.13039800448,0.137218814667,0.134564793962,0.149756997104,True,0.100122822443,0.188822567795,0.0886997453521,MODEL_SPREAD_WITHIN_0.10,True,True,L0_EXACT,L0_EXACT,L0_EXACT,1532,553,139,54,,0.134564793962,ct-s1.0-candidate,expected_runs,PENDING_CTS9,COMPACT_POINT_WITH_MODEL_LABEL
confirmation,BALL|DEFENSE|3|2|2|111|6|bottom|TRAIL_2PLUS|AWAY|inventory=2,2,0.106529030881,0.142415113603,0.0968482642055,0.177730953672,0.128994148396,0.0147166032756,0.124426042264,0.131997389196,0.128976424778,0.145587357929,True,0.0968482642055,0.177730953672,0.0808826894668,MODEL_SPREAD_WITHIN_0.10,True,True,L0_EXACT,L0_EXACT,L0_EXACT,1532,553,139,54,,0.128976424778,ct-s1.0-candidate,expected_runs,PENDING_CTS9,COMPACT_POINT_WITH_MODEL_LABEL
confirmation,BALL|DEFENSE|3|2|2|111|8|bottom|TRAIL_2PLUS|AWAY|inventory=1,1,0.11023983721,0.0958461598906,0.084375871477,0.147819426927,0.112983709961,0.0179011111471,0.11717401921,0.112885184283,0.112920175422,0.108606562179,True,0.084375871477,0.147819426927,0.0634435554501,MODEL_SPREAD_WITHIN_0.10,True,True,L0_EXACT,L0_EXACT,L0_EXACT,1537,584,149,57,,0.112920175422,ct-s1.0-candidate,expected_runs,PENDING_CTS9,COMPACT_POINT_WITH_MODEL_LABEL
confirmation,BALL|DEFENSE|3|2|2|111|8|bottom|TRAIL_2PLUS|AWAY|inventory=2,2,0.0761605993726,0.0542224246764,0.051167013874,0.0790417169441,0.0669879455154,0.00290563764511,0.0688154248048,0.0693728602839,0.066662118162,0.0640988603556,True,0.051167013874,0.0790417169441,0.0278747030701,MODEL_SPREAD_WITHIN_0.10,True,True,L0_EXACT,L0_EXACT,L0_EXACT,1537,584,149,57,,0.066662118162,ct-s1.0-candidate,expected_runs,PENDING_CTS9,COMPACT_POINT_WITH_MODEL_LABEL
confirmation,BALL|DEFENSE|3|2|2|11|8|bottom|TRAIL_2PLUS|AWAY|inventory=2,2,0.160467521066,0.117328804234,0.111135231554,0.165964981331,0.142709584137,0.00671114349081,0.147705043801,0.147308348216,0.142071531939,0.13703439505,True,0.111135231554,0.165964981331,0.0548297497769,MODEL_SPREAD_WITHIN_0.10,True,True,L0_EXACT,L0_EXACT,L0_EXACT,1537,584,149,57,,0.142071531939,ct-s1.0-candidate,expected_runs,PENDING_CTS9,COMPACT_POINT_WITH_MODEL_LABEL
confirmation,BALL|DEFENSE|3|2|2|11|8|top|LEAD_2PLUS|HOME|inventory=2,2,0.21123072358,0.191155489005,0.172410047468,0.268877948911,0.219711429615,0.0224133675928,0.21736680695,0.222264161644,0.218746868596,0.223680693603,True,0.172410047468,0.268877948911,0.0964679014428,MODEL_SPREAD_WITHIN_0.10,True,True,L0_EXACT,L0_EXACT,L0_EXACT,1367,527,159,54,,0.218746868596,ct-s1.0-candidate,expected_runs,PENDING_CTS9,COMPACT_POINT_WITH_MODEL_LABEL
confirmation,BALL|DEFENSE|3|2|2|11|9|top|TRAIL_2PLUS|HOME|inventory=1,1,0.21138911089,0.202338663591,0.172071251096,0.270200506733,0.217155028494,0.0197987620474,0.218292942946,0.220774107708,0.216082316204,0.213649872281,True,0.172071251096,0.270200506733,0.0981292556363,MODEL_SPREAD_WITHIN_0.10,True,True,L0_EXACT,L0_EXACT,L0_EXACT,1489,554,177,63,,0.216082316204,ct-s1.0-candidate,expected_runs,PENDING_CTS9,COMPACT_POINT_WITH_MODEL_LABEL
confirmation,BALL|DEFENSE|3|2|2|11|9|top|TRAIL_2PLUS|HOME|inventory=2,2,0.138308102676,0.0886569348456,0.109394939705,0.143658874524,0.130692453448,0.00103795202752,0.123669683497,0.134335695825,0.130692453448,0.105709832316,True,0.0886569348456,0.143658874524,0.0550019396786,MODEL_SPREAD_WITHIN_0.10,True,True,L0_EXACT,L0_EXACT,L0_EXACT,1489,554,177,63,,0.130692453448,ct-s1.0-candidate,expected_runs,PENDING_CTS9,COMPACT_POINT_WITH_MODEL_LABEL
confirmation,STRIKE|OFFENSE|0|0|0|0|9|top|TRAIL_2PLUS|AWAY|inventory=2,2,0.287726203973,0.205923244501,0.218106182151,0.293032671992,0.282279095301,0.0665815745007,0.199251563377,0.279253049543,0.264597901134,0.228693251444,True,0.199251563377,0.293032671992,0.093781108615,MODEL_SPREAD_WITHIN_0.10,True,True,L0_EXACT,L0_EXACT,L0_EXACT,861,574,76,59,,0.264597901134,ct-s1.0-candidate,expected_runs,PENDING_CTS9,COMPACT_POINT_WITH_MODEL_LABEL
confirmation,STRIKE|OFFENSE|0|0|1|100|9|bottom|TRAIL_2PLUS|HOME|inventory=2,2,0.143746942025,0.0439459637577,0.106326484871,0.138200865976,0.128091111396,0,0.13766626844,0.124250215497,0.119392405855,0.0802453202058,True,0.0439459637577,0.143746942025,0.099800978267,MODEL_SPREAD_WITHIN_0.10,True,True,L0_EXACT,L0_EXACT,L0_EXACT,677,469,62,47,,0.119392405855,ct-s1.0-candidate,expected_runs,PENDING_CTS9,COMPACT_POINT_WITH_MODEL_LABEL
confirmation,STRIKE|OFFENSE|0|0|1|100|9|top|TRAIL_2PLUS|AWAY|inventory=2,2,0.138049922166,0.0919194321272,0.100612066111,0.129342195498,0.135483218271,0.0133630277086,0.126546139823,0.123506352968,0.119536130605,0.105542306356,True,0.0919194321272,0.138049922166,0.0461304900387,MODEL_SPREAD_WITHIN_0.10,True,True,L0_EXACT,L0_EXACT,L0_EXACT,729,505,63,45,,0.119536130605,ct-s1.0-candidate,expected_runs,PENDING_CTS9,COMPACT_POINT_WITH_MODEL_LABEL
confirmation,STRIKE|OFFENSE|0|0|1|10|9|bottom|TRAIL_2PLUS|HOME|inventory=2,2,0.139335296683,0.0424454135941,0.102925238595,0.133932807743,0.124090316328,0,0.137665099703,0.118539031573,0.115627275402,0.0776059263408,True,0.0424454135941,0.139335296683,0.096889883089,MODEL_SPREAD_WITHIN_0.10,True,True,L0_EXACT,L0_EXACT,L0_EXACT,677,469,62,47,,0.115627275402,ct-s1.0-candidate,expected_runs,PENDING_CTS9,COMPACT_POINT_WITH_MODEL_LABEL
confirmation,STRIKE|OFFENSE|0|0|1|10|9|top|TRAIL_2PLUS|AWAY|inventory=2,2,0.133785801865,0.0889331863778,0.0973736993299,0.12530794002,0.131286303423,0.0128926602865,0.126545051638,0.117824760605,0.115767063534,0.102163277274,True,0.0889331863778,0.133785801865,0.0448526154873,MODEL_SPREAD_WITHIN_0.10,True,True,L0_EXACT,L0_EXACT,L0_EXACT,729,505,63,45,,0.115767063534,ct-s1.0-candidate,expected_runs,PENDING_CTS9,COMPACT_POINT_WITH_MODEL_LABEL
confirmation,STRIKE|OFFENSE|0|0|1|110|9|top|TRAIL_2PLUS|AWAY|inventory=2,2,0.110544077552,0.0728282908245,0.0798743173644,0.103363272624,0.108424448779,0.0104007305441,0.126545051638,0.0971314903023,0.0953111854619,0.0838831345265,True,0.0728282908245,0.126545051638,0.0537167608135,MODEL_SPREAD_WITHIN_0.10,True,True,L0_EXACT,L0_EXACT,L0_EXACT,729,505,63,45,,0.0953111854619,ct-s1.0-candidate,expected_runs,PENDING_CTS9,COMPACT_POINT_WITH_MODEL_LABEL
confirmation,STRIKE|OFFENSE|0|0|2|100|1|top|LEAD_1|AWAY|inventory=2,2,0.820900588681,0.897857083772,0.802796439679,0.89941740045,0.852180072188,0.660242817334,0.816978142819,0.853420597131,0.852180072038,0.881280324579,True,0.802796439679,0.89941740045,0.0966209607709,MODEL_SPREAD_WITHIN_0.10,True,True,L0_EXACT,L1_NO_SCORE,L1_NO_SCORE,1959,1340,189,132,,0.852180072038,ct-s1.0-candidate,expected_runs,PENDING_CTS9,COMPACT_POINT_WITH_MODEL_LABEL
confirmation,STRIKE|OFFENSE|0|0|2|100|1|top|LEAD_2PLUS|AWAY|inventory=2,2,0.820900588681,0.897857083772,0.802796439679,0.89941740045,0.852180072188,0.660242817334,0.816978142819,0.853420597131,0.852180072038,0.881280324579,True,0.802796439679,0.89941740045,0.0966209607709,MODEL_SPREAD_WITHIN_0.10,True,True,L0_EXACT,L1_NO_SCORE,L1_NO_SCORE,1959,1340,189,132,,0.852180072038,ct-s1.0-candidate,expected_runs,PENDING_CTS9,COMPACT_POINT_WITH_MODEL_LABEL
confirmation,STRIKE|OFFENSE|0|0|2|100|1|top|TIED|AWAY|inventory=2,2,0.822788956602,0.897382912148,0.802469913631,0.898974497329,0.852934260162,0.6597806051,0.817173771986,0.85438198641,0.852934259956,0.880010081542,True,0.802469913631,0.898974497329,0.0965045836976,MODEL_SPREAD_WITHIN_0.10,True,True,L0_EXACT,L0_EXACT,L0_EXACT,1449,1061,129,94,,0.852934259956,ct-s1.0-candidate,expected_runs,PENDING_CTS9,COMPACT_POINT_WITH_MODEL_LABEL
confirmation,STRIKE|OFFENSE|0|0|2|100|2|top|LEAD_1|AWAY|inventory=2,2,0.820470711975,0.898752318711,0.802433486961,0.896268107388,0.851193216154,0.639107170738,0.820133227403,0.85183177442,0.851193215734,0.871770567483,True,0.802433486961,0.898752318711,0.0963188317498,MODEL_SPREAD_WITHIN_0.10,True,True,L0_EXACT,L1_NO_SCORE,L1_NO_SCORE,1841,1300,209,140,,0.851193215734,ct-s1.0-candidate,expected_runs,PENDING_CTS9,COMPACT_POINT_WITH_MODEL_LABEL
confirmation,STRIKE|OFFENSE|0|0|2|100|2|top|LEAD_2PLUS|AWAY|inventory=2,2,0.820470711975,0.898752318711,0.802433486961,0.896268107388,0.851193216154,0.639107170738,0.820133227403,0.85183177442,0.851193215734,0.871770567483,True,0.802433486961,0.898752318711,0.0963188317498,MODEL_SPREAD_WITHIN_0.10,True,True,L0_EXACT,L1_NO_SCORE,L1_NO_SCORE,1841,1300,209,140,,0.851193215734,ct-s1.0-candidate,expected_runs,PENDING_CTS9,COMPACT_POINT_WITH_MODEL_LABEL
confirmation,STRIKE|OFFENSE|0|0|2|100|2|top|TIED|AWAY|inventory=2,2,0.817224622499,0.899305341136,0.803539845818,0.89620981227,0.850223826086,0.658023178601,0.82059392176,0.851105030765,0.850223826067,0.871809652929,True,0.803539845818,0.899305341136,0.0957654953176,MODEL_SPREAD_WITHIN_0.10,True,True,L0_EXACT,L0_EXACT,L0_EXACT,767,581,92,65,,0.850223826067,ct-s1.0-candidate,expected_runs,PENDING_CTS9,COMPACT_POINT_WITH_MODEL_LABEL
confirmation,STRIKE|OFFENSE|0|0|2|100|2|top|TRAIL_1|AWAY|inventory=2,2,0.820470711975,0.898752318711,0.802433486961,0.896268107388,0.851193216154,0.639107170738,0.820133227403,0.85183177442,0.851193215734,0.871770567483,True,0.802433486961,0.898752318711,0.0963188317498,MODEL_SPREAD_WITHIN_0.10,True,True,L0_EXACT,L1_NO_SCORE,L1_NO_SCORE,1841,1300,209,140,,0.851193215734,ct-s1.0-candidate,expected_runs,PENDING_CTS9,COMPACT_POINT_WITH_MODEL_LABEL
confirmation,STRIKE|OFFENSE|0|0|2|100|2|top|TRAIL_2PLUS|AWAY|inventory=2,2,0.820470711975,0.898752318711,0.802433486961,0.896268107388,0.851193216154,0.639107170738,0.820133227403,0.85183177442,0.851193215734,0.871770567483,True,0.802433486961,0.898752318711,0.0963188317498,MODEL_SPREAD_WITHIN_0.10,True,True,L0_EXACT,L1_NO_SCORE,L1_NO_SCORE,1841,1300,209,140,,0.851193215734,ct-s1.0-candidate,expected_runs,PENDING_CTS9,COMPACT_POINT_WITH_MODEL_LABEL
confirmation,STRIKE|OFFENSE|0|0|2|100|3|bottom|LEAD_1|HOME|inventory=2,2,0.811083777836,0.895810999472,0.79992928391,0.896100513764,0.848788714453,0.588428096808,0.8122287952,0.850069939432,0.848788705204,0.874213167994,True,0.79992928391,0.896100513764,0.0961712298538,MODEL_SPREAD_WITHIN_0.10,True,True,L0_EXACT,L1_NO_SCORE,L1_NO_SCORE,1738,1186,200,130,,0.848788705204,ct-s1.0-candidate,expected_runs,PENDING_CTS9,COMPACT_POINT_WITH_MODEL_LABEL
confirmation,STRIKE|OFFENSE|0|0|2|100|3|bottom|LEAD_2PLUS|HOME|inventory=2,2,0.811083777836,0.895810999472,0.79992928391,0.896100513764,0.848788714453,0.588428096808,0.8122287952,0.850069939432,0.848788705204,0.874213167994,True,0.79992928391,0.896100513764,0.0961712298538,MODEL_SPREAD_WITHIN_0.10,True,True,L0_EXACT,L1_NO_SCORE,L1_NO_SCORE,1738,1186,200,130,,0.848788705204,ct-s1.0-candidate,expected_runs,PENDING_CTS9,COMPACT_POINT_WITH_MODEL_LABEL
confirmation,STRIKE|OFFENSE|0|0|2|100|3|bottom|TIED|HOME|inventory=2,2,0.811083777836,0.895810999472,0.79992928391,0.896100513764,0.848788714453,0.588428096808,0.8122287952,0.850069939432,0.848788705204,0.874213167994,True,0.79992928391,0.896100513764,0.0961712298538,MODEL_SPREAD_WITHIN_0.10,True,True,L0_EXACT,L1_NO_SCORE,L1_NO_SCORE,1738,1186,200,130,,0.848788705204,ct-s1.0-candidate,expected_runs,PENDING_CTS9,COMPACT_POINT_WITH_MODEL_LABEL
confirmation,STRIKE|OFFENSE|0|0|2|100|3|bottom|TRAIL_1|HOME|inventory=2,2,0.811083777836,0.895810999472,0.79992928391,0.896100513764,0.848788714453,0.588428096808,0.8122287952,0.850069939432,0.848788705204,0.874213167994,True,0.79992928391,0.896100513764,0.0961712298538,MODEL_SPREAD_WITHIN_0.10,True,True,L0_EXACT,L1_NO_SCORE,L1_NO_SCORE,1738,1186,200,130,,0.848788705204,ct-s1.0-candidate,expected_runs,PENDING_CTS9,COMPACT_POINT_WITH_MODEL_LABEL
confirmation,STRIKE|OFFENSE|0|0|2|100|3|bottom|TRAIL_2PLUS|HOME|inventory=2,2,0.811083777836,0.895810999472,0.79992928391,0.896100513764,0.848788714453,0.588428096808,0.8122287952,0.850069939432,0.848788705204,0.874213167994,True,0.79992928391,0.896100513764,0.0961712298538,MODEL_SPREAD_WITHIN_0.10,True,True,L0_EXACT,L1_NO_SCORE,L1_NO_SCORE,1738,1186,200,130,,0.848788705204,ct-s1.0-candidate,expected_runs,PENDING_CTS9,COMPACT_POINT_WITH_MODEL_LABEL
confirmation,STRIKE|OFFENSE|0|0|2|100|3|top|LEAD_1|AWAY|inventory=2,2,0.811101693654,0.89828497846,0.799620062599,0.897311148399,0.848406769891,0.596196827025,0.813926072708,0.850298581352,0.848406680662,0.875601609958,True,0.799620062599,0.89828497846,0.0986649158611,MODEL_SPREAD_WITHIN_0.10,True,True,L0_EXACT,L1_NO_SCORE,L1_NO_SCORE,1786,1247,181,132,,0.848406680662,ct-s1.0-candidate,expected_runs,PENDING_CTS9,COMPACT_POINT_WITH_MODEL_LABEL
confirmation,STRIKE|OFFENSE|0|0|2|100|3|top|LEAD_2PLUS|AWAY|inventory=2,2,0.811101693654,0.89828497846,0.799620062599,0.897311148399,0.848406769891,0.596196827025,0.813926072708,0.850298581352,0.848406680662,0.875601609958,True,0.799620062599,0.89828497846,0.0986649158611,MODEL_SPREAD_WITHIN_0.10,True,True,L0_EXACT,L1_NO_SCORE,L1_NO_SCORE,1786,1247,181,132,,0.848406680662,ct-s1.0-candidate,expected_runs,PENDING_CTS9,COMPACT_POINT_WITH_MODEL_LABEL
confirmation,STRIKE|OFFENSE|0|0|2|100|3|top|TIED|AWAY|inventory=2,2,0.811101693654,0.89828497846,0.799620062599,0.897311148399,0.848406769891,0.596196827025,0.813926072708,0.850298581352,0.848406680662,0.875601609958,True,0.799620062599,0.89828497846,0.0986649158611,MODEL_SPREAD_WITHIN_0.10,True,True,L0_EXACT,L1_NO_SCORE,L1_NO_SCORE,1786,1247,181,132,,0.848406680662,ct-s1.0-candidate,expected_runs,PENDING_CTS9,COMPACT_POINT_WITH_MODEL_LABEL
confirmation,STRIKE|OFFENSE|0|0|2|100|3|top|TRAIL_2PLUS|AWAY|inventory=2,2,0.811101693654,0.89828497846,0.799620062599,0.897311148399,0.848406769891,0.596196827025,0.813926072708,0.850298581352,0.848406680662,0.875601609958,True,0.799620062599,0.89828497846,0.0986649158611,MODEL_SPREAD_WITHIN_0.10,True,True,L0_EXACT,L1_NO_SCORE,L1_NO_SCORE,1786,1247,181,132,,0.848406680662,ct-s1.0-candidate,expected_runs,PENDING_CTS9,COMPACT_POINT_WITH_MODEL_LABEL
confirmation,STRIKE|OFFENSE|0|0|2|100|4|bottom|LEAD_2PLUS|HOME|inventory=2,2,0.819229829454,0.895706332455,0.80552795336,0.905126721084,0.859792666629,0.561434712933,0.819071374564,0.860571454711,0.859791648921,0.88201282076,True,0.80552795336,0.905126721084,0.099598767724,MODEL_SPREAD_WITHIN_0.10,True,True,L0_EXACT,L0_EXACT,L0_EXACT,572,385,61,40,,0.859791648921,ct-s1.0-candidate,expected_runs,PENDING_CTS9,COMPACT_POINT_WITH_MODEL_LABEL
confirmation,STRIKE|OFFENSE|0|0|2|100|4|bottom|TIED|HOME|inventory=2,2,0.817248775815,0.891947240479,0.803379222433,0.899783672948,0.853488900308,0.54464086879,0.816471689836,0.854340606768,0.853463405388,0.876108786933,True,0.803379222433,0.899783672948,0.0964044505144,MODEL_SPREAD_WITHIN_0.10,True,True,L0_EXACT,L1_NO_SCORE,L1_NO_SCORE,1802,1238,178,121,,0.853463405388,ct-s1.0-candidate,expected_runs,PENDING_CTS9,COMPACT_POINT_WITH_MODEL_LABEL
confirmation,STRIKE|OFFENSE|0|0|2|100|4|bottom|TRAIL_1|HOME|inventory=2,2,0.817248775815,0.891947240479,0.803379222433,0.899783672948,0.853488900308,0.54464086879,0.816471689836,0.854340606768,0.853463405388,0.876108786933,True,0.803379222433,0.899783672948,0.0964044505144,MODEL_SPREAD_WITHIN_0.10,True,True,L0_EXACT,L1_NO_SCORE,L1_NO_SCORE,1802,1238,178,121,,0.853463405388,ct-s1.0-candidate,expected_runs,PENDING_CTS9,COMPACT_POINT_WITH_MODEL_LABEL
confirmation,STRIKE|OFFENSE|0|0|2|100|4|bottom|TRAIL_2PLUS|HOME|inventory=2,2,0.817248775815,0.891947240479,0.803379222433,0.899783672948,0.853488900308,0.54464086879,0.816471689836,0.854340606768,0.853463405388,0.876108786933,True,0.803379222433,0.899783672948,0.0964044505144,MODEL_SPREAD_WITHIN_0.10,True,True,L0_EXACT,L1_NO_SCORE,L1_NO_SCORE,1802,1238,178,121,,0.853463405388,ct-s1.0-candidate,expected_runs,PENDING_CTS9,COMPACT_POINT_WITH_MODEL_LABEL
confirmation,STRIKE|OFFENSE|0|0|2|100|4|top|LEAD_1|AWAY|inventory=2,2,0.82133095959,0.892649019118,0.805890165299,0.898529738318,0.852267016863,0.563603613729,0.819491070311,0.853591957475,0.852266340878,0.875235356545,True,0.805890165299,0.898529738318,0.0926395730186,MODEL_SPREAD_WITHIN_0.10,True,True,L0_EXACT,L1_NO_SCORE,L1_NO_SCORE,1853,1271,189,135,,0.852266340878,ct-s1.0-candidate,expected_runs,PENDING_CTS9,COMPACT_POINT_WITH_MODEL_LABEL
confirmation,STRIKE|OFFENSE|0|0|2|100|4|top|LEAD_2PLUS|AWAY|inventory=2,2,0.81836197295,0.888416278157,0.802074419592,0.898443225686,0.851856236911,0.575015962209,0.810902336906,0.854032596058,0.851855698264,0.870514817845,True,0.802074419592,0.898443225686,0.0963688060946,MODEL_SPREAD_WITHIN_0.10,True,True,L0_EXACT,L0_EXACT,L0_EXACT,527,350,62,43,,0.851855698264,ct-s1.0-candidate,expected_runs,PENDING_CTS9,COMPACT_POINT_WITH_MODEL_LABEL
confirmation,STRIKE|OFFENSE|0|0|2|100|4|top|TIED|AWAY|inventory=2,2,0.82133095959,0.892649019118,0.805890165299,0.898529738318,0.852267016863,0.563603613729,0.819491070311,0.853591957475,0.852266340878,0.875235356545,True,0.805890165299,0.898529738318,0.0926395730186,MODEL_SPREAD_WITHIN_0.10,True,True,L0_EXACT,L1_NO_SCORE,L1_NO_SCORE,1853,1271,189,135,,0.852266340878,ct-s1.0-candidate,expected_runs,PENDING_CTS9,COMPACT_POINT_WITH_MODEL_LABEL
confirmation,STRIKE|OFFENSE|0|0|2|100|4|top|TRAIL_1|AWAY|inventory=2,2,0.82133095959,0.892649019118,0.805890165299,0.898529738318,0.852267016863,0.563603613729,0.819491070311,0.853591957475,0.852266340878,0.875235356545,True,0.805890165299,0.898529738318,0.0926395730186,MODEL_SPREAD_WITHIN_0.10,True,True,L0_EXACT,L1_NO_SCORE,L1_NO_SCORE,1853,1271,189,135,,0.852266340878,ct-s1.0-candidate,expected_runs,PENDING_CTS9,COMPACT_POINT_WITH_MODEL_LABEL
confirmation,STRIKE|OFFENSE|0|0|2|100|4|top|TRAIL_2PLUS|AWAY|inventory=2,2,0.82133095959,0.892649019118,0.805890165299,0.898529738318,0.852267016863,0.563603613729,0.819491070311,0.853591957475,0.852266340878,0.875235356545,True,0.805890165299,0.898529738318,0.0926395730186,MODEL_SPREAD_WITHIN_0.10,True,True,L0_EXACT,L1_NO_SCORE,L1_NO_SCORE,1853,1271,189,135,,0.852266340878,ct-s1.0-candidate,expected_runs,PENDING_CTS9,COMPACT_POINT_WITH_MODEL_LABEL
confirmation,STRIKE|OFFENSE|0|0|2|100|5|bottom|LEAD_1|HOME|inventory=2,2,0.81801451912,0.880143863987,0.799533474231,0.895620102098,0.849707050163,0.433576705208,0.815991484279,0.850410014577,0.849687642627,0.875335180438,True,0.799533474231,0.895620102098,0.0960866278663,MODEL_SPREAD_WITHIN_0.10,True,True,L0_EXACT,L1_NO_SCORE,L1_NO_SCORE,1837,1254,196,133,,0.849687642627,ct-s1.0-candidate,expected_runs,PENDING_CTS9,COMPACT_POINT_WITH_MODEL_LABEL
confirmation,STRIKE|OFFENSE|0|0|2|100|5|bottom|LEAD_2PLUS|HOME|inventory=2,2,0.812571883099,0.882735773365,0.799469387639,0.898024974065,0.852119755231,0.465689138089,0.815141324946,0.853497366893,0.852109193409,0.879223757039,True,0.799469387639,0.898024974065,0.0985555864257,MODEL_SPREAD_WITHIN_0.10,True,True,L0_EXACT,L0_EXACT,L0_EXACT,602,411,53,39,,0.852109193409,ct-s1.0-candidate,expected_runs,PENDING_CTS9,COMPACT_POINT_WITH_MODEL_LABEL
confirmation,STRIKE|OFFENSE|0|0|2|100|5|bottom|TIED|HOME|inventory=2,2,0.81801451912,0.880143863987,0.799533474231,0.895620102098,0.849707050163,0.433576705208,0.815991484279,0.850410014577,0.849687642627,0.875335180438,True,0.799533474231,0.895620102098,0.0960866278663,MODEL_SPREAD_WITHIN_0.10,True,True,L0_EXACT,L1_NO_SCORE,L1_NO_SCORE,1837,1254,196,133,,0.849687642627,ct-s1.0-candidate,expected_runs,PENDING_CTS9,COMPACT_POINT_WITH_MODEL_LABEL
confirmation,STRIKE|OFFENSE|0|0|2|100|5|bottom|TRAIL_2PLUS|HOME|inventory=2,2,0.834081235911,0.886122640418,0.810305167601,0.900308728961,0.858183522383,0.46537455916,0.830735535455,0.858234523897,0.8581418577,0.88080771388,True,0.810305167601,0.900308728961,0.0900035613599,MODEL_SPREAD_WITHIN_0.10,True,True,L0_EXACT,L0_EXACT,L0_EXACT,491,337,51,39,,0.8581418577,ct-s1.0-candidate,expected_runs,PENDING_CTS9,COMPACT_POINT_WITH_MODEL_LABEL
confirmation,STRIKE|OFFENSE|0|0|2|100|5|top|LEAD_1|AWAY|inventory=2,2,0.814990114685,0.884709032629,0.801852126197,0.897186484615,0.851367960505,0.460389219027,0.81282979352,0.852691186023,0.851367280165,0.876840808166,True,0.801852126197,0.897186484615,0.0953343584178,MODEL_SPREAD_WITHIN_0.10,True,True,L0_EXACT,L1_NO_SCORE,L1_NO_SCORE,1798,1239,186,121,,0.851367280165,ct-s1.0-candidate,expected_runs,PENDING_CTS9,COMPACT_POINT_WITH_MODEL_LABEL
confirmation,STRIKE|OFFENSE|0|0|2|100|5|top|LEAD_2PLUS|AWAY|inventory=2,2,0.824569323593,0.888816478929,0.80835180844,0.899146234369,0.855296264731,0.499404267716,0.820562605268,0.856124908272,0.85529448731,0.874454357721,True,0.80835180844,0.899146234369,0.0907944259288,MODEL_SPREAD_WITHIN_0.10,True,True,L0_EXACT,L0_EXACT,L0_EXACT,563,391,67,43,,0.85529448731,ct-s1.0-candidate,expected_runs,PENDING_CTS9,COMPACT_POINT_WITH_MODEL_LABEL
confirmation,STRIKE|OFFENSE|0|0|2|100|5|top|TRAIL_1|AWAY|inventory=2,2,0.814990114685,0.884709032629,0.801852126197,0.897186484615,0.851367960505,0.460389219027,0.81282979352,0.852691186023,0.851367280165,0.876840808166,True,0.801852126197,0.897186484615,0.0953343584178,MODEL_SPREAD_WITHIN_0.10,True,True,L0_EXACT,L1_NO_SCORE,L1_NO_SCORE,1798,1239,186,121,,0.851367280165,ct-s1.0-candidate,expected_runs,PENDING_CTS9,COMPACT_POINT_WITH_MODEL_LABEL
confirmation,STRIKE|OFFENSE|0|0|2|100|5|top|TRAIL_2PLUS|AWAY|inventory=2,2,0.814990114685,0.884709032629,0.801852126197,0.897186484615,0.851367960505,0.460389219027,0.81282979352,0.852691186023,0.851367280165,0.876840808166,True,0.801852126197,0.897186484615,0.0953343584178,MODEL_SPREAD_WITHIN_0.10,True,True,L0_EXACT,L1_NO_SCORE,L1_NO_SCORE,1798,1239,186,121,,0.851367280165,ct-s1.0-candidate,expected_runs,PENDING_CTS9,COMPACT_POINT_WITH_MODEL_LABEL
confirmation,STRIKE|OFFENSE|0|0|2|100|6|bottom|LEAD_1|HOME|inventory=2,2,0.81262246441,0.864958759767,0.79237878728,0.891001592419,0.844079511183,0.343132227749,0.809480680033,0.844816251186,0.844052848029,0.872731111125,True,0.79237878728,0.891001592419,0.0986228051388,MODEL_SPREAD_WITHIN_0.10,True,True,L0_EXACT,L1_NO_SCORE,L1_NO_SCORE,1805,1222,203,131,,0.844052848029,ct-s1.0-candidate,expected_runs,PENDING_CTS9,COMPACT_POINT_WITH_MODEL_LABEL
confirmation,STRIKE|OFFENSE|0|0|2|100|6|bottom|LEAD_2PLUS|HOME|inventory=2,2,0.801146557532,0.860696104295,0.789914969926,0.888506410653,0.841287494825,0.363924797691,0.801066305121,0.842626013375,0.841268401894,0.869742451288,True,0.789914969926,0.888506410653,0.0985914407274,MODEL_SPREAD_WITHIN_0.10,True,True,L0_EXACT,L0_EXACT,L0_EXACT,678,451,65,42,,0.841268401894,ct-s1.0-candidate,expected_runs,PENDING_CTS9,COMPACT_POINT_WITH_MODEL_LABEL
confirmation,STRIKE|OFFENSE|0|0|2|100|6|bottom|TIED|HOME|inventory=2,2,0.81262246441,0.864958759767,0.79237878728,0.891001592419,0.844079511183,0.343132227749,0.809480680033,0.844816251186,0.844052848029,0.872731111125,True,0.79237878728,0.891001592419,0.0986228051388,MODEL_SPREAD_WITHIN_0.10,True,True,L1_NO_SCORE,L1_NO_SCORE,L1_NO_SCORE,1805,1222,203,131,,0.844052848029,ct-s1.0-candidate,expected_runs,PENDING_CTS9,COMPACT_POINT_WITH_MODEL_LABEL
confirmation,STRIKE|OFFENSE|0|0|2|100|6|bottom|TRAIL_1|HOME|inventory=2,2,0.81262246441,0.864958759767,0.79237878728,0.891001592419,0.844079511183,0.343132227749,0.809480680033,0.844816251186,0.844052848029,0.872731111125,True,0.79237878728,0.891001592419,0.0986228051388,MODEL_SPREAD_WITHIN_0.10,True,True,L1_NO_SCORE,L1_NO_SCORE,L1_NO_SCORE,1805,1222,203,131,,0.844052848029,ct-s1.0-candidate,expected_runs,PENDING_CTS9,COMPACT_POINT_WITH_MODEL_LABEL
confirmation,STRIKE|OFFENSE|0|0|2|100|6|top|LEAD_1|AWAY|inventory=2,2,0.814208375826,0.876261348306,0.801225140769,0.895401425076,0.850223616255,0.410288901435,0.814802834752,0.852686462639,0.85021563163,0.87424727124,True,0.801225140769,0.895401425076,0.0941762843068,MODEL_SPREAD_WITHIN_0.10,True,True,L0_EXACT,L1_NO_SCORE,L1_NO_SCORE,1849,1232,165,116,,0.85021563163,ct-s1.0-candidate,expected_runs,PENDING_CTS9,COMPACT_POINT_WITH_MODEL_LABEL
confirmation,STRIKE|OFFENSE|0|0|2|100|6|top|LEAD_2PLUS|AWAY|inventory=2,2,0.816803423634,0.884752095247,0.807596031444,0.899130616773,0.853865100296,0.491291779559,0.816727673071,0.856710253593,0.853859444526,0.867939652354,True,0.807596031444,0.899130616773,0.0915345853287,MODEL_SPREAD_WITHIN_0.10,True,True,L0_EXACT,L0_EXACT,L0_EXACT,660,428,50,36,,0.853859444526,ct-s1.0-candidate,expected_runs,PENDING_CTS9,COMPACT_POINT_WITH_MODEL_LABEL
confirmation,STRIKE|OFFENSE|0|0|2|100|6|top|TIED|AWAY|inventory=2,2,0.814208375826,0.876261348306,0.801225140769,0.895401425076,0.850223616255,0.410288901435,0.814802834752,0.852686462639,0.85021563163,0.87424727124,True,0.801225140769,0.895401425076,0.0941762843068,MODEL_SPREAD_WITHIN_0.10,True,True,L0_EXACT,L1_NO_SCORE,L1_NO_SCORE,1849,1232,165,116,,0.85021563163,ct-s1.0-candidate,expected_runs,PENDING_CTS9,COMPACT_POINT_WITH_MODEL_LABEL
confirmation,STRIKE|OFFENSE|0|0|2|100|6|top|TRAIL_2PLUS|AWAY|inventory=2,2,0.814208375826,0.876261348306,0.801225140769,0.895401425076,0.850223616255,0.410288901435,0.814802834752,0.852686462639,0.85021563163,0.87424727124,True,0.801225140769,0.895401425076,0.0941762843068,MODEL_SPREAD_WITHIN_0.10,True,True,L0_EXACT,L1_NO_SCORE,L1_NO_SCORE,1849,1232,165,116,,0.85021563163,ct-s1.0-candidate,expected_runs,PENDING_CTS9,COMPACT_POINT_WITH_MODEL_LABEL
confirmation,STRIKE|OFFENSE|0|0|2|100|7|bottom|LEAD_1|HOME|inventory=2,2,0.809194183347,0.826277606355,0.784716204231,0.877636512681,0.835451965099,0.208666481407,0.801805020528,0.836510644572,0.835040341006,0.858109021612,True,0.784716204231,0.877636512681,0.0929203084505,MODEL_SPREAD_WITHIN_0.10,True,True,L1_NO_SCORE,L1_NO_SCORE,L1_NO_SCORE,1848,1229,180,131,,0.835040341006,ct-s1.0-candidate,expected_runs,PENDING_CTS9,COMPACT_POINT_WITH_MODEL_LABEL
confirmation,STRIKE|OFFENSE|0|0|2|100|7|bottom|LEAD_2PLUS|HOME|inventory=1,1,0.801676345417,0.852053650378,0.779516607191,0.878002088597,0.825274723291,0.432643995118,0.798084914781,0.827460042509,0.825269670566,0.862181487254,True,0.779516607191,0.878002088597,0.0984854814052,MODEL_SPREAD_WITHIN_0.10,True,True,L0_EXACT,L0_EXACT,L0_EXACT,696,457,56,41,,0.825269670566,ct-s1.0-candidate,expected_runs,PENDING_CTS9,COMPACT_POINT_WITH_MODEL_LABEL
confirmation,STRIKE|OFFENSE|0|0|2|100|7|bottom|LEAD_2PLUS|HOME|inventory=2,2,0.817483625279,0.813172347929,0.782996249499,0.874720907434,0.832877521992,0.273531840369,0.808160728758,0.834017458523,0.832829369634,0.856744164725,True,0.782996249499,0.874720907434,0.0917246579346,MODEL_SPREAD_WITHIN_0.10,True,True,L0_EXACT,L0_EXACT,L0_EXACT,696,457,56,41,,0.832829369634,ct-s1.0-candidate,expected_runs,PENDING_CTS9,COMPACT_POINT_WITH_MODEL_LABEL
confirmation,STRIKE|OFFENSE|0|0|2|100|7|bottom|TIED|HOME|inventory=2,2,0.809194183347,0.826277606355,0.784716204231,0.877636512681,0.835451965099,0.208666481407,0.801805020528,0.836510644572,0.835040341006,0.858109021612,True,0.784716204231,0.877636512681,0.0929203084505,MODEL_SPREAD_WITHIN_0.10,True,True,L1_NO_SCORE,L1_NO_SCORE,L1_NO_SCORE,1848,1229,180,131,,0.835040341006,ct-s1.0-candidate,expected_runs,PENDING_CTS9,COMPACT_POINT_WITH_MODEL_LABEL
confirmation,STRIKE|OFFENSE|0|0|2|100|7|bottom|TRAIL_1|HOME|inventory=2,2,0.809194183347,0.826277606355,0.784716204231,0.877636512681,0.835451965099,0.208666481407,0.801805020528,0.836510644572,0.835040341006,0.858109021612,True,0.784716204231,0.877636512681,0.0929203084505,MODEL_SPREAD_WITHIN_0.10,True,True,L0_EXACT,L1_NO_SCORE,L1_NO_SCORE,1848,1229,180,131,,0.835040341006,ct-s1.0-candidate,expected_runs,PENDING_CTS9,COMPACT_POINT_WITH_MODEL_LABEL
confirmation,STRIKE|OFFENSE|0|0|2|100|7|bottom|TRAIL_2PLUS|HOME|inventory=2,2,0.805623411023,0.832853929206,0.78145937525,0.878360907178,0.834175253448,0.177514930721,0.798838609947,0.835918821355,0.833806694548,0.855817689108,True,0.78145937525,0.878360907178,0.0969015319274,MODEL_SPREAD_WITHIN_0.10,True,True,L0_EXACT,L0_EXACT,L0_EXACT,580,398,62,44,,0.833806694548,ct-s1.0-candidate,expected_runs,PENDING_CTS9,COMPACT_POINT_WITH_MODEL_LABEL
confirmation,STRIKE|OFFENSE|0|0|2|100|7|top|LEAD_1|AWAY|inventory=2,2,0.823534028411,0.855212417933,0.801617553591,0.891652714668,0.849518873667,0.295719826853,0.818957397412,0.850744392724,0.849356993948,0.867405507659,True,0.801617553591,0.891652714668,0.0900351610774,MODEL_SPREAD_WITHIN_0.10,True,True,L1_NO_SCORE,L1_NO_SCORE,L1_NO_SCORE,1970,1309,223,141,,0.849356993948,ct-s1.0-candidate,expected_runs,PENDING_CTS9,COMPACT_POINT_WITH_MODEL_LABEL
confirmation,STRIKE|OFFENSE|0|0|2|100|7|top|LEAD_2PLUS|AWAY|inventory=2,2,0.831459296507,0.866035844054,0.805922179265,0.897061732411,0.854581569376,0.325684431643,0.823816982505,0.856415044896,0.854581247855,0.875170556289,True,0.805922179265,0.897061732411,0.091139553146,MODEL_SPREAD_WITHIN_0.10,True,True,L0_EXACT,L0_EXACT,L0_EXACT,700,472,87,54,,0.854581247855,ct-s1.0-candidate,expected_runs,PENDING_CTS9,COMPACT_POINT_WITH_MODEL_LABEL
confirmation,STRIKE|OFFENSE|0|0|2|100|7|top|TIED|AWAY|inventory=2,2,0.823534028411,0.855212417933,0.801617553591,0.891652714668,0.849518873667,0.295719826853,0.818957397412,0.850744392724,0.849356993948,0.867405507659,True,0.801617553591,0.891652714668,0.0900351610774,MODEL_SPREAD_WITHIN_0.10,True,True,L0_EXACT,L1_NO_SCORE,L1_NO_SCORE,1970,1309,223,141,,0.849356993948,ct-s1.0-candidate,expected_runs,PENDING_CTS9,COMPACT_POINT_WITH_MODEL_LABEL
confirmation,STRIKE|OFFENSE|0|0|2|100|7|top|TRAIL_1|AWAY|inventory=2,2,0.823534028411,0.855212417933,0.801617553591,0.891652714668,0.849518873667,0.295719826853,0.818957397412,0.850744392724,0.849356993948,0.867405507659,True,0.801617553591,0.891652714668,0.0900351610774,MODEL_SPREAD_WITHIN_0.10,True,True,L0_EXACT,L1_NO_SCORE,L1_NO_SCORE,1970,1309,223,141,,0.849356993948,ct-s1.0-candidate,expected_runs,PENDING_CTS9,COMPACT_POINT_WITH_MODEL_LABEL
confirmation,STRIKE|OFFENSE|0|0|2|100|7|top|TRAIL_2PLUS|AWAY|inventory=2,2,0.822908774015,0.847050233144,0.804309999705,0.889129985206,0.847979370627,0.224529872568,0.820567465107,0.84920534278,0.847953978355,0.864164174382,True,0.804309999705,0.889129985206,0.084819985501,MODEL_SPREAD_WITHIN_0.10,True,True,L0_EXACT,L0_EXACT,L0_EXACT,631,422,70,44,,0.847953978355,ct-s1.0-candidate,expected_runs,PENDING_CTS9,COMPACT_POINT_WITH_MODEL_LABEL
confirmation,STRIKE|OFFENSE|0|0|2|100|8|top|LEAD_1|AWAY|inventory=2,2,0.809973902913,0.79575140969,0.772449941105,0.867685242297,0.827560497278,0.19123066569,0.797298157053,0.827919074488,0.826863008362,0.842588533864,True,0.772449941105,0.867685242297,0.0952353011919,MODEL_SPREAD_WITHIN_0.10,True,True,L1_NO_SCORE,L1_NO_SCORE,L1_NO_SCORE,1923,1274,208,127,,0.826863008362,ct-s1.0-candidate,expected_runs,PENDING_CTS9,COMPACT_POINT_WITH_MODEL_LABEL
confirmation,STRIKE|OFFENSE|0|0|2|100|8|top|LEAD_2PLUS|AWAY|inventory=2,2,0.797736695684,0.789341836438,0.767373811004,0.86561317175,0.822743723299,0.194018186017,0.786984323315,0.824631986195,0.822659567259,0.831274658819,True,0.767373811004,0.86561317175,0.0982393607462,MODEL_SPREAD_WITHIN_0.10,True,True,L0_EXACT,L0_EXACT,L0_EXACT,735,483,73,43,,0.822659567259,ct-s1.0-candidate,expected_runs,PENDING_CTS9,COMPACT_POINT_WITH_MODEL_LABEL
confirmation,STRIKE|OFFENSE|0|0|2|100|8|top|TIED|AWAY|inventory=2,2,0.809973902913,0.79575140969,0.772449941105,0.867685242297,0.827560497278,0.19123066569,0.797298157053,0.827919074488,0.826863008362,0.842588533864,True,0.772449941105,0.867685242297,0.0952353011919,MODEL_SPREAD_WITHIN_0.10,True,True,L0_EXACT,L1_NO_SCORE,L1_NO_SCORE,1923,1274,208,127,,0.826863008362,ct-s1.0-candidate,expected_runs,PENDING_CTS9,COMPACT_POINT_WITH_MODEL_LABEL
confirmation,STRIKE|OFFENSE|0|0|2|100|8|top|TRAIL_2PLUS|AWAY|inventory=2,2,0.819764483044,0.802927792805,0.773082446287,0.86626290593,0.825335793156,0.264530389622,0.801198697703,0.825950877511,0.824672524915,0.84483283246,True,0.773082446287,0.86626290593,0.0931804596434,MODEL_SPREAD_WITHIN_0.10,True,True,L0_EXACT,L0_EXACT,L0_EXACT,650,431,64,43,,0.824672524915,ct-s1.0-candidate,expected_runs,PENDING_CTS9,COMPACT_POINT_WITH_MODEL_LABEL
confirmation,STRIKE|OFFENSE|0|0|2|100|9|bottom|TIED|HOME|inventory=2,2,0.425071393966,0.409554705963,0.391663650284,0.484984680016,0.469567124594,0.0213398514897,0.397399797418,0.440227068073,0.431337226414,0.413324899039,True,0.391663650284,0.484984680016,0.0933210297317,MODEL_SPREAD_WITHIN_0.10,True,True,L1_NO_SCORE,L1_NO_SCORE,L1_NO_SCORE,942,637,79,60,,0.431337226414,ct-s1.0-candidate,expected_runs,PENDING_CTS9,COMPACT_POINT_WITH_MODEL_LABEL
confirmation,STRIKE|OFFENSE|0|0|2|100|9|bottom|TRAIL_1|HOME|inventory=2,2,0.425071393966,0.409554705963,0.391663650284,0.484984680016,0.469567124594,0.0213398514897,0.397399797418,0.440227068073,0.431337226414,0.413324899039,True,0.391663650284,0.484984680016,0.0933210297317,MODEL_SPREAD_WITHIN_0.10,True,True,L1_NO_SCORE,L1_NO_SCORE,L1_NO_SCORE,942,637,79,60,,0.431337226414,ct-s1.0-candidate,expected_runs,PENDING_CTS9,COMPACT_POINT_WITH_MODEL_LABEL
confirmation,STRIKE|OFFENSE|0|0|2|100|9|bottom|TRAIL_2PLUS|HOME|inventory=2,2,0.22974905105,0.164658321542,0.216175794709,0.217320604005,0.225434508545,0,0.182584998472,0.240880175347,0.225434508545,0.194943083248,True,0.164658321542,0.240880175347,0.0762218538043,MODEL_SPREAD_WITHIN_0.10,True,True,L0_EXACT,L0_EXACT,L0_EXACT,630,429,59,41,,0.225434508545,ct-s1.0-candidate,expected_runs,PENDING_CTS9,COMPACT_POINT_WITH_MODEL_LABEL
confirmation,STRIKE|OFFENSE|0|0|2|100|9|top|LEAD_2PLUS|AWAY|inventory=2,2,0.776686243876,0.721163039962,0.720660170285,0.813935099904,0.779727342726,0.0381899132472,0.741228824707,0.780581616282,0.777905399917,0.802425891822,True,0.720660170285,0.813935099904,0.093274929619,MODEL_SPREAD_WITHIN_0.10,True,True,L0_EXACT,L0_EXACT,L0_EXACT,613,411,67,48,,0.777905399917,ct-s1.0-candidate,expected_runs,PENDING_CTS9,COMPACT_POINT_WITH_MODEL_LABEL
confirmation,STRIKE|OFFENSE|0|0|2|100|9|top|TRAIL_2PLUS|AWAY|inventory=2,2,0.156932519657,0.057425183141,0.111638880317,0.13027230295,0.149079477569,0,0.0639199934734,0.122691984101,0.123064544076,0.0993325625206,True,0.057425183141,0.156932519657,0.0995073365163,MODEL_SPREAD_WITHIN_0.10,True,True,L0_EXACT,L0_EXACT,L0_EXACT,627,436,63,45,,0.123064544076,ct-s1.0-candidate,expected_runs,PENDING_CTS9,COMPACT_POINT_WITH_MODEL_LABEL
confirmation,STRIKE|OFFENSE|0|0|2|101|9|bottom|TRAIL_2PLUS|HOME|inventory=2,2,0.151158639429,0.105289925463,0.141376191269,0.142196743348,0.148036322852,0,0.182584998472,0.150962079466,0.148036322852,0.126306399894,True,0.105289925463,0.182584998472,0.0772950730089,MODEL_SPREAD_WITHIN_0.10,True,True,L0_EXACT,L0_EXACT,L0_EXACT,630,429,59,41,,0.148036322852,ct-s1.0-candidate,expected_runs,PENDING_CTS9,COMPACT_POINT_WITH_MODEL_LABEL
confirmation,STRIKE|OFFENSE|0|0|2|10|9|bottom|TRAIL_2PLUS|HOME|inventory=2,2,0.146682355254,0.102008724085,0.137142792707,0.137942721435,0.143636854406,0,0.182584998472,0.153140894092,0.143636854406,0.122459895085,True,0.102008724085,0.182584998472,0.0805762743864,MODEL_SPREAD_WITHIN_0.10,True,True,L0_EXACT,L0_EXACT,L0_EXACT,630,429,59,41,,0.143636854406,ct-s1.0-candidate,expected_runs,PENDING_CTS9,COMPACT_POINT_WITH_MODEL_LABEL
confirmation,STRIKE|OFFENSE|0|0|2|10|9|top|TRAIL_2PLUS|AWAY|inventory=2,2,0.096881532045,0.0339192053874,0.0675314082432,0.0794614414484,0.0917066181618,0,0.0639199934734,0.0738160236299,0.0748231103796,0.059760126339,True,0.0339192053874,0.096881532045,0.0629623266576,MODEL_SPREAD_WITHIN_0.10,True,True,L0_EXACT,L0_EXACT,L0_EXACT,627,436,63,45,,0.0748231103796,ct-s1.0-candidate,expected_runs,PENDING_CTS9,COMPACT_POINT_WITH_MODEL_LABEL
confirmation,STRIKE|OFFENSE|0|0|2|110|9|top|TRAIL_2PLUS|AWAY|inventory=2,2,0.0774004502852,0.0267240447104,0.0536018116495,0.0632379410325,0.0731817951699,0,0.0639190177181,0.0586647236678,0.0594854143809,0.0473520986257,True,0.0267240447104,0.0774004502852,0.0506764055748,MODEL_SPREAD_WITHIN_0.10,True,True,L0_EXACT,L0_EXACT,L0_EXACT,627,436,63,45,,0.0594854143809,ct-s1.0-candidate,expected_runs,PENDING_CTS9,COMPACT_POINT_WITH_MODEL_LABEL
confirmation,STRIKE|OFFENSE|0|0|2|1|7|top|TRAIL_2PLUS|AWAY|inventory=2,2,0.789666849133,0.817334010528,0.768558774328,0.866298873034,0.818404967012,0.189582907562,0.820567465107,0.813922157928,0.818375692919,0.837133657947,True,0.768558774328,0.866298873034,0.0977400987059,MODEL_SPREAD_WITHIN_0.10,True,True,L0_EXACT,L0_EXACT,L0_EXACT,631,422,70,44,,0.818375692919,ct-s1.0-candidate,expected_runs,PENDING_CTS9,COMPACT_POINT_WITH_MODEL_LABEL
confirmation,STRIKE|OFFENSE|0|0|2|1|9|bottom|TRAIL_2PLUS|HOME|inventory=2,2,0.194193172665,0.137379201798,0.182223556958,0.183230595662,0.190381308956,0,0.182584998472,0.197730058012,0.190381308956,0.163629461593,True,0.137379201798,0.197730058012,0.0603508562138,MODEL_SPREAD_WITHIN_0.10,True,True,L0_EXACT,L0_EXACT,L0_EXACT,630,429,59,41,,0.190381308956,ct-s1.0-candidate,expected_runs,PENDING_CTS9,COMPACT_POINT_WITH_MODEL_LABEL
confirmation,STRIKE|OFFENSE|0|0|2|1|9|top|TRAIL_2PLUS|AWAY|inventory=2,2,0.130733027705,0.0469137645894,0.0921743162948,0.107953740909,0.12399820301,0,0.0639199934734,0.0979808692396,0.101836244102,0.0818160320931,True,0.0469137645894,0.130733027705,0.0838192631156,MODEL_SPREAD_WITHIN_0.10,True,True,L0_EXACT,L0_EXACT,L0_EXACT,627,436,63,45,,0.101836244102,ct-s1.0-candidate,expected_runs,PENDING_CTS9,COMPACT_POINT_WITH_MODEL_LABEL
confirmation,STRIKE|OFFENSE|0|1|0|100|9|top|TRAIL_2PLUS|AWAY|inventory=2,2,0.213640625752,0.148509145984,0.157971061974,0.217998934348,0.209184163556,0.0457780629714,0.203550911763,0.204107145128,0.1948385278,0.166259809731,True,0.148509145984,0.217998934348,0.069489788364,MODEL_SPREAD_WITHIN_0.10,True,True,L0_EXACT,L0_EXACT,L0_EXACT,861,574,76,59,,0.1948385278,ct-s1.0-candidate,expected_runs,PENDING_CTS9,COMPACT_POINT_WITH_MODEL_LABEL
confirmation,STRIKE|OFFENSE|0|1|1|100|9|top|TRAIL_2PLUS|AWAY|inventory=2,2,0.207372888458,0.141890876288,0.154505155467,0.195283170034,0.203822071491,0.0216457491108,0.124607750381,0.185854775847,0.181520083545,0.161601775231,True,0.124607750381,0.207372888458,0.0827651380769,MODEL_SPREAD_WITHIN_0.10,True,True,L0_EXACT,L0_EXACT,L0_EXACT,729,505,63,45,,0.181520083545,ct-s1.0-candidate,expected_runs,PENDING_CTS9,COMPACT_POINT_WITH_MODEL_LABEL
confirmation,STRIKE|OFFENSE|0|1|2|100|9|bottom|TIED|HOME|inventory=2,2,0.279648749329,0.266975473998,0.252647757233,0.330860613815,0.317323785916,0.0113197272574,0.345019166829,0.291233108809,0.284832957983,0.270033409801,True,0.252647757233,0.345019166829,0.0923714095968,MODEL_SPREAD_WITHIN_0.10,True,True,L1_NO_SCORE,L1_NO_SCORE,L1_NO_SCORE,942,637,79,60,,0.284832957983,ct-s1.0-candidate,expected_runs,PENDING_CTS9,COMPACT_POINT_WITH_MODEL_LABEL
confirmation,STRIKE|OFFENSE|0|1|2|100|9|top|TRAIL_2PLUS|AWAY|inventory=2,2,0.0890372679923,0.0309978728461,0.0619006714392,0.072913765645,0.0842422703486,0,0.0517220429619,0.0680939751048,0.0686291417819,0.0547393173732,True,0.0309978728461,0.0890372679923,0.0580393951462,MODEL_SPREAD_WITHIN_0.10,True,True,L0_EXACT,L0_EXACT,L0_EXACT,627,436,63,45,,0.0686291417819,ct-s1.0-candidate,expected_runs,PENDING_CTS9,COMPACT_POINT_WITH_MODEL_LABEL
confirmation,STRIKE|OFFENSE|0|1|2|10|9|top|TRAIL_2PLUS|AWAY|inventory=2,2,0.1195068827,0.0425330654051,0.0839395090029,0.0984621055523,0.113275020518,0,0.0517220429619,0.0905133587644,0.0928265076422,0.0744307567676,True,0.0425330654051,0.1195068827,0.0769738172951,MODEL_SPREAD_WITHIN_0.10,True,True,L0_EXACT,L0_EXACT,L0_EXACT,627,436,63,45,,0.0928265076422,ct-s1.0-candidate,expected_runs,PENDING_CTS9,COMPACT_POINT_WITH_MODEL_LABEL
confirmation,STRIKE|OFFENSE|0|2|0|100|9|bottom|TRAIL_1|HOME|inventory=2,2,0.166887699694,0.0968605420656,0.107256595025,0.153742732694,0.158392895553,0.0205222757014,0.149410672669,0.141505566921,0.133072364188,0.0969518389373,True,0.0968605420656,0.166887699694,0.0700271576285,MODEL_SPREAD_WITHIN_0.10,True,True,L1_NO_SCORE,L1_NO_SCORE,L1_NO_SCORE,1138,779,92,63,,0.133072364188,ct-s1.0-candidate,expected_runs,PENDING_CTS9,COMPACT_POINT_WITH_MODEL_LABEL
confirmation,STRIKE|OFFENSE|0|2|1|0|9|top|TRAIL_2PLUS|AWAY|inventory=2,2,0.149672168286,0.100109070309,0.109482806804,0.14035071817,0.146926210704,0.014666661335,0.162199635554,0.135282996355,0.129834502262,0.114792254407,True,0.100109070309,0.162199635554,0.0620905652449,MODEL_SPREAD_WITHIN_0.10,True,True,L0_EXACT,L0_EXACT,L0_EXACT,729,505,63,45,,0.129834502262,ct-s1.0-candidate,expected_runs,PENDING_CTS9,COMPACT_POINT_WITH_MODEL_LABEL
confirmation,STRIKE|OFFENSE|1|0|0|0|9|top|TRAIL_2PLUS|AWAY|inventory=2,2,0.201771155525,0.13961578933,0.148609977355,0.205950742018,0.197500101202,0.0427279715412,0.129624089337,0.194248117666,0.183769545035,0.156498838314,True,0.129624089337,0.205950742018,0.0763266526803,MODEL_SPREAD_WITHIN_0.10,True,True,L0_EXACT,L0_EXACT,L0_EXACT,861,574,76,59,,0.183769545035,ct-s1.0-candidate,expected_runs,PENDING_CTS9,COMPACT_POINT_WITH_MODEL_LABEL
confirmation,STRIKE|OFFENSE|1|0|0|100|9|top|TRAIL_2PLUS|AWAY|inventory=2,2,0.156095686003,0.106139684061,0.113261198725,0.159518206066,0.152606637665,0.0316289471267,0.129625307226,0.146588830382,0.141447040317,0.119537053512,True,0.106139684061,0.159518206066,0.053378522005,MODEL_SPREAD_WITHIN_0.10,True,True,L0_EXACT,L0_EXACT,L0_EXACT,861,574,76,59,,0.141447040317,ct-s1.0-candidate,expected_runs,PENDING_CTS9,COMPACT_POINT_WITH_MODEL_LABEL
confirmation,STRIKE|OFFENSE|1|0|0|110|9|top|TRAIL_2PLUS|AWAY|inventory=2,2,0.160758582281,0.10950393005,0.116821670143,0.164263439742,0.157184721793,0.0327179168978,0.129627743071,0.137684129182,0.145747925535,0.123267386958,True,0.10950393005,0.164263439742,0.0547595096921,MODEL_SPREAD_WITHIN_0.10,True,True,L0_EXACT,L0_EXACT,L0_EXACT,861,574,76,59,,0.145747925535,ct-s1.0-candidate,expected_runs,PENDING_CTS9,COMPACT_POINT_WITH_MODEL_LABEL
confirmation,STRIKE|OFFENSE|1|0|1|0|9|top|TRAIL_2PLUS|AWAY|inventory=2,2,0.146237183036,0.097680894259,0.106854265286,0.137095169976,0.143543606975,0.0142780349455,0.0795944210545,0.13070606834,0.12678690942,0.112052279588,True,0.0795944210545,0.146237183036,0.0666427619814,MODEL_SPREAD_WITHIN_0.10,True,True,L0_EXACT,L0_EXACT,L0_EXACT,729,505,63,45,,0.12678690942,ct-s1.0-candidate,expected_runs,PENDING_CTS9,COMPACT_POINT_WITH_MODEL_LABEL
confirmation,STRIKE|OFFENSE|1|0|1|100|9|bottom|TIED|HOME|inventory=2,2,0.147742562921,0.164381164659,0.13243540734,0.21105090791,0.21289102596,0.00567078513961,0.221645482254,0.161570306999,0.159158761097,0.174122842126,True,0.13243540734,0.221645482254,0.0892100749137,MODEL_SPREAD_WITHIN_0.10,True,True,L1_NO_SCORE,L1_NO_SCORE,L1_NO_SCORE,1012,701,94,69,,0.159158761097,ct-s1.0-candidate,expected_runs,PENDING_CTS9,COMPACT_POINT_WITH_MODEL_LABEL
confirmation,STRIKE|OFFENSE|1|0|1|100|9|top|TRAIL_2PLUS|AWAY|inventory=1,1,0.219616622333,0.153089881501,0.148880373176,0.243696192149,0.198071153873,0.0455137888891,0.246122353636,0.199827803077,0.195966825312,0.142692043343,True,0.148880373176,0.246122353636,0.0972419804602,MODEL_SPREAD_WITHIN_0.10,True,True,L0_EXACT,L0_EXACT,L0_EXACT,729,505,63,45,,0.195966825312,ct-s1.0-candidate,expected_runs,PENDING_CTS9,COMPACT_POINT_WITH_MODEL_LABEL
confirmation,STRIKE|OFFENSE|1|0|1|100|9|top|TRAIL_2PLUS|AWAY|inventory=2,2,0.0768667709673,0.0499952700461,0.0549631906582,0.0716972607944,0.0753381925166,0.00699230394417,0.0795944210545,0.0670844516753,0.0659305960218,0.0578002806873,True,0.0499952700461,0.0795944210545,0.0295991510084,MODEL_SPREAD_WITHIN_0.10,True,True,L0_EXACT,L0_EXACT,L0_EXACT,729,505,63,45,,0.0659305960218,ct-s1.0-candidate,expected_runs,PENDING_CTS9,COMPACT_POINT_WITH_MODEL_LABEL
confirmation,STRIKE|OFFENSE|1|0|1|110|9|top|TRAIL_2PLUS|AWAY|inventory=2,2,0.0879049709434,0.0574146758186,0.0630709004487,0.0820590992288,0.0861773776266,0.00808428373501,0.0795939905562,0.0732622639838,0.0755268303583,0.0662971349689,True,0.0574146758186,0.0879049709434,0.0304902951248,MODEL_SPREAD_WITHIN_0.10,True,True,L0_EXACT,L0_EXACT,L0_EXACT,729,505,63,45,,0.0755268303583,ct-s1.0-candidate,expected_runs,PENDING_CTS9,COMPACT_POINT_WITH_MODEL_LABEL
confirmation,STRIKE|OFFENSE|1|0|2|0|8|top|TRAIL_2PLUS|AWAY|inventory=2,2,0.814262887098,0.797039506706,0.766561676463,0.861941615996,0.819966910438,0.257432777708,0.76266003236,0.819937680661,0.819287718472,0.839947035576,True,0.76266003236,0.861941615996,0.0992815836355,MODEL_SPREAD_WITHIN_0.10,True,True,L0_EXACT,L0_EXACT,L0_EXACT,650,431,64,43,,0.819287718472,ct-s1.0-candidate,expected_runs,PENDING_CTS9,COMPACT_POINT_WITH_MODEL_LABEL
confirmation,STRIKE|OFFENSE|1|0|2|0|9|bottom|TRAIL_2PLUS|HOME|inventory=2,2,0.223301315777,0.159658663357,0.210005125866,0.21112605895,0.219073419066,0,0.151174932722,0.233414136811,0.219073419066,0.18923217426,True,0.151174932722,0.233414136811,0.0822392040895,MODEL_SPREAD_WITHIN_0.10,True,True,L0_EXACT,L0_EXACT,L0_EXACT,630,429,59,41,,0.219073419066,ct-s1.0-candidate,expected_runs,PENDING_CTS9,COMPACT_POINT_WITH_MODEL_LABEL
confirmation,STRIKE|OFFENSE|1|0|2|10|9|top|TRAIL_2PLUS|AWAY|inventory=1,1,0.266943816707,0.231370831178,0.220072977186,0.317453236347,0.27797528136,0.0797862674732,0.304823411808,0.271161762605,0.275058445375,0.20236141591,True,0.220072977186,0.317453236347,0.0973802591608,MODEL_SPREAD_WITHIN_0.10,True,True,L0_EXACT,L0_EXACT,L0_EXACT,627,436,63,45,,0.275058445375,ct-s1.0-candidate,expected_runs,PENDING_CTS9,COMPACT_POINT_WITH_MODEL_LABEL
confirmation,STRIKE|OFFENSE|1|0|2|10|9|top|TRAIL_2PLUS|AWAY|inventory=2,2,0.0832126427047,0.0288498156583,0.0577387465052,0.0680650953203,0.0787042226323,0,0.0516346630331,0.0613297798251,0.0640457101545,0.0510326964199,True,0.0288498156583,0.0832126427047,0.0543628270464,MODEL_SPREAD_WITHIN_0.10,True,True,L0_EXACT,L0_EXACT,L0_EXACT,627,436,63,45,,0.0640457101545,ct-s1.0-candidate,expected_runs,PENDING_CTS9,COMPACT_POINT_WITH_MODEL_LABEL
confirmation,STRIKE|OFFENSE|1|0|2|111|9|top|TRAIL_2PLUS|AWAY|inventory=2,2,0.0285584367177,0.00953004610699,0.0194606831253,0.0231090460269,0.0269241920169,0,0.0516346630331,0.0189707433217,0.0216826428236,0.0171196534194,True,0.00953004610699,0.0516346630331,0.0421046169261,MODEL_SPREAD_WITHIN_0.10,True,True,L0_EXACT,L0_EXACT,L0_EXACT,627,436,63,45,,0.0216826428236,ct-s1.0-candidate,expected_runs,PENDING_CTS9,COMPACT_POINT_WITH_MODEL_LABEL
confirmation,STRIKE|OFFENSE|1|1|0|100|9|top|TRAIL_2PLUS|AWAY|inventory=2,2,0.191547157563,0.13202038245,0.14060522952,0.195566846664,0.187441702821,0.0401574618266,0.139400580134,0.182873732378,0.174258579876,0.148143101667,True,0.13202038245,0.195566846664,0.063546464214,MODEL_SPREAD_WITHIN_0.10,True,True,L0_EXACT,L0_EXACT,L0_EXACT,861,574,76,59,,0.174258579876,ct-s1.0-candidate,expected_runs,PENDING_CTS9,COMPACT_POINT_WITH_MODEL_LABEL
confirmation,STRIKE|OFFENSE|1|1|0|110|9|top|TRAIL_2PLUS|AWAY|inventory=2,2,0.0880963088521,0.0583965537582,0.0625388330229,0.0901872246051,0.0859723403189,0.0167728872372,0.139398467395,0.0792611040328,0.0792298865843,0.0662140059382,True,0.0583965537582,0.139398467395,0.0810019136369,MODEL_SPREAD_WITHIN_0.10,True,True,L0_EXACT,L0_EXACT,L0_EXACT,861,574,76,59,,0.0792298865843,ct-s1.0-candidate,expected_runs,PENDING_CTS9,COMPACT_POINT_WITH_MODEL_LABEL
confirmation,STRIKE|OFFENSE|1|1|1|100|9|bottom|TRAIL_2PLUS|HOME|inventory=2,2,0.125811308667,0.0379113846121,0.0925551958333,0.120859554303,0.111853714118,0,0.100155010525,0.107803324954,0.104126008892,0.0695889948477,True,0.0379113846121,0.125811308667,0.0878999240546,MODEL_SPREAD_WITHIN_0.10,True,True,L0_EXACT,L0_EXACT,L0_EXACT,677,469,62,47,,0.104126008892,ct-s1.0-candidate,expected_runs,PENDING_CTS9,COMPACT_POINT_WITH_MODEL_LABEL
confirmation,STRIKE|OFFENSE|1|1|2|100|9|top|TRAIL_2PLUS|AWAY|inventory=2,2,0.100719691651,0.0353606487839,0.070297310587,0.0826726442399,0.0953614107606,0,0.0451072001215,0.0772565510982,0.0778627233217,0.0622289795185,True,0.0353606487839,0.100719691651,0.0653590428673,MODEL_SPREAD_WITHIN_0.10,True,True,L0_EXACT,L0_EXACT,L0_EXACT,627,436,63,45,,0.0778627233217,ct-s1.0-candidate,expected_runs,PENDING_CTS9,COMPACT_POINT_WITH_MODEL_LABEL
confirmation,STRIKE|OFFENSE|1|1|2|10|9|bottom|TRAIL_2PLUS|HOME|inventory=2,2,0.130552788883,0.0902719019658,0.121912352528,0.122636071019,0.127792026125,0,0.133839275036,0.136015210588,0.127792026125,0.108654735125,True,0.0902719019658,0.136015210588,0.0457433086223,MODEL_SPREAD_WITHIN_0.10,True,True,L0_EXACT,L0_EXACT,L0_EXACT,630,429,59,41,,0.127792026125,ct-s1.0-candidate,expected_runs,PENDING_CTS9,COMPACT_POINT_WITH_MODEL_LABEL
confirmation,STRIKE|OFFENSE|1|1|2|110|9|bottom|TRAIL_2PLUS|HOME|inventory=2,2,0.11935735033,0.0822041240068,0.111362962126,0.112032045516,0.116801529775,0,0.133840582852,0.123907990402,0.116801529775,0.0991230569272,True,0.0822041240068,0.133840582852,0.0516364588455,MODEL_SPREAD_WITHIN_0.10,True,True,L0_EXACT,L0_EXACT,L0_EXACT,630,429,59,41,,0.116801529775,ct-s1.0-candidate,expected_runs,PENDING_CTS9,COMPACT_POINT_WITH_MODEL_LABEL
confirmation,STRIKE|OFFENSE|1|2|0|0|9|bottom|TRAIL_1|HOME|inventory=2,2,0.201193122995,0.118824271262,0.131235144528,0.185949176625,0.191353201076,0.0256677952699,0.187309574107,0.170930566141,0.161776492822,0.118933544022,True,0.118824271262,0.201193122995,0.0823688517332,MODEL_SPREAD_WITHIN_0.10,True,True,L1_NO_SCORE,L1_NO_SCORE,L1_NO_SCORE,1138,779,92,63,,0.161776492822,ct-s1.0-candidate,expected_runs,PENDING_CTS9,COMPACT_POINT_WITH_MODEL_LABEL
confirmation,STRIKE|OFFENSE|1|2|1|0|9|bottom|TRAIL_2PLUS|HOME|inventory=2,2,0.120542400614,0.0361713595343,0.0885379776872,0.115770559669,0.107097730276,0,0.109041699169,0.104637518087,0.0996617336248,0.0664955456219,True,0.0361713595343,0.120542400614,0.0843710410795,MODEL_SPREAD_WITHIN_0.10,True,True,L0_EXACT,L0_EXACT,L0_EXACT,677,469,62,47,,0.0996617336248,ct-s1.0-candidate,expected_runs,PENDING_CTS9,COMPACT_POINT_WITH_MODEL_LABEL
confirmation,STRIKE|OFFENSE|1|2|1|0|9|top|TRAIL_2PLUS|AWAY|inventory=2,2,0.115640827031,0.0763353537738,0.0836900565434,0.108169207008,0.113435934182,0.0109370417911,0.0999657100339,0.103997129489,0.0997843979557,0.0878720930117,True,0.0763353537738,0.115640827031,0.0393054732576,MODEL_SPREAD_WITHIN_0.10,True,True,L0_EXACT,L0_EXACT,L0_EXACT,729,505,63,45,,0.0997843979557,ct-s1.0-candidate,expected_runs,PENDING_CTS9,COMPACT_POINT_WITH_MODEL_LABEL
confirmation,STRIKE|OFFENSE|1|2|1|100|9|bottom|TRAIL_2PLUS|HOME|inventory=1,1,0.192838516016,0.146787051806,0.144608179999,0.219020008513,0.188471564999,0.0144132461906,0.172657481464,0.187331361679,0.183220759333,0.0974316572026,True,0.144608179999,0.219020008513,0.0744118285133,MODEL_SPREAD_WITHIN_0.10,True,True,L0_EXACT,L0_EXACT,L0_EXACT,677,469,62,47,,0.183220759333,ct-s1.0-candidate,expected_runs,PENDING_CTS9,COMPACT_POINT_WITH_MODEL_LABEL
confirmation,STRIKE|OFFENSE|1|2|1|100|9|bottom|TRAIL_2PLUS|HOME|inventory=2,2,0.0725770749678,0.0209775308345,0.0525467103,0.0695538402841,0.0640923286347,0,0.0551257554729,0.0626025671134,0.0594434934156,0.0390804790982,True,0.0209775308345,0.0725770749678,0.0515995441332,MODEL_SPREAD_WITHIN_0.10,True,True,L0_EXACT,L0_EXACT,L0_EXACT,677,469,62,47,,0.0594434934156,ct-s1.0-candidate,expected_runs,PENDING_CTS9,COMPACT_POINT_WITH_MODEL_LABEL
confirmation,STRIKE|OFFENSE|1|2|2|100|9|bottom|TRAIL_2PLUS|HOME|inventory=1,1,0.202689356933,0.206077267357,0.164706011456,0.241782667084,0.202644307665,0.0178594981408,0.196701645134,0.214881935288,0.202644307665,0.136942443648,True,0.164706011456,0.241782667084,0.0770766556282,MODEL_SPREAD_WITHIN_0.10,True,True,L0_EXACT,L0_EXACT,L0_EXACT,630,429,59,41,,0.202644307665,ct-s1.0-candidate,expected_runs,PENDING_CTS9,COMPACT_POINT_WITH_MODEL_LABEL
confirmation,STRIKE|OFFENSE|1|2|2|100|9|bottom|TRAIL_2PLUS|HOME|inventory=2,2,0.0699759608141,0.047367258461,0.0650447753456,0.0654560711887,0.0683954285614,0,0.0657279213583,0.0748090519408,0.0683954285614,0.0575659186901,True,0.047367258461,0.0748090519408,0.0274417934798,MODEL_SPREAD_WITHIN_0.10,True,True,L0_EXACT,L0_EXACT,L0_EXACT,630,429,59,41,,0.0683954285614,ct-s1.0-candidate,expected_runs,PENDING_CTS9,COMPACT_POINT_WITH_MODEL_LABEL
confirmation,STRIKE|OFFENSE|2|0|0|0|9|bottom|TRAIL_1|HOME|inventory=2,2,0.179405399575,0.104786378911,0.11592392231,0.165470300287,0.170403753428,0.0223561844674,0.130723207287,0.147479711229,0.143490537772,0.10488427878,True,0.104786378911,0.179405399575,0.0746190206636,MODEL_SPREAD_WITHIN_0.10,True,True,L1_NO_SCORE,L1_NO_SCORE,L1_NO_SCORE,1138,779,92,63,,0.143490537772,ct-s1.0-candidate,expected_runs,PENDING_CTS9,COMPACT_POINT_WITH_MODEL_LABEL
confirmation,STRIKE|OFFENSE|2|0|0|0|9|top|TRAIL_2PLUS|AWAY|inventory=2,2,0.154267887486,0.104824184432,0.111868481216,0.1576578186,0.150812392973,0.0312046976079,0.0883650148943,0.145034499708,0.139762362321,0.118077440934,True,0.0883650148943,0.1576578186,0.0692928037053,MODEL_SPREAD_WITHIN_0.10,True,True,L0_EXACT,L0_EXACT,L0_EXACT,861,574,76,59,,0.139762362321,ct-s1.0-candidate,expected_runs,PENDING_CTS9,COMPACT_POINT_WITH_MODEL_LABEL
confirmation,STRIKE|OFFENSE|2|0|0|100|9|top|TRAIL_2PLUS|AWAY|inventory=2,2,0.0913216179598,0.0606067868201,0.0648950407065,0.0934812371916,0.0891274886388,0.0174368927962,0.0883664298396,0.0787813899589,0.0821598319954,0.0686985321647,True,0.0606067868201,0.0934812371916,0.0328744503716,MODEL_SPREAD_WITHIN_0.10,True,True,L0_EXACT,L0_EXACT,L0_EXACT,861,574,76,59,,0.0821598319954,ct-s1.0-candidate,expected_runs,PENDING_CTS9,COMPACT_POINT_WITH_MODEL_LABEL
confirmation,STRIKE|OFFENSE|2|0|1|0|9|bottom|TRAIL_1|HOME|inventory=2,2,0.182352382625,0.201965035384,0.164150060051,0.256035810945,0.258139814038,0.00728364228845,0.181547098214,0.196637261255,0.195828414608,0.213365315445,True,0.164150060051,0.258139814038,0.0939897539868,MODEL_SPREAD_WITHIN_0.10,True,True,L1_NO_SCORE,L1_NO_SCORE,L1_NO_SCORE,1012,701,94,69,,0.195828414608,ct-s1.0-candidate,expected_runs,PENDING_CTS9,COMPACT_POINT_WITH_MODEL_LABEL
confirmation,STRIKE|OFFENSE|2|0|1|0|9|bottom|TRAIL_2PLUS|HOME|inventory=1,1,0.255286592598,0.197979880126,0.195214977884,0.286932626177,0.249943375056,0.0205519871475,0.209804527389,0.240944703593,0.243493823401,0.134117229673,True,0.195214977884,0.286932626177,0.0917176482935,MODEL_SPREAD_WITHIN_0.10,True,True,L0_EXACT,L0_EXACT,L0_EXACT,677,469,62,47,,0.243493823401,ct-s1.0-candidate,expected_runs,PENDING_CTS9,COMPACT_POINT_WITH_MODEL_LABEL
confirmation,STRIKE|OFFENSE|2|0|1|0|9|bottom|TRAIL_2PLUS|HOME|inventory=2,2,0.100950969572,0.0298274532287,0.0737121651314,0.096869258379,0.0894691276169,0,0.0690978948984,0.0842184513497,0.0831431456672,0.0551374866404,True,0.0298274532287,0.100950969572,0.0711235163435,MODEL_SPREAD_WITHIN_0.10,True,True,L0_EXACT,L0_EXACT,L0_EXACT,677,469,62,47,,0.0831431456672,ct-s1.0-candidate,expected_runs,PENDING_CTS9,COMPACT_POINT_WITH_MODEL_LABEL
confirmation,STRIKE|OFFENSE|2|0|1|0|9|top|TRAIL_2PLUS|AWAY|inventory=2,2,0.0967583888146,0.0634107318914,0.0696140338339,0.0903820886053,0.094874898407,0.0089776274738,0.0631110884642,0.0836913479736,0.0832473586779,0.0731488351746,True,0.0631110884642,0.0967583888146,0.0336473003504,MODEL_SPREAD_WITHIN_0.10,True,True,L0_EXACT,L0_EXACT,L0_EXACT,729,505,63,45,,0.0832473586779,ct-s1.0-candidate,expected_runs,PENDING_CTS9,COMPACT_POINT_WITH_MODEL_LABEL
confirmation,STRIKE|OFFENSE|2|0|1|100|9|bottom|TRAIL_2PLUS|HOME|inventory=1,1,0.193660912863,0.147448930033,0.145261906158,0.219923638953,0.189279705412,0.0144883727502,0.209804527389,0.171409353917,0.184011490152,0.0978965217115,True,0.145261906158,0.219923638953,0.0746617327948,MODEL_SPREAD_WITHIN_0.10,True,True,L0_EXACT,L0_EXACT,L0_EXACT,677,469,62,47,,0.184011490152,ct-s1.0-candidate,expected_runs,PENDING_CTS9,COMPACT_POINT_WITH_MODEL_LABEL
confirmation,STRIKE|OFFENSE|2|0|1|100|9|bottom|TRAIL_2PLUS|HOME|inventory=2,2,0.0729329361004,0.0210861405782,0.0528099507367,0.0698959950326,0.0644094765117,0,0.0690978948984,0.056544123763,0.0597391058119,0.039279055246,True,0.0210861405782,0.0729329361004,0.0518467955221,MODEL_SPREAD_WITHIN_0.10,True,True,L0_EXACT,L0_EXACT,L0_EXACT,677,469,62,47,,0.0597391058119,ct-s1.0-candidate,expected_runs,PENDING_CTS9,COMPACT_POINT_WITH_MODEL_LABEL
confirmation,STRIKE|OFFENSE|2|0|1|110|9|bottom|TRAIL_2PLUS|HOME|inventory=2,2,0.117388258168,0.0351366882615,0.0861392475592,0.112725274206,0.104253681341,0,0.0690978948984,0.0744981407044,0.0969937019411,0.0646516441672,True,0.0351366882615,0.117388258168,0.0822515699062,MODEL_SPREAD_WITHIN_0.10,True,True,L0_EXACT,L0_EXACT,L0_EXACT,677,469,62,47,,0.0969937019411,ct-s1.0-candidate,expected_runs,PENDING_CTS9,COMPACT_POINT_WITH_MODEL_LABEL
confirmation,STRIKE|OFFENSE|2|0|2|0|9|top|TRAIL_2PLUS|AWAY|inventory=2,2,0.119103657806,0.0423770559793,0.0836448906198,0.0981219743019,0.112890126489,0,0.0271600795357,0.0883770942332,0.0925038466863,0.0741668109459,True,0.0271600795357,0.119103657806,0.0919435782706,MODEL_SPREAD_WITHIN_0.10,True,True,L0_EXACT,L0_EXACT,L0_EXACT,627,436,63,45,,0.0925038466863,ct-s1.0-candidate,expected_runs,PENDING_CTS9,COMPACT_POINT_WITH_MODEL_LABEL
confirmation,STRIKE|OFFENSE|2|0|2|100|9|bottom|TRAIL_2PLUS|HOME|inventory=1,1,0.284066866907,0.288323107634,0.235334801405,0.332313909993,0.284010173556,0.0275985313622,0.241197047914,0.277788881798,0.284010173556,0.19849489538,True,0.235334801405,0.332313909993,0.0969791085878,MODEL_SPREAD_WITHIN_0.10,True,True,L0_EXACT,L0_EXACT,L0_EXACT,630,429,59,41,,0.284010173556,ct-s1.0-candidate,expected_runs,PENDING_CTS9,COMPACT_POINT_WITH_MODEL_LABEL
confirmation,STRIKE|OFFENSE|2|0|2|100|9|bottom|TRAIL_2PLUS|HOME|inventory=2,2,0.105093768239,0.0720173809436,0.0979484765462,0.0985459016734,0.102807720089,0,0.0836824513309,0.10203895992,0.102807720089,0.0870385472842,True,0.0720173809436,0.105093768239,0.0330763872957,MODEL_SPREAD_WITHIN_0.10,True,True,L0_EXACT,L0_EXACT,L0_EXACT,630,429,59,41,,0.102807720089,ct-s1.0-candidate,expected_runs,PENDING_CTS9,COMPACT_POINT_WITH_MODEL_LABEL
confirmation,STRIKE|OFFENSE|2|0|2|100|9|top|TRAIL_2PLUS|AWAY|inventory=1,1,0.227219911596,0.195528571856,0.185558378724,0.273012325285,0.237140832842,0.0654274956208,0.183568070032,0.221899579457,0.234513308055,0.170019034937,True,0.183568070032,0.273012325285,0.0894442552523,MODEL_SPREAD_WITHIN_0.10,True,True,L0_EXACT,L0_EXACT,L0_EXACT,627,436,63,45,,0.234513308055,ct-s1.0-candidate,expected_runs,PENDING_CTS9,COMPACT_POINT_WITH_MODEL_LABEL
confirmation,STRIKE|OFFENSE|2|0|2|100|9|top|TRAIL_2PLUS|AWAY|inventory=2,2,0.068282997666,0.023424499971,0.0471444884238,0.0556880757525,0.0645265267138,0,0.0271600795357,0.0476934424769,0.0523585160644,0.0416145623451,True,0.023424499971,0.068282997666,0.044858497695,MODEL_SPREAD_WITHIN_0.10,True,True,L0_EXACT,L0_EXACT,L0_EXACT,627,436,63,45,,0.0523585160644,ct-s1.0-candidate,expected_runs,PENDING_CTS9,COMPACT_POINT_WITH_MODEL_LABEL
confirmation,STRIKE|OFFENSE|2|0|2|10|9|bottom|TRAIL_2PLUS|HOME|inventory=1,1,0.27842532646,0.282630408161,0.230349683307,0.326150697423,0.278369321252,0.026859339062,0.241198268215,0.25815522208,0.278369321252,0.194092078625,True,0.230349683307,0.326150697423,0.0958010141159,MODEL_SPREAD_WITHIN_0.10,True,True,L0_EXACT,L0_EXACT,L0_EXACT,630,429,59,41,,0.278369321252,ct-s1.0-candidate,expected_runs,PENDING_CTS9,COMPACT_POINT_WITH_MODEL_LABEL
confirmation,STRIKE|OFFENSE|2|0|2|10|9|bottom|TRAIL_2PLUS|HOME|inventory=2,2,0.102497746318,0.0701743412314,0.095510119827,0.096094256829,0.100261841368,0,0.0836829625967,0.093223609443,0.100261841368,0.0848462393994,True,0.0701743412314,0.102497746318,0.0323234050863,MODEL_SPREAD_WITHIN_0.10,True,True,L0_EXACT,L0_EXACT,L0_EXACT,630,429,59,41,,0.100261841368,ct-s1.0-candidate,expected_runs,PENDING_CTS9,COMPACT_POINT_WITH_MODEL_LABEL
confirmation,STRIKE|OFFENSE|2|0|2|110|9|top|TRAIL_2PLUS|AWAY|inventory=1,1,0.1158534139,0.0977304712946,0.0921757129057,0.143365559909,0.121677450755,0.0302551207611,0.183569069303,0.104359613956,0.120127804639,0.0836533450211,True,0.0921757129057,0.183569069303,0.0913933563976,MODEL_SPREAD_WITHIN_0.10,True,True,L0_EXACT,L0_EXACT,L0_EXACT,627,436,63,45,,0.120127804639,ct-s1.0-candidate,expected_runs,PENDING_CTS9,COMPACT_POINT_WITH_MODEL_LABEL
confirmation,STRIKE|OFFENSE|2|0|2|110|9|top|TRAIL_2PLUS|AWAY|inventory=2,2,0.0316275169036,0.0105764722948,0.0215737708752,0.0256079359194,0.0298230370661,0,0.0271602557085,0.020052235143,0.0240310833516,0.0189834678037,True,0.0105764722948,0.0316275169036,0.0210510446088,MODEL_SPREAD_WITHIN_0.10,True,True,L0_EXACT,L0_EXACT,L0_EXACT,627,436,63,45,,0.0240310833516,ct-s1.0-candidate,expected_runs,PENDING_CTS9,COMPACT_POINT_WITH_MODEL_LABEL
confirmation,STRIKE|OFFENSE|2|0|2|111|9|bottom|TRAIL_2PLUS|HOME|inventory=2,2,0.0716084035111,0.0484997762132,0.0665704145992,0.0669906662537,0.069993774586,0,0.0836829625967,0.0435294557356,0.069993774586,0.0589271957858,True,0.0435294557356,0.0836829625967,0.0401535068611,MODEL_SPREAD_WITHIN_0.10,True,True,L0_EXACT,L0_EXACT,L0_EXACT,630,429,59,41,,0.069993774586,ct-s1.0-candidate,expected_runs,PENDING_CTS9,COMPACT_POINT_WITH_MODEL_LABEL
confirmation,STRIKE|OFFENSE|2|0|2|1|9|bottom|TRAIL_2PLUS|HOME|inventory=1,1,0.24941441449,0.253335171976,0.20492544817,0.294194447734,0.249362228172,0.0232172906971,0.241198268215,0.200849062777,0.249362228172,0.171776519445,True,0.200849062777,0.294194447734,0.0933453849568,MODEL_SPREAD_WITHIN_0.10,True,True,L0_EXACT,L0_EXACT,L0_EXACT,630,429,59,41,,0.249362228172,ct-s1.0-candidate,expected_runs,PENDING_CTS9,COMPACT_POINT_WITH_MODEL_LABEL
confirmation,STRIKE|OFFENSE|2|0|2|1|9|bottom|TRAIL_2PLUS|HOME|inventory=2,2,0.0895430827123,0.0610272341271,0.0833565955825,0.0838732946691,0.0875622026056,0,0.0836829625967,0.0691183415523,0.0875622026056,0.0739387516686,True,0.0610272341271,0.0895430827123,0.0285158485852,MODEL_SPREAD_WITHIN_0.10,True,True,L0_EXACT,L0_EXACT,L0_EXACT,630,429,59,41,,0.0875622026056,ct-s1.0-candidate,expected_runs,PENDING_CTS9,COMPACT_POINT_WITH_MODEL_LABEL
confirmation,STRIKE|OFFENSE|2|1|0|0|9|top|TRAIL_2PLUS|AWAY|inventory=2,2,0.162293302885,0.110613828506,0.117995910975,0.165825008986,0.158691775169,0.0330784457743,0.0968765084726,0.155542030807,0.147164472034,0.124497284281,True,0.0968765084726,0.165825008986,0.0689485005138,MODEL_SPREAD_WITHIN_0.10,True,True,L0_EXACT,L0_EXACT,L0_EXACT,861,574,76,59,,0.147164472034,ct-s1.0-candidate,expected_runs,PENDING_CTS9,COMPACT_POINT_WITH_MODEL_LABEL
confirmation,STRIKE|OFFENSE|2|1|0|100|9|top|TRAIL_2PLUS|AWAY|inventory=2,2,0.152129909304,0.103287753598,0.110241515876,0.155481496843,0.148713883167,0.0307103049699,0.0968778689929,0.140626562523,0.137792661032,0.116372007319,True,0.0968778689929,0.155481496843,0.0586036278504,MODEL_SPREAD_WITHIN_0.10,True,True,L0_EXACT,L0_EXACT,L0_EXACT,861,574,76,59,,0.137792661032,ct-s1.0-candidate,expected_runs,PENDING_CTS9,COMPACT_POINT_WITH_MODEL_LABEL
confirmation,STRIKE|OFFENSE|2|1|1|0|9|bottom|TRAIL_2PLUS|HOME|inventory=2,2,0.134441220214,0.0407932386204,0.099162697239,0.129200004721,0.119657265465,0,0.0711105196942,0.11520754085,0.111458089624,0.0746918945062,True,0.0407932386204,0.134441220214,0.0936479815931,MODEL_SPREAD_WITHIN_0.10,True,True,L0_EXACT,L0_EXACT,L0_EXACT,677,469,62,47,,0.111458089624,ct-s1.0-candidate,expected_runs,PENDING_CTS9,COMPACT_POINT_WITH_MODEL_LABEL
confirmation,STRIKE|OFFENSE|2|1|1|100|9|bottom|TIED|HOME|inventory=2,2,0.145917310405,0.162389521346,0.130770246831,0.208634993889,0.210459666994,0.0055892158978,0.186179984456,0.157149348783,0.157218487573,0.172037468684,True,0.130770246831,0.210459666994,0.0796894201627,MODEL_SPREAD_WITHIN_0.10,True,True,L1_NO_SCORE,L1_NO_SCORE,L1_NO_SCORE,1012,701,94,69,,0.157218487573,ct-s1.0-candidate,expected_runs,PENDING_CTS9,COMPACT_POINT_WITH_MODEL_LABEL
confirmation,STRIKE|OFFENSE|2|1|1|100|9|bottom|TRAIL_1|HOME|inventory=2,2,0.145917310405,0.162389521346,0.130770246831,0.208634993889,0.210459666994,0.0055892158978,0.186179984456,0.157149348783,0.157218487573,0.172037468684,True,0.130770246831,0.210459666994,0.0796894201627,MODEL_SPREAD_WITHIN_0.10,True,True,L1_NO_SCORE,L1_NO_SCORE,L1_NO_SCORE,1012,701,94,69,,0.157218487573,ct-s1.0-candidate,expected_runs,PENDING_CTS9,COMPACT_POINT_WITH_MODEL_LABEL
confirmation,STRIKE|OFFENSE|2|1|2|0|9|top|TRAIL_2PLUS|AWAY|inventory=2,2,0.125662155322,0.0449260438381,0.0884468820511,0.103661065577,0.119152753446,0,0.0336614118107,0.096555792626,0.0977601663895,0.0784712688781,True,0.0336614118107,0.125662155322,0.092000743511,MODEL_SPREAD_WITHIN_0.10,True,True,L0_EXACT,L0_EXACT,L0_EXACT,627,436,63,45,,0.0977601663895,ct-s1.0-candidate,expected_runs,PENDING_CTS9,COMPACT_POINT_WITH_MODEL_LABEL
confirmation,STRIKE|OFFENSE|2|1|2|1|9|top|TRAIL_2PLUS|AWAY|inventory=1,1,0.150528189923,0.127764902293,0.12073148357,0.184555855724,0.15778427608,0.0404835087008,0.219077906698,0.130413263013,0.155856383204,0.10988849689,True,0.12073148357,0.219077906698,0.0983464231277,MODEL_SPREAD_WITHIN_0.10,True,True,L0_EXACT,L0_EXACT,L0_EXACT,627,436,63,45,,0.155856383204,ct-s1.0-candidate,expected_runs,PENDING_CTS9,COMPACT_POINT_WITH_MODEL_LABEL
confirmation,STRIKE|OFFENSE|2|1|2|1|9|top|TRAIL_2PLUS|AWAY|inventory=2,2,0.0422996346201,0.0142498328049,0.0289548749948,0.0343208471163,0.0399113618586,0,0.0336614388714,0.0256613702109,0.0322252257123,0.0255014415737,True,0.0142498328049,0.0422996346201,0.0280498018152,MODEL_SPREAD_WITHIN_0.10,True,True,L0_EXACT,L0_EXACT,L0_EXACT,627,436,63,45,,0.0322252257123,ct-s1.0-candidate,expected_runs,PENDING_CTS9,COMPACT_POINT_WITH_MODEL_LABEL
confirmation,STRIKE|OFFENSE|2|2|0|0|9|bottom|TRAIL_2PLUS|HOME|inventory=2,2,0.108948094334,0.0278684095442,0.0654414100406,0.0890472242066,0.0917625556349,0,0.0778518135192,0.08482992372,0.0813110373828,0.0460422032005,True,0.0278684095442,0.108948094334,0.08107968479,MODEL_SPREAD_WITHIN_0.10,True,True,L0_EXACT,L0_EXACT,L0_EXACT,800,532,59,43,,0.0813110373828,ct-s1.0-candidate,expected_runs,PENDING_CTS9,COMPACT_POINT_WITH_MODEL_LABEL
confirmation,STRIKE|OFFENSE|2|2|0|0|9|top|TRAIL_2PLUS|AWAY|inventory=2,2,0.124120638759,0.0833866149176,0.0891337292159,0.126947543227,0.121243614502,0.0244124409137,0.0838831648448,0.119800378051,0.112074158263,0.0942147150808,True,0.0833866149176,0.126947543227,0.0435609283096,MODEL_SPREAD_WITHIN_0.10,True,True,L0_EXACT,L0_EXACT,L0_EXACT,861,574,76,59,,0.112074158263,ct-s1.0-candidate,expected_runs,PENDING_CTS9,COMPACT_POINT_WITH_MODEL_LABEL
confirmation,STRIKE|OFFENSE|2|2|0|100|9|top|TRAIL_2PLUS|AWAY|inventory=1,1,0.208458648385,0.178332546485,0.158495447742,0.243331283633,0.202287515872,0.0535383604472,0.201245110057,0.20978361115,0.200843415792,0.152224216558,True,0.158495447742,0.243331283633,0.0848358358908,MODEL_SPREAD_WITHIN_0.10,True,True,L0_EXACT,L0_EXACT,L0_EXACT,861,574,76,59,,0.200843415792,ct-s1.0-candidate,expected_runs,PENDING_CTS9,COMPACT_POINT_WITH_MODEL_LABEL
confirmation,STRIKE|OFFENSE|2|2|0|100|9|top|TRAIL_2PLUS|AWAY|inventory=2,2,0.0861135887488,0.0570404536277,0.0610927809603,0.0881619953629,0.0840330177744,0.0163665818503,0.061018127356,0.0826517085807,0.0774297728422,0.064688838733,True,0.0570404536277,0.0881619953629,0.0311215417352,MODEL_SPREAD_WITHIN_0.10,True,True,L0_EXACT,L0_EXACT,L0_EXACT,861,574,76,59,,0.0774297728422,ct-s1.0-candidate,expected_runs,PENDING_CTS9,COMPACT_POINT_WITH_MODEL_LABEL
confirmation,STRIKE|OFFENSE|2|2|0|10|9|bottom|TRAIL_1|HOME|inventory=1,1,0.138499756908,0.107033350224,0.10601630667,0.16122673521,0.148840151918,0.0143137758213,0.145649766709,0.135738188361,0.134527881192,0.073820909388,True,0.10601630667,0.16122673521,0.0552104285397,MODEL_SPREAD_WITHIN_0.10,True,True,L1_NO_SCORE,L1_NO_SCORE,L1_NO_SCORE,1138,779,92,63,,0.134527881192,ct-s1.0-candidate,expected_runs,PENDING_CTS9,COMPACT_POINT_WITH_MODEL_LABEL
confirmation,STRIKE|OFFENSE|2|2|0|10|9|bottom|TRAIL_1|HOME|inventory=2,2,0.0666795442996,0.0368409764751,0.0410881962538,0.0608510029413,0.0629003602531,0.00741717908946,0.0638600377333,0.0543179994373,0.0519037244228,0.0368780113191,True,0.0368409764751,0.0666795442996,0.0298385678245,MODEL_SPREAD_WITHIN_0.10,True,True,L1_NO_SCORE,L1_NO_SCORE,L1_NO_SCORE,1138,779,92,63,,0.0519037244228,ct-s1.0-candidate,expected_runs,PENDING_CTS9,COMPACT_POINT_WITH_MODEL_LABEL
confirmation,STRIKE|OFFENSE|2|2|2|10|9|top|TRAIL_2PLUS|AWAY|inventory=1,1,0.11108773531,0.0936313394383,0.0882867681141,0.137644344949,0.116703820813,0.0288954871947,0.0917480771337,0.118416874467,0.115209208675,0.080092241423,True,0.0882867681141,0.137644344949,0.0493575768345,MODEL_SPREAD_WITHIN_0.10,True,True,L0_EXACT,L0_EXACT,L0_EXACT,627,436,63,45,,0.115209208675,ct-s1.0-candidate,expected_runs,PENDING_CTS9,COMPACT_POINT_WITH_MODEL_LABEL
confirmation,STRIKE|OFFENSE|2|2|2|10|9|top|TRAIL_2PLUS|AWAY|inventory=2,2,0.0302081304696,0.0100919735051,0.0205959823012,0.0244518761525,0.0284822505846,0,0.0123876703955,0.0230454789761,0.0229445336837,0.0181209052936,True,0.0100919735051,0.0302081304696,0.0201161569645,MODEL_SPREAD_WITHIN_0.10,True,True,L0_EXACT,L0_EXACT,L0_EXACT,627,436,63,45,,0.0229445336837,ct-s1.0-candidate,expected_runs,PENDING_CTS9,COMPACT_POINT_WITH_MODEL_LABEL
confirmation,STRIKE|OFFENSE|2|2|2|110|9|top|TRAIL_2PLUS|AWAY|inventory=1,1,0.0685666407819,0.0573608650174,0.0539633841402,0.0859409374529,0.0722076761218,0.0172254985033,0.0662555203007,0.072904953601,0.0712369624924,0.048784189761,True,0.0539633841402,0.0859409374529,0.0319775533127,MODEL_SPREAD_WITHIN_0.10,True,True,L0_EXACT,L0_EXACT,L0_EXACT,627,436,63,45,,0.0712369624924,ct-s1.0-candidate,expected_runs,PENDING_CTS9,COMPACT_POINT_WITH_MODEL_LABEL
confirmation,STRIKE|OFFENSE|2|2|2|110|9|top|TRAIL_2PLUS|AWAY|inventory=2,2,0.0180178421025,0.00596945736802,0.0122356722937,0.014549635521,0.0169762377836,0,0.00873367182307,0.0136218869283,0.0136441818083,0.0107542454008,True,0.00596945736802,0.0180178421025,0.0120483847345,MODEL_SPREAD_WITHIN_0.10,True,True,L0_EXACT,L0_EXACT,L0_EXACT,627,436,63,45,,0.0136441818083,ct-s1.0-candidate,expected_runs,PENDING_CTS9,COMPACT_POINT_WITH_MODEL_LABEL
confirmation,STRIKE|OFFENSE|3|0|0|0|9|bottom|TRAIL_1|HOME|inventory=2,2,0.184232038864,0.107869396197,0.119290961798,0.169999703582,0.175039874863,0.0230764637884,0.200345647676,0.157345601136,0.147524648209,0.107969829069,True,0.107869396197,0.200345647676,0.0924762514785,MODEL_SPREAD_WITHIN_0.10,True,True,L1_NO_SCORE,L1_NO_SCORE,L1_NO_SCORE,1138,779,92,63,,0.147524648209,ct-s1.0-candidate,expected_runs,PENDING_CTS9,COMPACT_POINT_WITH_MODEL_LABEL
confirmation,STRIKE|OFFENSE|3|0|0|0|9|top|TRAIL_2PLUS|AWAY|inventory=2,2,0.158548905951,0.107908179952,0.115133069337,0.162014888277,0.155015095688,0.0322006715683,0.13903602664,0.15476650894,0.143709244636,0.121498433745,True,0.107908179952,0.162014888277,0.0541067083256,MODEL_SPREAD_WITHIN_0.10,True,True,L0_EXACT,L0_EXACT,L0_EXACT,861,574,76,59,,0.143709244636,ct-s1.0-candidate,expected_runs,PENDING_CTS9,COMPACT_POINT_WITH_MODEL_LABEL
confirmation,STRIKE|OFFENSE|3|0|1|0|9|top|TRAIL_2PLUS|AWAY|inventory=2,2,0.14320797956,0.0955449405314,0.104540960758,0.134225564894,0.140561013067,0.0139376518079,0.142101677277,0.131324969279,0.124102040108,0.109640256656,True,0.0955449405314,0.14320797956,0.0476630390288,MODEL_SPREAD_WITHIN_0.10,True,True,L0_EXACT,L0_EXACT,L0_EXACT,729,505,63,45,,0.124102040108,ct-s1.0-candidate,expected_runs,PENDING_CTS9,COMPACT_POINT_WITH_MODEL_LABEL
confirmation,STRIKE|OFFENSE|3|0|2|110|9|bottom|TRAIL_2PLUS|HOME|inventory=2,2,0.0920339446291,0.0627795542165,0.0856915623026,0.0862213736284,0.0900034086772,0,0.0604883221526,0.109328253953,0.0900034086772,0.0760317898051,True,0.0604883221526,0.109328253953,0.0488399318006,MODEL_SPREAD_WITHIN_0.10,True,True,L0_EXACT,L0_EXACT,L0_EXACT,630,429,59,41,,0.0900034086772,ct-s1.0-candidate,expected_runs,PENDING_CTS9,COMPACT_POINT_WITH_MODEL_LABEL
confirmation,STRIKE|OFFENSE|3|0|2|110|9|top|TRAIL_2PLUS|AWAY|inventory=2,2,0.0594934783607,0.0202835467749,0.040956349771,0.0484355184494,0.0561913855359,0,0.019302156823,0.0513223767092,0.0455186831057,0.0361247576889,True,0.019302156823,0.0594934783607,0.0401913215376,MODEL_SPREAD_WITHIN_0.10,True,True,L0_EXACT,L0_EXACT,L0_EXACT,627,436,63,45,,0.0455186831057,ct-s1.0-candidate,expected_runs,PENDING_CTS9,COMPACT_POINT_WITH_MODEL_LABEL
confirmation,STRIKE|OFFENSE|3|1|0|0|9|bottom|TRAIL_2PLUS|HOME|inventory=2,2,0.0955097851982,0.0241597923372,0.0570260351671,0.0778491465464,0.0802530955365,0,0.0752872054002,0.0742634630469,0.0710099833499,0.0400146392897,True,0.0241597923372,0.0955097851982,0.071349992861,MODEL_SPREAD_WITHIN_0.10,True,True,L0_EXACT,L0_EXACT,L0_EXACT,800,532,59,43,,0.0710099833499,ct-s1.0-candidate,expected_runs,PENDING_CTS9,COMPACT_POINT_WITH_MODEL_LABEL
confirmation,STRIKE|OFFENSE|3|1|0|100|8|bottom|LEAD_2PLUS|HOME|inventory=2,2,0.219570200763,0.177542718708,0.170886992789,0.27034881954,0.223396792893,0.0139363186183,0.215159182285,0.229156677815,0.2223097966,0.227514682049,True,0.170886992789,0.27034881954,0.099461826751,MODEL_SPREAD_WITHIN_0.10,True,True,L0_EXACT,L0_EXACT,L0_EXACT,607,419,77,49,,0.2223097966,ct-s1.0-candidate,expected_runs,PENDING_CTS9,COMPACT_POINT_WITH_MODEL_LABEL
confirmation,STRIKE|OFFENSE|3|1|0|100|9|top|LEAD_2PLUS|AWAY|inventory=2,2,0.206923227823,0.160336148314,0.161387583701,0.250200012451,0.20870754443,0.00861668468954,0.207467590478,0.212100180467,0.208614031129,0.217579346616,True,0.160336148314,0.250200012451,0.0898638641371,MODEL_SPREAD_WITHIN_0.10,True,True,L0_EXACT,L0_EXACT,L0_EXACT,666,456,68,42,,0.208614031129,ct-s1.0-candidate,expected_runs,PENDING_CTS9,COMPACT_POINT_WITH_MODEL_LABEL
confirmation,STRIKE|OFFENSE|3|1|1|0|9|bottom|TIED|HOME|inventory=2,2,0.177628152277,0.196855028054,0.159805233877,0.249986285524,0.252057418765,0.00705580498174,0.19159107948,0.198256172297,0.190836543571,0.208042059745,True,0.159805233877,0.252057418765,0.092252184888,MODEL_SPREAD_WITHIN_0.10,True,True,L1_NO_SCORE,L1_NO_SCORE,L1_NO_SCORE,1012,701,94,69,,0.190836543571,ct-s1.0-candidate,expected_runs,PENDING_CTS9,COMPACT_POINT_WITH_MODEL_LABEL
confirmation,STRIKE|OFFENSE|3|1|1|0|9|top|TRAIL_2PLUS|AWAY|inventory=2,2,0.0939967315423,0.0615360319888,0.067569168023,0.0877847348922,0.0921615141439,0.0086972653941,0.067140183779,0.0844781596846,0.0808368179643,0.0710080615354,True,0.0615360319888,0.0939967315423,0.0324606995534,MODEL_SPREAD_WITHIN_0.10,True,True,L0_EXACT,L0_EXACT,L0_EXACT,729,505,63,45,,0.0808368179643,ct-s1.0-candidate,expected_runs,PENDING_CTS9,COMPACT_POINT_WITH_MODEL_LABEL
confirmation,STRIKE|OFFENSE|3|1|2|0|9|bottom|TRAIL_2PLUS|HOME|inventory=2,2,0.12346775187,0.0851587772067,0.115234079522,0.115923387049,0.120835991625,0,0.126574232114,0.131500343526,0.120835991625,0.1026178326,True,0.0851587772067,0.131500343526,0.0463415663193,MODEL_SPREAD_WITHIN_0.10,True,True,L0_EXACT,L0_EXACT,L0_EXACT,630,429,59,41,,0.120835991625,ct-s1.0-candidate,expected_runs,PENDING_CTS9,COMPACT_POINT_WITH_MODEL_LABEL
confirmation,STRIKE|OFFENSE|3|1|2|10|9|top|TRAIL_2PLUS|AWAY|inventory=1,1,0.20365100945,0.174504617282,0.165386064049,0.246206820478,0.212826269992,0.0573944576661,0.227258669231,0.215885412637,0.210393849845,0.151222360942,True,0.165386064049,0.246206820478,0.0808207564285,MODEL_SPREAD_WITHIN_0.10,True,True,L0_EXACT,L0_EXACT,L0_EXACT,627,436,63,45,,0.210393849845,ct-s1.0-candidate,expected_runs,PENDING_CTS9,COMPACT_POINT_WITH_MODEL_LABEL
confirmation,STRIKE|OFFENSE|3|1|2|10|9|top|TRAIL_2PLUS|AWAY|inventory=2,2,0.0599218465699,0.0204357278843,0.0412571009337,0.0487883967908,0.0565974086118,0,0.0352307793543,0.0461209396182,0.0458513347293,0.0363913757294,True,0.0204357278843,0.0599218465699,0.0394861186856,MODEL_SPREAD_WITHIN_0.10,True,True,L0_EXACT,L0_EXACT,L0_EXACT,627,436,63,45,,0.0458513347293,ct-s1.0-candidate,expected_runs,PENDING_CTS9,COMPACT_POINT_WITH_MODEL_LABEL
confirmation,STRIKE|OFFENSE|3|1|2|110|9|bottom|TRAIL_2PLUS|HOME|inventory=1,1,0.175876239875,0.178916545268,0.142022554287,0.211167701739,0.17583583576,0.0150358303025,0.15092179094,0.188558536453,0.17583583576,0.117544540271,True,0.142022554287,0.211167701739,0.069145147452,MODEL_SPREAD_WITHIN_0.10,True,True,L0_EXACT,L0_EXACT,L0_EXACT,630,429,59,41,,0.17583583576,ct-s1.0-candidate,expected_runs,PENDING_CTS9,COMPACT_POINT_WITH_MODEL_LABEL
confirmation,STRIKE|OFFENSE|3|1|2|110|9|bottom|TRAIL_2PLUS|HOME|inventory=2,2,0.059410881924,0.04006861135,0.0551800408448,0.0555326642556,0.0580540850085,0,0.0485868579355,0.0642408009851,0.0580540850085,0.0487762593231,True,0.04006861135,0.0642408009851,0.0241721896351,MODEL_SPREAD_WITHIN_0.10,True,True,L0_EXACT,L0_EXACT,L0_EXACT,630,429,59,41,,0.0580540850085,ct-s1.0-candidate,expected_runs,PENDING_CTS9,COMPACT_POINT_WITH_MODEL_LABEL
confirmation,STRIKE|OFFENSE|3|1|2|110|9|top|TRAIL_2PLUS|AWAY|inventory=1,1,0.136550697652,0.115613447487,0.109165241706,0.168043733092,0.143246628986,0.0362878509154,0.111687418439,0.14696848539,0.141466528667,0.0992437808468,True,0.109165241706,0.168043733092,0.0588784913858,MODEL_SPREAD_WITHIN_0.10,True,True,L0_EXACT,L0_EXACT,L0_EXACT,627,436,63,45,,0.141466528667,ct-s1.0-candidate,expected_runs,PENDING_CTS9,COMPACT_POINT_WITH_MODEL_LABEL
confirmation,STRIKE|OFFENSE|3|1|2|110|9|top|TRAIL_2PLUS|AWAY|inventory=2,2,0.0379231950237,0.0127369083298,0.0259217513236,0.0307434155303,0.0357727899222,0,0.0153717469312,0.0293680290515,0.0288597030311,0.0228215749515,True,0.0127369083298,0.0379231950237,0.0251862866939,MODEL_SPREAD_WITHIN_0.10,True,True,L0_EXACT,L0_EXACT,L0_EXACT,627,436,63,45,,0.0288597030311,ct-s1.0-candidate,expected_runs,PENDING_CTS9,COMPACT_POINT_WITH_MODEL_LABEL
confirmation,STRIKE|OFFENSE|3|1|2|1|9|top|TRAIL_2PLUS|AWAY|inventory=1,1,0.230177347329,0.19817930332,0.188105551381,0.276352640705,0.240187262491,0.0664601889774,0.247223336482,0.246989627425,0.237536493568,0.172398050563,True,0.188105551381,0.276352640705,0.0882470893236,MODEL_SPREAD_WITHIN_0.10,True,True,L0_EXACT,L0_EXACT,L0_EXACT,627,436,63,45,,0.237536493568,ct-s1.0-candidate,expected_runs,PENDING_CTS9,COMPACT_POINT_WITH_MODEL_LABEL
confirmation,STRIKE|OFFENSE|3|1|2|1|9|top|TRAIL_2PLUS|AWAY|inventory=2,2,0.0693574168201,0.0238111182906,0.0479033982664,0.0565763502902,0.065545996738,0,0.0391811625876,0.0544648724638,0.0531966730087,0.0422884047226,True,0.0238111182906,0.0693574168201,0.0455462985295,MODEL_SPREAD_WITHIN_0.10,True,True,L0_EXACT,L0_EXACT,L0_EXACT,627,436,63,45,,0.0531966730087,ct-s1.0-candidate,expected_runs,PENDING_CTS9,COMPACT_POINT_WITH_MODEL_LABEL
confirmation,STRIKE|OFFENSE|3|2|0|0|9|bottom|TIED|HOME|inventory=1,1,0.150467720076,0.116650426713,0.115553825873,0.174760186962,0.161534104,0.0157467962957,0.14841982404,0.149714035428,0.146210878228,0.0807235754044,True,0.115553825873,0.174760186962,0.0592063610898,MODEL_SPREAD_WITHIN_0.10,True,True,L1_NO_SCORE,L1_NO_SCORE,L1_NO_SCORE,1138,779,92,63,,0.146210878228,ct-s1.0-candidate,expected_runs,PENDING_CTS9,COMPACT_POINT_WITH_MODEL_LABEL
confirmation,STRIKE|OFFENSE|3|2|0|0|9|bottom|TIED|HOME|inventory=2,2,0.0729670607756,0.0404367809841,0.045079141811,0.0666281548096,0.0688578113278,0.00816546804846,0.0651932657285,0.0604974916734,0.0568828777395,0.0404772786439,True,0.0404367809841,0.0729670607756,0.0325302797915,MODEL_SPREAD_WITHIN_0.10,True,True,L1_NO_SCORE,L1_NO_SCORE,L1_NO_SCORE,1138,779,92,63,,0.0568828777395,ct-s1.0-candidate,expected_runs,PENDING_CTS9,COMPACT_POINT_WITH_MODEL_LABEL
confirmation,STRIKE|OFFENSE|3|2|0|0|9|top|TRAIL_2PLUS|AWAY|inventory=1,1,0.155078244594,0.131386087933,0.116033691781,0.183086497646,0.150187527484,0.0379278116229,0.148416749881,0.156869144588,0.149045868634,0.111220500181,True,0.116033691781,0.183086497646,0.0670528058644,MODEL_SPREAD_WITHIN_0.10,True,True,L0_EXACT,L0_EXACT,L0_EXACT,861,574,76,59,,0.149045868634,ct-s1.0-candidate,expected_runs,PENDING_CTS9,COMPACT_POINT_WITH_MODEL_LABEL
confirmation,STRIKE|OFFENSE|3|2|0|0|9|top|TRAIL_2PLUS|AWAY|inventory=2,2,0.061623274342,0.0404524191254,0.0433804968389,0.0631293652575,0.0600954988887,0.011463193676,0.0430179261074,0.0593939704474,0.0552597652854,0.0459850328024,True,0.0404524191254,0.0631293652575,0.0226769461321,MODEL_SPREAD_WITHIN_0.10,True,True,L0_EXACT,L0_EXACT,L0_EXACT,861,574,76,59,,0.0552597652854,ct-s1.0-candidate,expected_runs,PENDING_CTS9,COMPACT_POINT_WITH_MODEL_LABEL
confirmation,STRIKE|OFFENSE|3|2|1|0|9|bottom|TRAIL_2PLUS|HOME|inventory=1,1,0.135716229238,0.101589160057,0.100002559939,0.155637696975,0.13243061326,0.00952038615506,0.118094566042,0.131452075205,0.128493895851,0.0662509687308,True,0.100002559939,0.155637696975,0.055635137036,MODEL_SPREAD_WITHIN_0.10,True,True,L0_EXACT,L0_EXACT,L0_EXACT,677,469,62,47,,0.128493895851,ct-s1.0-candidate,expected_runs,PENDING_CTS9,COMPACT_POINT_WITH_MODEL_LABEL
confirmation,STRIKE|OFFENSE|3|2|1|0|9|bottom|TRAIL_2PLUS|HOME|inventory=2,2,0.0489193905071,0.0138876947779,0.0351706430847,0.0468318654124,0.0430719377365,0,0.0360850328896,0.0420056769514,0.0398828103633,0.0260350413173,True,0.0138876947779,0.0489193905071,0.0350316957291,MODEL_SPREAD_WITHIN_0.10,True,True,L0_EXACT,L0_EXACT,L0_EXACT,677,469,62,47,,0.0398828103633,ct-s1.0-candidate,expected_runs,PENDING_CTS9,COMPACT_POINT_WITH_MODEL_LABEL
confirmation,STRIKE|OFFENSE|3|2|1|0|9|top|TRAIL_2PLUS|AWAY|inventory=1,1,0.142253562402,0.0962707859179,0.093451234828,0.159585374885,0.127062035382,0.0273328312095,0.113679638369,0.131370001092,0.125593963553,0.0893250604303,True,0.093451234828,0.159585374885,0.0661341400572,MODEL_SPREAD_WITHIN_0.10,True,True,L0_EXACT,L0_EXACT,L0_EXACT,729,505,63,45,,0.125593963553,ct-s1.0-candidate,expected_runs,PENDING_CTS9,COMPACT_POINT_WITH_MODEL_LABEL
confirmation,STRIKE|OFFENSE|3|2|1|0|9|top|TRAIL_2PLUS|AWAY|inventory=2,2,0.0467752989298,0.0300805551767,0.0331386226501,0.0435340887615,0.0458154229151,0.00413253232664,0.0328575805415,0.0417307341794,0.0399351619247,0.0348907639903,True,0.0300805551767,0.0467752989298,0.0166947437531,MODEL_SPREAD_WITHIN_0.10,True,True,L0_EXACT,L0_EXACT,L0_EXACT,729,505,63,45,,0.0399351619247,ct-s1.0-candidate,expected_runs,PENDING_CTS9,COMPACT_POINT_WITH_MODEL_LABEL
confirmation,STRIKE|OFFENSE|3|2|2|0|9|bottom|TRAIL_2PLUS|HOME|inventory=1,1,0.179794382126,0.182887388167,0.145319497021,0.215666314887,0.179753274224,0.0154379180221,0.170051557125,0.190702763858,0.179753274224,0.120352954713,True,0.145319497021,0.215666314887,0.0703468178654,MODEL_SPREAD_WITHIN_0.10,True,True,L0_EXACT,L0_EXACT,L0_EXACT,630,429,59,41,,0.179753274224,ct-s1.0-candidate,expected_runs,PENDING_CTS9,COMPACT_POINT_WITH_MODEL_LABEL
confirmation,STRIKE|OFFENSE|3|2|2|0|9|bottom|TRAIL_2PLUS|HOME|inventory=2,2,0.0609262425243,0.0411121832581,0.0565939807389,0.0569550951309,0.0595370290825,0,0.0555946923413,0.0650847180962,0.0595370290825,0.0500347977368,True,0.0411121832581,0.0650847180962,0.0239725348381,MODEL_SPREAD_WITHIN_0.10,True,True,L0_EXACT,L0_EXACT,L0_EXACT,630,429,59,41,,0.0595370290825,ct-s1.0-candidate,expected_runs,PENDING_CTS9,COMPACT_POINT_WITH_MODEL_LABEL
confirmation,STRIKE|OFFENSE|3|2|2|100|9|top|TRAIL_1|AWAY|inventory=2,2,0.178582601221,0.134211469816,0.138251077165,0.212522640336,0.188529061187,0.00659471766779,0.175354616088,0.181030902577,0.17791930839,0.1995483059,True,0.134211469816,0.212522640336,0.0783111705201,MODEL_SPREAD_WITHIN_0.10,True,True,L1_NO_SCORE,L1_NO_SCORE,L1_NO_SCORE,1747,1191,176,125,,0.17791930839,ct-s1.0-candidate,expected_runs,PENDING_CTS9,COMPACT_POINT_WITH_MODEL_LABEL
confirmation,STRIKE|OFFENSE|3|2|2|101|9|top|LEAD_2PLUS|AWAY|inventory=2,2,0.189585481982,0.148182642325,0.147867436946,0.227342275075,0.192307402956,0.00266359838381,0.191105994391,0.194331065704,0.190669924256,0.214562671749,True,0.147867436946,0.227342275075,0.0794748381288,MODEL_SPREAD_WITHIN_0.10,True,True,L0_EXACT,L0_EXACT,L0_EXACT,613,411,67,48,,0.190669924256,ct-s1.0-candidate,expected_runs,PENDING_CTS9,COMPACT_POINT_WITH_MODEL_LABEL
development,BALL|DEFENSE|0|0|2|100|1|bottom|LEAD_1|AWAY|inventory=2,2,0.812941193921,0.895603378664,0.798009364488,0.89417028259,0.847463025634,0.642561378213,0.814195246783,0.84870492503,0.847463020385,0.864915093674,True,0.798009364488,0.895603378664,0.0975940141761,MODEL_SPREAD_WITHIN_0.10,True,True,L0_EXACT,L0_EXACT,L0_EXACT,539,198,100,31,,0.847463020385,ct-s1.0-candidate,expected_runs,PENDING_CTS9,COMPACT_POINT_WITH_MODEL_LABEL
development,BALL|DEFENSE|0|0|2|100|1|bottom|LEAD_2PLUS|AWAY|inventory=2,2,0.81282110903,0.897046411991,0.798546952003,0.894578334892,0.847343213823,0.650408301891,0.812793813646,0.849021641862,0.847343202549,0.869437984621,True,0.798546952003,0.897046411991,0.0984994599877,MODEL_SPREAD_WITHIN_0.10,True,True,L0_EXACT,L1_NO_SCORE,L1_NO_SCORE,4690,1646,464,164,,0.847343202549,ct-s1.0-candidate,expected_runs,PENDING_CTS9,COMPACT_POINT_WITH_MODEL_LABEL
development,BALL|DEFENSE|0|0|2|100|1|bottom|TRAIL_1|AWAY|inventory=2,2,0.81282110903,0.897046411991,0.798546952003,0.894578334892,0.847343213823,0.650408301891,0.812793813646,0.849021641862,0.847343202549,0.869437984621,True,0.798546952003,0.897046411991,0.0984994599877,MODEL_SPREAD_WITHIN_0.10,True,True,L0_EXACT,L1_NO_SCORE,L1_NO_SCORE,4690,1646,464,164,,0.847343202549,ct-s1.0-candidate,expected_runs,PENDING_CTS9,COMPACT_POINT_WITH_MODEL_LABEL
development,BALL|DEFENSE|0|0|2|100|1|bottom|TRAIL_2PLUS|AWAY|inventory=2,2,0.81282110903,0.897046411991,0.798546952003,0.894578334892,0.847343213823,0.650408301891,0.812793813646,0.849021641862,0.847343202549,0.869437984621,True,0.798546952003,0.897046411991,0.0984994599877,MODEL_SPREAD_WITHIN_0.10,True,True,L0_EXACT,L1_NO_SCORE,L1_NO_SCORE,4690,1646,464,164,,0.847343202549,ct-s1.0-candidate,expected_runs,PENDING_CTS9,COMPACT_POINT_WITH_MODEL_LABEL
development,BALL|DEFENSE|0|0|2|100|1|top|TIED|HOME|inventory=2,2,0.815026040485,0.897498515675,0.80005811899,0.895192443882,0.848482816572,0.660907041363,0.812181844036,0.850428062111,0.84848281224,0.867034582565,True,0.80005811899,0.897498515675,0.0974403966853,MODEL_SPREAD_WITHIN_0.10,True,True,L0_EXACT,L0_EXACT,L0_EXACT,3334,1327,278,122,,0.84848281224,ct-s1.0-candidate,expected_runs,PENDING_CTS9,COMPACT_POINT_WITH_MODEL_LABEL
development,BALL|DEFENSE|0|0|2|100|1|top|TRAIL_2PLUS|HOME|inventory=2,2,0.815580691734,0.898091241097,0.800541688558,0.895382701631,0.848850014188,0.661152994128,0.813207749473,0.850675952868,0.84885001055,0.867828454252,True,0.800541688558,0.898091241097,0.0975495525389,MODEL_SPREAD_WITHIN_0.10,True,True,L0_EXACT,L1_NO_SCORE,L1_NO_SCORE,4344,1610,401,166,,0.84885001055,ct-s1.0-candidate,expected_runs,PENDING_CTS9,COMPACT_POINT_WITH_MODEL_LABEL
development,BALL|DEFENSE|0|0|2|100|2|bottom|LEAD_1|AWAY|inventory=2,2,0.81205775571,0.897754428228,0.798607479897,0.895074686685,0.846732941228,0.628201745522,0.808841139286,0.848969206464,0.846732925302,0.870638239526,True,0.798607479897,0.897754428228,0.0991469483314,MODEL_SPREAD_WITHIN_0.10,True,True,L0_EXACT,L0_EXACT,L0_EXACT,607,252,85,27,,0.846732925302,ct-s1.0-candidate,expected_runs,PENDING_CTS9,COMPACT_POINT_WITH_MODEL_LABEL
development,BALL|DEFENSE|0|0|2|100|2|bottom|TRAIL_1|AWAY|inventory=2,2,0.816596941022,0.897613976671,0.798304076595,0.895102776097,0.848033765204,0.62656651823,0.812369047367,0.850313938746,0.848033754207,0.873819129768,True,0.798304076595,0.897613976671,0.0993099000761,MODEL_SPREAD_WITHIN_0.10,True,True,L0_EXACT,L0_EXACT,L0_EXACT,748,298,68,30,,0.848033754207,ct-s1.0-candidate,expected_runs,PENDING_CTS9,COMPACT_POINT_WITH_MODEL_LABEL
development,BALL|DEFENSE|0|0|2|100|2|bottom|TRAIL_2PLUS|AWAY|inventory=1,1,0.823830623532,0.896594927187,0.803457594346,0.897135760157,0.851621854637,0.716657884118,0.824163816664,0.852959034149,0.85162185412,0.871598582532,True,0.803457594346,0.897135760157,0.093678165811,MODEL_SPREAD_WITHIN_0.10,True,True,L0_EXACT,L0_EXACT,L0_EXACT,840,307,103,33,,0.85162185412,ct-s1.0-candidate,expected_runs,PENDING_CTS9,COMPACT_POINT_WITH_MODEL_LABEL
development,BALL|DEFENSE|0|0|2|100|2|bottom|TRAIL_2PLUS|AWAY|inventory=2,2,0.818574749238,0.897415499289,0.804827071475,0.89738972147,0.852389775948,0.640335469118,0.817129348999,0.854312888299,0.852389766294,0.873829804184,True,0.804827071475,0.897415499289,0.0925884278142,MODEL_SPREAD_WITHIN_0.10,True,True,L0_EXACT,L0_EXACT,L0_EXACT,840,307,103,33,,0.852389766294,ct-s1.0-candidate,expected_runs,PENDING_CTS9,COMPACT_POINT_WITH_MODEL_LABEL
development,BALL|DEFENSE|0|0|2|100|2|top|LEAD_1|HOME|inventory=2,2,0.813040731683,0.896545397855,0.799874591421,0.895098741699,0.848185058542,0.634854464948,0.813062734004,0.849923034758,0.848185007991,0.869953166868,True,0.799874591421,0.896545397855,0.0966708064345,MODEL_SPREAD_WITHIN_0.10,True,True,L0_EXACT,L1_NO_SCORE,L1_NO_SCORE,4118,1599,449,172,,0.848185007991,ct-s1.0-candidate,expected_runs,PENDING_CTS9,COMPACT_POINT_WITH_MODEL_LABEL
development,BALL|DEFENSE|0|0|2|100|2|top|LEAD_2PLUS|HOME|inventory=2,2,0.813040731683,0.896545397855,0.799874591421,0.895098741699,0.848185058542,0.634854464948,0.813062734004,0.849923034758,0.848185007991,0.869953166868,True,0.799874591421,0.896545397855,0.0966708064345,MODEL_SPREAD_WITHIN_0.10,True,True,L0_EXACT,L1_NO_SCORE,L1_NO_SCORE,4118,1599,449,172,,0.848185007991,ct-s1.0-candidate,expected_runs,PENDING_CTS9,COMPACT_POINT_WITH_MODEL_LABEL
development,BALL|DEFENSE|0|0|2|100|2|top|TIED|HOME|inventory=2,2,0.808807200338,0.894974978855,0.796845890571,0.893931284355,0.846248028991,0.621362133233,0.810597365361,0.847936344721,0.846247938897,0.869030684908,True,0.796845890571,0.894974978855,0.0981290882844,MODEL_SPREAD_WITHIN_0.10,True,True,L0_EXACT,L0_EXACT,L0_EXACT,1687,720,174,75,,0.846247938897,ct-s1.0-candidate,expected_runs,PENDING_CTS9,COMPACT_POINT_WITH_MODEL_LABEL
development,BALL|DEFENSE|0|0|2|100|2|top|TRAIL_1|HOME|inventory=2,2,0.818492491704,0.898625961778,0.805325770991,0.899162883656,0.852905103753,0.635624254427,0.817626209385,0.854721094481,0.852905035204,0.873631305302,True,0.805325770991,0.899162883656,0.0938371126647,MODEL_SPREAD_WITHIN_0.10,True,True,L0_EXACT,L0_EXACT,L0_EXACT,685,304,72,34,,0.852905035204,ct-s1.0-candidate,expected_runs,PENDING_CTS9,COMPACT_POINT_WITH_MODEL_LABEL
development,BALL|DEFENSE|0|0|2|100|2|top|TRAIL_2PLUS|HOME|inventory=1,1,0.825617535168,0.897237446182,0.801071112175,0.896262940484,0.849577589771,0.703368978148,0.822933030996,0.851035420722,0.849577589751,0.867522390544,True,0.801071112175,0.897237446182,0.0961663340073,MODEL_SPREAD_WITHIN_0.10,True,True,L0_EXACT,L0_EXACT,L0_EXACT,801,272,89,36,,0.849577589751,ct-s1.0-candidate,expected_runs,PENDING_CTS9,COMPACT_POINT_WITH_MODEL_LABEL
development,BALL|DEFENSE|0|0|2|100|2|top|TRAIL_2PLUS|HOME|inventory=2,2,0.821127743209,0.899127343809,0.806593388911,0.897195739914,0.852145901109,0.658898557721,0.817663870979,0.853499659205,0.852145900658,0.870631251639,True,0.806593388911,0.899127343809,0.0925339548988,MODEL_SPREAD_WITHIN_0.10,True,True,L0_EXACT,L0_EXACT,L0_EXACT,801,272,89,36,,0.852145900658,ct-s1.0-candidate,expected_runs,PENDING_CTS9,COMPACT_POINT_WITH_MODEL_LABEL
development,BALL|DEFENSE|0|0|2|100|3|bottom|LEAD_1|AWAY|inventory=2,2,0.809484278213,0.89237716948,0.794007849866,0.892398189511,0.843914440137,0.613747787898,0.806601799196,0.8460987149,0.843913986941,0.865727992996,True,0.794007849866,0.892398189511,0.0983903396453,MODEL_SPREAD_WITHIN_0.10,True,True,L0_EXACT,L0_EXACT,L0_EXACT,598,245,81,27,,0.843913986941,ct-s1.0-candidate,expected_runs,PENDING_CTS9,COMPACT_POINT_WITH_MODEL_LABEL
development,BALL|DEFENSE|0|0|2|100|3|bottom|TIED|AWAY|inventory=2,2,0.81168024111,0.893796441874,0.79565361018,0.893503445342,0.845605359311,0.587889295684,0.810795947291,0.84740509371,0.845605202386,0.870968282944,True,0.79565361018,0.893796441874,0.0981428316941,MODEL_SPREAD_WITHIN_0.10,True,True,L0_EXACT,L0_EXACT,L0_EXACT,1095,440,112,37,,0.845605202386,ct-s1.0-candidate,expected_runs,PENDING_CTS9,COMPACT_POINT_WITH_MODEL_LABEL
development,BALL|DEFENSE|0|0|2|100|3|bottom|TRAIL_1|AWAY|inventory=1,1,0.816291713149,0.892186547015,0.793341646592,0.892773928964,0.844372490708,0.695015166356,0.811812447952,0.84678121085,0.844372362702,0.866279117503,True,0.793341646592,0.892773928964,0.0994322823726,MODEL_SPREAD_WITHIN_0.10,True,True,L0_EXACT,L0_EXACT,L0_EXACT,721,282,63,25,,0.844372362702,ct-s1.0-candidate,expected_runs,PENDING_CTS9,COMPACT_POINT_WITH_MODEL_LABEL
development,BALL|DEFENSE|0|0|2|100|3|bottom|TRAIL_1|AWAY|inventory=2,2,0.813544853887,0.895032121986,0.79939185414,0.895932725353,0.848907923009,0.620156336499,0.811172979287,0.851392215908,0.848906666146,0.870356132484,True,0.79939185414,0.895932725353,0.0965408712131,MODEL_SPREAD_WITHIN_0.10,True,True,L0_EXACT,L0_EXACT,L0_EXACT,721,282,63,25,,0.848906666146,ct-s1.0-candidate,expected_runs,PENDING_CTS9,COMPACT_POINT_WITH_MODEL_LABEL
development,BALL|DEFENSE|0|0|2|100|3|bottom|TRAIL_2PLUS|AWAY|inventory=2,2,0.816102809854,0.895731283332,0.800430346859,0.895819034155,0.849374309937,0.599944275191,0.813616737274,0.851505211879,0.849374241337,0.871884834342,True,0.800430346859,0.895819034155,0.0953886872954,MODEL_SPREAD_WITHIN_0.10,True,True,L0_EXACT,L0_EXACT,L0_EXACT,1148,413,119,45,,0.849374241337,ct-s1.0-candidate,expected_runs,PENDING_CTS9,COMPACT_POINT_WITH_MODEL_LABEL
development,BALL|DEFENSE|0|0|2|100|3|top|LEAD_1|HOME|inventory=2,2,0.810734329757,0.894652879293,0.796241602523,0.89449996894,0.846322034119,0.610210919077,0.809931517042,0.848391911487,0.846321916957,0.869726610445,True,0.796241602523,0.894652879293,0.09841127677,MODEL_SPREAD_WITHIN_0.10,True,True,L0_EXACT,L1_NO_SCORE,L1_NO_SCORE,4465,1657,485,177,,0.846321916957,ct-s1.0-candidate,expected_runs,PENDING_CTS9,COMPACT_POINT_WITH_MODEL_LABEL
development,BALL|DEFENSE|0|0|2|100|3|top|TIED|HOME|inventory=2,2,0.807041776613,0.891965036021,0.793263428849,0.891747592274,0.84362512674,0.594690911199,0.807850810462,0.845723006784,0.843624939576,0.866436765052,True,0.793263428849,0.891965036021,0.0987016071722,MODEL_SPREAD_WITHIN_0.10,True,True,L0_EXACT,L0_EXACT,L0_EXACT,1362,540,132,50,,0.843624939576,ct-s1.0-candidate,expected_runs,PENDING_CTS9,COMPACT_POINT_WITH_MODEL_LABEL
development,BALL|DEFENSE|0|0|2|100|3|top|TRAIL_2PLUS|HOME|inventory=2,2,0.812935989071,0.895324033527,0.798285047806,0.89673242358,0.84857505474,0.616098695195,0.811057463395,0.850701916344,0.848575051685,0.87143984199,True,0.798285047806,0.89673242358,0.0984473757734,MODEL_SPREAD_WITHIN_0.10,True,True,L0_EXACT,L0_EXACT,L0_EXACT,989,393,122,53,,0.848575051685,ct-s1.0-candidate,expected_runs,PENDING_CTS9,COMPACT_POINT_WITH_MODEL_LABEL
development,BALL|DEFENSE|0|0|2|100|4|bottom|LEAD_1|AWAY|inventory=2,2,0.809794911142,0.888674928857,0.79514829882,0.893338749669,0.845182449476,0.555739825668,0.810744367789,0.846863547809,0.84517278512,0.867492173415,True,0.79514829882,0.893338749669,0.0981904508488,MODEL_SPREAD_WITHIN_0.10,True,True,L0_EXACT,L0_EXACT,L0_EXACT,600,253,87,32,,0.84517278512,ct-s1.0-candidate,expected_runs,PENDING_CTS9,COMPACT_POINT_WITH_MODEL_LABEL
development,BALL|DEFENSE|0|0|2|100|4|bottom|LEAD_2PLUS|AWAY|inventory=2,2,0.817573263664,0.890770381022,0.802809912236,0.896596581728,0.850932498732,0.555847517664,0.814523662338,0.853437339044,0.850929280985,0.87022643848,True,0.802809912236,0.896596581728,0.0937866694921,MODEL_SPREAD_WITHIN_0.10,True,True,L0_EXACT,L0_EXACT,L0_EXACT,958,385,98,44,,0.850929280985,ct-s1.0-candidate,expected_runs,PENDING_CTS9,COMPACT_POINT_WITH_MODEL_LABEL
development,BALL|DEFENSE|0|0|2|100|4|bottom|TIED|AWAY|inventory=2,2,0.8064145142,0.890175081106,0.795004132437,0.892313907253,0.844642881604,0.523968515669,0.80981431388,0.846187007937,0.844640329363,0.863742774712,True,0.795004132437,0.892313907253,0.097309774816,MODEL_SPREAD_WITHIN_0.10,True,True,L0_EXACT,L0_EXACT,L0_EXACT,795,330,98,27,,0.844640329363,ct-s1.0-candidate,expected_runs,PENDING_CTS9,COMPACT_POINT_WITH_MODEL_LABEL
development,BALL|DEFENSE|0|0|2|100|4|bottom|TRAIL_1|AWAY|inventory=2,2,0.813131241986,0.89036394818,0.797327837958,0.894453443256,0.847080070771,0.542015336259,0.811803386459,0.848892852013,0.847075970387,0.868942100447,True,0.797327837958,0.894453443256,0.0971256052982,MODEL_SPREAD_WITHIN_0.10,True,True,L0_EXACT,L1_NO_SCORE,L1_NO_SCORE,4139,1602,483,165,,0.847075970387,ct-s1.0-candidate,expected_runs,PENDING_CTS9,COMPACT_POINT_WITH_MODEL_LABEL
development,BALL|DEFENSE|0|0|2|100|4|bottom|TRAIL_2PLUS|AWAY|inventory=2,2,0.81607419726,0.891021569471,0.796948739117,0.895224184376,0.847698459384,0.530753472686,0.813058307332,0.849212988429,0.847696456282,0.871885671437,True,0.796948739117,0.895224184376,0.0982754452589,MODEL_SPREAD_WITHIN_0.10,True,True,L0_EXACT,L0_EXACT,L0_EXACT,1294,487,158,50,,0.847696456282,ct-s1.0-candidate,expected_runs,PENDING_CTS9,COMPACT_POINT_WITH_MODEL_LABEL
development,BALL|DEFENSE|0|0|2|100|4|top|LEAD_1|HOME|inventory=2,2,0.812961259546,0.893364639867,0.798574533096,0.895513803321,0.848103610542,0.583008241901,0.812412569502,0.8499674354,0.848101867138,0.87124062838,True,0.798574533096,0.895513803321,0.0969392702245,MODEL_SPREAD_WITHIN_0.10,True,True,L0_EXACT,L1_NO_SCORE,L1_NO_SCORE,4221,1602,407,163,,0.848101867138,ct-s1.0-candidate,expected_runs,PENDING_CTS9,COMPACT_POINT_WITH_MODEL_LABEL
development,BALL|DEFENSE|0|0|2|100|4|top|LEAD_2PLUS|HOME|inventory=2,2,0.813781757713,0.894107152553,0.800999637118,0.897394337634,0.85004397361,0.580965498529,0.81402262635,0.852561727956,0.850043775907,0.872636646486,True,0.800999637118,0.897394337634,0.0963947005167,MODEL_SPREAD_WITHIN_0.10,True,True,L0_EXACT,L0_EXACT,L0_EXACT,901,369,103,37,,0.850043775907,ct-s1.0-candidate,expected_runs,PENDING_CTS9,COMPACT_POINT_WITH_MODEL_LABEL
development,BALL|DEFENSE|0|0|2|100|4|top|TRAIL_1|HOME|inventory=2,2,0.814754514436,0.89399820099,0.796601721188,0.894928980291,0.846903829439,0.572998209855,0.812958268285,0.849205943295,0.846903229884,0.871203969702,True,0.796601721188,0.894928980291,0.0983272591032,MODEL_SPREAD_WITHIN_0.10,True,True,L0_EXACT,L0_EXACT,L0_EXACT,673,270,71,31,,0.846903229884,ct-s1.0-candidate,expected_runs,PENDING_CTS9,COMPACT_POINT_WITH_MODEL_LABEL
development,BALL|DEFENSE|0|0|2|100|4|top|TRAIL_2PLUS|HOME|inventory=1,1,0.823683842251,0.895659140837,0.7986385346,0.896335174001,0.848922037386,0.696209743116,0.819784376431,0.850508387146,0.848921911946,0.866518870035,True,0.7986385346,0.896335174001,0.097696639401,MODEL_SPREAD_WITHIN_0.10,True,True,L0_EXACT,L0_EXACT,L0_EXACT,1214,436,121,54,,0.848921911946,ct-s1.0-candidate,expected_runs,PENDING_CTS9,COMPACT_POINT_WITH_MODEL_LABEL
development,BALL|DEFENSE|0|0|2|100|4|top|TRAIL_2PLUS|HOME|inventory=2,2,0.820571351417,0.896116458547,0.804204911866,0.89821594068,0.852361751935,0.604129904024,0.817978005655,0.853885513417,0.852360459288,0.874384436959,True,0.804204911866,0.89821594068,0.0940110288135,MODEL_SPREAD_WITHIN_0.10,True,True,L0_EXACT,L0_EXACT,L0_EXACT,1214,436,121,54,,0.852360459288,ct-s1.0-candidate,expected_runs,PENDING_CTS9,COMPACT_POINT_WITH_MODEL_LABEL
development,BALL|DEFENSE|0|0|2|100|5|bottom|LEAD_1|AWAY|inventory=1,1,0.814540200076,0.889609708179,0.792554586721,0.892106834573,0.843239452008,0.650870213787,0.812400521509,0.844910130187,0.843236842719,0.864087326036,True,0.792554586721,0.892106834573,0.099552247852,MODEL_SPREAD_WITHIN_0.10,True,True,L0_EXACT,L1_NO_SCORE,L1_NO_SCORE,4473,1612,450,166,,0.843236842719,ct-s1.0-candidate,expected_runs,PENDING_CTS9,COMPACT_POINT_WITH_MODEL_LABEL
development,BALL|DEFENSE|0|0|2|100|5|bottom|LEAD_1|AWAY|inventory=2,2,0.814936827706,0.883824828107,0.798707053925,0.894863257357,0.847932973075,0.47164689577,0.811907671512,0.849878570463,0.847914016246,0.871647831372,True,0.798707053925,0.894863257357,0.0961562034324,MODEL_SPREAD_WITHIN_0.10,True,True,L0_EXACT,L1_NO_SCORE,L1_NO_SCORE,4473,1612,450,166,,0.847914016246,ct-s1.0-candidate,expected_runs,PENDING_CTS9,COMPACT_POINT_WITH_MODEL_LABEL
development,BALL|DEFENSE|0|0|2|100|5|bottom|LEAD_2PLUS|AWAY|inventory=2,2,0.814949662816,0.886108379587,0.797517150869,0.895228998967,0.847765665388,0.496014855464,0.812140024219,0.849790446098,0.847760898553,0.872495988751,True,0.797517150869,0.895228998967,0.0977118480978,MODEL_SPREAD_WITHIN_0.10,True,True,L0_EXACT,L0_EXACT,L0_EXACT,1224,462,112,50,,0.847760898553,ct-s1.0-candidate,expected_runs,PENDING_CTS9,COMPACT_POINT_WITH_MODEL_LABEL
development,BALL|DEFENSE|0|0|2|100|5|bottom|TIED|AWAY|inventory=1,1,0.824370258716,0.891314829081,0.7996732021,0.896298274562,0.848937024438,0.67231417544,0.817541876861,0.851352311581,0.848929622981,0.866297684297,True,0.7996732021,0.896298274562,0.0966250724626,MODEL_SPREAD_WITHIN_0.10,True,True,L0_EXACT,L0_EXACT,L0_EXACT,706,273,102,31,,0.848929622981,ct-s1.0-candidate,expected_runs,PENDING_CTS9,COMPACT_POINT_WITH_MODEL_LABEL
development,BALL|DEFENSE|0|0|2|100|5|bottom|TIED|AWAY|inventory=2,2,0.824740249521,0.886970396437,0.805016482282,0.898388114299,0.853038631115,0.483120030985,0.818045422405,0.855402134195,0.852989259167,0.874524004244,True,0.805016482282,0.898388114299,0.0933716320175,MODEL_SPREAD_WITHIN_0.10,True,True,L0_EXACT,L0_EXACT,L0_EXACT,706,273,102,31,,0.852989259167,ct-s1.0-candidate,expected_runs,PENDING_CTS9,COMPACT_POINT_WITH_MODEL_LABEL
development,BALL|DEFENSE|0|0|2|100|5|bottom|TRAIL_1|AWAY|inventory=1,1,0.814540200076,0.889609708179,0.792554586721,0.892106834573,0.843239452008,0.650870213787,0.812400521509,0.844910130187,0.843236842719,0.864087326036,True,0.792554586721,0.892106834573,0.099552247852,MODEL_SPREAD_WITHIN_0.10,True,True,L0_EXACT,L1_NO_SCORE,L1_NO_SCORE,4473,1612,450,166,,0.843236842719,ct-s1.0-candidate,expected_runs,PENDING_CTS9,COMPACT_POINT_WITH_MODEL_LABEL
development,BALL|DEFENSE|0|0|2|100|5|bottom|TRAIL_1|AWAY|inventory=2,2,0.814936827706,0.883824828107,0.798707053925,0.894863257357,0.847932973075,0.47164689577,0.811907671512,0.849878570463,0.847914016246,0.871647831372,True,0.798707053925,0.894863257357,0.0961562034324,MODEL_SPREAD_WITHIN_0.10,True,True,L0_EXACT,L1_NO_SCORE,L1_NO_SCORE,4473,1612,450,166,,0.847914016246,ct-s1.0-candidate,expected_runs,PENDING_CTS9,COMPACT_POINT_WITH_MODEL_LABEL
development,BALL|DEFENSE|0|0|2|100|5|bottom|TRAIL_2PLUS|AWAY|inventory=1,1,0.812419122777,0.888803854485,0.792106471706,0.891795500066,0.843142634606,0.6392046637,0.811866257477,0.844362610106,0.843141936169,0.86475150832,True,0.792106471706,0.891795500066,0.0996890283596,MODEL_SPREAD_WITHIN_0.10,True,True,L0_EXACT,L0_EXACT,L0_EXACT,1476,527,133,52,,0.843141936169,ct-s1.0-candidate,expected_runs,PENDING_CTS9,COMPACT_POINT_WITH_MODEL_LABEL
development,BALL|DEFENSE|0|0|2|100|5|bottom|TRAIL_2PLUS|AWAY|inventory=2,2,0.812554135965,0.880438551266,0.797600575072,0.89414546796,0.847273526978,0.435901065243,0.810580763474,0.849243646828,0.847267808063,0.872093924528,True,0.797600575072,0.89414546796,0.0965448928887,MODEL_SPREAD_WITHIN_0.10,True,True,L0_EXACT,L0_EXACT,L0_EXACT,1476,527,133,52,,0.847267808063,ct-s1.0-candidate,expected_runs,PENDING_CTS9,COMPACT_POINT_WITH_MODEL_LABEL
development,BALL|DEFENSE|0|0|2|100|5|top|LEAD_1|HOME|inventory=2,2,0.814031591304,0.8869243968,0.798301652235,0.894850611544,0.84774073233,0.519614670458,0.813040208348,0.849598398636,0.84773033807,0.8693695139,True,0.798301652235,0.894850611544,0.0965489593084,MODEL_SPREAD_WITHIN_0.10,True,True,L0_EXACT,L1_NO_SCORE,L1_NO_SCORE,4244,1613,439,168,,0.84773033807,ct-s1.0-candidate,expected_runs,PENDING_CTS9,COMPACT_POINT_WITH_MODEL_LABEL
development,BALL|DEFENSE|0|0|2|100|5|top|LEAD_2PLUS|HOME|inventory=2,2,0.809891279245,0.882857482178,0.79588986227,0.892940307281,0.845186984061,0.515899911221,0.810253151835,0.846814263987,0.845184831206,0.866197587449,True,0.79588986227,0.892940307281,0.0970504450106,MODEL_SPREAD_WITHIN_0.10,True,True,L0_EXACT,L0_EXACT,L0_EXACT,1029,412,115,45,,0.845184831206,ct-s1.0-candidate,expected_runs,PENDING_CTS9,COMPACT_POINT_WITH_MODEL_LABEL
development,BALL|DEFENSE|0|0|2|100|5|top|TIED|HOME|inventory=2,2,0.810855471737,0.887061832946,0.796436581008,0.894986004828,0.847619625812,0.505205257916,0.810132633362,0.849357190709,0.84759347587,0.869307532909,True,0.796436581008,0.894986004828,0.09854942382,MODEL_SPREAD_WITHIN_0.10,True,True,L0_EXACT,L0_EXACT,L0_EXACT,768,320,55,26,,0.84759347587,ct-s1.0-candidate,expected_runs,PENDING_CTS9,COMPACT_POINT_WITH_MODEL_LABEL
development,BALL|DEFENSE|0|0|2|100|5|top|TRAIL_1|HOME|inventory=2,2,0.816190923137,0.886608027769,0.797072947587,0.894889235081,0.847032335164,0.506124908231,0.814586240444,0.848881813352,0.847013016596,0.872070751112,True,0.797072947587,0.894889235081,0.0978162874937,MODEL_SPREAD_WITHIN_0.10,True,True,L0_EXACT,L0_EXACT,L0_EXACT,690,263,67,30,,0.847013016596,ct-s1.0-candidate,expected_runs,PENDING_CTS9,COMPACT_POINT_WITH_MODEL_LABEL
development,BALL|DEFENSE|0|0|2|100|5|top|TRAIL_2PLUS|HOME|inventory=1,1,0.815801904302,0.891615694704,0.792971507479,0.892441763391,0.843686038038,0.673717316456,0.813216332989,0.845701956302,0.843685191554,0.863409456008,True,0.792971507479,0.892441763391,0.0994702559121,MODEL_SPREAD_WITHIN_0.10,True,True,L0_EXACT,L0_EXACT,L0_EXACT,1216,501,156,56,,0.843685191554,ct-s1.0-candidate,expected_runs,PENDING_CTS9,COMPACT_POINT_WITH_MODEL_LABEL
development,BALL|DEFENSE|0|0|2|100|5|top|TRAIL_2PLUS|HOME|inventory=2,2,0.815557913162,0.889294028575,0.799845828142,0.895201828718,0.848555720402,0.526505732431,0.812937555103,0.850699580295,0.848549626278,0.870299534722,True,0.799845828142,0.895201828718,0.0953560005758,MODEL_SPREAD_WITHIN_0.10,True,True,L0_EXACT,L0_EXACT,L0_EXACT,1216,501,156,56,,0.848549626278,ct-s1.0-candidate,expected_runs,PENDING_CTS9,COMPACT_POINT_WITH_MODEL_LABEL
development,BALL|DEFENSE|0|0|2|100|6|bottom|LEAD_1|AWAY|inventory=1,1,0.815821614022,0.884328172075,0.792755067336,0.891723286291,0.843437748627,0.614746824175,0.814430090481,0.845182617356,0.843416923012,0.862672056184,True,0.792755067336,0.891723286291,0.0989682189547,MODEL_SPREAD_WITHIN_0.10,True,True,L0_EXACT,L1_NO_SCORE,L1_NO_SCORE,4252,1586,444,170,,0.843416923012,ct-s1.0-candidate,expected_runs,PENDING_CTS9,COMPACT_POINT_WITH_MODEL_LABEL
development,BALL|DEFENSE|0|0|2|100|6|bottom|LEAD_1|AWAY|inventory=2,2,0.815696049252,0.868315087182,0.798011166172,0.891660263344,0.846861261524,0.377238470938,0.813720107208,0.848453572119,0.846743833915,0.866496138407,True,0.798011166172,0.891660263344,0.0936490971721,MODEL_SPREAD_WITHIN_0.10,True,True,L0_EXACT,L1_NO_SCORE,L1_NO_SCORE,4252,1586,444,170,,0.846743833915,ct-s1.0-candidate,expected_runs,PENDING_CTS9,COMPACT_POINT_WITH_MODEL_LABEL
development,BALL|DEFENSE|0|0|2|100|6|bottom|LEAD_2PLUS|AWAY|inventory=2,2,0.812126820567,0.870543611987,0.79777838246,0.891742574103,0.845942094702,0.405604224924,0.810683695595,0.847502400076,0.845869401439,0.868040635297,True,0.79777838246,0.891742574103,0.0939641916434,MODEL_SPREAD_WITHIN_0.10,True,True,L0_EXACT,L0_EXACT,L0_EXACT,1206,492,149,58,,0.845869401439,ct-s1.0-candidate,expected_runs,PENDING_CTS9,COMPACT_POINT_WITH_MODEL_LABEL
development,BALL|DEFENSE|0|0|2|100|6|bottom|TIED|AWAY|inventory=1,1,0.820493722777,0.886152004702,0.798959426336,0.892928161394,0.846338909473,0.598891708642,0.817490862712,0.847926962207,0.846283635828,0.863868290694,True,0.798959426336,0.892928161394,0.0939687350573,MODEL_SPREAD_WITHIN_0.10,True,True,L0_EXACT,L0_EXACT,L0_EXACT,510,208,59,27,,0.846283635828,ct-s1.0-candidate,expected_runs,PENDING_CTS9,COMPACT_POINT_WITH_MODEL_LABEL
development,BALL|DEFENSE|0|0|2|100|6|bottom|TIED|AWAY|inventory=2,2,0.816677244109,0.874290033652,0.796547684112,0.890950705058,0.846628624496,0.350234169736,0.814036696847,0.84765800144,0.846316941582,0.864697540074,True,0.796547684112,0.890950705058,0.0944030209454,MODEL_SPREAD_WITHIN_0.10,True,True,L0_EXACT,L0_EXACT,L0_EXACT,510,208,59,27,,0.846316941582,ct-s1.0-candidate,expected_runs,PENDING_CTS9,COMPACT_POINT_WITH_MODEL_LABEL
development,BALL|DEFENSE|0|0|2|100|6|bottom|TRAIL_2PLUS|AWAY|inventory=1,1,0.821063587691,0.883364874219,0.796072547963,0.893970983569,0.846926672671,0.617158266466,0.818609414632,0.848789240027,0.846922632421,0.865601844515,True,0.796072547963,0.893970983569,0.097898435606,MODEL_SPREAD_WITHIN_0.10,True,True,L0_EXACT,L0_EXACT,L0_EXACT,1532,553,139,54,,0.846922632421,ct-s1.0-candidate,expected_runs,PENDING_CTS9,COMPACT_POINT_WITH_MODEL_LABEL
development,BALL|DEFENSE|0|0|2|100|6|bottom|TRAIL_2PLUS|AWAY|inventory=2,2,0.819918356786,0.86341226523,0.799494089126,0.891509845365,0.848068376138,0.354686465975,0.816024998016,0.849930606438,0.848037809745,0.864805501765,True,0.799494089126,0.891509845365,0.0920157562386,MODEL_SPREAD_WITHIN_0.10,True,True,L0_EXACT,L0_EXACT,L0_EXACT,1532,553,139,54,,0.848037809745,ct-s1.0-candidate,expected_runs,PENDING_CTS9,COMPACT_POINT_WITH_MODEL_LABEL
development,BALL|DEFENSE|0|0|2|100|6|top|LEAD_1|HOME|inventory=1,1,0.81853350313,0.888424836269,0.795099004282,0.893127374618,0.845060880246,0.635270584105,0.816567681819,0.846767448554,0.845052636138,0.864642522429,True,0.795099004282,0.893127374618,0.0980283703356,MODEL_SPREAD_WITHIN_0.10,True,True,L0_EXACT,L1_NO_SCORE,L1_NO_SCORE,4270,1597,400,154,,0.845052636138,ct-s1.0-candidate,expected_runs,PENDING_CTS9,COMPACT_POINT_WITH_MODEL_LABEL
development,BALL|DEFENSE|0|0|2|100|6|top|LEAD_1|HOME|inventory=2,2,0.817159940331,0.876809809099,0.799460667733,0.893521319275,0.847990171391,0.44177970595,0.814579046662,0.849536280758,0.847934960535,0.868860533124,True,0.799460667733,0.893521319275,0.0940606515424,MODEL_SPREAD_WITHIN_0.10,True,True,L0_EXACT,L1_NO_SCORE,L1_NO_SCORE,4270,1597,400,154,,0.847934960535,ct-s1.0-candidate,expected_runs,PENDING_CTS9,COMPACT_POINT_WITH_MODEL_LABEL
development,BALL|DEFENSE|0|0|2|100|6|top|LEAD_2PLUS|HOME|inventory=1,1,0.81325895684,0.886253223945,0.79322640245,0.892181761354,0.84286700045,0.627191088772,0.812336563184,0.844736098195,0.842866227365,0.86098209079,True,0.79322640245,0.892181761354,0.0989553589042,MODEL_SPREAD_WITHIN_0.10,True,True,L0_EXACT,L0_EXACT,L0_EXACT,1180,478,119,42,,0.842866227365,ct-s1.0-candidate,expected_runs,PENDING_CTS9,COMPACT_POINT_WITH_MODEL_LABEL
development,BALL|DEFENSE|0|0|2|100|6|top|LEAD_2PLUS|HOME|inventory=2,2,0.817769005597,0.873230626976,0.80181090638,0.893877121344,0.849112264179,0.434024127044,0.815236683175,0.850738891553,0.84910492359,0.867730140217,True,0.80181090638,0.893877121344,0.0920662149638,MODEL_SPREAD_WITHIN_0.10,True,True,L0_EXACT,L0_EXACT,L0_EXACT,1180,478,119,42,,0.84910492359,ct-s1.0-candidate,expected_runs,PENDING_CTS9,COMPACT_POINT_WITH_MODEL_LABEL
development,BALL|DEFENSE|0|0|2|100|6|top|TIED|HOME|inventory=1,1,0.820074635984,0.890408344243,0.798918997724,0.893886801677,0.846734185023,0.649543129755,0.817179733244,0.848480923519,0.846721475024,0.864040992808,True,0.798918997724,0.893886801677,0.0949678039526,MODEL_SPREAD_WITHIN_0.10,True,True,L0_EXACT,L0_EXACT,L0_EXACT,645,260,58,27,,0.846721475024,ct-s1.0-candidate,expected_runs,PENDING_CTS9,COMPACT_POINT_WITH_MODEL_LABEL
development,BALL|DEFENSE|0|0|2|100|6|top|TIED|HOME|inventory=2,2,0.813229438263,0.87598692719,0.797836384433,0.892226050691,0.845547330075,0.43733540711,0.811305763568,0.847277058231,0.845439969911,0.868264110922,True,0.797836384433,0.892226050691,0.0943896662575,MODEL_SPREAD_WITHIN_0.10,True,True,L0_EXACT,L0_EXACT,L0_EXACT,645,260,58,27,,0.845439969911,ct-s1.0-candidate,expected_runs,PENDING_CTS9,COMPACT_POINT_WITH_MODEL_LABEL
development,BALL|DEFENSE|0|0|2|100|6|top|TRAIL_1|HOME|inventory=1,1,0.81853350313,0.888424836269,0.795099004282,0.893127374618,0.845060880246,0.635270584105,0.816567681819,0.846767448554,0.845052636138,0.864642522429,True,0.795099004282,0.893127374618,0.0980283703356,MODEL_SPREAD_WITHIN_0.10,True,True,L0_EXACT,L1_NO_SCORE,L1_NO_SCORE,4270,1597,400,154,,0.845052636138,ct-s1.0-candidate,expected_runs,PENDING_CTS9,COMPACT_POINT_WITH_MODEL_LABEL
development,BALL|DEFENSE|0|0|2|100|6|top|TRAIL_1|HOME|inventory=2,2,0.817159940331,0.876809809099,0.799460667733,0.893521319275,0.847990171391,0.44177970595,0.814579046662,0.849536280758,0.847934960535,0.868860533124,True,0.799460667733,0.893521319275,0.0940606515424,MODEL_SPREAD_WITHIN_0.10,True,True,L0_EXACT,L1_NO_SCORE,L1_NO_SCORE,4270,1597,400,154,,0.847934960535,ct-s1.0-candidate,expected_runs,PENDING_CTS9,COMPACT_POINT_WITH_MODEL_LABEL
development,BALL|DEFENSE|0|0|2|100|6|top|TRAIL_2PLUS|HOME|inventory=1,1,0.820897564997,0.888771029783,0.793688314189,0.893097677235,0.844970824575,0.624418099487,0.817157277434,0.846749740396,0.844961424363,0.866867883297,True,0.793688314189,0.893097677235,0.0994093630463,MODEL_SPREAD_WITHIN_0.10,True,True,L0_EXACT,L0_EXACT,L0_EXACT,1544,550,132,49,,0.844961424363,ct-s1.0-candidate,expected_runs,PENDING_CTS9,COMPACT_POINT_WITH_MODEL_LABEL
development,BALL|DEFENSE|0|0|2|100|6|top|TRAIL_2PLUS|HOME|inventory=2,2,0.817567041853,0.879478622587,0.798061937008,0.893694970026,0.847767363273,0.44194438516,0.814698991663,0.849170901488,0.847704198033,0.869135997919,True,0.798061937008,0.893694970026,0.0956330330179,MODEL_SPREAD_WITHIN_0.10,True,True,L0_EXACT,L0_EXACT,L0_EXACT,1544,550,132,49,,0.847704198033,ct-s1.0-candidate,expected_runs,PENDING_CTS9,COMPACT_POINT_WITH_MODEL_LABEL
development,BALL|DEFENSE|0|0|2|100|7|bottom|LEAD_1|AWAY|inventory=1,1,0.814372967613,0.870495544174,0.788967324918,0.88774806606,0.840157339342,0.553312438857,0.812076160609,0.841721632764,0.840023239537,0.855755556841,True,0.788967324918,0.88774806606,0.0987807411415,MODEL_SPREAD_WITHIN_0.10,True,True,L0_EXACT,L1_NO_SCORE,L1_NO_SCORE,4231,1575,420,169,,0.840023239537,ct-s1.0-candidate,expected_runs,PENDING_CTS9,COMPACT_POINT_WITH_MODEL_LABEL
development,BALL|DEFENSE|0|0|2|100|7|bottom|LEAD_1|AWAY|inventory=2,2,0.811463336276,0.832850790237,0.785986759656,0.878718087523,0.836563443964,0.272580169507,0.802542739413,0.838237135263,0.835931436977,0.849317043703,True,0.785986759656,0.878718087523,0.0927313278676,MODEL_SPREAD_WITHIN_0.10,True,True,L0_EXACT,L1_NO_SCORE,L1_NO_SCORE,4231,1575,420,169,,0.835931436977,ct-s1.0-candidate,expected_runs,PENDING_CTS9,COMPACT_POINT_WITH_MODEL_LABEL
development,BALL|DEFENSE|0|0|2|100|7|bottom|LEAD_2PLUS|AWAY|inventory=1,1,0.8140697155,0.875886730906,0.78957276326,0.889319213612,0.840960901021,0.550157463882,0.810912414992,0.842776527333,0.840931462935,0.859686510931,True,0.78957276326,0.889319213612,0.0997464503519,MODEL_SPREAD_WITHIN_0.10,True,True,L0_EXACT,L0_EXACT,L0_EXACT,1336,527,137,61,,0.840931462935,ct-s1.0-candidate,expected_runs,PENDING_CTS9,COMPACT_POINT_WITH_MODEL_LABEL
development,BALL|DEFENSE|0|0|2|100|7|bottom|LEAD_2PLUS|AWAY|inventory=2,2,0.811606320109,0.845714190549,0.791082426327,0.885859057882,0.842040369118,0.292638017383,0.805666470615,0.844168135693,0.841867392782,0.861409379041,True,0.791082426327,0.885859057882,0.0947766315551,MODEL_SPREAD_WITHIN_0.10,True,True,L0_EXACT,L0_EXACT,L0_EXACT,1336,527,137,61,,0.841867392782,ct-s1.0-candidate,expected_runs,PENDING_CTS9,COMPACT_POINT_WITH_MODEL_LABEL
development,BALL|DEFENSE|0|0|2|100|7|bottom|TIED|AWAY|inventory=1,1,0.814372967613,0.870495544174,0.788967324918,0.88774806606,0.840157339342,0.553312438857,0.812076160609,0.841721632764,0.840023239537,0.855755556841,True,0.788967324918,0.88774806606,0.0987807411415,MODEL_SPREAD_WITHIN_0.10,True,True,L0_EXACT,L1_NO_SCORE,L1_NO_SCORE,4231,1575,420,169,,0.840023239537,ct-s1.0-candidate,expected_runs,PENDING_CTS9,COMPACT_POINT_WITH_MODEL_LABEL
development,BALL|DEFENSE|0|0|2|100|7|bottom|TIED|AWAY|inventory=2,2,0.811463336276,0.832850790237,0.785986759656,0.878718087523,0.836563443964,0.272580169507,0.802542739413,0.838237135263,0.835931436977,0.849317043703,True,0.785986759656,0.878718087523,0.0927313278676,MODEL_SPREAD_WITHIN_0.10,True,True,L0_EXACT,L1_NO_SCORE,L1_NO_SCORE,4231,1575,420,169,,0.835931436977,ct-s1.0-candidate,expected_runs,PENDING_CTS9,COMPACT_POINT_WITH_MODEL_LABEL
development,BALL|DEFENSE|0|0|2|100|7|bottom|TRAIL_1|AWAY|inventory=1,1,0.814372967613,0.870495544174,0.788967324918,0.88774806606,0.840157339342,0.553312438857,0.812076160609,0.841721632764,0.840023239537,0.855755556841,True,0.788967324918,0.88774806606,0.0987807411415,MODEL_SPREAD_WITHIN_0.10,True,True,L0_EXACT,L1_NO_SCORE,L1_NO_SCORE,4231,1575,420,169,,0.840023239537,ct-s1.0-candidate,expected_runs,PENDING_CTS9,COMPACT_POINT_WITH_MODEL_LABEL
development,BALL|DEFENSE|0|0|2|100|7|bottom|TRAIL_1|AWAY|inventory=2,2,0.811463336276,0.832850790237,0.785986759656,0.878718087523,0.836563443964,0.272580169507,0.802542739413,0.838237135263,0.835931436977,0.849317043703,True,0.785986759656,0.878718087523,0.0927313278676,MODEL_SPREAD_WITHIN_0.10,True,True,L0_EXACT,L1_NO_SCORE,L1_NO_SCORE,4231,1575,420,169,,0.835931436977,ct-s1.0-candidate,expected_runs,PENDING_CTS9,COMPACT_POINT_WITH_MODEL_LABEL
development,BALL|DEFENSE|0|0|2|100|7|bottom|TRAIL_2PLUS|AWAY|inventory=1,1,0.817173838025,0.864315938024,0.789277133032,0.886624463172,0.840065887386,0.548424892291,0.81569675962,0.841459129947,0.840029475661,0.85200482966,True,0.789277133032,0.886624463172,0.0973473301401,MODEL_SPREAD_WITHIN_0.10,True,True,L0_EXACT,L0_EXACT,L0_EXACT,1554,564,131,50,,0.840029475661,ct-s1.0-candidate,expected_runs,PENDING_CTS9,COMPACT_POINT_WITH_MODEL_LABEL
development,BALL|DEFENSE|0|0|2|100|7|bottom|TRAIL_2PLUS|AWAY|inventory=2,2,0.811528949738,0.812995471708,0.780328420798,0.869830521282,0.829308893537,0.261854635485,0.799114511783,0.831257512844,0.829093476808,0.833921458311,True,0.780328420798,0.869830521282,0.0895021004841,MODEL_SPREAD_WITHIN_0.10,True,True,L0_EXACT,L0_EXACT,L0_EXACT,1554,564,131,50,,0.829093476808,ct-s1.0-candidate,expected_runs,PENDING_CTS9,COMPACT_POINT_WITH_MODEL_LABEL
development,BALL|DEFENSE|0|0|2|100|7|top|LEAD_1|HOME|inventory=1,1,0.817278004869,0.877676241725,0.791931220225,0.890522188634,0.842595774578,0.569141823793,0.813766149467,0.84428328301,0.842505949621,0.861071619914,True,0.791931220225,0.890522188634,0.0985909684089,MODEL_SPREAD_WITHIN_0.10,True,True,L0_EXACT,L1_NO_SCORE,L1_NO_SCORE,4406,1632,465,170,,0.842505949621,ct-s1.0-candidate,expected_runs,PENDING_CTS9,COMPACT_POINT_WITH_MODEL_LABEL
development,BALL|DEFENSE|0|0|2|100|7|top|LEAD_1|HOME|inventory=2,2,0.815879179851,0.853207752932,0.794016856186,0.887406519731,0.843802847663,0.348074625458,0.809664387265,0.845235829204,0.843395769419,0.85975854644,True,0.794016856186,0.887406519731,0.0933896635454,MODEL_SPREAD_WITHIN_0.10,True,True,L0_EXACT,L1_NO_SCORE,L1_NO_SCORE,4406,1632,465,170,,0.843395769419,ct-s1.0-candidate,expected_runs,PENDING_CTS9,COMPACT_POINT_WITH_MODEL_LABEL
development,BALL|DEFENSE|0|0|2|100|7|top|LEAD_2PLUS|HOME|inventory=1,1,0.819422120966,0.872612029867,0.791641274658,0.889810101786,0.842215763498,0.54701525548,0.814109387884,0.843757983743,0.842205110408,0.859269944404,True,0.791641274658,0.889810101786,0.0981688271277,MODEL_SPREAD_WITHIN_0.10,True,True,L0_EXACT,L0_EXACT,L0_EXACT,1373,523,159,52,,0.842205110408,ct-s1.0-candidate,expected_runs,PENDING_CTS9,COMPACT_POINT_WITH_MODEL_LABEL
development,BALL|DEFENSE|0|0|2|100|7|top|LEAD_2PLUS|HOME|inventory=2,2,0.816318728723,0.837357925196,0.789245124435,0.882512767477,0.8393417733,0.31162248346,0.807291046111,0.840949611253,0.8392589697,0.854354775111,True,0.789245124435,0.882512767477,0.0932676430419,MODEL_SPREAD_WITHIN_0.10,True,True,L0_EXACT,L0_EXACT,L0_EXACT,1373,523,159,52,,0.8392589697,ct-s1.0-candidate,expected_runs,PENDING_CTS9,COMPACT_POINT_WITH_MODEL_LABEL
development,BALL|DEFENSE|0|0|2|100|7|top|TIED|HOME|inventory=1,1,0.817278004869,0.877676241725,0.791931220225,0.890522188634,0.842595774578,0.569141823793,0.813766149467,0.84428328301,0.842505949621,0.861071619914,True,0.791931220225,0.890522188634,0.0985909684089,MODEL_SPREAD_WITHIN_0.10,True,True,L0_EXACT,L1_NO_SCORE,L1_NO_SCORE,4406,1632,465,170,,0.842505949621,ct-s1.0-candidate,expected_runs,PENDING_CTS9,COMPACT_POINT_WITH_MODEL_LABEL
development,BALL|DEFENSE|0|0|2|100|7|top|TIED|HOME|inventory=2,2,0.815879179851,0.853207752932,0.794016856186,0.887406519731,0.843802847663,0.348074625458,0.809664387265,0.845235829204,0.843395769419,0.85975854644,True,0.794016856186,0.887406519731,0.0933896635454,MODEL_SPREAD_WITHIN_0.10,True,True,L0_EXACT,L1_NO_SCORE,L1_NO_SCORE,4406,1632,465,170,,0.843395769419,ct-s1.0-candidate,expected_runs,PENDING_CTS9,COMPACT_POINT_WITH_MODEL_LABEL
development,BALL|DEFENSE|0|0|2|100|7|top|TRAIL_1|HOME|inventory=1,1,0.817278004869,0.877676241725,0.791931220225,0.890522188634,0.842595774578,0.569141823793,0.813766149467,0.84428328301,0.842505949621,0.861071619914,True,0.791931220225,0.890522188634,0.0985909684089,MODEL_SPREAD_WITHIN_0.10,True,True,L0_EXACT,L1_NO_SCORE,L1_NO_SCORE,4406,1632,465,170,,0.842505949621,ct-s1.0-candidate,expected_runs,PENDING_CTS9,COMPACT_POINT_WITH_MODEL_LABEL
development,BALL|DEFENSE|0|0|2|100|7|top|TRAIL_1|HOME|inventory=2,2,0.815879179851,0.853207752932,0.794016856186,0.887406519731,0.843802847663,0.348074625458,0.809664387265,0.845235829204,0.843395769419,0.85975854644,True,0.794016856186,0.887406519731,0.0933896635454,MODEL_SPREAD_WITHIN_0.10,True,True,L0_EXACT,L1_NO_SCORE,L1_NO_SCORE,4406,1632,465,170,,0.843395769419,ct-s1.0-candidate,expected_runs,PENDING_CTS9,COMPACT_POINT_WITH_MODEL_LABEL
development,BALL|DEFENSE|0|0|2|100|7|top|TRAIL_2PLUS|HOME|inventory=2,2,0.814438627517,0.860952224729,0.796117892942,0.88991449756,0.84530502934,0.3939855159,0.809635636485,0.84691576086,0.845063703192,0.862111826375,True,0.796117892942,0.88991449756,0.0937966046179,MODEL_SPREAD_WITHIN_0.10,True,True,L0_EXACT,L0_EXACT,L0_EXACT,1611,592,174,67,,0.845063703192,ct-s1.0-candidate,expected_runs,PENDING_CTS9,COMPACT_POINT_WITH_MODEL_LABEL
development,BALL|DEFENSE|0|0|2|100|8|bottom|LEAD_1|AWAY|inventory=1,1,0.802160953851,0.818942307488,0.764901272681,0.863148893223,0.817907860089,0.386824677194,0.789493947169,0.818299016997,0.816436169849,0.825178178605,True,0.764901272681,0.863148893223,0.0982476205423,MODEL_SPREAD_WITHIN_0.10,True,True,L0_EXACT,L1_NO_SCORE,L1_NO_SCORE,4410,1612,460,157,,0.816436169849,ct-s1.0-candidate,expected_runs,PENDING_CTS9,COMPACT_POINT_WITH_MODEL_LABEL
development,BALL|DEFENSE|0|0|2|100|8|bottom|LEAD_1|AWAY|inventory=2,2,0.765115376373,0.718399356966,0.713788006672,0.808033842847,0.772745942259,0.0927504608846,0.730480160092,0.770635138429,0.767492096432,0.767222386373,True,0.713788006672,0.808033842847,0.0942458361749,MODEL_SPREAD_WITHIN_0.10,True,True,L0_EXACT,L1_NO_SCORE,L1_NO_SCORE,4410,1612,460,157,,0.767492096432,ct-s1.0-candidate,expected_runs,PENDING_CTS9,COMPACT_POINT_WITH_MODEL_LABEL
development,BALL|DEFENSE|0|0|2|100|8|bottom|LEAD_2PLUS|AWAY|inventory=1,1,0.812002893602,0.841315166798,0.778825884182,0.876511280045,0.829673222404,0.407997541185,0.803191324934,0.831456855993,0.82947413843,0.848658325512,True,0.778825884182,0.876511280045,0.0976853958628,MODEL_SPREAD_WITHIN_0.10,True,True,L0_EXACT,L0_EXACT,L0_EXACT,1523,587,158,56,,0.82947413843,ct-s1.0-candidate,expected_runs,PENDING_CTS9,COMPACT_POINT_WITH_MODEL_LABEL
development,BALL|DEFENSE|0|0|2|100|8|bottom|LEAD_2PLUS|AWAY|inventory=2,2,0.795175440019,0.758362506933,0.752247350955,0.843147801055,0.804763447319,0.092192848291,0.771532322223,0.806698867174,0.803768056265,0.816090034895,True,0.752247350955,0.843147801055,0.0909004501005,MODEL_SPREAD_WITHIN_0.10,True,True,L0_EXACT,L0_EXACT,L0_EXACT,1523,587,158,56,,0.803768056265,ct-s1.0-candidate,expected_runs,PENDING_CTS9,COMPACT_POINT_WITH_MODEL_LABEL
development,BALL|DEFENSE|0|0|2|100|8|bottom|TIED|AWAY|inventory=1,1,0.802160953851,0.818942307488,0.764901272681,0.863148893223,0.817907860089,0.386824677194,0.789493947169,0.818299016997,0.816436169849,0.825178178605,True,0.764901272681,0.863148893223,0.0982476205423,MODEL_SPREAD_WITHIN_0.10,True,True,L0_EXACT,L1_NO_SCORE,L1_NO_SCORE,4410,1612,460,157,,0.816436169849,ct-s1.0-candidate,expected_runs,PENDING_CTS9,COMPACT_POINT_WITH_MODEL_LABEL
development,BALL|DEFENSE|0|0|2|100|8|bottom|TIED|AWAY|inventory=2,2,0.765115376373,0.718399356966,0.713788006672,0.808033842847,0.772745942259,0.0927504608846,0.730480160092,0.770635138429,0.767492096432,0.767222386373,True,0.713788006672,0.808033842847,0.0942458361749,MODEL_SPREAD_WITHIN_0.10,True,True,L0_EXACT,L1_NO_SCORE,L1_NO_SCORE,4410,1612,460,157,,0.767492096432,ct-s1.0-candidate,expected_runs,PENDING_CTS9,COMPACT_POINT_WITH_MODEL_LABEL
development,BALL|DEFENSE|0|0|2|100|8|bottom|TRAIL_2PLUS|AWAY|inventory=1,1,0.786782818532,0.769547588432,0.741006780954,0.838391044239,0.793802301824,0.347976281793,0.76559661517,0.795513378719,0.793625816811,0.7814919767,True,0.741006780954,0.838391044239,0.0973842632841,MODEL_SPREAD_WITHIN_0.10,True,True,L0_EXACT,L0_EXACT,L0_EXACT,1537,584,149,57,,0.793625816811,ct-s1.0-candidate,expected_runs,PENDING_CTS9,COMPACT_POINT_WITH_MODEL_LABEL
development,BALL|DEFENSE|0|0|2|100|8|top|LEAD_1|HOME|inventory=1,1,0.815779583698,0.852271486046,0.784784594199,0.882457526083,0.836634701346,0.473488302318,0.807867579624,0.837742174844,0.835975917938,0.850804112851,True,0.784784594199,0.882457526083,0.0976729318835,MODEL_SPREAD_WITHIN_0.10,True,True,L0_EXACT,L1_NO_SCORE,L1_NO_SCORE,4246,1570,463,160,,0.835975917938,ct-s1.0-candidate,expected_runs,PENDING_CTS9,COMPACT_POINT_WITH_MODEL_LABEL
development,BALL|DEFENSE|0|0|2|100|8|top|LEAD_1|HOME|inventory=2,2,0.805708178872,0.794709584523,0.767631274283,0.85926864009,0.820951146215,0.200297083137,0.78693495272,0.820856880612,0.818677165064,0.82679541222,True,0.767631274283,0.85926864009,0.0916373658068,MODEL_SPREAD_WITHIN_0.10,True,True,L0_EXACT,L1_NO_SCORE,L1_NO_SCORE,4246,1570,463,160,,0.818677165064,ct-s1.0-candidate,expected_runs,PENDING_CTS9,COMPACT_POINT_WITH_MODEL_LABEL
development,BALL|DEFENSE|0|0|2|100|8|top|LEAD_2PLUS|HOME|inventory=2,2,0.790522825116,0.755824258223,0.740555249803,0.837593885592,0.795838017879,0.17789539767,0.762312846667,0.79779021007,0.795638056558,0.807900167892,True,0.740555249803,0.837593885592,0.0970386357891,MODEL_SPREAD_WITHIN_0.10,True,True,L0_EXACT,L0_EXACT,L0_EXACT,1367,527,159,54,,0.795638056558,ct-s1.0-candidate,expected_runs,PENDING_CTS9,COMPACT_POINT_WITH_MODEL_LABEL
development,BALL|DEFENSE|0|0|2|100|8|top|TIED|HOME|inventory=1,1,0.815779583698,0.852271486046,0.784784594199,0.882457526083,0.836634701346,0.473488302318,0.807867579624,0.837742174844,0.835975917938,0.850804112851,True,0.784784594199,0.882457526083,0.0976729318835,MODEL_SPREAD_WITHIN_0.10,True,True,L0_EXACT,L1_NO_SCORE,L1_NO_SCORE,4246,1570,463,160,,0.835975917938,ct-s1.0-candidate,expected_runs,PENDING_CTS9,COMPACT_POINT_WITH_MODEL_LABEL
development,BALL|DEFENSE|0|0|2|100|8|top|TIED|HOME|inventory=2,2,0.805708178872,0.794709584523,0.767631274283,0.85926864009,0.820951146215,0.200297083137,0.78693495272,0.820856880612,0.818677165064,0.82679541222,True,0.767631274283,0.85926864009,0.0916373658068,MODEL_SPREAD_WITHIN_0.10,True,True,L0_EXACT,L1_NO_SCORE,L1_NO_SCORE,4246,1570,463,160,,0.818677165064,ct-s1.0-candidate,expected_runs,PENDING_CTS9,COMPACT_POINT_WITH_MODEL_LABEL
development,BALL|DEFENSE|0|0|2|100|8|top|TRAIL_1|HOME|inventory=1,1,0.815779583698,0.852271486046,0.784784594199,0.882457526083,0.836634701346,0.473488302318,0.807867579624,0.837742174844,0.835975917938,0.850804112851,True,0.784784594199,0.882457526083,0.0976729318835,MODEL_SPREAD_WITHIN_0.10,True,True,L0_EXACT,L1_NO_SCORE,L1_NO_SCORE,4246,1570,463,160,,0.835975917938,ct-s1.0-candidate,expected_runs,PENDING_CTS9,COMPACT_POINT_WITH_MODEL_LABEL
development,BALL|DEFENSE|0|0|2|100|8|top|TRAIL_1|HOME|inventory=2,2,0.805708178872,0.794709584523,0.767631274283,0.85926864009,0.820951146215,0.200297083137,0.78693495272,0.820856880612,0.818677165064,0.82679541222,True,0.767631274283,0.85926864009,0.0916373658068,MODEL_SPREAD_WITHIN_0.10,True,True,L0_EXACT,L1_NO_SCORE,L1_NO_SCORE,4246,1570,463,160,,0.818677165064,ct-s1.0-candidate,expected_runs,PENDING_CTS9,COMPACT_POINT_WITH_MODEL_LABEL
development,BALL|DEFENSE|0|0|2|100|8|top|TRAIL_2PLUS|HOME|inventory=1,1,0.819731964561,0.860961837577,0.792796792367,0.887640121735,0.842707909742,0.519839432394,0.812806107669,0.844237648099,0.842501983619,0.854477070776,True,0.792796792367,0.887640121735,0.0948433293674,MODEL_SPREAD_WITHIN_0.10,True,True,L0_EXACT,L0_EXACT,L0_EXACT,1587,582,169,60,,0.842501983619,ct-s1.0-candidate,expected_runs,PENDING_CTS9,COMPACT_POINT_WITH_MODEL_LABEL
development,BALL|DEFENSE|0|0|2|100|8|top|TRAIL_2PLUS|HOME|inventory=2,2,0.811390910738,0.801596105248,0.780206732418,0.867636150975,0.82945362957,0.22815984748,0.796979090104,0.831018979151,0.828653394508,0.830578365609,True,0.780206732418,0.867636150975,0.0874294185565,MODEL_SPREAD_WITHIN_0.10,True,True,L0_EXACT,L0_EXACT,L0_EXACT,1587,582,169,60,,0.828653394508,ct-s1.0-candidate,expected_runs,PENDING_CTS9,COMPACT_POINT_WITH_MODEL_LABEL
development,BALL|DEFENSE|0|0|2|100|9|top|TIED|HOME|inventory=2,2,0.661585035124,0.594256583696,0.592864382277,0.691543415008,0.676235704888,0.0582493464485,0.598058996885,0.65610610947,0.651470862364,0.627371347105,True,0.592864382277,0.691543415008,0.098679032731,MODEL_SPREAD_WITHIN_0.10,True,True,L0_EXACT,L1_NO_SCORE,L1_NO_SCORE,4014,1542,458,169,,0.651470862364,ct-s1.0-candidate,expected_runs,PENDING_CTS9,COMPACT_POINT_WITH_MODEL_LABEL
development,BALL|DEFENSE|0|0|2|100|9|top|TRAIL_1|HOME|inventory=2,2,0.661585035124,0.594256583696,0.592864382277,0.691543415008,0.676235704888,0.0582493464485,0.598058996885,0.65610610947,0.651470862364,0.627371347105,True,0.592864382277,0.691543415008,0.098679032731,MODEL_SPREAD_WITHIN_0.10,True,True,L0_EXACT,L1_NO_SCORE,L1_NO_SCORE,4014,1542,458,169,,0.651470862364,ct-s1.0-candidate,expected_runs,PENDING_CTS9,COMPACT_POINT_WITH_MODEL_LABEL
development,BALL|DEFENSE|0|0|2|1|9|top|LEAD_2PLUS|HOME|inventory=2,2,0.45677332704,0.379785631814,0.383504792819,0.476453399226,0.442051278568,0.00495080325945,0.419589794135,0.433516837578,0.4390420782,0.454645276754,True,0.379785631814,0.476453399226,0.0966677674119,MODEL_SPREAD_WITHIN_0.10,True,True,L0_EXACT,L0_EXACT,L0_EXACT,1367,569,151,60,,0.4390420782,ct-s1.0-candidate,expected_runs,PENDING_CTS9,COMPACT_POINT_WITH_MODEL_LABEL
development,BALL|DEFENSE|0|1|2|100|9|bottom|LEAD_2PLUS|AWAY|inventory=2,2,0.336869275225,0.281094913415,0.268223594561,0.363275647949,0.33123351215,0.000427712111632,0.350013398174,0.328392700969,0.32504159276,0.351758498303,True,0.268223594561,0.363275647949,0.0950520533883,MODEL_SPREAD_WITHIN_0.10,True,True,L0_EXACT,L0_EXACT,L0_EXACT,1398,569,156,53,,0.32504159276,ct-s1.0-candidate,expected_runs,PENDING_CTS9,COMPACT_POINT_WITH_MODEL_LABEL
development,BALL|DEFENSE|0|1|2|100|9|top|LEAD_2PLUS|HOME|inventory=2,2,0.353362054213,0.284670243952,0.287890316893,0.371634752201,0.339887605073,0.00322305838624,0.366061078581,0.339842429964,0.337153618441,0.351404128714,True,0.284670243952,0.371634752201,0.0869645082492,MODEL_SPREAD_WITHIN_0.10,True,True,L0_EXACT,L0_EXACT,L0_EXACT,1367,569,151,60,,0.337153618441,ct-s1.0-candidate,expected_runs,PENDING_CTS9,COMPACT_POINT_WITH_MODEL_LABEL
development,BALL|DEFENSE|0|1|2|10|9|top|LEAD_2PLUS|HOME|inventory=2,2,0.431445849879,0.355929997689,0.359550975844,0.450940537635,0.416913614692,0.00447013070451,0.366061078581,0.412161715155,0.413948578691,0.42934253706,True,0.355929997689,0.450940537635,0.0950105399456,MODEL_SPREAD_WITHIN_0.10,True,True,L0_EXACT,L0_EXACT,L0_EXACT,1367,569,151,60,,0.413948578691,ct-s1.0-candidate,expected_runs,PENDING_CTS9,COMPACT_POINT_WITH_MODEL_LABEL
development,BALL|DEFENSE|0|1|2|110|9|bottom|LEAD_2PLUS|AWAY|inventory=2,2,0.31949294722,0.265443919664,0.253037012746,0.345246376829,0.314010231392,0.000395304740029,0.350013398174,0.306834558154,0.307991999366,0.334000984583,True,0.253037012746,0.350013398174,0.0969763854287,MODEL_SPREAD_WITHIN_0.10,True,True,L0_EXACT,L0_EXACT,L0_EXACT,1398,569,156,53,,0.307991999366,ct-s1.0-candidate,expected_runs,PENDING_CTS9,COMPACT_POINT_WITH_MODEL_LABEL
development,BALL|DEFENSE|0|1|2|110|9|top|LEAD_2PLUS|HOME|inventory=2,2,0.335565494237,0.268894639261,0.272004119568,0.353420893686,0.322431287092,0.00297948140585,0.366061078581,0.317888414137,0.319769696074,0.333655296535,True,0.268894639261,0.366061078581,0.0971664393192,MODEL_SPREAD_WITHIN_0.10,True,True,L0_EXACT,L0_EXACT,L0_EXACT,1367,569,151,60,,0.319769696074,ct-s1.0-candidate,expected_runs,PENDING_CTS9,COMPACT_POINT_WITH_MODEL_LABEL
development,BALL|DEFENSE|0|1|2|1|9|bottom|LEAD_2PLUS|AWAY|inventory=2,2,0.328985131994,0.273976807576,0.261312952125,0.355104432947,0.323416939841,0.000412800204347,0.350013398174,0.307271112781,0.3173018122,0.343706500243,True,0.261312952125,0.355104432947,0.0937914808218,MODEL_SPREAD_WITHIN_0.10,True,True,L0_EXACT,L0_EXACT,L0_EXACT,1398,569,156,53,,0.3173018122,ct-s1.0-candidate,expected_runs,PENDING_CTS9,COMPACT_POINT_WITH_MODEL_LABEL
development,BALL|DEFENSE|0|1|2|1|9|top|LEAD_2PLUS|HOME|inventory=2,2,0.345292901762,0.277496548093,0.280667313598,0.363382820338,0.331968184013,0.00311099185218,0.366061078581,0.318333473245,0.329266124729,0.343355945838,True,0.277496548093,0.366061078581,0.088564530488,MODEL_SPREAD_WITHIN_0.10,True,True,L0_EXACT,L0_EXACT,L0_EXACT,1367,569,151,60,,0.329266124729,ct-s1.0-candidate,expected_runs,PENDING_CTS9,COMPACT_POINT_WITH_MODEL_LABEL
development,BALL|DEFENSE|0|2|0|110|9|top|LEAD_2PLUS|HOME|inventory=2,2,0.278367833865,0.239133100236,0.223985393471,0.311787892332,0.27190198953,0.011723960285,0.215408471358,0.283106917758,0.270547354524,0.297209346465,True,0.215408471358,0.311787892332,0.0963794209747,MODEL_SPREAD_WITHIN_0.10,True,True,L0_EXACT,L0_EXACT,L0_EXACT,1637,641,158,65,,0.270547354524,ct-s1.0-candidate,expected_runs,PENDING_CTS9,COMPACT_POINT_WITH_MODEL_LABEL
development,BALL|DEFENSE|0|2|1|100|9|bottom|LEAD_2PLUS|AWAY|inventory=2,2,0.331999893886,0.278322203546,0.264796288732,0.360876748402,0.321215141741,0.00329105987096,0.300495461279,0.323952280165,0.317490843665,0.344578555967,True,0.264796288732,0.360876748402,0.09608045967,MODEL_SPREAD_WITHIN_0.10,True,True,L0_EXACT,L0_EXACT,L0_EXACT,1456,583,156,57,,0.317490843665,ct-s1.0-candidate,expected_runs,PENDING_CTS9,COMPACT_POINT_WITH_MODEL_LABEL
development,BALL|DEFENSE|0|2|1|101|9|bottom|LEAD_2PLUS|AWAY|inventory=2,2,0.177452657083,0.143398195071,0.135200910505,0.196848440935,0.170407553652,0.00143121738732,0.145801325601,0.169782469331,0.167999020544,0.185804590338,True,0.135200910505,0.196848440935,0.0616475304302,MODEL_SPREAD_WITHIN_0.10,True,True,L0_EXACT,L0_EXACT,L0_EXACT,1456,583,156,57,,0.167999020544,ct-s1.0-candidate,expected_runs,PENDING_CTS9,COMPACT_POINT_WITH_MODEL_LABEL
development,BALL|DEFENSE|0|2|1|111|8|bottom|TRAIL_2PLUS|AWAY|inventory=2,2,0.210188962793,0.160802947229,0.163692924844,0.237649835359,0.203126088636,0.0149078638309,0.174762796553,0.210375260719,0.202893371016,0.190387533056,True,0.160802947229,0.237649835359,0.0768468881306,MODEL_SPREAD_WITHIN_0.10,True,True,L0_EXACT,L0_EXACT,L0_EXACT,1449,540,184,63,,0.202893371016,ct-s1.0-candidate,expected_runs,PENDING_CTS9,COMPACT_POINT_WITH_MODEL_LABEL
development,BALL|DEFENSE|0|2|1|11|8|bottom|TRAIL_2PLUS|AWAY|inventory=2,2,0.228700223205,0.175933648713,0.17903754292,0.257790188739,0.221189524764,0.0165818678884,0.186802442349,0.232283263393,0.220941850108,0.207613299783,True,0.175933648713,0.257790188739,0.0818565400261,MODEL_SPREAD_WITHIN_0.10,True,True,L0_EXACT,L0_EXACT,L0_EXACT,1449,540,184,63,,0.220941850108,ct-s1.0-candidate,expected_runs,PENDING_CTS9,COMPACT_POINT_WITH_MODEL_LABEL
development,BALL|DEFENSE|0|2|2|100|9|top|LEAD_1|HOME|inventory=2,2,0.378258678265,0.313088126968,0.311848360975,0.410967632926,0.393938757953,0.018885047279,0.360235827417,0.375518235038,0.367768800509,0.343811346433,True,0.311848360975,0.410967632926,0.0991192719509,MODEL_SPREAD_WITHIN_0.10,True,True,L0_EXACT,L1_NO_SCORE,L1_NO_SCORE,4014,1542,458,169,,0.367768800509,ct-s1.0-candidate,expected_runs,PENDING_CTS9,COMPACT_POINT_WITH_MODEL_LABEL
development,BALL|DEFENSE|0|2|2|100|9|top|LEAD_2PLUS|HOME|inventory=2,2,0.244643271845,0.190848259885,0.193293831174,0.259550581743,0.233815480701,0.00191276290928,0.214808218369,0.236956431628,0.2316353184,0.243061309826,True,0.190848259885,0.259550581743,0.0687023218586,MODEL_SPREAD_WITHIN_0.10,True,True,L0_EXACT,L0_EXACT,L0_EXACT,1367,569,151,60,,0.2316353184,ct-s1.0-candidate,expected_runs,PENDING_CTS9,COMPACT_POINT_WITH_MODEL_LABEL
development,BALL|DEFENSE|0|2|2|100|9|top|TIED|HOME|inventory=2,2,0.378258678265,0.313088126968,0.311848360975,0.410967632926,0.393938757953,0.018885047279,0.360235827417,0.375518235038,0.367768800509,0.343811346433,True,0.311848360975,0.410967632926,0.0991192719509,MODEL_SPREAD_WITHIN_0.10,True,True,L0_EXACT,L1_NO_SCORE,L1_NO_SCORE,4014,1542,458,169,,0.367768800509,ct-s1.0-candidate,expected_runs,PENDING_CTS9,COMPACT_POINT_WITH_MODEL_LABEL
development,BALL|DEFENSE|0|2|2|100|9|top|TRAIL_1|HOME|inventory=2,2,0.378258678265,0.313088126968,0.311848360975,0.410967632926,0.393938757953,0.018885047279,0.360235827417,0.375518235038,0.367768800509,0.343811346433,True,0.311848360975,0.410967632926,0.0991192719509,MODEL_SPREAD_WITHIN_0.10,True,True,L0_EXACT,L1_NO_SCORE,L1_NO_SCORE,4014,1542,458,169,,0.367768800509,ct-s1.0-candidate,expected_runs,PENDING_CTS9,COMPACT_POINT_WITH_MODEL_LABEL
development,BALL|DEFENSE|0|2|2|101|9|top|TRAIL_2PLUS|HOME|inventory=2,2,0.254658039295,0.17446745804,0.19821200658,0.267869112774,0.243352129906,0.0109842530431,0.203608688002,0.250227574186,0.237942419618,0.202564098704,True,0.17446745804,0.267869112774,0.0934016547342,MODEL_SPREAD_WITHIN_0.10,True,True,L0_EXACT,L0_EXACT,L0_EXACT,1489,554,177,63,,0.237942419618,ct-s1.0-candidate,expected_runs,PENDING_CTS9,COMPACT_POINT_WITH_MODEL_LABEL
development,BALL|DEFENSE|0|2|2|10|9|bottom|LEAD_2PLUS|AWAY|inventory=2,2,0.183115936067,0.14714921508,0.13922347135,0.201125394134,0.179356719187,0.000188781230592,0.148824226907,0.180534048707,0.175259881244,0.193189232848,True,0.13922347135,0.201125394134,0.0619019227834,MODEL_SPREAD_WITHIN_0.10,True,True,L0_EXACT,L0_EXACT,L0_EXACT,1398,569,156,53,,0.175259881244,ct-s1.0-candidate,expected_runs,PENDING_CTS9,COMPACT_POINT_WITH_MODEL_LABEL
development,BALL|DEFENSE|0|2|2|10|9|top|LEAD_2PLUS|HOME|inventory=2,2,0.19428657444,0.149374845719,0.151388399245,0.206966161709,0.185141266436,0.0014248017214,0.157888302448,0.188273725581,0.183306374188,0.192947061585,True,0.149374845719,0.206966161709,0.0575913159898,MODEL_SPREAD_WITHIN_0.10,True,True,L0_EXACT,L0_EXACT,L0_EXACT,1367,569,151,60,,0.183306374188,ct-s1.0-candidate,expected_runs,PENDING_CTS9,COMPACT_POINT_WITH_MODEL_LABEL
development,BALL|DEFENSE|0|2|2|110|9|top|TRAIL_2PLUS|HOME|inventory=2,2,0.262504728322,0.180441444473,0.204797337351,0.275972147917,0.250967753605,0.0114379274535,0.231756647733,0.251702836477,0.245443664675,0.209256285193,True,0.180441444473,0.275972147917,0.0955307034439,MODEL_SPREAD_WITHIN_0.10,True,True,L0_EXACT,L0_EXACT,L0_EXACT,1489,554,177,63,,0.245443664675,ct-s1.0-candidate,expected_runs,PENDING_CTS9,COMPACT_POINT_WITH_MODEL_LABEL
development,BALL|DEFENSE|0|2|2|111|9|top|TRAIL_2PLUS|HOME|inventory=2,2,0.183996365931,0.122402662842,0.140265287098,0.194498261978,0.17509063074,0.00727630747515,0.144873808951,0.17764456588,0.170855721731,0.143572886849,True,0.122402662842,0.194498261978,0.0720955991352,MODEL_SPREAD_WITHIN_0.10,True,True,L0_EXACT,L0_EXACT,L0_EXACT,1489,554,177,63,,0.170855721731,ct-s1.0-candidate,expected_runs,PENDING_CTS9,COMPACT_POINT_WITH_MODEL_LABEL
development,BALL|DEFENSE|0|2|2|11|9|bottom|LEAD_2PLUS|AWAY|inventory=2,2,0.120573253164,0.0954553941869,0.09002008893,0.133436402355,0.117912654349,0.000115471882607,0.0909544713265,0.120349061271,0.115022596001,0.127744071351,True,0.09002008893,0.133436402355,0.0434163134255,MODEL_SPREAD_WITHIN_0.10,True,True,L0_EXACT,L0_EXACT,L0_EXACT,1398,569,156,53,,0.115022596001,ct-s1.0-candidate,expected_runs,PENDING_CTS9,COMPACT_POINT_WITH_MODEL_LABEL
development,BALL|DEFENSE|0|2|2|11|9|top|LEAD_2PLUS|HOME|inventory=2,2,0.128528894976,0.0969880720424,0.0983771287977,0.137650155707,0.122010157578,0.000871927566579,0.096895236255,0.125904974568,0.120708259003,0.127570966783,True,0.096895236255,0.137650155707,0.0407549194524,MODEL_SPREAD_WITHIN_0.10,True,True,L0_EXACT,L0_EXACT,L0_EXACT,1367,569,151,60,,0.120708259003,ct-s1.0-candidate,expected_runs,PENDING_CTS9,COMPACT_POINT_WITH_MODEL_LABEL
development,BALL|DEFENSE|1|0|1|110|9|bottom|LEAD_2PLUS|AWAY|inventory=2,2,0.332507930779,0.278782381044,0.26524232197,0.361405066595,0.321714623532,0.00329857977082,0.358583439173,0.3065490442,0.317987247237,0.345095897272,True,0.26524232197,0.361405066595,0.0961627446246,MODEL_SPREAD_WITHIN_0.10,True,True,L0_EXACT,L0_EXACT,L0_EXACT,1456,583,156,57,,0.317987247237,ct-s1.0-candidate,expected_runs,PENDING_CTS9,COMPACT_POINT_WITH_MODEL_LABEL
development,BALL|DEFENSE|1|0|2|10|9|top|LEAD_2PLUS|HOME|inventory=2,2,0.336635768471,0.269838627799,0.272954948804,0.354517731111,0.323480064922,0.00299376390732,0.365647417549,0.315214579068,0.320813915592,0.334722547488,True,0.269838627799,0.365647417549,0.09580878975,MODEL_SPREAD_WITHIN_0.10,True,True,L0_EXACT,L0_EXACT,L0_EXACT,1367,569,151,60,,0.320813915592,ct-s1.0-candidate,expected_runs,PENDING_CTS9,COMPACT_POINT_WITH_MODEL_LABEL
development,BALL|DEFENSE|1|1|2|100|9|bottom|LEAD_2PLUS|AWAY|inventory=2,2,0.367935524756,0.309417605542,0.295782980553,0.395325356574,0.362063798604,0.000490086269744,0.318044324059,0.359084490297,0.355602001771,0.383403955551,True,0.295782980553,0.395325356574,0.0995423760209,MODEL_SPREAD_WITHIN_0.10,True,True,L0_EXACT,L0_EXACT,L0_EXACT,1398,569,156,53,,0.355602001771,ct-s1.0-candidate,expected_runs,PENDING_CTS9,COMPACT_POINT_WITH_MODEL_LABEL
development,BALL|DEFENSE|1|1|2|100|9|top|LEAD_2PLUS|HOME|inventory=2,2,0.385066079323,0.313196237618,0.31659617319,0.403954063147,0.371076445592,0.00369157825894,0.333378041138,0.371013168004,0.368231529212,0.383036543246,True,0.313196237618,0.403954063147,0.0907578255288,MODEL_SPREAD_WITHIN_0.10,True,True,L0_EXACT,L0_EXACT,L0_EXACT,1367,569,151,60,,0.368231529212,ct-s1.0-candidate,expected_runs,PENDING_CTS9,COMPACT_POINT_WITH_MODEL_LABEL
development,BALL|DEFENSE|1|1|2|10|9|bottom|LEAD_2PLUS|AWAY|inventory=2,2,0.327522355324,0.2726592317,0.260034465082,0.353586717802,0.321967041775,0.000410071944839,0.318041877218,0.317078629192,0.31586653002,0.34221164952,True,0.260034465082,0.353586717802,0.0935522527201,MODEL_SPREAD_WITHIN_0.10,True,True,L0_EXACT,L0_EXACT,L0_EXACT,1398,569,156,53,,0.31586653002,ct-s1.0-candidate,expected_runs,PENDING_CTS9,COMPACT_POINT_WITH_MODEL_LABEL
development,BALL|DEFENSE|1|1|2|10|9|top|LEAD_2PLUS|HOME|inventory=2,2,0.343794765752,0.276168484179,0.27932994162,0.361849576049,0.330498676519,0.00309048596721,0.333375533997,0.328326728509,0.32780270902,0.34186182557,True,0.276168484179,0.361849576049,0.0856810918695,MODEL_SPREAD_WITHIN_0.10,True,True,L0_EXACT,L0_EXACT,L0_EXACT,1367,569,151,60,,0.32780270902,ct-s1.0-candidate,expected_runs,PENDING_CTS9,COMPACT_POINT_WITH_MODEL_LABEL
development,BALL|DEFENSE|1|1|2|110|9|bottom|LEAD_2PLUS|AWAY|inventory=2,2,0.305368428903,0.252821133835,0.240810800658,0.330536332053,0.300021236369,0.000370155255491,0.318044324059,0.294345115413,0.294156146833,0.31953624576,True,0.240810800658,0.330536332053,0.0897255313952,MODEL_SPREAD_WITHIN_0.10,True,True,L0_EXACT,L0_EXACT,L0_EXACT,1398,569,156,53,,0.294156146833,ct-s1.0-candidate,expected_runs,PENDING_CTS9,COMPACT_POINT_WITH_MODEL_LABEL
development,BALL|DEFENSE|1|1|2|1|9|top|LEAD_2PLUS|HOME|inventory=2,2,0.370412814747,0.299943895725,0.303263492544,0.389036760195,0.356646785134,0.00346922369716,0.333378041138,0.374402023367,0.353850253984,0.36841423996,True,0.299943895725,0.389036760195,0.0890928644702,MODEL_SPREAD_WITHIN_0.10,True,True,L0_EXACT,L0_EXACT,L0_EXACT,1367,569,151,60,,0.353850253984,ct-s1.0-candidate,expected_runs,PENDING_CTS9,COMPACT_POINT_WITH_MODEL_LABEL
development,BALL|DEFENSE|1|2|0|100|9|top|LEAD_2PLUS|HOME|inventory=2,2,0.333640069086,0.289742874162,0.272537639898,0.370290915419,0.326471198764,0.0151644254897,0.336775515677,0.332374157315,0.324966036561,0.354385488706,True,0.272537639898,0.370290915419,0.0977532755208,MODEL_SPREAD_WITHIN_0.10,True,True,L0_EXACT,L0_EXACT,L0_EXACT,1637,641,158,65,,0.324966036561,ct-s1.0-candidate,expected_runs,PENDING_CTS9,COMPACT_POINT_WITH_MODEL_LABEL
development,BALL|DEFENSE|1|2|0|10|9|bottom|LEAD_2PLUS|AWAY|inventory=2,2,0.26324606658,0.232636060368,0.210168086003,0.300667810947,0.259083549885,0.0115016832688,0.24152990961,0.265064328907,0.257111775318,0.288710270472,True,0.210168086003,0.300667810947,0.0904997249435,MODEL_SPREAD_WITHIN_0.10,True,True,L0_EXACT,L0_EXACT,L0_EXACT,1550,629,142,64,,0.257111775318,ct-s1.0-candidate,expected_runs,PENDING_CTS9,COMPACT_POINT_WITH_MODEL_LABEL
development,BALL|DEFENSE|1|2|0|110|9|bottom|LEAD_2PLUS|AWAY|inventory=2,2,0.218133012608,0.19140589603,0.172027243948,0.25132939786,0.214476175467,0.00900340374912,0.203824777541,0.219559972319,0.21274640828,0.240658802792,True,0.172027243948,0.25132939786,0.0793021539121,MODEL_SPREAD_WITHIN_0.10,True,True,L0_EXACT,L0_EXACT,L0_EXACT,1550,629,142,64,,0.21274640828,ct-s1.0-candidate,expected_runs,PENDING_CTS9,COMPACT_POINT_WITH_MODEL_LABEL
development,BALL|DEFENSE|1|2|0|110|9|top|LEAD_2PLUS|HOME|inventory=2,2,0.211983442598,0.179774368184,0.167558658275,0.240085150698,0.20661806118,0.00820505308092,0.197688896937,0.211407565104,0.205496877685,0.227749776556,True,0.167558658275,0.240085150698,0.0725264924225,MODEL_SPREAD_WITHIN_0.10,True,True,L0_EXACT,L0_EXACT,L0_EXACT,1637,641,158,65,,0.205496877685,ct-s1.0-candidate,expected_runs,PENDING_CTS9,COMPACT_POINT_WITH_MODEL_LABEL
development,BALL|DEFENSE|1|2|1|100|9|bottom|LEAD_2PLUS|AWAY|inventory=2,2,0.278441195898,0.23043570299,0.218532278663,0.304785085233,0.268696433381,0.00255714761312,0.25500114983,0.270550233536,0.26534302497,0.28987120231,True,0.218532278663,0.304785085233,0.0862528065702,MODEL_SPREAD_WITHIN_0.10,True,True,L0_EXACT,L0_EXACT,L0_EXACT,1456,583,156,57,,0.26534302497,ct-s1.0-candidate,expected_runs,PENDING_CTS9,COMPACT_POINT_WITH_MODEL_LABEL
development,BALL|DEFENSE|1|2|1|100|9|top|LEAD_2PLUS|HOME|inventory=2,2,0.291996750297,0.253329462669,0.234062087435,0.325714010293,0.288398646598,0.00575766800764,0.269461998146,0.288889378602,0.282982892736,0.307458190806,True,0.234062087435,0.325714010293,0.0916519228585,MODEL_SPREAD_WITHIN_0.10,True,True,L0_EXACT,L0_EXACT,L0_EXACT,1422,596,134,59,,0.282982892736,ct-s1.0-candidate,expected_runs,PENDING_CTS9,COMPACT_POINT_WITH_MODEL_LABEL
development,BALL|DEFENSE|1|2|1|110|9|bottom|LEAD_2PLUS|AWAY|inventory=2,2,0.220306250847,0.179825788761,0.169959303692,0.243002220781,0.211998297418,0.00187367513359,0.178837086115,0.214596290968,0.209150124419,0.23011087307,True,0.169959303692,0.243002220781,0.0730429170897,MODEL_SPREAD_WITHIN_0.10,True,True,L0_EXACT,L0_EXACT,L0_EXACT,1456,583,156,57,,0.209150124419,ct-s1.0-candidate,expected_runs,PENDING_CTS9,COMPACT_POINT_WITH_MODEL_LABEL
development,BALL|DEFENSE|1|2|1|110|9|top|LEAD_2PLUS|HOME|inventory=2,2,0.231941340986,0.198991607511,0.182844954459,0.261283111259,0.228844069611,0.00422238408357,0.190080756934,0.230340287054,0.224194328261,0.245324673052,True,0.182844954459,0.261283111259,0.0784381568004,MODEL_SPREAD_WITHIN_0.10,True,True,L0_EXACT,L0_EXACT,L0_EXACT,1422,596,134,59,,0.224194328261,ct-s1.0-candidate,expected_runs,PENDING_CTS9,COMPACT_POINT_WITH_MODEL_LABEL
development,BALL|DEFENSE|1|2|1|110|9|top|TRAIL_1|HOME|inventory=2,2,0.280603418081,0.236310790322,0.225132919754,0.319952031473,0.286179088494,0.0115511534494,0.244540627181,0.28104037258,0.274172591612,0.27672555723,True,0.225132919754,0.319952031473,0.0948191117193,MODEL_SPREAD_WITHIN_0.10,True,True,L0_EXACT,L1_NO_SCORE,L1_NO_SCORE,3994,1575,461,164,,0.274172591612,ct-s1.0-candidate,expected_runs,PENDING_CTS9,COMPACT_POINT_WITH_MODEL_LABEL
development,BALL|DEFENSE|1|2|1|111|8|bottom|TRAIL_2PLUS|AWAY|inventory=2,2,0.184980122099,0.140463790315,0.143050539357,0.21002329064,0.178572806884,0.0127420515011,0.165360196942,0.183106138847,0.17836192318,0.16705125724,True,0.140463790315,0.21002329064,0.0695595003243,MODEL_SPREAD_WITHIN_0.10,True,True,L0_EXACT,L0_EXACT,L0_EXACT,1449,540,184,63,,0.17836192318,ct-s1.0-candidate,expected_runs,PENDING_CTS9,COMPACT_POINT_WITH_MODEL_LABEL
development,BALL|DEFENSE|1|2|1|1|8|bottom|TRAIL_2PLUS|AWAY|inventory=2,2,0.272762627569,0.212632446541,0.216213920402,0.305239193683,0.26430074224,0.0208831052484,0.271553515488,0.268403100668,0.264021159182,0.248924172546,True,0.212632446541,0.305239193683,0.0926067471419,MODEL_SPREAD_WITHIN_0.10,True,True,L0_EXACT,L0_EXACT,L0_EXACT,1449,540,184,63,,0.264021159182,ct-s1.0-candidate,expected_runs,PENDING_CTS9,COMPACT_POINT_WITH_MODEL_LABEL
development,BALL|DEFENSE|1|2|1|1|9|top|TRAIL_2PLUS|HOME|inventory=2,2,0.259562767696,0.193934974964,0.2043906384,0.286947075565,0.250147690747,0.0121275359047,0.260025493432,0.252983735094,0.248251681876,0.230843376949,True,0.193934974964,0.286947075565,0.0930121006002,MODEL_SPREAD_WITHIN_0.10,True,True,L0_EXACT,L0_EXACT,L0_EXACT,1429,554,185,59,,0.248251681876,ct-s1.0-candidate,expected_runs,PENDING_CTS9,COMPACT_POINT_WITH_MODEL_LABEL
development,BALL|DEFENSE|1|2|2|0|9|bottom|LEAD_2PLUS|AWAY|inventory=2,2,0.34370322041,0.287287571962,0.274240861896,0.370346113169,0.338011403355,0.000440927192637,0.360228064417,0.338295746243,0.331755634833,0.358731095792,True,0.274240861896,0.370346113169,0.0961052512728,MODEL_SPREAD_WITHIN_0.10,True,True,L0_EXACT,L0_EXACT,L0_EXACT,1398,569,156,53,,0.331755634833,ct-s1.0-candidate,expected_runs,PENDING_CTS9,COMPACT_POINT_WITH_MODEL_LABEL
development,BALL|DEFENSE|1|2|2|0|9|top|LEAD_2PLUS|HOME|inventory=2,2,0.360348768233,0.290909795473,0.294171422729,0.378771128882,0.34675076396,0.00332235460393,0.37647281758,0.349910862219,0.343990339729,0.35837358519,True,0.290909795473,0.378771128882,0.087861333409,MODEL_SPREAD_WITHIN_0.10,True,True,L0_EXACT,L0_EXACT,L0_EXACT,1367,569,151,60,,0.343990339729,ct-s1.0-candidate,expected_runs,PENDING_CTS9,COMPACT_POINT_WITH_MODEL_LABEL
development,BALL|DEFENSE|1|2|2|100|9|bottom|LEAD_2PLUS|AWAY|inventory=2,2,0.196172351554,0.158137601977,0.149723906739,0.215127738979,0.192208165038,0.000205523118369,0.17514430443,0.192553500781,0.187884984362,0.206782076369,True,0.149723906739,0.215127738979,0.06540383224,MODEL_SPREAD_WITHIN_0.10,True,True,L0_EXACT,L0_EXACT,L0_EXACT,1398,569,156,53,,0.187884984362,ct-s1.0-candidate,expected_runs,PENDING_CTS9,COMPACT_POINT_WITH_MODEL_LABEL
development,BALL|DEFENSE|1|2|2|100|9|top|LEAD_1|HOME|inventory=2,2,0.330269975605,0.269779866396,0.268644523557,0.361240262772,0.345064815506,0.0153625980297,0.319096140593,0.327126180482,0.320425058732,0.29809754854,True,0.268644523557,0.361240262772,0.0925957392156,MODEL_SPREAD_WITHIN_0.10,True,True,L0_EXACT,L1_NO_SCORE,L1_NO_SCORE,4014,1542,458,169,,0.320425058732,ct-s1.0-candidate,expected_runs,PENDING_CTS9,COMPACT_POINT_WITH_MODEL_LABEL
development,BALL|DEFENSE|1|2|2|100|9|top|LEAD_2PLUS|HOME|inventory=2,2,0.207936728308,0.160498154805,0.162632981573,0.221262516109,0.198307034005,0.00155098889206,0.185462113555,0.200682273251,0.196373103998,0.206527227572,True,0.160498154805,0.221262516109,0.0607643613041,MODEL_SPREAD_WITHIN_0.10,True,True,L0_EXACT,L0_EXACT,L0_EXACT,1367,569,151,60,,0.196373103998,ct-s1.0-candidate,expected_runs,PENDING_CTS9,COMPACT_POINT_WITH_MODEL_LABEL
development,BALL|DEFENSE|1|2|2|100|9|top|TIED|HOME|inventory=2,2,0.330269975605,0.269779866396,0.268644523557,0.361240262772,0.345064815506,0.0153625980297,0.319096140593,0.327126180482,0.320425058732,0.29809754854,True,0.268644523557,0.361240262772,0.0925957392156,MODEL_SPREAD_WITHIN_0.10,True,True,L0_EXACT,L1_NO_SCORE,L1_NO_SCORE,4014,1542,458,169,,0.320425058732,ct-s1.0-candidate,expected_runs,PENDING_CTS9,COMPACT_POINT_WITH_MODEL_LABEL
development,BALL|DEFENSE|1|2|2|100|9|top|TRAIL_1|HOME|inventory=2,2,0.330269975605,0.269779866396,0.268644523557,0.361240262772,0.345064815506,0.0153625980297,0.319096140593,0.327126180482,0.320425058732,0.29809754854,True,0.268644523557,0.361240262772,0.0925957392156,MODEL_SPREAD_WITHIN_0.10,True,True,L0_EXACT,L1_NO_SCORE,L1_NO_SCORE,4014,1542,458,169,,0.320425058732,ct-s1.0-candidate,expected_runs,PENDING_CTS9,COMPACT_POINT_WITH_MODEL_LABEL
development,BALL|DEFENSE|1|2|2|101|8|bottom|TIED|AWAY|inventory=2,2,0.243887618108,0.201671669575,0.198044486117,0.294188011068,0.251894634031,0.0100218063816,0.257787794313,0.251062601495,0.246343325869,0.246062938844,True,0.198044486117,0.294188011068,0.0961435249508,MODEL_SPREAD_WITHIN_0.10,True,True,L0_EXACT,L1_NO_SCORE,L1_NO_SCORE,4410,1612,460,157,,0.246343325869,ct-s1.0-candidate,expected_runs,PENDING_CTS9,COMPACT_POINT_WITH_MODEL_LABEL
development,BALL|DEFENSE|1|2|2|101|8|bottom|TRAIL_2PLUS|AWAY|inventory=2,2,0.189910886462,0.111844575271,0.141977373281,0.194008981729,0.174957203602,0.00686088387103,0.182766627858,0.177492563146,0.173949014601,0.139469074153,True,0.111844575271,0.194008981729,0.0821644064586,MODEL_SPREAD_WITHIN_0.10,True,True,L0_EXACT,L0_EXACT,L0_EXACT,1537,584,149,57,,0.173949014601,ct-s1.0-candidate,expected_runs,PENDING_CTS9,COMPACT_POINT_WITH_MODEL_LABEL
development,BALL|DEFENSE|1|2|2|101|9|bottom|LEAD_2PLUS|AWAY|inventory=1,1,0.163190496065,0.142416141052,0.122154895135,0.202421170435,0.165051574515,0.00832543431835,0.170577463095,0.163269841905,0.160854742533,0.190699006847,True,0.122154895135,0.202421170435,0.0802662753004,MODEL_SPREAD_WITHIN_0.10,True,True,L0_EXACT,L0_EXACT,L0_EXACT,1398,569,156,53,,0.160854742533,ct-s1.0-candidate,expected_runs,PENDING_CTS9,COMPACT_POINT_WITH_MODEL_LABEL
development,BALL|DEFENSE|1|2|2|101|9|bottom|LEAD_2PLUS|AWAY|inventory=2,2,0.0874260345979,0.0686741866938,0.0646548249488,0.0971435529775,0.0854258202442,8.06887060758e-05,0.0795231282897,0.0853988351841,0.0832568637666,0.0928335970122,True,0.0646548249488,0.0971435529775,0.0324887280287,MODEL_SPREAD_WITHIN_0.10,True,True,L0_EXACT,L0_EXACT,L0_EXACT,1398,569,156,53,,0.0832568637666,ct-s1.0-candidate,expected_runs,PENDING_CTS9,COMPACT_POINT_WITH_MODEL_LABEL
development,BALL|DEFENSE|1|2|2|101|9|top|LEAD_2PLUS|HOME|inventory=1,1,0.17199553743,0.159096308569,0.134485551089,0.216773151702,0.17375253285,0.0133712793023,0.181769187698,0.175873689029,0.173263472185,0.19985500575,True,0.134485551089,0.216773151702,0.0822876006134,MODEL_SPREAD_WITHIN_0.10,True,True,L0_EXACT,L0_EXACT,L0_EXACT,1367,569,151,60,,0.173263472185,ct-s1.0-candidate,expected_runs,PENDING_CTS9,COMPACT_POINT_WITH_MODEL_LABEL
development,BALL|DEFENSE|1|2|2|101|9|top|LEAD_2PLUS|HOME|inventory=2,2,0.0934269133703,0.0698100395983,0.0708403900174,0.100343934787,0.0885076707819,0.000609418867949,0.0847868857705,0.0895054446531,0.0875276194815,0.0927027715043,True,0.0698100395983,0.100343934787,0.0305338951882,MODEL_SPREAD_WITHIN_0.10,True,True,L0_EXACT,L0_EXACT,L0_EXACT,1367,569,151,60,,0.0875276194815,ct-s1.0-candidate,expected_runs,PENDING_CTS9,COMPACT_POINT_WITH_MODEL_LABEL
development,BALL|DEFENSE|1|2|2|101|9|top|TRAIL_2PLUS|HOME|inventory=2,2,0.196634915641,0.131492155728,0.150453833607,0.207674588621,0.187257833417,0.00789353369392,0.192387203527,0.186842647619,0.182793848798,0.153958665382,True,0.131492155728,0.207674588621,0.0761824328926,MODEL_SPREAD_WITHIN_0.10,True,True,L0_EXACT,L0_EXACT,L0_EXACT,1489,554,177,63,,0.182793848798,ct-s1.0-candidate,expected_runs,PENDING_CTS9,COMPACT_POINT_WITH_MODEL_LABEL
development,BALL|DEFENSE|1|2|2|10|9|bottom|LEAD_2PLUS|AWAY|inventory=2,2,0.165467645239,0.132405460558,0.125157304659,0.182128378545,0.161998883208,0.000166983081508,0.13316939843,0.162664953301,0.158222086926,0.174777818903,True,0.125157304659,0.182128378545,0.0569710738857,MODEL_SPREAD_WITHIN_0.10,True,True,L0_EXACT,L0_EXACT,L0_EXACT,1398,569,156,53,,0.158222086926,ct-s1.0-candidate,expected_runs,PENDING_CTS9,COMPACT_POINT_WITH_MODEL_LABEL
development,BALL|DEFENSE|1|2|2|10|9|top|LEAD_1|HOME|inventory=2,2,0.286045401378,0.230863061671,0.229839946765,0.314818027506,0.299745810594,0.0125173632686,0.253212420024,0.283687997225,0.27697357472,0.256530870692,True,0.229839946765,0.314818027506,0.0849780807412,MODEL_SPREAD_WITHIN_0.10,True,True,L0_EXACT,L1_NO_SCORE,L1_NO_SCORE,4014,1542,458,169,,0.27697357472,ct-s1.0-candidate,expected_runs,PENDING_CTS9,COMPACT_POINT_WITH_MODEL_LABEL
development,BALL|DEFENSE|1|2|2|10|9|top|LEAD_2PLUS|HOME|inventory=2,2,0.175793367574,0.134443245582,0.136287771667,0.187546979588,0.167337764759,0.00126046296152,0.141438456667,0.169797296622,0.165643451098,0.174553733901,True,0.134443245582,0.187546979588,0.0531037340053,MODEL_SPREAD_WITHIN_0.10,True,True,L0_EXACT,L0_EXACT,L0_EXACT,1367,569,151,60,,0.165643451098,ct-s1.0-candidate,expected_runs,PENDING_CTS9,COMPACT_POINT_WITH_MODEL_LABEL
development,BALL|DEFENSE|1|2|2|110|9|bottom|LEAD_1|AWAY|inventory=2,2,0.17289134703,0.171572982398,0.139284218792,0.210663510907,0.200870227496,0.0059509424582,0.144048878736,0.180481776088,0.173311527451,0.194030530294,True,0.139284218792,0.210663510907,0.0713792921148,MODEL_SPREAD_WITHIN_0.10,True,True,L0_EXACT,L1_NO_SCORE,L1_NO_SCORE,2098,841,206,80,,0.173311527451,ct-s1.0-candidate,expected_runs,PENDING_CTS9,COMPACT_POINT_WITH_MODEL_LABEL
development,BALL|DEFENSE|1|2|2|110|9|top|LEAD_2PLUS|HOME|inventory=2,2,0.128001156395,0.0965754880653,0.0979592768321,0.13709085684,0.121505453028,0.00086782547346,0.0974621162299,0.123589803776,0.120208202526,0.127046588043,True,0.0965754880653,0.13709085684,0.0405153687752,MODEL_SPREAD_WITHIN_0.10,True,True,L0_EXACT,L0_EXACT,L0_EXACT,1367,569,151,60,,0.120208202526,ct-s1.0-candidate,expected_runs,PENDING_CTS9,COMPACT_POINT_WITH_MODEL_LABEL
development,BALL|DEFENSE|1|2|2|110|9|top|TRAIL_2PLUS|HOME|inventory=2,2,0.258511959496,0.17739663824,0.201442562725,0.271850043711,0.247091672024,0.011205928473,0.217328411902,0.247901546092,0.241625378254,0.205847376482,True,0.17739663824,0.271850043711,0.0944534054712,MODEL_SPREAD_WITHIN_0.10,True,True,L0_EXACT,L0_EXACT,L0_EXACT,1489,554,177,63,,0.241625378254,ct-s1.0-candidate,expected_runs,PENDING_CTS9,COMPACT_POINT_WITH_MODEL_LABEL
development,BALL|DEFENSE|1|2|2|111|8|bottom|TRAIL_1|AWAY|inventory=2,2,0.196059128805,0.160366195376,0.157335502882,0.239621308393,0.202917304697,0.00759571339284,0.190663855307,0.203298205259,0.198159463264,0.197919516562,True,0.157335502882,0.239621308393,0.0822858055112,MODEL_SPREAD_WITHIN_0.10,True,True,L0_EXACT,L1_NO_SCORE,L1_NO_SCORE,4410,1612,460,157,,0.198159463264,ct-s1.0-candidate,expected_runs,PENDING_CTS9,COMPACT_POINT_WITH_MODEL_LABEL
development,BALL|DEFENSE|1|2|2|111|8|bottom|TRAIL_2PLUS|AWAY|inventory=2,2,0.150559919054,0.0869336378186,0.11119526953,0.153970253665,0.138176240696,0.00519597523788,0.131710534855,0.141088045535,0.137344718338,0.109161606727,True,0.0869336378186,0.153970253665,0.0670366158466,MODEL_SPREAD_WITHIN_0.10,True,True,L0_EXACT,L0_EXACT,L0_EXACT,1537,584,149,57,,0.137344718338,ct-s1.0-candidate,expected_runs,PENDING_CTS9,COMPACT_POINT_WITH_MODEL_LABEL
development,BALL|DEFENSE|1|2|2|111|9|top|TRAIL_2PLUS|HOME|inventory=2,2,0.156159256474,0.10271122163,0.118086876937,0.165394344589,0.148355923151,0.0059795440122,0.139101032274,0.148867482757,0.144654253497,0.120945059686,True,0.10271122163,0.165394344589,0.0626831229588,MODEL_SPREAD_WITHIN_0.10,True,True,L0_EXACT,L0_EXACT,L0_EXACT,1489,554,177,63,,0.144654253497,ct-s1.0-candidate,expected_runs,PENDING_CTS9,COMPACT_POINT_WITH_MODEL_LABEL
development,BALL|DEFENSE|1|2|2|11|9|top|LEAD_2PLUS|HOME|inventory=1,1,0.210556066385,0.195447528353,0.166325803263,0.262193699081,0.212605827567,0.0171036536273,0.192528746574,0.217448984547,0.212035471198,0.242829729719,True,0.166325803263,0.262193699081,0.0958678958175,MODEL_SPREAD_WITHIN_0.10,True,True,L0_EXACT,L0_EXACT,L0_EXACT,1367,569,151,60,,0.212035471198,ct-s1.0-candidate,expected_runs,PENDING_CTS9,COMPACT_POINT_WITH_MODEL_LABEL
development,BALL|DEFENSE|1|2|2|11|9|top|LEAD_2PLUS|HOME|inventory=2,2,0.116858768531,0.0878929450383,0.0891646040134,0.125270889175,0.110856625743,0.000782352914396,0.0904402510437,0.11347512233,0.109658875525,0.115976242928,True,0.0878929450383,0.125270889175,0.0373779441371,MODEL_SPREAD_WITHIN_0.10,True,True,L0_EXACT,L0_EXACT,L0_EXACT,1367,569,151,60,,0.109658875525,ct-s1.0-candidate,expected_runs,PENDING_CTS9,COMPACT_POINT_WITH_MODEL_LABEL
development,BALL|DEFENSE|1|2|2|11|9|top|TRAIL_2PLUS|HOME|inventory=2,2,0.239124153965,0.162756973127,0.18526542806,0.251801612599,0.228296655659,0.0101125566465,0.203618871894,0.230286367387,0.223122935699,0.189400405118,True,0.162756973127,0.251801612599,0.0890446394722,MODEL_SPREAD_WITHIN_0.10,True,True,L0_EXACT,L0_EXACT,L0_EXACT,1489,554,177,63,,0.223122935699,ct-s1.0-candidate,expected_runs,PENDING_CTS9,COMPACT_POINT_WITH_MODEL_LABEL
development,BALL|DEFENSE|1|2|2|1|9|bottom|LEAD_2PLUS|AWAY|inventory=2,2,0.137215320828,0.109060519924,0.102938688728,0.151547947758,0.134243551038,0.000133942097676,0.105888552089,0.140236012131,0.131012670586,0.14521245885,True,0.102938688728,0.151547947758,0.0486092590302,MODEL_SPREAD_WITHIN_0.10,True,True,L0_EXACT,L0_EXACT,L0_EXACT,1398,569,156,53,,0.131012670586,ct-s1.0-candidate,expected_runs,PENDING_CTS9,COMPACT_POINT_WITH_MODEL_LABEL
development,BALL|DEFENSE|1|2|2|1|9|top|LEAD_2PLUS|HOME|inventory=2,2,0.146086629086,0.110784893329,0.112346963473,0.156230527326,0.138819246834,0.00101127368505,0.112683835649,0.146557046537,0.137366050145,0.145019618596,True,0.110784893329,0.156230527326,0.0454456339969,MODEL_SPREAD_WITHIN_0.10,True,True,L0_EXACT,L0_EXACT,L0_EXACT,1367,569,151,60,,0.137366050145,ct-s1.0-candidate,expected_runs,PENDING_CTS9,COMPACT_POINT_WITH_MODEL_LABEL
development,BALL|DEFENSE|2|0|2|10|9|bottom|LEAD_2PLUS|AWAY|inventory=2,2,0.270298742498,0.22185874437,0.210904107316,0.293798770581,0.26533107501,0.0003119166338,0.216076088815,0.232662758758,0.259892350984,0.28350354392,True,0.210904107316,0.293798770581,0.0828946632647,MODEL_SPREAD_WITHIN_0.10,True,True,L0_EXACT,L0_EXACT,L0_EXACT,1398,569,156,53,,0.259892350984,ct-s1.0-candidate,expected_runs,PENDING_CTS9,COMPACT_POINT_WITH_MODEL_LABEL
development,BALL|DEFENSE|2|1|1|100|9|bottom|LEAD_1|AWAY|inventory=2,2,0.321095510625,0.296898172567,0.266511255999,0.362225385938,0.343087880067,0.0121854196645,0.343480580151,0.313685974001,0.316650757971,0.342768204429,True,0.266511255999,0.362225385938,0.0957141299398,MODEL_SPREAD_WITHIN_0.10,True,True,L0_EXACT,L1_NO_SCORE,L1_NO_SCORE,2299,887,238,87,,0.316650757971,ct-s1.0-candidate,expected_runs,PENDING_CTS9,COMPACT_POINT_WITH_MODEL_LABEL
development,BALL|DEFENSE|2|1|1|100|9|bottom|LEAD_2PLUS|AWAY|inventory=2,2,0.297831301195,0.2476300784,0.235109811462,0.325182961904,0.287678486071,0.00281004183496,0.309932625924,0.280084397178,0.28418023471,0.309715618663,True,0.235109811462,0.325182961904,0.0900731504427,MODEL_SPREAD_WITHIN_0.10,True,True,L0_EXACT,L0_EXACT,L0_EXACT,1456,583,156,57,,0.28418023471,ct-s1.0-candidate,expected_runs,PENDING_CTS9,COMPACT_POINT_WITH_MODEL_LABEL
development,BALL|DEFENSE|2|1|1|100|9|bottom|TIED|AWAY|inventory=2,2,0.321095510625,0.296898172567,0.266511255999,0.362225385938,0.343087880067,0.0121854196645,0.343480580151,0.313685974001,0.316650757971,0.342768204429,True,0.266511255999,0.362225385938,0.0957141299398,MODEL_SPREAD_WITHIN_0.10,True,True,L0_EXACT,L1_NO_SCORE,L1_NO_SCORE,2299,887,238,87,,0.316650757971,ct-s1.0-candidate,expected_runs,PENDING_CTS9,COMPACT_POINT_WITH_MODEL_LABEL
development,BALL|DEFENSE|2|1|1|100|9|top|LEAD_2PLUS|HOME|inventory=2,2,0.31192276378,0.271629141806,0.251438642831,0.346813824713,0.308186002904,0.00632507693015,0.326144852538,0.298805079961,0.302556655816,0.327950575144,True,0.251438642831,0.346813824713,0.0953751818815,MODEL_SPREAD_WITHIN_0.10,True,True,L0_EXACT,L0_EXACT,L0_EXACT,1422,596,134,59,,0.302556655816,ct-s1.0-candidate,expected_runs,PENDING_CTS9,COMPACT_POINT_WITH_MODEL_LABEL
development,BALL|DEFENSE|2|1|1|11|9|bottom|LEAD_2PLUS|AWAY|inventory=2,2,0.303284544884,0.252494674734,0.239806846815,0.330901003145,0.293023410139,0.00288367741857,0.309931616224,0.252165508088,0.289486577201,0.315288755279,True,0.239806846815,0.330901003145,0.0910941563297,MODEL_SPREAD_WITHIN_0.10,True,True,L0_EXACT,L0_EXACT,L0_EXACT,1456,583,156,57,,0.289486577201,ct-s1.0-candidate,expected_runs,PENDING_CTS9,COMPACT_POINT_WITH_MODEL_LABEL
development,BALL|DEFENSE|2|1|2|100|9|bottom|LEAD_2PLUS|AWAY|inventory=2,2,0.315079031498,0.261489783795,0.249204993104,0.340654774216,0.309637596359,0.00038733423076,0.255902031668,0.30076032022,0.303666071329,0.329483679742,True,0.249204993104,0.340654774216,0.0914497811121,MODEL_SPREAD_WITHIN_0.10,True,True,L0_EXACT,L0_EXACT,L0_EXACT,1398,569,156,53,,0.303666071329,ct-s1.0-candidate,expected_runs,PENDING_CTS9,COMPACT_POINT_WITH_MODEL_LABEL
development,BALL|DEFENSE|2|1|2|100|9|top|LEAD_2PLUS|HOME|inventory=2,2,0.331037547203,0.264907638182,0.267987913086,0.348778486185,0.317995746489,0.0029195584572,0.269423370327,0.311693748405,0.315353728758,0.329140356471,True,0.264907638182,0.348778486185,0.083870848003,MODEL_SPREAD_WITHIN_0.10,True,True,L0_EXACT,L0_EXACT,L0_EXACT,1367,569,151,60,,0.315353728758,ct-s1.0-candidate,expected_runs,PENDING_CTS9,COMPACT_POINT_WITH_MODEL_LABEL
development,BALL|DEFENSE|2|2|0|100|9|bottom|LEAD_2PLUS|AWAY|inventory=2,2,0.286705914059,0.254309620015,0.230376841388,0.325987004918,0.282314588554,0.0129201147977,0.277419582896,0.286654262715,0.28023288315,0.313473881203,True,0.230376841388,0.325987004918,0.0956101635302,MODEL_SPREAD_WITHIN_0.10,True,True,L0_EXACT,L0_EXACT,L0_EXACT,1550,629,142,64,,0.28023288315,ct-s1.0-candidate,expected_runs,PENDING_CTS9,COMPACT_POINT_WITH_MODEL_LABEL
development,BALL|DEFENSE|2|2|0|100|9|top|LEAD_2PLUS|HOME|inventory=2,2,0.279313762024,0.23999004307,0.224804092066,0.312798159956,0.272834253015,0.0117785890614,0.269819037788,0.276894479475,0.27147670518,0.298192843671,True,0.224804092066,0.312798159956,0.08799406789,MODEL_SPREAD_WITHIN_0.10,True,True,L0_EXACT,L0_EXACT,L0_EXACT,1637,641,158,65,,0.27147670518,ct-s1.0-candidate,expected_runs,PENDING_CTS9,COMPACT_POINT_WITH_MODEL_LABEL
development,BALL|DEFENSE|2|2|0|10|8|bottom|TRAIL_2PLUS|AWAY|inventory=2,2,0.250606607132,0.218759489369,0.203448929935,0.29985937431,0.253149784359,0.015291758275,0.261797466048,0.255959910319,0.252736180625,0.260727322407,True,0.203448929935,0.29985937431,0.0964104443748,MODEL_SPREAD_WITHIN_0.10,True,True,L0_EXACT,L0_EXACT,L0_EXACT,1519,565,166,58,,0.252736180625,ct-s1.0-candidate,expected_runs,PENDING_CTS9,COMPACT_POINT_WITH_MODEL_LABEL
development,BALL|DEFENSE|2|2|0|10|9|top|TRAIL_1|HOME|inventory=2,2,0.21918484181,0.188780667255,0.175886827356,0.257485346006,0.223486641681,0.00962347776788,0.227502303617,0.221056152266,0.217459353721,0.231601579613,True,0.175886827356,0.257485346006,0.0815985186498,MODEL_SPREAD_WITHIN_0.10,True,True,L0_EXACT,L1_NO_SCORE,L1_NO_SCORE,4185,1621,442,172,,0.217459353721,ct-s1.0-candidate,expected_runs,PENDING_CTS9,COMPACT_POINT_WITH_MODEL_LABEL
development,BALL|DEFENSE|2|2|0|10|9|top|TRAIL_2PLUS|HOME|inventory=2,2,0.234568833174,0.193124336364,0.188971258896,0.275510219277,0.233862189937,0.0111731151298,0.244484833953,0.23701390288,0.23323938084,0.238390581672,True,0.188971258896,0.275510219277,0.0865389603816,MODEL_SPREAD_WITHIN_0.10,True,True,L0_EXACT,L0_EXACT,L0_EXACT,1388,527,165,62,,0.23323938084,ct-s1.0-candidate,expected_runs,PENDING_CTS9,COMPACT_POINT_WITH_MODEL_LABEL
development,BALL|DEFENSE|2|2|0|11|9|top|TRAIL_2PLUS|HOME|inventory=2,2,0.215188312736,0.176378991891,0.172509028087,0.253868962172,0.214523690642,0.0100086262379,0.21075928515,0.211982906699,0.213938001467,0.218784555417,True,0.172509028087,0.253868962172,0.0813599340848,MODEL_SPREAD_WITHIN_0.10,True,True,L0_EXACT,L0_EXACT,L0_EXACT,1388,527,165,62,,0.213938001467,ct-s1.0-candidate,expected_runs,PENDING_CTS9,COMPACT_POINT_WITH_MODEL_LABEL
development,BALL|DEFENSE|2|2|1|0|9|bottom|LEAD_1|AWAY|inventory=2,2,0.349222348189,0.323916705902,0.291912586868,0.391875438611,0.372085345305,0.0138029715545,0.326412290955,0.351395442795,0.344585867264,0.371753941158,True,0.291912586868,0.391875438611,0.0999628517422,MODEL_SPREAD_WITHIN_0.10,True,True,L0_EXACT,L1_NO_SCORE,L1_NO_SCORE,2299,887,238,87,,0.344585867264,ct-s1.0-candidate,expected_runs,PENDING_CTS9,COMPACT_POINT_WITH_MODEL_LABEL
development,BALL|DEFENSE|2|2|1|0|9|bottom|LEAD_2PLUS|AWAY|inventory=2,2,0.324895512448,0.271898923479,0.258573322656,0.353481423821,0.314232979504,0.00318707580997,0.293785410776,0.315612055649,0.310552597961,0.337340936925,True,0.258573322656,0.353481423821,0.0949081011645,MODEL_SPREAD_WITHIN_0.10,True,True,L0_EXACT,L0_EXACT,L0_EXACT,1456,583,156,57,,0.310552597961,ct-s1.0-candidate,expected_runs,PENDING_CTS9,COMPACT_POINT_WITH_MODEL_LABEL
development,BALL|DEFENSE|2|2|1|0|9|bottom|TIED|AWAY|inventory=2,2,0.349222348189,0.323916705902,0.291912586868,0.391875438611,0.372085345305,0.0138029715545,0.326412290955,0.351395442795,0.344585867264,0.371753941158,True,0.291912586868,0.391875438611,0.0999628517422,MODEL_SPREAD_WITHIN_0.10,True,True,L0_EXACT,L1_NO_SCORE,L1_NO_SCORE,2299,887,238,87,,0.344585867264,ct-s1.0-candidate,expected_runs,PENDING_CTS9,COMPACT_POINT_WITH_MODEL_LABEL
development,BALL|DEFENSE|2|2|1|100|9|bottom|LEAD_2PLUS|AWAY|inventory=2,2,0.221347779581,0.180720298511,0.170814955974,0.244117453417,0.213011279563,0.00188502983641,0.202729053648,0.213553833877,0.210153126745,0.231185010602,True,0.170814955974,0.244117453417,0.073302497443,MODEL_SPREAD_WITHIN_0.10,True,True,L0_EXACT,L0_EXACT,L0_EXACT,1456,583,156,57,,0.210153126745,ct-s1.0-candidate,expected_runs,PENDING_CTS9,COMPACT_POINT_WITH_MODEL_LABEL
development,BALL|DEFENSE|2|2|1|100|9|bottom|TIED|AWAY|inventory=2,2,0.24068553758,0.220579002869,0.195827648863,0.275698227204,0.259273775804,0.00819958953555,0.228515664961,0.241855200063,0.236965349451,0.259001404358,True,0.195827648863,0.275698227204,0.0798705783413,MODEL_SPREAD_WITHIN_0.10,True,True,L0_EXACT,L1_NO_SCORE,L1_NO_SCORE,2299,887,238,87,,0.236965349451,ct-s1.0-candidate,expected_runs,PENDING_CTS9,COMPACT_POINT_WITH_MODEL_LABEL
development,BALL|DEFENSE|2|2|1|10|9|top|TRAIL_1|HOME|inventory=2,2,0.300643039241,0.254305390629,0.242546678623,0.341467928205,0.306447281118,0.012715722442,0.256627946216,0.299036963518,0.293940600365,0.296602417751,True,0.242546678623,0.341467928205,0.0989212495821,MODEL_SPREAD_WITHIN_0.10,True,True,L0_EXACT,L1_NO_SCORE,L1_NO_SCORE,3994,1575,461,164,,0.293940600365,ct-s1.0-candidate,expected_runs,PENDING_CTS9,COMPACT_POINT_WITH_MODEL_LABEL
development,BALL|DEFENSE|2|2|1|110|8|bottom|TRAIL_2PLUS|AWAY|inventory=2,2,0.232914223242,0.179401525283,0.182553047795,0.262357873382,0.225305559312,0.0169734138336,0.245664697033,0.226436856699,0.22505460761,0.211545321628,True,0.179401525283,0.262357873382,0.0829563480987,MODEL_SPREAD_WITHIN_0.10,True,True,L0_EXACT,L0_EXACT,L0_EXACT,1449,540,184,63,,0.22505460761,ct-s1.0-candidate,expected_runs,PENDING_CTS9,COMPACT_POINT_WITH_MODEL_LABEL
development,BALL|DEFENSE|2|2|1|110|9|top|LEAD_2PLUS|HOME|inventory=2,2,0.15934255327,0.134894891741,0.123149586671,0.181672567646,0.157016553267,0.00265442204897,0.161310209254,0.155075742447,0.153535663363,0.169461089573,True,0.123149586671,0.181672567646,0.0585229809744,MODEL_SPREAD_WITHIN_0.10,True,True,L0_EXACT,L0_EXACT,L0_EXACT,1422,596,134,59,,0.153535663363,ct-s1.0-candidate,expected_runs,PENDING_CTS9,COMPACT_POINT_WITH_MODEL_LABEL
development,BALL|DEFENSE|2|2|1|111|8|bottom|TRAIL_2PLUS|AWAY|inventory=2,2,0.154320181218,0.116130962182,0.118331293874,0.176109426404,0.148780994707,0.0102703488575,0.151478857851,0.148536651737,0.148598928733,0.138856687843,True,0.116130962182,0.176109426404,0.0599784642222,MODEL_SPREAD_WITHIN_0.10,True,True,L0_EXACT,L0_EXACT,L0_EXACT,1449,540,184,63,,0.148598928733,ct-s1.0-candidate,expected_runs,PENDING_CTS9,COMPACT_POINT_WITH_MODEL_LABEL
development,BALL|DEFENSE|2|2|1|1|9|top|TRAIL_2PLUS|HOME|inventory=2,2,0.257947854952,0.192622154896,0.203024867008,0.285227418182,0.248571690463,0.0120270766731,0.225547750793,0.250990920832,0.246683697228,0.229351799434,True,0.192622154896,0.285227418182,0.0926052632864,MODEL_SPREAD_WITHIN_0.10,True,True,L0_EXACT,L0_EXACT,L0_EXACT,1429,554,185,59,,0.246683697228,ct-s1.0-candidate,expected_runs,PENDING_CTS9,COMPACT_POINT_WITH_MODEL_LABEL
development,BALL|DEFENSE|2|2|2|0|9|bottom|LEAD_2PLUS|AWAY|inventory=2,2,0.280642999591,0.230935902362,0.219659586969,0.304666872469,0.27555701255,0.000328505115966,0.230305924655,0.275393075309,0.269985708725,0.294149436125,True,0.219659586969,0.304666872469,0.0850072855,MODEL_SPREAD_WITHIN_0.10,True,True,L0_EXACT,L0_EXACT,L0_EXACT,1398,569,156,53,,0.269985708725,ct-s1.0-candidate,expected_runs,PENDING_CTS9,COMPACT_POINT_WITH_MODEL_LABEL
development,BALL|DEFENSE|2|2|2|0|9|top|LEAD_2PLUS|HOME|inventory=2,2,0.295610130791,0.234080978988,0.23691833537,0.31233891462,0.283372825146,0.00247708300404,0.242916333528,0.285781229321,0.280899987144,0.293826797082,True,0.234080978988,0.31233891462,0.0782579356324,MODEL_SPREAD_WITHIN_0.10,True,True,L0_EXACT,L0_EXACT,L0_EXACT,1367,569,151,60,,0.280899987144,ct-s1.0-candidate,expected_runs,PENDING_CTS9,COMPACT_POINT_WITH_MODEL_LABEL
development,BALL|DEFENSE|2|2|2|100|9|bottom|LEAD_2PLUS|AWAY|inventory=2,2,0.156787319829,0.125199352283,0.118291889118,0.17275496929,0.153467063454,0.000156596078719,0.13744558134,0.153072846142,0.149853606272,0.165706066422,True,0.118291889118,0.17275496929,0.0544630801718,MODEL_SPREAD_WITHIN_0.10,True,True,L0_EXACT,L0_EXACT,L0_EXACT,1398,569,156,53,,0.149853606272,ct-s1.0-candidate,expected_runs,PENDING_CTS9,COMPACT_POINT_WITH_MODEL_LABEL
development,BALL|DEFENSE|2|2|2|100|9|top|LEAD_2PLUS|HOME|inventory=2,2,0.166679550313,0.127142484524,0.128901762936,0.177955375163,0.158577976068,0.00118213764113,0.145935463311,0.159864904185,0.156955637589,0.165491279935,True,0.127142484524,0.177955375163,0.050812890639,MODEL_SPREAD_WITHIN_0.10,True,True,L0_EXACT,L0_EXACT,L0_EXACT,1367,569,151,60,,0.156955637589,ct-s1.0-candidate,expected_runs,PENDING_CTS9,COMPACT_POINT_WITH_MODEL_LABEL
development,BALL|DEFENSE|2|2|2|101|8|bottom|TRAIL_2PLUS|AWAY|inventory=2,2,0.186687235443,0.109766508851,0.13942733173,0.190732145799,0.171933511196,0.00671865331128,0.164570518262,0.173991063751,0.170939136144,0.13695689286,True,0.109766508851,0.190732145799,0.0809656369477,MODEL_SPREAD_WITHIN_0.10,True,True,L0_EXACT,L0_EXACT,L0_EXACT,1537,584,149,57,,0.170939136144,ct-s1.0-candidate,expected_runs,PENDING_CTS9,COMPACT_POINT_WITH_MODEL_LABEL
development,BALL|DEFENSE|2|2|2|101|9|top|TRAIL_2PLUS|HOME|inventory=2,2,0.193324365679,0.129102102028,0.147777768419,0.204225423465,0.184068984029,0.00773006225998,0.173436548417,0.183197777372,0.179664212961,0.151231358335,True,0.129102102028,0.204225423465,0.0751233214369,MODEL_SPREAD_WITHIN_0.10,True,True,L0_EXACT,L0_EXACT,L0_EXACT,1489,554,177,63,,0.179664212961,ct-s1.0-candidate,expected_runs,PENDING_CTS9,COMPACT_POINT_WITH_MODEL_LABEL
development,BALL|DEFENSE|2|2|2|10|9|bottom|LEAD_2PLUS|AWAY|inventory=2,2,0.139337834726,0.110803452379,0.104595271882,0.153852631263,0.136327359606,0.000136349081114,0.110189658302,0.136332524598,0.133054035069,0.147437537221,True,0.104595271882,0.153852631263,0.0492573593807,MODEL_SPREAD_WITHIN_0.10,True,True,L0_EXACT,L0_EXACT,L0_EXACT,1398,569,156,53,,0.133054035069,ct-s1.0-candidate,expected_runs,PENDING_CTS9,COMPACT_POINT_WITH_MODEL_LABEL
development,BALL|DEFENSE|2|2|2|10|9|top|LEAD_2PLUS|HOME|inventory=2,2,0.148322778021,0.11255190221,0.114135689267,0.158593110941,0.140962517516,0.00102943037283,0.117224772553,0.142506775561,0.139490518645,0.147242251087,True,0.11255190221,0.158593110941,0.0460412087308,MODEL_SPREAD_WITHIN_0.10,True,True,L0_EXACT,L0_EXACT,L0_EXACT,1367,569,151,60,,0.139490518645,ct-s1.0-candidate,expected_runs,PENDING_CTS9,COMPACT_POINT_WITH_MODEL_LABEL
development,BALL|DEFENSE|2|2|2|10|9|top|TIED|HOME|inventory=2,2,0.246498779414,0.196842160304,0.19593140818,0.272813524693,0.258992172992,0.0102441960979,0.214647460255,0.243460508315,0.238262602749,0.219808446633,True,0.19593140818,0.272813524693,0.0768821165139,MODEL_SPREAD_WITHIN_0.10,True,True,L0_EXACT,L1_NO_SCORE,L1_NO_SCORE,4014,1542,458,169,,0.238262602749,ct-s1.0-candidate,expected_runs,PENDING_CTS9,COMPACT_POINT_WITH_MODEL_LABEL
development,BALL|DEFENSE|2|2|2|110|8|bottom|TIED|AWAY|inventory=2,2,0.243046814485,0.200937728286,0.197320482498,0.293241050079,0.25103539101,0.00997661795076,0.259096741819,0.249125864592,0.245496804969,0.245217067955,True,0.197320482498,0.293241050079,0.0959205675818,MODEL_SPREAD_WITHIN_0.10,True,True,L0_EXACT,L1_NO_SCORE,L1_NO_SCORE,4410,1612,460,157,,0.245496804969,ct-s1.0-candidate,expected_runs,PENDING_CTS9,COMPACT_POINT_WITH_MODEL_LABEL
development,BALL|DEFENSE|2|2|2|110|9|bottom|LEAD_1|AWAY|inventory=1,1,0.161566130197,0.143648435796,0.12239272687,0.200727118615,0.208721277607,0.00732557594642,0.170148998056,0.162508045778,0.160535078646,0.189425006684,True,0.12239272687,0.208721277607,0.0863285507377,MODEL_SPREAD_WITHIN_0.10,True,True,L0_EXACT,L1_NO_SCORE,L1_NO_SCORE,2098,841,206,80,,0.160535078646,ct-s1.0-candidate,expected_runs,PENDING_CTS9,COMPACT_POINT_WITH_MODEL_LABEL
development,BALL|DEFENSE|2|2|2|110|9|bottom|LEAD_1|AWAY|inventory=2,2,0.127462773325,0.126437864585,0.101601447468,0.157196286845,0.1494180685,0.0041663278792,0.126916717325,0.131903097566,0.127789605868,0.144014605453,True,0.101601447468,0.157196286845,0.0555948393761,MODEL_SPREAD_WITHIN_0.10,True,True,L0_EXACT,L1_NO_SCORE,L1_NO_SCORE,2098,841,206,80,,0.127789605868,ct-s1.0-candidate,expected_runs,PENDING_CTS9,COMPACT_POINT_WITH_MODEL_LABEL
development,BALL|DEFENSE|2|2|2|110|9|top|TRAIL_1|HOME|inventory=2,2,0.161567120268,0.126155260858,0.125520450512,0.180992934753,0.170731248095,0.00605987851941,0.16106239104,0.158532012132,0.155582788482,0.142335839059,True,0.125520450512,0.180992934753,0.0554724842408,MODEL_SPREAD_WITHIN_0.10,True,True,L0_EXACT,L1_NO_SCORE,L1_NO_SCORE,4014,1542,458,169,,0.155582788482,ct-s1.0-candidate,expected_runs,PENDING_CTS9,COMPACT_POINT_WITH_MODEL_LABEL
development,BALL|DEFENSE|2|2|2|110|9|top|TRAIL_2PLUS|HOME|inventory=2,2,0.195914806203,0.130971717059,0.149871296306,0.206924463493,0.186564089582,0.00785786549648,0.19345062522,0.185278756507,0.182112937223,0.153365007616,True,0.130971717059,0.206924463493,0.075952746434,MODEL_SPREAD_WITHIN_0.10,True,True,L0_EXACT,L0_EXACT,L0_EXACT,1489,554,177,63,,0.182112937223,ct-s1.0-candidate,expected_runs,PENDING_CTS9,COMPACT_POINT_WITH_MODEL_LABEL
development,BALL|DEFENSE|2|2|2|111|8|bottom|TRAIL_2PLUS|AWAY|inventory=1,1,0.185966911649,0.171318027952,0.150476928524,0.243098179918,0.192464671768,0.0319837832363,0.20636981277,0.193185430272,0.192297199569,0.181281228153,True,0.150476928524,0.243098179918,0.0926212513942,MODEL_SPREAD_WITHIN_0.10,True,True,L0_EXACT,L0_EXACT,L0_EXACT,1537,584,149,57,,0.192297199569,ct-s1.0-candidate,expected_runs,PENDING_CTS9,COMPACT_POINT_WITH_MODEL_LABEL
development,BALL|DEFENSE|2|2|2|111|8|bottom|TRAIL_2PLUS|AWAY|inventory=2,2,0.127833930886,0.0729864009888,0.0937552882656,0.130808769886,0.117061883944,0.00430059080601,0.121990327723,0.117481052826,0.11634027178,0.0920075688569,True,0.0729864009888,0.130808769886,0.0578223688968,MODEL_SPREAD_WITHIN_0.10,True,True,L0_EXACT,L0_EXACT,L0_EXACT,1537,584,149,57,,0.11634027178,ct-s1.0-candidate,expected_runs,PENDING_CTS9,COMPACT_POINT_WITH_MODEL_LABEL
development,BALL|DEFENSE|2|2|2|111|8|top|LEAD_2PLUS|HOME|inventory=2,2,0.189387727097,0.160818237796,0.150176584317,0.242019393286,0.194412245255,0.0132196235694,0.203403263868,0.195385535242,0.194219642905,0.206582466341,True,0.150176584317,0.242019393286,0.0918428089693,MODEL_SPREAD_WITHIN_0.10,True,True,L0_EXACT,L0_EXACT,L0_EXACT,1367,527,159,54,,0.194219642905,ct-s1.0-candidate,expected_runs,PENDING_CTS9,COMPACT_POINT_WITH_MODEL_LABEL
development,BALL|DEFENSE|2|2|2|11|8|bottom|TRAIL_2PLUS|AWAY|inventory=2,2,0.172696496021,0.100825739369,0.128419119583,0.176504057955,0.158832519035,0.00611375817837,0.173279586362,0.157884784217,0.157899465335,0.126115145401,True,0.100825739369,0.176504057955,0.0756783185865,MODEL_SPREAD_WITHIN_0.10,True,True,L0_EXACT,L0_EXACT,L0_EXACT,1537,584,149,57,,0.157899465335,ct-s1.0-candidate,expected_runs,PENDING_CTS9,COMPACT_POINT_WITH_MODEL_LABEL
development,BALL|DEFENSE|2|2|2|11|9|top|TRAIL_2PLUS|HOME|inventory=2,2,0.178945664027,0.118796563885,0.136214619117,0.189226132597,0.170233391964,0.0070347526683,0.182512304899,0.166410936134,0.166092310257,0.139442192366,True,0.118796563885,0.189226132597,0.0704295687116,MODEL_SPREAD_WITHIN_0.10,True,True,L0_EXACT,L0_EXACT,L0_EXACT,1489,554,177,63,,0.166092310257,ct-s1.0-candidate,expected_runs,PENDING_CTS9,COMPACT_POINT_WITH_MODEL_LABEL
development,BALL|DEFENSE|2|2|2|1|9|top|TRAIL_2PLUS|HOME|inventory=2,2,0.240638327509,0.163891737399,0.186522162867,0.253369330317,0.229762971333,0.0101960234335,0.215970402327,0.228743607588,0.224565691276,0.190678624647,True,0.163891737399,0.253369330317,0.0894775929183,MODEL_SPREAD_WITHIN_0.10,True,True,L0_EXACT,L0_EXACT,L0_EXACT,1489,554,177,63,,0.224565691276,ct-s1.0-candidate,expected_runs,PENDING_CTS9,COMPACT_POINT_WITH_MODEL_LABEL
development,BALL|DEFENSE|3|0|0|100|9|top|LEAD_2PLUS|HOME|inventory=2,2,0.261409184208,0.223823332826,0.209378542088,0.293621656943,0.255197947837,0.0107673366607,0.245051814375,0.265292345028,0.253897513373,0.279547498928,True,0.209378542088,0.293621656943,0.0842431148556,MODEL_SPREAD_WITHIN_0.10,True,True,L0_EXACT,L0_EXACT,L0_EXACT,1637,641,158,65,,0.253897513373,ct-s1.0-candidate,expected_runs,PENDING_CTS9,COMPACT_POINT_WITH_MODEL_LABEL
development,BALL|DEFENSE|3|0|1|110|8|bottom|TRAIL_2PLUS|AWAY|inventory=2,2,0.279965271332,0.218724829362,0.222379937639,0.312930403426,0.271363316724,0.0216323966811,0.237785586734,0.29159759337,0.271079015499,0.255718677491,True,0.218724829362,0.312930403426,0.0942055740643,MODEL_SPREAD_WITHIN_0.10,True,True,L0_EXACT,L0_EXACT,L0_EXACT,1449,540,184,63,,0.271079015499,ct-s1.0-candidate,expected_runs,PENDING_CTS9,COMPACT_POINT_WITH_MODEL_LABEL
development,BALL|DEFENSE|3|0|1|111|8|bottom|TRAIL_2PLUS|AWAY|inventory=2,2,0.192274337228,0.146317757128,0.148993624308,0.218040831092,0.185671924282,0.0133557987362,0.174338575305,0.219737768877,0.18545454973,0.173789244994,True,0.146317757128,0.219737768877,0.0734200117489,MODEL_SPREAD_WITHIN_0.10,True,True,L0_EXACT,L0_EXACT,L0_EXACT,1449,540,184,63,,0.18545454973,ct-s1.0-candidate,expected_runs,PENDING_CTS9,COMPACT_POINT_WITH_MODEL_LABEL
development,BALL|DEFENSE|3|1|0|0|9|top|LEAD_2PLUS|HOME|inventory=2,2,0.334831024098,0.290845526948,0.273600038455,0.371539753225,0.32764914645,0.0152445636775,0.33427583119,0.333611018727,0.326141183186,0.355610977185,True,0.273600038455,0.371539753225,0.0979397147706,MODEL_SPREAD_WITHIN_0.10,True,True,L0_EXACT,L0_EXACT,L0_EXACT,1637,641,158,65,,0.326141183186,ct-s1.0-candidate,expected_runs,PENDING_CTS9,COMPACT_POINT_WITH_MODEL_LABEL
development,BALL|DEFENSE|3|1|0|100|9|top|TRAIL_2PLUS|HOME|inventory=2,2,0.257861112177,0.213448863687,0.208971910683,0.301267793559,0.257107870031,0.0126491691665,0.245235344712,0.26471684791,0.256443875869,0.261932490213,True,0.208971910683,0.301267793559,0.0922958828759,MODEL_SPREAD_WITHIN_0.10,True,True,L0_EXACT,L0_EXACT,L0_EXACT,1388,527,165,62,,0.256443875869,ct-s1.0-candidate,expected_runs,PENDING_CTS9,COMPACT_POINT_WITH_MODEL_LABEL
development,BALL|DEFENSE|3|1|1|0|9|bottom|LEAD_2PLUS|AWAY|inventory=2,2,0.349063356644,0.293840399305,0.279852776935,0.378583234035,0.338004781043,0.00354998953215,0.317537069405,0.34036254905,0.334181655662,0.361938226452,True,0.279852776935,0.378583234035,0.0987304570992,MODEL_SPREAD_WITHIN_0.10,True,True,L0_EXACT,L0_EXACT,L0_EXACT,1456,583,156,57,,0.334181655662,ct-s1.0-candidate,expected_runs,PENDING_CTS9,COMPACT_POINT_WITH_MODEL_LABEL
development,BALL|DEFENSE|3|1|1|100|9|bottom|LEAD_2PLUS|AWAY|inventory=2,2,0.256368569949,0.211055469094,0.199893116929,0.28143866317,0.247131720652,0.00228517510889,0.233409306505,0.249696822882,0.243957664913,0.267228060948,True,0.199893116929,0.28143866317,0.081545546241,MODEL_SPREAD_WITHIN_0.10,True,True,L0_EXACT,L0_EXACT,L0_EXACT,1456,583,156,57,,0.243957664913,ct-s1.0-candidate,expected_runs,PENDING_CTS9,COMPACT_POINT_WITH_MODEL_LABEL
development,BALL|DEFENSE|3|1|2|0|9|bottom|LEAD_2PLUS|AWAY|inventory=2,2,0.313603481709,0.260169868578,0.247926270174,0.33911875304,0.30817606356,0.000384692563754,0.304290672654,0.308701007718,0.302220385771,0.327972973788,True,0.247926270174,0.33911875304,0.0911924828666,MODEL_SPREAD_WITHIN_0.10,True,True,L0_EXACT,L0_EXACT,L0_EXACT,1398,569,156,53,,0.302220385771,ct-s1.0-candidate,expected_runs,PENDING_CTS9,COMPACT_POINT_WITH_MODEL_LABEL
development,BALL|DEFENSE|3|1|2|0|9|top|LEAD_2PLUS|HOME|inventory=2,2,0.329523218015,0.263576628121,0.266647040382,0.347225125129,0.316512849581,0.00289969680749,0.31927173478,0.319791082443,0.313877482066,0.327630455505,True,0.263576628121,0.347225125129,0.0836484970077,MODEL_SPREAD_WITHIN_0.10,True,True,L0_EXACT,L0_EXACT,L0_EXACT,1367,569,151,60,,0.313877482066,ct-s1.0-candidate,expected_runs,PENDING_CTS9,COMPACT_POINT_WITH_MODEL_LABEL
development,BALL|DEFENSE|3|1|2|10|9|bottom|LEAD_2PLUS|AWAY|inventory=2,2,0.248850555501,0.203183993708,0.192922839618,0.271178845848,0.244145185045,0.00027897557361,0.264991265911,0.244458301372,0.238999453259,0.261382884408,True,0.192922839618,0.271178845848,0.0782560062294,MODEL_SPREAD_WITHIN_0.10,True,True,L0_EXACT,L0_EXACT,L0_EXACT,1398,569,156,53,,0.238999453259,ct-s1.0-candidate,expected_runs,PENDING_CTS9,COMPACT_POINT_WITH_MODEL_LABEL
development,BALL|DEFENSE|3|2|0|0|9|bottom|LEAD_1|AWAY|inventory=2,2,0.220780066476,0.202570947053,0.17768847987,0.258008607975,0.230553365744,0.00920666802016,0.214109323159,0.225574348138,0.218768759224,0.246296136186,True,0.17768847987,0.258008607975,0.0803201281049,MODEL_SPREAD_WITHIN_0.10,True,True,L0_EXACT,L1_NO_SCORE,L1_NO_SCORE,2304,926,218,95,,0.218768759224,ct-s1.0-candidate,expected_runs,PENDING_CTS9,COMPACT_POINT_WITH_MODEL_LABEL
development,BALL|DEFENSE|3|2|0|0|9|bottom|LEAD_2PLUS|AWAY|inventory=2,2,0.218827952667,0.192036601001,0.172607724867,0.252095997134,0.21516267139,0.00903979040953,0.20984828098,0.219742202147,0.21342887188,0.241403349465,True,0.172607724867,0.252095997134,0.079488272267,MODEL_SPREAD_WITHIN_0.10,True,True,L0_EXACT,L0_EXACT,L0_EXACT,1550,629,142,64,,0.21342887188,ct-s1.0-candidate,expected_runs,PENDING_CTS9,COMPACT_POINT_WITH_MODEL_LABEL
development,BALL|DEFENSE|3|2|0|0|9|top|LEAD_1|HOME|inventory=2,2,0.236213247371,0.204064308812,0.190371557846,0.276435856002,0.240746208285,0.0105919759787,0.231407432755,0.241363236572,0.234393948071,0.249286658385,True,0.190371557846,0.276435856002,0.0860642981555,MODEL_SPREAD_WITHIN_0.10,True,True,L0_EXACT,L1_NO_SCORE,L1_NO_SCORE,4185,1621,442,172,,0.234393948071,ct-s1.0-candidate,expected_runs,PENDING_CTS9,COMPACT_POINT_WITH_MODEL_LABEL
development,BALL|DEFENSE|3|2|0|0|9|top|LEAD_2PLUS|HOME|inventory=2,2,0.212664119853,0.180375295666,0.168127122442,0.240828485487,0.207286042076,0.00823824008196,0.203577435596,0.211584863031,0.206162175766,0.228466401726,True,0.168127122442,0.240828485487,0.0727013630452,MODEL_SPREAD_WITHIN_0.10,True,True,L0_EXACT,L0_EXACT,L0_EXACT,1637,641,158,65,,0.206162175766,ct-s1.0-candidate,expected_runs,PENDING_CTS9,COMPACT_POINT_WITH_MODEL_LABEL
development,BALL|DEFENSE|3|2|0|0|9|top|TIED|HOME|inventory=2,2,0.236213247371,0.204064308812,0.190371557846,0.276435856002,0.240746208285,0.0105919759787,0.231407432755,0.241363236572,0.234393948071,0.249286658385,True,0.190371557846,0.276435856002,0.0860642981555,MODEL_SPREAD_WITHIN_0.10,True,True,L0_EXACT,L1_NO_SCORE,L1_NO_SCORE,4185,1621,442,172,,0.234393948071,ct-s1.0-candidate,expected_runs,PENDING_CTS9,COMPACT_POINT_WITH_MODEL_LABEL
development,BALL|DEFENSE|3|2|0|0|9|top|TRAIL_1|HOME|inventory=2,2,0.236213247371,0.204064308812,0.190371557846,0.276435856002,0.240746208285,0.0105919759787,0.231407432755,0.241363236572,0.234393948071,0.249286658385,True,0.190371557846,0.276435856002,0.0860642981555,MODEL_SPREAD_WITHIN_0.10,True,True,L0_EXACT,L1_NO_SCORE,L1_NO_SCORE,4185,1621,442,172,,0.234393948071,ct-s1.0-candidate,expected_runs,PENDING_CTS9,COMPACT_POINT_WITH_MODEL_LABEL
development,BALL|DEFENSE|3|2|0|0|9|top|TRAIL_2PLUS|HOME|inventory=2,2,0.252406063694,0.208669182609,0.204266445344,0.295259809949,0.251663352788,0.012295631274,0.2485876653,0.258300816769,0.25100866852,0.25642107108,True,0.204266445344,0.295259809949,0.090993364605,MODEL_SPREAD_WITHIN_0.10,True,True,L0_EXACT,L0_EXACT,L0_EXACT,1388,527,165,62,,0.25100866852,ct-s1.0-candidate,expected_runs,PENDING_CTS9,COMPACT_POINT_WITH_MODEL_LABEL
development,BALL|DEFENSE|3|2|0|100|8|bottom|TRAIL_2PLUS|AWAY|inventory=2,2,0.180862677652,0.15603322371,0.144301868131,0.220440428041,0.182870800533,0.0101491390261,0.174939836274,0.187781168724,0.182543955636,0.18887668755,True,0.144301868131,0.220440428041,0.0761385599103,MODEL_SPREAD_WITHIN_0.10,True,True,L0_EXACT,L0_EXACT,L0_EXACT,1519,565,166,58,,0.182543955636,ct-s1.0-candidate,expected_runs,PENDING_CTS9,COMPACT_POINT_WITH_MODEL_LABEL
development,BALL|DEFENSE|3|2|0|100|9|bottom|LEAD_2PLUS|AWAY|inventory=2,2,0.143746760778,0.124680532218,0.111128962292,0.168055968021,0.141111888801,0.00543718486773,0.134435786034,0.144440266328,0.139868455691,0.160164522869,True,0.111128962292,0.168055968021,0.0569270057296,MODEL_SPREAD_WITHIN_0.10,True,True,L0_EXACT,L0_EXACT,L0_EXACT,1550,629,142,64,,0.139868455691,ct-s1.0-candidate,expected_runs,PENDING_CTS9,COMPACT_POINT_WITH_MODEL_LABEL
development,BALL|DEFENSE|3|2|0|100|9|top|LEAD_2PLUS|HOME|inventory=2,2,0.139320596926,0.116519525798,0.108035862948,0.159742378807,0.135478152012,0.0049534776571,0.130047574903,0.138581820692,0.134677469983,0.150716241192,True,0.108035862948,0.159742378807,0.0517065158589,MODEL_SPREAD_WITHIN_0.10,True,True,L0_EXACT,L0_EXACT,L0_EXACT,1637,641,158,65,,0.134677469983,ct-s1.0-candidate,expected_runs,PENDING_CTS9,COMPACT_POINT_WITH_MODEL_LABEL
development,BALL|DEFENSE|3|2|1|0|8|bottom|TRAIL_2PLUS|AWAY|inventory=2,2,0.302763894941,0.238186116832,0.242065679049,0.337156495493,0.293747224351,0.0240980693085,0.286099951048,0.298441988707,0.293448916642,0.277303235436,True,0.238186116832,0.337156495493,0.0989703786607,MODEL_SPREAD_WITHIN_0.10,True,True,L0_EXACT,L0_EXACT,L0_EXACT,1449,540,184,63,,0.293448916642,ct-s1.0-candidate,expected_runs,PENDING_CTS9,COMPACT_POINT_WITH_MODEL_LABEL
development,BALL|DEFENSE|3|2|1|0|9|bottom|LEAD_2PLUS|AWAY|inventory=2,2,0.202317667504,0.164445412082,0.155263051245,0.223692126089,0.194518840735,0.00168220401444,0.180080126764,0.195829215687,0.19184832901,0.21153892031,True,0.155263051245,0.223692126089,0.0684290748437,MODEL_SPREAD_WITHIN_0.10,True,True,L0_EXACT,L0_EXACT,L0_EXACT,1456,583,156,57,,0.19184832901,ct-s1.0-candidate,expected_runs,PENDING_CTS9,COMPACT_POINT_WITH_MODEL_LABEL
development,BALL|DEFENSE|3|2|1|0|9|bottom|TIED|AWAY|inventory=2,2,0.220463608045,0.201597873139,0.178488659676,0.25351676165,0.237979571845,0.00732231287413,0.203721988854,0.222446019351,0.216966671065,0.237722391105,True,0.178488659676,0.25351676165,0.0750281019741,MODEL_SPREAD_WITHIN_0.10,True,True,L0_EXACT,L1_NO_SCORE,L1_NO_SCORE,2299,887,238,87,,0.216966671065,ct-s1.0-candidate,expected_runs,PENDING_CTS9,COMPACT_POINT_WITH_MODEL_LABEL
development,BALL|DEFENSE|3|2|1|0|9|top|LEAD_2PLUS|HOME|inventory=2,2,0.21326257666,0.182336417744,0.16725901115,0.240982779387,0.210346424705,0.00379180987361,0.19138373456,0.21056548674,0.205972139881,0.225885095278,True,0.16725901115,0.240982779387,0.0737237682369,MODEL_SPREAD_WITHIN_0.10,True,True,L0_EXACT,L0_EXACT,L0_EXACT,1422,596,134,59,,0.205972139881,ct-s1.0-candidate,expected_runs,PENDING_CTS9,COMPACT_POINT_WITH_MODEL_LABEL
development,BALL|DEFENSE|3|2|1|0|9|top|TIED|HOME|inventory=2,2,0.259328960774,0.217379735581,0.20685478469,0.296925617084,0.264637407022,0.0103810250046,0.246103483636,0.258374122218,0.253214085438,0.255640630323,True,0.20685478469,0.296925617084,0.0900708323942,MODEL_SPREAD_WITHIN_0.10,True,True,L0_EXACT,L1_NO_SCORE,L1_NO_SCORE,3994,1575,461,164,,0.253214085438,ct-s1.0-candidate,expected_runs,PENDING_CTS9,COMPACT_POINT_WITH_MODEL_LABEL
development,BALL|DEFENSE|3|2|1|0|9|top|TRAIL_2PLUS|HOME|inventory=2,2,0.288688515512,0.217863373326,0.229242206249,0.317826657716,0.278614498943,0.0140138683872,0.274186838795,0.281962024748,0.276582309271,0.257868828572,True,0.217863373326,0.317826657716,0.0999632843908,MODEL_SPREAD_WITHIN_0.10,True,True,L0_EXACT,L0_EXACT,L0_EXACT,1429,554,185,59,,0.276582309271,ct-s1.0-candidate,expected_runs,PENDING_CTS9,COMPACT_POINT_WITH_MODEL_LABEL
development,BALL|DEFENSE|3|2|1|100|9|bottom|LEAD_2PLUS|AWAY|inventory=2,2,0.134799746596,0.107857370157,0.101451138664,0.1503858705,0.129182072832,0.00103402050715,0.121698747927,0.130081017493,0.127266830765,0.141489506672,True,0.101451138664,0.1503858705,0.0489347318354,MODEL_SPREAD_WITHIN_0.10,True,True,L0_EXACT,L0_EXACT,L0_EXACT,1456,583,156,57,,0.127266830765,ct-s1.0-candidate,expected_runs,PENDING_CTS9,COMPACT_POINT_WITH_MODEL_LABEL
development,BALL|DEFENSE|3|2|1|101|8|top|TRAIL_2PLUS|HOME|inventory=2,2,0.173158626345,0.175558767241,0.148381726804,0.245613571423,0.191456562865,0.0137582148688,0.187423342687,0.195047821646,0.19112611688,0.205471157388,True,0.148381726804,0.245613571423,0.0972318446193,MODEL_SPREAD_WITHIN_0.10,True,True,L0_EXACT,L0_EXACT,L0_EXACT,1601,586,172,61,,0.19112611688,ct-s1.0-candidate,expected_runs,PENDING_CTS9,COMPACT_POINT_WITH_MODEL_LABEL
development,BALL|DEFENSE|3|2|1|110|8|top|LEAD_2PLUS|HOME|inventory=2,2,0.153867917488,0.145988876279,0.127276151123,0.209499265253,0.165116188921,0.0116147793246,0.163161786917,0.167540218567,0.164650248259,0.180036147796,True,0.127276151123,0.209499265253,0.0822231141301,MODEL_SPREAD_WITHIN_0.10,True,True,L0_EXACT,L0_EXACT,L0_EXACT,1425,583,134,55,,0.164650248259,ct-s1.0-candidate,expected_runs,PENDING_CTS9,COMPACT_POINT_WITH_MODEL_LABEL
development,BALL|DEFENSE|3|2|1|110|9|top|LEAD_2PLUS|HOME|inventory=1,1,0.133047761387,0.127721609847,0.101692109263,0.176460831119,0.136551759362,0.0120470722698,0.12952801262,0.138404786843,0.13552246143,0.16427208599,True,0.101692109263,0.176460831119,0.0747687218561,MODEL_SPREAD_WITHIN_0.10,True,True,L0_EXACT,L0_EXACT,L0_EXACT,1422,596,134,59,,0.13552246143,ct-s1.0-candidate,expected_runs,PENDING_CTS9,COMPACT_POINT_WITH_MODEL_LABEL
development,BALL|DEFENSE|3|2|1|110|9|top|LEAD_2PLUS|HOME|inventory=2,2,0.0879045140697,0.0734596928679,0.066651430858,0.101431237642,0.0865140109729,0.0013514349795,0.078402750678,0.0865736627893,0.0844395290072,0.0939938267165,True,0.066651430858,0.101431237642,0.0347798067844,MODEL_SPREAD_WITHIN_0.10,True,True,L0_EXACT,L0_EXACT,L0_EXACT,1422,596,134,59,,0.0844395290072,ct-s1.0-candidate,expected_runs,PENDING_CTS9,COMPACT_POINT_WITH_MODEL_LABEL
development,BALL|DEFENSE|3|2|1|111|6|bottom|TRAIL_2PLUS|AWAY|inventory=1,1,0.130363254301,0.180435783759,0.107920960364,0.205415109835,0.147288051897,0.0457823947722,0.143155280772,0.150330492473,0.147286536469,0.178674653963,True,0.107920960364,0.205415109835,0.0974941494708,MODEL_SPREAD_WITHIN_0.10,True,True,L0_EXACT,L0_EXACT,L0_EXACT,1585,540,131,43,,0.147286536469,ct-s1.0-candidate,expected_runs,PENDING_CTS9,COMPACT_POINT_WITH_MODEL_LABEL
development,BALL|DEFENSE|3|2|1|111|6|bottom|TRAIL_2PLUS|AWAY|inventory=2,2,0.123090344612,0.161286598662,0.106700081146,0.195449725699,0.142690155134,0.0168495169692,0.137271501786,0.145874989267,0.142678194768,0.166441637121,True,0.106700081146,0.195449725699,0.0887496445531,MODEL_SPREAD_WITHIN_0.10,True,True,L0_EXACT,L0_EXACT,L0_EXACT,1585,540,131,43,,0.142678194768,ct-s1.0-candidate,expected_runs,PENDING_CTS9,COMPACT_POINT_WITH_MODEL_LABEL
development,BALL|DEFENSE|3|2|1|111|7|bottom|LEAD_2PLUS|AWAY|inventory=1,1,0.119283870639,0.165415473062,0.100619673929,0.191498522786,0.13713606477,0.0388974004293,0.134182546239,0.140178705805,0.13712123645,0.164572600834,True,0.100619673929,0.191498522786,0.0908788488569,MODEL_SPREAD_WITHIN_0.10,True,True,L0_EXACT,L0_EXACT,L0_EXACT,1450,554,171,65,,0.13712123645,ct-s1.0-candidate,expected_runs,PENDING_CTS9,COMPACT_POINT_WITH_MODEL_LABEL
development,BALL|DEFENSE|3|2|1|111|7|bottom|LEAD_2PLUS|AWAY|inventory=2,2,0.11414559398,0.1392803132,0.0982328572103,0.181024552635,0.132129926894,0.0127586111448,0.127276149762,0.135308357189,0.132038247812,0.151918545953,True,0.0982328572103,0.181024552635,0.0827916954248,MODEL_SPREAD_WITHIN_0.10,True,True,L0_EXACT,L0_EXACT,L0_EXACT,1450,554,171,65,,0.132038247812,ct-s1.0-candidate,expected_runs,PENDING_CTS9,COMPACT_POINT_WITH_MODEL_LABEL
development,BALL|DEFENSE|3|2|1|11|8|top|TRAIL_2PLUS|HOME|inventory=2,2,0.171417093691,0.173798169273,0.146845130389,0.243357803388,0.189573193176,0.0135934860668,0.183146124292,0.194309607796,0.189245236978,0.203484620868,True,0.146845130389,0.243357803388,0.0965126729988,MODEL_SPREAD_WITHIN_0.10,True,True,L0_EXACT,L0_EXACT,L0_EXACT,1601,586,172,61,,0.189245236978,ct-s1.0-candidate,expected_runs,PENDING_CTS9,COMPACT_POINT_WITH_MODEL_LABEL
development,BALL|DEFENSE|3|2|1|1|9|top|TRAIL_1|HOME|inventory=2,2,0.161261372043,0.132341180065,0.125274505352,0.188254136383,0.165009606081,0.00572737678106,0.153927428139,0.159951512516,0.15696883104,0.158669023605,True,0.125274505352,0.188254136383,0.0629796310316,MODEL_SPREAD_WITHIN_0.10,True,True,L0_EXACT,L1_NO_SCORE,L1_NO_SCORE,3994,1575,461,164,,0.15696883104,ct-s1.0-candidate,expected_runs,PENDING_CTS9,COMPACT_POINT_WITH_MODEL_LABEL
development,BALL|DEFENSE|3|2|2|0|9|bottom|LEAD_1|AWAY|inventory=2,2,0.243773259927,0.242072583415,0.199714808844,0.291572181615,0.279348756373,0.00914766416429,0.228939721544,0.252379589485,0.244314821251,0.270742177525,True,0.199714808844,0.291572181615,0.0918573727701,MODEL_SPREAD_WITHIN_0.10,True,True,L0_EXACT,L1_NO_SCORE,L1_NO_SCORE,2098,841,206,80,,0.244314821251,ct-s1.0-candidate,expected_runs,PENDING_CTS9,COMPACT_POINT_WITH_MODEL_LABEL
development,BALL|DEFENSE|3|2|2|0|9|bottom|LEAD_2PLUS|AWAY|inventory=2,2,0.173852997838,0.139395193372,0.131822541995,0.191164637393,0.170244310584,0.000177224176826,0.150866377643,0.170341680976,0.166313433866,0.183531219611,True,0.131822541995,0.191164637393,0.0593420953979,MODEL_SPREAD_WITHIN_0.10,True,True,L0_EXACT,L0_EXACT,L0_EXACT,1398,569,156,53,,0.166313433866,ct-s1.0-candidate,expected_runs,PENDING_CTS9,COMPACT_POINT_WITH_MODEL_LABEL
development,BALL|DEFENSE|3|2|2|0|9|bottom|TIED|AWAY|inventory=2,2,0.243773259927,0.242072583415,0.199714808844,0.291572181615,0.279348756373,0.00914766416429,0.228939721544,0.252379589485,0.244314821251,0.270742177525,True,0.199714808844,0.291572181615,0.0918573727701,MODEL_SPREAD_WITHIN_0.10,True,True,L0_EXACT,L1_NO_SCORE,L1_NO_SCORE,2098,841,206,80,,0.244314821251,ct-s1.0-candidate,expected_runs,PENDING_CTS9,COMPACT_POINT_WITH_MODEL_LABEL
development,BALL|DEFENSE|3|2|2|0|9|top|LEAD_2PLUS|HOME|inventory=2,2,0.184586253236,0.141523005991,0.143448566788,0.196787395108,0.175797924797,0.00133767760401,0.160031445229,0.177739175158,0.174035854993,0.183298404577,True,0.141523005991,0.196787395108,0.0552643891172,MODEL_SPREAD_WITHIN_0.10,True,True,L0_EXACT,L0_EXACT,L0_EXACT,1367,569,151,60,,0.174035854993,ct-s1.0-candidate,expected_runs,PENDING_CTS9,COMPACT_POINT_WITH_MODEL_LABEL
development,BALL|DEFENSE|3|2|2|0|9|top|TRAIL_1|HOME|inventory=2,2,0.29835665538,0.241603004415,0.240547179023,0.327799071238,0.312388719993,0.0132749980433,0.281678176538,0.295063583212,0.289052458546,0.268048754698,True,0.240547179023,0.327799071238,0.0872518922158,MODEL_SPREAD_WITHIN_0.10,True,True,L0_EXACT,L1_NO_SCORE,L1_NO_SCORE,4014,1542,458,169,,0.289052458546,ct-s1.0-candidate,expected_runs,PENDING_CTS9,COMPACT_POINT_WITH_MODEL_LABEL
development,BALL|DEFENSE|3|2|2|10|9|top|LEAD_2PLUS|HOME|inventory=1,1,0.190808692379,0.176799795604,0.149938774327,0.239069998215,0.192713141382,0.0151513436498,0.191602178614,0.19515738227,0.192183125705,0.220902485198,True,0.149938774327,0.239069998215,0.0891312238888,MODEL_SPREAD_WITHIN_0.10,True,True,L0_EXACT,L0_EXACT,L0_EXACT,1367,569,151,60,,0.192183125705,ct-s1.0-candidate,expected_runs,PENDING_CTS9,COMPACT_POINT_WITH_MODEL_LABEL
development,BALL|DEFENSE|3|2|2|10|9|top|LEAD_2PLUS|HOME|inventory=2,2,0.104733141737,0.0785057240324,0.0796534269021,0.11238347087,0.0992837838134,0.000691739485192,0.0899502652967,0.100473803389,0.0981972630276,0.103931412991,True,0.0785057240324,0.11238347087,0.0338777468375,MODEL_SPREAD_WITHIN_0.10,True,True,L0_EXACT,L0_EXACT,L0_EXACT,1367,569,151,60,,0.0981972630276,ct-s1.0-candidate,expected_runs,PENDING_CTS9,COMPACT_POINT_WITH_MODEL_LABEL
development,BALL|DEFENSE|3|2|2|10|9|top|TIED|HOME|inventory=2,2,0.180160118532,0.141360168985,0.140661163687,0.201284754677,0.190139683982,0.00690461701216,0.169046402817,0.177825868936,0.173629731134,0.159135771936,True,0.140661163687,0.201284754677,0.0606235909906,MODEL_SPREAD_WITHIN_0.10,True,True,L0_EXACT,L1_NO_SCORE,L1_NO_SCORE,4014,1542,458,169,,0.173629731134,ct-s1.0-candidate,expected_runs,PENDING_CTS9,COMPACT_POINT_WITH_MODEL_LABEL
development,BALL|DEFENSE|3|2|2|10|9|top|TRAIL_2PLUS|HOME|inventory=2,2,0.217435429444,0.146659702572,0.167387057865,0.229309572128,0.207322401882,0.00895098370605,0.202652326359,0.207026907975,0.202499278359,0.171206855572,True,0.146659702572,0.229309572128,0.0826498695563,MODEL_SPREAD_WITHIN_0.10,True,True,L0_EXACT,L0_EXACT,L0_EXACT,1489,554,177,63,,0.202499278359,ct-s1.0-candidate,expected_runs,PENDING_CTS9,COMPACT_POINT_WITH_MODEL_LABEL
development,BALL|DEFENSE|3|2|2|110|8|bottom|LEAD_1|AWAY|inventory=2,2,0.179721963099,0.146461401558,0.143648532065,0.220650481158,0.186140979792,0.00682937426975,0.182702381952,0.185538064344,0.181686834237,0.181462319862,True,0.143648532065,0.220650481158,0.0770019490935,MODEL_SPREAD_WITHIN_0.10,True,True,L0_EXACT,L1_NO_SCORE,L1_NO_SCORE,4410,1612,460,157,,0.181686834237,ct-s1.0-candidate,expected_runs,PENDING_CTS9,COMPACT_POINT_WITH_MODEL_LABEL
development,BALL|DEFENSE|3|2|2|110|8|bottom|LEAD_2PLUS|AWAY|inventory=2,2,0.207057267352,0.174301709066,0.169590784128,0.265548543723,0.217069204654,0.00678445348647,0.217853191382,0.220549427709,0.215996520191,0.229862779411,True,0.169590784128,0.265548543723,0.0959577595948,MODEL_SPREAD_WITHIN_0.10,True,True,L0_EXACT,L0_EXACT,L0_EXACT,1523,587,158,56,,0.215996520191,ct-s1.0-candidate,expected_runs,PENDING_CTS9,COMPACT_POINT_WITH_MODEL_LABEL
development,BALL|DEFENSE|3|2|2|110|9|top|LEAD_2PLUS|HOME|inventory=1,1,0.123651157701,0.113878975901,0.0954688120355,0.158248159733,0.124988846483,0.0091217084877,0.125093765493,0.126654061455,0.124616339722,0.145051710271,True,0.0954688120355,0.158248159733,0.0627793476978,MODEL_SPREAD_WITHIN_0.10,True,True,L0_EXACT,L0_EXACT,L0_EXACT,1367,569,151,60,,0.124616339722,ct-s1.0-candidate,expected_runs,PENDING_CTS9,COMPACT_POINT_WITH_MODEL_LABEL
development,BALL|DEFENSE|3|2|2|110|9|top|LEAD_2PLUS|HOME|inventory=2,2,0.0654216598327,0.0485053088379,0.0492378598933,0.0704263359499,0.0618763445186,0.000414035387377,0.0562708574989,0.0626200599665,0.0611713931906,0.0648990445194,True,0.0485053088379,0.0704263359499,0.021921027112,MODEL_SPREAD_WITHIN_0.10,True,True,L0_EXACT,L0_EXACT,L0_EXACT,1367,569,151,60,,0.0611713931906,ct-s1.0-candidate,expected_runs,PENDING_CTS9,COMPACT_POINT_WITH_MODEL_LABEL
development,BALL|DEFENSE|3|2|2|110|9|top|TRAIL_1|HOME|inventory=1,1,0.169845998199,0.162947636346,0.134970124248,0.220739741135,0.183365190732,0.0254386955568,0.179893383505,0.176677163962,0.173692225587,0.175544278535,True,0.134970124248,0.220739741135,0.0857696168874,MODEL_SPREAD_WITHIN_0.10,True,True,L0_EXACT,L1_NO_SCORE,L1_NO_SCORE,4014,1542,458,169,,0.173692225587,ct-s1.0-candidate,expected_runs,PENDING_CTS9,COMPACT_POINT_WITH_MODEL_LABEL
development,BALL|DEFENSE|3|2|2|110|9|top|TRAIL_1|HOME|inventory=2,2,0.116212228493,0.089677882044,0.0892078866774,0.131037124524,0.123181770707,0.00414304656469,0.109308809466,0.114540396231,0.111684035804,0.101724531976,True,0.0892078866774,0.131037124524,0.0418292378461,MODEL_SPREAD_WITHIN_0.10,True,True,L0_EXACT,L1_NO_SCORE,L1_NO_SCORE,4014,1542,458,169,,0.111684035804,ct-s1.0-candidate,expected_runs,PENDING_CTS9,COMPACT_POINT_WITH_MODEL_LABEL
development,BALL|DEFENSE|3|2|2|111|5|bottom|LEAD_2PLUS|AWAY|inventory=1,1,0.111384676245,0.189897754223,0.0985827131928,0.192602756947,0.133997834444,0.0508701976538,0.131600794861,0.136708029628,0.133997319181,0.155335282363,True,0.0985827131928,0.192602756947,0.0940200437544,MODEL_SPREAD_WITHIN_0.10,True,True,L0_EXACT,L0_EXACT,L0_EXACT,1224,462,112,50,,0.133997319181,ct-s1.0-candidate,expected_runs,PENDING_CTS9,COMPACT_POINT_WITH_MODEL_LABEL
development,BALL|DEFENSE|3|2|2|111|5|bottom|LEAD_2PLUS|AWAY|inventory=2,2,0.113286042924,0.184145027321,0.102545411001,0.198642185162,0.139083662603,0.0277589392309,0.131982417767,0.142008999078,0.139079240108,0.165633573205,True,0.102545411001,0.198642185162,0.0960967741605,MODEL_SPREAD_WITHIN_0.10,True,True,L0_EXACT,L0_EXACT,L0_EXACT,1224,462,112,50,,0.139079240108,ct-s1.0-candidate,expected_runs,PENDING_CTS9,COMPACT_POINT_WITH_MODEL_LABEL
development,BALL|DEFENSE|3|2|2|111|5|top|TRAIL_2PLUS|HOME|inventory=1,1,0.113855980733,0.192670092761,0.10000454503,0.194007734965,0.135381568034,0.0565158485957,0.132794509643,0.13819292695,0.135380816718,0.154961744059,True,0.10000454503,0.194007734965,0.0940031899348,MODEL_SPREAD_WITHIN_0.10,True,True,L0_EXACT,L0_EXACT,L0_EXACT,1216,501,156,56,,0.135380816718,ct-s1.0-candidate,expected_runs,PENDING_CTS9,COMPACT_POINT_WITH_MODEL_LABEL
development,BALL|DEFENSE|3|2|2|111|5|top|TRAIL_2PLUS|HOME|inventory=2,2,0.113692348198,0.188994825335,0.103885964456,0.198596082211,0.139819859812,0.0312501416077,0.132583416823,0.142881190906,0.13981415657,0.162942529242,True,0.103885964456,0.198596082211,0.0947101177554,MODEL_SPREAD_WITHIN_0.10,True,True,L0_EXACT,L0_EXACT,L0_EXACT,1216,501,156,56,,0.13981415657,ct-s1.0-candidate,expected_runs,PENDING_CTS9,COMPACT_POINT_WITH_MODEL_LABEL
development,BALL|DEFENSE|3|2|2|111|6|bottom|TRAIL_2PLUS|AWAY|inventory=1,1,0.117477766649,0.180137368923,0.101727215227,0.19652689519,0.138308825143,0.0446765544343,0.136984517781,0.141058594895,0.138305111032,0.15742857071,True,0.101727215227,0.19652689519,0.0947996799624,MODEL_SPREAD_WITHIN_0.10,True,True,L0_EXACT,L0_EXACT,L0_EXACT,1532,553,139,54,,0.138305111032,ct-s1.0-candidate,expected_runs,PENDING_CTS9,COMPACT_POINT_WITH_MODEL_LABEL
development,BALL|DEFENSE|3|2|2|111|6|bottom|TRAIL_2PLUS|AWAY|inventory=2,2,0.116674011975,0.154964863357,0.103681740728,0.192499846714,0.139364981543,0.0156947927539,0.134951041336,0.142142890265,0.139336532687,0.156524965712,True,0.103681740728,0.192499846714,0.088818105986,MODEL_SPREAD_WITHIN_0.10,True,True,L0_EXACT,L0_EXACT,L0_EXACT,1532,553,139,54,,0.139336532687,ct-s1.0-candidate,expected_runs,PENDING_CTS9,COMPACT_POINT_WITH_MODEL_LABEL
development,BALL|DEFENSE|3|2|2|111|8|bottom|TRAIL_2PLUS|AWAY|inventory=1,1,0.096698021834,0.0883180626857,0.0766402132491,0.130811817179,0.100461624348,0.0152463473106,0.103038777977,0.102185241297,0.100364258419,0.0940018508958,True,0.0766402132491,0.130811817179,0.0541716039299,MODEL_SPREAD_WITHIN_0.10,True,True,L0_EXACT,L0_EXACT,L0_EXACT,1537,584,149,57,,0.100364258419,ct-s1.0-candidate,expected_runs,PENDING_CTS9,COMPACT_POINT_WITH_MODEL_LABEL
development,BALL|DEFENSE|3|2|2|111|8|bottom|TRAIL_2PLUS|AWAY|inventory=2,2,0.0642672607477,0.0355805622366,0.0462361997091,0.065874560863,0.0584924811936,0.00201982059665,0.0578301527162,0.0595111367679,0.0581081511321,0.0453299891493,True,0.0355805622366,0.065874560863,0.0302939986264,MODEL_SPREAD_WITHIN_0.10,True,True,L0_EXACT,L0_EXACT,L0_EXACT,1537,584,149,57,,0.0581081511321,ct-s1.0-candidate,expected_runs,PENDING_CTS9,COMPACT_POINT_WITH_MODEL_LABEL
development,BALL|DEFENSE|3|2|2|11|8|bottom|TRAIL_2PLUS|AWAY|inventory=1,1,0.198845832437,0.183411034024,0.161385304136,0.258676378759,0.205679888173,0.0346527373056,0.212220407247,0.208715823934,0.205503843155,0.193912947772,True,0.161385304136,0.258676378759,0.0972910746225,MODEL_SPREAD_WITHIN_0.10,True,True,L0_EXACT,L0_EXACT,L0_EXACT,1537,584,149,57,,0.205503843155,ct-s1.0-candidate,expected_runs,PENDING_CTS9,COMPACT_POINT_WITH_MODEL_LABEL
development,BALL|DEFENSE|3|2|2|11|8|bottom|TRAIL_2PLUS|AWAY|inventory=2,2,0.137366287199,0.0787983840116,0.10104085641,0.140527212827,0.125906945822,0.00467060863261,0.12582803084,0.127890187244,0.125138537166,0.099172186844,True,0.0787983840116,0.140527212827,0.0617288288155,MODEL_SPREAD_WITHIN_0.10,True,True,L0_EXACT,L0_EXACT,L0_EXACT,1537,584,149,57,,0.125138537166,ct-s1.0-candidate,expected_runs,PENDING_CTS9,COMPACT_POINT_WITH_MODEL_LABEL
development,BALL|DEFENSE|3|2|2|11|8|top|LEAD_2PLUS|HOME|inventory=2,2,0.202444635858,0.172324208105,0.161067315391,0.257551984607,0.207726788867,0.0143459681883,0.209191924821,0.211046532448,0.207524393904,0.220502361332,True,0.161067315391,0.257551984607,0.0964846692156,MODEL_SPREAD_WITHIN_0.10,True,True,L0_EXACT,L0_EXACT,L0_EXACT,1367,527,159,54,,0.207524393904,ct-s1.0-candidate,expected_runs,PENDING_CTS9,COMPACT_POINT_WITH_MODEL_LABEL
development,BALL|DEFENSE|3|2|2|11|9|top|TRAIL_2PLUS|HOME|inventory=1,1,0.198131394319,0.191882861511,0.158321012149,0.257416865534,0.204951755178,0.0387963697397,0.213311891002,0.205945847374,0.202594068383,0.193725317435,True,0.158321012149,0.257416865534,0.0990958533853,MODEL_SPREAD_WITHIN_0.10,True,True,L0_EXACT,L0_EXACT,L0_EXACT,1489,554,177,63,,0.202594068383,ct-s1.0-candidate,expected_runs,PENDING_CTS9,COMPACT_POINT_WITH_MODEL_LABEL
development,BALL|DEFENSE|3|2|2|11|9|top|TRAIL_2PLUS|HOME|inventory=2,2,0.142557299327,0.0932502904809,0.107379151534,0.151132051617,0.135324659668,0.0053753786334,0.132938987439,0.1350563361,0.131897779811,0.110010492894,True,0.0932502904809,0.151132051617,0.0578817611358,MODEL_SPREAD_WITHIN_0.10,True,True,L0_EXACT,L0_EXACT,L0_EXACT,1489,554,177,63,,0.131897779811,ct-s1.0-candidate,expected_runs,PENDING_CTS9,COMPACT_POINT_WITH_MODEL_LABEL
development,STRIKE|OFFENSE|0|0|0|0|9|bottom|TIED|HOME|inventory=2,2,0.376676654056,0.314656886171,0.303934328949,0.396905554551,0.399354125342,0.0366499929479,0.332672035125,0.366259739165,0.356463538062,0.294620785823,True,0.303934328949,0.399354125342,0.0954197963923,MODEL_SPREAD_WITHIN_0.10,True,True,L1_NO_SCORE,L1_NO_SCORE,L1_NO_SCORE,1138,779,92,63,,0.356463538062,ct-s1.0-candidate,expected_runs,PENDING_CTS9,COMPACT_POINT_WITH_MODEL_LABEL
development,STRIKE|OFFENSE|0|0|0|0|9|bottom|TRAIL_1|HOME|inventory=2,2,0.376676654056,0.314656886171,0.303934328949,0.396905554551,0.399354125342,0.0366499929479,0.332672035125,0.366259739165,0.356463538062,0.294620785823,True,0.303934328949,0.399354125342,0.0954197963923,MODEL_SPREAD_WITHIN_0.10,True,True,L1_NO_SCORE,L1_NO_SCORE,L1_NO_SCORE,1138,779,92,63,,0.356463538062,ct-s1.0-candidate,expected_runs,PENDING_CTS9,COMPACT_POINT_WITH_MODEL_LABEL
development,STRIKE|OFFENSE|0|0|1|100|9|bottom|TIED|HOME|inventory=2,2,0.263978479363,0.250875689969,0.21762337908,0.314534885736,0.309375346317,0.015938202408,0.302975723672,0.273626397161,0.265990893667,0.257632110621,True,0.21762337908,0.314534885736,0.0969115066553,MODEL_SPREAD_WITHIN_0.10,True,True,L1_NO_SCORE,L1_NO_SCORE,L1_NO_SCORE,1012,701,94,69,,0.265990893667,ct-s1.0-candidate,expected_runs,PENDING_CTS9,COMPACT_POINT_WITH_MODEL_LABEL
development,STRIKE|OFFENSE|0|0|1|100|9|bottom|TRAIL_1|HOME|inventory=2,2,0.263978479363,0.250875689969,0.21762337908,0.314534885736,0.309375346317,0.015938202408,0.302975723672,0.273626397161,0.265990893667,0.257632110621,True,0.21762337908,0.314534885736,0.0969115066553,MODEL_SPREAD_WITHIN_0.10,True,True,L1_NO_SCORE,L1_NO_SCORE,L1_NO_SCORE,1012,701,94,69,,0.265990893667,ct-s1.0-candidate,expected_runs,PENDING_CTS9,COMPACT_POINT_WITH_MODEL_LABEL
development,STRIKE|OFFENSE|0|0|1|100|9|bottom|TRAIL_2PLUS|HOME|inventory=2,2,0.166423881493,0.10053402616,0.11867133031,0.15005471331,0.143645035999,0.00830728532757,0.155415877055,0.138675049615,0.135209982921,0.0880671739881,True,0.10053402616,0.166423881493,0.0658898553327,MODEL_SPREAD_WITHIN_0.10,True,True,L0_EXACT,L0_EXACT,L0_EXACT,677,469,62,47,,0.135209982921,ct-s1.0-candidate,expected_runs,PENDING_CTS9,COMPACT_POINT_WITH_MODEL_LABEL
development,STRIKE|OFFENSE|0|0|1|100|9|top|TRAIL_2PLUS|AWAY|inventory=2,2,0.212535366314,0.157044025614,0.155706357288,0.217082529773,0.199581720155,0.0314988594136,0.204316272321,0.194948849263,0.191352609704,0.134357440871,True,0.155706357288,0.217082529773,0.0613761724851,MODEL_SPREAD_WITHIN_0.10,True,True,L0_EXACT,L0_EXACT,L0_EXACT,729,505,63,45,,0.191352609704,ct-s1.0-candidate,expected_runs,PENDING_CTS9,COMPACT_POINT_WITH_MODEL_LABEL
development,STRIKE|OFFENSE|0|0|1|10|9|bottom|TRAIL_2PLUS|HOME|inventory=2,2,0.161447497428,0.0972978994877,0.114925971825,0.145482371886,0.13923600962,0.00801343044975,0.155414584788,0.132401067905,0.131020249424,0.0851943376265,True,0.0972978994877,0.161447497428,0.0641495979403,MODEL_SPREAD_WITHIN_0.10,True,True,L0_EXACT,L0_EXACT,L0_EXACT,677,469,62,47,,0.131020249424,ct-s1.0-candidate,expected_runs,PENDING_CTS9,COMPACT_POINT_WITH_MODEL_LABEL
development,STRIKE|OFFENSE|0|0|1|10|9|top|TRAIL_2PLUS|AWAY|inventory=2,2,0.206521770875,0.152296873053,0.15099239712,0.210974744463,0.193844419479,0.0304098013642,0.204314671815,0.186680712395,0.185796956921,0.130190147932,True,0.15099239712,0.210974744463,0.0599823473436,MODEL_SPREAD_WITHIN_0.10,True,True,L0_EXACT,L0_EXACT,L0_EXACT,729,505,63,45,,0.185796956921,ct-s1.0-candidate,expected_runs,PENDING_CTS9,COMPACT_POINT_WITH_MODEL_LABEL
development,STRIKE|OFFENSE|0|0|1|110|9|bottom|TRAIL_2PLUS|HOME|inventory=2,2,0.13414448069,0.0798109352963,0.0946028128693,0.120491328592,0.115173348669,0.00645840172677,0.155414584788,0.109465456762,0.108198954299,0.0697147004503,True,0.0798109352963,0.155414584788,0.0756036494922,MODEL_SPREAD_WITHIN_0.10,True,True,L0_EXACT,L0_EXACT,L0_EXACT,677,469,62,47,,0.108198954299,ct-s1.0-candidate,expected_runs,PENDING_CTS9,COMPACT_POINT_WITH_MODEL_LABEL
development,STRIKE|OFFENSE|0|0|1|110|9|top|TRAIL_2PLUS|AWAY|inventory=2,2,0.173170235602,0.126308259898,0.125193510482,0.177064562341,0.162121872863,0.0246165435411,0.204314671815,0.156033372702,0.155137935056,0.107495555048,True,0.125193510482,0.204314671815,0.0791211613324,MODEL_SPREAD_WITHIN_0.10,True,True,L0_EXACT,L0_EXACT,L0_EXACT,729,505,63,45,,0.155137935056,ct-s1.0-candidate,expected_runs,PENDING_CTS9,COMPACT_POINT_WITH_MODEL_LABEL
development,STRIKE|OFFENSE|0|0|1|111|9|bottom|TRAIL_2PLUS|HOME|inventory=2,2,0.133308558224,0.079282590498,0.0939865480496,0.119728721208,0.114440020013,0.00641226359993,0.155408123778,0.104784894287,0.107504637438,0.0692481625306,True,0.079282590498,0.155408123778,0.0761255332797,MODEL_SPREAD_WITHIN_0.10,True,True,L0_EXACT,L0_EXACT,L0_EXACT,677,469,62,47,,0.107504637438,ct-s1.0-candidate,expected_runs,PENDING_CTS9,COMPACT_POINT_WITH_MODEL_LABEL
development,STRIKE|OFFENSE|0|0|2|100|1|bottom|LEAD_1|HOME|inventory=2,2,0.813241301215,0.896945236655,0.799487131035,0.895715170779,0.848666065233,0.649189465331,0.813346934528,0.85011971941,0.848666053508,0.874578517125,True,0.799487131035,0.896945236655,0.0974581056197,MODEL_SPREAD_WITHIN_0.10,True,True,L0_EXACT,L1_NO_SCORE,L1_NO_SCORE,1977,1316,206,131,,0.848666053508,ct-s1.0-candidate,expected_runs,PENDING_CTS9,COMPACT_POINT_WITH_MODEL_LABEL
development,STRIKE|OFFENSE|0|0|2|100|1|bottom|LEAD_2PLUS|HOME|inventory=2,2,0.813241301215,0.896945236655,0.799487131035,0.895715170779,0.848666065233,0.649189465331,0.813346934528,0.85011971941,0.848666053508,0.874578517125,True,0.799487131035,0.896945236655,0.0974581056197,MODEL_SPREAD_WITHIN_0.10,True,True,L0_EXACT,L1_NO_SCORE,L1_NO_SCORE,1977,1316,206,131,,0.848666053508,ct-s1.0-candidate,expected_runs,PENDING_CTS9,COMPACT_POINT_WITH_MODEL_LABEL
development,STRIKE|OFFENSE|0|0|2|100|1|bottom|TIED|HOME|inventory=2,2,0.811526179421,0.896589071681,0.798341721064,0.89504539136,0.8479405015,0.650051307229,0.811668110161,0.849522531256,0.84794048762,0.873422428428,True,0.798341721064,0.896589071681,0.0982473506168,MODEL_SPREAD_WITHIN_0.10,True,True,L0_EXACT,L0_EXACT,L0_EXACT,1061,751,101,69,,0.84794048762,ct-s1.0-candidate,expected_runs,PENDING_CTS9,COMPACT_POINT_WITH_MODEL_LABEL
development,STRIKE|OFFENSE|0|0|2|100|1|bottom|TRAIL_1|HOME|inventory=2,2,0.813241301215,0.896945236655,0.799487131035,0.895715170779,0.848666065233,0.649189465331,0.813346934528,0.85011971941,0.848666053508,0.874578517125,True,0.799487131035,0.896945236655,0.0974581056197,MODEL_SPREAD_WITHIN_0.10,True,True,L0_EXACT,L1_NO_SCORE,L1_NO_SCORE,1977,1316,206,131,,0.848666053508,ct-s1.0-candidate,expected_runs,PENDING_CTS9,COMPACT_POINT_WITH_MODEL_LABEL
development,STRIKE|OFFENSE|0|0|2|100|1|bottom|TRAIL_2PLUS|HOME|inventory=2,2,0.813241301215,0.896945236655,0.799487131035,0.895715170779,0.848666065233,0.649189465331,0.813346934528,0.85011971941,0.848666053508,0.874578517125,True,0.799487131035,0.896945236655,0.0974581056197,MODEL_SPREAD_WITHIN_0.10,True,True,L1_NO_SCORE,L1_NO_SCORE,L1_NO_SCORE,1977,1316,206,131,,0.848666053508,ct-s1.0-candidate,expected_runs,PENDING_CTS9,COMPACT_POINT_WITH_MODEL_LABEL
development,STRIKE|OFFENSE|0|0|2|100|1|top|LEAD_1|AWAY|inventory=2,2,0.820662951715,0.89824827598,0.802569965624,0.898504164267,0.852655975278,0.66293350012,0.817870187868,0.854135627469,0.85265597389,0.878444522579,True,0.802569965624,0.898504164267,0.0959341986432,MODEL_SPREAD_WITHIN_0.10,True,True,L0_EXACT,L1_NO_SCORE,L1_NO_SCORE,1959,1340,189,132,,0.85265597389,ct-s1.0-candidate,expected_runs,PENDING_CTS9,COMPACT_POINT_WITH_MODEL_LABEL
development,STRIKE|OFFENSE|0|0|2|100|1|top|LEAD_2PLUS|AWAY|inventory=2,2,0.820662951715,0.89824827598,0.802569965624,0.898504164267,0.852655975278,0.66293350012,0.817870187868,0.854135627469,0.85265597389,0.878444522579,True,0.802569965624,0.898504164267,0.0959341986432,MODEL_SPREAD_WITHIN_0.10,True,True,L0_EXACT,L1_NO_SCORE,L1_NO_SCORE,1959,1340,189,132,,0.85265597389,ct-s1.0-candidate,expected_runs,PENDING_CTS9,COMPACT_POINT_WITH_MODEL_LABEL
development,STRIKE|OFFENSE|0|0|2|100|1|top|TIED|AWAY|inventory=2,2,0.820137649352,0.898710239896,0.802646444562,0.898311361895,0.852494190224,0.665925979216,0.817033271202,0.854171411368,0.852494188627,0.877767209688,True,0.802646444562,0.898710239896,0.0960637953342,MODEL_SPREAD_WITHIN_0.10,True,True,L0_EXACT,L0_EXACT,L0_EXACT,1449,1061,129,94,,0.852494188627,ct-s1.0-candidate,expected_runs,PENDING_CTS9,COMPACT_POINT_WITH_MODEL_LABEL
development,STRIKE|OFFENSE|0|0|2|100|2|bottom|LEAD_1|HOME|inventory=2,2,0.812639274975,0.895731132134,0.798740648469,0.895485053148,0.848551366951,0.623854615894,0.813987308876,0.85017609551,0.848551276958,0.874010559796,True,0.798740648469,0.895731132134,0.0969904836652,MODEL_SPREAD_WITHIN_0.10,True,True,L0_EXACT,L1_NO_SCORE,L1_NO_SCORE,1922,1299,216,141,,0.848551276958,ct-s1.0-candidate,expected_runs,PENDING_CTS9,COMPACT_POINT_WITH_MODEL_LABEL
development,STRIKE|OFFENSE|0|0|2|100|2|bottom|LEAD_2PLUS|HOME|inventory=2,2,0.812639274975,0.895731132134,0.798740648469,0.895485053148,0.848551366951,0.623854615894,0.813987308876,0.85017609551,0.848551276958,0.874010559796,True,0.798740648469,0.895731132134,0.0969904836652,MODEL_SPREAD_WITHIN_0.10,True,True,L0_EXACT,L1_NO_SCORE,L1_NO_SCORE,1922,1299,216,141,,0.848551276958,ct-s1.0-candidate,expected_runs,PENDING_CTS9,COMPACT_POINT_WITH_MODEL_LABEL
development,STRIKE|OFFENSE|0|0|2|100|2|bottom|TIED|HOME|inventory=2,2,0.809371103394,0.894566556252,0.797110844212,0.893734781186,0.846939907361,0.594745473888,0.811528139478,0.848622312146,0.846939740046,0.872237979864,True,0.797110844212,0.894566556252,0.0974557120395,MODEL_SPREAD_WITHIN_0.10,True,True,L0_EXACT,L0_EXACT,L0_EXACT,715,505,67,48,,0.846939740046,ct-s1.0-candidate,expected_runs,PENDING_CTS9,COMPACT_POINT_WITH_MODEL_LABEL
development,STRIKE|OFFENSE|0|0|2|100|2|bottom|TRAIL_1|HOME|inventory=2,2,0.812639274975,0.895731132134,0.798740648469,0.895485053148,0.848551366951,0.623854615894,0.813987308876,0.85017609551,0.848551276958,0.874010559796,True,0.798740648469,0.895731132134,0.0969904836652,MODEL_SPREAD_WITHIN_0.10,True,True,L0_EXACT,L1_NO_SCORE,L1_NO_SCORE,1922,1299,216,141,,0.848551276958,ct-s1.0-candidate,expected_runs,PENDING_CTS9,COMPACT_POINT_WITH_MODEL_LABEL
development,STRIKE|OFFENSE|0|0|2|100|2|bottom|TRAIL_2PLUS|HOME|inventory=2,2,0.812639274975,0.895731132134,0.798740648469,0.895485053148,0.848551366951,0.623854615894,0.813987308876,0.85017609551,0.848551276958,0.874010559796,True,0.798740648469,0.895731132134,0.0969904836652,MODEL_SPREAD_WITHIN_0.10,True,True,L0_EXACT,L1_NO_SCORE,L1_NO_SCORE,1922,1299,216,141,,0.848551276958,ct-s1.0-candidate,expected_runs,PENDING_CTS9,COMPACT_POINT_WITH_MODEL_LABEL
development,STRIKE|OFFENSE|0|0|2|100|2|top|LEAD_1|AWAY|inventory=2,2,0.815201802334,0.897079466492,0.798129630702,0.895805538215,0.848641177956,0.639777163355,0.814655363594,0.849910240575,0.848641114074,0.874831705603,True,0.798129630702,0.897079466492,0.0989498357903,MODEL_SPREAD_WITHIN_0.10,True,True,L0_EXACT,L1_NO_SCORE,L1_NO_SCORE,1841,1300,209,140,,0.848641114074,ct-s1.0-candidate,expected_runs,PENDING_CTS9,COMPACT_POINT_WITH_MODEL_LABEL
development,STRIKE|OFFENSE|0|0|2|100|2|top|LEAD_2PLUS|AWAY|inventory=2,2,0.815201802334,0.897079466492,0.798129630702,0.895805538215,0.848641177956,0.639777163355,0.814655363594,0.849910240575,0.848641114074,0.874831705603,True,0.798129630702,0.897079466492,0.0989498357903,MODEL_SPREAD_WITHIN_0.10,True,True,L0_EXACT,L1_NO_SCORE,L1_NO_SCORE,1841,1300,209,140,,0.848641114074,ct-s1.0-candidate,expected_runs,PENDING_CTS9,COMPACT_POINT_WITH_MODEL_LABEL
development,STRIKE|OFFENSE|0|0|2|100|2|top|TRAIL_1|AWAY|inventory=2,2,0.815201802334,0.897079466492,0.798129630702,0.895805538215,0.848641177956,0.639777163355,0.814655363594,0.849910240575,0.848641114074,0.874831705603,True,0.798129630702,0.897079466492,0.0989498357903,MODEL_SPREAD_WITHIN_0.10,True,True,L0_EXACT,L1_NO_SCORE,L1_NO_SCORE,1841,1300,209,140,,0.848641114074,ct-s1.0-candidate,expected_runs,PENDING_CTS9,COMPACT_POINT_WITH_MODEL_LABEL
development,STRIKE|OFFENSE|0|0|2|100|2|top|TRAIL_2PLUS|AWAY|inventory=2,2,0.815201802334,0.897079466492,0.798129630702,0.895805538215,0.848641177956,0.639777163355,0.814655363594,0.849910240575,0.848641114074,0.874831705603,True,0.798129630702,0.897079466492,0.0989498357903,MODEL_SPREAD_WITHIN_0.10,True,True,L0_EXACT,L1_NO_SCORE,L1_NO_SCORE,1841,1300,209,140,,0.848641114074,ct-s1.0-candidate,expected_runs,PENDING_CTS9,COMPACT_POINT_WITH_MODEL_LABEL
development,STRIKE|OFFENSE|0|0|2|100|3|bottom|LEAD_1|HOME|inventory=2,2,0.816419488002,0.893143732753,0.801811559611,0.896851365363,0.850797463686,0.58723240816,0.81607187971,0.852298686264,0.850797070975,0.876683144293,True,0.801811559611,0.896851365363,0.0950398057522,MODEL_SPREAD_WITHIN_0.10,True,True,L0_EXACT,L1_NO_SCORE,L1_NO_SCORE,1738,1186,200,130,,0.850797070975,ct-s1.0-candidate,expected_runs,PENDING_CTS9,COMPACT_POINT_WITH_MODEL_LABEL
development,STRIKE|OFFENSE|0|0|2|100|3|bottom|LEAD_2PLUS|HOME|inventory=2,2,0.816419488002,0.893143732753,0.801811559611,0.896851365363,0.850797463686,0.58723240816,0.81607187971,0.852298686264,0.850797070975,0.876683144293,True,0.801811559611,0.896851365363,0.0950398057522,MODEL_SPREAD_WITHIN_0.10,True,True,L0_EXACT,L1_NO_SCORE,L1_NO_SCORE,1738,1186,200,130,,0.850797070975,ct-s1.0-candidate,expected_runs,PENDING_CTS9,COMPACT_POINT_WITH_MODEL_LABEL
development,STRIKE|OFFENSE|0|0|2|100|3|bottom|TIED|HOME|inventory=2,2,0.816419488002,0.893143732753,0.801811559611,0.896851365363,0.850797463686,0.58723240816,0.81607187971,0.852298686264,0.850797070975,0.876683144293,True,0.801811559611,0.896851365363,0.0950398057522,MODEL_SPREAD_WITHIN_0.10,True,True,L0_EXACT,L1_NO_SCORE,L1_NO_SCORE,1738,1186,200,130,,0.850797070975,ct-s1.0-candidate,expected_runs,PENDING_CTS9,COMPACT_POINT_WITH_MODEL_LABEL
development,STRIKE|OFFENSE|0|0|2|100|3|bottom|TRAIL_1|HOME|inventory=2,2,0.816419488002,0.893143732753,0.801811559611,0.896851365363,0.850797463686,0.58723240816,0.81607187971,0.852298686264,0.850797070975,0.876683144293,True,0.801811559611,0.896851365363,0.0950398057522,MODEL_SPREAD_WITHIN_0.10,True,True,L0_EXACT,L1_NO_SCORE,L1_NO_SCORE,1738,1186,200,130,,0.850797070975,ct-s1.0-candidate,expected_runs,PENDING_CTS9,COMPACT_POINT_WITH_MODEL_LABEL
development,STRIKE|OFFENSE|0|0|2|100|3|bottom|TRAIL_2PLUS|HOME|inventory=2,2,0.816419488002,0.893143732753,0.801811559611,0.896851365363,0.850797463686,0.58723240816,0.81607187971,0.852298686264,0.850797070975,0.876683144293,True,0.801811559611,0.896851365363,0.0950398057522,MODEL_SPREAD_WITHIN_0.10,True,True,L0_EXACT,L1_NO_SCORE,L1_NO_SCORE,1738,1186,200,130,,0.850797070975,ct-s1.0-candidate,expected_runs,PENDING_CTS9,COMPACT_POINT_WITH_MODEL_LABEL
development,STRIKE|OFFENSE|0|0|2|100|3|top|LEAD_1|AWAY|inventory=2,2,0.814517304576,0.895964056095,0.798458431361,0.89626075599,0.849344607739,0.617031059571,0.813765089731,0.851183485028,0.849344451532,0.876809146396,True,0.798458431361,0.89626075599,0.0978023246292,MODEL_SPREAD_WITHIN_0.10,True,True,L0_EXACT,L1_NO_SCORE,L1_NO_SCORE,1786,1247,181,132,,0.849344451532,ct-s1.0-candidate,expected_runs,PENDING_CTS9,COMPACT_POINT_WITH_MODEL_LABEL
development,STRIKE|OFFENSE|0|0|2|100|3|top|LEAD_2PLUS|AWAY|inventory=2,2,0.814517304576,0.895964056095,0.798458431361,0.89626075599,0.849344607739,0.617031059571,0.813765089731,0.851183485028,0.849344451532,0.876809146396,True,0.798458431361,0.89626075599,0.0978023246292,MODEL_SPREAD_WITHIN_0.10,True,True,L0_EXACT,L1_NO_SCORE,L1_NO_SCORE,1786,1247,181,132,,0.849344451532,ct-s1.0-candidate,expected_runs,PENDING_CTS9,COMPACT_POINT_WITH_MODEL_LABEL
development,STRIKE|OFFENSE|0|0|2|100|3|top|TIED|AWAY|inventory=2,2,0.814517304576,0.895964056095,0.798458431361,0.89626075599,0.849344607739,0.617031059571,0.813765089731,0.851183485028,0.849344451532,0.876809146396,True,0.798458431361,0.89626075599,0.0978023246292,MODEL_SPREAD_WITHIN_0.10,True,True,L0_EXACT,L1_NO_SCORE,L1_NO_SCORE,1786,1247,181,132,,0.849344451532,ct-s1.0-candidate,expected_runs,PENDING_CTS9,COMPACT_POINT_WITH_MODEL_LABEL
development,STRIKE|OFFENSE|0|0|2|100|3|top|TRAIL_2PLUS|AWAY|inventory=2,2,0.814517304576,0.895964056095,0.798458431361,0.89626075599,0.849344607739,0.617031059571,0.813765089731,0.851183485028,0.849344451532,0.876809146396,True,0.798458431361,0.89626075599,0.0978023246292,MODEL_SPREAD_WITHIN_0.10,True,True,L0_EXACT,L1_NO_SCORE,L1_NO_SCORE,1786,1247,181,132,,0.849344451532,ct-s1.0-candidate,expected_runs,PENDING_CTS9,COMPACT_POINT_WITH_MODEL_LABEL
development,STRIKE|OFFENSE|0|0|2|100|4|bottom|LEAD_2PLUS|HOME|inventory=2,2,0.812322279615,0.891058643193,0.798593395201,0.896625802446,0.849453835762,0.535166537872,0.81375398828,0.851342468487,0.849452601084,0.874667068643,True,0.798593395201,0.896625802446,0.0980324072444,MODEL_SPREAD_WITHIN_0.10,True,True,L0_EXACT,L0_EXACT,L0_EXACT,572,385,61,40,,0.849452601084,ct-s1.0-candidate,expected_runs,PENDING_CTS9,COMPACT_POINT_WITH_MODEL_LABEL
development,STRIKE|OFFENSE|0|0|2|100|4|bottom|TIED|HOME|inventory=2,2,0.815587227771,0.891292517694,0.799740808644,0.896929831616,0.84994513192,0.542459635427,0.815701766681,0.851524680362,0.849939919328,0.876880506495,True,0.799740808644,0.896929831616,0.0971890229724,MODEL_SPREAD_WITHIN_0.10,True,True,L0_EXACT,L1_NO_SCORE,L1_NO_SCORE,1802,1238,178,121,,0.849939919328,ct-s1.0-candidate,expected_runs,PENDING_CTS9,COMPACT_POINT_WITH_MODEL_LABEL
development,STRIKE|OFFENSE|0|0|2|100|4|bottom|TRAIL_1|HOME|inventory=2,2,0.815587227771,0.891292517694,0.799740808644,0.896929831616,0.84994513192,0.542459635427,0.815701766681,0.851524680362,0.849939919328,0.876880506495,True,0.799740808644,0.896929831616,0.0971890229724,MODEL_SPREAD_WITHIN_0.10,True,True,L0_EXACT,L1_NO_SCORE,L1_NO_SCORE,1802,1238,178,121,,0.849939919328,ct-s1.0-candidate,expected_runs,PENDING_CTS9,COMPACT_POINT_WITH_MODEL_LABEL
development,STRIKE|OFFENSE|0|0|2|100|4|bottom|TRAIL_2PLUS|HOME|inventory=2,2,0.815587227771,0.891292517694,0.799740808644,0.896929831616,0.84994513192,0.542459635427,0.815701766681,0.851524680362,0.849939919328,0.876880506495,True,0.799740808644,0.896929831616,0.0971890229724,MODEL_SPREAD_WITHIN_0.10,True,True,L0_EXACT,L1_NO_SCORE,L1_NO_SCORE,1802,1238,178,121,,0.849939919328,ct-s1.0-candidate,expected_runs,PENDING_CTS9,COMPACT_POINT_WITH_MODEL_LABEL
development,STRIKE|OFFENSE|0|0|2|100|4|top|LEAD_1|AWAY|inventory=2,2,0.812484214132,0.891529195194,0.796732135679,0.89464779325,0.847499015173,0.546720062282,0.812271115215,0.849456087854,0.847498388797,0.873663296223,True,0.796732135679,0.89464779325,0.0979156575705,MODEL_SPREAD_WITHIN_0.10,True,True,L0_EXACT,L1_NO_SCORE,L1_NO_SCORE,1853,1271,189,135,,0.847498388797,ct-s1.0-candidate,expected_runs,PENDING_CTS9,COMPACT_POINT_WITH_MODEL_LABEL
development,STRIKE|OFFENSE|0|0|2|100|4|top|LEAD_2PLUS|AWAY|inventory=2,2,0.813617901407,0.89180560631,0.80087189831,0.896081201663,0.849900257009,0.550499846219,0.813750581887,0.852457549569,0.849900242779,0.873178871125,True,0.80087189831,0.896081201663,0.0952093033528,MODEL_SPREAD_WITHIN_0.10,True,True,L0_EXACT,L0_EXACT,L0_EXACT,527,350,62,43,,0.849900242779,ct-s1.0-candidate,expected_runs,PENDING_CTS9,COMPACT_POINT_WITH_MODEL_LABEL
development,STRIKE|OFFENSE|0|0|2|100|4|top|TIED|AWAY|inventory=2,2,0.812484214132,0.891529195194,0.796732135679,0.89464779325,0.847499015173,0.546720062282,0.812271115215,0.849456087854,0.847498388797,0.873663296223,True,0.796732135679,0.89464779325,0.0979156575705,MODEL_SPREAD_WITHIN_0.10,True,True,L0_EXACT,L1_NO_SCORE,L1_NO_SCORE,1853,1271,189,135,,0.847498388797,ct-s1.0-candidate,expected_runs,PENDING_CTS9,COMPACT_POINT_WITH_MODEL_LABEL
development,STRIKE|OFFENSE|0|0|2|100|4|top|TRAIL_1|AWAY|inventory=2,2,0.812484214132,0.891529195194,0.796732135679,0.89464779325,0.847499015173,0.546720062282,0.812271115215,0.849456087854,0.847498388797,0.873663296223,True,0.796732135679,0.89464779325,0.0979156575705,MODEL_SPREAD_WITHIN_0.10,True,True,L0_EXACT,L1_NO_SCORE,L1_NO_SCORE,1853,1271,189,135,,0.847498388797,ct-s1.0-candidate,expected_runs,PENDING_CTS9,COMPACT_POINT_WITH_MODEL_LABEL
development,STRIKE|OFFENSE|0|0|2|100|4|top|TRAIL_2PLUS|AWAY|inventory=2,2,0.812484214132,0.891529195194,0.796732135679,0.89464779325,0.847499015173,0.546720062282,0.812271115215,0.849456087854,0.847498388797,0.873663296223,True,0.796732135679,0.89464779325,0.0979156575705,MODEL_SPREAD_WITHIN_0.10,True,True,L0_EXACT,L1_NO_SCORE,L1_NO_SCORE,1853,1271,189,135,,0.847498388797,ct-s1.0-candidate,expected_runs,PENDING_CTS9,COMPACT_POINT_WITH_MODEL_LABEL
development,STRIKE|OFFENSE|0|0|2|100|5|bottom|LEAD_1|HOME|inventory=2,2,0.817919713719,0.883494052173,0.800418948941,0.896633326914,0.850646748302,0.488911161577,0.816349141571,0.852352096821,0.850607708578,0.87605495046,True,0.800418948941,0.896633326914,0.0962143779729,MODEL_SPREAD_WITHIN_0.10,True,True,L0_EXACT,L1_NO_SCORE,L1_NO_SCORE,1837,1254,196,133,,0.850607708578,ct-s1.0-candidate,expected_runs,PENDING_CTS9,COMPACT_POINT_WITH_MODEL_LABEL
development,STRIKE|OFFENSE|0|0|2|100|5|bottom|LEAD_2PLUS|HOME|inventory=2,2,0.818910848675,0.881061175221,0.802504056678,0.896876543177,0.851495898228,0.477094497448,0.817509488223,0.853115018896,0.8514927402,0.87576772136,True,0.802504056678,0.896876543177,0.0943724864995,MODEL_SPREAD_WITHIN_0.10,True,True,L0_EXACT,L0_EXACT,L0_EXACT,602,411,53,39,,0.8514927402,ct-s1.0-candidate,expected_runs,PENDING_CTS9,COMPACT_POINT_WITH_MODEL_LABEL
development,STRIKE|OFFENSE|0|0|2|100|5|bottom|TIED|HOME|inventory=2,2,0.817919713719,0.883494052173,0.800418948941,0.896633326914,0.850646748302,0.488911161577,0.816349141571,0.852352096821,0.850607708578,0.87605495046,True,0.800418948941,0.896633326914,0.0962143779729,MODEL_SPREAD_WITHIN_0.10,True,True,L0_EXACT,L1_NO_SCORE,L1_NO_SCORE,1837,1254,196,133,,0.850607708578,ct-s1.0-candidate,expected_runs,PENDING_CTS9,COMPACT_POINT_WITH_MODEL_LABEL
development,STRIKE|OFFENSE|0|0|2|100|5|bottom|TRAIL_2PLUS|HOME|inventory=2,2,0.816905927727,0.886266244666,0.800948536762,0.897083212194,0.850866736156,0.500143401769,0.816688989939,0.852705889975,0.850835336005,0.877246700358,True,0.800948536762,0.897083212194,0.0961346754323,MODEL_SPREAD_WITHIN_0.10,True,True,L0_EXACT,L0_EXACT,L0_EXACT,491,337,51,39,,0.850835336005,ct-s1.0-candidate,expected_runs,PENDING_CTS9,COMPACT_POINT_WITH_MODEL_LABEL
development,STRIKE|OFFENSE|0|0|2|100|5|top|LEAD_1|AWAY|inventory=2,2,0.814012265456,0.887218226608,0.798036405971,0.895331890124,0.848124130059,0.50379482975,0.814381510846,0.849748624354,0.848113528141,0.873976260206,True,0.798036405971,0.895331890124,0.0972954841531,MODEL_SPREAD_WITHIN_0.10,True,True,L0_EXACT,L1_NO_SCORE,L1_NO_SCORE,1798,1239,186,121,,0.848113528141,ct-s1.0-candidate,expected_runs,PENDING_CTS9,COMPACT_POINT_WITH_MODEL_LABEL
development,STRIKE|OFFENSE|0|0|2|100|5|top|LEAD_2PLUS|AWAY|inventory=2,2,0.811166624159,0.886640089812,0.798266463929,0.89570409826,0.848466319611,0.496580883621,0.815048828552,0.850184271863,0.848459480922,0.873130321325,True,0.798266463929,0.89570409826,0.0974376343313,MODEL_SPREAD_WITHIN_0.10,True,True,L0_EXACT,L0_EXACT,L0_EXACT,563,391,67,43,,0.848459480922,ct-s1.0-candidate,expected_runs,PENDING_CTS9,COMPACT_POINT_WITH_MODEL_LABEL
development,STRIKE|OFFENSE|0|0|2|100|5|top|TRAIL_1|AWAY|inventory=2,2,0.814012265456,0.887218226608,0.798036405971,0.895331890124,0.848124130059,0.50379482975,0.814381510846,0.849748624354,0.848113528141,0.873976260206,True,0.798036405971,0.895331890124,0.0972954841531,MODEL_SPREAD_WITHIN_0.10,True,True,L0_EXACT,L1_NO_SCORE,L1_NO_SCORE,1798,1239,186,121,,0.848113528141,ct-s1.0-candidate,expected_runs,PENDING_CTS9,COMPACT_POINT_WITH_MODEL_LABEL
development,STRIKE|OFFENSE|0|0|2|100|5|top|TRAIL_2PLUS|AWAY|inventory=2,2,0.814012265456,0.887218226608,0.798036405971,0.895331890124,0.848124130059,0.50379482975,0.814381510846,0.849748624354,0.848113528141,0.873976260206,True,0.798036405971,0.895331890124,0.0972954841531,MODEL_SPREAD_WITHIN_0.10,True,True,L0_EXACT,L1_NO_SCORE,L1_NO_SCORE,1798,1239,186,121,,0.848113528141,ct-s1.0-candidate,expected_runs,PENDING_CTS9,COMPACT_POINT_WITH_MODEL_LABEL
development,STRIKE|OFFENSE|0|0|2|100|6|bottom|LEAD_1|HOME|inventory=2,2,0.817523473754,0.867376664835,0.797576999792,0.89274998693,0.848289188021,0.374044630288,0.814861254151,0.849619215723,0.848127007819,0.872656182239,True,0.797576999792,0.89274998693,0.0951729871383,MODEL_SPREAD_WITHIN_0.10,True,True,L0_EXACT,L1_NO_SCORE,L1_NO_SCORE,1805,1222,203,131,,0.848127007819,ct-s1.0-candidate,expected_runs,PENDING_CTS9,COMPACT_POINT_WITH_MODEL_LABEL
development,STRIKE|OFFENSE|0|0|2|100|6|bottom|LEAD_2PLUS|HOME|inventory=2,2,0.821545704782,0.863803262077,0.800021591992,0.893141873423,0.849602185553,0.366930046093,0.816837559321,0.850814341329,0.849594562982,0.872657773523,True,0.800021591992,0.893141873423,0.0931202814302,MODEL_SPREAD_WITHIN_0.10,True,True,L0_EXACT,L0_EXACT,L0_EXACT,678,451,65,42,,0.849594562982,ct-s1.0-candidate,expected_runs,PENDING_CTS9,COMPACT_POINT_WITH_MODEL_LABEL
development,STRIKE|OFFENSE|0|0|2|100|6|bottom|TIED|HOME|inventory=2,2,0.817523473754,0.867376664835,0.797576999792,0.89274998693,0.848289188021,0.374044630288,0.814861254151,0.849619215723,0.848127007819,0.872656182239,True,0.797576999792,0.89274998693,0.0951729871383,MODEL_SPREAD_WITHIN_0.10,True,True,L1_NO_SCORE,L1_NO_SCORE,L1_NO_SCORE,1805,1222,203,131,,0.848127007819,ct-s1.0-candidate,expected_runs,PENDING_CTS9,COMPACT_POINT_WITH_MODEL_LABEL
development,STRIKE|OFFENSE|0|0|2|100|6|bottom|TRAIL_1|HOME|inventory=2,2,0.817523473754,0.867376664835,0.797576999792,0.89274998693,0.848289188021,0.374044630288,0.814861254151,0.849619215723,0.848127007819,0.872656182239,True,0.797576999792,0.89274998693,0.0951729871383,MODEL_SPREAD_WITHIN_0.10,True,True,L1_NO_SCORE,L1_NO_SCORE,L1_NO_SCORE,1805,1222,203,131,,0.848127007819,ct-s1.0-candidate,expected_runs,PENDING_CTS9,COMPACT_POINT_WITH_MODEL_LABEL
development,STRIKE|OFFENSE|0|0|2|100|6|bottom|TRAIL_2PLUS|HOME|inventory=2,2,0.811830192162,0.869573973752,0.793035520942,0.89184702211,0.845593086769,0.392952431532,0.812696750253,0.847085921609,0.845491192039,0.869352252504,True,0.793035520942,0.89184702211,0.0988115011685,MODEL_SPREAD_WITHIN_0.10,True,True,L0_EXACT,L0_EXACT,L0_EXACT,543,389,63,47,,0.845491192039,ct-s1.0-candidate,expected_runs,PENDING_CTS9,COMPACT_POINT_WITH_MODEL_LABEL
development,STRIKE|OFFENSE|0|0|2|100|6|top|LEAD_1|AWAY|inventory=2,2,0.817293692533,0.879451748354,0.799439838703,0.895912766611,0.850047710152,0.422860125388,0.815307003345,0.851644066623,0.85000205857,0.875616044145,True,0.799439838703,0.895912766611,0.096472927908,MODEL_SPREAD_WITHIN_0.10,True,True,L0_EXACT,L1_NO_SCORE,L1_NO_SCORE,1849,1232,165,116,,0.85000205857,ct-s1.0-candidate,expected_runs,PENDING_CTS9,COMPACT_POINT_WITH_MODEL_LABEL
development,STRIKE|OFFENSE|0|0|2|100|6|top|LEAD_2PLUS|AWAY|inventory=2,2,0.817325068729,0.879781747403,0.797828661056,0.8954846796,0.84923429995,0.416682248698,0.815184014467,0.850365923772,0.849212492228,0.873740075124,True,0.797828661056,0.8954846796,0.0976560185433,MODEL_SPREAD_WITHIN_0.10,True,True,L0_EXACT,L0_EXACT,L0_EXACT,660,428,50,36,,0.849212492228,ct-s1.0-candidate,expected_runs,PENDING_CTS9,COMPACT_POINT_WITH_MODEL_LABEL
development,STRIKE|OFFENSE|0|0|2|100|6|top|TIED|AWAY|inventory=2,2,0.817293692533,0.879451748354,0.799439838703,0.895912766611,0.850047710152,0.422860125388,0.815307003345,0.851644066623,0.85000205857,0.875616044145,True,0.799439838703,0.895912766611,0.096472927908,MODEL_SPREAD_WITHIN_0.10,True,True,L0_EXACT,L1_NO_SCORE,L1_NO_SCORE,1849,1232,165,116,,0.85000205857,ct-s1.0-candidate,expected_runs,PENDING_CTS9,COMPACT_POINT_WITH_MODEL_LABEL
development,STRIKE|OFFENSE|0|0|2|100|6|top|TRAIL_2PLUS|AWAY|inventory=2,2,0.817293692533,0.879451748354,0.799439838703,0.895912766611,0.850047710152,0.422860125388,0.815307003345,0.851644066623,0.85000205857,0.875616044145,True,0.799439838703,0.895912766611,0.096472927908,MODEL_SPREAD_WITHIN_0.10,True,True,L0_EXACT,L1_NO_SCORE,L1_NO_SCORE,1849,1232,165,116,,0.85000205857,ct-s1.0-candidate,expected_runs,PENDING_CTS9,COMPACT_POINT_WITH_MODEL_LABEL
development,STRIKE|OFFENSE|0|0|2|100|7|bottom|LEAD_1|HOME|inventory=2,2,0.814466744597,0.829108949724,0.785455460075,0.879936720408,0.838125710585,0.281219006561,0.804786904415,0.838834588432,0.837023595845,0.857852935865,True,0.785455460075,0.879936720408,0.0944812603331,MODEL_SPREAD_WITHIN_0.10,True,True,L1_NO_SCORE,L1_NO_SCORE,L1_NO_SCORE,1848,1229,180,131,,0.837023595845,ct-s1.0-candidate,expected_runs,PENDING_CTS9,COMPACT_POINT_WITH_MODEL_LABEL
development,STRIKE|OFFENSE|0|0|2|100|7|bottom|LEAD_2PLUS|HOME|inventory=2,2,0.815855490974,0.816956913975,0.77923838841,0.87597352453,0.833230544075,0.209946696134,0.802231875246,0.83473539522,0.833100597246,0.856230916363,True,0.77923838841,0.87597352453,0.0967351361203,MODEL_SPREAD_WITHIN_0.10,True,True,L0_EXACT,L0_EXACT,L0_EXACT,696,457,56,41,,0.833100597246,ct-s1.0-candidate,expected_runs,PENDING_CTS9,COMPACT_POINT_WITH_MODEL_LABEL
development,STRIKE|OFFENSE|0|0|2|100|7|bottom|TIED|HOME|inventory=2,2,0.814466744597,0.829108949724,0.785455460075,0.879936720408,0.838125710585,0.281219006561,0.804786904415,0.838834588432,0.837023595845,0.857852935865,True,0.785455460075,0.879936720408,0.0944812603331,MODEL_SPREAD_WITHIN_0.10,True,True,L1_NO_SCORE,L1_NO_SCORE,L1_NO_SCORE,1848,1229,180,131,,0.837023595845,ct-s1.0-candidate,expected_runs,PENDING_CTS9,COMPACT_POINT_WITH_MODEL_LABEL
development,STRIKE|OFFENSE|0|0|2|100|7|bottom|TRAIL_1|HOME|inventory=2,2,0.814466744597,0.829108949724,0.785455460075,0.879936720408,0.838125710585,0.281219006561,0.804786904415,0.838834588432,0.837023595845,0.857852935865,True,0.785455460075,0.879936720408,0.0944812603331,MODEL_SPREAD_WITHIN_0.10,True,True,L0_EXACT,L1_NO_SCORE,L1_NO_SCORE,1848,1229,180,131,,0.837023595845,ct-s1.0-candidate,expected_runs,PENDING_CTS9,COMPACT_POINT_WITH_MODEL_LABEL
development,STRIKE|OFFENSE|0|0|2|100|7|bottom|TRAIL_2PLUS|HOME|inventory=2,2,0.817977706375,0.837487437807,0.794525812224,0.885270216655,0.84394476388,0.328546628588,0.81051493254,0.845120037227,0.843595592844,0.860548880072,True,0.794525812224,0.885270216655,0.090744404432,MODEL_SPREAD_WITHIN_0.10,True,True,L0_EXACT,L0_EXACT,L0_EXACT,580,398,62,44,,0.843595592844,ct-s1.0-candidate,expected_runs,PENDING_CTS9,COMPACT_POINT_WITH_MODEL_LABEL
development,STRIKE|OFFENSE|0|0|2|100|7|top|LEAD_1|AWAY|inventory=2,2,0.816474710731,0.857021942131,0.79557473334,0.889883726436,0.845720988295,0.332027025132,0.81293518066,0.846872318228,0.845454221782,0.868524610544,True,0.79557473334,0.889883726436,0.094308993096,MODEL_SPREAD_WITHIN_0.10,True,True,L1_NO_SCORE,L1_NO_SCORE,L1_NO_SCORE,1970,1309,223,141,,0.845454221782,ct-s1.0-candidate,expected_runs,PENDING_CTS9,COMPACT_POINT_WITH_MODEL_LABEL
development,STRIKE|OFFENSE|0|0|2|100|7|top|LEAD_2PLUS|AWAY|inventory=2,2,0.815584585409,0.864317962101,0.79707724113,0.892815159445,0.846853954046,0.368151860709,0.811521179814,0.848273588341,0.846748159416,0.872263167114,True,0.79707724113,0.892815159445,0.0957379183155,MODEL_SPREAD_WITHIN_0.10,True,True,L0_EXACT,L0_EXACT,L0_EXACT,700,472,87,54,,0.846748159416,ct-s1.0-candidate,expected_runs,PENDING_CTS9,COMPACT_POINT_WITH_MODEL_LABEL
development,STRIKE|OFFENSE|0|0|2|100|7|top|TIED|AWAY|inventory=2,2,0.816474710731,0.857021942131,0.79557473334,0.889883726436,0.845720988295,0.332027025132,0.81293518066,0.846872318228,0.845454221782,0.868524610544,True,0.79557473334,0.889883726436,0.094308993096,MODEL_SPREAD_WITHIN_0.10,True,True,L0_EXACT,L1_NO_SCORE,L1_NO_SCORE,1970,1309,223,141,,0.845454221782,ct-s1.0-candidate,expected_runs,PENDING_CTS9,COMPACT_POINT_WITH_MODEL_LABEL
development,STRIKE|OFFENSE|0|0|2|100|7|top|TRAIL_1|AWAY|inventory=2,2,0.816474710731,0.857021942131,0.79557473334,0.889883726436,0.845720988295,0.332027025132,0.81293518066,0.846872318228,0.845454221782,0.868524610544,True,0.79557473334,0.889883726436,0.094308993096,MODEL_SPREAD_WITHIN_0.10,True,True,L0_EXACT,L1_NO_SCORE,L1_NO_SCORE,1970,1309,223,141,,0.845454221782,ct-s1.0-candidate,expected_runs,PENDING_CTS9,COMPACT_POINT_WITH_MODEL_LABEL
development,STRIKE|OFFENSE|0|0|2|100|7|top|TRAIL_2PLUS|AWAY|inventory=2,2,0.81842076827,0.841016625199,0.794410082048,0.885881178657,0.843557300321,0.287576578481,0.813710952753,0.844845321061,0.84345648546,0.863977008433,True,0.794410082048,0.885881178657,0.0914710966087,MODEL_SPREAD_WITHIN_0.10,True,True,L0_EXACT,L0_EXACT,L0_EXACT,631,422,70,44,,0.84345648546,ct-s1.0-candidate,expected_runs,PENDING_CTS9,COMPACT_POINT_WITH_MODEL_LABEL
development,STRIKE|OFFENSE|0|0|2|100|8|top|LEAD_1|AWAY|inventory=2,2,0.806201282931,0.800587767106,0.768759962723,0.864691996642,0.823436655365,0.187251027964,0.789781684098,0.824335133566,0.822018410751,0.84212287667,True,0.768759962723,0.864691996642,0.0959320339193,MODEL_SPREAD_WITHIN_0.10,True,True,L1_NO_SCORE,L1_NO_SCORE,L1_NO_SCORE,1923,1274,208,127,,0.822018410751,ct-s1.0-candidate,expected_runs,PENDING_CTS9,COMPACT_POINT_WITH_MODEL_LABEL
development,STRIKE|OFFENSE|0|0|2|100|8|top|LEAD_2PLUS|AWAY|inventory=2,2,0.816833886557,0.826751108196,0.783530634295,0.878513068784,0.83568659324,0.231198099805,0.803482282077,0.837620091031,0.835519060087,0.860812071368,True,0.783530634295,0.878513068784,0.0949824344886,MODEL_SPREAD_WITHIN_0.10,True,True,L0_EXACT,L0_EXACT,L0_EXACT,735,483,73,43,,0.835519060087,ct-s1.0-candidate,expected_runs,PENDING_CTS9,COMPACT_POINT_WITH_MODEL_LABEL
development,STRIKE|OFFENSE|0|0|2|100|8|top|TIED|AWAY|inventory=2,2,0.806201282931,0.800587767106,0.768759962723,0.864691996642,0.823436655365,0.187251027964,0.789781684098,0.824335133566,0.822018410751,0.84212287667,True,0.768759962723,0.864691996642,0.0959320339193,MODEL_SPREAD_WITHIN_0.10,True,True,L0_EXACT,L1_NO_SCORE,L1_NO_SCORE,1923,1274,208,127,,0.822018410751,ct-s1.0-candidate,expected_runs,PENDING_CTS9,COMPACT_POINT_WITH_MODEL_LABEL
development,STRIKE|OFFENSE|0|0|2|100|8|top|TRAIL_2PLUS|AWAY|inventory=2,2,0.793764095075,0.745284715689,0.742843369749,0.840514390902,0.799096709717,0.150462085272,0.768575100036,0.801205570862,0.798709931156,0.810759193291,True,0.742843369749,0.840514390902,0.0976710211535,MODEL_SPREAD_WITHIN_0.10,True,True,L0_EXACT,L0_EXACT,L0_EXACT,650,431,64,43,,0.798709931156,ct-s1.0-candidate,expected_runs,PENDING_CTS9,COMPACT_POINT_WITH_MODEL_LABEL
development,STRIKE|OFFENSE|0|0|2|100|9|bottom|TRAIL_2PLUS|HOME|inventory=2,2,0.157885152348,0.12452910065,0.123614572434,0.154698110776,0.159146929686,0.0204317508784,0.0907673618868,0.144448690861,0.139859940119,0.124014225352,True,0.0907673618868,0.159146929686,0.0683795677995,MODEL_SPREAD_WITHIN_0.10,True,True,L0_EXACT,L0_EXACT,L0_EXACT,630,429,59,41,,0.139859940119,ct-s1.0-candidate,expected_runs,PENDING_CTS9,COMPACT_POINT_WITH_MODEL_LABEL
development,STRIKE|OFFENSE|0|0|2|100|9|top|TRAIL_2PLUS|AWAY|inventory=2,2,0.188372450851,0.163547158864,0.137561812273,0.186111253977,0.176597690439,0.0546790078599,0.103075180847,0.178381642906,0.170872030043,0.106776356879,True,0.103075180847,0.188372450851,0.0852972700042,MODEL_SPREAD_WITHIN_0.10,True,True,L0_EXACT,L0_EXACT,L0_EXACT,627,436,63,45,,0.170872030043,ct-s1.0-candidate,expected_runs,PENDING_CTS9,COMPACT_POINT_WITH_MODEL_LABEL
development,STRIKE|OFFENSE|0|0|2|101|9|bottom|TRAIL_2PLUS|HOME|inventory=2,2,0.100664566544,0.0782737349273,0.0776687645861,0.0984974704176,0.101524182244,0.0122993226227,0.0907673618868,0.0864290770028,0.0884856100667,0.077933081589,True,0.0776687645861,0.101524182244,0.023855417658,MODEL_SPREAD_WITHIN_0.10,True,True,L0_EXACT,L0_EXACT,L0_EXACT,630,429,59,41,,0.0884856100667,ct-s1.0-candidate,expected_runs,PENDING_CTS9,COMPACT_POINT_WITH_MODEL_LABEL
development,STRIKE|OFFENSE|0|0|2|10|9|bottom|TRAIL_2PLUS|HOME|inventory=2,2,0.0975117978417,0.0757631594499,0.0751760105199,0.0954053739823,0.0983474349252,0.0118775621219,0.0907673618868,0.0877727826784,0.0856779417815,0.0754325381465,True,0.0751760105199,0.0983474349252,0.0231714244053,MODEL_SPREAD_WITHIN_0.10,True,True,L0_EXACT,L0_EXACT,L0_EXACT,630,429,59,41,,0.0856779417815,ct-s1.0-candidate,expected_runs,PENDING_CTS9,COMPACT_POINT_WITH_MODEL_LABEL
development,STRIKE|OFFENSE|0|0|2|10|9|top|TRAIL_2PLUS|AWAY|inventory=2,2,0.117974324755,0.101269085605,0.0841829782276,0.116436945583,0.110003589854,0.0322586570303,0.103075180847,0.110105235139,0.106158678906,0.0644506434958,True,0.0841829782276,0.117974324755,0.033791346527,MODEL_SPREAD_WITHIN_0.10,True,True,L0_EXACT,L0_EXACT,L0_EXACT,627,436,63,45,,0.106158678906,ct-s1.0-candidate,expected_runs,PENDING_CTS9,COMPACT_POINT_WITH_MODEL_LABEL
development,STRIKE|OFFENSE|0|0|2|110|9|bottom|TRAIL_2PLUS|HOME|inventory=2,2,0.0779149151174,0.0602453144461,0.0597706483744,0.0761960768961,0.0785972403454,0.0093129444424,0.0907660160384,0.0699731821946,0.0682793712169,0.0599780166138,True,0.0597706483744,0.0907660160384,0.0309953676639,MODEL_SPREAD_WITHIN_0.10,True,True,L0_EXACT,L0_EXACT,L0_EXACT,630,429,59,41,,0.0682793712169,ct-s1.0-candidate,expected_runs,PENDING_CTS9,COMPACT_POINT_WITH_MODEL_LABEL
development,STRIKE|OFFENSE|0|0|2|110|9|top|TRAIL_2PLUS|AWAY|inventory=2,2,0.0946966024277,0.0809848621376,0.0670657212947,0.0934304340067,0.0881414243497,0.0254064790352,0.103073673193,0.0882147468946,0.0849876834961,0.0511216726522,True,0.0670657212947,0.103073673193,0.0360079518982,MODEL_SPREAD_WITHIN_0.10,True,True,L0_EXACT,L0_EXACT,L0_EXACT,627,436,63,45,,0.0849876834961,ct-s1.0-candidate,expected_runs,PENDING_CTS9,COMPACT_POINT_WITH_MODEL_LABEL
development,STRIKE|OFFENSE|0|0|2|1|9|bottom|TRAIL_2PLUS|HOME|inventory=2,2,0.131551437142,0.103077863837,0.102302462485,0.128814651655,0.132635909167,0.0165727527794,0.0907673618868,0.115934676258,0.116118103056,0.102641282017,True,0.0907673618868,0.132635909167,0.0418685472802,MODEL_SPREAD_WITHIN_0.10,True,True,L0_EXACT,L0_EXACT,L0_EXACT,630,429,59,41,,0.116118103056,ct-s1.0-candidate,expected_runs,PENDING_CTS9,COMPACT_POINT_WITH_MODEL_LABEL
development,STRIKE|OFFENSE|0|0|2|1|9|top|TRAIL_2PLUS|AWAY|inventory=2,2,0.15790724898,0.136422062764,0.11415831587,0.155941488653,0.147690278955,0.0446464542594,0.103075180847,0.144299054282,0.14273938319,0.0880755343187,True,0.103075180847,0.15790724898,0.0548320681331,MODEL_SPREAD_WITHIN_0.10,True,True,L0_EXACT,L0_EXACT,L0_EXACT,627,436,63,45,,0.14273938319,ct-s1.0-candidate,expected_runs,PENDING_CTS9,COMPACT_POINT_WITH_MODEL_LABEL
development,STRIKE|OFFENSE|0|1|2|100|9|top|TRAIL_2PLUS|AWAY|inventory=2,2,0.108627647291,0.0931061960652,0.0772789059142,0.107197265971,0.101215938528,0.0294759776556,0.0840763056797,0.101879564476,0.097644480213,0.0590605096438,True,0.0772789059142,0.108627647291,0.0313487413765,MODEL_SPREAD_WITHIN_0.10,True,True,L0_EXACT,L0_EXACT,L0_EXACT,627,436,63,45,,0.097644480213,ct-s1.0-candidate,expected_runs,PENDING_CTS9,COMPACT_POINT_WITH_MODEL_LABEL
development,STRIKE|OFFENSE|0|1|2|10|9|top|TRAIL_2PLUS|AWAY|inventory=2,2,0.144736164398,0.12477752004,0.104184868275,0.142906543198,0.135234536779,0.0404684817187,0.0840763056797,0.133825182183,0.130637185622,0.0801745707163,True,0.0840763056797,0.144736164398,0.0606598587188,MODEL_SPREAD_WITHIN_0.10,True,True,L0_EXACT,L0_EXACT,L0_EXACT,627,436,63,45,,0.130637185622,ct-s1.0-candidate,expected_runs,PENDING_CTS9,COMPACT_POINT_WITH_MODEL_LABEL
development,STRIKE|OFFENSE|0|2|0|0|9|bottom|TRAIL_1|HOME|inventory=2,2,0.297163175127,0.243128771106,0.234011401162,0.31528179487,0.317491903858,0.0259278257298,0.314583099244,0.288773887119,0.27930496512,0.226144395451,True,0.234011401162,0.317491903858,0.0834805026959,MODEL_SPREAD_WITHIN_0.10,True,True,L1_NO_SCORE,L1_NO_SCORE,L1_NO_SCORE,1138,779,92,63,,0.27930496512,ct-s1.0-candidate,expected_runs,PENDING_CTS9,COMPACT_POINT_WITH_MODEL_LABEL
development,STRIKE|OFFENSE|0|2|0|100|9|bottom|TRAIL_1|HOME|inventory=2,2,0.200014549699,0.159632904649,0.153013639942,0.214013482559,0.215737372927,0.0154964165344,0.184890202972,0.194261993191,0.186445810967,0.147345826002,True,0.153013639942,0.215737372927,0.0627237329849,MODEL_SPREAD_WITHIN_0.10,True,True,L1_NO_SCORE,L1_NO_SCORE,L1_NO_SCORE,1138,779,92,63,,0.186445810967,ct-s1.0-candidate,expected_runs,PENDING_CTS9,COMPACT_POINT_WITH_MODEL_LABEL
development,STRIKE|OFFENSE|0|2|1|0|9|bottom|TRAIL_2PLUS|HOME|inventory=2,2,0.179936228233,0.109398723182,0.128906105056,0.162497093635,0.155653264928,0.00912226486628,0.197365299529,0.151647820194,0.146633812014,0.0959498574504,True,0.109398723182,0.197365299529,0.0879665763473,MODEL_SPREAD_WITHIN_0.10,True,True,L0_EXACT,L0_EXACT,L0_EXACT,677,469,62,47,,0.146633812014,ct-s1.0-candidate,expected_runs,PENDING_CTS9,COMPACT_POINT_WITH_MODEL_LABEL
development,STRIKE|OFFENSE|0|2|1|0|9|top|TRAIL_2PLUS|AWAY|inventory=2,2,0.228764148292,0.169950069713,0.168524447884,0.233555543837,0.215091558427,0.0345098554309,0.255472264049,0.21189087204,0.2063878443,0.145721376639,True,0.168524447884,0.255472264049,0.0869478161653,MODEL_SPREAD_WITHIN_0.10,True,True,L0_EXACT,L0_EXACT,L0_EXACT,729,505,63,45,,0.2063878443,ct-s1.0-candidate,expected_runs,PENDING_CTS9,COMPACT_POINT_WITH_MODEL_LABEL
development,STRIKE|OFFENSE|1|0|0|0|9|bottom|TRAIL_2PLUS|HOME|inventory=2,2,0.238818910008,0.145806541256,0.169492768993,0.213418614975,0.207900829438,0.0224185958139,0.185664726502,0.205555880252,0.200375355956,0.128643856441,True,0.145806541256,0.238818910008,0.0930123687527,MODEL_SPREAD_WITHIN_0.10,True,True,L0_EXACT,L0_EXACT,L0_EXACT,800,532,59,43,,0.200375355956,ct-s1.0-candidate,expected_runs,PENDING_CTS9,COMPACT_POINT_WITH_MODEL_LABEL
development,STRIKE|OFFENSE|1|0|0|0|9|top|TRAIL_2PLUS|AWAY|inventory=2,2,0.244311792956,0.148674520601,0.173028366981,0.222546396791,0.209179162117,0.0239716244014,0.181925147031,0.211256883694,0.205646767917,0.134455111207,True,0.148674520601,0.244311792956,0.0956372723557,MODEL_SPREAD_WITHIN_0.10,True,True,L0_EXACT,L0_EXACT,L0_EXACT,861,574,76,59,,0.205646767917,ct-s1.0-candidate,expected_runs,PENDING_CTS9,COMPACT_POINT_WITH_MODEL_LABEL
development,STRIKE|OFFENSE|1|0|0|100|9|bottom|TRAIL_2PLUS|HOME|inventory=2,2,0.186718603,0.111037627811,0.129934826734,0.165653657451,0.1611178465,0.0165041826935,0.185666358604,0.155658170571,0.154954520086,0.0975004007279,True,0.111037627811,0.186718603,0.0756809751886,MODEL_SPREAD_WITHIN_0.10,True,True,L0_EXACT,L0_EXACT,L0_EXACT,800,532,59,43,,0.154954520086,ct-s1.0-candidate,expected_runs,PENDING_CTS9,COMPACT_POINT_WITH_MODEL_LABEL
development,STRIKE|OFFENSE|1|0|0|100|9|top|TRAIL_2PLUS|AWAY|inventory=2,2,0.191314352119,0.113312432808,0.132777175471,0.173188359512,0.16216741421,0.0176548948655,0.181926753603,0.160254439745,0.159269018216,0.102069602568,True,0.113312432808,0.191314352119,0.0780019193106,MODEL_SPREAD_WITHIN_0.10,True,True,L0_EXACT,L0_EXACT,L0_EXACT,861,574,76,59,,0.159269018216,ct-s1.0-candidate,expected_runs,PENDING_CTS9,COMPACT_POINT_WITH_MODEL_LABEL
development,STRIKE|OFFENSE|1|0|0|110|9|top|TRAIL_2PLUS|AWAY|inventory=2,2,0.196783980977,0.116874302538,0.136856463718,0.178253998591,0.166975798355,0.0182718226607,0.181929966834,0.150666162367,0.164008285707,0.105320042001,True,0.116874302538,0.196783980977,0.0799096784392,MODEL_SPREAD_WITHIN_0.10,True,True,L0_EXACT,L0_EXACT,L0_EXACT,861,574,76,59,,0.164008285707,ct-s1.0-candidate,expected_runs,PENDING_CTS9,COMPACT_POINT_WITH_MODEL_LABEL
development,STRIKE|OFFENSE|1|0|1|0|9|bottom|TRAIL_2PLUS|HOME|inventory=2,2,0.175950400219,0.106771958359,0.125877151961,0.158822750546,0.152105567214,0.00887922593501,0.0989664280442,0.146611105167,0.143256809561,0.0936120699231,True,0.0989664280442,0.175950400219,0.0769839721751,MODEL_SPREAD_WITHIN_0.10,True,True,L0_EXACT,L0_EXACT,L0_EXACT,677,469,62,47,,0.143256809561,ct-s1.0-candidate,expected_runs,PENDING_CTS9,COMPACT_POINT_WITH_MODEL_LABEL
development,STRIKE|OFFENSE|1|0|1|0|9|top|TRAIL_2PLUS|AWAY|inventory=2,2,0.22399214571,0.166140633127,0.164740624455,0.228713233154,0.210526910489,0.0336133753586,0.132900301834,0.205337585753,0.201960379079,0.142361882171,True,0.132900301834,0.228713233154,0.09581293132,MODEL_SPREAD_WITHIN_0.10,True,True,L0_EXACT,L0_EXACT,L0_EXACT,729,505,63,45,,0.201960379079,ct-s1.0-candidate,expected_runs,PENDING_CTS9,COMPACT_POINT_WITH_MODEL_LABEL
development,STRIKE|OFFENSE|1|0|1|100|9|bottom|TIED|HOME|inventory=2,2,0.157160405264,0.148291387476,0.126342913998,0.192612936079,0.188902211637,0.00835017363307,0.206002885543,0.161240585041,0.158533900599,0.152848773278,True,0.126342913998,0.206002885543,0.0796599715456,MODEL_SPREAD_WITHIN_0.10,True,True,L1_NO_SCORE,L1_NO_SCORE,L1_NO_SCORE,1012,701,94,69,,0.158533900599,ct-s1.0-candidate,expected_runs,PENDING_CTS9,COMPACT_POINT_WITH_MODEL_LABEL
development,STRIKE|OFFENSE|1|0|1|100|9|top|TRAIL_2PLUS|AWAY|inventory=2,2,0.123053370469,0.0883051862937,0.0874922504406,0.125992387504,0.114758702558,0.0166277257002,0.132900301834,0.109985019386,0.109548328248,0.0746690159534,True,0.0874922504406,0.132900301834,0.0454080513933,MODEL_SPREAD_WITHIN_0.10,True,True,L0_EXACT,L0_EXACT,L0_EXACT,729,505,63,45,,0.109548328248,ct-s1.0-candidate,expected_runs,PENDING_CTS9,COMPACT_POINT_WITH_MODEL_LABEL
development,STRIKE|OFFENSE|1|0|1|110|9|top|TRAIL_2PLUS|AWAY|inventory=2,2,0.139720191609,0.100806592211,0.0998911784078,0.142992371975,0.130469206915,0.0191953701787,0.132899624653,0.119607035651,0.124645966771,0.0854208182695,True,0.0998911784078,0.142992371975,0.0431011935669,MODEL_SPREAD_WITHIN_0.10,True,True,L0_EXACT,L0_EXACT,L0_EXACT,729,505,63,45,,0.124645966771,ct-s1.0-candidate,expected_runs,PENDING_CTS9,COMPACT_POINT_WITH_MODEL_LABEL
development,STRIKE|OFFENSE|1|0|2|0|9|bottom|TRAIL_2PLUS|HOME|inventory=2,2,0.153053472108,0.120572046256,0.119682605502,0.149946595569,0.154283710287,0.0197080452912,0.0737279808468,0.139422581678,0.135491124696,0.120071287823,True,0.0737279808468,0.154283710287,0.0805557294401,MODEL_SPREAD_WITHIN_0.10,True,True,L0_EXACT,L0_EXACT,L0_EXACT,630,429,59,41,,0.135491124696,ct-s1.0-candidate,expected_runs,PENDING_CTS9,COMPACT_POINT_WITH_MODEL_LABEL
development,STRIKE|OFFENSE|1|0|2|0|9|top|TRAIL_2PLUS|AWAY|inventory=2,2,0.182810320482,0.158574835057,0.133253662369,0.180601033841,0.171309852978,0.0528076376326,0.083938604439,0.172412770401,0.165721129957,0.103316843509,True,0.083938604439,0.182810320482,0.098871716043,MODEL_SPREAD_WITHIN_0.10,True,True,L0_EXACT,L0_EXACT,L0_EXACT,627,436,63,45,,0.165721129957,ct-s1.0-candidate,expected_runs,PENDING_CTS9,COMPACT_POINT_WITH_MODEL_LABEL
development,STRIKE|OFFENSE|1|0|2|10|9|top|TRAIL_2PLUS|AWAY|inventory=2,2,0.101664485394,0.0870408233698,0.0721625539731,0.100315474483,0.0946774131726,0.0274303976963,0.0839391043537,0.0920908905262,0.091313230358,0.0550783327521,True,0.0721625539731,0.101664485394,0.0295019314209,MODEL_SPREAD_WITHIN_0.10,True,True,L0_EXACT,L0_EXACT,L0_EXACT,627,436,63,45,,0.091313230358,ct-s1.0-candidate,expected_runs,PENDING_CTS9,COMPACT_POINT_WITH_MODEL_LABEL
development,STRIKE|OFFENSE|1|0|2|111|9|top|TRAIL_2PLUS|AWAY|inventory=2,2,0.0353584887649,0.029954413923,0.02457154532,0.0348551711524,0.032762220552,0.00905230534701,0.0839391043537,0.0291455625353,0.0315214761513,0.0185293148533,True,0.02457154532,0.0839391043537,0.0593675590337,MODEL_SPREAD_WITHIN_0.10,True,True,L0_EXACT,L0_EXACT,L0_EXACT,627,436,63,45,,0.0315214761513,ct-s1.0-candidate,expected_runs,PENDING_CTS9,COMPACT_POINT_WITH_MODEL_LABEL
development,STRIKE|OFFENSE|1|1|0|0|9|bottom|TRAIL_1|HOME|inventory=2,2,0.300870406213,0.246398225243,0.237196673554,0.319112434342,0.321336794054,0.0263782827231,0.245006700439,0.291302491231,0.282879076091,0.22925463424,True,0.237196673554,0.321336794054,0.0841401205006,MODEL_SPREAD_WITHIN_0.10,True,True,L1_NO_SCORE,L1_NO_SCORE,L1_NO_SCORE,1138,779,92,63,,0.282879076091,ct-s1.0-candidate,expected_runs,PENDING_CTS9,COMPACT_POINT_WITH_MODEL_LABEL
development,STRIKE|OFFENSE|1|1|0|100|9|bottom|TRAIL_2PLUS|HOME|inventory=2,2,0.227252102054,0.137928334766,0.160575335452,0.202754337338,0.19744306013,0.0210430375593,0.19870297225,0.19367851585,0.190205231812,0.121561013136,True,0.137928334766,0.227252102054,0.0893237672881,MODEL_SPREAD_WITHIN_0.10,True,True,L0_EXACT,L0_EXACT,L0_EXACT,800,532,59,43,,0.190205231812,ct-s1.0-candidate,expected_runs,PENDING_CTS9,COMPACT_POINT_WITH_MODEL_LABEL
development,STRIKE|OFFENSE|1|1|0|100|9|top|TRAIL_2PLUS|AWAY|inventory=2,2,0.232560227762,0.140666870598,0.163961640927,0.211548682549,0.1986732187,0.0225029690501,0.194763590314,0.199132675417,0.195274429683,0.127098982885,True,0.140666870598,0.232560227762,0.0918933571641,MODEL_SPREAD_WITHIN_0.10,True,True,L0_EXACT,L0_EXACT,L0_EXACT,861,574,76,59,,0.195274429683,ct-s1.0-candidate,expected_runs,PENDING_CTS9,COMPACT_POINT_WITH_MODEL_LABEL
development,STRIKE|OFFENSE|1|1|1|100|9|bottom|TIED|HOME|inventory=2,2,0.235161311956,0.223055406712,0.192542774966,0.282315651447,0.277470688474,0.013694507987,0.23256910364,0.242890732777,0.237024787631,0.229291916256,True,0.192542774966,0.282315651447,0.089772876481,MODEL_SPREAD_WITHIN_0.10,True,True,L1_NO_SCORE,L1_NO_SCORE,L1_NO_SCORE,1012,701,94,69,,0.237024787631,ct-s1.0-candidate,expected_runs,PENDING_CTS9,COMPACT_POINT_WITH_MODEL_LABEL
development,STRIKE|OFFENSE|1|1|1|100|9|bottom|TRAIL_2PLUS|HOME|inventory=2,2,0.146141714095,0.0874395650628,0.103486300103,0.131452871403,0.125720250788,0.00713004694311,0.113705932688,0.12058166152,0.118192494341,0.0764584788892,True,0.0874395650628,0.146141714095,0.0587021490327,MODEL_SPREAD_WITHIN_0.10,True,True,L0_EXACT,L0_EXACT,L0_EXACT,677,469,62,47,,0.118192494341,ct-s1.0-candidate,expected_runs,PENDING_CTS9,COMPACT_POINT_WITH_MODEL_LABEL
development,STRIKE|OFFENSE|1|1|2|100|9|top|TRAIL_2PLUS|AWAY|inventory=2,2,0.122534739911,0.105260807706,0.0875668375235,0.120946080892,0.11429581509,0.0336319897809,0.0736449601766,0.115027118795,0.110319476002,0.0670994458742,True,0.0736449601766,0.122534739911,0.0488897797341,MODEL_SPREAD_WITHIN_0.10,True,True,L0_EXACT,L0_EXACT,L0_EXACT,627,436,63,45,,0.110319476002,ct-s1.0-candidate,expected_runs,PENDING_CTS9,COMPACT_POINT_WITH_MODEL_LABEL
development,STRIKE|OFFENSE|1|1|2|10|9|bottom|TRAIL_2PLUS|HOME|inventory=2,2,0.0862426875969,0.0668213695635,0.066298546765,0.0843569420646,0.0869910614919,0.0103909674922,0.0645975155368,0.0772900207367,0.0756617752522,0.0665269604138,True,0.0645975155368,0.0869910614919,0.022393545955,MODEL_SPREAD_WITHIN_0.10,True,True,L0_EXACT,L0_EXACT,L0_EXACT,630,429,59,41,,0.0756617752522,ct-s1.0-candidate,expected_runs,PENDING_CTS9,COMPACT_POINT_WITH_MODEL_LABEL
development,STRIKE|OFFENSE|1|1|2|110|9|bottom|TRAIL_2PLUS|HOME|inventory=1,1,0.234369464117,0.163455930304,0.170945752646,0.258440977708,0.234333836017,0.0397442598795,0.219763572821,0.223725820474,0.219258050558,0.131208914322,True,0.163455930304,0.258440977708,0.0949850474036,MODEL_SPREAD_WITHIN_0.10,True,True,L0_EXACT,L0_EXACT,L0_EXACT,630,429,59,41,,0.219258050558,ct-s1.0-candidate,expected_runs,PENDING_CTS9,COMPACT_POINT_WITH_MODEL_LABEL
development,STRIKE|OFFENSE|1|1|2|110|9|bottom|TRAIL_2PLUS|HOME|inventory=2,2,0.0785039341618,0.0607095500358,0.0602314607336,0.0767731838023,0.0791909746123,0.00938862870268,0.064598197215,0.06998670928,0.0688009828535,0.0604403249437,True,0.0602314607336,0.0791909746123,0.0189595138787,MODEL_SPREAD_WITHIN_0.10,True,True,L0_EXACT,L0_EXACT,L0_EXACT,630,429,59,41,,0.0688009828535,ct-s1.0-candidate,expected_runs,PENDING_CTS9,COMPACT_POINT_WITH_MODEL_LABEL
development,STRIKE|OFFENSE|1|2|0|0|9|bottom|TRAIL_1|HOME|inventory=2,2,0.239174600828,0.192792136318,0.185100758493,0.255040545648,0.25698685878,0.0194067773075,0.229361951345,0.231696546584,0.223692123376,0.178494873744,True,0.185100758493,0.25698685878,0.0718861002872,MODEL_SPREAD_WITHIN_0.10,True,True,L1_NO_SCORE,L1_NO_SCORE,L1_NO_SCORE,1138,779,92,63,,0.223692123376,ct-s1.0-candidate,expected_runs,PENDING_CTS9,COMPACT_POINT_WITH_MODEL_LABEL
development,STRIKE|OFFENSE|1|2|0|0|9|bottom|TRAIL_2PLUS|HOME|inventory=2,2,0.206871176241,0.124270056441,0.145051790234,0.184047194634,0.179115865099,0.0187080803886,0.185289291011,0.178298990142,0.172405547697,0.109317973217,True,0.124270056441,0.206871176241,0.0826011198004,MODEL_SPREAD_WITHIN_0.10,True,True,L0_EXACT,L0_EXACT,L0_EXACT,800,532,59,43,,0.172405547697,ct-s1.0-candidate,expected_runs,PENDING_CTS9,COMPACT_POINT_WITH_MODEL_LABEL
development,STRIKE|OFFENSE|1|2|1|0|9|bottom|TRAIL_2PLUS|HOME|inventory=2,2,0.140157888292,0.0836239217832,0.099046419311,0.125981746699,0.120454630732,0.00679282310089,0.123629792827,0.117089847187,0.113201340456,0.0730836463159,True,0.0836239217832,0.140157888292,0.0565339665084,MODEL_SPREAD_WITHIN_0.10,True,True,L0_EXACT,L0_EXACT,L0_EXACT,677,469,62,47,,0.113201340456,ct-s1.0-candidate,expected_runs,PENDING_CTS9,COMPACT_POINT_WITH_MODEL_LABEL
development,STRIKE|OFFENSE|1|2|1|0|9|top|TRAIL_2PLUS|AWAY|inventory=2,2,0.180568249751,0.132023949248,0.130866311155,0.184591803759,0.169144445855,0.0258667293694,0.164476613735,0.166295587926,0.161916448257,0.112469522105,True,0.130866311155,0.184591803759,0.0537254926039,MODEL_SPREAD_WITHIN_0.10,True,True,L0_EXACT,L0_EXACT,L0_EXACT,729,505,63,45,,0.161916448257,ct-s1.0-candidate,expected_runs,PENDING_CTS9,COMPACT_POINT_WITH_MODEL_LABEL
development,STRIKE|OFFENSE|1|2|1|100|9|bottom|TRAIL_2PLUS|HOME|inventory=1,1,0.216674224659,0.163467753554,0.161006730016,0.240163864024,0.209768779086,0.0339604869806,0.194063112511,0.204840282886,0.200012642481,0.119690219103,True,0.161006730016,0.240163864024,0.0791571340082,MODEL_SPREAD_WITHIN_0.10,True,True,L0_EXACT,L0_EXACT,L0_EXACT,677,469,62,47,,0.200012642481,ct-s1.0-candidate,expected_runs,PENDING_CTS9,COMPACT_POINT_WITH_MODEL_LABEL
development,STRIKE|OFFENSE|1|2|1|100|9|bottom|TRAIL_2PLUS|HOME|inventory=2,2,0.0851429650217,0.0495217165476,0.0590601991442,0.0760391730967,0.0725213498735,0.00388968647014,0.0630108597172,0.0704461294987,0.0679314813167,0.0430777507313,True,0.0495217165476,0.0851429650217,0.0356212484741,MODEL_SPREAD_WITHIN_0.10,True,True,L0_EXACT,L0_EXACT,L0_EXACT,677,469,62,47,,0.0679314813167,ct-s1.0-candidate,expected_runs,PENDING_CTS9,COMPACT_POINT_WITH_MODEL_LABEL
development,STRIKE|OFFENSE|1|2|2|100|9|bottom|TRAIL_2PLUS|HOME|inventory=1,1,0.145252856072,0.0978571188254,0.102710149832,0.162109404226,0.145228205498,0.0224608861818,0.113662023317,0.141460288235,0.134875182627,0.0773549128,True,0.0978571188254,0.162109404226,0.0642522854007,MODEL_SPREAD_WITHIN_0.10,True,True,L0_EXACT,L0_EXACT,L0_EXACT,630,429,59,41,,0.134875182627,ct-s1.0-candidate,expected_runs,PENDING_CTS9,COMPACT_POINT_WITH_MODEL_LABEL
development,STRIKE|OFFENSE|1|2|2|100|9|bottom|TRAIL_2PLUS|HOME|inventory=2,2,0.0451579992258,0.0346379800049,0.0343576949436,0.0441272111436,0.0455676381027,0.00523389583706,0.0304834394958,0.0412482720698,0.0394003255316,0.0344801287915,True,0.0304834394958,0.0455676381027,0.0150841986069,MODEL_SPREAD_WITHIN_0.10,True,True,L0_EXACT,L0_EXACT,L0_EXACT,630,429,59,41,,0.0394003255316,ct-s1.0-candidate,expected_runs,PENDING_CTS9,COMPACT_POINT_WITH_MODEL_LABEL
development,STRIKE|OFFENSE|2|0|0|0|9|bottom|TRAIL_1|HOME|inventory=2,2,0.214377610277,0.171718606409,0.164696415752,0.229093927392,0.230903605539,0.0168889492613,0.162613519237,0.201939515864,0.200078192065,0.158676929007,True,0.162613519237,0.230903605539,0.0682900863014,MODEL_SPREAD_WITHIN_0.10,True,True,L1_NO_SCORE,L1_NO_SCORE,L1_NO_SCORE,1138,779,92,63,,0.200078192065,ct-s1.0-candidate,expected_runs,PENDING_CTS9,COMPACT_POINT_WITH_MODEL_LABEL
development,STRIKE|OFFENSE|2|0|0|0|9|bottom|TRAIL_2PLUS|HOME|inventory=2,2,0.184610668007,0.109668870878,0.128366762124,0.163735654776,0.159242337808,0.0162793961087,0.129216212124,0.154025030696,0.153137659228,0.0962804432874,True,0.109668870878,0.184610668007,0.0749417971291,MODEL_SPREAD_WITHIN_0.10,True,True,L0_EXACT,L0_EXACT,L0_EXACT,800,532,59,43,,0.153137659228,ct-s1.0-candidate,expected_runs,PENDING_CTS9,COMPACT_POINT_WITH_MODEL_LABEL
development,STRIKE|OFFENSE|2|0|0|0|9|top|TRAIL_2PLUS|AWAY|inventory=2,2,0.189166601865,0.111919164814,0.131179980832,0.171201017991,0.160282022288,0.017414713123,0.126437065076,0.158582133748,0.157410992628,0.100798859142,True,0.111919164814,0.189166601865,0.0772474370508,MODEL_SPREAD_WITHIN_0.10,True,True,L0_EXACT,L0_EXACT,L0_EXACT,861,574,76,59,,0.157410992628,ct-s1.0-candidate,expected_runs,PENDING_CTS9,COMPACT_POINT_WITH_MODEL_LABEL
development,STRIKE|OFFENSE|2|0|0|100|9|top|TRAIL_2PLUS|AWAY|inventory=2,2,0.113898265406,0.0649259981216,0.0767988587682,0.102180253692,0.0951579003726,0.00967044585342,0.126439005098,0.0867684135862,0.0933237532618,0.0581691060452,True,0.0649259981216,0.126439005098,0.061513006976,MODEL_SPREAD_WITHIN_0.10,True,True,L0_EXACT,L0_EXACT,L0_EXACT,861,574,76,59,,0.0933237532618,ct-s1.0-candidate,expected_runs,PENDING_CTS9,COMPACT_POINT_WITH_MODEL_LABEL
development,STRIKE|OFFENSE|2|0|1|0|9|bottom|TRAIL_1|HOME|inventory=2,2,0.193475584494,0.183002166923,0.156862377229,0.234837637163,0.230545727684,0.0107168759703,0.168123177546,0.196252727702,0.19509299143,0.188390350163,True,0.156862377229,0.234837637163,0.0779752599341,MODEL_SPREAD_WITHIN_0.10,True,True,L1_NO_SCORE,L1_NO_SCORE,L1_NO_SCORE,1012,701,94,69,,0.19509299143,ct-s1.0-candidate,expected_runs,PENDING_CTS9,COMPACT_POINT_WITH_MODEL_LABEL
development,STRIKE|OFFENSE|2|0|1|0|9|bottom|TRAIL_2PLUS|HOME|inventory=1,1,0.284124093617,0.218984959977,0.215903838565,0.312013368138,0.275825943312,0.0480189654067,0.234510154919,0.261850009666,0.264024023789,0.163240925718,True,0.215903838565,0.312013368138,0.0961095295721,MODEL_SPREAD_WITHIN_0.10,True,True,L0_EXACT,L0_EXACT,L0_EXACT,677,469,62,47,,0.264024023789,ct-s1.0-candidate,expected_runs,PENDING_CTS9,COMPACT_POINT_WITH_MODEL_LABEL
development,STRIKE|OFFENSE|2|0|1|0|9|bottom|TRAIL_2PLUS|HOME|inventory=2,2,0.117805452217,0.0695581780435,0.0826204587051,0.105612436416,0.100875828464,0.00557167950672,0.0788148472622,0.0944972807748,0.0946745911205,0.0606734181455,True,0.0695581780435,0.117805452217,0.0482472741731,MODEL_SPREAD_WITHIN_0.10,True,True,L0_EXACT,L0_EXACT,L0_EXACT,677,469,62,47,,0.0946745911205,ct-s1.0-candidate,expected_runs,PENDING_CTS9,COMPACT_POINT_WITH_MODEL_LABEL
development,STRIKE|OFFENSE|2|0|1|0|9|top|TRAIL_2PLUS|AWAY|inventory=2,2,0.152917293792,0.110801555864,0.109806462567,0.156442339491,0.14293770105,0.0212901772457,0.106656998436,0.135667627616,0.136645408057,0.0940498412226,True,0.106656998436,0.156442339491,0.0497853410554,MODEL_SPREAD_WITHIN_0.10,True,True,L0_EXACT,L0_EXACT,L0_EXACT,729,505,63,45,,0.136645408057,ct-s1.0-candidate,expected_runs,PENDING_CTS9,COMPACT_POINT_WITH_MODEL_LABEL
development,STRIKE|OFFENSE|2|0|1|100|9|bottom|TRAIL_2PLUS|HOME|inventory=1,1,0.217570873113,0.164190372606,0.161720573141,0.2411277957,0.210644535676,0.0341339715067,0.234510154919,0.187773974735,0.200858021248,0.120247134591,True,0.161720573141,0.2411277957,0.0794072225591,MODEL_SPREAD_WITHIN_0.10,True,True,L0_EXACT,L0_EXACT,L0_EXACT,677,469,62,47,,0.200858021248,ct-s1.0-candidate,expected_runs,PENDING_CTS9,COMPACT_POINT_WITH_MODEL_LABEL
development,STRIKE|OFFENSE|2|0|1|100|9|bottom|TRAIL_2PLUS|HOME|inventory=2,2,0.0855547556126,0.0497705988967,0.0593540257049,0.076410611038,0.0728769592445,0.00391017840855,0.0788148472622,0.0636801813084,0.0682662407776,0.0432957227157,True,0.0497705988967,0.0855547556126,0.0357841567159,MODEL_SPREAD_WITHIN_0.10,True,True,L0_EXACT,L0_EXACT,L0_EXACT,677,469,62,47,,0.0682662407776,ct-s1.0-candidate,expected_runs,PENDING_CTS9,COMPACT_POINT_WITH_MODEL_LABEL
development,STRIKE|OFFENSE|2|0|1|110|9|bottom|TRAIL_2PLUS|HOME|inventory=2,2,0.136570186382,0.0813464444817,0.0963930965303,0.122705134992,0.117302478572,0.00659276811116,0.0788148472622,0.0836990388941,0.110215213201,0.0710709673425,True,0.0788148472622,0.136570186382,0.0577553391194,MODEL_SPREAD_WITHIN_0.10,True,True,L0_EXACT,L0_EXACT,L0_EXACT,677,469,62,47,,0.110215213201,ct-s1.0-candidate,expected_runs,PENDING_CTS9,COMPACT_POINT_WITH_MODEL_LABEL
development,STRIKE|OFFENSE|2|0|2|0|9|top|TRAIL_2PLUS|AWAY|inventory=2,2,0.144261761198,0.124359023339,0.103827244819,0.142437138221,0.134786369049,0.0403197261986,0.0448769458533,0.130813717133,0.130201959602,0.0798920143774,True,0.0448769458533,0.144261761198,0.0993848153451,MODEL_SPREAD_WITHIN_0.10,True,True,L0_EXACT,L0_EXACT,L0_EXACT,627,436,63,45,,0.130201959602,ct-s1.0-candidate,expected_runs,PENDING_CTS9,COMPACT_POINT_WITH_MODEL_LABEL
development,STRIKE|OFFENSE|2|0|2|100|9|bottom|TRAIL_2PLUS|HOME|inventory=1,1,0.209633346335,0.144788869999,0.151578323536,0.231933898374,0.209600449113,0.0346206705331,0.14271034881,0.188020417361,0.195709153065,0.115715132373,True,0.14271034881,0.231933898374,0.0892235495643,MODEL_SPREAD_WITHIN_0.10,True,True,L0_EXACT,L0_EXACT,L0_EXACT,630,429,59,41,,0.195709153065,ct-s1.0-candidate,expected_runs,PENDING_CTS9,COMPACT_POINT_WITH_MODEL_LABEL
development,STRIKE|OFFENSE|2|0|2|100|9|bottom|TRAIL_2PLUS|HOME|inventory=2,2,0.0687413760133,0.0530325067447,0.0526114880504,0.0672101594194,0.0693494076795,0.00814511032714,0.0392145308479,0.0570151249638,0.0601662765291,0.052795412998,True,0.0392145308479,0.0693494076795,0.0301348768316,MODEL_SPREAD_WITHIN_0.10,True,True,L0_EXACT,L0_EXACT,L0_EXACT,630,429,59,41,,0.0601662765291,ct-s1.0-candidate,expected_runs,PENDING_CTS9,COMPACT_POINT_WITH_MODEL_LABEL
development,STRIKE|OFFENSE|2|0|2|100|9|top|TRAIL_2PLUS|AWAY|inventory=1,1,0.251105606042,0.217206291858,0.19999869912,0.291033473342,0.246183527,0.055964295384,0.191299460744,0.234041136656,0.245244210465,0.144674265031,True,0.191299460744,0.291033473342,0.0997340125977,MODEL_SPREAD_WITHIN_0.10,True,True,L0_EXACT,L0_EXACT,L0_EXACT,627,436,63,45,,0.245244210465,ct-s1.0-candidate,expected_runs,PENDING_CTS9,COMPACT_POINT_WITH_MODEL_LABEL
development,STRIKE|OFFENSE|2|0|2|100|9|top|TRAIL_2PLUS|AWAY|inventory=2,2,0.0837266317069,0.071477892591,0.0590876895954,0.0825937586312,0.0778655133097,0.0222658889409,0.0448769458533,0.072140638671,0.0750491881915,0.044948937346,True,0.0448769458533,0.0837266317069,0.0388496858537,MODEL_SPREAD_WITHIN_0.10,True,True,L0_EXACT,L0_EXACT,L0_EXACT,627,436,63,45,,0.0750491881915,ct-s1.0-candidate,expected_runs,PENDING_CTS9,COMPACT_POINT_WITH_MODEL_LABEL
development,STRIKE|OFFENSE|2|0|2|10|9|bottom|TRAIL_2PLUS|HOME|inventory=1,1,0.205046672671,0.141367197036,0.148023972498,0.226999435542,0.205014308521,0.0336999171247,0.142711164545,0.1732097817,0.191353374842,0.112889838983,True,0.141367197036,0.226999435542,0.0856322385058,MODEL_SPREAD_WITHIN_0.10,True,True,L0_EXACT,L0_EXACT,L0_EXACT,630,429,59,41,,0.191353374842,ct-s1.0-candidate,expected_runs,PENDING_CTS9,COMPACT_POINT_WITH_MODEL_LABEL
development,STRIKE|OFFENSE|2|0|2|10|9|bottom|TRAIL_2PLUS|HOME|inventory=2,2,0.0669761235661,0.0516482793635,0.0512376552895,0.0654814631723,0.0675696741222,0.00792270851406,0.0392147820596,0.0518648110296,0.0586073710905,0.0514170381027,True,0.0392147820596,0.0675696741222,0.0283548920626,MODEL_SPREAD_WITHIN_0.10,True,True,L0_EXACT,L0_EXACT,L0_EXACT,630,429,59,41,,0.0586073710905,ct-s1.0-candidate,expected_runs,PENDING_CTS9,COMPACT_POINT_WITH_MODEL_LABEL
development,STRIKE|OFFENSE|2|0|2|110|9|top|TRAIL_2PLUS|AWAY|inventory=1,1,0.130001517689,0.11004881246,0.100243364416,0.154649380707,0.127050552625,0.0257390211591,0.19130049224,0.110987163163,0.12648951601,0.0700958084749,True,0.100243364416,0.19130049224,0.0910571278242,MODEL_SPREAD_WITHIN_0.10,True,True,L0_EXACT,L0_EXACT,L0_EXACT,627,436,63,45,,0.12648951601,ct-s1.0-candidate,expected_runs,PENDING_CTS9,COMPACT_POINT_WITH_MODEL_LABEL
development,STRIKE|OFFENSE|2|0|2|110|9|top|TRAIL_2PLUS|AWAY|inventory=2,2,0.0391289127118,0.0331683928956,0.0272241748757,0.0385740704213,0.0362662018877,0.0100468063388,0.0448772316447,0.0307889001122,0.0348975452915,0.0205433911881,True,0.0272241748757,0.0448772316447,0.0176530567689,MODEL_SPREAD_WITHIN_0.10,True,True,L0_EXACT,L0_EXACT,L0_EXACT,627,436,63,45,,0.0348975452915,ct-s1.0-candidate,expected_runs,PENDING_CTS9,COMPACT_POINT_WITH_MODEL_LABEL
development,STRIKE|OFFENSE|2|0|2|111|9|bottom|TRAIL_2PLUS|HOME|inventory=1,1,0.148361263669,0.100070004751,0.10502000402,0.16550869176,0.148336177122,0.0230122951937,0.142711164545,0.0848684981878,0.137797311013,0.0791448471308,True,0.0848684981878,0.16550869176,0.0806401935722,MODEL_SPREAD_WITHIN_0.10,True,True,L0_EXACT,L0_EXACT,L0_EXACT,630,429,59,41,,0.137797311013,ct-s1.0-candidate,expected_runs,PENDING_CTS9,COMPACT_POINT_WITH_MODEL_LABEL
development,STRIKE|OFFENSE|2|0|2|111|9|bottom|TRAIL_2PLUS|HOME|inventory=2,2,0.0462402590895,0.0354774840669,0.0351906535037,0.0451859361291,0.0466592356632,0.00536470760483,0.0392147820596,0.0236427089299,0.0403504278075,0.0353159470479,True,0.0236427089299,0.0466592356632,0.0230165267333,MODEL_SPREAD_WITHIN_0.10,True,True,L0_EXACT,L0_EXACT,L0_EXACT,630,429,59,41,,0.0403504278075,ct-s1.0-candidate,expected_runs,PENDING_CTS9,COMPACT_POINT_WITH_MODEL_LABEL
development,STRIKE|OFFENSE|2|0|2|1|9|bottom|TRAIL_2PLUS|HOME|inventory=1,1,0.181755671681,0.12417956106,0.130149673863,0.201847998236,0.181726143356,0.0291580986889,0.142711164545,0.131419624767,0.169286552903,0.0987662614277,True,0.12417956106,0.201847998236,0.077668437176,MODEL_SPREAD_WITHIN_0.10,True,True,L0_EXACT,L0_EXACT,L0_EXACT,630,429,59,41,,0.169286552903,ct-s1.0-candidate,expected_runs,PENDING_CTS9,COMPACT_POINT_WITH_MODEL_LABEL
development,STRIKE|OFFENSE|2|0|2|1|9|bottom|TRAIL_2PLUS|HOME|inventory=2,2,0.0582197962147,0.0447996644375,0.0444409379819,0.05690862607,0.0587406325935,0.00683038942272,0.0392147820596,0.0380056514447,0.050885486986,0.0445976440406,True,0.0380056514447,0.0587406325935,0.0207349811488,MODEL_SPREAD_WITHIN_0.10,True,True,L0_EXACT,L0_EXACT,L0_EXACT,630,429,59,41,,0.050885486986,ct-s1.0-candidate,expected_runs,PENDING_CTS9,COMPACT_POINT_WITH_MODEL_LABEL
development,STRIKE|OFFENSE|2|1|0|0|9|bottom|TRAIL_2PLUS|HOME|inventory=2,2,0.193852778498,0.115691514501,0.135260234169,0.172153349237,0.167475291593,0.0172729037743,0.141053747151,0.165058163636,0.161115478372,0.101651785115,True,0.115691514501,0.193852778498,0.0781612639968,MODEL_SPREAD_WITHIN_0.10,True,True,L0_EXACT,L0_EXACT,L0_EXACT,800,532,59,43,,0.161115478372,ct-s1.0-candidate,expected_runs,PENDING_CTS9,COMPACT_POINT_WITH_MODEL_LABEL
development,STRIKE|OFFENSE|2|1|0|0|9|top|TRAIL_2PLUS|AWAY|inventory=2,2,0.198581247196,0.118049001695,0.138200573319,0.17991993609,0.168557952092,0.0184762061797,0.138060367514,0.169876151659,0.165567909872,0.106392600402,True,0.118049001695,0.198581247196,0.0805322455009,MODEL_SPREAD_WITHIN_0.10,True,True,L0_EXACT,L0_EXACT,L0_EXACT,861,574,76,59,,0.165567909872,ct-s1.0-candidate,expected_runs,PENDING_CTS9,COMPACT_POINT_WITH_MODEL_LABEL
development,STRIKE|OFFENSE|2|1|0|100|9|top|TRAIL_2PLUS|AWAY|inventory=2,2,0.186651709271,0.110291553893,0.129313050899,0.16887522535,0.158076273837,0.0171349382913,0.138062217996,0.153836538714,0.155237450155,0.0993148826386,True,0.110291553893,0.186651709271,0.0763601553781,MODEL_SPREAD_WITHIN_0.10,True,True,L0_EXACT,L0_EXACT,L0_EXACT,861,574,76,59,,0.155237450155,ct-s1.0-candidate,expected_runs,PENDING_CTS9,COMPACT_POINT_WITH_MODEL_LABEL
development,STRIKE|OFFENSE|2|1|1|0|9|bottom|TRAIL_2PLUS|HOME|inventory=2,2,0.155917444595,0.0937195801121,0.110778905514,0.140407606429,0.13434487619,0.00769074561759,0.0810858462309,0.128736889295,0.126375349732,0.0820207049819,True,0.0810858462309,0.155917444595,0.0748315983636,MODEL_SPREAD_WITHIN_0.10,True,True,L0_EXACT,L0_EXACT,L0_EXACT,677,469,62,47,,0.126375349732,ct-s1.0-candidate,expected_runs,PENDING_CTS9,COMPACT_POINT_WITH_MODEL_LABEL
development,STRIKE|OFFENSE|2|1|1|100|9|bottom|TIED|HOME|inventory=2,2,0.155239995562,0.14646051983,0.124743342269,0.190357158169,0.186679843583,0.00823038276465,0.1724856938,0.156826961272,0.156599825921,0.150971612046,True,0.124743342269,0.190357158169,0.0656138158999,MODEL_SPREAD_WITHIN_0.10,True,True,L1_NO_SCORE,L1_NO_SCORE,L1_NO_SCORE,1012,701,94,69,,0.156599825921,ct-s1.0-candidate,expected_runs,PENDING_CTS9,COMPACT_POINT_WITH_MODEL_LABEL
development,STRIKE|OFFENSE|2|1|1|100|9|bottom|TRAIL_1|HOME|inventory=2,2,0.155239995562,0.14646051983,0.124743342269,0.190357158169,0.186679843583,0.00823038276465,0.1724856938,0.156826961272,0.156599825921,0.150971612046,True,0.124743342269,0.190357158169,0.0656138158999,MODEL_SPREAD_WITHIN_0.10,True,True,L1_NO_SCORE,L1_NO_SCORE,L1_NO_SCORE,1012,701,94,69,,0.156599825921,ct-s1.0-candidate,expected_runs,PENDING_CTS9,COMPACT_POINT_WITH_MODEL_LABEL
development,STRIKE|OFFENSE|2|1|2|0|9|top|TRAIL_2PLUS|AWAY|inventory=2,2,0.15196661077,0.131163820469,0.109649248045,0.15006162577,0.142069166522,0.0427504897152,0.0553777717263,0.142306587238,0.137276352972,0.0844984228947,True,0.0553777717263,0.15196661077,0.0965888390441,MODEL_SPREAD_WITHIN_0.10,True,True,L0_EXACT,L0_EXACT,L0_EXACT,627,436,63,45,,0.137276352972,ct-s1.0-candidate,expected_runs,PENDING_CTS9,COMPACT_POINT_WITH_MODEL_LABEL
development,STRIKE|OFFENSE|2|1|2|1|9|top|TRAIL_2PLUS|AWAY|inventory=1,1,0.168105681711,0.14326779382,0.130937984339,0.198331038456,0.164453270333,0.034494954206,0.227887420841,0.138439646983,0.163758052365,0.092508321648,True,0.130937984339,0.227887420841,0.0969494365019,MODEL_SPREAD_WITHIN_0.10,True,True,L0_EXACT,L0_EXACT,L0_EXACT,627,436,63,45,,0.163758052365,ct-s1.0-candidate,expected_runs,PENDING_CTS9,COMPACT_POINT_WITH_MODEL_LABEL
development,STRIKE|OFFENSE|2|1|2|1|9|top|TRAIL_2PLUS|AWAY|inventory=2,2,0.0521958036029,0.0443366452791,0.0364664190559,0.0514655989104,0.0484252849649,0.0135387234809,0.0553778152445,0.0392809738007,0.0466199522857,0.0275819059328,True,0.0364664190559,0.0553778152445,0.0189113961887,MODEL_SPREAD_WITHIN_0.10,True,True,L0_EXACT,L0_EXACT,L0_EXACT,627,436,63,45,,0.0466199522857,ct-s1.0-candidate,expected_runs,PENDING_CTS9,COMPACT_POINT_WITH_MODEL_LABEL
development,STRIKE|OFFENSE|2|2|0|0|9|bottom|TRAIL_2PLUS|HOME|inventory=2,2,0.149582549046,0.0873371809584,0.102666696522,0.132027036552,0.128270413471,0.0126933305908,0.122941822103,0.127459872491,0.123179111935,0.0764409484902,True,0.0873371809584,0.149582549046,0.0622453680877,MODEL_SPREAD_WITHIN_0.10,True,True,L0_EXACT,L0_EXACT,L0_EXACT,800,532,59,43,,0.123179111935,ct-s1.0-candidate,expected_runs,PENDING_CTS9,COMPACT_POINT_WITH_MODEL_LABEL
development,STRIKE|OFFENSE|2|2|0|0|9|top|TRAIL_2PLUS|AWAY|inventory=2,2,0.153436705602,0.0891751467414,0.104984524621,0.138285743629,0.129138943683,0.0135820101162,0.120278982944,0.131353035625,0.126741562473,0.0801108367271,True,0.0891751467414,0.153436705602,0.064261558861,MODEL_SPREAD_WITHIN_0.10,True,True,L0_EXACT,L0_EXACT,L0_EXACT,861,574,76,59,,0.126741562473,ct-s1.0-candidate,expected_runs,PENDING_CTS9,COMPACT_POINT_WITH_MODEL_LABEL
development,STRIKE|OFFENSE|2|2|0|100|9|top|TRAIL_2PLUS|AWAY|inventory=1,1,0.229978414657,0.187102812685,0.17739924183,0.267873298619,0.221407392509,0.0506757019389,0.219931861589,0.226366288735,0.221041898152,0.138919720126,True,0.17739924183,0.267873298619,0.0904740567891,MODEL_SPREAD_WITHIN_0.10,True,True,L0_EXACT,L0_EXACT,L0_EXACT,861,574,76,59,,0.221041898152,ct-s1.0-candidate,expected_runs,PENDING_CTS9,COMPACT_POINT_WITH_MODEL_LABEL
development,STRIKE|OFFENSE|2|2|0|100|9|top|TRAIL_2PLUS|AWAY|inventory=2,2,0.10755509882,0.0611220431105,0.072353108592,0.0964186707341,0.0897526994165,0.00907245300035,0.088450958129,0.090992356271,0.0880126025166,0.0547378569365,True,0.0611220431105,0.10755509882,0.0464330557098,MODEL_SPREAD_WITHIN_0.10,True,True,L0_EXACT,L0_EXACT,L0_EXACT,861,574,76,59,,0.0880126025166,ct-s1.0-candidate,expected_runs,PENDING_CTS9,COMPACT_POINT_WITH_MODEL_LABEL
development,STRIKE|OFFENSE|2|2|0|10|9|bottom|TRAIL_1|HOME|inventory=1,1,0.154030968282,0.121777685006,0.116686504753,0.180199083136,0.171989908135,0.0255243313173,0.157793605637,0.151155749582,0.147601811021,0.0868613277743,True,0.116686504753,0.180199083136,0.0635125783829,MODEL_SPREAD_WITHIN_0.10,True,True,L1_NO_SCORE,L1_NO_SCORE,L1_NO_SCORE,1138,779,92,63,,0.147601811021,ct-s1.0-candidate,expected_runs,PENDING_CTS9,COMPACT_POINT_WITH_MODEL_LABEL
development,STRIKE|OFFENSE|2|2|0|10|9|bottom|TRAIL_1|HOME|inventory=2,2,0.0818699904751,0.063449148282,0.0605309203903,0.0885149529659,0.0893428542036,0.00558243690183,0.0809580117184,0.0775035005215,0.0755590319032,0.0580539785467,True,0.0605309203903,0.0893428542036,0.0288119338133,MODEL_SPREAD_WITHIN_0.10,True,True,L1_NO_SCORE,L1_NO_SCORE,L1_NO_SCORE,1138,779,92,63,,0.0755590319032,ct-s1.0-candidate,expected_runs,PENDING_CTS9,COMPACT_POINT_WITH_MODEL_LABEL
development,STRIKE|OFFENSE|2|2|2|10|9|top|TRAIL_2PLUS|AWAY|inventory=1,1,0.124735958195,0.105493418775,0.0960500538128,0.14855595794,0.121887772878,0.0245771928678,0.096067301993,0.125811752621,0.121346365243,0.0670696037345,True,0.0960500538128,0.14855595794,0.0525059041275,MODEL_SPREAD_WITHIN_0.10,True,True,L0_EXACT,L0_EXACT,L0_EXACT,627,436,63,45,,0.121346365243,ct-s1.0-candidate,expected_runs,PENDING_CTS9,COMPACT_POINT_WITH_MODEL_LABEL
development,STRIKE|OFFENSE|2|2|2|10|9|top|TRAIL_2PLUS|AWAY|inventory=2,2,0.0373858740288,0.0316821171301,0.025997097379,0.0368547997747,0.0346460876052,0.00958633599078,0.0206730779855,0.0353270541635,0.0333364578363,0.0196113664959,True,0.0206730779855,0.0373858740288,0.0167127960433,MODEL_SPREAD_WITHIN_0.10,True,True,L0_EXACT,L0_EXACT,L0_EXACT,627,436,63,45,,0.0333364578363,ct-s1.0-candidate,expected_runs,PENDING_CTS9,COMPACT_POINT_WITH_MODEL_LABEL
development,STRIKE|OFFENSE|2|2|2|110|9|top|TRAIL_2PLUS|AWAY|inventory=1,1,0.077445877476,0.064957184774,0.0589035200034,0.0931967760294,0.0755842525252,0.0146249637192,0.0694664209282,0.0777082328369,0.0752308975923,0.0406272786651,True,0.0589035200034,0.0931967760294,0.034293256026,MODEL_SPREAD_WITHIN_0.10,True,True,L0_EXACT,L0_EXACT,L0_EXACT,627,436,63,45,,0.0752308975923,ct-s1.0-candidate,expected_runs,PENDING_CTS9,COMPACT_POINT_WITH_MODEL_LABEL
development,STRIKE|OFFENSE|2|2|2|110|9|top|TRAIL_2PLUS|AWAY|inventory=2,2,0.0223658567318,0.0189086088451,0.015479019788,0.0220432591348,0.0207031237258,0.00566918711123,0.0146112849399,0.0209892650214,0.0199096711378,0.0116459787187,True,0.0146112849399,0.0223658567318,0.0077545717919,MODEL_SPREAD_WITHIN_0.10,True,True,L0_EXACT,L0_EXACT,L0_EXACT,627,436,63,45,,0.0199096711378,ct-s1.0-candidate,expected_runs,PENDING_CTS9,COMPACT_POINT_WITH_MODEL_LABEL
development,STRIKE|OFFENSE|3|0|0|0|9|bottom|TRAIL_1|HOME|inventory=2,2,0.21989300106,0.176382894878,0.169208930729,0.234874738882,0.236716059534,0.01743622484,0.244444415972,0.214531797069,0.205321842354,0.163056711135,True,0.169208930729,0.244444415972,0.0752354852425,MODEL_SPREAD_WITHIN_0.10,True,True,L1_NO_SCORE,L1_NO_SCORE,L1_NO_SCORE,1138,779,92,63,,0.205321842354,ct-s1.0-candidate,expected_runs,PENDING_CTS9,COMPACT_POINT_WITH_MODEL_LABEL
development,STRIKE|OFFENSE|3|0|0|0|9|bottom|TRAIL_2PLUS|HOME|inventory=2,2,0.189545000254,0.112877427378,0.132041229299,0.16822714741,0.163634690899,0.0168072571911,0.198219054224,0.164244423236,0.157393150253,0.0991409148405,True,0.112877427378,0.198219054224,0.0853416268464,MODEL_SPREAD_WITHIN_0.10,True,True,L0_EXACT,L0_EXACT,L0_EXACT,800,532,59,43,,0.157393150253,ct-s1.0-candidate,expected_runs,PENDING_CTS9,COMPACT_POINT_WITH_MODEL_LABEL
development,STRIKE|OFFENSE|3|0|0|0|9|top|TRAIL_2PLUS|AWAY|inventory=2,2,0.19419370514,0.115185040177,0.134922510601,0.175854232404,0.164697435141,0.0179787141766,0.194286940003,0.169043467493,0.161762550927,0.103778156357,True,0.115185040177,0.194286940003,0.0791018998261,MODEL_SPREAD_WITHIN_0.10,True,True,L0_EXACT,L0_EXACT,L0_EXACT,861,574,76,59,,0.161762550927,ct-s1.0-candidate,expected_runs,PENDING_CTS9,COMPACT_POINT_WITH_MODEL_LABEL
development,STRIKE|OFFENSE|3|0|1|0|9|top|TRAIL_2PLUS|AWAY|inventory=2,2,0.219766895972,0.162777749461,0.161400593597,0.224424683005,0.206488073767,0.0328273956533,0.226947709188,0.206226036493,0.198044659508,0.139399845975,True,0.161400593597,0.226947709188,0.0655471155901,MODEL_SPREAD_WITHIN_0.10,True,True,L0_EXACT,L0_EXACT,L0_EXACT,729,505,63,45,,0.198044659508,ct-s1.0-candidate,expected_runs,PENDING_CTS9,COMPACT_POINT_WITH_MODEL_LABEL
development,STRIKE|OFFENSE|3|0|2|0|9|bottom|TRAIL_2PLUS|HOME|inventory=2,2,0.114155400823,0.0890609666243,0.0883806171319,0.111733958545,0.115115474102,0.0141337639451,0.135516590653,0.106328274958,0.100526693532,0.0886778831073,True,0.0883806171319,0.135516590653,0.0471359735214,MODEL_SPREAD_WITHIN_0.10,True,True,L0_EXACT,L0_EXACT,L0_EXACT,630,429,59,41,,0.100526693532,ct-s1.0-candidate,expected_runs,PENDING_CTS9,COMPACT_POINT_WITH_MODEL_LABEL
development,STRIKE|OFFENSE|3|0|2|110|9|bottom|TRAIL_2PLUS|HOME|inventory=2,2,0.0598966464694,0.0461089113274,0.0457402032894,0.0585500597155,0.060431521426,0.00703818007822,0.0279692967171,0.0613076725529,0.0523628390947,0.0459012706979,True,0.0279692967171,0.0613076725529,0.0333383758357,MODEL_SPREAD_WITHIN_0.10,True,True,L0_EXACT,L0_EXACT,L0_EXACT,630,429,59,41,,0.0523628390947,ct-s1.0-candidate,expected_runs,PENDING_CTS9,COMPACT_POINT_WITH_MODEL_LABEL
development,STRIKE|OFFENSE|3|0|2|110|9|top|TRAIL_2PLUS|AWAY|inventory=2,2,0.0731051569755,0.0623046210443,0.0514164894455,0.0721046895828,0.067932448382,0.0192772253448,0.0320621329856,0.0774783895574,0.0654498934985,0.0390371779661,True,0.0320621329856,0.0774783895574,0.0454162565718,MODEL_SPREAD_WITHIN_0.10,True,True,L0_EXACT,L0_EXACT,L0_EXACT,627,436,63,45,,0.0654498934985,ct-s1.0-candidate,expected_runs,PENDING_CTS9,COMPACT_POINT_WITH_MODEL_LABEL
development,STRIKE|OFFENSE|3|1|0|0|9|bottom|TRAIL_2PLUS|HOME|inventory=1,1,0.279490433521,0.227231607675,0.218913710309,0.318318101321,0.275028594966,0.0577474236755,0.282504663932,0.27645184211,0.268680843852,0.167430190704,True,0.218913710309,0.318318101321,0.0994043910119,MODEL_SPREAD_WITHIN_0.10,True,True,L0_EXACT,L0_EXACT,L0_EXACT,800,532,59,43,,0.268680843852,ct-s1.0-candidate,expected_runs,PENDING_CTS9,COMPACT_POINT_WITH_MODEL_LABEL
development,STRIKE|OFFENSE|3|1|0|0|9|bottom|TRAIL_2PLUS|HOME|inventory=2,2,0.131873923789,0.0763361283102,0.089924981199,0.116112985561,0.112750351646,0.0109813407119,0.119083666667,0.112234611412,0.108198611228,0.066712068787,True,0.0763361283102,0.131873923789,0.0555377954786,MODEL_SPREAD_WITHIN_0.10,True,True,L0_EXACT,L0_EXACT,L0_EXACT,800,532,59,43,,0.108198611228,ct-s1.0-candidate,expected_runs,PENDING_CTS9,COMPACT_POINT_WITH_MODEL_LABEL
development,STRIKE|OFFENSE|3|1|0|100|8|bottom|LEAD_2PLUS|HOME|inventory=2,2,0.225940757965,0.191495050566,0.180421393726,0.27909442673,0.230764193032,0.0160929218141,0.221325175909,0.234661053166,0.229957908914,0.246926255668,True,0.180421393726,0.27909442673,0.0986730330039,MODEL_SPREAD_WITHIN_0.10,True,True,L0_EXACT,L0_EXACT,L0_EXACT,607,419,77,49,,0.229957908914,ct-s1.0-candidate,expected_runs,PENDING_CTS9,COMPACT_POINT_WITH_MODEL_LABEL
development,STRIKE|OFFENSE|3|1|0|100|9|top|LEAD_2PLUS|AWAY|inventory=2,2,0.2103753124,0.166533577757,0.16523895616,0.257631690495,0.212565090371,0.00857682142827,0.207940129943,0.215811110355,0.210965743939,0.235055801614,True,0.16523895616,0.257631690495,0.0923927343347,MODEL_SPREAD_WITHIN_0.10,True,True,L0_EXACT,L0_EXACT,L0_EXACT,666,456,68,42,,0.210965743939,ct-s1.0-candidate,expected_runs,PENDING_CTS9,COMPACT_POINT_WITH_MODEL_LABEL
development,STRIKE|OFFENSE|3|1|1|0|9|bottom|TIED|HOME|inventory=2,2,0.188529628786,0.178264772704,0.152675212063,0.229134713222,0.224916393669,0.0103827679956,0.177585631176,0.197869252641,0.19011543516,0.183544807777,True,0.152675212063,0.229134713222,0.076459501159,MODEL_SPREAD_WITHIN_0.10,True,True,L1_NO_SCORE,L1_NO_SCORE,L1_NO_SCORE,1012,701,94,69,,0.19011543516,ct-s1.0-candidate,expected_runs,PENDING_CTS9,COMPACT_POINT_WITH_MODEL_LABEL
development,STRIKE|OFFENSE|3|1|1|0|9|top|TRAIL_2PLUS|AWAY|inventory=2,2,0.14881684861,0.107686867995,0.106716390169,0.15226436166,0.139060926017,0.0206333124404,0.113130430523,0.136870096749,0.132912827482,0.0913576716022,True,0.106716390169,0.15226436166,0.0455479714915,MODEL_SPREAD_WITHIN_0.10,True,True,L0_EXACT,L0_EXACT,L0_EXACT,729,505,63,45,,0.132912827482,ct-s1.0-candidate,expected_runs,PENDING_CTS9,COMPACT_POINT_WITH_MODEL_LABEL
development,STRIKE|OFFENSE|3|1|1|110|8|bottom|LEAD_2PLUS|HOME|inventory=2,2,0.216472788227,0.170120034425,0.166906663615,0.261220200623,0.215487580403,0.0120852938588,0.194363722012,0.221037805957,0.215390375476,0.232510859727,True,0.166906663615,0.261220200623,0.0943135370083,MODEL_SPREAD_WITHIN_0.10,True,True,L0_EXACT,L0_EXACT,L0_EXACT,608,411,79,49,,0.215390375476,ct-s1.0-candidate,expected_runs,PENDING_CTS9,COMPACT_POINT_WITH_MODEL_LABEL
development,STRIKE|OFFENSE|3|1|2|0|9|bottom|TRAIL_2PLUS|HOME|inventory=1,1,0.241355112855,0.168793905878,0.176476723568,0.26589493292,0.241318757531,0.0412413601415,0.20895774793,0.235788317426,0.22592619656,0.135664582422,True,0.168793905878,0.26589493292,0.0971010270412,MODEL_SPREAD_WITHIN_0.10,True,True,L0_EXACT,L0_EXACT,L0_EXACT,630,429,59,41,,0.22592619656,ct-s1.0-candidate,expected_runs,PENDING_CTS9,COMPACT_POINT_WITH_MODEL_LABEL
development,STRIKE|OFFENSE|3|1|2|0|9|bottom|TRAIL_2PLUS|HOME|inventory=2,2,0.0813373782663,0.0629446114357,0.0624500912054,0.0795495525446,0.0820470082052,0.00975389742684,0.0608270933779,0.0745562550619,0.0713113195589,0.0626661359208,True,0.0608270933779,0.0820470082052,0.0212199148273,MODEL_SPREAD_WITHIN_0.10,True,True,L0_EXACT,L0_EXACT,L0_EXACT,630,429,59,41,,0.0713113195589,ct-s1.0-candidate,expected_runs,PENDING_CTS9,COMPACT_POINT_WITH_MODEL_LABEL
development,STRIKE|OFFENSE|3|1|2|10|9|top|TRAIL_2PLUS|AWAY|inventory=1,1,0.225782985158,0.194414764381,0.178600807915,0.263098924231,0.221210653087,0.0490321701728,0.236297606195,0.227794234608,0.220338769501,0.128246652865,True,0.178600807915,0.263098924231,0.0844981163157,MODEL_SPREAD_WITHIN_0.10,True,True,L0_EXACT,L0_EXACT,L0_EXACT,627,436,63,45,,0.220338769501,ct-s1.0-candidate,expected_runs,PENDING_CTS9,COMPACT_POINT_WITH_MODEL_LABEL
development,STRIKE|OFFENSE|3|1|2|10|9|top|TRAIL_2PLUS|AWAY|inventory=2,2,0.0736238606037,0.062751879694,0.0517899037131,0.0726168507226,0.0684171591406,0.0194220060135,0.0578989402079,0.0698211840228,0.0659181435049,0.0393244141048,True,0.0517899037131,0.0736238606037,0.0218339568907,MODEL_SPREAD_WITHIN_0.10,True,True,L0_EXACT,L0_EXACT,L0_EXACT,627,436,63,45,,0.0659181435049,ct-s1.0-candidate,expected_runs,PENDING_CTS9,COMPACT_POINT_WITH_MODEL_LABEL
development,STRIKE|OFFENSE|3|1|2|110|9|bottom|TRAIL_2PLUS|HOME|inventory=1,1,0.124848069347,0.0834602632671,0.0876686942947,0.139723735406,0.124826375917,0.0189237353456,0.0851597592109,0.122725230345,0.115730840441,0.0657545163439,True,0.0834602632671,0.139723735406,0.0562634721387,MODEL_SPREAD_WITHIN_0.10,True,True,L0_EXACT,L0_EXACT,L0_EXACT,630,429,59,41,,0.115730840441,ct-s1.0-candidate,expected_runs,PENDING_CTS9,COMPACT_POINT_WITH_MODEL_LABEL
development,STRIKE|OFFENSE|3|1|2|110|9|bottom|TRAIL_2PLUS|HOME|inventory=2,2,0.0381861232225,0.0292405363886,0.0290026144414,0.0373082588699,0.0385350709187,0.00439745544455,0.0223141930865,0.0352405523675,0.0332863799132,0.029106540627,True,0.0223141930865,0.0385350709187,0.0162208778321,MODEL_SPREAD_WITHIN_0.10,True,True,L0_EXACT,L0_EXACT,L0_EXACT,630,429,59,41,,0.0332863799132,ct-s1.0-candidate,expected_runs,PENDING_CTS9,COMPACT_POINT_WITH_MODEL_LABEL
development,STRIKE|OFFENSE|3|1|2|110|9|top|TRAIL_2PLUS|AWAY|inventory=1,1,0.152789579371,0.129861412116,0.118525753094,0.180859807689,0.149410172592,0.0308999552812,0.116824588804,0.155831184159,0.148767225807,0.0833894684733,True,0.116824588804,0.180859807689,0.0640352188854,MODEL_SPREAD_WITHIN_0.10,True,True,L0_EXACT,L0_EXACT,L0_EXACT,627,436,63,45,,0.148767225807,ct-s1.0-candidate,expected_runs,PENDING_CTS9,COMPACT_POINT_WITH_MODEL_LABEL
development,STRIKE|OFFENSE|3|1|2|110|9|top|TRAIL_2PLUS|AWAY|inventory=2,2,0.0468455614164,0.0397582001379,0.0326729106832,0.0461865577487,0.0434438180951,0.0121003716891,0.0256012954552,0.044864331994,0.0418160374361,0.0246889488115,True,0.0256012954552,0.0468455614164,0.0212442659613,MODEL_SPREAD_WITHIN_0.10,True,True,L0_EXACT,L0_EXACT,L0_EXACT,627,436,63,45,,0.0418160374361,ct-s1.0-candidate,expected_runs,PENDING_CTS9,COMPACT_POINT_WITH_MODEL_LABEL
development,STRIKE|OFFENSE|3|1|2|1|9|top|TRAIL_2PLUS|AWAY|inventory=1,1,0.25427163813,0.220070509309,0.202694762086,0.294504957212,0.249308159372,0.0568567105907,0.256792463402,0.260045213247,0.248360848741,0.146761349602,True,0.202694762086,0.294504957212,0.0918101951261,MODEL_SPREAD_WITHIN_0.10,True,True,L0_EXACT,L0_EXACT,L0_EXACT,627,436,63,45,,0.248360848741,ct-s1.0-candidate,expected_runs,PENDING_CTS9,COMPACT_POINT_WITH_MODEL_LABEL
development,STRIKE|OFFENSE|3|1|2|1|9|top|TRAIL_2PLUS|AWAY|inventory=2,2,0.0850218786393,0.0725986656911,0.060026743989,0.0838730843061,0.0790779142993,0.0226338277386,0.0642218789038,0.0820838585597,0.0762213623874,0.0456741983678,True,0.060026743989,0.0850218786393,0.0249951346502,MODEL_SPREAD_WITHIN_0.10,True,True,L0_EXACT,L0_EXACT,L0_EXACT,627,436,63,45,,0.0762213623874,ct-s1.0-candidate,expected_runs,PENDING_CTS9,COMPACT_POINT_WITH_MODEL_LABEL
development,STRIKE|OFFENSE|3|2|0|0|9|bottom|TIED|HOME|inventory=1,1,0.167080721742,0.132522948161,0.127047526335,0.194954929316,0.18622623647,0.0280477577421,0.160751165665,0.16641335917,0.160210029249,0.0948584605632,True,0.127047526335,0.194954929316,0.0679074029811,MODEL_SPREAD_WITHIN_0.10,True,True,L1_NO_SCORE,L1_NO_SCORE,L1_NO_SCORE,1138,779,92,63,,0.160210029249,ct-s1.0-candidate,expected_runs,PENDING_CTS9,COMPACT_POINT_WITH_MODEL_LABEL
development,STRIKE|OFFENSE|3|2|0|0|9|bottom|TIED|HOME|inventory=2,2,0.0894525991977,0.069454724079,0.0662798284866,0.0966482174647,0.0975440500391,0.00614677246921,0.0826166973635,0.08608059703,0.0826097258551,0.0635835613323,True,0.0662798284866,0.0975440500391,0.0312642215525,MODEL_SPREAD_WITHIN_0.10,True,True,L1_NO_SCORE,L1_NO_SCORE,L1_NO_SCORE,1138,779,92,63,,0.0826097258551,ct-s1.0-candidate,expected_runs,PENDING_CTS9,COMPACT_POINT_WITH_MODEL_LABEL
development,STRIKE|OFFENSE|3|2|0|0|9|top|TRAIL_2PLUS|AWAY|inventory=1,1,0.172286841773,0.138235988674,0.130659408187,0.203183923191,0.165404065701,0.0358682059977,0.163200354511,0.170169843294,0.165111415273,0.101072497764,True,0.130659408187,0.203183923191,0.072524515004,MODEL_SPREAD_WITHIN_0.10,True,True,L0_EXACT,L0_EXACT,L0_EXACT,861,574,76,59,,0.165111415273,ct-s1.0-candidate,expected_runs,PENDING_CTS9,COMPACT_POINT_WITH_MODEL_LABEL
development,STRIKE|OFFENSE|3|2|0|0|9|top|TRAIL_2PLUS|AWAY|inventory=2,2,0.0774839243109,0.0434016673498,0.0515554431435,0.0692196163007,0.064300256372,0.00634028213619,0.0629002436054,0.0655553272165,0.0630194592206,0.0387918974009,True,0.0434016673498,0.0774839243109,0.034082256961,MODEL_SPREAD_WITHIN_0.10,True,True,L0_EXACT,L0_EXACT,L0_EXACT,861,574,76,59,,0.0630194592206,ct-s1.0-candidate,expected_runs,PENDING_CTS9,COMPACT_POINT_WITH_MODEL_LABEL
development,STRIKE|OFFENSE|3|2|1|0|9|bottom|TRAIL_2PLUS|HOME|inventory=1,1,0.153837041651,0.113818803157,0.11200516916,0.172010390398,0.148554437388,0.0225839834194,0.133829855095,0.144667974112,0.141136835781,0.0820336390461,True,0.11200516916,0.172010390398,0.0600052212376,MODEL_SPREAD_WITHIN_0.10,True,True,L0_EXACT,L0_EXACT,L0_EXACT,677,469,62,47,,0.141136835781,ct-s1.0-candidate,expected_runs,PENDING_CTS9,COMPACT_POINT_WITH_MODEL_LABEL
development,STRIKE|OFFENSE|3|2|1|0|9|bottom|TRAIL_2PLUS|HOME|inventory=2,2,0.0576438129471,0.033110991863,0.0396203311741,0.0513154038914,0.0488808725378,0.00255997678067,0.0413658161657,0.0473991140521,0.04571346259,0.0287378907154,True,0.033110991863,0.0576438129471,0.024532821084,MODEL_SPREAD_WITHIN_0.10,True,True,L0_EXACT,L0_EXACT,L0_EXACT,677,469,62,47,,0.04571346259,ct-s1.0-candidate,expected_runs,PENDING_CTS9,COMPACT_POINT_WITH_MODEL_LABEL
development,STRIKE|OFFENSE|3|2|1|0|9|top|TRAIL_2PLUS|AWAY|inventory=1,1,0.170354727943,0.142540451978,0.127151599842,0.203392900975,0.164603739738,0.038827058397,0.149318219208,0.168530795321,0.163435965528,0.103833418858,True,0.127151599842,0.203392900975,0.076241301133,MODEL_SPREAD_WITHIN_0.10,True,True,L0_EXACT,L0_EXACT,L0_EXACT,729,505,63,45,,0.163435965528,ct-s1.0-candidate,expected_runs,PENDING_CTS9,COMPACT_POINT_WITH_MODEL_LABEL
development,STRIKE|OFFENSE|3|2|1|0|9|top|TRAIL_2PLUS|AWAY|inventory=2,2,0.0763769227148,0.0539977809046,0.0534821508468,0.0783006557773,0.0709739362696,0.00986633257514,0.0567943445262,0.0696276797325,0.0675997097611,0.045395602502,True,0.0534821508468,0.0783006557773,0.0248185049304,MODEL_SPREAD_WITHIN_0.10,True,True,L0_EXACT,L0_EXACT,L0_EXACT,729,505,63,45,,0.0675997097611,ct-s1.0-candidate,expected_runs,PENDING_CTS9,COMPACT_POINT_WITH_MODEL_LABEL
development,STRIKE|OFFENSE|3|2|2|0|9|bottom|TRAIL_2PLUS|HOME|inventory=1,1,0.127805709665,0.085533256832,0.0898359716501,0.142976205823,0.127783577358,0.0194277425627,0.0969053346576,0.124235441966,0.118501740448,0.0674200826793,True,0.085533256832,0.142976205823,0.0574429489905,MODEL_SPREAD_WITHIN_0.10,True,True,L0_EXACT,L0_EXACT,L0_EXACT,630,429,59,41,,0.118501740448,ct-s1.0-candidate,expected_runs,PENDING_CTS9,COMPACT_POINT_WITH_MODEL_LABEL
development,STRIKE|OFFENSE|3|2|2|0|9|bottom|TRAIL_2PLUS|HOME|inventory=2,2,0.0391826676984,0.0300109119043,0.0297669138392,0.0382828055583,0.0395403475239,0.00451635654228,0.0256347396552,0.0357180413278,0.0341595969939,0.0298734945086,True,0.0256347396552,0.0395403475239,0.0139056078687,MODEL_SPREAD_WITHIN_0.10,True,True,L0_EXACT,L0_EXACT,L0_EXACT,630,429,59,41,,0.0341595969939,ct-s1.0-candidate,expected_runs,PENDING_CTS9,COMPACT_POINT_WITH_MODEL_LABEL
development,STRIKE|OFFENSE|3|2|2|100|9|top|TRAIL_1|AWAY|inventory=2,2,0.167612163676,0.135284154564,0.127888005375,0.202091305401,0.177802082322,0.00770090743706,0.167110304798,0.168421147857,0.165006027123,0.184925594474,True,0.127888005375,0.202091305401,0.0742033000256,MODEL_SPREAD_WITHIN_0.10,True,True,L1_NO_SCORE,L1_NO_SCORE,L1_NO_SCORE,1747,1191,176,125,,0.165006027123,ct-s1.0-candidate,expected_runs,PENDING_CTS9,COMPACT_POINT_WITH_MODEL_LABEL
development,STRIKE|OFFENSE|3|2|2|101|9|top|LEAD_2PLUS|AWAY|inventory=2,2,0.165175064516,0.113322852356,0.12041585852,0.19470342793,0.160368910648,0.00492466140814,0.164987698253,0.16168665613,0.15857836309,0.182485783804,True,0.113322852356,0.19470342793,0.0813805755744,MODEL_SPREAD_WITHIN_0.10,True,True,L0_EXACT,L0_EXACT,L0_EXACT,613,411,67,48,,0.15857836309,ct-s1.0-candidate,expected_runs,PENDING_CTS9,COMPACT_POINT_WITH_MODEL_LABEL
