called_pitches,dimension,incorrect_calls,incorrect_with_challenge_available,name,population,rate_per_available_incorrect_call,rate_per_called_pitch,rate_per_incorrect_call,survived_recognition,value
8215,base_state,528,508,,ALL,0.7322834645669292,0.045283018867924525,0.7045454545454546,372,000
298,base_state,23,22,,ALL,0.6818181818181818,0.050335570469798654,0.6521739130434783,15,001
1034,base_state,76,75,,ALL,0.64,0.04642166344294004,0.631578947368421,48,010
301,base_state,26,25,,ALL,0.44,0.036544850498338874,0.4230769230769231,11,011
2713,base_state,202,186,,ALL,0.8010752688172043,0.05492075193512717,0.7376237623762376,149,100
407,base_state,27,26,,ALL,0.6923076923076923,0.044226044226044224,0.6666666666666666,18,101
1030,base_state,64,61,,ALL,0.7704918032786885,0.04563106796116505,0.734375,47,110
312,base_state,19,18,,ALL,0.6666666666666666,0.038461538461538464,0.631578947368421,12,111
18,batter,2,2,Miguel Rojas,ALL,1.0,0.1111111111111111,1.0,2,500743
22,batter,0,0,Paul Goldschmidt,ALL,,0.0,,0,502671
44,batter,2,2,Jose Altuve,ALL,0.5,0.022727272727272728,0.5,1,514888
10,batter,0,0,Travis d'Arnaud,ALL,,0.0,,0,518595
46,batter,5,5,Freddie Freeman,ALL,0.8,0.08695652173913043,0.8,4,518692
50,batter,3,3,Salvador Perez,ALL,1.0,0.06,1.0,3,521692
14,batter,3,3,James McCann,ALL,1.0,0.21428571428571427,1.0,3,543510
39,batter,2,2,Marcus Semien,ALL,0.5,0.02564102564102564,0.5,1,543760
26,batter,5,5,George Springer,ALL,1.0,0.19230769230769232,1.0,5,543807
11,batter,0,0,Christian Vázquez,ALL,,0.0,,0,543877
35,batter,4,4,Ildemaro Vargas,ALL,1.0,0.11428571428571428,1.0,4,545121
6,batter,0,0,Randal Grichuk,ALL,,0.0,,0,545341
68,batter,3,3,Mike Trout,ALL,1.0,0.04411764705882353,1.0,3,545361
61,batter,5,5,Bryce Harper,ALL,0.6,0.04918032786885246,0.6,3,547180
43,batter,2,2,Elias Díaz,ALL,1.0,0.046511627906976744,1.0,2,553869
60,batter,3,3,Eugenio Suárez,ALL,1.0,0.05,1.0,3,553993
43,batter,9,9,Nolan Arenado,ALL,0.6666666666666666,0.13953488372093023,0.6666666666666666,6,571448
20,batter,1,1,Enrique Hernández,ALL,1.0,0.05,1.0,1,571771
8,batter,0,0,Luke Maile,ALL,,0.0,,0,571912
50,batter,1,1,Max Muncy,ALL,1.0,0.02,1.0,1,571970
46,batter,4,3,Christian Walker,ALL,0.6666666666666666,0.043478260869565216,0.5,2,572233
36,batter,5,5,Mike Yastrzemski,ALL,0.8,0.1111111111111111,0.8,4,573262
54,batter,6,6,Willson Contreras,ALL,0.8333333333333334,0.09259259259259259,0.8333333333333334,5,575929
59,batter,5,4,Manny Machado,ALL,0.5,0.03389830508474576,0.4,2,592518
27,batter,4,4,Joc Pederson,ALL,0.75,0.1111111111111111,0.75,3,592626
42,batter,5,4,J.T. Realmuto,ALL,1.0,0.09523809523809523,0.8,4,592663
31,batter,0,0,Christian Yelich,ALL,,0.0,,0,592885
41,batter,1,1,Xander Bogaerts,ALL,0.0,0.0,0.0,0,593428
27,batter,2,2,Javier Báez,ALL,0.0,0.0,0.0,0,595879
32,batter,1,1,Austin Hedges,ALL,1.0,0.03125,1.0,1,595978
54,batter,5,5,Francisco Lindor,ALL,0.8,0.07407407407407407,0.8,4,596019
4,batter,1,1,Trevor Story,ALL,1.0,0.25,1.0,1,596115
4,batter,0,0,Garrett Stubbs,ALL,,0.0,,0,596117
24,batter,0,0,Gary Sánchez,ALL,,0.0,,0,596142
23,batter,3,3,Max Kepler,ALL,0.3333333333333333,0.043478260869565216,0.3333333333333333,1,596146
29,batter,0,0,Ramón Urías,ALL,,0.0,,0,602104
47,batter,1,1,Josh Bell,ALL,1.0,0.02127659574468085,1.0,1,605137
71,batter,4,4,Mookie Betts,ALL,1.0,0.056338028169014086,1.0,4,605141
16,batter,0,0,Victor Caratini,ALL,,0.0,,0,605170
34,batter,1,1,Teoscar Hernández,ALL,1.0,0.029411764705882353,1.0,1,606192
69,batter,5,4,Brandon Nimmo,ALL,0.75,0.043478260869565216,0.6,3,607043
49,batter,0,0,Trea Turner,ALL,,0.0,,0,607208
57,batter,3,3,José Ramírez,ALL,1.0,0.05263157894736842,1.0,3,608070
59,batter,6,5,Alex Bregman,ALL,0.4,0.03389830508474576,0.3333333333333333,2,608324
32,batter,3,2,Carson Kelly,ALL,0.5,0.03125,0.3333333333333333,1,608348
38,batter,2,2,Corey Seager,ALL,0.5,0.02631578947368421,0.5,1,608369
20,batter,0,0,Luis Torrens,ALL,,0.0,,0,620443
14,batter,0,0,Tyrone Taylor,ALL,,0.0,,0,621438
16,batter,3,3,Byron Buxton,ALL,0.3333333333333333,0.0625,0.3333333333333333,1,621439
62,batter,4,4,Taylor Ward,ALL,1.0,0.06451612903225806,1.0,4,621493
10,batter,0,0,Patrick Wisdom,ALL,,0.0,,0,621550
51,batter,0,0,Matt Olson,ALL,,0.0,,0,621566
21,batter,1,1,Donovan Walton,ALL,0.0,0.0,0.0,0,622268
37,batter,2,2,Jorge Mateo,ALL,0.5,0.02702702702702703,0.5,1,622761
11,batter,1,1,Tyler Heineman,ALL,1.0,0.09090909090909091,1.0,1,623168
51,batter,6,6,Pete Alonso,ALL,0.8333333333333334,0.09803921568627451,0.8333333333333334,5,624413
26,batter,1,1,Michael Conforto,ALL,1.0,0.038461538461538464,1.0,1,624424
9,batter,1,1,Adam Frazier,ALL,0.0,0.0,0.0,0,624428
36,batter,3,3,Jose Trevino,ALL,0.0,0.0,0.0,0,624431
8,batter,0,0,Edmundo Sosa,ALL,,0.0,,0,624641
72,batter,3,3,Jake Cronenworth,ALL,0.6666666666666666,0.027777777777777776,0.6666666666666666,2,630105
18,batter,3,3,Brian Navarreto,ALL,1.0,0.16666666666666666,1.0,3,640459
7,batter,1,1,Jhonny Pereda,ALL,1.0,0.14285714285714285,1.0,1,640902
49,batter,8,8,Jake Bauers,ALL,0.75,0.12244897959183673,0.75,6,641343
42,batter,3,3,Cody Bellinger,ALL,0.3333333333333333,0.023809523809523808,0.3333333333333333,1,641355
47,batter,1,1,J.P. Crawford,ALL,1.0,0.02127659574468085,1.0,1,641487
30,batter,2,2,Jonah Heim,ALL,0.5,0.03333333333333333,0.5,1,641680
3,batter,1,1,Dominic Smith,ALL,1.0,0.3333333333333333,1.0,1,642086
16,batter,1,1,Eli White,ALL,0.0,0.0,0.0,0,642201
15,batter,2,2,Weston Wilson,ALL,1.0,0.13333333333333333,1.0,2,642215
42,batter,2,2,Jose Siri,ALL,1.0,0.047619047619047616,1.0,2,642350
12,batter,1,0,Amed Rosario,ALL,,0.0,0.0,0,642708
23,batter,3,3,Andrew Benintendi,ALL,0.6666666666666666,0.08695652173913043,0.6666666666666666,2,643217
32,batter,4,4,Mauricio Dubón,ALL,1.0,0.125,1.0,4,643289
20,batter,1,1,Danny Jansen,ALL,1.0,0.05,1.0,1,643376
19,batter,2,2,Jeff McNeil,ALL,0.5,0.05263157894736842,0.5,1,643446
52,batter,3,3,Ozzie Albies,ALL,0.6666666666666666,0.038461538461538464,0.6666666666666666,2,645277
9,batter,0,0,Ali Sánchez,ALL,,0.0,,0,645305
69,batter,3,3,Rafael Devers,ALL,1.0,0.043478260869565216,1.0,3,646240
25,batter,0,0,Josh Naylor,ALL,,0.0,,0,647304
37,batter,3,3,Luis Arraez,ALL,1.0,0.08108108108108109,1.0,3,650333
40,batter,1,1,Gleyber Torres,ALL,1.0,0.025,1.0,1,650402
61,batter,9,9,Willi Castro,ALL,0.6666666666666666,0.09836065573770492,0.6666666666666666,6,650489
54,batter,6,6,Yandy Díaz,ALL,1.0,0.1111111111111111,1.0,6,650490
14,batter,0,0,Bryan De La Cruz,ALL,,0.0,,0,650559
38,batter,2,2,Luis Rengifo,ALL,1.0,0.05263157894736842,1.0,2,650859
37,batter,1,1,Andruw Monasterio,ALL,1.0,0.02702702702702703,1.0,1,655316
5,batter,0,0,Derek Hill,ALL,,0.0,,0,656537
25,batter,3,3,Zach McKinstry,ALL,0.6666666666666666,0.08,0.6666666666666666,2,656716
37,batter,0,0,Cedric Mullins,ALL,,0.0,,0,656775
64,batter,5,5,Kyle Schwarber,ALL,0.6,0.046875,0.6,3,656941
26,batter,2,2,Lane Thomas,ALL,1.0,0.07692307692307693,1.0,2,657041
21,batter,2,2,Connor Wong,ALL,0.5,0.047619047619047616,0.5,1,657136
21,batter,1,1,Gavin Sheets,ALL,0.0,0.0,0.0,0,657757
58,batter,6,6,Shohei Ohtani,ALL,0.8333333333333334,0.08620689655172414,0.8333333333333334,5,660271
52,batter,5,4,Ronald Acuña Jr.,ALL,0.75,0.057692307692307696,0.6,3,660670
19,batter,1,0,Keibert Ruiz,ALL,,0.0,0.0,0,660688
21,batter,5,5,Jesús Sánchez,ALL,0.8,0.19047619047619047,0.8,4,660821
54,batter,9,9,William Contreras,ALL,0.6666666666666666,0.1111111111111111,0.6666666666666666,6,661388
15,batter,1,1,Brian Serven,ALL,0.0,0.0,0.0,0,661531
48,batter,5,5,Daulton Varsho,ALL,0.8,0.08333333333333333,0.8,4,662139
25,batter,1,1,Jahmai Jones,ALL,0.0,0.0,0.0,0,663330
58,batter,3,3,Lars Nootbaar,ALL,0.6666666666666666,0.034482758620689655,0.6666666666666666,2,663457
8,batter,0,0,Bryan Torres,ALL,,0.0,,0,663494
43,batter,2,2,Nico Hoerner,ALL,0.5,0.023255813953488372,0.5,1,663538
32,batter,2,2,Austin Riley,ALL,0.5,0.03125,0.5,1,663586
33,batter,1,1,Trevor Larnach,ALL,1.0,0.030303030303030304,1.0,1,663616
18,batter,0,0,Ke'Bryan Hayes,ALL,,0.0,,0,663647
43,batter,0,0,Kyle Tucker,ALL,,0.0,,0,663656
10,batter,1,1,Daz Cameron,ALL,0.0,0.0,0.0,0,663662
56,batter,3,3,Cal Raleigh,ALL,0.3333333333333333,0.017857142857142856,0.3333333333333333,1,663728
11,batter,0,0,Nick Fortes,ALL,,0.0,,0,663743
76,batter,8,8,Trent Grisham,ALL,0.875,0.09210526315789473,0.875,7,663757
58,batter,5,5,Tyler Stephenson,ALL,0.8,0.06896551724137931,0.8,4,663886
43,batter,3,3,Jake Mangum,ALL,0.3333333333333333,0.023255813953488372,0.3333333333333333,1,663968
44,batter,1,1,Nathaniel Lowe,ALL,1.0,0.022727272727272728,1.0,1,663993
49,batter,3,3,Ian Happ,ALL,0.6666666666666666,0.04081632653061224,0.6666666666666666,2,664023
51,batter,3,3,Ty France,ALL,0.6666666666666666,0.0392156862745098,0.6666666666666666,2,664034
47,batter,4,4,Brandon Lowe,ALL,1.0,0.0851063829787234,1.0,4,664040
40,batter,4,4,Myles Straw,ALL,0.5,0.05,0.5,2,664702
34,batter,3,3,Kyle Isbel,ALL,0.3333333333333333,0.029411764705882353,0.3333333333333333,1,664728
42,batter,3,3,Alec Bohm,ALL,0.6666666666666666,0.047619047619047616,0.6666666666666666,2,664761
42,batter,2,2,Nathan Lukes,ALL,1.0,0.047619047619047616,1.0,2,664770
21,batter,2,2,LaMonte Wade Jr.,ALL,0.5,0.047619047619047616,0.5,1,664774
23,batter,3,3,Brett Sullivan,ALL,1.0,0.13043478260869565,1.0,3,664954
35,batter,3,2,Jake McCarthy,ALL,0.5,0.02857142857142857,0.3333333333333333,1,664983
51,batter,4,3,Kody Clemens,ALL,0.3333333333333333,0.0196078431372549,0.25,1,665019
39,batter,2,2,Griffin Conine,ALL,1.0,0.05128205128205128,1.0,2,665052
42,batter,0,0,Jeremy Peña,ALL,,0.0,,0,665161
37,batter,3,3,Fernando Tatis Jr.,ALL,0.6666666666666666,0.05405405405405406,0.6666666666666666,2,665487
49,batter,1,1,Vladimir Guerrero Jr.,ALL,1.0,0.02040816326530612,1.0,1,665489
2,batter,0,0,Cristian Pache,ALL,,0.0,,0,665506
23,batter,2,2,Juan Soto,ALL,1.0,0.08695652173913043,1.0,2,665742
59,batter,4,4,Leody Taveras,ALL,0.75,0.05084745762711865,0.75,3,665750
7,batter,0,0,Miguel Amaya,ALL,,0.0,,0,665804
65,batter,5,5,Oneil Cruz,ALL,1.0,0.07692307692307693,1.0,5,665833
51,batter,0,0,Jazz Chisholm Jr.,ALL,,0.0,,0,665862
56,batter,5,4,José Fermín,ALL,1.0,0.07142857142857142,0.8,4,665877
30,batter,3,3,Esteury Ruiz,ALL,0.3333333333333333,0.03333333333333333,0.3333333333333333,1,665923
17,batter,0,0,Andrés Giménez,ALL,,0.0,,0,665926
34,batter,5,4,Andrés Chaparro,ALL,1.0,0.11764705882352941,0.8,4,665953
29,batter,0,0,Carlos Narváez,ALL,,0.0,,0,665966
52,batter,3,3,Jonathan Aranda,ALL,0.6666666666666666,0.038461538461538464,0.6666666666666666,2,666018
26,batter,0,0,Freddy Fermin,ALL,,0.0,,0,666023
36,batter,3,3,Carlos Cortes,ALL,0.3333333333333333,0.027777777777777776,0.3333333333333333,1,666126
38,batter,0,0,Josh Lowe,ALL,,0.0,,0,666139
38,batter,5,5,David Hamilton,ALL,1.0,0.13157894736842105,1.0,5,666152
29,batter,2,1,Mickey Moniak,ALL,1.0,0.034482758620689655,0.5,1,666160
13,batter,0,0,Ben Rortvedt,ALL,,0.0,,0,666163
48,batter,3,3,Jo Adell,ALL,1.0,0.0625,1.0,3,666176
42,batter,3,3,Bo Bichette,ALL,0.6666666666666666,0.047619047619047616,0.6666666666666666,2,666182
33,batter,3,3,Taylor Trammell,ALL,1.0,0.09090909090909091,1.0,3,666211
23,batter,1,1,Christopher Morel,ALL,1.0,0.043478260869565216,1.0,1,666624
1,batter,0,0,Corey Julks,ALL,,0.0,,0,667452
41,batter,4,4,Dane Myers,ALL,0.5,0.04878048780487805,0.5,2,667472
79,batter,6,6,Randy Arozarena,ALL,1.0,0.0759493670886076,1.0,6,668227
22,batter,2,2,Jake Rogers,ALL,1.0,0.09090909090909091,1.0,2,668670
64,batter,8,8,JJ Bleday,ALL,0.375,0.046875,0.375,3,668709
16,batter,1,1,Ryan Vilade,ALL,1.0,0.0625,1.0,1,668723
15,batter,1,1,Andrew Knizner,ALL,1.0,0.06666666666666667,1.0,1,668800
49,batter,4,3,Bryan Reynolds,ALL,0.3333333333333333,0.02040816326530612,0.25,1,668804
28,batter,4,3,Royce Lewis,ALL,1.0,0.10714285714285714,0.75,3,668904
62,batter,4,4,Brice Turang,ALL,0.75,0.04838709677419355,0.75,3,668930
52,batter,4,4,Adley Rutschman,ALL,0.5,0.038461538461538464,0.5,2,668939
24,batter,1,1,Josh Rojas,ALL,1.0,0.041666666666666664,1.0,1,668942
14,batter,1,1,Ryan Kreidler,ALL,0.0,0.0,0.0,0,668952
34,batter,5,5,Garrett Mitchell,ALL,0.8,0.11764705882352941,0.8,4,669003
37,batter,2,2,Brandon Marsh,ALL,1.0,0.05405405405405406,1.0,2,669016
40,batter,4,3,Kyle Stowers,ALL,0.6666666666666666,0.05,0.5,2,669065
21,batter,0,0,Luis Campusano,ALL,,0.0,,0,669134
22,batter,1,1,Sean Murphy,ALL,1.0,0.045454545454545456,1.0,1,669221
59,batter,2,2,Austin Wells,ALL,0.0,0.0,0.0,0,669224
53,batter,4,4,Tommy Edman,ALL,0.25,0.018867924528301886,0.25,1,669242
9,batter,0,0,Bryce Teodosio,ALL,,0.0,,0,669326
41,batter,2,2,Nolan Gorman,ALL,0.5,0.024390243902439025,0.5,1,669357
51,batter,3,3,Xavier Edwards,ALL,0.6666666666666666,0.0392156862745098,0.6666666666666666,2,669364
3,batter,0,0,Samad Taylor,ALL,,0.0,,0,669392
51,batter,3,3,Jake Burger,ALL,0.3333333333333333,0.0196078431372549,0.3333333333333333,1,669394
15,batter,1,1,Nick Allen,ALL,1.0,0.06666666666666667,1.0,1,669397
54,batter,1,1,Jared Triolo,ALL,1.0,0.018518518518518517,1.0,1,669707
11,batter,2,2,Austin Hays,ALL,1.0,0.18181818181818182,1.0,2,669720
20,batter,0,0,Alex Call,ALL,,0.0,,0,669743
7,batter,0,0,Nicky Lopez,ALL,,0.0,,0,670032
50,batter,4,4,John Rave,ALL,1.0,0.08,1.0,4,670231
53,batter,4,4,Yordan Alvarez,ALL,0.75,0.05660377358490566,0.75,3,670541
78,batter,3,3,Isaac Paredes,ALL,1.0,0.038461538461538464,1.0,3,670623
44,batter,4,4,Taylor Walls,ALL,1.0,0.09090909090909091,1.0,4,670764
21,batter,1,1,TJ Friedl,ALL,1.0,0.047619047619047616,1.0,1,670770
74,batter,3,3,Iván Herrera,ALL,0.6666666666666666,0.02702702702702703,0.6666666666666666,2,671056
19,batter,1,1,Buddy Kennedy,ALL,1.0,0.05263157894736842,1.0,1,671083
8,batter,0,0,Ivan Johnson,ALL,,0.0,,0,671155
35,batter,2,2,Heliot Ramos,ALL,1.0,0.05714285714285714,1.0,2,671218
46,batter,2,1,Luis García Jr.,ALL,1.0,0.021739130434782608,0.5,1,671277
72,batter,3,2,Lawrence Butler,ALL,0.0,0.0,0.0,0,671732
39,batter,2,2,Michael Harris II,ALL,1.0,0.05128205128205128,1.0,2,671739
41,batter,2,2,Tristan Peters,ALL,1.0,0.04878048780487805,1.0,2,671976
24,batter,1,1,Patrick Bailey,ALL,1.0,0.041666666666666664,1.0,1,672275
3,batter,0,0,Gabriel Arias,ALL,,0.0,,0,672356
37,batter,1,1,Alejandro Kirk,ALL,1.0,0.02702702702702703,1.0,1,672386
70,batter,6,6,Gabriel Moreno,ALL,0.8333333333333334,0.07142857142857142,0.8333333333333334,5,672515
12,batter,1,1,Gustavo Campero,ALL,1.0,0.08333333333333333,1.0,1,672569
46,batter,3,3,Otto Lopez,ALL,1.0,0.06521739130434782,1.0,3,672640
90,batter,6,6,Geraldo Perdomo,ALL,0.6666666666666666,0.044444444444444446,0.6666666666666666,4,672695
22,batter,2,2,Oswald Peraza,ALL,0.5,0.045454545454545456,0.5,1,672724
53,batter,5,5,Kazuma Okamoto,ALL,0.8,0.07547169811320754,0.8,4,672960
23,batter,2,1,Yainer Diaz,ALL,0.0,0.0,0.0,0,673237
34,batter,1,1,Luis Robert Jr.,ALL,1.0,0.029411764705882353,1.0,1,673357
24,batter,1,1,Ha-Seong Kim,ALL,0.0,0.0,0.0,0,673490
78,batter,6,6,Seiya Suzuki,ALL,0.6666666666666666,0.05128205128205128,0.6666666666666666,4,673548
18,batter,3,3,Alika Williams,ALL,0.6666666666666666,0.1111111111111111,0.6666666666666666,2,675961
38,batter,3,3,Jonny DeLuca,ALL,0.6666666666666666,0.05263157894736842,0.6666666666666666,2,676356
20,batter,1,1,Nelson Velázquez,ALL,1.0,0.05,1.0,1,676369
25,batter,0,0,Ernie Clement,ALL,,0.0,,0,676391
26,batter,0,0,Hunter Feduccia,ALL,,0.0,,0,676439
46,batter,3,3,Alec Burleson,ALL,0.3333333333333333,0.021739130434782608,0.3333333333333333,1,676475
2,batter,0,0,Eric Wagaman,ALL,,0.0,,0,676572
40,batter,4,3,José Caballero,ALL,0.6666666666666666,0.05,0.5,2,676609
42,batter,2,2,Jared Young,ALL,0.5,0.023809523809523808,0.5,1,676724
28,batter,4,4,Brayan Rocchio,ALL,1.0,0.14285714285714285,1.0,4,677587
21,batter,0,0,José Tena,ALL,,0.0,,0,677588
53,batter,3,2,Julio Rodríguez,ALL,1.0,0.03773584905660377,0.6666666666666666,2,677594
54,batter,5,5,Ezequiel Duran,ALL,0.4,0.037037037037037035,0.4,2,677649
73,batter,4,4,Wilyer Abreu,ALL,0.5,0.0273972602739726,0.5,2,677800
41,batter,2,2,Leo Jiménez,ALL,1.0,0.04878048780487805,1.0,2,677870
10,batter,0,0,Blaze Alexander,ALL,,0.0,,0,677942
16,batter,0,0,Alek Thomas,ALL,,0.0,,0,677950
54,batter,3,3,Bobby Witt Jr.,ALL,0.6666666666666666,0.037037037037037035,0.6666666666666666,2,677951
38,batter,6,5,Anthony Seigler,ALL,0.6,0.07894736842105263,0.5,3,678011
11,batter,0,0,Brandon Valenzuela,ALL,,0.0,,0,678218
79,batter,9,9,Miguel Vargas,ALL,0.6666666666666666,0.0759493670886076,0.6666666666666666,6,678246
53,batter,5,4,Jorbit Vivas,ALL,0.5,0.03773584905660377,0.4,2,678391
36,batter,2,2,Osleivis Basabe,ALL,0.5,0.027777777777777776,0.5,1,678545
32,batter,1,1,Ezequiel Tovar,ALL,0.0,0.0,0.0,0,678662
38,batter,3,3,Ceddanne Rafaela,ALL,1.0,0.07894736842105263,1.0,3,678882
36,batter,1,1,Spencer Torkelson,ALL,1.0,0.027777777777777776,1.0,1,679529
31,batter,1,1,Justin Foscue,ALL,0.0,0.0,0.0,0,679822
32,batter,1,1,Nick Loftin,ALL,1.0,0.03125,1.0,1,679845
38,batter,3,3,Matt McLain,ALL,1.0,0.07894736842105263,1.0,3,680574
13,batter,1,1,Eduardo Valencia,ALL,1.0,0.07692307692307693,1.0,1,680664
23,batter,1,1,Richie Palacios,ALL,1.0,0.043478260869565216,1.0,1,680700
71,batter,7,7,Steven Kwan,ALL,0.8571428571428571,0.08450704225352113,0.8571428571428571,6,680757
29,batter,1,1,Jarren Duran,ALL,0.0,0.0,0.0,0,680776
60,batter,3,2,Ryan Jeffers,ALL,1.0,0.03333333333333333,0.6666666666666666,2,680777
5,batter,0,0,Henry Davis,ALL,,0.0,,0,680779
62,batter,4,4,Zack Gelof,ALL,0.75,0.04838709677419355,0.75,3,680869
21,batter,3,3,Christian Franklin,ALL,0.6666666666666666,0.09523809523809523,0.6666666666666666,2,681047
57,batter,7,7,Bryson Stott,ALL,1.0,0.12280701754385964,1.0,7,681082
102,batter,8,8,TJ Rumfield,ALL,0.875,0.06862745098039216,0.875,7,681198
45,batter,1,1,Colton Cowser,ALL,1.0,0.022222222222222223,1.0,1,681297
13,batter,1,1,Logan O'Hoppe,ALL,1.0,0.07692307692307693,1.0,1,681351
64,batter,3,3,Connor Norby,ALL,0.6666666666666666,0.03125,0.6666666666666666,2,681393
42,batter,2,2,Mickey Gasper,ALL,1.0,0.047619047619047616,1.0,2,681508
65,batter,5,5,Heriberto Hernández,ALL,1.0,0.07692307692307693,1.0,5,681715
11,batter,0,0,David Fry,ALL,,0.0,,0,681807
19,batter,2,2,Francisco Alvarez,ALL,0.0,0.0,0.0,0,682626
34,batter,3,3,Angel Martínez,ALL,0.6666666666666666,0.058823529411764705,0.6666666666666666,2,682657
35,batter,4,4,Agustín Ramírez,ALL,1.0,0.11428571428571428,1.0,4,682663
6,batter,1,1,Luisangel Acuña,ALL,1.0,0.16666666666666666,1.0,1,682668
64,batter,3,3,Elly De La Cruz,ALL,0.6666666666666666,0.03125,0.6666666666666666,2,682829
54,batter,0,0,CJ Abrams,ALL,,0.0,,0,682928
35,batter,1,1,Spencer Jones,ALL,1.0,0.02857142857142857,1.0,1,682987
76,batter,6,6,Corbin Carroll,ALL,0.8333333333333334,0.06578947368421052,0.8333333333333334,5,682998
42,batter,3,3,Gunnar Henderson,ALL,0.6666666666666666,0.047619047619047616,0.6666666666666666,2,683002
8,batter,1,1,Michael Stefanic,ALL,1.0,0.125,1.0,1,683021
28,batter,4,3,Nasim Nuñez,ALL,0.6666666666666666,0.07142857142857142,0.5,2,683083
6,batter,0,0,Matthew Lugo,ALL,,0.0,,0,683090
31,batter,3,2,Brett Baty,ALL,1.0,0.06451612903225806,0.6666666666666666,2,683146
63,batter,4,4,Cody Freeman,ALL,1.0,0.06349206349206349,1.0,4,683227
17,batter,4,4,Owen Caissie,ALL,0.75,0.17647058823529413,0.75,3,683357
45,batter,1,1,Andrew Vaughn,ALL,1.0,0.022222222222222223,1.0,1,683734
62,batter,5,5,Michael Busch,ALL,0.8,0.06451612903225806,0.8,4,683737
52,batter,2,2,Christian Koss,ALL,1.0,0.038461538461538464,1.0,2,683766
29,batter,1,1,Travis Bazzana,ALL,0.0,0.0,0.0,0,683953
24,batter,1,1,Wade Meckler,ALL,1.0,0.041666666666666664,1.0,1,685133
37,batter,3,3,Sal Frelick,ALL,1.0,0.08108108108108109,1.0,3,686217
41,batter,1,1,Vinnie Pasquantino,ALL,1.0,0.024390243902439025,1.0,1,686469
22,batter,1,1,Tyler Tolbert,ALL,1.0,0.045454545454545456,1.0,1,686475
43,batter,2,2,Dominic Canzone,ALL,1.0,0.046511627906976744,1.0,2,686527
47,batter,4,4,Isaac Collins,ALL,0.75,0.06382978723404255,0.75,3,686555
64,batter,4,4,Dylan Crews,ALL,0.5,0.03125,0.5,2,686611
16,batter,0,0,Brenton Doyle,ALL,,0.0,,0,686668
8,batter,1,1,Michael Massey,ALL,1.0,0.125,1.0,1,686681
66,batter,4,4,Nick Sogard,ALL,0.5,0.030303030303030304,0.5,2,686765
12,batter,1,1,Pedro Pagés,ALL,1.0,0.08333333333333333,1.0,1,686780
38,batter,6,5,Brooks Lee,ALL,0.8,0.10526315789473684,0.6666666666666666,4,686797
53,batter,1,1,Drake Baldwin,ALL,1.0,0.018867924528301886,1.0,1,686948
46,batter,1,1,Vaughn Grissom,ALL,1.0,0.021739130434782608,1.0,1,687093
6,batter,0,0,Darell Hernaiz,ALL,,0.0,,0,687231
48,batter,5,5,Zach Neto,ALL,0.8,0.08333333333333333,0.8,4,687263
38,batter,2,2,Joey Ortiz,ALL,1.0,0.05263157894736842,1.0,2,687401
59,batter,4,4,Spencer Horwitz,ALL,1.0,0.06779661016949153,1.0,4,687462
23,batter,2,2,Grant McCray,ALL,0.5,0.043478260869565216,0.5,1,687529
50,batter,3,3,Drew Gilbert,ALL,1.0,0.06,1.0,3,687551
21,batter,1,1,Jordan Beck,ALL,1.0,0.047619047619047616,1.0,1,687597
4,batter,1,1,Andrew Pinckney,ALL,0.0,0.0,0.0,0,687605
55,batter,3,2,Dylan Beavers,ALL,1.0,0.03636363636363636,0.6666666666666666,2,687637
5,batter,2,2,Jase Bowen,ALL,0.5,0.2,0.5,1,687749
29,batter,3,3,Troy Johnston,ALL,1.0,0.10344827586206896,1.0,3,687859
39,batter,0,0,Christian Encarnacion-Strand,ALL,,0.0,,0,687952
10,batter,2,2,Dustin Harris,ALL,1.0,0.2,1.0,2,687957
27,batter,0,0,Liam Hicks,ALL,,0.0,,0,689414
23,batter,0,0,Ryan Ritter,ALL,,0.0,,0,690022
2,batter,0,0,Braxton Fulford,ALL,,0.0,,0,690924
18,batter,1,1,Petey Halpin,ALL,1.0,0.05555555555555555,1.0,1,690984
38,batter,4,4,Colt Keith,ALL,0.5,0.05263157894736842,0.5,2,690993
34,batter,1,1,Drew Romo,ALL,0.0,0.0,0.0,0,691011
38,batter,6,6,Jordan Walker,ALL,0.16666666666666666,0.02631578947368421,0.16666666666666666,1,691023
62,batter,5,5,Junior Caminero,ALL,1.0,0.08064516129032258,1.0,5,691406
9,batter,0,0,Blaze Jordan,ALL,,0.0,,0,691458
52,batter,1,1,Javier Sanoja,ALL,1.0,0.019230769230769232,1.0,1,691594
57,batter,5,5,Pete Crow-Armstrong,ALL,0.4,0.03508771929824561,0.4,2,691718
46,batter,0,0,Coby Mayo,ALL,,0.0,,0,691723
16,batter,0,0,Zac Veen,ALL,,0.0,,0,691728
19,batter,0,0,Max Muncy,ALL,,0.0,,0,691777
41,batter,1,0,Brady House,ALL,,0.0,0.0,0,691781
27,batter,3,3,Jordan Lawlar,ALL,1.0,0.1111111111111111,1.0,3,691783
24,batter,1,1,Joe Mack,ALL,1.0,0.041666666666666664,1.0,1,691788
50,batter,4,4,Nick Gonzales,ALL,0.5,0.04,0.5,2,693304
44,batter,6,6,Dillon Dingler,ALL,0.6666666666666666,0.09090909090909091,0.6666666666666666,4,693307
44,batter,3,3,Jackson Chourio,ALL,0.6666666666666666,0.045454545454545456,0.6666666666666666,2,694192
48,batter,6,6,Angel Genao,ALL,0.8333333333333334,0.10416666666666667,0.8333333333333334,5,694197
51,batter,1,1,Denzer Guzman,ALL,1.0,0.0196078431372549,1.0,1,694203
41,batter,0,0,Moisés Ballesteros,ALL,,0.0,,0,694208
34,batter,1,1,Samuel Basallo,ALL,0.0,0.0,0.0,0,694212
52,batter,3,2,Cole Carrigg,ALL,0.5,0.019230769230769232,0.3333333333333333,1,694249
63,batter,3,3,Tim Tawa,ALL,1.0,0.047619047619047616,1.0,3,694374
40,batter,2,2,Shay Whitcomb,ALL,0.5,0.025,0.5,1,694376
19,batter,1,1,Nick Yorke,ALL,0.0,0.0,0.0,0,694377
28,batter,3,3,Jacob Gonzalez,ALL,1.0,0.10714285714285714,1.0,3,694378
36,batter,1,1,Evan Carter,ALL,0.0,0.0,0.0,0,694497
73,batter,4,4,Wyatt Langford,ALL,1.0,0.0547945205479452,1.0,4,694671
41,batter,0,0,Abimelec Ortiz,ALL,,0.0,,0,694673
6,batter,0,0,Thomas Saggese,ALL,,0.0,,0,695336
3,batter,0,0,Edwin Arroyo,ALL,,0.0,,0,695490
27,batter,2,2,Joshua Báez,ALL,0.5,0.037037037037037035,0.5,1,695491
32,batter,3,3,Jac Caglianone,ALL,0.6666666666666666,0.0625,0.6666666666666666,2,695506
84,batter,5,5,Carter Jensen,ALL,0.6,0.03571428571428571,0.6,3,695600
41,batter,2,2,Colson Montgomery,ALL,0.5,0.024390243902439025,0.5,1,695657
32,batter,2,2,Harry Ford,ALL,0.5,0.03125,0.5,1,695670
64,batter,2,2,Christian Moore,ALL,0.5,0.015625,0.5,1,695681
39,batter,4,4,Tommy White,ALL,1.0,0.10256410256410256,1.0,4,695720
45,batter,3,3,Braden Montgomery,ALL,0.3333333333333333,0.022222222222222223,0.3333333333333333,1,695731
60,batter,3,2,Daylen Lile,ALL,1.0,0.03333333333333333,0.6666666666666666,2,695734
37,batter,4,3,Hunter Goodman,ALL,0.6666666666666666,0.05405405405405406,0.5,2,696100
29,batter,2,1,Jacob Young,ALL,0.0,0.0,0.0,0,696285
42,batter,3,2,Esmerlyn Valdez,ALL,1.0,0.047619047619047616,0.6666666666666666,2,699013
34,batter,1,1,Héctor Rodríguez,ALL,1.0,0.029411764705882353,1.0,1,699302
54,batter,2,1,Pedro Ramírez,ALL,0.0,0.0,0.0,0,699393
20,batter,3,3,Jimmy Crooks,ALL,0.6666666666666666,0.1,0.6666666666666666,2,699625
25,batter,3,3,Jose Fernandez,ALL,0.6666666666666666,0.08,0.6666666666666666,2,699912
60,batter,7,7,Ben Rice,ALL,0.5714285714285714,0.06666666666666667,0.5714285714285714,4,700250
3,batter,0,0,Kenny Piper,ALL,,0.0,,0,700652
21,batter,1,1,Ben Malgeri,ALL,1.0,0.047619047619047616,1.0,1,701162
9,batter,0,0,Roman Anthony,ALL,,0.0,,0,701350
26,batter,0,0,Cam Smith,ALL,,0.0,,0,701358
50,batter,4,4,Sal Stewart,ALL,0.5,0.04,0.5,2,701398
35,batter,1,1,Jackson Merrill,ALL,1.0,0.02857142857142857,1.0,1,701538
38,batter,6,6,Nathan Church,ALL,1.0,0.15789473684210525,1.0,6,701675
62,batter,4,3,Hao-Yu Lee,ALL,1.0,0.04838709677419355,0.75,3,701678
43,batter,2,2,Kaelen Culpepper,ALL,0.5,0.023255813953488372,0.5,1,701785
57,batter,3,3,Carson Benge,ALL,0.6666666666666666,0.03508771929824561,0.6666666666666666,2,701807
39,batter,3,3,Drew Cavanaugh,ALL,0.3333333333333333,0.02564102564102564,0.3333333333333333,1,701852
6,batter,1,1,Alan Roden,ALL,1.0,0.16666666666666666,1.0,1,702176
43,batter,2,2,Justin Crawford,ALL,0.5,0.023255813953488372,0.5,1,702222
35,batter,4,3,Cole Young,ALL,0.0,0.0,0.0,0,702284
50,batter,6,5,Caleb Durbin,ALL,0.8,0.08,0.6666666666666666,4,702332
41,batter,2,1,Jackson Holliday,ALL,0.0,0.0,0.0,0,702616
63,batter,8,8,Brett Bateman,ALL,1.0,0.12698412698412698,1.0,8,703520
36,batter,4,3,Max Clark,ALL,0.3333333333333333,0.027777777777777776,0.25,1,703601
46,batter,6,5,Henry Bolte,ALL,0.6,0.06521739130434782,0.5,3,703607
30,batter,2,2,Chase DeLauter,ALL,1.0,0.06666666666666667,1.0,2,800050
40,batter,2,2,Luis Lara,ALL,1.0,0.05,1.0,2,800325
32,batter,2,2,Brock Rodden,ALL,0.5,0.03125,0.5,1,801126
23,batter,3,3,Nate Furman,ALL,0.6666666666666666,0.08695652173913043,0.6666666666666666,2,801501
43,batter,1,1,JJ Wetherholt,ALL,1.0,0.023255813953488372,1.0,1,802139
33,batter,1,1,Chandler Simpson,ALL,1.0,0.030303030303030304,1.0,1,802415
64,batter,5,4,Sam Antonacci,ALL,0.75,0.046875,0.6,3,803011
44,batter,0,0,Rafael Flores Jr.,ALL,,0.0,,0,804668
50,batter,4,4,Jakob Marsee,ALL,0.75,0.06,0.75,3,805300
48,batter,5,4,Chase Meidroth,ALL,1.0,0.08333333333333333,0.8,4,805367
15,batter,0,0,Walker Jenkins,ALL,,0.0,,0,805805
52,batter,4,4,Kevin McGonigle,ALL,0.75,0.057692307692307696,0.75,3,805808
34,batter,3,3,Bryce Eldridge,ALL,0.3333333333333333,0.029411764705882353,0.3333333333333333,1,805811
43,batter,1,1,A.J. Ewing,ALL,1.0,0.023255813953488372,1.0,1,805999
38,batter,3,3,George Lombard Jr.,ALL,0.6666666666666666,0.05263157894736842,0.6666666666666666,2,806146
23,batter,1,1,Cooper Pratt,ALL,1.0,0.043478260869565216,1.0,1,806198
62,batter,5,5,Turner Hill,ALL,0.6,0.04838709677419355,0.6,3,806367
55,batter,7,7,Luke Keaschall,ALL,0.7142857142857143,0.09090909090909091,0.7142857142857143,5,807712
9,batter,0,0,Matt Shaw,ALL,,0.0,,0,807713
20,batter,2,2,Charles McAdoo,ALL,1.0,0.1,1.0,2,807727
74,batter,8,8,Munetaka Murakami,ALL,0.5,0.05405405405405406,0.5,4,808959
38,batter,1,1,Jung Hoo Lee,ALL,1.0,0.02631578947368421,1.0,1,808982
28,batter,3,3,Jonah Cox,ALL,1.0,0.10714285714285714,1.0,3,813841
14,batter,0,0,Brett Callahan,ALL,,0.0,,0,814430
30,batter,3,3,Ryan Waldschmidt,ALL,0.3333333333333333,0.03333333333333333,0.3333333333333333,1,814439
8,batter,0,0,Sung-Mun Song,ALL,,0.0,,0,823550
153,catcher,8,8,Travis d'Arnaud,ALL,0.875,0.0457516339869281,0.875,7,518595
246,catcher,19,19,James McCann,ALL,0.631578947368421,0.04878048780487805,0.631578947368421,12,543510
135,catcher,8,8,Christian Vázquez,ALL,0.75,0.044444444444444446,0.75,6,543877
268,catcher,21,20,Elias Díaz,ALL,0.8,0.05970149253731343,0.7619047619047619,16,553869
89,catcher,4,4,Luke Maile,ALL,0.5,0.02247191011235955,0.5,2,571912
399,catcher,14,14,J.T. Realmuto,ALL,0.9285714285714286,0.03258145363408521,0.9285714285714286,13,592663
304,catcher,14,14,Austin Hedges,ALL,0.7857142857142857,0.03618421052631579,0.7857142857142857,11,595978
84,catcher,6,6,Garrett Stubbs,ALL,0.5,0.03571428571428571,0.5,3,596117
153,catcher,6,6,Gary Sánchez,ALL,0.8333333333333334,0.032679738562091505,0.8333333333333334,5,596142
138,catcher,14,12,Victor Caratini,ALL,0.6666666666666666,0.057971014492753624,0.5714285714285714,8,605170
313,catcher,29,29,Carson Kelly,ALL,0.6206896551724138,0.05750798722044728,0.6206896551724138,18,608348
236,catcher,14,14,Luis Torrens,ALL,0.6428571428571429,0.038135593220338986,0.6428571428571429,9,620443
171,catcher,10,9,Tyler Heineman,ALL,1.0,0.05263157894736842,0.9,9,623168
337,catcher,19,19,Jose Trevino,ALL,0.5789473684210527,0.032640949554896145,0.5789473684210527,11,624431
179,catcher,16,15,Brian Navarreto,ALL,0.7333333333333333,0.061452513966480445,0.6875,11,640459
69,catcher,7,7,Jhonny Pereda,ALL,0.5714285714285714,0.057971014492753624,0.5714285714285714,4,640902
291,catcher,13,13,Jonah Heim,ALL,0.6153846153846154,0.027491408934707903,0.6153846153846154,8,641680
259,catcher,18,18,Danny Jansen,ALL,0.8333333333333334,0.05791505791505792,0.8333333333333334,15,643376
111,catcher,6,6,Ali Sánchez,ALL,0.8333333333333334,0.04504504504504504,0.8333333333333334,5,645305
17,catcher,1,1,Yohel Pozo,ALL,0.0,0.0,0.0,0,650968
239,catcher,21,20,Connor Wong,ALL,0.85,0.07112970711297072,0.8095238095238095,17,657136
252,catcher,15,14,Keibert Ruiz,ALL,0.6428571428571429,0.03571428571428571,0.6,9,660688
273,catcher,12,12,William Contreras,ALL,0.5833333333333334,0.02564102564102564,0.5833333333333334,7,661388
147,catcher,13,13,Brian Serven,ALL,0.6153846153846154,0.05442176870748299,0.6153846153846154,8,661531
351,catcher,30,30,Cal Raleigh,ALL,0.9,0.07692307692307693,0.9,27,663728
143,catcher,5,5,Nick Fortes,ALL,0.6,0.02097902097902098,0.6,3,663743
127,catcher,9,9,Tyler Stephenson,ALL,0.6666666666666666,0.047244094488188976,0.6666666666666666,6,663886
216,catcher,13,9,Brett Sullivan,ALL,0.7777777777777778,0.032407407407407406,0.5384615384615384,7,664954
137,catcher,8,8,Miguel Amaya,ALL,0.875,0.051094890510948905,0.875,7,665804
258,catcher,18,17,Carlos Narváez,ALL,0.6470588235294118,0.04263565891472868,0.6111111111111112,11,665966
330,catcher,25,24,Freddy Fermin,ALL,0.875,0.06363636363636363,0.84,21,666023
184,catcher,15,15,Ben Rortvedt,ALL,0.7333333333333333,0.059782608695652176,0.7333333333333333,11,666163
171,catcher,10,9,Jake Rogers,ALL,0.5555555555555556,0.029239766081871343,0.5,5,668670
198,catcher,22,22,Andrew Knizner,ALL,0.6363636363636364,0.0707070707070707,0.6363636363636364,14,668800
318,catcher,27,24,Adley Rutschman,ALL,0.625,0.04716981132075472,0.5555555555555556,15,668939
148,catcher,9,8,Luis Campusano,ALL,0.625,0.033783783783783786,0.5555555555555556,5,669134
287,catcher,17,17,Sean Murphy,ALL,0.5294117647058824,0.0313588850174216,0.5294117647058824,9,669221
436,catcher,28,25,Austin Wells,ALL,0.64,0.03669724770642202,0.5714285714285714,16,669224
192,catcher,8,8,Iván Herrera,ALL,0.75,0.03125,0.75,6,671056
177,catcher,10,10,Patrick Bailey,ALL,0.5,0.02824858757062147,0.5,5,672275
333,catcher,23,21,Alejandro Kirk,ALL,0.8571428571428571,0.05405405405405406,0.782608695652174,18,672386
300,catcher,17,17,Gabriel Moreno,ALL,0.7058823529411765,0.04,0.7058823529411765,12,672515
313,catcher,19,18,Yainer Diaz,ALL,0.8333333333333334,0.04792332268370607,0.7894736842105263,15,673237
244,catcher,15,13,Hunter Feduccia,ALL,0.6923076923076923,0.036885245901639344,0.6,9,676439
11,catcher,3,0,Will Banfield,ALL,,0.0,0.0,0,677943
154,catcher,11,11,Brandon Valenzuela,ALL,0.8181818181818182,0.05844155844155844,0.8181818181818182,9,678218
68,catcher,3,3,Eduardo Valencia,ALL,1.0,0.04411764705882353,1.0,3,680664
261,catcher,21,20,Ryan Jeffers,ALL,0.55,0.0421455938697318,0.5238095238095238,11,680777
103,catcher,6,6,Henry Davis,ALL,0.6666666666666666,0.038834951456310676,0.6666666666666666,4,680779
253,catcher,22,22,Francisco Alvarez,ALL,0.8636363636363636,0.07509881422924901,0.8636363636363636,19,682626
95,catcher,4,4,Pedro Pagés,ALL,0.75,0.031578947368421054,0.75,3,686780
119,catcher,7,7,Drake Baldwin,ALL,1.0,0.058823529411764705,1.0,7,686948
208,catcher,15,14,Liam Hicks,ALL,0.6428571428571429,0.04326923076923077,0.6,9,689414
341,catcher,32,28,Drew Romo,ALL,0.7142857142857143,0.05865102639296188,0.625,20,691011
272,catcher,16,16,Joe Mack,ALL,0.4375,0.025735294117647058,0.4375,7,691788
381,catcher,17,17,Dillon Dingler,ALL,0.8823529411764706,0.03937007874015748,0.8823529411764706,15,693307
194,catcher,15,15,Moisés Ballesteros,ALL,0.8,0.061855670103092786,0.8,12,694208
180,catcher,16,16,Samuel Basallo,ALL,0.625,0.05555555555555555,0.625,10,694212
324,catcher,25,25,Carter Jensen,ALL,0.88,0.06790123456790123,0.88,22,695600
342,catcher,26,23,Harry Ford,ALL,0.9565217391304348,0.06432748538011696,0.8461538461538461,22,695670
272,catcher,16,13,Hunter Goodman,ALL,0.7692307692307693,0.03676470588235294,0.625,10,696100
224,catcher,16,14,Jimmy Crooks,ALL,0.8571428571428571,0.05357142857142857,0.75,12,699625
43,catcher,3,3,Kenny Piper,ALL,1.0,0.06976744186046512,1.0,3,700652
401,catcher,28,28,Drew Cavanaugh,ALL,0.75,0.05236907730673317,0.75,21,701852
338,catcher,27,26,Rafael Flores Jr.,ALL,0.6538461538461539,0.05029585798816568,0.6296296296296297,17,804668
717,challenges_remaining,39,0,,ALL,,0.0,0.0,0,0
3975,challenges_remaining,281,277,,ALL,0.776173285198556,0.05408805031446541,0.7651245551601423,215,1
9618,challenges_remaining,645,644,,ALL,0.7096273291925466,0.04751507589935538,0.7085271317829457,457,2
4801,count,401,380,,ALL,0.7921052631578948,0.06269527181837117,0.7506234413965087,301,0-0
1801,count,92,91,,ALL,0.7472527472527473,0.03775680177679067,0.7391304347826086,68,0-1
898,count,26,26,,ALL,0.5,0.014476614699331848,0.5,13,0-2
1490,count,116,114,,ALL,0.8070175438596491,0.06174496644295302,0.7931034482758621,92,1-0
1233,count,89,82,,ALL,0.6707317073170732,0.04460665044606651,0.6179775280898876,55,1-1
1143,count,40,38,,ALL,0.5,0.016622922134733157,0.475,19,1-2
519,count,48,47,,ALL,0.7446808510638298,0.0674373795761079,0.7291666666666666,35,2-0
636,count,41,38,,ALL,0.7105263157894737,0.04245283018867924,0.6585365853658537,27,2-1
817,count,37,36,,ALL,0.5833333333333334,0.025703794369645042,0.5675675675675675,21,2-2
255,count,25,22,,ALL,0.8181818181818182,0.07058823529411765,0.72,18,3-0
299,count,21,18,,ALL,0.7222222222222222,0.043478260869565216,0.6190476190476191,13,3-1
418,count,29,29,,ALL,0.3448275862068966,0.023923444976076555,0.3448275862068966,10,3-2
1744,inning,130,130,,ALL,0.7769230769230769,0.05791284403669725,0.7769230769230769,101,1
119,inning,6,6,,ALL,0.5,0.025210084033613446,0.5,3,10
47,inning,4,4,,ALL,0.25,0.02127659574468085,0.25,1,11
17,inning,2,1,,ALL,1.0,0.058823529411764705,0.5,1,12
1685,inning,107,107,,ALL,0.7102803738317757,0.045103857566765576,0.7102803738317757,76,2
1628,inning,106,106,,ALL,0.7075471698113207,0.04606879606879607,0.7075471698113207,75,3
1453,inning,103,103,,ALL,0.7669902912621359,0.05437026841018582,0.7669902912621359,79,4
1580,inning,111,107,,ALL,0.7009345794392523,0.04746835443037975,0.6756756756756757,75,5
1584,inning,94,92,,ALL,0.782608695652174,0.045454545454545456,0.7659574468085106,72,6
1647,inning,118,110,,ALL,0.7272727272727273,0.048573163327261686,0.6779661016949152,80,7
1643,inning,104,85,,ALL,0.788235294117647,0.04077906269020085,0.6442307692307693,67,8
1163,inning,80,70,,ALL,0.6,0.03611349957007739,0.525,42,9
4820,outs,313,303,,ALL,0.7722772277227723,0.04854771784232365,0.7476038338658147,234,0
4810,outs,359,342,,ALL,0.7134502923976608,0.05072765072765073,0.6796657381615598,244,1
4680,outs,293,276,,ALL,0.7028985507246377,0.04145299145299145,0.6621160409556314,194,2
1514,pitch_type,69,66,,ALL,0.7424242424242424,0.03236459709379128,0.7101449275362319,49,CH
1107,pitch_type,74,71,,ALL,0.7183098591549296,0.04607046070460705,0.6891891891891891,51,CU
11,pitch_type,2,0,,ALL,,0.0,0.0,0,EP
3,pitch_type,0,0,,ALL,,0.0,,0,FA
1183,pitch_type,81,78,,ALL,0.7948717948717948,0.052409129332206254,0.7654320987654321,62,FC
4269,pitch_type,315,302,,ALL,0.695364238410596,0.049191848208011243,0.6666666666666666,210,FF
5,pitch_type,0,0,,ALL,,0.0,,0,FO
424,pitch_type,21,20,,ALL,0.65,0.030660377358490566,0.6190476190476191,13,FS
205,pitch_type,13,13,,ALL,0.6923076923076923,0.04390243902439024,0.6923076923076923,9,KC
9,pitch_type,2,0,,ALL,,0.0,0.0,0,KN
4,pitch_type,0,0,,ALL,,0.0,,0,PO
2546,pitch_type,222,216,,ALL,0.7685185185185185,0.06520031421838178,0.7477477477477478,166,SI
1781,pitch_type,101,90,,ALL,0.6666666666666666,0.033688938798427846,0.594059405940594,60,SL
1180,pitch_type,64,64,,ALL,0.8125,0.04406779661016949,0.8125,52,ST
69,pitch_type,1,1,,ALL,0.0,0.0,0.0,0,SV
9,pitcher,0,0,Kenley Jansen,ALL,,0.0,,0,445276
107,pitcher,4,4,Max Scherzer,ALL,0.75,0.028037383177570093,0.75,3,453286
47,pitcher,5,5,Robert Stock,ALL,0.8,0.0851063829787234,0.8,4,476594
33,pitcher,5,5,Kirby Yates,ALL,0.8,0.12121212121212122,0.8,4,489446
12,pitcher,0,0,Fernando Cruz,ALL,,0.0,,0,518585
105,pitcher,5,5,Merrill Kelly,ALL,0.6,0.02857142857142857,0.6,3,518876
5,pitcher,0,0,Craig Kimbrel,ALL,,0.0,,0,518886
50,pitcher,4,4,Chris Sale,ALL,1.0,0.08,1.0,4,519242
41,pitcher,1,1,Martín Pérez,ALL,1.0,0.024390243902439025,1.0,1,527048
33,pitcher,1,1,Gerrit Cole,ALL,0.0,0.0,0.0,0,543037
14,pitcher,2,2,Anthony Gose,ALL,0.0,0.0,0.0,0,543238
51,pitcher,5,5,Sonny Gray,ALL,0.8,0.0784313725490196,0.8,4,543243
23,pitcher,0,0,Michael Lorenzen,ALL,,0.0,,0,547179
9,pitcher,3,3,Aroldis Chapman,ALL,0.6666666666666666,0.2222222222222222,0.6666666666666666,2,547973
6,pitcher,0,0,Brooks Raley,ALL,,0.0,,0,548384
23,pitcher,0,0,Andrew Kittredge,ALL,,0.0,,0,552640
114,pitcher,5,5,Zack Wheeler,ALL,1.0,0.043859649122807015,1.0,5,554430
45,pitcher,3,3,Matthew Boyd,ALL,1.0,0.06666666666666667,1.0,3,571510
22,pitcher,1,1,Derek Law,ALL,0.0,0.0,0.0,0,571882
3,pitcher,0,0,Luke Maile,ALL,,0.0,,0,571912
9,pitcher,0,0,Steven Matz,ALL,,0.0,,0,571927
19,pitcher,1,1,Taylor Rogers,ALL,0.0,0.0,0.0,0,573124
15,pitcher,3,3,Caleb Thielbar,ALL,1.0,0.2,1.0,3,573204
46,pitcher,3,3,Yusei Kikuchi,ALL,0.6666666666666666,0.043478260869565216,0.6666666666666666,2,579328
4,pitcher,0,0,Cam Booser,ALL,,0.0,,0,592155
112,pitcher,14,14,Kevin Gausman,ALL,0.5714285714285714,0.07142857142857142,0.5714285714285714,8,592332
113,pitcher,7,7,Robbie Ray,ALL,0.8571428571428571,0.05309734513274336,0.8571428571428571,6,592662
15,pitcher,0,0,Ryne Stanek,ALL,,0.0,,0,592773
16,pitcher,2,2,Brock Stewart,ALL,0.5,0.0625,0.5,1,592779
52,pitcher,4,4,Eduardo Rodriguez,ALL,0.75,0.057692307692307696,0.75,3,593958
6,pitcher,0,0,Wandy Peralta,ALL,,0.0,,0,593974
21,pitcher,3,3,Tyron Guerrero,ALL,1.0,0.14285714285714285,1.0,3,594027
37,pitcher,0,0,Sam Moll,ALL,,0.0,,0,594580
52,pitcher,1,1,Jacob deGrom,ALL,1.0,0.019230769230769232,1.0,1,594798
18,pitcher,1,1,Steven Okert,ALL,0.0,0.0,0.0,0,595345
32,pitcher,5,5,Jakob Junis,ALL,0.8,0.125,0.8,4,596001
30,pitcher,3,2,Luke Weaver,ALL,1.0,0.06666666666666667,0.6666666666666666,2,596133
100,pitcher,11,11,Chris Bassitt,ALL,0.45454545454545453,0.05,0.45454545454545453,5,605135
16,pitcher,1,1,Michael Fulmer,ALL,1.0,0.0625,1.0,1,605242
51,pitcher,2,2,Clay Holmes,ALL,1.0,0.0392156862745098,1.0,2,605280
12,pitcher,0,0,Adrian Houser,ALL,,0.0,,0,605288
55,pitcher,3,3,Aaron Nola,ALL,0.3333333333333333,0.01818181818181818,0.3333333333333333,1,605400
9,pitcher,1,0,Jordan Romano,ALL,,0.0,0.0,0,605447
57,pitcher,5,5,Blake Snell,ALL,0.6,0.05263157894736842,0.6,3,605483
87,pitcher,7,7,Jeffrey Springs,ALL,0.7142857142857143,0.05747126436781609,0.7142857142857143,5,605488
7,pitcher,0,0,Chris Devenski,ALL,,0.0,,0,606965
25,pitcher,3,3,Kyle Hart,ALL,1.0,0.12,1.0,3,606996
16,pitcher,0,0,Colin Rea,ALL,,0.0,,0,607067
39,pitcher,2,2,Carlos Rodón,ALL,0.5,0.02564102564102564,0.5,1,607074
95,pitcher,9,9,Tyler Glasnow,ALL,0.5555555555555556,0.05263157894736842,0.5555555555555556,5,607192
45,pitcher,4,4,Erick Fedde,ALL,0.75,0.06666666666666667,0.75,3,607200
41,pitcher,1,1,Nick Martinez,ALL,0.0,0.0,0.0,0,607259
92,pitcher,3,3,Seth Lugo,ALL,0.6666666666666666,0.021739130434782608,0.6666666666666666,2,607625
33,pitcher,3,3,Max Fried,ALL,1.0,0.09090909090909091,1.0,3,608331
45,pitcher,2,2,Tomoyuki Sugano,ALL,1.0,0.044444444444444446,1.0,2,608372
50,pitcher,4,4,Michael Wacha,ALL,1.0,0.08,1.0,4,608379
12,pitcher,1,1,Brent Suter,ALL,1.0,0.08333333333333333,1.0,1,608718
47,pitcher,3,3,Cal Quantrill,ALL,0.3333333333333333,0.02127659574468085,0.3333333333333333,1,615698
14,pitcher,3,3,Jose Cuas,ALL,1.0,0.21428571428571427,1.0,3,621016
23,pitcher,2,2,Michael Rucker,ALL,1.0,0.08695652173913043,1.0,2,621074
27,pitcher,1,1,Jacob Waguespack,ALL,1.0,0.037037037037037035,1.0,1,621097
37,pitcher,2,2,Walker Buehler,ALL,0.5,0.02702702702702703,0.5,1,621111
27,pitcher,3,3,Paul Blackburn,ALL,1.0,0.1111111111111111,1.0,3,621112
26,pitcher,1,1,José Alvarado,ALL,1.0,0.038461538461538464,1.0,1,621237
22,pitcher,3,2,A.J. Minter,ALL,1.0,0.09090909090909091,0.6666666666666666,2,621345
13,pitcher,1,1,Tejay Antone,ALL,0.0,0.0,0.0,0,622088
33,pitcher,2,2,Luis Castillo,ALL,1.0,0.06060606060606061,1.0,2,622491
37,pitcher,3,3,Seranthony Domínguez,ALL,0.6666666666666666,0.05405405405405406,0.6666666666666666,2,622554
30,pitcher,3,3,Antonio Senzatela,ALL,1.0,0.1,1.0,3,622608
28,pitcher,4,4,Paul Sewald,ALL,1.0,0.14285714285714285,1.0,4,623149
12,pitcher,1,1,Huascar Brazobán,ALL,1.0,0.08333333333333333,1.0,1,623211
21,pitcher,0,0,Josh Hader,ALL,,0.0,,0,623352
29,pitcher,2,2,Justin Topa,ALL,1.0,0.06896551724137931,1.0,2,623437
50,pitcher,0,0,Drew Anderson,ALL,,0.0,,0,623454
16,pitcher,1,0,Evan Phillips,ALL,,0.0,0.0,0,623465
20,pitcher,1,1,Jimmy Herget,ALL,1.0,0.05,1.0,1,623474
110,pitcher,8,8,Ranger Suarez,ALL,0.75,0.05454545454545454,0.75,6,624133
11,pitcher,3,0,Jose Trevino,ALL,,0.0,0.0,0,624431
23,pitcher,2,2,Raisel Iglesias,ALL,0.5,0.043478260869565216,0.5,1,628452
11,pitcher,1,1,Kyle Finnegan,ALL,1.0,0.09090909090909091,1.0,1,640448
47,pitcher,2,2,Sean Manaea,ALL,1.0,0.0425531914893617,1.0,2,640455
31,pitcher,3,3,Tyler Alexander,ALL,1.0,0.0967741935483871,1.0,3,641302
20,pitcher,1,1,Bryan Baker,ALL,1.0,0.05,1.0,1,641329
52,pitcher,6,6,Anthony Kay,ALL,0.8333333333333334,0.09615384615384616,0.8333333333333334,5,641743
21,pitcher,0,0,Tyler Kinley,ALL,,0.0,,0,641755
25,pitcher,1,1,Eric Lauer,ALL,1.0,0.04,1.0,1,641778
40,pitcher,1,1,Tyler Mahle,ALL,0.0,0.0,0.0,0,641816
7,pitcher,0,0,Tim Mayza,ALL,,0.0,,0,641835
40,pitcher,4,4,Bailey Ober,ALL,0.5,0.05,0.5,2,641927
19,pitcher,2,2,Emilio Pagán,ALL,0.0,0.0,0.0,0,641941
28,pitcher,2,2,Tayler Saucedo,ALL,1.0,0.07142857142857142,1.0,2,642048
12,pitcher,2,2,Gabe Speier,ALL,1.0,0.16666666666666666,1.0,2,642100
33,pitcher,3,3,Ryan Yarbrough,ALL,0.6666666666666666,0.06060606060606061,0.6666666666666666,2,642232
34,pitcher,3,3,Jefry Yan,ALL,0.6666666666666666,0.058823529411764705,0.6666666666666666,2,642376
25,pitcher,4,4,Gregory Soto,ALL,0.5,0.08,0.5,2,642397
10,pitcher,0,0,Jonathan Loáisiga,ALL,,0.0,,0,642528
45,pitcher,4,4,Freddy Peralta,ALL,0.75,0.06666666666666667,0.75,3,642547
31,pitcher,1,1,Dennis Santana,ALL,1.0,0.03225806451612903,1.0,1,642701
31,pitcher,5,4,Tyler Rogers,ALL,1.0,0.12903225806451613,0.8,4,643511
98,pitcher,5,5,Sandy Alcantara,ALL,0.6,0.030612244897959183,0.6,3,645261
30,pitcher,1,0,Bryan Abreu,ALL,,0.0,0.0,0,650556
40,pitcher,3,3,Michael King,ALL,0.6666666666666666,0.05,0.6666666666666666,2,650633
31,pitcher,2,2,Aaron Civale,ALL,0.5,0.03225806451612903,0.5,1,650644
43,pitcher,3,3,Cristopher Sánchez,ALL,0.6666666666666666,0.046511627906976744,0.6666666666666666,2,650911
10,pitcher,1,1,Daniel Duarte,ALL,1.0,0.1,1.0,1,650960
20,pitcher,3,0,Andruw Monasterio,ALL,,0.0,0.0,0,655316
33,pitcher,2,2,Manuel Rodríguez,ALL,0.5,0.030303030303030304,0.5,1,655889
17,pitcher,0,0,Jake Bird,ALL,,0.0,,0,656234
20,pitcher,0,0,Scott Blewett,ALL,,0.0,,0,656240
25,pitcher,0,0,Brock Burke,ALL,,0.0,,0,656271
24,pitcher,1,1,Griffin Canning,ALL,1.0,0.041666666666666664,1.0,1,656288
49,pitcher,2,2,Dylan Cease,ALL,1.0,0.04081632653061224,1.0,2,656302
22,pitcher,0,0,Tyler Gilbert,ALL,,0.0,,0,656457
16,pitcher,1,1,Kevin Ginkel,ALL,1.0,0.0625,1.0,1,656464
47,pitcher,4,4,Foster Griffin,ALL,1.0,0.0851063829787234,1.0,4,656492
4,pitcher,1,1,Sam Hentges,ALL,1.0,0.25,1.0,1,656529
8,pitcher,0,0,Jeff Hoffman,ALL,,0.0,,0,656546
37,pitcher,2,2,Grant Holmes,ALL,0.0,0.0,0.0,0,656550
21,pitcher,1,1,Alex Lange,ALL,0.0,0.0,0.0,0,656638
6,pitcher,0,0,Jacob Latz,ALL,,0.0,,0,656641
10,pitcher,1,1,Trevor Megill,ALL,0.0,0.0,0.0,0,656730
24,pitcher,0,0,Jordan Montgomery,ALL,,0.0,,0,656756
38,pitcher,3,2,Sean Newcomb,ALL,0.5,0.02631578947368421,0.3333333333333333,1,656794
28,pitcher,2,2,Michael Petersen,ALL,0.5,0.03571428571428571,0.5,1,656848
47,pitcher,6,6,David Peterson,ALL,0.5,0.06382978723404255,0.5,3,656849
99,pitcher,3,3,Drew Rasmussen,ALL,0.6666666666666666,0.020202020202020204,0.6666666666666666,2,656876
18,pitcher,0,0,Tanner Scott,ALL,,0.0,,0,656945
30,pitcher,4,4,Bennett Sousa,ALL,0.75,0.1,0.75,3,656986
21,pitcher,1,1,Jacob Webb,ALL,0.0,0.0,0.0,0,657097
18,pitcher,1,1,Peter Strzelecki,ALL,1.0,0.05555555555555555,1.0,1,657265
53,pitcher,3,3,Logan Webb,ALL,0.6666666666666666,0.03773584905660377,0.6666666666666666,2,657277
16,pitcher,0,0,Brennan Bernardino,ALL,,0.0,,0,657514
22,pitcher,0,0,Caleb Ferguson,ALL,,0.0,,0,657571
22,pitcher,1,1,Tim Hill,ALL,0.0,0.0,0.0,0,657612
6,pitcher,0,0,José Suarez,ALL,,0.0,,0,660761
27,pitcher,1,1,Yerry De los Santos,ALL,1.0,0.037037037037037035,1.0,1,660787
26,pitcher,1,1,Eduard Bazardo,ALL,1.0,0.038461538461538464,1.0,1,660825
21,pitcher,2,2,Enyel De Los Santos,ALL,0.5,0.047619047619047616,0.5,1,660853
19,pitcher,0,0,Jhoan Duran,ALL,,0.0,,0,661395
17,pitcher,1,1,Andrés Muñoz,ALL,0.0,0.0,0.0,0,662253
11,pitcher,1,1,Matt Waldron,ALL,1.0,0.09090909090909091,1.0,1,663362
85,pitcher,4,4,Ryan Feltner,ALL,0.5,0.023529411764705882,0.5,2,663372
29,pitcher,1,1,Trent Thornton,ALL,1.0,0.034482758620689655,1.0,1,663423
39,pitcher,3,3,Tanner Rainey,ALL,1.0,0.07692307692307693,1.0,3,663432
15,pitcher,3,3,Bryan Hudson,ALL,0.6666666666666666,0.13333333333333333,0.6666666666666666,2,663542
42,pitcher,4,4,Casey Mize,ALL,0.75,0.07142857142857142,0.75,3,663554
38,pitcher,4,4,Shane McClanahan,ALL,1.0,0.10526315789473684,1.0,4,663556
46,pitcher,3,3,Jovani Morán,ALL,0.0,0.0,0.0,0,663558
51,pitcher,1,1,Peter Lambert,ALL,1.0,0.0196078431372549,1.0,1,663567
37,pitcher,1,1,Tony Santillan,ALL,0.0,0.0,0.0,0,663574
56,pitcher,6,6,Jake Irvin,ALL,0.6666666666666666,0.07142857142857142,0.6666666666666666,4,663623
19,pitcher,2,2,Hogan Harris,ALL,0.0,0.0,0.0,0,663687
39,pitcher,2,2,Daniel Lynch IV,ALL,1.0,0.05128205128205128,1.0,2,663738
22,pitcher,0,0,Chase Shugart,ALL,,0.0,,0,663767
54,pitcher,4,4,Patrick Sandoval,ALL,0.5,0.037037037037037035,0.5,2,663776
27,pitcher,1,1,Jordan Hicks,ALL,0.0,0.0,0.0,0,663855
22,pitcher,1,1,Nate Pearson,ALL,0.0,0.0,0.0,0,663878
24,pitcher,2,2,Brendon Little,ALL,1.0,0.08333333333333333,1.0,2,663893
48,pitcher,5,5,Brady Singer,ALL,0.8,0.08333333333333333,0.8,4,663903
29,pitcher,1,1,Tyler Holton,ALL,1.0,0.034482758620689655,1.0,1,663947
48,pitcher,1,1,Tyler Phillips,ALL,1.0,0.020833333333333332,1.0,1,663969
13,pitcher,0,0,Garrett Cleavinger,ALL,,0.0,,0,664076
4,pitcher,0,0,Pete Fairbanks,ALL,,0.0,,0,664126
25,pitcher,1,1,Taylor Clarke,ALL,1.0,0.04,1.0,1,664199
91,pitcher,6,6,Framber Valdez,ALL,0.8333333333333334,0.054945054945054944,0.8333333333333334,5,664285
33,pitcher,1,1,Cristian Javier,ALL,1.0,0.030303030303030304,1.0,1,664299
77,pitcher,10,7,José Urquidy,ALL,0.42857142857142855,0.03896103896103896,0.3,3,664353
4,pitcher,0,0,Myles Straw,ALL,,0.0,,0,664702
15,pitcher,0,0,Grant Wolfram,ALL,,0.0,,0,664991
52,pitcher,8,8,Dean Kremer,ALL,0.375,0.057692307692307696,0.375,3,665152
19,pitcher,1,1,Luis Medina,ALL,0.0,0.0,0.0,0,665622
27,pitcher,3,3,Elvis Alvarado,ALL,0.6666666666666666,0.07407407407407407,0.6666666666666666,2,665660
22,pitcher,0,0,Reiver Sanmartin,ALL,,0.0,,0,665665
52,pitcher,6,6,Nick Lodolo,ALL,0.8333333333333334,0.09615384615384616,0.8333333333333334,5,666157
17,pitcher,0,0,Ryan Zeferjahn,ALL,,0.0,,0,666171
58,pitcher,3,3,Jesús Luzardo,ALL,1.0,0.05172413793103448,1.0,3,666200
15,pitcher,1,1,George Soriano,ALL,0.0,0.0,0.0,0,666277
17,pitcher,0,0,Juan Morillo,ALL,,0.0,,0,666661
26,pitcher,1,1,Camilo Doval,ALL,0.0,0.0,0.0,0,666808
14,pitcher,2,1,Yennier Cano,ALL,0.0,0.0,0.0,0,666974
8,pitcher,0,0,Tommy Nance,ALL,,0.0,,0,667297
13,pitcher,4,4,Jack Ralston,ALL,0.75,0.23076923076923078,0.75,3,667652
50,pitcher,3,3,José Soriano,ALL,0.3333333333333333,0.02,0.3333333333333333,1,667755
26,pitcher,1,1,Cole Winn,ALL,0.0,0.0,0.0,0,668390
1,pitcher,1,1,Noah Murdock,ALL,1.0,1.0,1.0,1,668716
38,pitcher,1,0,Max Kranick,ALL,,0.0,0.0,0,668820
34,pitcher,2,2,Gavin Williams,ALL,1.0,0.058823529411764705,1.0,2,668909
15,pitcher,0,0,Casey Legumina,ALL,,0.0,,0,668984
10,pitcher,0,0,Ryan Rolison,ALL,,0.0,,0,669020
49,pitcher,2,2,MacKenzie Gore,ALL,0.5,0.02040816326530612,0.5,1,669022
30,pitcher,1,1,Bryse Wilson,ALL,0.0,0.0,0.0,0,669060
14,pitcher,0,0,Erik Miller,ALL,,0.0,,0,669062
12,pitcher,0,0,DL Hall,ALL,,0.0,,0,669084
11,pitcher,1,0,Jeremiah Estrada,ALL,,0.0,0.0,0,669093
46,pitcher,3,3,Dustin May,ALL,1.0,0.06521739130434782,1.0,3,669160
15,pitcher,1,1,Kyle Hurt,ALL,0.0,0.0,0.0,0,669165
25,pitcher,2,2,Lake Bachar,ALL,0.5,0.04,0.5,1,669199
20,pitcher,2,2,Dylan Lee,ALL,0.5,0.05,0.5,1,669276
93,pitcher,8,8,Logan Gilbert,ALL,1.0,0.08602150537634409,1.0,8,669302
9,pitcher,1,1,CJ Van Eyk,ALL,0.0,0.0,0.0,0,669310
13,pitcher,3,3,Tyler Wells,ALL,1.0,0.23076923076923078,1.0,3,669330
43,pitcher,4,4,Shane Baz,ALL,0.75,0.06976744186046512,0.75,3,669358
49,pitcher,3,3,J.T. Ginn,ALL,1.0,0.061224489795918366,1.0,3,669372
40,pitcher,3,2,Tarik Skubal,ALL,1.0,0.05,0.6666666666666666,2,669373
30,pitcher,2,2,Carmen Mlodzinski,ALL,0.0,0.0,0.0,0,669387
45,pitcher,4,4,Trevor Rogers,ALL,1.0,0.08888888888888889,1.0,4,669432
118,pitcher,6,6,Matthew Liberatore,ALL,0.6666666666666666,0.03389830508474576,0.6666666666666666,4,669461
25,pitcher,1,1,Brady Basso,ALL,1.0,0.04,1.0,1,669620
10,pitcher,0,0,Greg Weissert,ALL,,0.0,,0,669711
47,pitcher,4,4,Hayden Wesneski,ALL,1.0,0.0851063829787234,1.0,4,669713
37,pitcher,3,3,George Kirby,ALL,1.0,0.08108108108108109,1.0,3,669923
14,pitcher,0,0,Matt Festa,ALL,,0.0,,0,670036
21,pitcher,0,0,Colin Holderman,ALL,,0.0,,0,670059
40,pitcher,3,3,Julian Garcia,ALL,0.6666666666666666,0.05,0.6666666666666666,2,670062
18,pitcher,1,1,Raymond Burgos,ALL,1.0,0.05555555555555555,1.0,1,670103
17,pitcher,1,1,John Schreiber,ALL,1.0,0.058823529411764705,1.0,1,670167
25,pitcher,0,0,Ryan Watson,ALL,,0.0,,0,670245
5,pitcher,0,0,David Bednar,ALL,,0.0,,0,670280
32,pitcher,1,1,Rico Garcia,ALL,1.0,0.03125,1.0,1,670329
28,pitcher,2,2,Trevor Richards,ALL,1.0,0.07142857142857142,1.0,2,670950
21,pitcher,1,1,Adrian Morejon,ALL,1.0,0.047619047619047616,1.0,1,670970
16,pitcher,3,3,Yohan Ramírez,ALL,1.0,0.1875,1.0,3,670990
38,pitcher,0,0,Andrew Abbott,ALL,,0.0,,0,671096
34,pitcher,1,1,Logan Allen,ALL,1.0,0.029411764705882353,1.0,1,671106
35,pitcher,1,1,Sammy Peralta,ALL,1.0,0.02857142857142857,1.0,1,671111
23,pitcher,3,3,Connor Thomas,ALL,1.0,0.13043478260869565,1.0,3,671162
30,pitcher,3,3,Jason Foley,ALL,0.6666666666666666,0.06666666666666667,0.6666666666666666,2,671345
47,pitcher,4,4,Taj Bradley,ALL,0.5,0.0425531914893617,0.5,2,671737
27,pitcher,3,3,Cade Smith,ALL,0.0,0.0,0.0,0,671922
21,pitcher,2,2,Adam Macko,ALL,0.5,0.047619047619047616,0.5,1,671936
41,pitcher,4,4,Reid Detmers,ALL,1.0,0.0975609756097561,1.0,4,672282
39,pitcher,2,2,Keider Montero,ALL,1.0,0.05128205128205128,1.0,2,672456
27,pitcher,4,4,Gerardo Carrillo,ALL,0.5,0.07407407407407407,0.5,2,672629
26,pitcher,3,1,Yoendrys Gómez,ALL,1.0,0.038461538461538464,0.3333333333333333,1,672782
29,pitcher,4,4,Carlos Vargas,ALL,1.0,0.13793103448275862,1.0,4,672841
7,pitcher,0,0,Dedniel Núñez,ALL,,0.0,,0,673380
47,pitcher,3,2,Yuki Matsui,ALL,1.0,0.0425531914893617,0.6666666666666666,2,673513
12,pitcher,0,0,Kodai Senga,ALL,,0.0,,0,673540
55,pitcher,7,7,Cody Bradford,ALL,1.0,0.12727272727272726,1.0,7,674003
11,pitcher,0,0,Steven Cruz,ALL,,0.0,,0,674444
103,pitcher,7,7,Andrew Alvarez,ALL,0.8571428571428571,0.05825242718446602,0.8571428571428571,6,674841
39,pitcher,3,3,Troy Melton,ALL,0.6666666666666666,0.05128205128205128,0.6666666666666666,2,675512
21,pitcher,3,3,Xzavion Curry,ALL,0.6666666666666666,0.09523809523809523,0.6666666666666666,2,675540
47,pitcher,2,2,Shane Drohan,ALL,0.5,0.02127659574468085,0.5,1,675660
27,pitcher,2,2,Juan Mejia,ALL,0.5,0.037037037037037035,0.5,1,675848
18,pitcher,1,1,Seth Lonsway,ALL,1.0,0.05555555555555555,1.0,1,675920
31,pitcher,1,1,Janson Junk,ALL,1.0,0.03225806451612903,1.0,1,676083
28,pitcher,1,1,Emerson Hancock,ALL,1.0,0.03571428571428571,1.0,1,676106
49,pitcher,3,3,Ryan Walker,ALL,0.6666666666666666,0.04081632653061224,0.6666666666666666,2,676254
22,pitcher,0,0,Jack Dreyer,ALL,,0.0,,0,676263
58,pitcher,2,2,Joey Cantillo,ALL,1.0,0.034482758620689655,1.0,2,676282
52,pitcher,3,3,Tanner Bibee,ALL,0.3333333333333333,0.019230769230769232,0.3333333333333333,1,676440
6,pitcher,1,1,Garrett Whitlock,ALL,0.0,0.0,0.0,0,676477
11,pitcher,1,1,Calvin Faucher,ALL,1.0,0.09090909090909091,1.0,1,676534
19,pitcher,3,3,Tyler Zuber,ALL,0.6666666666666666,0.10526315789473684,0.6666666666666666,2,676604
14,pitcher,0,0,Riley O'Brien,ALL,,0.0,,0,676617
15,pitcher,2,2,Blake Weiman,ALL,0.5,0.06666666666666667,0.5,1,676620
32,pitcher,1,1,Tom Cosgrove,ALL,1.0,0.03125,1.0,1,676680
38,pitcher,3,3,Cam Sanders,ALL,0.0,0.0,0.0,0,676742
22,pitcher,0,0,Aaron Ashby,ALL,,0.0,,0,676879
83,pitcher,6,6,Cade Cavalli,ALL,0.6666666666666666,0.04819277108433735,0.6666666666666666,4,676917
14,pitcher,1,1,Josh Walker,ALL,1.0,0.07142857142857142,1.0,1,677020
20,pitcher,2,2,Justin Bruihl,ALL,1.0,0.1,1.0,2,677865
78,pitcher,5,5,Braxton Ashcraft,ALL,0.6,0.038461538461538464,0.6,3,677952
21,pitcher,1,1,Jaden Hill,ALL,1.0,0.047619047619047616,1.0,1,677955
102,pitcher,6,6,Kumar Rocker,ALL,1.0,0.058823529411764705,1.0,6,677958
52,pitcher,8,8,Randy Dobnak,ALL,1.0,0.15384615384615385,1.0,8,677976
8,pitcher,0,0,Seth Halvorsen,ALL,,0.0,,0,678020
36,pitcher,0,0,Jack Perkins,ALL,,0.0,,0,678022
9,pitcher,2,2,Ray Kerr,ALL,1.0,0.2222222222222222,1.0,2,678061
5,pitcher,1,0,Jorbit Vivas,ALL,,0.0,0.0,0,678391
69,pitcher,6,6,Brayan Bello,ALL,0.8333333333333334,0.07246376811594203,0.8333333333333334,5,678394
26,pitcher,1,1,José A. Ferrer,ALL,0.0,0.0,0.0,0,678606
12,pitcher,1,1,Kai-Wei Teng,ALL,1.0,0.08333333333333333,1.0,1,678906
26,pitcher,5,5,Justin Martinez,ALL,0.8,0.15384615384615385,0.8,4,679885
49,pitcher,4,4,Grayson Rodriguez,ALL,1.0,0.08163265306122448,1.0,4,680570
21,pitcher,1,1,Simeon Woods Richardson,ALL,1.0,0.047619047619047616,1.0,1,680573
43,pitcher,1,1,Kyle Bradish,ALL,1.0,0.023255813953488372,1.0,1,680694
5,pitcher,0,0,Drew Rom,ALL,,0.0,,0,680723
59,pitcher,2,2,Sean Burke,ALL,0.0,0.0,0.0,0,680732
34,pitcher,1,1,Jonathan Bowlan,ALL,1.0,0.029411764705882353,1.0,1,680742
25,pitcher,2,2,Braydon Fisher,ALL,1.0,0.08,1.0,2,680755
20,pitcher,2,2,Victor Vodnik,ALL,0.5,0.05,0.5,1,680767
29,pitcher,1,1,Erik Tolman,ALL,0.0,0.0,0.0,0,680899
54,pitcher,3,3,Christian Scott,ALL,0.6666666666666666,0.037037037037037035,0.6666666666666666,2,681035
36,pitcher,2,2,Randy Vásquez,ALL,0.5,0.027777777777777776,0.5,1,681190
27,pitcher,3,3,Chase Silseth,ALL,1.0,0.1111111111111111,1.0,3,681217
43,pitcher,1,1,Spencer Arrighetti,ALL,1.0,0.023255813953488372,1.0,1,681293
19,pitcher,1,1,Nate Lavender,ALL,1.0,0.05263157894736842,1.0,1,681320
28,pitcher,1,1,Kyle Leahy,ALL,0.0,0.0,0.0,0,681517
25,pitcher,2,1,Wyatt Olds,ALL,1.0,0.04,0.5,1,681544
34,pitcher,0,0,Ryan Fernandez,ALL,,0.0,,0,681676
35,pitcher,4,4,Austin Warren,ALL,0.5,0.05714285714285714,0.5,2,681810
22,pitcher,1,1,Erik Sabrowski,ALL,1.0,0.045454545454545456,1.0,1,681870
16,pitcher,2,2,Kody Funderburk,ALL,1.0,0.125,1.0,2,681892
17,pitcher,1,1,Evan Sisk,ALL,1.0,0.058823529411764705,1.0,1,681895
15,pitcher,0,0,Alex Vesia,ALL,,0.0,,0,681911
28,pitcher,2,2,Dylan Smith,ALL,0.0,0.0,0.0,0,681916
24,pitcher,0,0,Grant Anderson,ALL,,0.0,,0,681982
47,pitcher,3,3,Jacob Lopez,ALL,0.3333333333333333,0.02127659574468085,0.3333333333333333,1,682052
26,pitcher,2,2,Tim Herrin,ALL,0.5,0.038461538461538464,0.5,1,682120
32,pitcher,0,0,Mason Montgomery,ALL,,0.0,,0,682254
29,pitcher,2,2,Peyton Gray,ALL,0.5,0.034482758620689655,0.5,1,682608
2,pitcher,1,0,Luisangel Acuña,ALL,,0.0,0.0,0,682668
25,pitcher,2,2,Luis Mey,ALL,1.0,0.08,1.0,2,682825
36,pitcher,0,0,Victor Mederos,ALL,,0.0,,0,682989
44,pitcher,4,4,Jared Jones,ALL,0.75,0.06818181818181818,0.75,3,683003
32,pitcher,1,1,Mitch Bratt,ALL,1.0,0.03125,1.0,1,683352
58,pitcher,6,6,Matt Wilkinson,ALL,0.6666666666666666,0.06896551724137931,0.6666666666666666,4,683363
20,pitcher,1,1,Edgardo Henriquez,ALL,1.0,0.05,1.0,1,683618
23,pitcher,2,2,Anthony Molina,ALL,1.0,0.08695652173913043,1.0,2,683627
16,pitcher,1,1,Hunter Gaddis,ALL,1.0,0.0625,1.0,1,683769
35,pitcher,4,4,Shota Imanaga,ALL,1.0,0.11428571428571428,1.0,4,684007
32,pitcher,3,3,Kohl Drake,ALL,0.3333333333333333,0.03125,0.3333333333333333,1,684442
25,pitcher,0,0,Luke Murphy,ALL,,0.0,,0,684665
24,pitcher,1,1,Craig Yoho,ALL,0.0,0.0,0.0,0,684974
36,pitcher,3,3,Tanner Gordon,ALL,0.6666666666666666,0.05555555555555555,0.6666666666666666,2,685299
13,pitcher,3,3,Cade Winquest,ALL,0.6666666666666666,0.15384615384615385,0.6666666666666666,2,685464
8,pitcher,1,1,Juan Burgos,ALL,1.0,0.125,1.0,1,686228
27,pitcher,1,1,Jonathan Cannon,ALL,1.0,0.037037037037037035,1.0,1,686563
58,pitcher,4,4,Hunter Brown,ALL,0.75,0.05172413793103448,0.75,3,686613
19,pitcher,0,0,Drey Jameson,ALL,,0.0,,0,686753
5,pitcher,2,0,Pedro Pagés,ALL,,0.0,0.0,0,686780
26,pitcher,0,0,Alex McFarlane,ALL,,0.0,,0,686934
11,pitcher,1,0,Louis Varland,ALL,,0.0,0.0,0,686973
20,pitcher,2,0,Blake Adams,ALL,,0.0,0.0,0,687060
41,pitcher,4,4,Brandon Young,ALL,0.75,0.07317073170731707,0.75,3,687064
58,pitcher,4,4,Quinn Mathews,ALL,1.0,0.06896551724137931,1.0,4,687273
28,pitcher,1,1,Patrick Monteverde,ALL,1.0,0.03571428571428571,1.0,1,687287
45,pitcher,1,1,Gabriel Hughes,ALL,1.0,0.022222222222222223,1.0,1,687312
26,pitcher,3,3,Kevin Kelly,ALL,0.3333333333333333,0.038461538461538464,0.3333333333333333,1,687330
33,pitcher,2,2,Orlando Ribalta,ALL,1.0,0.06060606060606061,1.0,2,687377
38,pitcher,2,1,Brent Headrick,ALL,0.0,0.0,0.0,0,687396
47,pitcher,4,4,Ryan Gusto,ALL,0.5,0.0425531914893617,0.5,2,687473
36,pitcher,2,2,Jake Bennett,ALL,1.0,0.05555555555555555,1.0,2,687562
40,pitcher,4,4,Connor Prielipp,ALL,0.5,0.05,0.5,2,687570
5,pitcher,2,0,Troy Johnston,ALL,,0.0,0.0,0,687859
31,pitcher,1,1,Carson Whisenhunt,ALL,0.0,0.0,0.0,0,687931
23,pitcher,1,1,Alec Gamboa,ALL,1.0,0.043478260869565216,1.0,1,687941
44,pitcher,1,1,Robert Gasser,ALL,1.0,0.022727272727272728,1.0,1,688107
17,pitcher,3,3,David Morgan,ALL,1.0,0.17647058823529413,1.0,3,688158
6,pitcher,0,0,Chris Roycroft,ALL,,0.0,,0,688297
29,pitcher,1,1,Zach Agnos,ALL,1.0,0.034482758620689655,1.0,1,688642
24,pitcher,2,2,Orion Kerkering,ALL,0.5,0.041666666666666664,0.5,1,689147
18,pitcher,3,3,Chad Dallas,ALL,1.0,0.16666666666666666,1.0,3,689149
12,pitcher,2,2,Mason Fluharty,ALL,0.5,0.08333333333333333,0.5,1,689254
7,pitcher,0,0,Dylan Dodd,ALL,,0.0,,0,689266
29,pitcher,4,4,Anthony Nunez,ALL,0.75,0.10344827586206896,0.75,3,689296
19,pitcher,0,0,Nick Davila,ALL,,0.0,,0,689546
81,pitcher,4,4,Mason Adams,ALL,1.0,0.04938271604938271,1.0,4,690279
12,pitcher,1,0,Bradley Hanner,ALL,,0.0,0.0,0,690440
27,pitcher,3,2,Ben Joyce,ALL,1.0,0.07407407407407407,0.6666666666666666,2,690829
40,pitcher,1,0,Clayton Beeter,ALL,,0.0,0.0,0,690925
19,pitcher,1,1,Dax Fulton,ALL,1.0,0.05263157894736842,1.0,1,690978
43,pitcher,3,3,Kyle Harrison,ALL,0.3333333333333333,0.023255813953488372,0.3333333333333333,1,690986
53,pitcher,6,6,Nolan McLean,ALL,0.8333333333333334,0.09433962264150944,0.8333333333333334,5,690997
30,pitcher,3,3,Luis Perales,ALL,1.0,0.1,1.0,3,691384
38,pitcher,2,2,Eury Pérez,ALL,0.0,0.0,0.0,0,691587
49,pitcher,2,2,Andrew Painter,ALL,1.0,0.04081632653061224,1.0,2,691725
15,pitcher,3,3,Grant Taylor,ALL,0.6666666666666666,0.13333333333333333,0.6666666666666666,2,691799
52,pitcher,4,4,George Klassen,ALL,0.75,0.057692307692307696,0.75,3,691946
27,pitcher,1,1,Nick Frasso,ALL,1.0,0.037037037037037035,1.0,1,693308
40,pitcher,2,2,Carson Seymour,ALL,1.0,0.05,1.0,2,693313
31,pitcher,3,3,Bryan Woo,ALL,0.3333333333333333,0.03225806451612903,0.3333333333333333,1,693433
56,pitcher,5,5,Cam Schlittler,ALL,0.2,0.017857142857142856,0.2,1,693645
32,pitcher,3,3,Spencer Miles,ALL,1.0,0.09375,1.0,3,693686
53,pitcher,5,5,Bryce Elder,ALL,0.6,0.05660377358490566,0.6,3,693821
38,pitcher,2,1,Ian Seymour,ALL,0.0,0.0,0.0,0,693855
21,pitcher,1,1,Daniel Palencia,ALL,0.0,0.0,0.0,0,694037
59,pitcher,5,5,Brandon Pfaadt,ALL,0.6,0.05084745762711865,0.6,3,694297
6,pitcher,0,0,Brendan Beck,ALL,,0.0,,0,694341
24,pitcher,0,0,Chad Patrick,ALL,,0.0,,0,694477
28,pitcher,3,3,Chayce McDermott,ALL,1.0,0.10714285714285714,1.0,3,694646
26,pitcher,1,1,Trevor Martin,ALL,1.0,0.038461538461538464,1.0,1,694680
51,pitcher,4,4,Landen Roupp,ALL,0.75,0.058823529411764705,0.75,3,694738
23,pitcher,1,0,Josh Ekness,ALL,,0.0,0.0,0,694795
47,pitcher,1,1,Jacob Misiorowski,ALL,0.0,0.0,0.0,0,694819
9,pitcher,1,1,Braxton Roxby,ALL,0.0,0.0,0.0,0,694820
50,pitcher,12,12,Blade Tidwell,ALL,0.6666666666666666,0.16,0.6666666666666666,8,694918
41,pitcher,2,2,Paul Skenes,ALL,0.5,0.024390243902439025,0.5,1,694973
30,pitcher,0,0,Kade Morris,ALL,,0.0,,0,695034
56,pitcher,3,3,Rhett Lowder,ALL,0.3333333333333333,0.017857142857142856,0.3333333333333333,1,695076
26,pitcher,4,3,Robby Ahlstrom,ALL,1.0,0.11538461538461539,0.75,3,695239
29,pitcher,1,1,Mason Miller,ALL,0.0,0.0,0.0,0,695243
18,pitcher,0,0,Alex Hoppe,ALL,,0.0,,0,695380
30,pitcher,1,0,Brad Lord,ALL,,0.0,0.0,0,695418
74,pitcher,5,5,Chase Burns,ALL,0.6,0.04054054054054054,0.6,3,695505
49,pitcher,2,2,Jackson Jobe,ALL,1.0,0.04081632653061224,1.0,2,695549
50,pitcher,6,6,Gage Jump,ALL,0.6666666666666666,0.08,0.6666666666666666,4,695611
51,pitcher,4,4,Elmer Rodríguez,ALL,0.75,0.058823529411764705,0.75,3,695684
7,pitcher,0,0,Mason Black,ALL,,0.0,,0,696131
44,pitcher,1,1,Hagen Smith,ALL,1.0,0.022727272727272728,1.0,1,696146
43,pitcher,0,0,Bubba Chandler,ALL,,0.0,,0,696149
54,pitcher,2,2,Ryan Johnson,ALL,1.0,0.037037037037037035,1.0,2,696270
12,pitcher,0,0,Hayden Juenger,ALL,,0.0,,0,696522
30,pitcher,3,3,Bradgley Rodriguez,ALL,1.0,0.1,1.0,3,699134
44,pitcher,3,3,Michael McGreevy,ALL,1.0,0.06818181818181818,1.0,3,700241
52,pitcher,3,3,AJ Smith-Shawver,ALL,0.6666666666666666,0.038461538461538464,0.6666666666666666,2,700363
40,pitcher,2,2,Gordon Graceffo,ALL,1.0,0.05,1.0,2,700669
53,pitcher,4,4,Walbert Ureña,ALL,0.75,0.05660377358490566,0.75,3,700712
11,pitcher,0,0,Travis Adams,ALL,,0.0,,0,701519
108,pitcher,5,4,Will Warren,ALL,1.0,0.037037037037037035,0.8,4,701542
47,pitcher,3,3,Logan Henderson,ALL,1.0,0.06382978723404255,1.0,3,701656
26,pitcher,3,3,Will Dion,ALL,1.0,0.11538461538461539,1.0,3,702021
43,pitcher,1,1,Noah Cameron,ALL,1.0,0.023255813953488372,1.0,1,702070
17,pitcher,1,1,Andrew Morris,ALL,1.0,0.058823529411764705,1.0,1,702193
50,pitcher,7,7,Spencer Bivens,ALL,0.8571428571428571,0.12,0.8571428571428571,6,702352
29,pitcher,0,0,Jonathan Pintaro,ALL,,0.0,,0,702752
38,pitcher,1,1,Jose Cabrera,ALL,1.0,0.02631578947368421,1.0,1,703615
34,pitcher,0,0,Luis Gastelum,ALL,,0.0,,0,703725
106,pitcher,4,4,Parker Messick,ALL,0.75,0.02830188679245283,0.75,3,800048
26,pitcher,1,1,Didier Fuentes,ALL,1.0,0.038461538461538464,1.0,1,800311
61,pitcher,7,7,Jackson Kent,ALL,1.0,0.11475409836065574,1.0,7,800600
45,pitcher,6,6,Payton Tolle,ALL,0.8333333333333334,0.1111111111111111,0.8333333333333334,5,801139
33,pitcher,3,3,Brycen Mautz,ALL,1.0,0.09090909090909091,1.0,3,802408
86,pitcher,5,5,Zac Thornton,ALL,0.8,0.046511627906976744,0.8,4,804267
40,pitcher,0,0,Yunior Marte,ALL,,0.0,,0,805074
31,pitcher,3,3,AJ Blubaugh,ALL,1.0,0.0967741935483871,1.0,3,805123
27,pitcher,3,3,Brandyn Garcia,ALL,0.6666666666666666,0.07407407407407407,0.6666666666666666,2,805299
16,pitcher,2,2,Tyler Schweitzer,ALL,1.0,0.125,1.0,2,805326
31,pitcher,2,2,Trent Harris,ALL,1.0,0.06451612903225806,1.0,2,805345
24,pitcher,0,0,Drew Sommers,ALL,,0.0,,0,805427
93,pitcher,5,5,Zebby Matthews,ALL,0.8,0.043010752688172046,0.8,4,805673
24,pitcher,4,4,Cade Gibson,ALL,0.25,0.041666666666666664,0.25,1,806188
42,pitcher,8,8,Kade Anderson,ALL,0.875,0.16666666666666666,0.875,7,807739
21,pitcher,1,1,Andrew Sears,ALL,1.0,0.047619047619047616,1.0,1,808825
33,pitcher,1,1,Roki Sasaki,ALL,1.0,0.030303030303030304,1.0,1,808963
48,pitcher,6,6,Yoshinobu Yamamoto,ALL,1.0,0.125,1.0,6,808967
96,pitcher,5,5,Ethan Pecko,ALL,0.8,0.041666666666666664,0.8,4,814490
22,pitcher,4,2,Mark Manfredi,ALL,0.5,0.045454545454545456,0.25,1,815081
7,pitcher,0,0,Mitch Farris,ALL,,0.0,,0,815083
35,pitcher,3,3,José Fermin,ALL,1.0,0.08571428571428572,1.0,3,820862
147,umpire,11,11,Laz Diaz,ALL,0.7272727272727273,0.05442176870748299,0.7272727272727273,8,427113
368,umpire,32,32,Doug Eddings,ALL,0.65625,0.057065217391304345,0.65625,21,427139
132,umpire,12,12,Andy Fletcher,ALL,0.9166666666666666,0.08333333333333333,0.9166666666666666,11,427164
331,umpire,26,24,Chris Guccione,ALL,0.75,0.054380664652567974,0.6923076923076923,18,427197
317,umpire,24,19,Marvin Hudson,ALL,0.631578947368421,0.03785488958990536,0.5,12,427243
309,umpire,25,25,Ron Kulpa,ALL,0.8,0.06472491909385113,0.8,20,427292
123,umpire,9,9,Alfonso Márquez,ALL,0.7777777777777778,0.056910569105691054,0.7777777777777778,7,427315
197,umpire,16,16,Bill Miller,ALL,0.5,0.04060913705583756,0.5,8,427344
165,umpire,5,5,Mark Wegner,ALL,0.6,0.01818181818181818,0.6,3,427533
305,umpire,24,24,Hunter Wendelstedt,ALL,0.5416666666666666,0.04262295081967213,0.5416666666666666,13,427537
285,umpire,25,24,Jim Wolf,ALL,0.6666666666666666,0.056140350877192984,0.64,16,427554
142,umpire,10,10,Chad Fairchild,ALL,0.7,0.04929577464788732,0.7,7,431232
354,umpire,26,26,Scott Barry,ALL,0.6538461538461539,0.0480225988700565,0.6538461538461539,17,482608
275,umpire,13,13,Chris Conroy,ALL,0.46153846153846156,0.02181818181818182,0.46153846153846156,6,482620
161,umpire,18,18,Mike Estabrook,ALL,0.6111111111111112,0.06832298136645963,0.6111111111111112,11,482631
116,umpire,14,14,Adrian Johnson,ALL,0.7142857142857143,0.08620689655172414,0.7142857142857143,10,482641
309,umpire,27,26,David Rackley,ALL,0.7307692307692307,0.061488673139158574,0.7037037037037037,19,482663
301,umpire,31,29,Lance Barrett,ALL,0.6551724137931034,0.06312292358803986,0.6129032258064516,19,483561
278,umpire,11,11,Dan Bellino,ALL,0.6363636363636364,0.025179856115107913,0.6363636363636364,7,483564
331,umpire,18,14,Vic Carapazza,ALL,0.7857142857142857,0.03323262839879154,0.6111111111111112,11,483569
130,umpire,6,6,John Tumpane,ALL,0.6666666666666666,0.03076923076923077,0.6666666666666666,4,483630
160,umpire,9,9,Mike Muchlinski,ALL,1.0,0.05625,1.0,9,483912
151,umpire,9,9,Mark Ripperger,ALL,0.8888888888888888,0.052980132450331126,0.8888888888888888,8,483919
160,umpire,13,10,Cory Blaser,ALL,0.6,0.0375,0.46153846153846156,6,484183
323,umpire,24,23,Alan Porter,ALL,0.5652173913043478,0.04024767801857585,0.5416666666666666,13,484198
142,umpire,10,9,Manny Gonzalez,ALL,0.6666666666666666,0.04225352112676056,0.6,6,484499
362,umpire,23,20,Chad Whitson,ALL,0.75,0.04143646408839779,0.6521739130434783,15,489985
138,umpire,8,8,Adam Hamari,ALL,0.875,0.050724637681159424,0.875,7,503077
106,umpire,11,11,Chris Segal,ALL,1.0,0.10377358490566038,1.0,11,503490
198,umpire,17,17,Ryan Blakney,ALL,0.6470588235294118,0.05555555555555555,0.6470588235294118,11,503502
166,umpire,10,10,Tripp Gibson,ALL,0.7,0.04216867469879518,0.7,7,503586
300,umpire,13,13,Quinn Wolcott,ALL,0.9230769230769231,0.04,0.9230769230769231,12,511890
300,umpire,20,15,Nick Mahrley,ALL,0.8,0.04,0.6,12,521051
152,umpire,13,13,Ben May,ALL,1.0,0.08552631578947369,1.0,13,521251
308,umpire,20,20,Nic Lentz,ALL,0.85,0.05519480519480519,0.85,17,544728
310,umpire,26,26,Carlos Torres,ALL,0.8076923076923077,0.06774193548387097,0.8076923076923077,21,547380
140,umpire,12,12,Edwin Moscoso,ALL,0.4166666666666667,0.03571428571428571,0.4166666666666667,5,554242
290,umpire,14,14,Gabe Morales,ALL,0.7857142857142857,0.03793103448275862,0.7857142857142857,11,573597
172,umpire,9,8,Shane Livensparger,ALL,1.0,0.046511627906976744,0.8888888888888888,8,575629
298,umpire,21,21,Roberto Ortiz,ALL,0.8095238095238095,0.05704697986577181,0.8095238095238095,17,577468
305,umpire,10,10,Jansen Visconti,ALL,0.8,0.02622950819672131,0.8,8,596740
156,umpire,5,4,Nestor Ceja,ALL,1.0,0.02564102564102564,0.8,4,598411
369,umpire,24,21,Dan Merzel,ALL,0.7142857142857143,0.04065040650406504,0.625,15,605670
206,umpire,12,12,Charlie Ramos,ALL,0.5833333333333334,0.03398058252427184,0.5833333333333334,7,605671
158,umpire,11,11,Alex Tosi,ALL,0.7272727272727273,0.05063291139240506,0.7272727272727273,8,605673
288,umpire,13,12,Paul Clemons,ALL,0.6666666666666666,0.027777777777777776,0.6153846153846154,8,607884
287,umpire,26,26,Nate Tomlinson,ALL,0.9230769230769231,0.08362369337979095,0.9230769230769231,24,608158
140,umpire,8,8,Emil Jimenez,ALL,0.5,0.02857142857142857,0.5,4,621660
330,umpire,13,13,Erich Bacchus,ALL,0.6923076923076923,0.02727272727272727,0.6923076923076923,9,623938
150,umpire,9,9,Alex MacKay,ALL,0.8888888888888888,0.05333333333333334,0.8888888888888888,8,623945
280,umpire,19,16,Malachi Moore,ALL,0.6875,0.039285714285714285,0.5789473684210527,11,623946
333,umpire,24,20,Clint Vondrak,ALL,0.8,0.04804804804804805,0.6666666666666666,16,623949
308,umpire,19,19,Brennan Miller,ALL,0.8421052631578947,0.05194805194805195,0.8421052631578947,16,639723
154,umpire,9,8,Jacob Metz,ALL,0.75,0.03896103896103896,0.6666666666666666,6,658082
173,umpire,8,8,Tyler Jones,ALL,0.75,0.03468208092485549,0.75,6,658325
305,umpire,16,15,Edwin Jimenez,ALL,0.6,0.029508196721311476,0.5625,9,664263
260,umpire,18,18,Brian Walsh,ALL,0.7222222222222222,0.05,0.7222222222222222,13,665281
139,umpire,9,9,Tom Hanahan,ALL,0.5555555555555556,0.03597122302158273,0.5555555555555556,5,665297
123,umpire,7,7,Dexter Kelley,ALL,0.7142857142857143,0.04065040650406504,0.7142857142857143,5,665298
292,umpire,18,18,Steven Jaschinski,ALL,0.8333333333333334,0.05136986301369863,0.8333333333333334,15,676580
302,umpire,22,21,Willie Traynor,ALL,0.8571428571428571,0.059602649006622516,0.8181818181818182,18,691042
2667,base_state,289,278,,OFFENSE,0.7985611510791367,0.08323959505061868,0.7681660899653979,222,000
78,base_state,7,7,,OFFENSE,1.0,0.08974358974358974,1.0,7,001
279,base_state,42,41,,OFFENSE,0.7073170731707317,0.1039426523297491,0.6904761904761905,29,010
76,base_state,17,16,,OFFENSE,0.4375,0.09210526315789473,0.4117647058823529,7,011
820,base_state,104,96,,OFFENSE,0.875,0.1024390243902439,0.8076923076923077,84,100
109,base_state,12,11,,OFFENSE,0.7272727272727273,0.07339449541284404,0.6666666666666666,8,101
267,base_state,29,27,,OFFENSE,0.8518518518518519,0.08614232209737828,0.7931034482758621,23,110
100,base_state,9,8,,OFFENSE,1.0,0.08,0.8888888888888888,8,111
7,batter,1,1,Miguel Rojas,OFFENSE,1.0,0.14285714285714285,1.0,1,500743
7,batter,0,0,Paul Goldschmidt,OFFENSE,,0.0,,0,502671
18,batter,2,2,Jose Altuve,OFFENSE,0.5,0.05555555555555555,0.5,1,514888
4,batter,0,0,Travis d'Arnaud,OFFENSE,,0.0,,0,518595
8,batter,2,2,Freddie Freeman,OFFENSE,1.0,0.25,1.0,2,518692
13,batter,2,2,Salvador Perez,OFFENSE,1.0,0.15384615384615385,1.0,2,521692
4,batter,2,2,James McCann,OFFENSE,1.0,0.5,1.0,2,543510
6,batter,1,1,Marcus Semien,OFFENSE,1.0,0.16666666666666666,1.0,1,543760
6,batter,2,2,George Springer,OFFENSE,1.0,0.3333333333333333,1.0,2,543807
5,batter,0,0,Christian Vázquez,OFFENSE,,0.0,,0,543877
15,batter,3,3,Ildemaro Vargas,OFFENSE,1.0,0.2,1.0,3,545121
3,batter,0,0,Randal Grichuk,OFFENSE,,0.0,,0,545341
22,batter,2,2,Mike Trout,OFFENSE,1.0,0.09090909090909091,1.0,2,545361
11,batter,1,1,Bryce Harper,OFFENSE,1.0,0.09090909090909091,1.0,1,547180
12,batter,1,1,Elias Díaz,OFFENSE,1.0,0.08333333333333333,1.0,1,553869
14,batter,2,2,Eugenio Suárez,OFFENSE,1.0,0.14285714285714285,1.0,2,553993
17,batter,4,4,Nolan Arenado,OFFENSE,0.75,0.17647058823529413,0.75,3,571448
7,batter,1,1,Enrique Hernández,OFFENSE,1.0,0.14285714285714285,1.0,1,571771
4,batter,0,0,Luke Maile,OFFENSE,,0.0,,0,571912
11,batter,1,1,Max Muncy,OFFENSE,1.0,0.09090909090909091,1.0,1,571970
14,batter,2,1,Christian Walker,OFFENSE,1.0,0.07142857142857142,0.5,1,572233
12,batter,4,4,Mike Yastrzemski,OFFENSE,1.0,0.3333333333333333,1.0,4,573262
21,batter,4,4,Willson Contreras,OFFENSE,0.75,0.14285714285714285,0.75,3,575929
21,batter,3,3,Manny Machado,OFFENSE,0.6666666666666666,0.09523809523809523,0.6666666666666666,2,592518
7,batter,3,3,Joc Pederson,OFFENSE,1.0,0.42857142857142855,1.0,3,592626
8,batter,3,2,J.T. Realmuto,OFFENSE,1.0,0.25,0.6666666666666666,2,592663
7,batter,0,0,Christian Yelich,OFFENSE,,0.0,,0,592885
14,batter,1,1,Xander Bogaerts,OFFENSE,0.0,0.0,0.0,0,593428
10,batter,1,1,Javier Báez,OFFENSE,0.0,0.0,0.0,0,595879
14,batter,1,1,Austin Hedges,OFFENSE,1.0,0.07142857142857142,1.0,1,595978
19,batter,1,1,Francisco Lindor,OFFENSE,1.0,0.05263157894736842,1.0,1,596019
2,batter,1,1,Trevor Story,OFFENSE,1.0,0.5,1.0,1,596115
1,batter,0,0,Garrett Stubbs,OFFENSE,,0.0,,0,596117
11,batter,0,0,Gary Sánchez,OFFENSE,,0.0,,0,596142
6,batter,1,1,Max Kepler,OFFENSE,0.0,0.0,0.0,0,596146
9,batter,0,0,Ramón Urías,OFFENSE,,0.0,,0,602104
15,batter,1,1,Josh Bell,OFFENSE,1.0,0.06666666666666667,1.0,1,605137
24,batter,2,2,Mookie Betts,OFFENSE,1.0,0.08333333333333333,1.0,2,605141
6,batter,0,0,Victor Caratini,OFFENSE,,0.0,,0,605170
12,batter,1,1,Teoscar Hernández,OFFENSE,1.0,0.08333333333333333,1.0,1,606192
15,batter,3,3,Brandon Nimmo,OFFENSE,0.6666666666666666,0.13333333333333333,0.6666666666666666,2,607043
13,batter,0,0,Trea Turner,OFFENSE,,0.0,,0,607208
19,batter,1,1,José Ramírez,OFFENSE,1.0,0.05263157894736842,1.0,1,608070
24,batter,4,3,Alex Bregman,OFFENSE,0.6666666666666666,0.08333333333333333,0.5,2,608324
8,batter,3,2,Carson Kelly,OFFENSE,0.5,0.125,0.3333333333333333,1,608348
6,batter,0,0,Corey Seager,OFFENSE,,0.0,,0,608369
7,batter,0,0,Luis Torrens,OFFENSE,,0.0,,0,620443
7,batter,0,0,Tyrone Taylor,OFFENSE,,0.0,,0,621438
4,batter,2,2,Byron Buxton,OFFENSE,0.5,0.25,0.5,1,621439
24,batter,2,2,Taylor Ward,OFFENSE,1.0,0.08333333333333333,1.0,2,621493
3,batter,0,0,Patrick Wisdom,OFFENSE,,0.0,,0,621550
11,batter,0,0,Matt Olson,OFFENSE,,0.0,,0,621566
8,batter,1,1,Donovan Walton,OFFENSE,0.0,0.0,0.0,0,622268
9,batter,2,2,Jorge Mateo,OFFENSE,0.5,0.1111111111111111,0.5,1,622761
4,batter,0,0,Tyler Heineman,OFFENSE,,0.0,,0,623168
15,batter,3,3,Pete Alonso,OFFENSE,1.0,0.2,1.0,3,624413
6,batter,1,1,Michael Conforto,OFFENSE,1.0,0.16666666666666666,1.0,1,624424
3,batter,0,0,Adam Frazier,OFFENSE,,0.0,,0,624428
11,batter,0,0,Jose Trevino,OFFENSE,,0.0,,0,624431
4,batter,0,0,Edmundo Sosa,OFFENSE,,0.0,,0,624641
22,batter,3,3,Jake Cronenworth,OFFENSE,0.6666666666666666,0.09090909090909091,0.6666666666666666,2,630105
4,batter,0,0,Brian Navarreto,OFFENSE,,0.0,,0,640459
2,batter,1,1,Jhonny Pereda,OFFENSE,1.0,0.5,1.0,1,640902
11,batter,1,1,Jake Bauers,OFFENSE,0.0,0.0,0.0,0,641343
13,batter,1,1,Cody Bellinger,OFFENSE,1.0,0.07692307692307693,1.0,1,641355
17,batter,0,0,J.P. Crawford,OFFENSE,,0.0,,0,641487
9,batter,2,2,Jonah Heim,OFFENSE,0.5,0.1111111111111111,0.5,1,641680
1,batter,0,0,Dominic Smith,OFFENSE,,0.0,,0,642086
5,batter,0,0,Eli White,OFFENSE,,0.0,,0,642201
7,batter,2,2,Weston Wilson,OFFENSE,1.0,0.2857142857142857,1.0,2,642215
12,batter,1,1,Jose Siri,OFFENSE,1.0,0.08333333333333333,1.0,1,642350
3,batter,1,0,Amed Rosario,OFFENSE,,0.0,0.0,0,642708
5,batter,1,1,Andrew Benintendi,OFFENSE,1.0,0.2,1.0,1,643217
12,batter,4,4,Mauricio Dubón,OFFENSE,1.0,0.3333333333333333,1.0,4,643289
5,batter,0,0,Danny Jansen,OFFENSE,,0.0,,0,643376
3,batter,1,1,Jeff McNeil,OFFENSE,0.0,0.0,0.0,0,643446
11,batter,0,0,Ozzie Albies,OFFENSE,,0.0,,0,645277
4,batter,0,0,Ali Sánchez,OFFENSE,,0.0,,0,645305
18,batter,1,1,Rafael Devers,OFFENSE,1.0,0.05555555555555555,1.0,1,646240
7,batter,0,0,Josh Naylor,OFFENSE,,0.0,,0,647304
18,batter,2,2,Luis Arraez,OFFENSE,1.0,0.1111111111111111,1.0,2,650333
17,batter,1,1,Gleyber Torres,OFFENSE,1.0,0.058823529411764705,1.0,1,650402
15,batter,5,5,Willi Castro,OFFENSE,0.8,0.26666666666666666,0.8,4,650489
16,batter,4,4,Yandy Díaz,OFFENSE,1.0,0.25,1.0,4,650490
6,batter,0,0,Bryan De La Cruz,OFFENSE,,0.0,,0,650559
13,batter,2,2,Luis Rengifo,OFFENSE,1.0,0.15384615384615385,1.0,2,650859
12,batter,1,1,Andruw Monasterio,OFFENSE,1.0,0.08333333333333333,1.0,1,655316
2,batter,0,0,Derek Hill,OFFENSE,,0.0,,0,656537
5,batter,1,1,Zach McKinstry,OFFENSE,1.0,0.2,1.0,1,656716
11,batter,0,0,Cedric Mullins,OFFENSE,,0.0,,0,656775
24,batter,2,2,Kyle Schwarber,OFFENSE,0.5,0.041666666666666664,0.5,1,656941
8,batter,1,1,Lane Thomas,OFFENSE,1.0,0.125,1.0,1,657041
10,batter,1,1,Connor Wong,OFFENSE,1.0,0.1,1.0,1,657136
5,batter,0,0,Gavin Sheets,OFFENSE,,0.0,,0,657757
17,batter,3,3,Shohei Ohtani,OFFENSE,1.0,0.17647058823529413,1.0,3,660271
12,batter,3,3,Ronald Acuña Jr.,OFFENSE,0.6666666666666666,0.16666666666666666,0.6666666666666666,2,660670
6,batter,1,0,Keibert Ruiz,OFFENSE,,0.0,0.0,0,660688
7,batter,3,3,Jesús Sánchez,OFFENSE,0.6666666666666666,0.2857142857142857,0.6666666666666666,2,660821
18,batter,7,7,William Contreras,OFFENSE,0.8571428571428571,0.3333333333333333,0.8571428571428571,6,661388
4,batter,0,0,Brian Serven,OFFENSE,,0.0,,0,661531
15,batter,5,5,Daulton Varsho,OFFENSE,0.8,0.26666666666666666,0.8,4,662139
6,batter,1,1,Jahmai Jones,OFFENSE,0.0,0.0,0.0,0,663330
20,batter,1,1,Lars Nootbaar,OFFENSE,1.0,0.05,1.0,1,663457
3,batter,0,0,Bryan Torres,OFFENSE,,0.0,,0,663494
16,batter,1,1,Nico Hoerner,OFFENSE,1.0,0.0625,1.0,1,663538
9,batter,1,1,Austin Riley,OFFENSE,1.0,0.1111111111111111,1.0,1,663586
10,batter,1,1,Trevor Larnach,OFFENSE,1.0,0.1,1.0,1,663616
5,batter,0,0,Ke'Bryan Hayes,OFFENSE,,0.0,,0,663647
8,batter,0,0,Kyle Tucker,OFFENSE,,0.0,,0,663656
5,batter,1,1,Daz Cameron,OFFENSE,0.0,0.0,0.0,0,663662
13,batter,0,0,Cal Raleigh,OFFENSE,,0.0,,0,663728
3,batter,0,0,Nick Fortes,OFFENSE,,0.0,,0,663743
23,batter,3,3,Trent Grisham,OFFENSE,1.0,0.13043478260869565,1.0,3,663757
18,batter,3,3,Tyler Stephenson,OFFENSE,1.0,0.16666666666666666,1.0,3,663886
15,batter,3,3,Jake Mangum,OFFENSE,0.3333333333333333,0.06666666666666667,0.3333333333333333,1,663968
16,batter,0,0,Nathaniel Lowe,OFFENSE,,0.0,,0,663993
17,batter,0,0,Ian Happ,OFFENSE,,0.0,,0,664023
10,batter,2,2,Ty France,OFFENSE,0.5,0.1,0.5,1,664034
13,batter,2,2,Brandon Lowe,OFFENSE,1.0,0.15384615384615385,1.0,2,664040
17,batter,3,3,Myles Straw,OFFENSE,0.3333333333333333,0.058823529411764705,0.3333333333333333,1,664702
10,batter,1,1,Kyle Isbel,OFFENSE,1.0,0.1,1.0,1,664728
15,batter,3,3,Alec Bohm,OFFENSE,0.6666666666666666,0.13333333333333333,0.6666666666666666,2,664761
11,batter,1,1,Nathan Lukes,OFFENSE,1.0,0.09090909090909091,1.0,1,664770
7,batter,0,0,LaMonte Wade Jr.,OFFENSE,,0.0,,0,664774
8,batter,0,0,Brett Sullivan,OFFENSE,,0.0,,0,664954
11,batter,3,2,Jake McCarthy,OFFENSE,0.5,0.09090909090909091,0.3333333333333333,1,664983
16,batter,1,1,Kody Clemens,OFFENSE,1.0,0.0625,1.0,1,665019
14,batter,1,1,Griffin Conine,OFFENSE,1.0,0.07142857142857142,1.0,1,665052
16,batter,0,0,Jeremy Peña,OFFENSE,,0.0,,0,665161
12,batter,1,1,Fernando Tatis Jr.,OFFENSE,1.0,0.08333333333333333,1.0,1,665487
8,batter,0,0,Vladimir Guerrero Jr.,OFFENSE,,0.0,,0,665489
7,batter,2,2,Juan Soto,OFFENSE,1.0,0.2857142857142857,1.0,2,665742
18,batter,1,1,Leody Taveras,OFFENSE,1.0,0.05555555555555555,1.0,1,665750
2,batter,0,0,Miguel Amaya,OFFENSE,,0.0,,0,665804
20,batter,3,3,Oneil Cruz,OFFENSE,1.0,0.15,1.0,3,665833
14,batter,0,0,Jazz Chisholm Jr.,OFFENSE,,0.0,,0,665862
24,batter,3,3,José Fermín,OFFENSE,1.0,0.125,1.0,3,665877
10,batter,3,3,Esteury Ruiz,OFFENSE,0.3333333333333333,0.1,0.3333333333333333,1,665923
7,batter,0,0,Andrés Giménez,OFFENSE,,0.0,,0,665926
8,batter,3,3,Andrés Chaparro,OFFENSE,1.0,0.375,1.0,3,665953
7,batter,0,0,Carlos Narváez,OFFENSE,,0.0,,0,665966
16,batter,2,2,Jonathan Aranda,OFFENSE,1.0,0.125,1.0,2,666018
8,batter,0,0,Freddy Fermin,OFFENSE,,0.0,,0,666023
14,batter,2,2,Carlos Cortes,OFFENSE,0.5,0.07142857142857142,0.5,1,666126
6,batter,0,0,Josh Lowe,OFFENSE,,0.0,,0,666139
11,batter,2,2,David Hamilton,OFFENSE,1.0,0.18181818181818182,1.0,2,666152
6,batter,1,1,Mickey Moniak,OFFENSE,1.0,0.16666666666666666,1.0,1,666160
8,batter,0,0,Ben Rortvedt,OFFENSE,,0.0,,0,666163
11,batter,3,3,Jo Adell,OFFENSE,1.0,0.2727272727272727,1.0,3,666176
12,batter,1,1,Bo Bichette,OFFENSE,1.0,0.08333333333333333,1.0,1,666182
10,batter,2,2,Taylor Trammell,OFFENSE,1.0,0.2,1.0,2,666211
9,batter,0,0,Christopher Morel,OFFENSE,,0.0,,0,666624
1,batter,0,0,Corey Julks,OFFENSE,,0.0,,0,667452
15,batter,1,1,Dane Myers,OFFENSE,0.0,0.0,0.0,0,667472
27,batter,4,4,Randy Arozarena,OFFENSE,1.0,0.14814814814814814,1.0,4,668227
8,batter,2,2,Jake Rogers,OFFENSE,1.0,0.25,1.0,2,668670
20,batter,3,3,JJ Bleday,OFFENSE,0.3333333333333333,0.05,0.3333333333333333,1,668709
5,batter,1,1,Ryan Vilade,OFFENSE,1.0,0.2,1.0,1,668723
6,batter,0,0,Andrew Knizner,OFFENSE,,0.0,,0,668800
11,batter,3,2,Bryan Reynolds,OFFENSE,0.5,0.09090909090909091,0.3333333333333333,1,668804
6,batter,3,3,Royce Lewis,OFFENSE,1.0,0.5,1.0,3,668904
22,batter,2,2,Brice Turang,OFFENSE,1.0,0.09090909090909091,1.0,2,668930
16,batter,2,2,Adley Rutschman,OFFENSE,1.0,0.125,1.0,2,668939
7,batter,0,0,Josh Rojas,OFFENSE,,0.0,,0,668942
4,batter,1,1,Ryan Kreidler,OFFENSE,0.0,0.0,0.0,0,668952
12,batter,3,3,Garrett Mitchell,OFFENSE,1.0,0.25,1.0,3,669003
13,batter,1,1,Brandon Marsh,OFFENSE,1.0,0.07692307692307693,1.0,1,669016
9,batter,1,1,Kyle Stowers,OFFENSE,0.0,0.0,0.0,0,669065
5,batter,0,0,Luis Campusano,OFFENSE,,0.0,,0,669134
3,batter,0,0,Sean Murphy,OFFENSE,,0.0,,0,669221
15,batter,1,1,Austin Wells,OFFENSE,0.0,0.0,0.0,0,669224
17,batter,1,1,Tommy Edman,OFFENSE,1.0,0.058823529411764705,1.0,1,669242
3,batter,0,0,Bryce Teodosio,OFFENSE,,0.0,,0,669326
17,batter,1,1,Nolan Gorman,OFFENSE,1.0,0.058823529411764705,1.0,1,669357
12,batter,3,3,Xavier Edwards,OFFENSE,0.6666666666666666,0.16666666666666666,0.6666666666666666,2,669364
1,batter,0,0,Samad Taylor,OFFENSE,,0.0,,0,669392
16,batter,3,3,Jake Burger,OFFENSE,0.3333333333333333,0.0625,0.3333333333333333,1,669394
4,batter,0,0,Nick Allen,OFFENSE,,0.0,,0,669397
16,batter,1,1,Jared Triolo,OFFENSE,1.0,0.0625,1.0,1,669707
3,batter,1,1,Austin Hays,OFFENSE,1.0,0.3333333333333333,1.0,1,669720
8,batter,0,0,Alex Call,OFFENSE,,0.0,,0,669743
1,batter,0,0,Nicky Lopez,OFFENSE,,0.0,,0,670032
16,batter,1,1,John Rave,OFFENSE,1.0,0.0625,1.0,1,670231
15,batter,1,1,Yordan Alvarez,OFFENSE,1.0,0.06666666666666667,1.0,1,670541
21,batter,2,2,Isaac Paredes,OFFENSE,1.0,0.09523809523809523,1.0,2,670623
16,batter,2,2,Taylor Walls,OFFENSE,1.0,0.125,1.0,2,670764
7,batter,0,0,TJ Friedl,OFFENSE,,0.0,,0,670770
25,batter,0,0,Iván Herrera,OFFENSE,,0.0,,0,671056
6,batter,1,1,Buddy Kennedy,OFFENSE,1.0,0.16666666666666666,1.0,1,671083
3,batter,0,0,Ivan Johnson,OFFENSE,,0.0,,0,671155
10,batter,1,1,Heliot Ramos,OFFENSE,1.0,0.1,1.0,1,671218
11,batter,1,1,Luis García Jr.,OFFENSE,1.0,0.09090909090909091,1.0,1,671277
14,batter,2,2,Lawrence Butler,OFFENSE,0.0,0.0,0.0,0,671732
12,batter,1,1,Michael Harris II,OFFENSE,1.0,0.08333333333333333,1.0,1,671739
10,batter,0,0,Tristan Peters,OFFENSE,,0.0,,0,671976
5,batter,0,0,Patrick Bailey,OFFENSE,,0.0,,0,672275
1,batter,0,0,Gabriel Arias,OFFENSE,,0.0,,0,672356
15,batter,1,1,Alejandro Kirk,OFFENSE,1.0,0.06666666666666667,1.0,1,672386
22,batter,4,4,Gabriel Moreno,OFFENSE,1.0,0.18181818181818182,1.0,4,672515
1,batter,1,1,Gustavo Campero,OFFENSE,1.0,1.0,1.0,1,672569
19,batter,2,2,Otto Lopez,OFFENSE,1.0,0.10526315789473684,1.0,2,672640
30,batter,2,2,Geraldo Perdomo,OFFENSE,1.0,0.06666666666666667,1.0,2,672695
10,batter,2,2,Oswald Peraza,OFFENSE,0.5,0.1,0.5,1,672724
14,batter,3,3,Kazuma Okamoto,OFFENSE,1.0,0.21428571428571427,1.0,3,672960
6,batter,1,0,Yainer Diaz,OFFENSE,,0.0,0.0,0,673237
9,batter,0,0,Luis Robert Jr.,OFFENSE,,0.0,,0,673357
9,batter,1,1,Ha-Seong Kim,OFFENSE,0.0,0.0,0.0,0,673490
31,batter,6,6,Seiya Suzuki,OFFENSE,0.6666666666666666,0.12903225806451613,0.6666666666666666,4,673548
10,batter,2,2,Alika Williams,OFFENSE,0.5,0.1,0.5,1,675961
15,batter,2,2,Jonny DeLuca,OFFENSE,0.5,0.06666666666666667,0.5,1,676356
7,batter,0,0,Nelson Velázquez,OFFENSE,,0.0,,0,676369
7,batter,0,0,Ernie Clement,OFFENSE,,0.0,,0,676391
7,batter,0,0,Hunter Feduccia,OFFENSE,,0.0,,0,676439
11,batter,1,1,Alec Burleson,OFFENSE,1.0,0.09090909090909091,1.0,1,676475
12,batter,3,2,José Caballero,OFFENSE,0.5,0.08333333333333333,0.3333333333333333,1,676609
14,batter,1,1,Jared Young,OFFENSE,1.0,0.07142857142857142,1.0,1,676724
10,batter,2,2,Brayan Rocchio,OFFENSE,1.0,0.2,1.0,2,677587
5,batter,0,0,José Tena,OFFENSE,,0.0,,0,677588
23,batter,3,2,Julio Rodríguez,OFFENSE,1.0,0.08695652173913043,0.6666666666666666,2,677594
18,batter,2,2,Ezequiel Duran,OFFENSE,1.0,0.1111111111111111,1.0,2,677649
26,batter,4,4,Wilyer Abreu,OFFENSE,0.5,0.07692307692307693,0.5,2,677800
12,batter,1,1,Leo Jiménez,OFFENSE,1.0,0.08333333333333333,1.0,1,677870
2,batter,0,0,Blaze Alexander,OFFENSE,,0.0,,0,677942
4,batter,0,0,Alek Thomas,OFFENSE,,0.0,,0,677950
16,batter,1,1,Bobby Witt Jr.,OFFENSE,1.0,0.0625,1.0,1,677951
10,batter,4,4,Anthony Seigler,OFFENSE,0.75,0.3,0.75,3,678011
23,batter,6,6,Miguel Vargas,OFFENSE,0.6666666666666666,0.17391304347826086,0.6666666666666666,4,678246
12,batter,2,2,Jorbit Vivas,OFFENSE,0.5,0.08333333333333333,0.5,1,678391
13,batter,0,0,Osleivis Basabe,OFFENSE,,0.0,,0,678545
8,batter,1,1,Ezequiel Tovar,OFFENSE,0.0,0.0,0.0,0,678662
14,batter,2,2,Ceddanne Rafaela,OFFENSE,1.0,0.14285714285714285,1.0,2,678882
14,batter,1,1,Spencer Torkelson,OFFENSE,1.0,0.07142857142857142,1.0,1,679529
13,batter,1,1,Justin Foscue,OFFENSE,0.0,0.0,0.0,0,679822
16,batter,1,1,Nick Loftin,OFFENSE,1.0,0.0625,1.0,1,679845
15,batter,3,3,Matt McLain,OFFENSE,1.0,0.2,1.0,3,680574
6,batter,1,1,Eduardo Valencia,OFFENSE,1.0,0.16666666666666666,1.0,1,680664
7,batter,1,1,Richie Palacios,OFFENSE,1.0,0.14285714285714285,1.0,1,680700
30,batter,3,3,Steven Kwan,OFFENSE,0.6666666666666666,0.06666666666666667,0.6666666666666666,2,680757
6,batter,0,0,Jarren Duran,OFFENSE,,0.0,,0,680776
20,batter,2,2,Ryan Jeffers,OFFENSE,1.0,0.1,1.0,2,680777
1,batter,0,0,Henry Davis,OFFENSE,,0.0,,0,680779
21,batter,1,1,Zack Gelof,OFFENSE,1.0,0.047619047619047616,1.0,1,680869
9,batter,2,2,Christian Franklin,OFFENSE,1.0,0.2222222222222222,1.0,2,681047
26,batter,6,6,Bryson Stott,OFFENSE,1.0,0.23076923076923078,1.0,6,681082
24,batter,1,1,TJ Rumfield,OFFENSE,1.0,0.041666666666666664,1.0,1,681198
17,batter,1,1,Colton Cowser,OFFENSE,1.0,0.058823529411764705,1.0,1,681297
4,batter,0,0,Logan O'Hoppe,OFFENSE,,0.0,,0,681351
13,batter,1,1,Connor Norby,OFFENSE,1.0,0.07692307692307693,1.0,1,681393
9,batter,1,1,Mickey Gasper,OFFENSE,1.0,0.1111111111111111,1.0,1,681508
17,batter,4,4,Heriberto Hernández,OFFENSE,1.0,0.23529411764705882,1.0,4,681715
5,batter,0,0,David Fry,OFFENSE,,0.0,,0,681807
7,batter,0,0,Francisco Alvarez,OFFENSE,,0.0,,0,682626
14,batter,2,2,Angel Martínez,OFFENSE,0.5,0.07142857142857142,0.5,1,682657
7,batter,1,1,Agustín Ramírez,OFFENSE,1.0,0.14285714285714285,1.0,1,682663
1,batter,1,1,Luisangel Acuña,OFFENSE,1.0,1.0,1.0,1,682668
19,batter,1,1,Elly De La Cruz,OFFENSE,1.0,0.05263157894736842,1.0,1,682829
13,batter,0,0,CJ Abrams,OFFENSE,,0.0,,0,682928
6,batter,1,1,Spencer Jones,OFFENSE,1.0,0.16666666666666666,1.0,1,682987
24,batter,2,2,Corbin Carroll,OFFENSE,1.0,0.08333333333333333,1.0,2,682998
12,batter,2,2,Gunnar Henderson,OFFENSE,0.5,0.08333333333333333,0.5,1,683002
5,batter,0,0,Michael Stefanic,OFFENSE,,0.0,,0,683021
7,batter,3,2,Nasim Nuñez,OFFENSE,1.0,0.2857142857142857,0.6666666666666666,2,683083
2,batter,0,0,Matthew Lugo,OFFENSE,,0.0,,0,683090
10,batter,1,0,Brett Baty,OFFENSE,,0.0,0.0,0,683146
23,batter,1,1,Cody Freeman,OFFENSE,1.0,0.043478260869565216,1.0,1,683227
9,batter,1,1,Owen Caissie,OFFENSE,0.0,0.0,0.0,0,683357
22,batter,1,1,Andrew Vaughn,OFFENSE,1.0,0.045454545454545456,1.0,1,683734
19,batter,4,4,Michael Busch,OFFENSE,1.0,0.21052631578947367,1.0,4,683737
19,batter,1,1,Christian Koss,OFFENSE,1.0,0.05263157894736842,1.0,1,683766
15,batter,1,1,Travis Bazzana,OFFENSE,0.0,0.0,0.0,0,683953
8,batter,1,1,Wade Meckler,OFFENSE,1.0,0.125,1.0,1,685133
11,batter,0,0,Sal Frelick,OFFENSE,,0.0,,0,686217
9,batter,1,1,Vinnie Pasquantino,OFFENSE,1.0,0.1111111111111111,1.0,1,686469
8,batter,1,1,Tyler Tolbert,OFFENSE,1.0,0.125,1.0,1,686475
16,batter,2,2,Dominic Canzone,OFFENSE,1.0,0.125,1.0,2,686527
11,batter,1,1,Isaac Collins,OFFENSE,1.0,0.09090909090909091,1.0,1,686555
14,batter,1,1,Dylan Crews,OFFENSE,1.0,0.07142857142857142,1.0,1,686611
4,batter,0,0,Brenton Doyle,OFFENSE,,0.0,,0,686668
2,batter,0,0,Michael Massey,OFFENSE,,0.0,,0,686681
34,batter,3,3,Nick Sogard,OFFENSE,0.3333333333333333,0.029411764705882353,0.3333333333333333,1,686765
3,batter,0,0,Pedro Pagés,OFFENSE,,0.0,,0,686780
11,batter,3,2,Brooks Lee,OFFENSE,1.0,0.18181818181818182,0.6666666666666666,2,686797
14,batter,1,1,Drake Baldwin,OFFENSE,1.0,0.07142857142857142,1.0,1,686948
15,batter,1,1,Vaughn Grissom,OFFENSE,1.0,0.06666666666666667,1.0,1,687093
3,batter,0,0,Darell Hernaiz,OFFENSE,,0.0,,0,687231
15,batter,3,3,Zach Neto,OFFENSE,1.0,0.2,1.0,3,687263
12,batter,1,1,Joey Ortiz,OFFENSE,1.0,0.08333333333333333,1.0,1,687401
24,batter,3,3,Spencer Horwitz,OFFENSE,1.0,0.125,1.0,3,687462
6,batter,0,0,Grant McCray,OFFENSE,,0.0,,0,687529
12,batter,2,2,Drew Gilbert,OFFENSE,1.0,0.16666666666666666,1.0,2,687551
11,batter,0,0,Jordan Beck,OFFENSE,,0.0,,0,687597
1,batter,0,0,Andrew Pinckney,OFFENSE,,0.0,,0,687605
18,batter,2,1,Dylan Beavers,OFFENSE,1.0,0.05555555555555555,0.5,1,687637
1,batter,1,1,Jase Bowen,OFFENSE,1.0,1.0,1.0,1,687749
6,batter,0,0,Troy Johnston,OFFENSE,,0.0,,0,687859
10,batter,0,0,Christian Encarnacion-Strand,OFFENSE,,0.0,,0,687952
4,batter,2,2,Dustin Harris,OFFENSE,1.0,0.5,1.0,2,687957
6,batter,0,0,Liam Hicks,OFFENSE,,0.0,,0,689414
7,batter,0,0,Ryan Ritter,OFFENSE,,0.0,,0,690022
1,batter,0,0,Braxton Fulford,OFFENSE,,0.0,,0,690924
1,batter,0,0,Petey Halpin,OFFENSE,,0.0,,0,690984
17,batter,4,4,Colt Keith,OFFENSE,0.5,0.11764705882352941,0.5,2,690993
8,batter,1,1,Drew Romo,OFFENSE,0.0,0.0,0.0,0,691011
13,batter,3,3,Jordan Walker,OFFENSE,0.3333333333333333,0.07692307692307693,0.3333333333333333,1,691023
21,batter,4,4,Junior Caminero,OFFENSE,1.0,0.19047619047619047,1.0,4,691406
1,batter,0,0,Blaze Jordan,OFFENSE,,0.0,,0,691458
19,batter,1,1,Javier Sanoja,OFFENSE,1.0,0.05263157894736842,1.0,1,691594
18,batter,4,4,Pete Crow-Armstrong,OFFENSE,0.25,0.05555555555555555,0.25,1,691718
14,batter,0,0,Coby Mayo,OFFENSE,,0.0,,0,691723
2,batter,0,0,Zac Veen,OFFENSE,,0.0,,0,691728
6,batter,0,0,Max Muncy,OFFENSE,,0.0,,0,691777
10,batter,1,0,Brady House,OFFENSE,,0.0,0.0,0,691781
8,batter,2,2,Jordan Lawlar,OFFENSE,1.0,0.25,1.0,2,691783
11,batter,1,1,Joe Mack,OFFENSE,1.0,0.09090909090909091,1.0,1,691788
13,batter,2,2,Nick Gonzales,OFFENSE,0.5,0.07692307692307693,0.5,1,693304
12,batter,3,3,Dillon Dingler,OFFENSE,1.0,0.25,1.0,3,693307
12,batter,0,0,Jackson Chourio,OFFENSE,,0.0,,0,694192
14,batter,4,4,Angel Genao,OFFENSE,1.0,0.2857142857142857,1.0,4,694197
16,batter,1,1,Denzer Guzman,OFFENSE,1.0,0.0625,1.0,1,694203
10,batter,0,0,Moisés Ballesteros,OFFENSE,,0.0,,0,694208
13,batter,1,1,Samuel Basallo,OFFENSE,0.0,0.0,0.0,0,694212
15,batter,2,1,Cole Carrigg,OFFENSE,0.0,0.0,0.0,0,694249
18,batter,1,1,Tim Tawa,OFFENSE,1.0,0.05555555555555555,1.0,1,694374
14,batter,1,1,Shay Whitcomb,OFFENSE,1.0,0.07142857142857142,1.0,1,694376
6,batter,0,0,Nick Yorke,OFFENSE,,0.0,,0,694377
6,batter,2,2,Jacob Gonzalez,OFFENSE,1.0,0.3333333333333333,1.0,2,694378
9,batter,0,0,Evan Carter,OFFENSE,,0.0,,0,694497
17,batter,2,2,Wyatt Langford,OFFENSE,1.0,0.11764705882352941,1.0,2,694671
10,batter,0,0,Abimelec Ortiz,OFFENSE,,0.0,,0,694673
3,batter,0,0,Thomas Saggese,OFFENSE,,0.0,,0,695336
2,batter,0,0,Edwin Arroyo,OFFENSE,,0.0,,0,695490
12,batter,1,1,Joshua Báez,OFFENSE,0.0,0.0,0.0,0,695491
8,batter,1,1,Jac Caglianone,OFFENSE,1.0,0.125,1.0,1,695506
21,batter,1,1,Carter Jensen,OFFENSE,1.0,0.047619047619047616,1.0,1,695600
10,batter,1,1,Colson Montgomery,OFFENSE,1.0,0.1,1.0,1,695657
5,batter,0,0,Harry Ford,OFFENSE,,0.0,,0,695670
18,batter,1,1,Christian Moore,OFFENSE,1.0,0.05555555555555555,1.0,1,695681
17,batter,3,3,Tommy White,OFFENSE,1.0,0.17647058823529413,1.0,3,695720
5,batter,0,0,Braden Montgomery,OFFENSE,,0.0,,0,695731
12,batter,2,2,Daylen Lile,OFFENSE,1.0,0.16666666666666666,1.0,2,695734
8,batter,3,2,Hunter Goodman,OFFENSE,1.0,0.25,0.6666666666666666,2,696100
8,batter,1,0,Jacob Young,OFFENSE,,0.0,0.0,0,696285
12,batter,2,1,Esmerlyn Valdez,OFFENSE,1.0,0.08333333333333333,0.5,1,699013
13,batter,1,1,Héctor Rodríguez,OFFENSE,1.0,0.07692307692307693,1.0,1,699302
15,batter,1,0,Pedro Ramírez,OFFENSE,,0.0,0.0,0,699393
6,batter,1,1,Jimmy Crooks,OFFENSE,1.0,0.16666666666666666,1.0,1,699625
12,batter,2,2,Jose Fernandez,OFFENSE,0.5,0.08333333333333333,0.5,1,699912
21,batter,3,3,Ben Rice,OFFENSE,0.3333333333333333,0.047619047619047616,0.3333333333333333,1,700250
1,batter,0,0,Kenny Piper,OFFENSE,,0.0,,0,700652
7,batter,0,0,Ben Malgeri,OFFENSE,,0.0,,0,701162
5,batter,0,0,Roman Anthony,OFFENSE,,0.0,,0,701350
9,batter,0,0,Cam Smith,OFFENSE,,0.0,,0,701358
12,batter,2,2,Sal Stewart,OFFENSE,0.5,0.08333333333333333,0.5,1,701398
10,batter,1,1,Jackson Merrill,OFFENSE,1.0,0.1,1.0,1,701538
12,batter,4,4,Nathan Church,OFFENSE,1.0,0.3333333333333333,1.0,4,701675
22,batter,2,2,Hao-Yu Lee,OFFENSE,1.0,0.09090909090909091,1.0,2,701678
16,batter,2,2,Kaelen Culpepper,OFFENSE,0.5,0.0625,0.5,1,701785
20,batter,1,1,Carson Benge,OFFENSE,1.0,0.05,1.0,1,701807
10,batter,1,1,Drew Cavanaugh,OFFENSE,0.0,0.0,0.0,0,701852
11,batter,0,0,Justin Crawford,OFFENSE,,0.0,,0,702222
10,batter,2,1,Cole Young,OFFENSE,0.0,0.0,0.0,0,702284
16,batter,2,2,Caleb Durbin,OFFENSE,0.5,0.0625,0.5,1,702332
12,batter,1,0,Jackson Holliday,OFFENSE,,0.0,0.0,0,702616
21,batter,0,0,Brett Bateman,OFFENSE,,0.0,,0,703520
9,batter,1,0,Max Clark,OFFENSE,,0.0,0.0,0,703601
20,batter,3,3,Henry Bolte,OFFENSE,0.6666666666666666,0.1,0.6666666666666666,2,703607
10,batter,2,2,Chase DeLauter,OFFENSE,1.0,0.2,1.0,2,800050
13,batter,1,1,Luis Lara,OFFENSE,1.0,0.07692307692307693,1.0,1,800325
11,batter,0,0,Brock Rodden,OFFENSE,,0.0,,0,801126
6,batter,0,0,Nate Furman,OFFENSE,,0.0,,0,801501
16,batter,1,1,JJ Wetherholt,OFFENSE,1.0,0.0625,1.0,1,802139
8,batter,0,0,Chandler Simpson,OFFENSE,,0.0,,0,802415
18,batter,2,1,Sam Antonacci,OFFENSE,0.0,0.0,0.0,0,803011
15,batter,0,0,Rafael Flores Jr.,OFFENSE,,0.0,,0,804668
16,batter,2,2,Jakob Marsee,OFFENSE,0.5,0.0625,0.5,1,805300
18,batter,3,3,Chase Meidroth,OFFENSE,1.0,0.16666666666666666,1.0,3,805367
3,batter,0,0,Walker Jenkins,OFFENSE,,0.0,,0,805805
13,batter,2,2,Kevin McGonigle,OFFENSE,1.0,0.15384615384615385,1.0,2,805808
10,batter,1,1,Bryce Eldridge,OFFENSE,1.0,0.1,1.0,1,805811
9,batter,0,0,A.J. Ewing,OFFENSE,,0.0,,0,805999
13,batter,3,3,George Lombard Jr.,OFFENSE,0.6666666666666666,0.15384615384615385,0.6666666666666666,2,806146
9,batter,1,1,Cooper Pratt,OFFENSE,1.0,0.1111111111111111,1.0,1,806198
17,batter,1,1,Turner Hill,OFFENSE,1.0,0.058823529411764705,1.0,1,806367
16,batter,5,5,Luke Keaschall,OFFENSE,0.8,0.25,0.8,4,807712
1,batter,0,0,Matt Shaw,OFFENSE,,0.0,,0,807713
6,batter,1,1,Charles McAdoo,OFFENSE,1.0,0.16666666666666666,1.0,1,807727
18,batter,2,2,Munetaka Murakami,OFFENSE,0.5,0.05555555555555555,0.5,1,808959
11,batter,1,1,Jung Hoo Lee,OFFENSE,1.0,0.09090909090909091,1.0,1,808982
9,batter,2,2,Jonah Cox,OFFENSE,1.0,0.2222222222222222,1.0,2,813841
5,batter,0,0,Brett Callahan,OFFENSE,,0.0,,0,814430
11,batter,1,1,Ryan Waldschmidt,OFFENSE,0.0,0.0,0.0,0,814439
2,batter,0,0,Sung-Mun Song,OFFENSE,,0.0,,0,823550
43,catcher,3,3,Travis d'Arnaud,OFFENSE,1.0,0.06976744186046512,1.0,3,518595
76,catcher,10,10,James McCann,OFFENSE,0.8,0.10526315789473684,0.8,8,543510
40,catcher,5,5,Christian Vázquez,OFFENSE,0.8,0.1,0.8,4,543877
70,catcher,8,7,Elias Díaz,OFFENSE,1.0,0.1,0.875,7,553869
32,catcher,3,3,Luke Maile,OFFENSE,0.3333333333333333,0.03125,0.3333333333333333,1,571912
126,catcher,10,10,J.T. Realmuto,OFFENSE,0.9,0.07142857142857142,0.9,9,592663
84,catcher,7,7,Austin Hedges,OFFENSE,1.0,0.08333333333333333,1.0,7,595978
27,catcher,1,1,Garrett Stubbs,OFFENSE,1.0,0.037037037037037035,1.0,1,596117
39,catcher,1,1,Gary Sánchez,OFFENSE,1.0,0.02564102564102564,1.0,1,596142
44,catcher,8,8,Victor Caratini,OFFENSE,0.875,0.1590909090909091,0.875,7,605170
103,catcher,17,17,Carson Kelly,OFFENSE,0.8235294117647058,0.13592233009708737,0.8235294117647058,14,608348
79,catcher,5,5,Luis Torrens,OFFENSE,0.8,0.05063291139240506,0.8,4,620443
63,catcher,8,7,Tyler Heineman,OFFENSE,1.0,0.1111111111111111,0.875,7,623168
108,catcher,8,8,Jose Trevino,OFFENSE,0.75,0.05555555555555555,0.75,6,624431
53,catcher,11,11,Brian Navarreto,OFFENSE,0.7272727272727273,0.1509433962264151,0.7272727272727273,8,640459
27,catcher,3,3,Jhonny Pereda,OFFENSE,0.6666666666666666,0.07407407407407407,0.6666666666666666,2,640902
77,catcher,9,9,Jonah Heim,OFFENSE,0.7777777777777778,0.09090909090909091,0.7777777777777778,7,641680
76,catcher,5,5,Danny Jansen,OFFENSE,1.0,0.06578947368421052,1.0,5,643376
40,catcher,3,3,Ali Sánchez,OFFENSE,1.0,0.075,1.0,3,645305
5,catcher,1,1,Yohel Pozo,OFFENSE,0.0,0.0,0.0,0,650968
65,catcher,9,9,Connor Wong,OFFENSE,0.7777777777777778,0.1076923076923077,0.7777777777777778,7,657136
82,catcher,6,6,Keibert Ruiz,OFFENSE,0.5,0.036585365853658534,0.5,3,660688
95,catcher,3,3,William Contreras,OFFENSE,0.6666666666666666,0.021052631578947368,0.6666666666666666,2,661388
50,catcher,7,7,Brian Serven,OFFENSE,0.5714285714285714,0.08,0.5714285714285714,4,661531
109,catcher,12,12,Cal Raleigh,OFFENSE,0.9166666666666666,0.10091743119266056,0.9166666666666666,11,663728
45,catcher,2,2,Nick Fortes,OFFENSE,1.0,0.044444444444444446,1.0,2,663743
39,catcher,4,4,Tyler Stephenson,OFFENSE,0.75,0.07692307692307693,0.75,3,663886
55,catcher,8,4,Brett Sullivan,OFFENSE,1.0,0.07272727272727272,0.5,4,664954
38,catcher,5,5,Miguel Amaya,OFFENSE,1.0,0.13157894736842105,1.0,5,665804
92,catcher,12,12,Carlos Narváez,OFFENSE,0.5833333333333334,0.07608695652173914,0.5833333333333334,7,665966
96,catcher,16,15,Freddy Fermin,OFFENSE,0.9333333333333333,0.14583333333333334,0.875,14,666023
57,catcher,6,6,Ben Rortvedt,OFFENSE,0.8333333333333334,0.08771929824561403,0.8333333333333334,5,666163
44,catcher,7,6,Jake Rogers,OFFENSE,0.6666666666666666,0.09090909090909091,0.5714285714285714,4,668670
63,catcher,8,8,Andrew Knizner,OFFENSE,0.75,0.09523809523809523,0.75,6,668800
96,catcher,15,13,Adley Rutschman,OFFENSE,0.5384615384615384,0.07291666666666667,0.4666666666666667,7,668939
47,catcher,6,5,Luis Campusano,OFFENSE,0.6,0.06382978723404255,0.5,3,669134
68,catcher,5,5,Sean Murphy,OFFENSE,0.8,0.058823529411764705,0.8,4,669221
136,catcher,16,14,Austin Wells,OFFENSE,0.7142857142857143,0.07352941176470588,0.625,10,669224
63,catcher,4,4,Iván Herrera,OFFENSE,1.0,0.06349206349206349,1.0,4,671056
55,catcher,5,5,Patrick Bailey,OFFENSE,1.0,0.09090909090909091,1.0,5,672275
113,catcher,12,10,Alejandro Kirk,OFFENSE,1.0,0.08849557522123894,0.8333333333333334,10,672386
96,catcher,11,11,Gabriel Moreno,OFFENSE,0.7272727272727273,0.08333333333333333,0.7272727272727273,8,672515
86,catcher,12,11,Yainer Diaz,OFFENSE,0.9090909090909091,0.11627906976744186,0.8333333333333334,10,673237
63,catcher,9,8,Hunter Feduccia,OFFENSE,0.75,0.09523809523809523,0.6666666666666666,6,676439
3,catcher,3,0,Will Banfield,OFFENSE,,0.0,0.0,0,677943
45,catcher,5,5,Brandon Valenzuela,OFFENSE,0.8,0.08888888888888889,0.8,4,678218
24,catcher,2,2,Eduardo Valencia,OFFENSE,1.0,0.08333333333333333,1.0,2,680664
74,catcher,10,10,Ryan Jeffers,OFFENSE,0.5,0.06756756756756757,0.5,5,680777
31,catcher,3,3,Henry Davis,OFFENSE,0.6666666666666666,0.06451612903225806,0.6666666666666666,2,680779
88,catcher,14,14,Francisco Alvarez,OFFENSE,0.8571428571428571,0.13636363636363635,0.8571428571428571,12,682626
34,catcher,2,2,Pedro Pagés,OFFENSE,0.5,0.029411764705882353,0.5,1,686780
39,catcher,5,5,Drake Baldwin,OFFENSE,1.0,0.1282051282051282,1.0,5,686948
66,catcher,8,8,Liam Hicks,OFFENSE,0.875,0.10606060606060606,0.875,7,689414
94,catcher,15,15,Drew Romo,OFFENSE,0.9333333333333333,0.14893617021276595,0.9333333333333333,14,691011
78,catcher,8,8,Joe Mack,OFFENSE,0.625,0.0641025641025641,0.625,5,691788
113,catcher,11,11,Dillon Dingler,OFFENSE,0.9090909090909091,0.08849557522123894,0.9090909090909091,10,693307
62,catcher,7,7,Moisés Ballesteros,OFFENSE,0.7142857142857143,0.08064516129032258,0.7142857142857143,5,694208
65,catcher,8,8,Samuel Basallo,OFFENSE,0.625,0.07692307692307693,0.625,5,694212
104,catcher,16,16,Carter Jensen,OFFENSE,0.8125,0.125,0.8125,13,695600
98,catcher,13,10,Harry Ford,OFFENSE,0.9,0.09183673469387756,0.6923076923076923,9,695670
81,catcher,10,10,Hunter Goodman,OFFENSE,0.9,0.1111111111111111,0.9,9,696100
69,catcher,12,10,Jimmy Crooks,OFFENSE,0.8,0.11594202898550725,0.6666666666666666,8,699625
15,catcher,2,2,Kenny Piper,OFFENSE,1.0,0.13333333333333333,1.0,2,700652
137,catcher,11,11,Drew Cavanaugh,OFFENSE,0.7272727272727273,0.058394160583941604,0.7272727272727273,8,701852
111,catcher,18,18,Rafael Flores Jr.,OFFENSE,0.7777777777777778,0.12612612612612611,0.7777777777777778,14,804668
207,challenges_remaining,21,0,,OFFENSE,,0.0,0.0,0,0
1200,challenges_remaining,154,150,,OFFENSE,0.82,0.1025,0.7987012987012987,123,1
2989,challenges_remaining,334,334,,OFFENSE,0.7934131736526946,0.08865841418534627,0.7934131736526946,265,2
2097,count,231,218,,OFFENSE,0.8761467889908257,0.0910824988078207,0.8268398268398268,191,0-0
374,count,36,36,,OFFENSE,0.75,0.07219251336898395,0.75,27,0-1
52,count,10,10,,OFFENSE,0.3,0.057692307692307696,0.3,3,0-2
601,count,69,68,,OFFENSE,0.8823529411764706,0.09983361064891846,0.8695652173913043,60,1-0
282,count,42,40,,OFFENSE,0.675,0.09574468085106383,0.6428571428571429,27,1-1
94,count,12,12,,OFFENSE,0.5833333333333334,0.07446808510638298,0.5833333333333334,7,1-2
244,count,27,26,,OFFENSE,0.8461538461538461,0.09016393442622951,0.8148148148148148,22,2-0
191,count,22,19,,OFFENSE,0.7894736842105263,0.07853403141361257,0.6818181818181818,15,2-1
99,count,13,13,,OFFENSE,0.5384615384615384,0.0707070707070707,0.5384615384615384,7,2-2
158,count,19,17,,OFFENSE,0.8823529411764706,0.0949367088607595,0.7894736842105263,15,3-0
120,count,15,12,,OFFENSE,0.75,0.075,0.6,9,3-1
84,count,13,13,,OFFENSE,0.38461538461538464,0.05952380952380952,0.38461538461538464,5,3-2
538,inning,62,62,,OFFENSE,0.8225806451612904,0.09479553903345725,0.8225806451612904,51,1
30,inning,4,4,,OFFENSE,0.75,0.1,0.75,3,10
18,inning,4,4,,OFFENSE,0.25,0.05555555555555555,0.25,1,11
5,inning,2,1,,OFFENSE,1.0,0.2,0.5,1,12
544,inning,52,52,,OFFENSE,0.7884615384615384,0.07536764705882353,0.7884615384615384,41,2
515,inning,43,43,,OFFENSE,0.813953488372093,0.06796116504854369,0.813953488372093,35,3
441,inning,57,57,,OFFENSE,0.8596491228070176,0.1111111111111111,0.8596491228070176,49,4
482,inning,60,59,,OFFENSE,0.7457627118644068,0.0912863070539419,0.7333333333333333,44,5
484,inning,50,50,,OFFENSE,0.86,0.08884297520661157,0.86,43,6
495,inning,67,62,,OFFENSE,0.7419354838709677,0.09292929292929293,0.6865671641791045,46,7
488,inning,63,50,,OFFENSE,0.9,0.09221311475409837,0.7142857142857143,45,8
356,inning,45,40,,OFFENSE,0.725,0.08146067415730338,0.6444444444444445,29,9
1566,outs,174,167,,OFFENSE,0.8083832335329342,0.08620689655172414,0.7758620689655172,135,0
1425,outs,174,166,,OFFENSE,0.7831325301204819,0.0912280701754386,0.7471264367816092,130,1
1405,outs,161,151,,OFFENSE,0.8145695364238411,0.08754448398576513,0.7639751552795031,123,2
242,pitch_type,34,33,,OFFENSE,0.8181818181818182,0.1115702479338843,0.7941176470588235,27,CH
346,pitch_type,41,39,,OFFENSE,0.8205128205128205,0.09248554913294797,0.7804878048780488,32,CU
2,pitch_type,2,0,,OFFENSE,,0.0,0.0,0,EP
359,pitch_type,49,48,,OFFENSE,0.875,0.116991643454039,0.8571428571428571,42,FC
1388,pitch_type,161,155,,OFFENSE,0.7870967741935484,0.08789625360230548,0.7577639751552795,122,FF
2,pitch_type,0,0,,OFFENSE,,0.0,,0,FO
60,pitch_type,11,10,,OFFENSE,0.9,0.15,0.8181818181818182,9,FS
62,pitch_type,6,6,,OFFENSE,0.8333333333333334,0.08064516129032258,0.8333333333333334,5,KC
4,pitch_type,2,0,,OFFENSE,,0.0,0.0,0,KN
1053,pitch_type,113,110,,OFFENSE,0.8090909090909091,0.08452041785375118,0.7876106194690266,89,SI
476,pitch_type,61,54,,OFFENSE,0.7592592592592593,0.0861344537815126,0.6721311475409836,41,SL
384,pitch_type,28,28,,OFFENSE,0.75,0.0546875,0.75,21,ST
18,pitch_type,1,1,,OFFENSE,0.0,0.0,0.0,0,SV
4,pitcher,0,0,Kenley Jansen,OFFENSE,,0.0,,0,445276
35,pitcher,2,2,Max Scherzer,OFFENSE,1.0,0.05714285714285714,1.0,2,453286
20,pitcher,3,3,Robert Stock,OFFENSE,0.6666666666666666,0.1,0.6666666666666666,2,476594
8,pitcher,5,5,Kirby Yates,OFFENSE,0.8,0.5,0.8,4,489446
3,pitcher,0,0,Fernando Cruz,OFFENSE,,0.0,,0,518585
32,pitcher,2,2,Merrill Kelly,OFFENSE,0.5,0.03125,0.5,1,518876
2,pitcher,0,0,Craig Kimbrel,OFFENSE,,0.0,,0,518886
23,pitcher,2,2,Chris Sale,OFFENSE,1.0,0.08695652173913043,1.0,2,519242
11,pitcher,1,1,Martín Pérez,OFFENSE,1.0,0.09090909090909091,1.0,1,527048
13,pitcher,0,0,Gerrit Cole,OFFENSE,,0.0,,0,543037
7,pitcher,2,2,Anthony Gose,OFFENSE,0.0,0.0,0.0,0,543238
13,pitcher,3,3,Sonny Gray,OFFENSE,0.6666666666666666,0.15384615384615385,0.6666666666666666,2,543243
7,pitcher,0,0,Michael Lorenzen,OFFENSE,,0.0,,0,547179
4,pitcher,2,2,Aroldis Chapman,OFFENSE,0.5,0.25,0.5,1,547973
2,pitcher,0,0,Brooks Raley,OFFENSE,,0.0,,0,548384
6,pitcher,0,0,Andrew Kittredge,OFFENSE,,0.0,,0,552640
34,pitcher,3,3,Zack Wheeler,OFFENSE,1.0,0.08823529411764706,1.0,3,554430
9,pitcher,2,2,Matthew Boyd,OFFENSE,1.0,0.2222222222222222,1.0,2,571510
5,pitcher,0,0,Derek Law,OFFENSE,,0.0,,0,571882
3,pitcher,0,0,Steven Matz,OFFENSE,,0.0,,0,571927
3,pitcher,1,1,Taylor Rogers,OFFENSE,0.0,0.0,0.0,0,573124
5,pitcher,3,3,Caleb Thielbar,OFFENSE,1.0,0.6,1.0,3,573204
14,pitcher,0,0,Yusei Kikuchi,OFFENSE,,0.0,,0,579328
48,pitcher,8,8,Kevin Gausman,OFFENSE,0.75,0.125,0.75,6,592332
27,pitcher,5,5,Robbie Ray,OFFENSE,1.0,0.18518518518518517,1.0,5,592662
5,pitcher,0,0,Ryne Stanek,OFFENSE,,0.0,,0,592773
5,pitcher,1,1,Brock Stewart,OFFENSE,0.0,0.0,0.0,0,592779
18,pitcher,3,3,Eduardo Rodriguez,OFFENSE,1.0,0.16666666666666666,1.0,3,593958
2,pitcher,0,0,Wandy Peralta,OFFENSE,,0.0,,0,593974
5,pitcher,2,2,Tyron Guerrero,OFFENSE,1.0,0.4,1.0,2,594027
14,pitcher,0,0,Sam Moll,OFFENSE,,0.0,,0,594580
10,pitcher,0,0,Jacob deGrom,OFFENSE,,0.0,,0,594798
5,pitcher,0,0,Steven Okert,OFFENSE,,0.0,,0,595345
10,pitcher,4,4,Jakob Junis,OFFENSE,1.0,0.4,1.0,4,596001
8,pitcher,2,2,Luke Weaver,OFFENSE,1.0,0.25,1.0,2,596133
41,pitcher,8,8,Chris Bassitt,OFFENSE,0.5,0.0975609756097561,0.5,4,605135
5,pitcher,0,0,Michael Fulmer,OFFENSE,,0.0,,0,605242
16,pitcher,1,1,Clay Holmes,OFFENSE,1.0,0.0625,1.0,1,605280
5,pitcher,0,0,Adrian Houser,OFFENSE,,0.0,,0,605288
18,pitcher,0,0,Aaron Nola,OFFENSE,,0.0,,0,605400
1,pitcher,0,0,Jordan Romano,OFFENSE,,0.0,,0,605447
15,pitcher,4,4,Blake Snell,OFFENSE,0.75,0.2,0.75,3,605483
29,pitcher,5,5,Jeffrey Springs,OFFENSE,0.6,0.10344827586206896,0.6,3,605488
1,pitcher,0,0,Chris Devenski,OFFENSE,,0.0,,0,606965
9,pitcher,0,0,Kyle Hart,OFFENSE,,0.0,,0,606996
4,pitcher,0,0,Colin Rea,OFFENSE,,0.0,,0,607067
10,pitcher,1,1,Carlos Rodón,OFFENSE,1.0,0.1,1.0,1,607074
30,pitcher,3,3,Tyler Glasnow,OFFENSE,0.6666666666666666,0.06666666666666667,0.6666666666666666,2,607192
13,pitcher,3,3,Erick Fedde,OFFENSE,1.0,0.23076923076923078,1.0,3,607200
13,pitcher,0,0,Nick Martinez,OFFENSE,,0.0,,0,607259
24,pitcher,1,1,Seth Lugo,OFFENSE,0.0,0.0,0.0,0,607625
9,pitcher,2,2,Max Fried,OFFENSE,1.0,0.2222222222222222,1.0,2,608331
13,pitcher,2,2,Tomoyuki Sugano,OFFENSE,1.0,0.15384615384615385,1.0,2,608372
22,pitcher,4,4,Michael Wacha,OFFENSE,1.0,0.18181818181818182,1.0,4,608379
3,pitcher,1,1,Brent Suter,OFFENSE,1.0,0.3333333333333333,1.0,1,608718
15,pitcher,0,0,Cal Quantrill,OFFENSE,,0.0,,0,615698
3,pitcher,1,1,Jose Cuas,OFFENSE,1.0,0.3333333333333333,1.0,1,621016
7,pitcher,2,2,Michael Rucker,OFFENSE,1.0,0.2857142857142857,1.0,2,621074
8,pitcher,1,1,Jacob Waguespack,OFFENSE,1.0,0.125,1.0,1,621097
12,pitcher,1,1,Walker Buehler,OFFENSE,1.0,0.08333333333333333,1.0,1,621111
9,pitcher,1,1,Paul Blackburn,OFFENSE,1.0,0.1111111111111111,1.0,1,621112
8,pitcher,1,1,José Alvarado,OFFENSE,1.0,0.125,1.0,1,621237
4,pitcher,2,2,A.J. Minter,OFFENSE,1.0,0.5,1.0,2,621345
4,pitcher,0,0,Tejay Antone,OFFENSE,,0.0,,0,622088
8,pitcher,1,1,Luis Castillo,OFFENSE,1.0,0.125,1.0,1,622491
12,pitcher,1,1,Seranthony Domínguez,OFFENSE,1.0,0.08333333333333333,1.0,1,622554
7,pitcher,0,0,Antonio Senzatela,OFFENSE,,0.0,,0,622608
9,pitcher,2,2,Paul Sewald,OFFENSE,1.0,0.2222222222222222,1.0,2,623149
1,pitcher,1,1,Huascar Brazobán,OFFENSE,1.0,1.0,1.0,1,623211
5,pitcher,0,0,Josh Hader,OFFENSE,,0.0,,0,623352
11,pitcher,1,1,Justin Topa,OFFENSE,1.0,0.09090909090909091,1.0,1,623437
15,pitcher,0,0,Drew Anderson,OFFENSE,,0.0,,0,623454
8,pitcher,0,0,Evan Phillips,OFFENSE,,0.0,,0,623465
5,pitcher,1,1,Jimmy Herget,OFFENSE,1.0,0.2,1.0,1,623474
37,pitcher,6,6,Ranger Suarez,OFFENSE,0.6666666666666666,0.10810810810810811,0.6666666666666666,4,624133
3,pitcher,3,0,Jose Trevino,OFFENSE,,0.0,0.0,0,624431
6,pitcher,0,0,Raisel Iglesias,OFFENSE,,0.0,,0,628452
2,pitcher,1,1,Kyle Finnegan,OFFENSE,1.0,0.5,1.0,1,640448
16,pitcher,1,1,Sean Manaea,OFFENSE,1.0,0.0625,1.0,1,640455
6,pitcher,1,1,Tyler Alexander,OFFENSE,1.0,0.16666666666666666,1.0,1,641302
10,pitcher,1,1,Bryan Baker,OFFENSE,1.0,0.1,1.0,1,641329
14,pitcher,1,1,Anthony Kay,OFFENSE,1.0,0.07142857142857142,1.0,1,641743
4,pitcher,0,0,Tyler Kinley,OFFENSE,,0.0,,0,641755
5,pitcher,0,0,Eric Lauer,OFFENSE,,0.0,,0,641778
10,pitcher,0,0,Tyler Mahle,OFFENSE,,0.0,,0,641816
2,pitcher,0,0,Tim Mayza,OFFENSE,,0.0,,0,641835
13,pitcher,3,3,Bailey Ober,OFFENSE,0.6666666666666666,0.15384615384615385,0.6666666666666666,2,641927
3,pitcher,0,0,Emilio Pagán,OFFENSE,,0.0,,0,641941
11,pitcher,1,1,Tayler Saucedo,OFFENSE,1.0,0.09090909090909091,1.0,1,642048
5,pitcher,1,1,Gabe Speier,OFFENSE,1.0,0.2,1.0,1,642100
10,pitcher,2,2,Ryan Yarbrough,OFFENSE,1.0,0.2,1.0,2,642232
11,pitcher,1,1,Jefry Yan,OFFENSE,1.0,0.09090909090909091,1.0,1,642376
9,pitcher,3,3,Gregory Soto,OFFENSE,0.6666666666666666,0.2222222222222222,0.6666666666666666,2,642397
6,pitcher,0,0,Jonathan Loáisiga,OFFENSE,,0.0,,0,642528
13,pitcher,3,3,Freddy Peralta,OFFENSE,1.0,0.23076923076923078,1.0,3,642547
9,pitcher,1,1,Dennis Santana,OFFENSE,1.0,0.1111111111111111,1.0,1,642701
12,pitcher,4,3,Tyler Rogers,OFFENSE,1.0,0.25,0.75,3,643511
30,pitcher,2,2,Sandy Alcantara,OFFENSE,0.5,0.03333333333333333,0.5,1,645261
9,pitcher,1,0,Bryan Abreu,OFFENSE,,0.0,0.0,0,650556
12,pitcher,2,2,Michael King,OFFENSE,0.5,0.08333333333333333,0.5,1,650633
13,pitcher,1,1,Aaron Civale,OFFENSE,1.0,0.07692307692307693,1.0,1,650644
18,pitcher,3,3,Cristopher Sánchez,OFFENSE,0.6666666666666666,0.1111111111111111,0.6666666666666666,2,650911
5,pitcher,0,0,Daniel Duarte,OFFENSE,,0.0,,0,650960
3,pitcher,2,0,Andruw Monasterio,OFFENSE,,0.0,0.0,0,655316
6,pitcher,1,1,Manuel Rodríguez,OFFENSE,1.0,0.16666666666666666,1.0,1,655889
6,pitcher,0,0,Jake Bird,OFFENSE,,0.0,,0,656234
5,pitcher,0,0,Scott Blewett,OFFENSE,,0.0,,0,656240
10,pitcher,0,0,Brock Burke,OFFENSE,,0.0,,0,656271
6,pitcher,0,0,Griffin Canning,OFFENSE,,0.0,,0,656288
13,pitcher,0,0,Dylan Cease,OFFENSE,,0.0,,0,656302
8,pitcher,0,0,Tyler Gilbert,OFFENSE,,0.0,,0,656457
2,pitcher,1,1,Kevin Ginkel,OFFENSE,1.0,0.5,1.0,1,656464
15,pitcher,2,2,Foster Griffin,OFFENSE,1.0,0.13333333333333333,1.0,2,656492
4,pitcher,0,0,Jeff Hoffman,OFFENSE,,0.0,,0,656546
8,pitcher,1,1,Grant Holmes,OFFENSE,0.0,0.0,0.0,0,656550
8,pitcher,1,1,Alex Lange,OFFENSE,0.0,0.0,0.0,0,656638
1,pitcher,0,0,Jacob Latz,OFFENSE,,0.0,,0,656641
3,pitcher,0,0,Trevor Megill,OFFENSE,,0.0,,0,656730
8,pitcher,0,0,Jordan Montgomery,OFFENSE,,0.0,,0,656756
10,pitcher,2,1,Sean Newcomb,OFFENSE,1.0,0.1,0.5,1,656794
5,pitcher,0,0,Michael Petersen,OFFENSE,,0.0,,0,656848
12,pitcher,3,3,David Peterson,OFFENSE,0.6666666666666666,0.16666666666666666,0.6666666666666666,2,656849
35,pitcher,1,1,Drew Rasmussen,OFFENSE,1.0,0.02857142857142857,1.0,1,656876
5,pitcher,0,0,Tanner Scott,OFFENSE,,0.0,,0,656945
9,pitcher,1,1,Bennett Sousa,OFFENSE,1.0,0.1111111111111111,1.0,1,656986
4,pitcher,0,0,Jacob Webb,OFFENSE,,0.0,,0,657097
5,pitcher,0,0,Peter Strzelecki,OFFENSE,,0.0,,0,657265
22,pitcher,2,2,Logan Webb,OFFENSE,0.5,0.045454545454545456,0.5,1,657277
7,pitcher,0,0,Brennan Bernardino,OFFENSE,,0.0,,0,657514
8,pitcher,0,0,Caleb Ferguson,OFFENSE,,0.0,,0,657571
8,pitcher,0,0,Tim Hill,OFFENSE,,0.0,,0,657612
4,pitcher,0,0,José Suarez,OFFENSE,,0.0,,0,660761
6,pitcher,0,0,Yerry De los Santos,OFFENSE,,0.0,,0,660787
8,pitcher,0,0,Eduard Bazardo,OFFENSE,,0.0,,0,660825
3,pitcher,2,2,Enyel De Los Santos,OFFENSE,0.5,0.3333333333333333,0.5,1,660853
5,pitcher,0,0,Jhoan Duran,OFFENSE,,0.0,,0,661395
7,pitcher,1,1,Andrés Muñoz,OFFENSE,0.0,0.0,0.0,0,662253
4,pitcher,0,0,Matt Waldron,OFFENSE,,0.0,,0,663362
24,pitcher,0,0,Ryan Feltner,OFFENSE,,0.0,,0,663372
11,pitcher,1,1,Trent Thornton,OFFENSE,1.0,0.09090909090909091,1.0,1,663423
11,pitcher,2,2,Tanner Rainey,OFFENSE,1.0,0.18181818181818182,1.0,2,663432
6,pitcher,2,2,Bryan Hudson,OFFENSE,1.0,0.3333333333333333,1.0,2,663542
16,pitcher,3,3,Casey Mize,OFFENSE,0.6666666666666666,0.125,0.6666666666666666,2,663554
10,pitcher,2,2,Shane McClanahan,OFFENSE,1.0,0.2,1.0,2,663556
14,pitcher,1,1,Jovani Morán,OFFENSE,0.0,0.0,0.0,0,663558
15,pitcher,1,1,Peter Lambert,OFFENSE,1.0,0.06666666666666667,1.0,1,663567
9,pitcher,1,1,Tony Santillan,OFFENSE,0.0,0.0,0.0,0,663574
16,pitcher,3,3,Jake Irvin,OFFENSE,0.6666666666666666,0.125,0.6666666666666666,2,663623
7,pitcher,1,1,Hogan Harris,OFFENSE,0.0,0.0,0.0,0,663687
12,pitcher,1,1,Daniel Lynch IV,OFFENSE,1.0,0.08333333333333333,1.0,1,663738
8,pitcher,0,0,Chase Shugart,OFFENSE,,0.0,,0,663767
17,pitcher,2,2,Patrick Sandoval,OFFENSE,0.0,0.0,0.0,0,663776
8,pitcher,0,0,Jordan Hicks,OFFENSE,,0.0,,0,663855
7,pitcher,1,1,Nate Pearson,OFFENSE,0.0,0.0,0.0,0,663878
5,pitcher,2,2,Brendon Little,OFFENSE,1.0,0.4,1.0,2,663893
13,pitcher,2,2,Brady Singer,OFFENSE,1.0,0.15384615384615385,1.0,2,663903
8,pitcher,1,1,Tyler Holton,OFFENSE,1.0,0.125,1.0,1,663947
19,pitcher,0,0,Tyler Phillips,OFFENSE,,0.0,,0,663969
4,pitcher,0,0,Garrett Cleavinger,OFFENSE,,0.0,,0,664076
4,pitcher,1,1,Taylor Clarke,OFFENSE,1.0,0.25,1.0,1,664199
27,pitcher,2,2,Framber Valdez,OFFENSE,1.0,0.07407407407407407,1.0,2,664285
12,pitcher,1,1,Cristian Javier,OFFENSE,1.0,0.08333333333333333,1.0,1,664299
19,pitcher,4,4,José Urquidy,OFFENSE,0.75,0.15789473684210525,0.75,3,664353
3,pitcher,0,0,Grant Wolfram,OFFENSE,,0.0,,0,664991
16,pitcher,5,5,Dean Kremer,OFFENSE,0.4,0.125,0.4,2,665152
6,pitcher,0,0,Luis Medina,OFFENSE,,0.0,,0,665622
6,pitcher,3,3,Elvis Alvarado,OFFENSE,0.6666666666666666,0.3333333333333333,0.6666666666666666,2,665660
8,pitcher,0,0,Reiver Sanmartin,OFFENSE,,0.0,,0,665665
15,pitcher,2,2,Nick Lodolo,OFFENSE,1.0,0.13333333333333333,1.0,2,666157
6,pitcher,0,0,Ryan Zeferjahn,OFFENSE,,0.0,,0,666171
19,pitcher,3,3,Jesús Luzardo,OFFENSE,1.0,0.15789473684210525,1.0,3,666200
5,pitcher,1,1,George Soriano,OFFENSE,0.0,0.0,0.0,0,666277
8,pitcher,0,0,Juan Morillo,OFFENSE,,0.0,,0,666661
7,pitcher,0,0,Camilo Doval,OFFENSE,,0.0,,0,666808
4,pitcher,1,1,Yennier Cano,OFFENSE,0.0,0.0,0.0,0,666974
2,pitcher,0,0,Tommy Nance,OFFENSE,,0.0,,0,667297
5,pitcher,3,3,Jack Ralston,OFFENSE,1.0,0.6,1.0,3,667652
19,pitcher,1,1,José Soriano,OFFENSE,1.0,0.05263157894736842,1.0,1,667755
10,pitcher,0,0,Cole Winn,OFFENSE,,0.0,,0,668390
1,pitcher,1,1,Noah Murdock,OFFENSE,1.0,1.0,1.0,1,668716
11,pitcher,1,0,Max Kranick,OFFENSE,,0.0,0.0,0,668820
11,pitcher,2,2,Gavin Williams,OFFENSE,1.0,0.18181818181818182,1.0,2,668909
5,pitcher,0,0,Casey Legumina,OFFENSE,,0.0,,0,668984
10,pitcher,0,0,MacKenzie Gore,OFFENSE,,0.0,,0,669022
10,pitcher,0,0,Bryse Wilson,OFFENSE,,0.0,,0,669060
5,pitcher,0,0,Erik Miller,OFFENSE,,0.0,,0,669062
5,pitcher,0,0,DL Hall,OFFENSE,,0.0,,0,669084
4,pitcher,1,0,Jeremiah Estrada,OFFENSE,,0.0,0.0,0,669093
11,pitcher,1,1,Dustin May,OFFENSE,1.0,0.09090909090909091,1.0,1,669160
3,pitcher,0,0,Kyle Hurt,OFFENSE,,0.0,,0,669165
10,pitcher,2,2,Lake Bachar,OFFENSE,0.5,0.1,0.5,1,669199
5,pitcher,0,0,Dylan Lee,OFFENSE,,0.0,,0,669276
29,pitcher,3,3,Logan Gilbert,OFFENSE,1.0,0.10344827586206896,1.0,3,669302
4,pitcher,1,1,CJ Van Eyk,OFFENSE,0.0,0.0,0.0,0,669310
4,pitcher,2,2,Tyler Wells,OFFENSE,1.0,0.5,1.0,2,669330
13,pitcher,2,2,Shane Baz,OFFENSE,0.5,0.07692307692307693,0.5,1,669358
12,pitcher,2,2,J.T. Ginn,OFFENSE,1.0,0.16666666666666666,1.0,2,669372
13,pitcher,2,1,Tarik Skubal,OFFENSE,1.0,0.07692307692307693,0.5,1,669373
8,pitcher,0,0,Carmen Mlodzinski,OFFENSE,,0.0,,0,669387
19,pitcher,2,2,Trevor Rogers,OFFENSE,1.0,0.10526315789473684,1.0,2,669432
41,pitcher,4,4,Matthew Liberatore,OFFENSE,1.0,0.0975609756097561,1.0,4,669461
11,pitcher,1,1,Brady Basso,OFFENSE,1.0,0.09090909090909091,1.0,1,669620
3,pitcher,0,0,Greg Weissert,OFFENSE,,0.0,,0,669711
11,pitcher,3,3,Hayden Wesneski,OFFENSE,1.0,0.2727272727272727,1.0,3,669713
12,pitcher,2,2,George Kirby,OFFENSE,1.0,0.16666666666666666,1.0,2,669923
2,pitcher,0,0,Matt Festa,OFFENSE,,0.0,,0,670036
6,pitcher,0,0,Colin Holderman,OFFENSE,,0.0,,0,670059
14,pitcher,1,1,Julian Garcia,OFFENSE,1.0,0.07142857142857142,1.0,1,670062
7,pitcher,1,1,Raymond Burgos,OFFENSE,1.0,0.14285714285714285,1.0,1,670103
7,pitcher,1,1,John Schreiber,OFFENSE,1.0,0.14285714285714285,1.0,1,670167
13,pitcher,0,0,Ryan Watson,OFFENSE,,0.0,,0,670245
1,pitcher,0,0,David Bednar,OFFENSE,,0.0,,0,670280
10,pitcher,1,1,Rico Garcia,OFFENSE,1.0,0.1,1.0,1,670329
6,pitcher,2,2,Trevor Richards,OFFENSE,1.0,0.3333333333333333,1.0,2,670950
9,pitcher,1,1,Adrian Morejon,OFFENSE,1.0,0.1111111111111111,1.0,1,670970
6,pitcher,2,2,Yohan Ramírez,OFFENSE,1.0,0.3333333333333333,1.0,2,670990
14,pitcher,0,0,Andrew Abbott,OFFENSE,,0.0,,0,671096
13,pitcher,1,1,Logan Allen,OFFENSE,1.0,0.07692307692307693,1.0,1,671106
14,pitcher,1,1,Sammy Peralta,OFFENSE,1.0,0.07142857142857142,1.0,1,671111
6,pitcher,2,2,Connor Thomas,OFFENSE,1.0,0.3333333333333333,1.0,2,671162
11,pitcher,0,0,Jason Foley,OFFENSE,,0.0,,0,671345
18,pitcher,1,1,Taj Bradley,OFFENSE,1.0,0.05555555555555555,1.0,1,671737
5,pitcher,0,0,Cade Smith,OFFENSE,,0.0,,0,671922
6,pitcher,0,0,Adam Macko,OFFENSE,,0.0,,0,671936
15,pitcher,3,3,Reid Detmers,OFFENSE,1.0,0.2,1.0,3,672282
16,pitcher,2,2,Keider Montero,OFFENSE,1.0,0.125,1.0,2,672456
6,pitcher,3,3,Gerardo Carrillo,OFFENSE,0.6666666666666666,0.3333333333333333,0.6666666666666666,2,672629
4,pitcher,1,1,Yoendrys Gómez,OFFENSE,1.0,0.25,1.0,1,672782
12,pitcher,3,3,Carlos Vargas,OFFENSE,1.0,0.25,1.0,3,672841
3,pitcher,0,0,Dedniel Núñez,OFFENSE,,0.0,,0,673380
12,pitcher,3,2,Yuki Matsui,OFFENSE,1.0,0.16666666666666666,0.6666666666666666,2,673513
6,pitcher,0,0,Kodai Senga,OFFENSE,,0.0,,0,673540
21,pitcher,3,3,Cody Bradford,OFFENSE,1.0,0.14285714285714285,1.0,3,674003
3,pitcher,0,0,Steven Cruz,OFFENSE,,0.0,,0,674444
36,pitcher,4,4,Andrew Alvarez,OFFENSE,0.75,0.08333333333333333,0.75,3,674841
15,pitcher,3,3,Troy Melton,OFFENSE,0.6666666666666666,0.13333333333333333,0.6666666666666666,2,675512
6,pitcher,1,1,Xzavion Curry,OFFENSE,1.0,0.16666666666666666,1.0,1,675540
14,pitcher,1,1,Shane Drohan,OFFENSE,0.0,0.0,0.0,0,675660
10,pitcher,2,2,Juan Mejia,OFFENSE,0.5,0.1,0.5,1,675848
7,pitcher,0,0,Seth Lonsway,OFFENSE,,0.0,,0,675920
7,pitcher,1,1,Janson Junk,OFFENSE,1.0,0.14285714285714285,1.0,1,676083
11,pitcher,0,0,Emerson Hancock,OFFENSE,,0.0,,0,676106
19,pitcher,1,1,Ryan Walker,OFFENSE,0.0,0.0,0.0,0,676254
3,pitcher,0,0,Jack Dreyer,OFFENSE,,0.0,,0,676263
15,pitcher,1,1,Joey Cantillo,OFFENSE,1.0,0.06666666666666667,1.0,1,676282
15,pitcher,1,1,Tanner Bibee,OFFENSE,1.0,0.06666666666666667,1.0,1,676440
2,pitcher,1,1,Calvin Faucher,OFFENSE,1.0,0.5,1.0,1,676534
7,pitcher,2,2,Tyler Zuber,OFFENSE,1.0,0.2857142857142857,1.0,2,676604
6,pitcher,0,0,Riley O'Brien,OFFENSE,,0.0,,0,676617
4,pitcher,2,2,Blake Weiman,OFFENSE,0.5,0.25,0.5,1,676620
8,pitcher,0,0,Tom Cosgrove,OFFENSE,,0.0,,0,676680
13,pitcher,1,1,Cam Sanders,OFFENSE,0.0,0.0,0.0,0,676742
6,pitcher,0,0,Aaron Ashby,OFFENSE,,0.0,,0,676879
29,pitcher,3,3,Cade Cavalli,OFFENSE,0.3333333333333333,0.034482758620689655,0.3333333333333333,1,676917
4,pitcher,1,1,Josh Walker,OFFENSE,1.0,0.25,1.0,1,677020
8,pitcher,1,1,Justin Bruihl,OFFENSE,1.0,0.125,1.0,1,677865
29,pitcher,3,3,Braxton Ashcraft,OFFENSE,0.6666666666666666,0.06896551724137931,0.6666666666666666,2,677952
4,pitcher,1,1,Jaden Hill,OFFENSE,1.0,0.25,1.0,1,677955
28,pitcher,3,3,Kumar Rocker,OFFENSE,1.0,0.10714285714285714,1.0,3,677958
16,pitcher,4,4,Randy Dobnak,OFFENSE,1.0,0.25,1.0,4,677976
2,pitcher,0,0,Seth Halvorsen,OFFENSE,,0.0,,0,678020
9,pitcher,0,0,Jack Perkins,OFFENSE,,0.0,,0,678022
3,pitcher,0,0,Ray Kerr,OFFENSE,,0.0,,0,678061
1,pitcher,1,0,Jorbit Vivas,OFFENSE,,0.0,0.0,0,678391
18,pitcher,1,1,Brayan Bello,OFFENSE,1.0,0.05555555555555555,1.0,1,678394
9,pitcher,0,0,José A. Ferrer,OFFENSE,,0.0,,0,678606
5,pitcher,0,0,Kai-Wei Teng,OFFENSE,,0.0,,0,678906
6,pitcher,1,1,Justin Martinez,OFFENSE,1.0,0.16666666666666666,1.0,1,679885
21,pitcher,3,3,Grayson Rodriguez,OFFENSE,1.0,0.14285714285714285,1.0,3,680570
7,pitcher,0,0,Simeon Woods Richardson,OFFENSE,,0.0,,0,680573
16,pitcher,0,0,Kyle Bradish,OFFENSE,,0.0,,0,680694
1,pitcher,0,0,Drew Rom,OFFENSE,,0.0,,0,680723
15,pitcher,2,2,Sean Burke,OFFENSE,0.0,0.0,0.0,0,680732
11,pitcher,1,1,Jonathan Bowlan,OFFENSE,1.0,0.09090909090909091,1.0,1,680742
8,pitcher,2,2,Braydon Fisher,OFFENSE,1.0,0.25,1.0,2,680755
7,pitcher,2,2,Victor Vodnik,OFFENSE,0.5,0.14285714285714285,0.5,1,680767
11,pitcher,0,0,Erik Tolman,OFFENSE,,0.0,,0,680899
15,pitcher,1,1,Christian Scott,OFFENSE,1.0,0.06666666666666667,1.0,1,681035
8,pitcher,0,0,Randy Vásquez,OFFENSE,,0.0,,0,681190
5,pitcher,0,0,Chase Silseth,OFFENSE,,0.0,,0,681217
13,pitcher,0,0,Spencer Arrighetti,OFFENSE,,0.0,,0,681293
11,pitcher,1,1,Nate Lavender,OFFENSE,1.0,0.09090909090909091,1.0,1,681320
10,pitcher,1,1,Kyle Leahy,OFFENSE,0.0,0.0,0.0,0,681517
7,pitcher,1,1,Wyatt Olds,OFFENSE,1.0,0.14285714285714285,1.0,1,681544
8,pitcher,0,0,Ryan Fernandez,OFFENSE,,0.0,,0,681676
13,pitcher,2,2,Austin Warren,OFFENSE,0.5,0.07692307692307693,0.5,1,681810
7,pitcher,1,1,Erik Sabrowski,OFFENSE,1.0,0.14285714285714285,1.0,1,681870
7,pitcher,1,1,Kody Funderburk,OFFENSE,1.0,0.14285714285714285,1.0,1,681892
4,pitcher,0,0,Evan Sisk,OFFENSE,,0.0,,0,681895
5,pitcher,0,0,Alex Vesia,OFFENSE,,0.0,,0,681911
6,pitcher,0,0,Dylan Smith,OFFENSE,,0.0,,0,681916
8,pitcher,0,0,Grant Anderson,OFFENSE,,0.0,,0,681982
9,pitcher,1,1,Jacob Lopez,OFFENSE,1.0,0.1111111111111111,1.0,1,682052
8,pitcher,1,1,Tim Herrin,OFFENSE,1.0,0.125,1.0,1,682120
13,pitcher,0,0,Mason Montgomery,OFFENSE,,0.0,,0,682254
9,pitcher,1,1,Peyton Gray,OFFENSE,1.0,0.1111111111111111,1.0,1,682608
11,pitcher,2,2,Luis Mey,OFFENSE,1.0,0.18181818181818182,1.0,2,682825
7,pitcher,0,0,Victor Mederos,OFFENSE,,0.0,,0,682989
15,pitcher,2,2,Jared Jones,OFFENSE,1.0,0.13333333333333333,1.0,2,683003
12,pitcher,1,1,Mitch Bratt,OFFENSE,1.0,0.08333333333333333,1.0,1,683352
21,pitcher,5,5,Matt Wilkinson,OFFENSE,0.6,0.14285714285714285,0.6,3,683363
5,pitcher,1,1,Edgardo Henriquez,OFFENSE,1.0,0.2,1.0,1,683618
5,pitcher,0,0,Anthony Molina,OFFENSE,,0.0,,0,683627
6,pitcher,1,1,Hunter Gaddis,OFFENSE,1.0,0.16666666666666666,1.0,1,683769
7,pitcher,3,3,Shota Imanaga,OFFENSE,1.0,0.42857142857142855,1.0,3,684007
13,pitcher,0,0,Kohl Drake,OFFENSE,,0.0,,0,684442
5,pitcher,0,0,Luke Murphy,OFFENSE,,0.0,,0,684665
10,pitcher,0,0,Craig Yoho,OFFENSE,,0.0,,0,684974
12,pitcher,2,2,Tanner Gordon,OFFENSE,1.0,0.16666666666666666,1.0,2,685299
6,pitcher,3,3,Cade Winquest,OFFENSE,0.6666666666666666,0.3333333333333333,0.6666666666666666,2,685464
2,pitcher,0,0,Juan Burgos,OFFENSE,,0.0,,0,686228
5,pitcher,0,0,Jonathan Cannon,OFFENSE,,0.0,,0,686563
20,pitcher,2,2,Hunter Brown,OFFENSE,1.0,0.1,1.0,2,686613
6,pitcher,0,0,Drey Jameson,OFFENSE,,0.0,,0,686753
2,pitcher,2,0,Pedro Pagés,OFFENSE,,0.0,0.0,0,686780
9,pitcher,0,0,Alex McFarlane,OFFENSE,,0.0,,0,686934
5,pitcher,1,0,Louis Varland,OFFENSE,,0.0,0.0,0,686973
5,pitcher,2,0,Blake Adams,OFFENSE,,0.0,0.0,0,687060
16,pitcher,3,3,Brandon Young,OFFENSE,0.6666666666666666,0.125,0.6666666666666666,2,687064
20,pitcher,3,3,Quinn Mathews,OFFENSE,1.0,0.15,1.0,3,687273
3,pitcher,0,0,Patrick Monteverde,OFFENSE,,0.0,,0,687287
4,pitcher,0,0,Gabriel Hughes,OFFENSE,,0.0,,0,687312
9,pitcher,2,2,Kevin Kelly,OFFENSE,0.5,0.1111111111111111,0.5,1,687330
8,pitcher,1,1,Orlando Ribalta,OFFENSE,1.0,0.125,1.0,1,687377
13,pitcher,2,1,Brent Headrick,OFFENSE,0.0,0.0,0.0,0,687396
19,pitcher,3,3,Ryan Gusto,OFFENSE,0.6666666666666666,0.10526315789473684,0.6666666666666666,2,687473
12,pitcher,1,1,Jake Bennett,OFFENSE,1.0,0.08333333333333333,1.0,1,687562
14,pitcher,2,2,Connor Prielipp,OFFENSE,0.5,0.07142857142857142,0.5,1,687570
3,pitcher,2,0,Troy Johnston,OFFENSE,,0.0,0.0,0,687859
9,pitcher,0,0,Carson Whisenhunt,OFFENSE,,0.0,,0,687931
5,pitcher,0,0,Alec Gamboa,OFFENSE,,0.0,,0,687941
21,pitcher,0,0,Robert Gasser,OFFENSE,,0.0,,0,688107
6,pitcher,2,2,David Morgan,OFFENSE,1.0,0.3333333333333333,1.0,2,688158
1,pitcher,0,0,Chris Roycroft,OFFENSE,,0.0,,0,688297
5,pitcher,0,0,Zach Agnos,OFFENSE,,0.0,,0,688642
7,pitcher,0,0,Orion Kerkering,OFFENSE,,0.0,,0,689147
5,pitcher,1,1,Chad Dallas,OFFENSE,1.0,0.2,1.0,1,689149
3,pitcher,0,0,Mason Fluharty,OFFENSE,,0.0,,0,689254
11,pitcher,2,2,Anthony Nunez,OFFENSE,0.5,0.09090909090909091,0.5,1,689296
4,pitcher,0,0,Nick Davila,OFFENSE,,0.0,,0,689546
27,pitcher,4,4,Mason Adams,OFFENSE,1.0,0.14814814814814814,1.0,4,690279
2,pitcher,1,0,Bradley Hanner,OFFENSE,,0.0,0.0,0,690440
5,pitcher,2,1,Ben Joyce,OFFENSE,1.0,0.2,0.5,1,690829
13,pitcher,0,0,Clayton Beeter,OFFENSE,,0.0,,0,690925
8,pitcher,1,1,Dax Fulton,OFFENSE,1.0,0.125,1.0,1,690978
14,pitcher,0,0,Kyle Harrison,OFFENSE,,0.0,,0,690986
16,pitcher,5,5,Nolan McLean,OFFENSE,0.8,0.25,0.8,4,690997
4,pitcher,1,1,Luis Perales,OFFENSE,1.0,0.25,1.0,1,691384
2,pitcher,0,0,Eury Pérez,OFFENSE,,0.0,,0,691587
12,pitcher,0,0,Andrew Painter,OFFENSE,,0.0,,0,691725
6,pitcher,2,2,Grant Taylor,OFFENSE,1.0,0.3333333333333333,1.0,2,691799
15,pitcher,0,0,George Klassen,OFFENSE,,0.0,,0,691946
8,pitcher,1,1,Nick Frasso,OFFENSE,1.0,0.125,1.0,1,693308
11,pitcher,0,0,Carson Seymour,OFFENSE,,0.0,,0,693313
10,pitcher,2,2,Bryan Woo,OFFENSE,0.5,0.1,0.5,1,693433
17,pitcher,3,3,Cam Schlittler,OFFENSE,0.3333333333333333,0.058823529411764705,0.3333333333333333,1,693645
13,pitcher,1,1,Spencer Miles,OFFENSE,1.0,0.07692307692307693,1.0,1,693686
13,pitcher,2,2,Bryce Elder,OFFENSE,1.0,0.15384615384615385,1.0,2,693821
14,pitcher,0,0,Ian Seymour,OFFENSE,,0.0,,0,693855
6,pitcher,0,0,Daniel Palencia,OFFENSE,,0.0,,0,694037
21,pitcher,4,4,Brandon Pfaadt,OFFENSE,0.5,0.09523809523809523,0.5,2,694297
2,pitcher,0,0,Brendan Beck,OFFENSE,,0.0,,0,694341
6,pitcher,0,0,Chad Patrick,OFFENSE,,0.0,,0,694477
8,pitcher,2,2,Chayce McDermott,OFFENSE,1.0,0.25,1.0,2,694646
8,pitcher,1,1,Trevor Martin,OFFENSE,1.0,0.125,1.0,1,694680
15,pitcher,2,2,Landen Roupp,OFFENSE,1.0,0.13333333333333333,1.0,2,694738
5,pitcher,0,0,Josh Ekness,OFFENSE,,0.0,,0,694795
10,pitcher,0,0,Jacob Misiorowski,OFFENSE,,0.0,,0,694819
5,pitcher,1,1,Braxton Roxby,OFFENSE,0.0,0.0,0.0,0,694820
13,pitcher,3,3,Blade Tidwell,OFFENSE,1.0,0.23076923076923078,1.0,3,694918
10,pitcher,1,1,Paul Skenes,OFFENSE,0.0,0.0,0.0,0,694973
6,pitcher,0,0,Kade Morris,OFFENSE,,0.0,,0,695034
20,pitcher,2,2,Rhett Lowder,OFFENSE,0.5,0.05,0.5,1,695076
7,pitcher,1,0,Robby Ahlstrom,OFFENSE,,0.0,0.0,0,695239
9,pitcher,1,1,Mason Miller,OFFENSE,0.0,0.0,0.0,0,695243
6,pitcher,0,0,Alex Hoppe,OFFENSE,,0.0,,0,695380
9,pitcher,1,0,Brad Lord,OFFENSE,,0.0,0.0,0,695418
20,pitcher,2,2,Chase Burns,OFFENSE,0.5,0.05,0.5,1,695505
12,pitcher,1,1,Jackson Jobe,OFFENSE,1.0,0.08333333333333333,1.0,1,695549
19,pitcher,3,3,Gage Jump,OFFENSE,0.6666666666666666,0.10526315789473684,0.6666666666666666,2,695611
21,pitcher,3,3,Elmer Rodríguez,OFFENSE,0.6666666666666666,0.09523809523809523,0.6666666666666666,2,695684
2,pitcher,0,0,Mason Black,OFFENSE,,0.0,,0,696131
13,pitcher,1,1,Hagen Smith,OFFENSE,1.0,0.07692307692307693,1.0,1,696146
14,pitcher,0,0,Bubba Chandler,OFFENSE,,0.0,,0,696149
14,pitcher,1,1,Ryan Johnson,OFFENSE,1.0,0.07142857142857142,1.0,1,696270
2,pitcher,0,0,Hayden Juenger,OFFENSE,,0.0,,0,696522
11,pitcher,3,3,Bradgley Rodriguez,OFFENSE,1.0,0.2727272727272727,1.0,3,699134
10,pitcher,2,2,Michael McGreevy,OFFENSE,1.0,0.2,1.0,2,700241
13,pitcher,2,2,AJ Smith-Shawver,OFFENSE,1.0,0.15384615384615385,1.0,2,700363
13,pitcher,0,0,Gordon Graceffo,OFFENSE,,0.0,,0,700669
15,pitcher,1,1,Walbert Ureña,OFFENSE,0.0,0.0,0.0,0,700712
4,pitcher,0,0,Travis Adams,OFFENSE,,0.0,,0,701519
36,pitcher,3,3,Will Warren,OFFENSE,1.0,0.08333333333333333,1.0,3,701542
19,pitcher,2,2,Logan Henderson,OFFENSE,1.0,0.10526315789473684,1.0,2,701656
5,pitcher,1,1,Will Dion,OFFENSE,1.0,0.2,1.0,1,702021
17,pitcher,1,1,Noah Cameron,OFFENSE,1.0,0.058823529411764705,1.0,1,702070
7,pitcher,1,1,Andrew Morris,OFFENSE,1.0,0.14285714285714285,1.0,1,702193
18,pitcher,4,4,Spencer Bivens,OFFENSE,1.0,0.2222222222222222,1.0,4,702352
8,pitcher,0,0,Jonathan Pintaro,OFFENSE,,0.0,,0,702752
14,pitcher,1,1,Jose Cabrera,OFFENSE,1.0,0.07142857142857142,1.0,1,703615
9,pitcher,0,0,Luis Gastelum,OFFENSE,,0.0,,0,703725
26,pitcher,2,2,Parker Messick,OFFENSE,1.0,0.07692307692307693,1.0,2,800048
5,pitcher,1,1,Didier Fuentes,OFFENSE,1.0,0.2,1.0,1,800311
19,pitcher,3,3,Jackson Kent,OFFENSE,1.0,0.15789473684210525,1.0,3,800600
11,pitcher,2,2,Payton Tolle,OFFENSE,0.5,0.09090909090909091,0.5,1,801139
10,pitcher,1,1,Brycen Mautz,OFFENSE,1.0,0.1,1.0,1,802408
28,pitcher,2,2,Zac Thornton,OFFENSE,1.0,0.07142857142857142,1.0,2,804267
12,pitcher,0,0,Yunior Marte,OFFENSE,,0.0,,0,805074
11,pitcher,3,3,AJ Blubaugh,OFFENSE,1.0,0.2727272727272727,1.0,3,805123
8,pitcher,3,3,Brandyn Garcia,OFFENSE,0.6666666666666666,0.25,0.6666666666666666,2,805299
6,pitcher,1,1,Tyler Schweitzer,OFFENSE,1.0,0.16666666666666666,1.0,1,805326
13,pitcher,1,1,Trent Harris,OFFENSE,1.0,0.07692307692307693,1.0,1,805345
9,pitcher,0,0,Drew Sommers,OFFENSE,,0.0,,0,805427
22,pitcher,1,1,Zebby Matthews,OFFENSE,1.0,0.045454545454545456,1.0,1,805673
12,pitcher,4,4,Cade Gibson,OFFENSE,0.25,0.08333333333333333,0.25,1,806188
10,pitcher,0,0,Kade Anderson,OFFENSE,,0.0,,0,807739
6,pitcher,0,0,Andrew Sears,OFFENSE,,0.0,,0,808825
9,pitcher,1,1,Roki Sasaki,OFFENSE,1.0,0.1111111111111111,1.0,1,808963
12,pitcher,3,3,Yoshinobu Yamamoto,OFFENSE,1.0,0.25,1.0,3,808967
21,pitcher,3,3,Ethan Pecko,OFFENSE,0.6666666666666666,0.09523809523809523,0.6666666666666666,2,814490
8,pitcher,1,1,Mark Manfredi,OFFENSE,1.0,0.125,1.0,1,815081
1,pitcher,0,0,Mitch Farris,OFFENSE,,0.0,,0,815083
13,pitcher,3,3,José Fermin,OFFENSE,1.0,0.23076923076923078,1.0,3,820862
32,umpire,3,3,Laz Diaz,OFFENSE,1.0,0.09375,1.0,3,427113
127,umpire,19,19,Doug Eddings,OFFENSE,0.631578947368421,0.09448818897637795,0.631578947368421,12,427139
42,umpire,7,7,Andy Fletcher,OFFENSE,0.8571428571428571,0.14285714285714285,0.8571428571428571,6,427164
94,umpire,16,15,Chris Guccione,OFFENSE,0.8666666666666667,0.13829787234042554,0.8125,13,427197
98,umpire,13,11,Marvin Hudson,OFFENSE,0.6363636363636364,0.07142857142857142,0.5384615384615384,7,427243
91,umpire,19,19,Ron Kulpa,OFFENSE,0.7368421052631579,0.15384615384615385,0.7368421052631579,14,427292
39,umpire,7,7,Alfonso Márquez,OFFENSE,0.8571428571428571,0.15384615384615385,0.8571428571428571,6,427315
63,umpire,9,9,Bill Miller,OFFENSE,0.7777777777777778,0.1111111111111111,0.7777777777777778,7,427344
53,umpire,3,3,Mark Wegner,OFFENSE,0.3333333333333333,0.018867924528301886,0.3333333333333333,1,427533
91,umpire,8,8,Hunter Wendelstedt,OFFENSE,0.75,0.06593406593406594,0.75,6,427537
101,umpire,13,13,Jim Wolf,OFFENSE,0.6923076923076923,0.0891089108910891,0.6923076923076923,9,427554
50,umpire,6,6,Chad Fairchild,OFFENSE,0.8333333333333334,0.1,0.8333333333333334,5,431232
101,umpire,7,7,Scott Barry,OFFENSE,0.8571428571428571,0.0594059405940594,0.8571428571428571,6,482608
86,umpire,3,3,Chris Conroy,OFFENSE,0.6666666666666666,0.023255813953488372,0.6666666666666666,2,482620
47,umpire,12,12,Mike Estabrook,OFFENSE,0.6666666666666666,0.1702127659574468,0.6666666666666666,8,482631
40,umpire,11,11,Adrian Johnson,OFFENSE,0.8181818181818182,0.225,0.8181818181818182,9,482641
92,umpire,13,13,David Rackley,OFFENSE,0.7692307692307693,0.10869565217391304,0.7692307692307693,10,482663
99,umpire,21,20,Lance Barrett,OFFENSE,0.85,0.1717171717171717,0.8095238095238095,17,483561
82,umpire,6,6,Dan Bellino,OFFENSE,0.5,0.036585365853658534,0.5,3,483564
121,umpire,9,7,Vic Carapazza,OFFENSE,0.8571428571428571,0.049586776859504134,0.6666666666666666,6,483569
41,umpire,3,3,John Tumpane,OFFENSE,1.0,0.07317073170731707,1.0,3,483630
56,umpire,7,7,Mike Muchlinski,OFFENSE,1.0,0.125,1.0,7,483912
43,umpire,5,5,Mark Ripperger,OFFENSE,1.0,0.11627906976744186,1.0,5,483919
62,umpire,9,7,Cory Blaser,OFFENSE,0.7142857142857143,0.08064516129032258,0.5555555555555556,5,484183
96,umpire,10,10,Alan Porter,OFFENSE,0.7,0.07291666666666667,0.7,7,484198
48,umpire,6,6,Manny Gonzalez,OFFENSE,0.6666666666666666,0.08333333333333333,0.6666666666666666,4,484499
121,umpire,14,11,Chad Whitson,OFFENSE,0.8181818181818182,0.0743801652892562,0.6428571428571429,9,489985
44,umpire,4,4,Adam Hamari,OFFENSE,0.75,0.06818181818181818,0.75,3,503077
37,umpire,6,6,Chris Segal,OFFENSE,1.0,0.16216216216216217,1.0,6,503490
63,umpire,7,7,Ryan Blakney,OFFENSE,0.7142857142857143,0.07936507936507936,0.7142857142857143,5,503502
36,umpire,4,4,Tripp Gibson,OFFENSE,0.75,0.08333333333333333,0.75,3,503586
103,umpire,8,8,Quinn Wolcott,OFFENSE,0.875,0.06796116504854369,0.875,7,511890
96,umpire,11,7,Nick Mahrley,OFFENSE,0.8571428571428571,0.0625,0.5454545454545454,6,521051
55,umpire,5,5,Ben May,OFFENSE,1.0,0.09090909090909091,1.0,5,521251
95,umpire,7,7,Nic Lentz,OFFENSE,1.0,0.07368421052631578,1.0,7,544728
92,umpire,14,14,Carlos Torres,OFFENSE,0.7857142857142857,0.11956521739130435,0.7857142857142857,11,547380
44,umpire,8,8,Edwin Moscoso,OFFENSE,0.375,0.06818181818181818,0.375,3,554242
81,umpire,7,7,Gabe Morales,OFFENSE,0.7142857142857143,0.06172839506172839,0.7142857142857143,5,573597
53,umpire,6,5,Shane Livensparger,OFFENSE,1.0,0.09433962264150944,0.8333333333333334,5,575629
91,umpire,10,10,Roberto Ortiz,OFFENSE,0.8,0.08791208791208792,0.8,8,577468
90,umpire,5,5,Jansen Visconti,OFFENSE,1.0,0.05555555555555555,1.0,5,596740
50,umpire,3,2,Nestor Ceja,OFFENSE,1.0,0.04,0.6666666666666666,2,598411
114,umpire,20,18,Dan Merzel,OFFENSE,0.7777777777777778,0.12280701754385964,0.7,14,605670
47,umpire,5,5,Charlie Ramos,OFFENSE,0.6,0.06382978723404255,0.6,3,605671
60,umpire,4,4,Alex Tosi,OFFENSE,0.75,0.05,0.75,3,605673
79,umpire,4,4,Paul Clemons,OFFENSE,1.0,0.05063291139240506,1.0,4,607884
84,umpire,12,12,Nate Tomlinson,OFFENSE,1.0,0.14285714285714285,1.0,12,608158
41,umpire,4,4,Emil Jimenez,OFFENSE,0.75,0.07317073170731707,0.75,3,621660
86,umpire,9,9,Erich Bacchus,OFFENSE,0.7777777777777778,0.08139534883720931,0.7777777777777778,7,623938
47,umpire,4,4,Alex MacKay,OFFENSE,1.0,0.0851063829787234,1.0,4,623945
84,umpire,8,8,Malachi Moore,OFFENSE,0.75,0.07142857142857142,0.75,6,623946
94,umpire,11,7,Clint Vondrak,OFFENSE,0.8571428571428571,0.06382978723404255,0.5454545454545454,6,623949
86,umpire,6,6,Brennan Miller,OFFENSE,1.0,0.06976744186046512,1.0,6,639723
50,umpire,5,4,Jacob Metz,OFFENSE,1.0,0.08,0.8,4,658082
47,umpire,5,5,Tyler Jones,OFFENSE,1.0,0.10638297872340426,1.0,5,658325
86,umpire,6,6,Edwin Jimenez,OFFENSE,0.8333333333333334,0.05813953488372093,0.8333333333333334,5,664263
82,umpire,10,10,Brian Walsh,OFFENSE,0.8,0.0975609756097561,0.8,8,665281
39,umpire,4,4,Tom Hanahan,OFFENSE,0.5,0.05128205128205128,0.5,2,665297
44,umpire,5,5,Dexter Kelley,OFFENSE,1.0,0.11363636363636363,1.0,5,665298
97,umpire,12,12,Steven Jaschinski,OFFENSE,0.8333333333333334,0.10309278350515463,0.8333333333333334,10,676580
83,umpire,11,10,Willie Traynor,OFFENSE,1.0,0.12048192771084337,0.9090909090909091,10,691042
5548,base_state,239,230,,DEFENSE,0.6521739130434783,0.027036770007209804,0.6276150627615062,150,000
220,base_state,16,15,,DEFENSE,0.5333333333333333,0.03636363636363636,0.5,8,001
755,base_state,34,34,,DEFENSE,0.5588235294117647,0.025165562913907286,0.5588235294117647,19,010
225,base_state,9,9,,DEFENSE,0.4444444444444444,0.017777777777777778,0.4444444444444444,4,011
1893,base_state,98,90,,DEFENSE,0.7222222222222222,0.03433703116745906,0.6632653061224489,65,100
298,base_state,15,15,,DEFENSE,0.6666666666666666,0.03355704697986577,0.6666666666666666,10,101
763,base_state,35,34,,DEFENSE,0.7058823529411765,0.03145478374836173,0.6857142857142857,24,110
212,base_state,10,10,,DEFENSE,0.4,0.018867924528301886,0.4,4,111
11,batter,1,1,Miguel Rojas,DEFENSE,1.0,0.09090909090909091,1.0,1,500743
15,batter,0,0,Paul Goldschmidt,DEFENSE,,0.0,,0,502671
26,batter,0,0,Jose Altuve,DEFENSE,,0.0,,0,514888
6,batter,0,0,Travis d'Arnaud,DEFENSE,,0.0,,0,518595
38,batter,3,3,Freddie Freeman,DEFENSE,0.6666666666666666,0.05263157894736842,0.6666666666666666,2,518692
37,batter,1,1,Salvador Perez,DEFENSE,1.0,0.02702702702702703,1.0,1,521692
10,batter,1,1,James McCann,DEFENSE,1.0,0.1,1.0,1,543510
33,batter,1,1,Marcus Semien,DEFENSE,0.0,0.0,0.0,0,543760
20,batter,3,3,George Springer,DEFENSE,1.0,0.15,1.0,3,543807
6,batter,0,0,Christian Vázquez,DEFENSE,,0.0,,0,543877
20,batter,1,1,Ildemaro Vargas,DEFENSE,1.0,0.05,1.0,1,545121
3,batter,0,0,Randal Grichuk,DEFENSE,,0.0,,0,545341
46,batter,1,1,Mike Trout,DEFENSE,1.0,0.021739130434782608,1.0,1,545361
50,batter,4,4,Bryce Harper,DEFENSE,0.5,0.04,0.5,2,547180
31,batter,1,1,Elias Díaz,DEFENSE,1.0,0.03225806451612903,1.0,1,553869
46,batter,1,1,Eugenio Suárez,DEFENSE,1.0,0.021739130434782608,1.0,1,553993
26,batter,5,5,Nolan Arenado,DEFENSE,0.6,0.11538461538461539,0.6,3,571448
13,batter,0,0,Enrique Hernández,DEFENSE,,0.0,,0,571771
4,batter,0,0,Luke Maile,DEFENSE,,0.0,,0,571912
39,batter,0,0,Max Muncy,DEFENSE,,0.0,,0,571970
32,batter,2,2,Christian Walker,DEFENSE,0.5,0.03125,0.5,1,572233
24,batter,1,1,Mike Yastrzemski,DEFENSE,0.0,0.0,0.0,0,573262
33,batter,2,2,Willson Contreras,DEFENSE,1.0,0.06060606060606061,1.0,2,575929
38,batter,2,1,Manny Machado,DEFENSE,0.0,0.0,0.0,0,592518
20,batter,1,1,Joc Pederson,DEFENSE,0.0,0.0,0.0,0,592626
34,batter,2,2,J.T. Realmuto,DEFENSE,1.0,0.058823529411764705,1.0,2,592663
24,batter,0,0,Christian Yelich,DEFENSE,,0.0,,0,592885
27,batter,0,0,Xander Bogaerts,DEFENSE,,0.0,,0,593428
17,batter,1,1,Javier Báez,DEFENSE,0.0,0.0,0.0,0,595879
18,batter,0,0,Austin Hedges,DEFENSE,,0.0,,0,595978
35,batter,4,4,Francisco Lindor,DEFENSE,0.75,0.08571428571428572,0.75,3,596019
2,batter,0,0,Trevor Story,DEFENSE,,0.0,,0,596115
3,batter,0,0,Garrett Stubbs,DEFENSE,,0.0,,0,596117
13,batter,0,0,Gary Sánchez,DEFENSE,,0.0,,0,596142
17,batter,2,2,Max Kepler,DEFENSE,0.5,0.058823529411764705,0.5,1,596146
20,batter,0,0,Ramón Urías,DEFENSE,,0.0,,0,602104
32,batter,0,0,Josh Bell,DEFENSE,,0.0,,0,605137
47,batter,2,2,Mookie Betts,DEFENSE,1.0,0.0425531914893617,1.0,2,605141
10,batter,0,0,Victor Caratini,DEFENSE,,0.0,,0,605170
22,batter,0,0,Teoscar Hernández,DEFENSE,,0.0,,0,606192
54,batter,2,1,Brandon Nimmo,DEFENSE,1.0,0.018518518518518517,0.5,1,607043
36,batter,0,0,Trea Turner,DEFENSE,,0.0,,0,607208
38,batter,2,2,José Ramírez,DEFENSE,1.0,0.05263157894736842,1.0,2,608070
35,batter,2,2,Alex Bregman,DEFENSE,0.0,0.0,0.0,0,608324
24,batter,0,0,Carson Kelly,DEFENSE,,0.0,,0,608348
32,batter,2,2,Corey Seager,DEFENSE,0.5,0.03125,0.5,1,608369
13,batter,0,0,Luis Torrens,DEFENSE,,0.0,,0,620443
7,batter,0,0,Tyrone Taylor,DEFENSE,,0.0,,0,621438
12,batter,1,1,Byron Buxton,DEFENSE,0.0,0.0,0.0,0,621439
38,batter,2,2,Taylor Ward,DEFENSE,1.0,0.05263157894736842,1.0,2,621493
7,batter,0,0,Patrick Wisdom,DEFENSE,,0.0,,0,621550
40,batter,0,0,Matt Olson,DEFENSE,,0.0,,0,621566
13,batter,0,0,Donovan Walton,DEFENSE,,0.0,,0,622268
28,batter,0,0,Jorge Mateo,DEFENSE,,0.0,,0,622761
7,batter,1,1,Tyler Heineman,DEFENSE,1.0,0.14285714285714285,1.0,1,623168
36,batter,3,3,Pete Alonso,DEFENSE,0.6666666666666666,0.05555555555555555,0.6666666666666666,2,624413
20,batter,0,0,Michael Conforto,DEFENSE,,0.0,,0,624424
6,batter,1,1,Adam Frazier,DEFENSE,0.0,0.0,0.0,0,624428
25,batter,3,3,Jose Trevino,DEFENSE,0.0,0.0,0.0,0,624431
4,batter,0,0,Edmundo Sosa,DEFENSE,,0.0,,0,624641
50,batter,0,0,Jake Cronenworth,DEFENSE,,0.0,,0,630105
14,batter,3,3,Brian Navarreto,DEFENSE,1.0,0.21428571428571427,1.0,3,640459
5,batter,0,0,Jhonny Pereda,DEFENSE,,0.0,,0,640902
38,batter,7,7,Jake Bauers,DEFENSE,0.8571428571428571,0.15789473684210525,0.8571428571428571,6,641343
29,batter,2,2,Cody Bellinger,DEFENSE,0.0,0.0,0.0,0,641355
30,batter,1,1,J.P. Crawford,DEFENSE,1.0,0.03333333333333333,1.0,1,641487
21,batter,0,0,Jonah Heim,DEFENSE,,0.0,,0,641680
2,batter,1,1,Dominic Smith,DEFENSE,1.0,0.5,1.0,1,642086
11,batter,1,1,Eli White,DEFENSE,0.0,0.0,0.0,0,642201
8,batter,0,0,Weston Wilson,DEFENSE,,0.0,,0,642215
30,batter,1,1,Jose Siri,DEFENSE,1.0,0.03333333333333333,1.0,1,642350
9,batter,0,0,Amed Rosario,DEFENSE,,0.0,,0,642708
18,batter,2,2,Andrew Benintendi,DEFENSE,0.5,0.05555555555555555,0.5,1,643217
20,batter,0,0,Mauricio Dubón,DEFENSE,,0.0,,0,643289
15,batter,1,1,Danny Jansen,DEFENSE,1.0,0.06666666666666667,1.0,1,643376
16,batter,1,1,Jeff McNeil,DEFENSE,1.0,0.0625,1.0,1,643446
41,batter,3,3,Ozzie Albies,DEFENSE,0.6666666666666666,0.04878048780487805,0.6666666666666666,2,645277
5,batter,0,0,Ali Sánchez,DEFENSE,,0.0,,0,645305
51,batter,2,2,Rafael Devers,DEFENSE,1.0,0.0392156862745098,1.0,2,646240
18,batter,0,0,Josh Naylor,DEFENSE,,0.0,,0,647304
19,batter,1,1,Luis Arraez,DEFENSE,1.0,0.05263157894736842,1.0,1,650333
23,batter,0,0,Gleyber Torres,DEFENSE,,0.0,,0,650402
46,batter,4,4,Willi Castro,DEFENSE,0.5,0.043478260869565216,0.5,2,650489
38,batter,2,2,Yandy Díaz,DEFENSE,1.0,0.05263157894736842,1.0,2,650490
8,batter,0,0,Bryan De La Cruz,DEFENSE,,0.0,,0,650559
25,batter,0,0,Luis Rengifo,DEFENSE,,0.0,,0,650859
25,batter,0,0,Andruw Monasterio,DEFENSE,,0.0,,0,655316
3,batter,0,0,Derek Hill,DEFENSE,,0.0,,0,656537
20,batter,2,2,Zach McKinstry,DEFENSE,0.5,0.05,0.5,1,656716
26,batter,0,0,Cedric Mullins,DEFENSE,,0.0,,0,656775
40,batter,3,3,Kyle Schwarber,DEFENSE,0.6666666666666666,0.05,0.6666666666666666,2,656941
18,batter,1,1,Lane Thomas,DEFENSE,1.0,0.05555555555555555,1.0,1,657041
11,batter,1,1,Connor Wong,DEFENSE,0.0,0.0,0.0,0,657136
16,batter,1,1,Gavin Sheets,DEFENSE,0.0,0.0,0.0,0,657757
41,batter,3,3,Shohei Ohtani,DEFENSE,0.6666666666666666,0.04878048780487805,0.6666666666666666,2,660271
40,batter,2,1,Ronald Acuña Jr.,DEFENSE,1.0,0.025,0.5,1,660670
13,batter,0,0,Keibert Ruiz,DEFENSE,,0.0,,0,660688
14,batter,2,2,Jesús Sánchez,DEFENSE,1.0,0.14285714285714285,1.0,2,660821
36,batter,2,2,William Contreras,DEFENSE,0.0,0.0,0.0,0,661388
11,batter,1,1,Brian Serven,DEFENSE,0.0,0.0,0.0,0,661531
33,batter,0,0,Daulton Varsho,DEFENSE,,0.0,,0,662139
19,batter,0,0,Jahmai Jones,DEFENSE,,0.0,,0,663330
38,batter,2,2,Lars Nootbaar,DEFENSE,0.5,0.02631578947368421,0.5,1,663457
5,batter,0,0,Bryan Torres,DEFENSE,,0.0,,0,663494
27,batter,1,1,Nico Hoerner,DEFENSE,0.0,0.0,0.0,0,663538
23,batter,1,1,Austin Riley,DEFENSE,0.0,0.0,0.0,0,663586
23,batter,0,0,Trevor Larnach,DEFENSE,,0.0,,0,663616
13,batter,0,0,Ke'Bryan Hayes,DEFENSE,,0.0,,0,663647
35,batter,0,0,Kyle Tucker,DEFENSE,,0.0,,0,663656
5,batter,0,0,Daz Cameron,DEFENSE,,0.0,,0,663662
43,batter,3,3,Cal Raleigh,DEFENSE,0.3333333333333333,0.023255813953488372,0.3333333333333333,1,663728
8,batter,0,0,Nick Fortes,DEFENSE,,0.0,,0,663743
53,batter,5,5,Trent Grisham,DEFENSE,0.8,0.07547169811320754,0.8,4,663757
40,batter,2,2,Tyler Stephenson,DEFENSE,0.5,0.025,0.5,1,663886
28,batter,0,0,Jake Mangum,DEFENSE,,0.0,,0,663968
28,batter,1,1,Nathaniel Lowe,DEFENSE,1.0,0.03571428571428571,1.0,1,663993
32,batter,3,3,Ian Happ,DEFENSE,0.6666666666666666,0.0625,0.6666666666666666,2,664023
41,batter,1,1,Ty France,DEFENSE,1.0,0.024390243902439025,1.0,1,664034
34,batter,2,2,Brandon Lowe,DEFENSE,1.0,0.058823529411764705,1.0,2,664040
23,batter,1,1,Myles Straw,DEFENSE,1.0,0.043478260869565216,1.0,1,664702
24,batter,2,2,Kyle Isbel,DEFENSE,0.0,0.0,0.0,0,664728
27,batter,0,0,Alec Bohm,DEFENSE,,0.0,,0,664761
31,batter,1,1,Nathan Lukes,DEFENSE,1.0,0.03225806451612903,1.0,1,664770
14,batter,2,2,LaMonte Wade Jr.,DEFENSE,0.5,0.07142857142857142,0.5,1,664774
15,batter,3,3,Brett Sullivan,DEFENSE,1.0,0.2,1.0,3,664954
24,batter,0,0,Jake McCarthy,DEFENSE,,0.0,,0,664983
35,batter,3,2,Kody Clemens,DEFENSE,0.0,0.0,0.0,0,665019
25,batter,1,1,Griffin Conine,DEFENSE,1.0,0.04,1.0,1,665052
26,batter,0,0,Jeremy Peña,DEFENSE,,0.0,,0,665161
25,batter,2,2,Fernando Tatis Jr.,DEFENSE,0.5,0.04,0.5,1,665487
41,batter,1,1,Vladimir Guerrero Jr.,DEFENSE,1.0,0.024390243902439025,1.0,1,665489
2,batter,0,0,Cristian Pache,DEFENSE,,0.0,,0,665506
16,batter,0,0,Juan Soto,DEFENSE,,0.0,,0,665742
41,batter,3,3,Leody Taveras,DEFENSE,0.6666666666666666,0.04878048780487805,0.6666666666666666,2,665750
5,batter,0,0,Miguel Amaya,DEFENSE,,0.0,,0,665804
45,batter,2,2,Oneil Cruz,DEFENSE,1.0,0.044444444444444446,1.0,2,665833
37,batter,0,0,Jazz Chisholm Jr.,DEFENSE,,0.0,,0,665862
32,batter,2,1,José Fermín,DEFENSE,1.0,0.03125,0.5,1,665877
20,batter,0,0,Esteury Ruiz,DEFENSE,,0.0,,0,665923
10,batter,0,0,Andrés Giménez,DEFENSE,,0.0,,0,665926
26,batter,2,1,Andrés Chaparro,DEFENSE,1.0,0.038461538461538464,0.5,1,665953
22,batter,0,0,Carlos Narváez,DEFENSE,,0.0,,0,665966
36,batter,1,1,Jonathan Aranda,DEFENSE,0.0,0.0,0.0,0,666018
18,batter,0,0,Freddy Fermin,DEFENSE,,0.0,,0,666023
22,batter,1,1,Carlos Cortes,DEFENSE,0.0,0.0,0.0,0,666126
32,batter,0,0,Josh Lowe,DEFENSE,,0.0,,0,666139
27,batter,3,3,David Hamilton,DEFENSE,1.0,0.1111111111111111,1.0,3,666152
23,batter,1,0,Mickey Moniak,DEFENSE,,0.0,0.0,0,666160
5,batter,0,0,Ben Rortvedt,DEFENSE,,0.0,,0,666163
37,batter,0,0,Jo Adell,DEFENSE,,0.0,,0,666176
30,batter,2,2,Bo Bichette,DEFENSE,0.5,0.03333333333333333,0.5,1,666182
23,batter,1,1,Taylor Trammell,DEFENSE,1.0,0.043478260869565216,1.0,1,666211
14,batter,1,1,Christopher Morel,DEFENSE,1.0,0.07142857142857142,1.0,1,666624
26,batter,3,3,Dane Myers,DEFENSE,0.6666666666666666,0.07692307692307693,0.6666666666666666,2,667472
52,batter,2,2,Randy Arozarena,DEFENSE,1.0,0.038461538461538464,1.0,2,668227
14,batter,0,0,Jake Rogers,DEFENSE,,0.0,,0,668670
44,batter,5,5,JJ Bleday,DEFENSE,0.4,0.045454545454545456,0.4,2,668709
11,batter,0,0,Ryan Vilade,DEFENSE,,0.0,,0,668723
9,batter,1,1,Andrew Knizner,DEFENSE,1.0,0.1111111111111111,1.0,1,668800
38,batter,1,1,Bryan Reynolds,DEFENSE,0.0,0.0,0.0,0,668804
22,batter,1,0,Royce Lewis,DEFENSE,,0.0,0.0,0,668904
40,batter,2,2,Brice Turang,DEFENSE,0.5,0.025,0.5,1,668930
36,batter,2,2,Adley Rutschman,DEFENSE,0.0,0.0,0.0,0,668939
17,batter,1,1,Josh Rojas,DEFENSE,1.0,0.058823529411764705,1.0,1,668942
10,batter,0,0,Ryan Kreidler,DEFENSE,,0.0,,0,668952
22,batter,2,2,Garrett Mitchell,DEFENSE,0.5,0.045454545454545456,0.5,1,669003
24,batter,1,1,Brandon Marsh,DEFENSE,1.0,0.041666666666666664,1.0,1,669016
31,batter,3,2,Kyle Stowers,DEFENSE,1.0,0.06451612903225806,0.6666666666666666,2,669065
16,batter,0,0,Luis Campusano,DEFENSE,,0.0,,0,669134
19,batter,1,1,Sean Murphy,DEFENSE,1.0,0.05263157894736842,1.0,1,669221
44,batter,1,1,Austin Wells,DEFENSE,0.0,0.0,0.0,0,669224
36,batter,3,3,Tommy Edman,DEFENSE,0.0,0.0,0.0,0,669242
6,batter,0,0,Bryce Teodosio,DEFENSE,,0.0,,0,669326
24,batter,1,1,Nolan Gorman,DEFENSE,0.0,0.0,0.0,0,669357
39,batter,0,0,Xavier Edwards,DEFENSE,,0.0,,0,669364
2,batter,0,0,Samad Taylor,DEFENSE,,0.0,,0,669392
35,batter,0,0,Jake Burger,DEFENSE,,0.0,,0,669394
11,batter,1,1,Nick Allen,DEFENSE,1.0,0.09090909090909091,1.0,1,669397
38,batter,0,0,Jared Triolo,DEFENSE,,0.0,,0,669707
8,batter,1,1,Austin Hays,DEFENSE,1.0,0.125,1.0,1,669720
12,batter,0,0,Alex Call,DEFENSE,,0.0,,0,669743
6,batter,0,0,Nicky Lopez,DEFENSE,,0.0,,0,670032
34,batter,3,3,John Rave,DEFENSE,1.0,0.08823529411764706,1.0,3,670231
38,batter,3,3,Yordan Alvarez,DEFENSE,0.6666666666666666,0.05263157894736842,0.6666666666666666,2,670541
57,batter,1,1,Isaac Paredes,DEFENSE,1.0,0.017543859649122806,1.0,1,670623
28,batter,2,2,Taylor Walls,DEFENSE,1.0,0.07142857142857142,1.0,2,670764
14,batter,1,1,TJ Friedl,DEFENSE,1.0,0.07142857142857142,1.0,1,670770
49,batter,3,3,Iván Herrera,DEFENSE,0.6666666666666666,0.04081632653061224,0.6666666666666666,2,671056
13,batter,0,0,Buddy Kennedy,DEFENSE,,0.0,,0,671083
5,batter,0,0,Ivan Johnson,DEFENSE,,0.0,,0,671155
25,batter,1,1,Heliot Ramos,DEFENSE,1.0,0.04,1.0,1,671218
35,batter,1,0,Luis García Jr.,DEFENSE,,0.0,0.0,0,671277
58,batter,1,0,Lawrence Butler,DEFENSE,,0.0,0.0,0,671732
27,batter,1,1,Michael Harris II,DEFENSE,1.0,0.037037037037037035,1.0,1,671739
31,batter,2,2,Tristan Peters,DEFENSE,1.0,0.06451612903225806,1.0,2,671976
19,batter,1,1,Patrick Bailey,DEFENSE,1.0,0.05263157894736842,1.0,1,672275
2,batter,0,0,Gabriel Arias,DEFENSE,,0.0,,0,672356
22,batter,0,0,Alejandro Kirk,DEFENSE,,0.0,,0,672386
48,batter,2,2,Gabriel Moreno,DEFENSE,0.5,0.020833333333333332,0.5,1,672515
11,batter,0,0,Gustavo Campero,DEFENSE,,0.0,,0,672569
27,batter,1,1,Otto Lopez,DEFENSE,1.0,0.037037037037037035,1.0,1,672640
60,batter,4,4,Geraldo Perdomo,DEFENSE,0.5,0.03333333333333333,0.5,2,672695
12,batter,0,0,Oswald Peraza,DEFENSE,,0.0,,0,672724
39,batter,2,2,Kazuma Okamoto,DEFENSE,0.5,0.02564102564102564,0.5,1,672960
17,batter,1,1,Yainer Diaz,DEFENSE,0.0,0.0,0.0,0,673237
25,batter,1,1,Luis Robert Jr.,DEFENSE,1.0,0.04,1.0,1,673357
15,batter,0,0,Ha-Seong Kim,DEFENSE,,0.0,,0,673490
47,batter,0,0,Seiya Suzuki,DEFENSE,,0.0,,0,673548
8,batter,1,1,Alika Williams,DEFENSE,1.0,0.125,1.0,1,675961
23,batter,1,1,Jonny DeLuca,DEFENSE,1.0,0.043478260869565216,1.0,1,676356
13,batter,1,1,Nelson Velázquez,DEFENSE,1.0,0.07692307692307693,1.0,1,676369
18,batter,0,0,Ernie Clement,DEFENSE,,0.0,,0,676391
19,batter,0,0,Hunter Feduccia,DEFENSE,,0.0,,0,676439
35,batter,2,2,Alec Burleson,DEFENSE,0.0,0.0,0.0,0,676475
2,batter,0,0,Eric Wagaman,DEFENSE,,0.0,,0,676572
28,batter,1,1,José Caballero,DEFENSE,1.0,0.03571428571428571,1.0,1,676609
28,batter,1,1,Jared Young,DEFENSE,0.0,0.0,0.0,0,676724
18,batter,2,2,Brayan Rocchio,DEFENSE,1.0,0.1111111111111111,1.0,2,677587
16,batter,0,0,José Tena,DEFENSE,,0.0,,0,677588
30,batter,0,0,Julio Rodríguez,DEFENSE,,0.0,,0,677594
36,batter,3,3,Ezequiel Duran,DEFENSE,0.0,0.0,0.0,0,677649
47,batter,0,0,Wilyer Abreu,DEFENSE,,0.0,,0,677800
29,batter,1,1,Leo Jiménez,DEFENSE,1.0,0.034482758620689655,1.0,1,677870
8,batter,0,0,Blaze Alexander,DEFENSE,,0.0,,0,677942
12,batter,0,0,Alek Thomas,DEFENSE,,0.0,,0,677950
38,batter,2,2,Bobby Witt Jr.,DEFENSE,0.5,0.02631578947368421,0.5,1,677951
28,batter,2,1,Anthony Seigler,DEFENSE,0.0,0.0,0.0,0,678011
11,batter,0,0,Brandon Valenzuela,DEFENSE,,0.0,,0,678218
56,batter,3,3,Miguel Vargas,DEFENSE,0.6666666666666666,0.03571428571428571,0.6666666666666666,2,678246
41,batter,3,2,Jorbit Vivas,DEFENSE,0.5,0.024390243902439025,0.3333333333333333,1,678391
23,batter,2,2,Osleivis Basabe,DEFENSE,0.5,0.043478260869565216,0.5,1,678545
24,batter,0,0,Ezequiel Tovar,DEFENSE,,0.0,,0,678662
24,batter,1,1,Ceddanne Rafaela,DEFENSE,1.0,0.041666666666666664,1.0,1,678882
22,batter,0,0,Spencer Torkelson,DEFENSE,,0.0,,0,679529
18,batter,0,0,Justin Foscue,DEFENSE,,0.0,,0,679822
16,batter,0,0,Nick Loftin,DEFENSE,,0.0,,0,679845
23,batter,0,0,Matt McLain,DEFENSE,,0.0,,0,680574
7,batter,0,0,Eduardo Valencia,DEFENSE,,0.0,,0,680664
16,batter,0,0,Richie Palacios,DEFENSE,,0.0,,0,680700
41,batter,4,4,Steven Kwan,DEFENSE,1.0,0.0975609756097561,1.0,4,680757
23,batter,1,1,Jarren Duran,DEFENSE,0.0,0.0,0.0,0,680776
40,batter,1,0,Ryan Jeffers,DEFENSE,,0.0,0.0,0,680777
4,batter,0,0,Henry Davis,DEFENSE,,0.0,,0,680779
41,batter,3,3,Zack Gelof,DEFENSE,0.6666666666666666,0.04878048780487805,0.6666666666666666,2,680869
12,batter,1,1,Christian Franklin,DEFENSE,0.0,0.0,0.0,0,681047
31,batter,1,1,Bryson Stott,DEFENSE,1.0,0.03225806451612903,1.0,1,681082
78,batter,7,7,TJ Rumfield,DEFENSE,0.8571428571428571,0.07692307692307693,0.8571428571428571,6,681198
28,batter,0,0,Colton Cowser,DEFENSE,,0.0,,0,681297
9,batter,1,1,Logan O'Hoppe,DEFENSE,1.0,0.1111111111111111,1.0,1,681351
51,batter,2,2,Connor Norby,DEFENSE,0.5,0.0196078431372549,0.5,1,681393
33,batter,1,1,Mickey Gasper,DEFENSE,1.0,0.030303030303030304,1.0,1,681508
48,batter,1,1,Heriberto Hernández,DEFENSE,1.0,0.020833333333333332,1.0,1,681715
6,batter,0,0,David Fry,DEFENSE,,0.0,,0,681807
12,batter,2,2,Francisco Alvarez,DEFENSE,0.0,0.0,0.0,0,682626
20,batter,1,1,Angel Martínez,DEFENSE,1.0,0.05,1.0,1,682657
28,batter,3,3,Agustín Ramírez,DEFENSE,1.0,0.10714285714285714,1.0,3,682663
5,batter,0,0,Luisangel Acuña,DEFENSE,,0.0,,0,682668
45,batter,2,2,Elly De La Cruz,DEFENSE,0.5,0.022222222222222223,0.5,1,682829
41,batter,0,0,CJ Abrams,DEFENSE,,0.0,,0,682928
29,batter,0,0,Spencer Jones,DEFENSE,,0.0,,0,682987
52,batter,4,4,Corbin Carroll,DEFENSE,0.75,0.057692307692307696,0.75,3,682998
30,batter,1,1,Gunnar Henderson,DEFENSE,1.0,0.03333333333333333,1.0,1,683002
3,batter,1,1,Michael Stefanic,DEFENSE,1.0,0.3333333333333333,1.0,1,683021
21,batter,1,1,Nasim Nuñez,DEFENSE,0.0,0.0,0.0,0,683083
4,batter,0,0,Matthew Lugo,DEFENSE,,0.0,,0,683090
21,batter,2,2,Brett Baty,DEFENSE,1.0,0.09523809523809523,1.0,2,683146
40,batter,3,3,Cody Freeman,DEFENSE,1.0,0.075,1.0,3,683227
8,batter,3,3,Owen Caissie,DEFENSE,1.0,0.375,1.0,3,683357
23,batter,0,0,Andrew Vaughn,DEFENSE,,0.0,,0,683734
43,batter,1,1,Michael Busch,DEFENSE,0.0,0.0,0.0,0,683737
33,batter,1,1,Christian Koss,DEFENSE,1.0,0.030303030303030304,1.0,1,683766
14,batter,0,0,Travis Bazzana,DEFENSE,,0.0,,0,683953
16,batter,0,0,Wade Meckler,DEFENSE,,0.0,,0,685133
26,batter,3,3,Sal Frelick,DEFENSE,1.0,0.11538461538461539,1.0,3,686217
32,batter,0,0,Vinnie Pasquantino,DEFENSE,,0.0,,0,686469
14,batter,0,0,Tyler Tolbert,DEFENSE,,0.0,,0,686475
27,batter,0,0,Dominic Canzone,DEFENSE,,0.0,,0,686527
36,batter,3,3,Isaac Collins,DEFENSE,0.6666666666666666,0.05555555555555555,0.6666666666666666,2,686555
50,batter,3,3,Dylan Crews,DEFENSE,0.3333333333333333,0.02,0.3333333333333333,1,686611
12,batter,0,0,Brenton Doyle,DEFENSE,,0.0,,0,686668
6,batter,1,1,Michael Massey,DEFENSE,1.0,0.16666666666666666,1.0,1,686681
32,batter,1,1,Nick Sogard,DEFENSE,1.0,0.03125,1.0,1,686765
9,batter,1,1,Pedro Pagés,DEFENSE,1.0,0.1111111111111111,1.0,1,686780
27,batter,3,3,Brooks Lee,DEFENSE,0.6666666666666666,0.07407407407407407,0.6666666666666666,2,686797
39,batter,0,0,Drake Baldwin,DEFENSE,,0.0,,0,686948
31,batter,0,0,Vaughn Grissom,DEFENSE,,0.0,,0,687093
3,batter,0,0,Darell Hernaiz,DEFENSE,,0.0,,0,687231
33,batter,2,2,Zach Neto,DEFENSE,0.5,0.030303030303030304,0.5,1,687263
26,batter,1,1,Joey Ortiz,DEFENSE,1.0,0.038461538461538464,1.0,1,687401
35,batter,1,1,Spencer Horwitz,DEFENSE,1.0,0.02857142857142857,1.0,1,687462
17,batter,2,2,Grant McCray,DEFENSE,0.5,0.058823529411764705,0.5,1,687529
38,batter,1,1,Drew Gilbert,DEFENSE,1.0,0.02631578947368421,1.0,1,687551
10,batter,1,1,Jordan Beck,DEFENSE,1.0,0.1,1.0,1,687597
3,batter,1,1,Andrew Pinckney,DEFENSE,0.0,0.0,0.0,0,687605
37,batter,1,1,Dylan Beavers,DEFENSE,1.0,0.02702702702702703,1.0,1,687637
4,batter,1,1,Jase Bowen,DEFENSE,0.0,0.0,0.0,0,687749
23,batter,3,3,Troy Johnston,DEFENSE,1.0,0.13043478260869565,1.0,3,687859
29,batter,0,0,Christian Encarnacion-Strand,DEFENSE,,0.0,,0,687952
6,batter,0,0,Dustin Harris,DEFENSE,,0.0,,0,687957
21,batter,0,0,Liam Hicks,DEFENSE,,0.0,,0,689414
16,batter,0,0,Ryan Ritter,DEFENSE,,0.0,,0,690022
1,batter,0,0,Braxton Fulford,DEFENSE,,0.0,,0,690924
17,batter,1,1,Petey Halpin,DEFENSE,1.0,0.058823529411764705,1.0,1,690984
21,batter,0,0,Colt Keith,DEFENSE,,0.0,,0,690993
26,batter,0,0,Drew Romo,DEFENSE,,0.0,,0,691011
25,batter,3,3,Jordan Walker,DEFENSE,0.0,0.0,0.0,0,691023
41,batter,1,1,Junior Caminero,DEFENSE,1.0,0.024390243902439025,1.0,1,691406
8,batter,0,0,Blaze Jordan,DEFENSE,,0.0,,0,691458
33,batter,0,0,Javier Sanoja,DEFENSE,,0.0,,0,691594
39,batter,1,1,Pete Crow-Armstrong,DEFENSE,1.0,0.02564102564102564,1.0,1,691718
32,batter,0,0,Coby Mayo,DEFENSE,,0.0,,0,691723
14,batter,0,0,Zac Veen,DEFENSE,,0.0,,0,691728
13,batter,0,0,Max Muncy,DEFENSE,,0.0,,0,691777
31,batter,0,0,Brady House,DEFENSE,,0.0,,0,691781
19,batter,1,1,Jordan Lawlar,DEFENSE,1.0,0.05263157894736842,1.0,1,691783
13,batter,0,0,Joe Mack,DEFENSE,,0.0,,0,691788
37,batter,2,2,Nick Gonzales,DEFENSE,0.5,0.02702702702702703,0.5,1,693304
32,batter,3,3,Dillon Dingler,DEFENSE,0.3333333333333333,0.03125,0.3333333333333333,1,693307
32,batter,3,3,Jackson Chourio,DEFENSE,0.6666666666666666,0.0625,0.6666666666666666,2,694192
34,batter,2,2,Angel Genao,DEFENSE,0.5,0.029411764705882353,0.5,1,694197
35,batter,0,0,Denzer Guzman,DEFENSE,,0.0,,0,694203
31,batter,0,0,Moisés Ballesteros,DEFENSE,,0.0,,0,694208
21,batter,0,0,Samuel Basallo,DEFENSE,,0.0,,0,694212
37,batter,1,1,Cole Carrigg,DEFENSE,1.0,0.02702702702702703,1.0,1,694249
45,batter,2,2,Tim Tawa,DEFENSE,1.0,0.044444444444444446,1.0,2,694374
26,batter,1,1,Shay Whitcomb,DEFENSE,0.0,0.0,0.0,0,694376
13,batter,1,1,Nick Yorke,DEFENSE,0.0,0.0,0.0,0,694377
22,batter,1,1,Jacob Gonzalez,DEFENSE,1.0,0.045454545454545456,1.0,1,694378
27,batter,1,1,Evan Carter,DEFENSE,0.0,0.0,0.0,0,694497
56,batter,2,2,Wyatt Langford,DEFENSE,1.0,0.03571428571428571,1.0,2,694671
31,batter,0,0,Abimelec Ortiz,DEFENSE,,0.0,,0,694673
3,batter,0,0,Thomas Saggese,DEFENSE,,0.0,,0,695336
1,batter,0,0,Edwin Arroyo,DEFENSE,,0.0,,0,695490
15,batter,1,1,Joshua Báez,DEFENSE,1.0,0.06666666666666667,1.0,1,695491
24,batter,2,2,Jac Caglianone,DEFENSE,0.5,0.041666666666666664,0.5,1,695506
63,batter,4,4,Carter Jensen,DEFENSE,0.5,0.031746031746031744,0.5,2,695600
31,batter,1,1,Colson Montgomery,DEFENSE,0.0,0.0,0.0,0,695657
27,batter,2,2,Harry Ford,DEFENSE,0.5,0.037037037037037035,0.5,1,695670
46,batter,1,1,Christian Moore,DEFENSE,0.0,0.0,0.0,0,695681
22,batter,1,1,Tommy White,DEFENSE,1.0,0.045454545454545456,1.0,1,695720
40,batter,3,3,Braden Montgomery,DEFENSE,0.3333333333333333,0.025,0.3333333333333333,1,695731
48,batter,1,0,Daylen Lile,DEFENSE,,0.0,0.0,0,695734
29,batter,1,1,Hunter Goodman,DEFENSE,0.0,0.0,0.0,0,696100
21,batter,1,1,Jacob Young,DEFENSE,0.0,0.0,0.0,0,696285
30,batter,1,1,Esmerlyn Valdez,DEFENSE,1.0,0.03333333333333333,1.0,1,699013
21,batter,0,0,Héctor Rodríguez,DEFENSE,,0.0,,0,699302
39,batter,1,1,Pedro Ramírez,DEFENSE,0.0,0.0,0.0,0,699393
14,batter,2,2,Jimmy Crooks,DEFENSE,0.5,0.07142857142857142,0.5,1,699625
13,batter,1,1,Jose Fernandez,DEFENSE,1.0,0.07692307692307693,1.0,1,699912
39,batter,4,4,Ben Rice,DEFENSE,0.75,0.07692307692307693,0.75,3,700250
2,batter,0,0,Kenny Piper,DEFENSE,,0.0,,0,700652
14,batter,1,1,Ben Malgeri,DEFENSE,1.0,0.07142857142857142,1.0,1,701162
4,batter,0,0,Roman Anthony,DEFENSE,,0.0,,0,701350
17,batter,0,0,Cam Smith,DEFENSE,,0.0,,0,701358
38,batter,2,2,Sal Stewart,DEFENSE,0.5,0.02631578947368421,0.5,1,701398
25,batter,0,0,Jackson Merrill,DEFENSE,,0.0,,0,701538
26,batter,2,2,Nathan Church,DEFENSE,1.0,0.07692307692307693,1.0,2,701675
40,batter,2,1,Hao-Yu Lee,DEFENSE,1.0,0.025,0.5,1,701678
27,batter,0,0,Kaelen Culpepper,DEFENSE,,0.0,,0,701785
37,batter,2,2,Carson Benge,DEFENSE,0.5,0.02702702702702703,0.5,1,701807
29,batter,2,2,Drew Cavanaugh,DEFENSE,0.5,0.034482758620689655,0.5,1,701852
6,batter,1,1,Alan Roden,DEFENSE,1.0,0.16666666666666666,1.0,1,702176
32,batter,2,2,Justin Crawford,DEFENSE,0.5,0.03125,0.5,1,702222
25,batter,2,2,Cole Young,DEFENSE,0.0,0.0,0.0,0,702284
34,batter,4,3,Caleb Durbin,DEFENSE,1.0,0.08823529411764706,0.75,3,702332
29,batter,1,1,Jackson Holliday,DEFENSE,0.0,0.0,0.0,0,702616
42,batter,8,8,Brett Bateman,DEFENSE,1.0,0.19047619047619047,1.0,8,703520
27,batter,3,3,Max Clark,DEFENSE,0.3333333333333333,0.037037037037037035,0.3333333333333333,1,703601
26,batter,3,2,Henry Bolte,DEFENSE,0.5,0.038461538461538464,0.3333333333333333,1,703607
20,batter,0,0,Chase DeLauter,DEFENSE,,0.0,,0,800050
27,batter,1,1,Luis Lara,DEFENSE,1.0,0.037037037037037035,1.0,1,800325
21,batter,2,2,Brock Rodden,DEFENSE,0.5,0.047619047619047616,0.5,1,801126
17,batter,3,3,Nate Furman,DEFENSE,0.6666666666666666,0.11764705882352941,0.6666666666666666,2,801501
27,batter,0,0,JJ Wetherholt,DEFENSE,,0.0,,0,802139
25,batter,1,1,Chandler Simpson,DEFENSE,1.0,0.04,1.0,1,802415
46,batter,3,3,Sam Antonacci,DEFENSE,1.0,0.06521739130434782,1.0,3,803011
29,batter,0,0,Rafael Flores Jr.,DEFENSE,,0.0,,0,804668
34,batter,2,2,Jakob Marsee,DEFENSE,1.0,0.058823529411764705,1.0,2,805300
30,batter,2,1,Chase Meidroth,DEFENSE,1.0,0.03333333333333333,0.5,1,805367
12,batter,0,0,Walker Jenkins,DEFENSE,,0.0,,0,805805
39,batter,2,2,Kevin McGonigle,DEFENSE,0.5,0.02564102564102564,0.5,1,805808
24,batter,2,2,Bryce Eldridge,DEFENSE,0.0,0.0,0.0,0,805811
34,batter,1,1,A.J. Ewing,DEFENSE,1.0,0.029411764705882353,1.0,1,805999
25,batter,0,0,George Lombard Jr.,DEFENSE,,0.0,,0,806146
14,batter,0,0,Cooper Pratt,DEFENSE,,0.0,,0,806198
45,batter,4,4,Turner Hill,DEFENSE,0.5,0.044444444444444446,0.5,2,806367
39,batter,2,2,Luke Keaschall,DEFENSE,0.5,0.02564102564102564,0.5,1,807712
8,batter,0,0,Matt Shaw,DEFENSE,,0.0,,0,807713
14,batter,1,1,Charles McAdoo,DEFENSE,1.0,0.07142857142857142,1.0,1,807727
56,batter,6,6,Munetaka Murakami,DEFENSE,0.5,0.05357142857142857,0.5,3,808959
27,batter,0,0,Jung Hoo Lee,DEFENSE,,0.0,,0,808982
19,batter,1,1,Jonah Cox,DEFENSE,1.0,0.05263157894736842,1.0,1,813841
9,batter,0,0,Brett Callahan,DEFENSE,,0.0,,0,814430
19,batter,2,2,Ryan Waldschmidt,DEFENSE,0.5,0.05263157894736842,0.5,1,814439
6,batter,0,0,Sung-Mun Song,DEFENSE,,0.0,,0,823550
110,catcher,5,5,Travis d'Arnaud,DEFENSE,0.8,0.03636363636363636,0.8,4,518595
170,catcher,9,9,James McCann,DEFENSE,0.4444444444444444,0.023529411764705882,0.4444444444444444,4,543510
95,catcher,3,3,Christian Vázquez,DEFENSE,0.6666666666666666,0.021052631578947368,0.6666666666666666,2,543877
198,catcher,13,13,Elias Díaz,DEFENSE,0.6923076923076923,0.045454545454545456,0.6923076923076923,9,553869
57,catcher,1,1,Luke Maile,DEFENSE,1.0,0.017543859649122806,1.0,1,571912
273,catcher,4,4,J.T. Realmuto,DEFENSE,1.0,0.014652014652014652,1.0,4,592663
220,catcher,7,7,Austin Hedges,DEFENSE,0.5714285714285714,0.01818181818181818,0.5714285714285714,4,595978
57,catcher,5,5,Garrett Stubbs,DEFENSE,0.4,0.03508771929824561,0.4,2,596117
114,catcher,5,5,Gary Sánchez,DEFENSE,0.8,0.03508771929824561,0.8,4,596142
94,catcher,6,4,Victor Caratini,DEFENSE,0.25,0.010638297872340425,0.16666666666666666,1,605170
210,catcher,12,12,Carson Kelly,DEFENSE,0.3333333333333333,0.01904761904761905,0.3333333333333333,4,608348
157,catcher,9,9,Luis Torrens,DEFENSE,0.5555555555555556,0.03184713375796178,0.5555555555555556,5,620443
108,catcher,2,2,Tyler Heineman,DEFENSE,1.0,0.018518518518518517,1.0,2,623168
229,catcher,11,11,Jose Trevino,DEFENSE,0.45454545454545453,0.021834061135371178,0.45454545454545453,5,624431
126,catcher,5,4,Brian Navarreto,DEFENSE,0.75,0.023809523809523808,0.6,3,640459
42,catcher,4,4,Jhonny Pereda,DEFENSE,0.5,0.047619047619047616,0.5,2,640902
214,catcher,4,4,Jonah Heim,DEFENSE,0.25,0.004672897196261682,0.25,1,641680
183,catcher,13,13,Danny Jansen,DEFENSE,0.7692307692307693,0.0546448087431694,0.7692307692307693,10,643376
71,catcher,3,3,Ali Sánchez,DEFENSE,0.6666666666666666,0.028169014084507043,0.6666666666666666,2,645305
12,catcher,0,0,Yohel Pozo,DEFENSE,,0.0,,0,650968
174,catcher,12,11,Connor Wong,DEFENSE,0.9090909090909091,0.05747126436781609,0.8333333333333334,10,657136
170,catcher,9,8,Keibert Ruiz,DEFENSE,0.75,0.03529411764705882,0.6666666666666666,6,660688
178,catcher,9,9,William Contreras,DEFENSE,0.5555555555555556,0.028089887640449437,0.5555555555555556,5,661388
97,catcher,6,6,Brian Serven,DEFENSE,0.6666666666666666,0.041237113402061855,0.6666666666666666,4,661531
242,catcher,18,18,Cal Raleigh,DEFENSE,0.8888888888888888,0.06611570247933884,0.8888888888888888,16,663728
98,catcher,3,3,Nick Fortes,DEFENSE,0.3333333333333333,0.01020408163265306,0.3333333333333333,1,663743
88,catcher,5,5,Tyler Stephenson,DEFENSE,0.6,0.03409090909090909,0.6,3,663886
161,catcher,5,5,Brett Sullivan,DEFENSE,0.6,0.018633540372670808,0.6,3,664954
99,catcher,3,3,Miguel Amaya,DEFENSE,0.6666666666666666,0.020202020202020204,0.6666666666666666,2,665804
166,catcher,6,5,Carlos Narváez,DEFENSE,0.8,0.024096385542168676,0.6666666666666666,4,665966
234,catcher,9,9,Freddy Fermin,DEFENSE,0.7777777777777778,0.029914529914529916,0.7777777777777778,7,666023
127,catcher,9,9,Ben Rortvedt,DEFENSE,0.6666666666666666,0.047244094488188976,0.6666666666666666,6,666163
127,catcher,3,3,Jake Rogers,DEFENSE,0.3333333333333333,0.007874015748031496,0.3333333333333333,1,668670
135,catcher,14,14,Andrew Knizner,DEFENSE,0.5714285714285714,0.05925925925925926,0.5714285714285714,8,668800
222,catcher,12,11,Adley Rutschman,DEFENSE,0.7272727272727273,0.036036036036036036,0.6666666666666666,8,668939
101,catcher,3,3,Luis Campusano,DEFENSE,0.6666666666666666,0.019801980198019802,0.6666666666666666,2,669134
219,catcher,12,12,Sean Murphy,DEFENSE,0.4166666666666667,0.0228310502283105,0.4166666666666667,5,669221
300,catcher,12,11,Austin Wells,DEFENSE,0.5454545454545454,0.02,0.5,6,669224
129,catcher,4,4,Iván Herrera,DEFENSE,0.5,0.015503875968992248,0.5,2,671056
122,catcher,5,5,Patrick Bailey,DEFENSE,0.0,0.0,0.0,0,672275
220,catcher,11,11,Alejandro Kirk,DEFENSE,0.7272727272727273,0.03636363636363636,0.7272727272727273,8,672386
204,catcher,6,6,Gabriel Moreno,DEFENSE,0.6666666666666666,0.0196078431372549,0.6666666666666666,4,672515
227,catcher,7,7,Yainer Diaz,DEFENSE,0.7142857142857143,0.022026431718061675,0.7142857142857143,5,673237
181,catcher,6,5,Hunter Feduccia,DEFENSE,0.6,0.016574585635359115,0.5,3,676439
8,catcher,0,0,Will Banfield,DEFENSE,,0.0,,0,677943
109,catcher,6,6,Brandon Valenzuela,DEFENSE,0.8333333333333334,0.045871559633027525,0.8333333333333334,5,678218
44,catcher,1,1,Eduardo Valencia,DEFENSE,1.0,0.022727272727272728,1.0,1,680664
187,catcher,11,10,Ryan Jeffers,DEFENSE,0.6,0.03208556149732621,0.5454545454545454,6,680777
72,catcher,3,3,Henry Davis,DEFENSE,0.6666666666666666,0.027777777777777776,0.6666666666666666,2,680779
165,catcher,8,8,Francisco Alvarez,DEFENSE,0.875,0.04242424242424243,0.875,7,682626
61,catcher,2,2,Pedro Pagés,DEFENSE,1.0,0.03278688524590164,1.0,2,686780
80,catcher,2,2,Drake Baldwin,DEFENSE,1.0,0.025,1.0,2,686948
142,catcher,7,6,Liam Hicks,DEFENSE,0.3333333333333333,0.014084507042253521,0.2857142857142857,2,689414
247,catcher,17,13,Drew Romo,DEFENSE,0.46153846153846156,0.024291497975708502,0.35294117647058826,6,691011
194,catcher,8,8,Joe Mack,DEFENSE,0.25,0.010309278350515464,0.25,2,691788
268,catcher,6,6,Dillon Dingler,DEFENSE,0.8333333333333334,0.018656716417910446,0.8333333333333334,5,693307
132,catcher,8,8,Moisés Ballesteros,DEFENSE,0.875,0.05303030303030303,0.875,7,694208
115,catcher,8,8,Samuel Basallo,DEFENSE,0.625,0.043478260869565216,0.625,5,694212
220,catcher,9,9,Carter Jensen,DEFENSE,1.0,0.04090909090909091,1.0,9,695600
244,catcher,13,13,Harry Ford,DEFENSE,1.0,0.05327868852459016,1.0,13,695670
191,catcher,6,3,Hunter Goodman,DEFENSE,0.3333333333333333,0.005235602094240838,0.16666666666666666,1,696100
155,catcher,4,4,Jimmy Crooks,DEFENSE,1.0,0.025806451612903226,1.0,4,699625
28,catcher,1,1,Kenny Piper,DEFENSE,1.0,0.03571428571428571,1.0,1,700652
264,catcher,17,17,Drew Cavanaugh,DEFENSE,0.7647058823529411,0.04924242424242424,0.7647058823529411,13,701852
227,catcher,9,8,Rafael Flores Jr.,DEFENSE,0.375,0.013215859030837005,0.3333333333333333,3,804668
510,challenges_remaining,18,0,,DEFENSE,,0.0,0.0,0,0
2775,challenges_remaining,127,127,,DEFENSE,0.7244094488188977,0.033153153153153155,0.7244094488188977,92,1
6629,challenges_remaining,311,310,,DEFENSE,0.6193548387096774,0.028963644591944487,0.617363344051447,192,2
2704,count,170,162,,DEFENSE,0.6790123456790124,0.040680473372781065,0.6470588235294118,110,0-0
1427,count,56,55,,DEFENSE,0.7454545454545455,0.028731604765241767,0.7321428571428571,41,0-1
846,count,16,16,,DEFENSE,0.625,0.01182033096926714,0.625,10,0-2
889,count,47,46,,DEFENSE,0.6956521739130435,0.0359955005624297,0.6808510638297872,32,1-0
951,count,47,42,,DEFENSE,0.6666666666666666,0.029442691903259727,0.5957446808510638,28,1-1
1049,count,28,26,,DEFENSE,0.46153846153846156,0.011439466158245948,0.42857142857142855,12,1-2
275,count,21,21,,DEFENSE,0.6190476190476191,0.04727272727272727,0.6190476190476191,13,2-0
445,count,19,19,,DEFENSE,0.631578947368421,0.02696629213483146,0.631578947368421,12,2-1
718,count,24,23,,DEFENSE,0.6086956521739131,0.019498607242339833,0.5833333333333334,14,2-2
97,count,6,5,,DEFENSE,0.6,0.030927835051546393,0.5,3,3-0
179,count,6,6,,DEFENSE,0.6666666666666666,0.0223463687150838,0.6666666666666666,4,3-1
334,count,16,16,,DEFENSE,0.3125,0.014970059880239521,0.3125,5,3-2
1206,inning,68,68,,DEFENSE,0.7352941176470589,0.04145936981757877,0.7352941176470589,50,1
89,inning,2,2,,DEFENSE,0.0,0.0,0.0,0,10
29,inning,0,0,,DEFENSE,,0.0,,0,11
12,inning,0,0,,DEFENSE,,0.0,,0,12
1141,inning,55,55,,DEFENSE,0.6363636363636364,0.03067484662576687,0.6363636363636364,35,2
1113,inning,63,63,,DEFENSE,0.6349206349206349,0.03593890386343217,0.6349206349206349,40,3
1012,inning,46,46,,DEFENSE,0.6521739130434783,0.029644268774703556,0.6521739130434783,30,4
1098,inning,51,48,,DEFENSE,0.6458333333333334,0.028233151183970857,0.6078431372549019,31,5
1100,inning,44,42,,DEFENSE,0.6904761904761905,0.026363636363636363,0.6590909090909091,29,6
1152,inning,51,48,,DEFENSE,0.7083333333333334,0.029513888888888888,0.6666666666666666,34,7
1155,inning,41,35,,DEFENSE,0.6285714285714286,0.01904761904761905,0.5365853658536586,22,8
807,inning,35,30,,DEFENSE,0.43333333333333335,0.0161090458488228,0.37142857142857144,13,9
3254,outs,139,136,,DEFENSE,0.7279411764705882,0.030424093423478796,0.7122302158273381,99,0
3385,outs,185,176,,DEFENSE,0.6477272727272727,0.03367799113737075,0.6162162162162163,114,1
3275,outs,132,125,,DEFENSE,0.568,0.0216793893129771,0.5378787878787878,71,2
1272,pitch_type,35,33,,DEFENSE,0.6666666666666666,0.01729559748427673,0.6285714285714286,22,CH
761,pitch_type,33,32,,DEFENSE,0.59375,0.024967148488830485,0.5757575757575758,19,CU
9,pitch_type,0,0,,DEFENSE,,0.0,,0,EP
3,pitch_type,0,0,,DEFENSE,,0.0,,0,FA
824,pitch_type,32,30,,DEFENSE,0.6666666666666666,0.024271844660194174,0.625,20,FC
2881,pitch_type,154,147,,DEFENSE,0.5986394557823129,0.030544949670253386,0.5714285714285714,88,FF
3,pitch_type,0,0,,DEFENSE,,0.0,,0,FO
364,pitch_type,10,10,,DEFENSE,0.4,0.01098901098901099,0.4,4,FS
143,pitch_type,7,7,,DEFENSE,0.5714285714285714,0.027972027972027972,0.5714285714285714,4,KC
5,pitch_type,0,0,,DEFENSE,,0.0,,0,KN
4,pitch_type,0,0,,DEFENSE,,0.0,,0,PO
1493,pitch_type,109,106,,DEFENSE,0.7264150943396226,0.05157401205626256,0.7064220183486238,77,SI
1305,pitch_type,40,36,,DEFENSE,0.5277777777777778,0.014559386973180077,0.475,19,SL
796,pitch_type,36,36,,DEFENSE,0.8611111111111112,0.038944723618090454,0.8611111111111112,31,ST
51,pitch_type,0,0,,DEFENSE,,0.0,,0,SV
5,pitcher,0,0,Kenley Jansen,DEFENSE,,0.0,,0,445276
72,pitcher,2,2,Max Scherzer,DEFENSE,0.5,0.013888888888888888,0.5,1,453286
27,pitcher,2,2,Robert Stock,DEFENSE,1.0,0.07407407407407407,1.0,2,476594
25,pitcher,0,0,Kirby Yates,DEFENSE,,0.0,,0,489446
9,pitcher,0,0,Fernando Cruz,DEFENSE,,0.0,,0,518585
73,pitcher,3,3,Merrill Kelly,DEFENSE,0.6666666666666666,0.0273972602739726,0.6666666666666666,2,518876
3,pitcher,0,0,Craig Kimbrel,DEFENSE,,0.0,,0,518886
27,pitcher,2,2,Chris Sale,DEFENSE,1.0,0.07407407407407407,1.0,2,519242
30,pitcher,0,0,Martín Pérez,DEFENSE,,0.0,,0,527048
20,pitcher,1,1,Gerrit Cole,DEFENSE,0.0,0.0,0.0,0,543037
7,pitcher,0,0,Anthony Gose,DEFENSE,,0.0,,0,543238
38,pitcher,2,2,Sonny Gray,DEFENSE,1.0,0.05263157894736842,1.0,2,543243
16,pitcher,0,0,Michael Lorenzen,DEFENSE,,0.0,,0,547179
5,pitcher,1,1,Aroldis Chapman,DEFENSE,1.0,0.2,1.0,1,547973
4,pitcher,0,0,Brooks Raley,DEFENSE,,0.0,,0,548384
17,pitcher,0,0,Andrew Kittredge,DEFENSE,,0.0,,0,552640
80,pitcher,2,2,Zack Wheeler,DEFENSE,1.0,0.025,1.0,2,554430
36,pitcher,1,1,Matthew Boyd,DEFENSE,1.0,0.027777777777777776,1.0,1,571510
17,pitcher,1,1,Derek Law,DEFENSE,0.0,0.0,0.0,0,571882
3,pitcher,0,0,Luke Maile,DEFENSE,,0.0,,0,571912
6,pitcher,0,0,Steven Matz,DEFENSE,,0.0,,0,571927
16,pitcher,0,0,Taylor Rogers,DEFENSE,,0.0,,0,573124
10,pitcher,0,0,Caleb Thielbar,DEFENSE,,0.0,,0,573204
32,pitcher,3,3,Yusei Kikuchi,DEFENSE,0.6666666666666666,0.0625,0.6666666666666666,2,579328
4,pitcher,0,0,Cam Booser,DEFENSE,,0.0,,0,592155
64,pitcher,6,6,Kevin Gausman,DEFENSE,0.3333333333333333,0.03125,0.3333333333333333,2,592332
86,pitcher,2,2,Robbie Ray,DEFENSE,0.5,0.011627906976744186,0.5,1,592662
10,pitcher,0,0,Ryne Stanek,DEFENSE,,0.0,,0,592773
11,pitcher,1,1,Brock Stewart,DEFENSE,1.0,0.09090909090909091,1.0,1,592779
34,pitcher,1,1,Eduardo Rodriguez,DEFENSE,0.0,0.0,0.0,0,593958
4,pitcher,0,0,Wandy Peralta,DEFENSE,,0.0,,0,593974
16,pitcher,1,1,Tyron Guerrero,DEFENSE,1.0,0.0625,1.0,1,594027
23,pitcher,0,0,Sam Moll,DEFENSE,,0.0,,0,594580
42,pitcher,1,1,Jacob deGrom,DEFENSE,1.0,0.023809523809523808,1.0,1,594798
13,pitcher,1,1,Steven Okert,DEFENSE,0.0,0.0,0.0,0,595345
22,pitcher,1,1,Jakob Junis,DEFENSE,0.0,0.0,0.0,0,596001
22,pitcher,1,0,Luke Weaver,DEFENSE,,0.0,0.0,0,596133
59,pitcher,3,3,Chris Bassitt,DEFENSE,0.3333333333333333,0.01694915254237288,0.3333333333333333,1,605135
11,pitcher,1,1,Michael Fulmer,DEFENSE,1.0,0.09090909090909091,1.0,1,605242
35,pitcher,1,1,Clay Holmes,DEFENSE,1.0,0.02857142857142857,1.0,1,605280
7,pitcher,0,0,Adrian Houser,DEFENSE,,0.0,,0,605288
37,pitcher,3,3,Aaron Nola,DEFENSE,0.3333333333333333,0.02702702702702703,0.3333333333333333,1,605400
8,pitcher,1,0,Jordan Romano,DEFENSE,,0.0,0.0,0,605447
42,pitcher,1,1,Blake Snell,DEFENSE,0.0,0.0,0.0,0,605483
58,pitcher,2,2,Jeffrey Springs,DEFENSE,1.0,0.034482758620689655,1.0,2,605488
6,pitcher,0,0,Chris Devenski,DEFENSE,,0.0,,0,606965
16,pitcher,3,3,Kyle Hart,DEFENSE,1.0,0.1875,1.0,3,606996
12,pitcher,0,0,Colin Rea,DEFENSE,,0.0,,0,607067
29,pitcher,1,1,Carlos Rodón,DEFENSE,0.0,0.0,0.0,0,607074
65,pitcher,6,6,Tyler Glasnow,DEFENSE,0.5,0.046153846153846156,0.5,3,607192
32,pitcher,1,1,Erick Fedde,DEFENSE,0.0,0.0,0.0,0,607200
28,pitcher,1,1,Nick Martinez,DEFENSE,0.0,0.0,0.0,0,607259
68,pitcher,2,2,Seth Lugo,DEFENSE,1.0,0.029411764705882353,1.0,2,607625
24,pitcher,1,1,Max Fried,DEFENSE,1.0,0.041666666666666664,1.0,1,608331
32,pitcher,0,0,Tomoyuki Sugano,DEFENSE,,0.0,,0,608372
28,pitcher,0,0,Michael Wacha,DEFENSE,,0.0,,0,608379
9,pitcher,0,0,Brent Suter,DEFENSE,,0.0,,0,608718
32,pitcher,3,3,Cal Quantrill,DEFENSE,0.3333333333333333,0.03125,0.3333333333333333,1,615698
11,pitcher,2,2,Jose Cuas,DEFENSE,1.0,0.18181818181818182,1.0,2,621016
16,pitcher,0,0,Michael Rucker,DEFENSE,,0.0,,0,621074
19,pitcher,0,0,Jacob Waguespack,DEFENSE,,0.0,,0,621097
25,pitcher,1,1,Walker Buehler,DEFENSE,0.0,0.0,0.0,0,621111
18,pitcher,2,2,Paul Blackburn,DEFENSE,1.0,0.1111111111111111,1.0,2,621112
18,pitcher,0,0,José Alvarado,DEFENSE,,0.0,,0,621237
18,pitcher,1,0,A.J. Minter,DEFENSE,,0.0,0.0,0,621345
9,pitcher,1,1,Tejay Antone,DEFENSE,0.0,0.0,0.0,0,622088
25,pitcher,1,1,Luis Castillo,DEFENSE,1.0,0.04,1.0,1,622491
25,pitcher,2,2,Seranthony Domínguez,DEFENSE,0.5,0.04,0.5,1,622554
23,pitcher,3,3,Antonio Senzatela,DEFENSE,1.0,0.13043478260869565,1.0,3,622608
19,pitcher,2,2,Paul Sewald,DEFENSE,1.0,0.10526315789473684,1.0,2,623149
11,pitcher,0,0,Huascar Brazobán,DEFENSE,,0.0,,0,623211
16,pitcher,0,0,Josh Hader,DEFENSE,,0.0,,0,623352
18,pitcher,1,1,Justin Topa,DEFENSE,1.0,0.05555555555555555,1.0,1,623437
35,pitcher,0,0,Drew Anderson,DEFENSE,,0.0,,0,623454
8,pitcher,1,0,Evan Phillips,DEFENSE,,0.0,0.0,0,623465
15,pitcher,0,0,Jimmy Herget,DEFENSE,,0.0,,0,623474
73,pitcher,2,2,Ranger Suarez,DEFENSE,1.0,0.0273972602739726,1.0,2,624133
8,pitcher,0,0,Jose Trevino,DEFENSE,,0.0,,0,624431
17,pitcher,2,2,Raisel Iglesias,DEFENSE,0.5,0.058823529411764705,0.5,1,628452
9,pitcher,0,0,Kyle Finnegan,DEFENSE,,0.0,,0,640448
31,pitcher,1,1,Sean Manaea,DEFENSE,1.0,0.03225806451612903,1.0,1,640455
25,pitcher,2,2,Tyler Alexander,DEFENSE,1.0,0.08,1.0,2,641302
10,pitcher,0,0,Bryan Baker,DEFENSE,,0.0,,0,641329
38,pitcher,5,5,Anthony Kay,DEFENSE,0.8,0.10526315789473684,0.8,4,641743
17,pitcher,0,0,Tyler Kinley,DEFENSE,,0.0,,0,641755
20,pitcher,1,1,Eric Lauer,DEFENSE,1.0,0.05,1.0,1,641778
30,pitcher,1,1,Tyler Mahle,DEFENSE,0.0,0.0,0.0,0,641816
5,pitcher,0,0,Tim Mayza,DEFENSE,,0.0,,0,641835
27,pitcher,1,1,Bailey Ober,DEFENSE,0.0,0.0,0.0,0,641927
16,pitcher,2,2,Emilio Pagán,DEFENSE,0.0,0.0,0.0,0,641941
17,pitcher,1,1,Tayler Saucedo,DEFENSE,1.0,0.058823529411764705,1.0,1,642048
7,pitcher,1,1,Gabe Speier,DEFENSE,1.0,0.14285714285714285,1.0,1,642100
23,pitcher,1,1,Ryan Yarbrough,DEFENSE,0.0,0.0,0.0,0,642232
23,pitcher,2,2,Jefry Yan,DEFENSE,0.5,0.043478260869565216,0.5,1,642376
16,pitcher,1,1,Gregory Soto,DEFENSE,0.0,0.0,0.0,0,642397
4,pitcher,0,0,Jonathan Loáisiga,DEFENSE,,0.0,,0,642528
32,pitcher,1,1,Freddy Peralta,DEFENSE,0.0,0.0,0.0,0,642547
22,pitcher,0,0,Dennis Santana,DEFENSE,,0.0,,0,642701
19,pitcher,1,1,Tyler Rogers,DEFENSE,1.0,0.05263157894736842,1.0,1,643511
68,pitcher,3,3,Sandy Alcantara,DEFENSE,0.6666666666666666,0.029411764705882353,0.6666666666666666,2,645261
21,pitcher,0,0,Bryan Abreu,DEFENSE,,0.0,,0,650556
28,pitcher,1,1,Michael King,DEFENSE,1.0,0.03571428571428571,1.0,1,650633
18,pitcher,1,1,Aaron Civale,DEFENSE,0.0,0.0,0.0,0,650644
25,pitcher,0,0,Cristopher Sánchez,DEFENSE,,0.0,,0,650911
5,pitcher,1,1,Daniel Duarte,DEFENSE,1.0,0.2,1.0,1,650960
17,pitcher,1,0,Andruw Monasterio,DEFENSE,,0.0,0.0,0,655316
27,pitcher,1,1,Manuel Rodríguez,DEFENSE,0.0,0.0,0.0,0,655889
11,pitcher,0,0,Jake Bird,DEFENSE,,0.0,,0,656234
15,pitcher,0,0,Scott Blewett,DEFENSE,,0.0,,0,656240
15,pitcher,0,0,Brock Burke,DEFENSE,,0.0,,0,656271
18,pitcher,1,1,Griffin Canning,DEFENSE,1.0,0.05555555555555555,1.0,1,656288
36,pitcher,2,2,Dylan Cease,DEFENSE,1.0,0.05555555555555555,1.0,2,656302
14,pitcher,0,0,Tyler Gilbert,DEFENSE,,0.0,,0,656457
14,pitcher,0,0,Kevin Ginkel,DEFENSE,,0.0,,0,656464
32,pitcher,2,2,Foster Griffin,DEFENSE,1.0,0.0625,1.0,2,656492
4,pitcher,1,1,Sam Hentges,DEFENSE,1.0,0.25,1.0,1,656529
4,pitcher,0,0,Jeff Hoffman,DEFENSE,,0.0,,0,656546
29,pitcher,1,1,Grant Holmes,DEFENSE,0.0,0.0,0.0,0,656550
13,pitcher,0,0,Alex Lange,DEFENSE,,0.0,,0,656638
5,pitcher,0,0,Jacob Latz,DEFENSE,,0.0,,0,656641
7,pitcher,1,1,Trevor Megill,DEFENSE,0.0,0.0,0.0,0,656730
16,pitcher,0,0,Jordan Montgomery,DEFENSE,,0.0,,0,656756
28,pitcher,1,1,Sean Newcomb,DEFENSE,0.0,0.0,0.0,0,656794
23,pitcher,2,2,Michael Petersen,DEFENSE,0.5,0.043478260869565216,0.5,1,656848
35,pitcher,3,3,David Peterson,DEFENSE,0.3333333333333333,0.02857142857142857,0.3333333333333333,1,656849
64,pitcher,2,2,Drew Rasmussen,DEFENSE,0.5,0.015625,0.5,1,656876
13,pitcher,0,0,Tanner Scott,DEFENSE,,0.0,,0,656945
21,pitcher,3,3,Bennett Sousa,DEFENSE,0.6666666666666666,0.09523809523809523,0.6666666666666666,2,656986
17,pitcher,1,1,Jacob Webb,DEFENSE,0.0,0.0,0.0,0,657097
13,pitcher,1,1,Peter Strzelecki,DEFENSE,1.0,0.07692307692307693,1.0,1,657265
31,pitcher,1,1,Logan Webb,DEFENSE,1.0,0.03225806451612903,1.0,1,657277
9,pitcher,0,0,Brennan Bernardino,DEFENSE,,0.0,,0,657514
14,pitcher,0,0,Caleb Ferguson,DEFENSE,,0.0,,0,657571
14,pitcher,1,1,Tim Hill,DEFENSE,0.0,0.0,0.0,0,657612
2,pitcher,0,0,José Suarez,DEFENSE,,0.0,,0,660761
21,pitcher,1,1,Yerry De los Santos,DEFENSE,1.0,0.047619047619047616,1.0,1,660787
18,pitcher,1,1,Eduard Bazardo,DEFENSE,1.0,0.05555555555555555,1.0,1,660825
18,pitcher,0,0,Enyel De Los Santos,DEFENSE,,0.0,,0,660853
14,pitcher,0,0,Jhoan Duran,DEFENSE,,0.0,,0,661395
10,pitcher,0,0,Andrés Muñoz,DEFENSE,,0.0,,0,662253
7,pitcher,1,1,Matt Waldron,DEFENSE,1.0,0.14285714285714285,1.0,1,663362
61,pitcher,4,4,Ryan Feltner,DEFENSE,0.5,0.03278688524590164,0.5,2,663372
18,pitcher,0,0,Trent Thornton,DEFENSE,,0.0,,0,663423
28,pitcher,1,1,Tanner Rainey,DEFENSE,1.0,0.03571428571428571,1.0,1,663432
9,pitcher,1,1,Bryan Hudson,DEFENSE,0.0,0.0,0.0,0,663542
26,pitcher,1,1,Casey Mize,DEFENSE,1.0,0.038461538461538464,1.0,1,663554
28,pitcher,2,2,Shane McClanahan,DEFENSE,1.0,0.07142857142857142,1.0,2,663556
32,pitcher,2,2,Jovani Morán,DEFENSE,0.0,0.0,0.0,0,663558
36,pitcher,0,0,Peter Lambert,DEFENSE,,0.0,,0,663567
28,pitcher,0,0,Tony Santillan,DEFENSE,,0.0,,0,663574
40,pitcher,3,3,Jake Irvin,DEFENSE,0.6666666666666666,0.05,0.6666666666666666,2,663623
12,pitcher,1,1,Hogan Harris,DEFENSE,0.0,0.0,0.0,0,663687
27,pitcher,1,1,Daniel Lynch IV,DEFENSE,1.0,0.037037037037037035,1.0,1,663738
14,pitcher,0,0,Chase Shugart,DEFENSE,,0.0,,0,663767
37,pitcher,2,2,Patrick Sandoval,DEFENSE,1.0,0.05405405405405406,1.0,2,663776
19,pitcher,1,1,Jordan Hicks,DEFENSE,0.0,0.0,0.0,0,663855
15,pitcher,0,0,Nate Pearson,DEFENSE,,0.0,,0,663878
19,pitcher,0,0,Brendon Little,DEFENSE,,0.0,,0,663893
35,pitcher,3,3,Brady Singer,DEFENSE,0.6666666666666666,0.05714285714285714,0.6666666666666666,2,663903
21,pitcher,0,0,Tyler Holton,DEFENSE,,0.0,,0,663947
29,pitcher,1,1,Tyler Phillips,DEFENSE,1.0,0.034482758620689655,1.0,1,663969
9,pitcher,0,0,Garrett Cleavinger,DEFENSE,,0.0,,0,664076
4,pitcher,0,0,Pete Fairbanks,DEFENSE,,0.0,,0,664126
21,pitcher,0,0,Taylor Clarke,DEFENSE,,0.0,,0,664199
64,pitcher,4,4,Framber Valdez,DEFENSE,0.75,0.046875,0.75,3,664285
21,pitcher,0,0,Cristian Javier,DEFENSE,,0.0,,0,664299
58,pitcher,6,3,José Urquidy,DEFENSE,0.0,0.0,0.0,0,664353
4,pitcher,0,0,Myles Straw,DEFENSE,,0.0,,0,664702
12,pitcher,0,0,Grant Wolfram,DEFENSE,,0.0,,0,664991
36,pitcher,3,3,Dean Kremer,DEFENSE,0.3333333333333333,0.027777777777777776,0.3333333333333333,1,665152
13,pitcher,1,1,Luis Medina,DEFENSE,0.0,0.0,0.0,0,665622
21,pitcher,0,0,Elvis Alvarado,DEFENSE,,0.0,,0,665660
14,pitcher,0,0,Reiver Sanmartin,DEFENSE,,0.0,,0,665665
37,pitcher,4,4,Nick Lodolo,DEFENSE,0.75,0.08108108108108109,0.75,3,666157
11,pitcher,0,0,Ryan Zeferjahn,DEFENSE,,0.0,,0,666171
39,pitcher,0,0,Jesús Luzardo,DEFENSE,,0.0,,0,666200
10,pitcher,0,0,George Soriano,DEFENSE,,0.0,,0,666277
9,pitcher,0,0,Juan Morillo,DEFENSE,,0.0,,0,666661
19,pitcher,1,1,Camilo Doval,DEFENSE,0.0,0.0,0.0,0,666808
10,pitcher,1,0,Yennier Cano,DEFENSE,,0.0,0.0,0,666974
6,pitcher,0,0,Tommy Nance,DEFENSE,,0.0,,0,667297
8,pitcher,1,1,Jack Ralston,DEFENSE,0.0,0.0,0.0,0,667652
31,pitcher,2,2,José Soriano,DEFENSE,0.0,0.0,0.0,0,667755
16,pitcher,1,1,Cole Winn,DEFENSE,0.0,0.0,0.0,0,668390
27,pitcher,0,0,Max Kranick,DEFENSE,,0.0,,0,668820
23,pitcher,0,0,Gavin Williams,DEFENSE,,0.0,,0,668909
10,pitcher,0,0,Casey Legumina,DEFENSE,,0.0,,0,668984
10,pitcher,0,0,Ryan Rolison,DEFENSE,,0.0,,0,669020
39,pitcher,2,2,MacKenzie Gore,DEFENSE,0.5,0.02564102564102564,0.5,1,669022
20,pitcher,1,1,Bryse Wilson,DEFENSE,0.0,0.0,0.0,0,669060
9,pitcher,0,0,Erik Miller,DEFENSE,,0.0,,0,669062
7,pitcher,0,0,DL Hall,DEFENSE,,0.0,,0,669084
7,pitcher,0,0,Jeremiah Estrada,DEFENSE,,0.0,,0,669093
35,pitcher,2,2,Dustin May,DEFENSE,1.0,0.05714285714285714,1.0,2,669160
12,pitcher,1,1,Kyle Hurt,DEFENSE,0.0,0.0,0.0,0,669165
15,pitcher,0,0,Lake Bachar,DEFENSE,,0.0,,0,669199
15,pitcher,2,2,Dylan Lee,DEFENSE,0.5,0.06666666666666667,0.5,1,669276
64,pitcher,5,5,Logan Gilbert,DEFENSE,1.0,0.078125,1.0,5,669302
5,pitcher,0,0,CJ Van Eyk,DEFENSE,,0.0,,0,669310
9,pitcher,1,1,Tyler Wells,DEFENSE,1.0,0.1111111111111111,1.0,1,669330
30,pitcher,2,2,Shane Baz,DEFENSE,1.0,0.06666666666666667,1.0,2,669358
37,pitcher,1,1,J.T. Ginn,DEFENSE,1.0,0.02702702702702703,1.0,1,669372
27,pitcher,1,1,Tarik Skubal,DEFENSE,1.0,0.037037037037037035,1.0,1,669373
22,pitcher,2,2,Carmen Mlodzinski,DEFENSE,0.0,0.0,0.0,0,669387
26,pitcher,2,2,Trevor Rogers,DEFENSE,1.0,0.07692307692307693,1.0,2,669432
77,pitcher,2,2,Matthew Liberatore,DEFENSE,0.0,0.0,0.0,0,669461
14,pitcher,0,0,Brady Basso,DEFENSE,,0.0,,0,669620
7,pitcher,0,0,Greg Weissert,DEFENSE,,0.0,,0,669711
36,pitcher,1,1,Hayden Wesneski,DEFENSE,1.0,0.027777777777777776,1.0,1,669713
25,pitcher,1,1,George Kirby,DEFENSE,1.0,0.04,1.0,1,669923
12,pitcher,0,0,Matt Festa,DEFENSE,,0.0,,0,670036
15,pitcher,0,0,Colin Holderman,DEFENSE,,0.0,,0,670059
26,pitcher,2,2,Julian Garcia,DEFENSE,0.5,0.038461538461538464,0.5,1,670062
11,pitcher,0,0,Raymond Burgos,DEFENSE,,0.0,,0,670103
10,pitcher,0,0,John Schreiber,DEFENSE,,0.0,,0,670167
12,pitcher,0,0,Ryan Watson,DEFENSE,,0.0,,0,670245
4,pitcher,0,0,David Bednar,DEFENSE,,0.0,,0,670280
22,pitcher,0,0,Rico Garcia,DEFENSE,,0.0,,0,670329
22,pitcher,0,0,Trevor Richards,DEFENSE,,0.0,,0,670950
12,pitcher,0,0,Adrian Morejon,DEFENSE,,0.0,,0,670970
10,pitcher,1,1,Yohan Ramírez,DEFENSE,1.0,0.1,1.0,1,670990
24,pitcher,0,0,Andrew Abbott,DEFENSE,,0.0,,0,671096
21,pitcher,0,0,Logan Allen,DEFENSE,,0.0,,0,671106
21,pitcher,0,0,Sammy Peralta,DEFENSE,,0.0,,0,671111
17,pitcher,1,1,Connor Thomas,DEFENSE,1.0,0.058823529411764705,1.0,1,671162
19,pitcher,3,3,Jason Foley,DEFENSE,0.6666666666666666,0.10526315789473684,0.6666666666666666,2,671345
29,pitcher,3,3,Taj Bradley,DEFENSE,0.3333333333333333,0.034482758620689655,0.3333333333333333,1,671737
22,pitcher,3,3,Cade Smith,DEFENSE,0.0,0.0,0.0,0,671922
15,pitcher,2,2,Adam Macko,DEFENSE,0.5,0.06666666666666667,0.5,1,671936
26,pitcher,1,1,Reid Detmers,DEFENSE,1.0,0.038461538461538464,1.0,1,672282
23,pitcher,0,0,Keider Montero,DEFENSE,,0.0,,0,672456
21,pitcher,1,1,Gerardo Carrillo,DEFENSE,0.0,0.0,0.0,0,672629
22,pitcher,2,0,Yoendrys Gómez,DEFENSE,,0.0,0.0,0,672782
17,pitcher,1,1,Carlos Vargas,DEFENSE,1.0,0.058823529411764705,1.0,1,672841
4,pitcher,0,0,Dedniel Núñez,DEFENSE,,0.0,,0,673380
35,pitcher,0,0,Yuki Matsui,DEFENSE,,0.0,,0,673513
6,pitcher,0,0,Kodai Senga,DEFENSE,,0.0,,0,673540
34,pitcher,4,4,Cody Bradford,DEFENSE,1.0,0.11764705882352941,1.0,4,674003
8,pitcher,0,0,Steven Cruz,DEFENSE,,0.0,,0,674444
67,pitcher,3,3,Andrew Alvarez,DEFENSE,1.0,0.04477611940298507,1.0,3,674841
24,pitcher,0,0,Troy Melton,DEFENSE,,0.0,,0,675512
15,pitcher,2,2,Xzavion Curry,DEFENSE,0.5,0.06666666666666667,0.5,1,675540
33,pitcher,1,1,Shane Drohan,DEFENSE,1.0,0.030303030303030304,1.0,1,675660
17,pitcher,0,0,Juan Mejia,DEFENSE,,0.0,,0,675848
11,pitcher,1,1,Seth Lonsway,DEFENSE,1.0,0.09090909090909091,1.0,1,675920
24,pitcher,0,0,Janson Junk,DEFENSE,,0.0,,0,676083
17,pitcher,1,1,Emerson Hancock,DEFENSE,1.0,0.058823529411764705,1.0,1,676106
30,pitcher,2,2,Ryan Walker,DEFENSE,1.0,0.06666666666666667,1.0,2,676254
19,pitcher,0,0,Jack Dreyer,DEFENSE,,0.0,,0,676263
43,pitcher,1,1,Joey Cantillo,DEFENSE,1.0,0.023255813953488372,1.0,1,676282
37,pitcher,2,2,Tanner Bibee,DEFENSE,0.0,0.0,0.0,0,676440
6,pitcher,1,1,Garrett Whitlock,DEFENSE,0.0,0.0,0.0,0,676477
9,pitcher,0,0,Calvin Faucher,DEFENSE,,0.0,,0,676534
12,pitcher,1,1,Tyler Zuber,DEFENSE,0.0,0.0,0.0,0,676604
8,pitcher,0,0,Riley O'Brien,DEFENSE,,0.0,,0,676617
11,pitcher,0,0,Blake Weiman,DEFENSE,,0.0,,0,676620
24,pitcher,1,1,Tom Cosgrove,DEFENSE,1.0,0.041666666666666664,1.0,1,676680
25,pitcher,2,2,Cam Sanders,DEFENSE,0.0,0.0,0.0,0,676742
16,pitcher,0,0,Aaron Ashby,DEFENSE,,0.0,,0,676879
54,pitcher,3,3,Cade Cavalli,DEFENSE,1.0,0.05555555555555555,1.0,3,676917
10,pitcher,0,0,Josh Walker,DEFENSE,,0.0,,0,677020
12,pitcher,1,1,Justin Bruihl,DEFENSE,1.0,0.08333333333333333,1.0,1,677865
49,pitcher,2,2,Braxton Ashcraft,DEFENSE,0.5,0.02040816326530612,0.5,1,677952
17,pitcher,0,0,Jaden Hill,DEFENSE,,0.0,,0,677955
74,pitcher,3,3,Kumar Rocker,DEFENSE,1.0,0.04054054054054054,1.0,3,677958
36,pitcher,4,4,Randy Dobnak,DEFENSE,1.0,0.1111111111111111,1.0,4,677976
6,pitcher,0,0,Seth Halvorsen,DEFENSE,,0.0,,0,678020
27,pitcher,0,0,Jack Perkins,DEFENSE,,0.0,,0,678022
6,pitcher,2,2,Ray Kerr,DEFENSE,1.0,0.3333333333333333,1.0,2,678061
4,pitcher,0,0,Jorbit Vivas,DEFENSE,,0.0,,0,678391
51,pitcher,5,5,Brayan Bello,DEFENSE,0.8,0.0784313725490196,0.8,4,678394
17,pitcher,1,1,José A. Ferrer,DEFENSE,0.0,0.0,0.0,0,678606
7,pitcher,1,1,Kai-Wei Teng,DEFENSE,1.0,0.14285714285714285,1.0,1,678906
20,pitcher,4,4,Justin Martinez,DEFENSE,0.75,0.15,0.75,3,679885
28,pitcher,1,1,Grayson Rodriguez,DEFENSE,1.0,0.03571428571428571,1.0,1,680570
14,pitcher,1,1,Simeon Woods Richardson,DEFENSE,1.0,0.07142857142857142,1.0,1,680573
27,pitcher,1,1,Kyle Bradish,DEFENSE,1.0,0.037037037037037035,1.0,1,680694
4,pitcher,0,0,Drew Rom,DEFENSE,,0.0,,0,680723
44,pitcher,0,0,Sean Burke,DEFENSE,,0.0,,0,680732
23,pitcher,0,0,Jonathan Bowlan,DEFENSE,,0.0,,0,680742
17,pitcher,0,0,Braydon Fisher,DEFENSE,,0.0,,0,680755
13,pitcher,0,0,Victor Vodnik,DEFENSE,,0.0,,0,680767
18,pitcher,1,1,Erik Tolman,DEFENSE,0.0,0.0,0.0,0,680899
39,pitcher,2,2,Christian Scott,DEFENSE,0.5,0.02564102564102564,0.5,1,681035
28,pitcher,2,2,Randy Vásquez,DEFENSE,0.5,0.03571428571428571,0.5,1,681190
22,pitcher,3,3,Chase Silseth,DEFENSE,1.0,0.13636363636363635,1.0,3,681217
30,pitcher,1,1,Spencer Arrighetti,DEFENSE,1.0,0.03333333333333333,1.0,1,681293
8,pitcher,0,0,Nate Lavender,DEFENSE,,0.0,,0,681320
18,pitcher,0,0,Kyle Leahy,DEFENSE,,0.0,,0,681517
18,pitcher,1,0,Wyatt Olds,DEFENSE,,0.0,0.0,0,681544
26,pitcher,0,0,Ryan Fernandez,DEFENSE,,0.0,,0,681676
22,pitcher,2,2,Austin Warren,DEFENSE,0.5,0.045454545454545456,0.5,1,681810
15,pitcher,0,0,Erik Sabrowski,DEFENSE,,0.0,,0,681870
9,pitcher,1,1,Kody Funderburk,DEFENSE,1.0,0.1111111111111111,1.0,1,681892
13,pitcher,1,1,Evan Sisk,DEFENSE,1.0,0.07692307692307693,1.0,1,681895
10,pitcher,0,0,Alex Vesia,DEFENSE,,0.0,,0,681911
22,pitcher,2,2,Dylan Smith,DEFENSE,0.0,0.0,0.0,0,681916
16,pitcher,0,0,Grant Anderson,DEFENSE,,0.0,,0,681982
38,pitcher,2,2,Jacob Lopez,DEFENSE,0.0,0.0,0.0,0,682052
18,pitcher,1,1,Tim Herrin,DEFENSE,0.0,0.0,0.0,0,682120
19,pitcher,0,0,Mason Montgomery,DEFENSE,,0.0,,0,682254
20,pitcher,1,1,Peyton Gray,DEFENSE,0.0,0.0,0.0,0,682608
2,pitcher,1,0,Luisangel Acuña,DEFENSE,,0.0,0.0,0,682668
14,pitcher,0,0,Luis Mey,DEFENSE,,0.0,,0,682825
29,pitcher,0,0,Victor Mederos,DEFENSE,,0.0,,0,682989
29,pitcher,2,2,Jared Jones,DEFENSE,0.5,0.034482758620689655,0.5,1,683003
20,pitcher,0,0,Mitch Bratt,DEFENSE,,0.0,,0,683352
37,pitcher,1,1,Matt Wilkinson,DEFENSE,1.0,0.02702702702702703,1.0,1,683363
15,pitcher,0,0,Edgardo Henriquez,DEFENSE,,0.0,,0,683618
18,pitcher,2,2,Anthony Molina,DEFENSE,1.0,0.1111111111111111,1.0,2,683627
10,pitcher,0,0,Hunter Gaddis,DEFENSE,,0.0,,0,683769
28,pitcher,1,1,Shota Imanaga,DEFENSE,1.0,0.03571428571428571,1.0,1,684007
19,pitcher,3,3,Kohl Drake,DEFENSE,0.3333333333333333,0.05263157894736842,0.3333333333333333,1,684442
20,pitcher,0,0,Luke Murphy,DEFENSE,,0.0,,0,684665
14,pitcher,1,1,Craig Yoho,DEFENSE,0.0,0.0,0.0,0,684974
24,pitcher,1,1,Tanner Gordon,DEFENSE,0.0,0.0,0.0,0,685299
7,pitcher,0,0,Cade Winquest,DEFENSE,,0.0,,0,685464
6,pitcher,1,1,Juan Burgos,DEFENSE,1.0,0.16666666666666666,1.0,1,686228
22,pitcher,1,1,Jonathan Cannon,DEFENSE,1.0,0.045454545454545456,1.0,1,686563
38,pitcher,2,2,Hunter Brown,DEFENSE,0.5,0.02631578947368421,0.5,1,686613
13,pitcher,0,0,Drey Jameson,DEFENSE,,0.0,,0,686753
3,pitcher,0,0,Pedro Pagés,DEFENSE,,0.0,,0,686780
17,pitcher,0,0,Alex McFarlane,DEFENSE,,0.0,,0,686934
6,pitcher,0,0,Louis Varland,DEFENSE,,0.0,,0,686973
15,pitcher,0,0,Blake Adams,DEFENSE,,0.0,,0,687060
25,pitcher,1,1,Brandon Young,DEFENSE,1.0,0.04,1.0,1,687064
38,pitcher,1,1,Quinn Mathews,DEFENSE,1.0,0.02631578947368421,1.0,1,687273
25,pitcher,1,1,Patrick Monteverde,DEFENSE,1.0,0.04,1.0,1,687287
41,pitcher,1,1,Gabriel Hughes,DEFENSE,1.0,0.024390243902439025,1.0,1,687312
17,pitcher,1,1,Kevin Kelly,DEFENSE,0.0,0.0,0.0,0,687330
25,pitcher,1,1,Orlando Ribalta,DEFENSE,1.0,0.04,1.0,1,687377
25,pitcher,0,0,Brent Headrick,DEFENSE,,0.0,,0,687396
28,pitcher,1,1,Ryan Gusto,DEFENSE,0.0,0.0,0.0,0,687473
24,pitcher,1,1,Jake Bennett,DEFENSE,1.0,0.041666666666666664,1.0,1,687562
26,pitcher,2,2,Connor Prielipp,DEFENSE,0.5,0.038461538461538464,0.5,1,687570
2,pitcher,0,0,Troy Johnston,DEFENSE,,0.0,,0,687859
22,pitcher,1,1,Carson Whisenhunt,DEFENSE,0.0,0.0,0.0,0,687931
18,pitcher,1,1,Alec Gamboa,DEFENSE,1.0,0.05555555555555555,1.0,1,687941
23,pitcher,1,1,Robert Gasser,DEFENSE,1.0,0.043478260869565216,1.0,1,688107
11,pitcher,1,1,David Morgan,DEFENSE,1.0,0.09090909090909091,1.0,1,688158
5,pitcher,0,0,Chris Roycroft,DEFENSE,,0.0,,0,688297
24,pitcher,1,1,Zach Agnos,DEFENSE,1.0,0.041666666666666664,1.0,1,688642
17,pitcher,2,2,Orion Kerkering,DEFENSE,0.5,0.058823529411764705,0.5,1,689147
13,pitcher,2,2,Chad Dallas,DEFENSE,1.0,0.15384615384615385,1.0,2,689149
9,pitcher,2,2,Mason Fluharty,DEFENSE,0.5,0.1111111111111111,0.5,1,689254
7,pitcher,0,0,Dylan Dodd,DEFENSE,,0.0,,0,689266
18,pitcher,2,2,Anthony Nunez,DEFENSE,1.0,0.1111111111111111,1.0,2,689296
15,pitcher,0,0,Nick Davila,DEFENSE,,0.0,,0,689546
54,pitcher,0,0,Mason Adams,DEFENSE,,0.0,,0,690279
10,pitcher,0,0,Bradley Hanner,DEFENSE,,0.0,,0,690440
22,pitcher,1,1,Ben Joyce,DEFENSE,1.0,0.045454545454545456,1.0,1,690829
27,pitcher,1,0,Clayton Beeter,DEFENSE,,0.0,0.0,0,690925
11,pitcher,0,0,Dax Fulton,DEFENSE,,0.0,,0,690978
29,pitcher,3,3,Kyle Harrison,DEFENSE,0.3333333333333333,0.034482758620689655,0.3333333333333333,1,690986
37,pitcher,1,1,Nolan McLean,DEFENSE,1.0,0.02702702702702703,1.0,1,690997
26,pitcher,2,2,Luis Perales,DEFENSE,1.0,0.07692307692307693,1.0,2,691384
36,pitcher,2,2,Eury Pérez,DEFENSE,0.0,0.0,0.0,0,691587
37,pitcher,2,2,Andrew Painter,DEFENSE,1.0,0.05405405405405406,1.0,2,691725
9,pitcher,1,1,Grant Taylor,DEFENSE,0.0,0.0,0.0,0,691799
37,pitcher,4,4,George Klassen,DEFENSE,0.75,0.08108108108108109,0.75,3,691946
19,pitcher,0,0,Nick Frasso,DEFENSE,,0.0,,0,693308
29,pitcher,2,2,Carson Seymour,DEFENSE,1.0,0.06896551724137931,1.0,2,693313
21,pitcher,1,1,Bryan Woo,DEFENSE,0.0,0.0,0.0,0,693433
39,pitcher,2,2,Cam Schlittler,DEFENSE,0.0,0.0,0.0,0,693645
19,pitcher,2,2,Spencer Miles,DEFENSE,1.0,0.10526315789473684,1.0,2,693686
40,pitcher,3,3,Bryce Elder,DEFENSE,0.3333333333333333,0.025,0.3333333333333333,1,693821
24,pitcher,2,1,Ian Seymour,DEFENSE,0.0,0.0,0.0,0,693855
15,pitcher,1,1,Daniel Palencia,DEFENSE,0.0,0.0,0.0,0,694037
38,pitcher,1,1,Brandon Pfaadt,DEFENSE,1.0,0.02631578947368421,1.0,1,694297
4,pitcher,0,0,Brendan Beck,DEFENSE,,0.0,,0,694341
18,pitcher,0,0,Chad Patrick,DEFENSE,,0.0,,0,694477
20,pitcher,1,1,Chayce McDermott,DEFENSE,1.0,0.05,1.0,1,694646
18,pitcher,0,0,Trevor Martin,DEFENSE,,0.0,,0,694680
36,pitcher,2,2,Landen Roupp,DEFENSE,0.5,0.027777777777777776,0.5,1,694738
18,pitcher,1,0,Josh Ekness,DEFENSE,,0.0,0.0,0,694795
37,pitcher,1,1,Jacob Misiorowski,DEFENSE,0.0,0.0,0.0,0,694819
4,pitcher,0,0,Braxton Roxby,DEFENSE,,0.0,,0,694820
37,pitcher,9,9,Blade Tidwell,DEFENSE,0.5555555555555556,0.13513513513513514,0.5555555555555556,5,694918
31,pitcher,1,1,Paul Skenes,DEFENSE,1.0,0.03225806451612903,1.0,1,694973
24,pitcher,0,0,Kade Morris,DEFENSE,,0.0,,0,695034
36,pitcher,1,1,Rhett Lowder,DEFENSE,0.0,0.0,0.0,0,695076
19,pitcher,3,3,Robby Ahlstrom,DEFENSE,1.0,0.15789473684210525,1.0,3,695239
20,pitcher,0,0,Mason Miller,DEFENSE,,0.0,,0,695243
12,pitcher,0,0,Alex Hoppe,DEFENSE,,0.0,,0,695380
21,pitcher,0,0,Brad Lord,DEFENSE,,0.0,,0,695418
54,pitcher,3,3,Chase Burns,DEFENSE,0.6666666666666666,0.037037037037037035,0.6666666666666666,2,695505
37,pitcher,1,1,Jackson Jobe,DEFENSE,1.0,0.02702702702702703,1.0,1,695549
31,pitcher,3,3,Gage Jump,DEFENSE,0.6666666666666666,0.06451612903225806,0.6666666666666666,2,695611
30,pitcher,1,1,Elmer Rodríguez,DEFENSE,1.0,0.03333333333333333,1.0,1,695684
5,pitcher,0,0,Mason Black,DEFENSE,,0.0,,0,696131
31,pitcher,0,0,Hagen Smith,DEFENSE,,0.0,,0,696146
29,pitcher,0,0,Bubba Chandler,DEFENSE,,0.0,,0,696149
40,pitcher,1,1,Ryan Johnson,DEFENSE,1.0,0.025,1.0,1,696270
10,pitcher,0,0,Hayden Juenger,DEFENSE,,0.0,,0,696522
19,pitcher,0,0,Bradgley Rodriguez,DEFENSE,,0.0,,0,699134
34,pitcher,1,1,Michael McGreevy,DEFENSE,1.0,0.029411764705882353,1.0,1,700241
39,pitcher,1,1,AJ Smith-Shawver,DEFENSE,0.0,0.0,0.0,0,700363
27,pitcher,2,2,Gordon Graceffo,DEFENSE,1.0,0.07407407407407407,1.0,2,700669
38,pitcher,3,3,Walbert Ureña,DEFENSE,1.0,0.07894736842105263,1.0,3,700712
7,pitcher,0,0,Travis Adams,DEFENSE,,0.0,,0,701519
72,pitcher,2,1,Will Warren,DEFENSE,1.0,0.013888888888888888,0.5,1,701542
28,pitcher,1,1,Logan Henderson,DEFENSE,1.0,0.03571428571428571,1.0,1,701656
21,pitcher,2,2,Will Dion,DEFENSE,1.0,0.09523809523809523,1.0,2,702021
26,pitcher,0,0,Noah Cameron,DEFENSE,,0.0,,0,702070
10,pitcher,0,0,Andrew Morris,DEFENSE,,0.0,,0,702193
32,pitcher,3,3,Spencer Bivens,DEFENSE,0.6666666666666666,0.0625,0.6666666666666666,2,702352
21,pitcher,0,0,Jonathan Pintaro,DEFENSE,,0.0,,0,702752
24,pitcher,0,0,Jose Cabrera,DEFENSE,,0.0,,0,703615
25,pitcher,0,0,Luis Gastelum,DEFENSE,,0.0,,0,703725
80,pitcher,2,2,Parker Messick,DEFENSE,0.5,0.0125,0.5,1,800048
21,pitcher,0,0,Didier Fuentes,DEFENSE,,0.0,,0,800311
42,pitcher,4,4,Jackson Kent,DEFENSE,1.0,0.09523809523809523,1.0,4,800600
34,pitcher,4,4,Payton Tolle,DEFENSE,1.0,0.11764705882352941,1.0,4,801139
23,pitcher,2,2,Brycen Mautz,DEFENSE,1.0,0.08695652173913043,1.0,2,802408
58,pitcher,3,3,Zac Thornton,DEFENSE,0.6666666666666666,0.034482758620689655,0.6666666666666666,2,804267
28,pitcher,0,0,Yunior Marte,DEFENSE,,0.0,,0,805074
20,pitcher,0,0,AJ Blubaugh,DEFENSE,,0.0,,0,805123
19,pitcher,0,0,Brandyn Garcia,DEFENSE,,0.0,,0,805299
10,pitcher,1,1,Tyler Schweitzer,DEFENSE,1.0,0.1,1.0,1,805326
18,pitcher,1,1,Trent Harris,DEFENSE,1.0,0.05555555555555555,1.0,1,805345
15,pitcher,0,0,Drew Sommers,DEFENSE,,0.0,,0,805427
71,pitcher,4,4,Zebby Matthews,DEFENSE,0.75,0.04225352112676056,0.75,3,805673
12,pitcher,0,0,Cade Gibson,DEFENSE,,0.0,,0,806188
32,pitcher,8,8,Kade Anderson,DEFENSE,0.875,0.21875,0.875,7,807739
15,pitcher,1,1,Andrew Sears,DEFENSE,1.0,0.06666666666666667,1.0,1,808825
24,pitcher,0,0,Roki Sasaki,DEFENSE,,0.0,,0,808963
36,pitcher,3,3,Yoshinobu Yamamoto,DEFENSE,1.0,0.08333333333333333,1.0,3,808967
75,pitcher,2,2,Ethan Pecko,DEFENSE,1.0,0.02666666666666667,1.0,2,814490
14,pitcher,3,1,Mark Manfredi,DEFENSE,0.0,0.0,0.0,0,815081
6,pitcher,0,0,Mitch Farris,DEFENSE,,0.0,,0,815083
22,pitcher,0,0,José Fermin,DEFENSE,,0.0,,0,820862
115,umpire,8,8,Laz Diaz,DEFENSE,0.625,0.043478260869565216,0.625,5,427113
241,umpire,13,13,Doug Eddings,DEFENSE,0.6923076923076923,0.03734439834024896,0.6923076923076923,9,427139
90,umpire,5,5,Andy Fletcher,DEFENSE,1.0,0.05555555555555555,1.0,5,427164
237,umpire,10,9,Chris Guccione,DEFENSE,0.5555555555555556,0.02109704641350211,0.5,5,427197
219,umpire,11,8,Marvin Hudson,DEFENSE,0.625,0.0228310502283105,0.45454545454545453,5,427243
218,umpire,6,6,Ron Kulpa,DEFENSE,1.0,0.027522935779816515,1.0,6,427292
84,umpire,2,2,Alfonso Márquez,DEFENSE,0.5,0.011904761904761904,0.5,1,427315
134,umpire,7,7,Bill Miller,DEFENSE,0.14285714285714285,0.007462686567164179,0.14285714285714285,1,427344
112,umpire,2,2,Mark Wegner,DEFENSE,1.0,0.017857142857142856,1.0,2,427533
214,umpire,16,16,Hunter Wendelstedt,DEFENSE,0.4375,0.03271028037383177,0.4375,7,427537
184,umpire,12,11,Jim Wolf,DEFENSE,0.6363636363636364,0.03804347826086957,0.5833333333333334,7,427554
92,umpire,4,4,Chad Fairchild,DEFENSE,0.5,0.021739130434782608,0.5,2,431232
253,umpire,19,19,Scott Barry,DEFENSE,0.5789473684210527,0.043478260869565216,0.5789473684210527,11,482608
189,umpire,10,10,Chris Conroy,DEFENSE,0.4,0.021164021164021163,0.4,4,482620
114,umpire,6,6,Mike Estabrook,DEFENSE,0.5,0.02631578947368421,0.5,3,482631
76,umpire,3,3,Adrian Johnson,DEFENSE,0.3333333333333333,0.013157894736842105,0.3333333333333333,1,482641
217,umpire,14,13,David Rackley,DEFENSE,0.6923076923076923,0.041474654377880185,0.6428571428571429,9,482663
202,umpire,10,9,Lance Barrett,DEFENSE,0.2222222222222222,0.009900990099009901,0.2,2,483561
196,umpire,5,5,Dan Bellino,DEFENSE,0.8,0.02040816326530612,0.8,4,483564
210,umpire,9,7,Vic Carapazza,DEFENSE,0.7142857142857143,0.023809523809523808,0.5555555555555556,5,483569
89,umpire,3,3,John Tumpane,DEFENSE,0.3333333333333333,0.011235955056179775,0.3333333333333333,1,483630
104,umpire,2,2,Mike Muchlinski,DEFENSE,1.0,0.019230769230769232,1.0,2,483912
108,umpire,4,4,Mark Ripperger,DEFENSE,0.75,0.027777777777777776,0.75,3,483919
98,umpire,4,3,Cory Blaser,DEFENSE,0.3333333333333333,0.01020408163265306,0.25,1,484183
227,umpire,14,13,Alan Porter,DEFENSE,0.46153846153846156,0.02643171806167401,0.42857142857142855,6,484198
94,umpire,4,3,Manny Gonzalez,DEFENSE,0.6666666666666666,0.02127659574468085,0.5,2,484499
241,umpire,9,9,Chad Whitson,DEFENSE,0.6666666666666666,0.024896265560165973,0.6666666666666666,6,489985
94,umpire,4,4,Adam Hamari,DEFENSE,1.0,0.0425531914893617,1.0,4,503077
69,umpire,5,5,Chris Segal,DEFENSE,1.0,0.07246376811594203,1.0,5,503490
135,umpire,10,10,Ryan Blakney,DEFENSE,0.6,0.044444444444444446,0.6,6,503502
130,umpire,6,6,Tripp Gibson,DEFENSE,0.6666666666666666,0.03076923076923077,0.6666666666666666,4,503586
197,umpire,5,5,Quinn Wolcott,DEFENSE,1.0,0.025380710659898477,1.0,5,511890
204,umpire,9,8,Nick Mahrley,DEFENSE,0.75,0.029411764705882353,0.6666666666666666,6,521051
97,umpire,8,8,Ben May,DEFENSE,1.0,0.08247422680412371,1.0,8,521251
213,umpire,13,13,Nic Lentz,DEFENSE,0.7692307692307693,0.046948356807511735,0.7692307692307693,10,544728
218,umpire,12,12,Carlos Torres,DEFENSE,0.8333333333333334,0.045871559633027525,0.8333333333333334,10,547380
96,umpire,4,4,Edwin Moscoso,DEFENSE,0.5,0.020833333333333332,0.5,2,554242
209,umpire,7,7,Gabe Morales,DEFENSE,0.8571428571428571,0.028708133971291867,0.8571428571428571,6,573597
119,umpire,3,3,Shane Livensparger,DEFENSE,1.0,0.025210084033613446,1.0,3,575629
207,umpire,11,11,Roberto Ortiz,DEFENSE,0.8181818181818182,0.043478260869565216,0.8181818181818182,9,577468
215,umpire,5,5,Jansen Visconti,DEFENSE,0.6,0.013953488372093023,0.6,3,596740
106,umpire,2,2,Nestor Ceja,DEFENSE,1.0,0.018867924528301886,1.0,2,598411
255,umpire,4,3,Dan Merzel,DEFENSE,0.3333333333333333,0.00392156862745098,0.25,1,605670
159,umpire,7,7,Charlie Ramos,DEFENSE,0.5714285714285714,0.025157232704402517,0.5714285714285714,4,605671
98,umpire,7,7,Alex Tosi,DEFENSE,0.7142857142857143,0.05102040816326531,0.7142857142857143,5,605673
209,umpire,9,8,Paul Clemons,DEFENSE,0.5,0.019138755980861243,0.4444444444444444,4,607884
203,umpire,14,14,Nate Tomlinson,DEFENSE,0.8571428571428571,0.059113300492610835,0.8571428571428571,12,608158
99,umpire,4,4,Emil Jimenez,DEFENSE,0.25,0.010101010101010102,0.25,1,621660
244,umpire,4,4,Erich Bacchus,DEFENSE,0.5,0.00819672131147541,0.5,2,623938
103,umpire,5,5,Alex MacKay,DEFENSE,0.8,0.038834951456310676,0.8,4,623945
196,umpire,11,8,Malachi Moore,DEFENSE,0.625,0.025510204081632654,0.45454545454545453,5,623946
239,umpire,13,13,Clint Vondrak,DEFENSE,0.7692307692307693,0.04184100418410042,0.7692307692307693,10,623949
222,umpire,13,13,Brennan Miller,DEFENSE,0.7692307692307693,0.04504504504504504,0.7692307692307693,10,639723
104,umpire,4,4,Jacob Metz,DEFENSE,0.5,0.019230769230769232,0.5,2,658082
126,umpire,3,3,Tyler Jones,DEFENSE,0.3333333333333333,0.007936507936507936,0.3333333333333333,1,658325
219,umpire,10,9,Edwin Jimenez,DEFENSE,0.4444444444444444,0.0182648401826484,0.4,4,664263
178,umpire,8,8,Brian Walsh,DEFENSE,0.625,0.028089887640449437,0.625,5,665281
100,umpire,5,5,Tom Hanahan,DEFENSE,0.6,0.03,0.6,3,665297
79,umpire,2,2,Dexter Kelley,DEFENSE,0.0,0.0,0.0,0,665298
195,umpire,6,6,Steven Jaschinski,DEFENSE,0.8333333333333334,0.02564102564102564,0.8333333333333334,5,676580
219,umpire,11,11,Willie Traynor,DEFENSE,0.7272727272727273,0.0365296803652968,0.7272727272727273,8,691042
