game_pk,team_id,observed_realized_corrected_value,hindsight_oracle_value,observed_challenges,incorrect_opportunities
822686,120,0.064407,0.7639192,2,4
822686,144,0.107284,0.3416476,1,5
822687,120,0.08433,0.6627592911,2,7
822687,144,0,0.434359,1,1
822688,120,0.434359,0.885272,2,5
822688,146,0.094239,0.311132,1,2
822689,120,0.601144,1.576099,3,7
822689,146,0.113186,1.044653,2,7
822690,120,0,0.245767,1,2
822690,146,0.2705544,0.6166204,5,4
822691,120,0,0.8286463811,1,4
822691,146,1.335918,1.7761282,4,7
822692,115,0.144598,0.475312,2,4
822692,120,0,0.7168422,0,8
822693,115,0.052455,1.0197502,3,8
822693,120,0,0.1944382782,2,4
822694,115,0.1970389066,0.6995489066,3,4
822694,120,0.541464,1.100228146,4,6
822695,115,0.379284,0.512365,4,3
822695,120,0,0.745322,2,5
822696,112,0.121092,0.121092,3,1
822696,120,0,0.131746,1,2
822697,112,0,0.4777542,0,4
822697,120,0.645305,0.847281,4,5
822698,112,0.28839,1.092838,1,8
822698,120,0,0.9918624,1,9
822699,113,0,0.749835,1,4
822699,120,0,1.024717397,1,6
822700,113,0.500463339,0.5969714197,3,5
822700,120,0,0.672184,0,6
822701,113,0,0.0562822,0,2
822701,120,0.336542,1.11587,4,8
822702,120,0.088517,0.088517,2,1
822702,141,0.088517,1.730839,3,8
822703,120,0.217411,0.578743,3,5
822703,141,0.27048,1.1450812,3,7
822704,109,0.1540933,1.3341495,2,8
822704,120,0.2505945,0.7529825,5,9
822705,120,0.354251,0.5465562,2,3
822705,141,0,0.2927932,2,5
822706,109,0,1.078614,2,5
822706,120,0.6980517742,2.010039774,2,8
822707,109,0,0.233853,0,2
822707,120,0.349418,0.556941,3,6
822708,120,0.228918,1.269839,1,9
822708,147,0.128814,0.5437774,4,6
822709,120,0.20777,0.615639,2,4
822709,147,0.1174869816,0.3877679816,3,5
822710,117,0,0.452193,1,3
822710,120,0.333928,1.756759,2,5
822711,120,0,0.591574,2,5
822711,147,0.101169,0.5798892,3,4
822712,117,0.4422833093,0.6103824549,5,6
822712,120,0.150203,0.618284,3,5
822713,117,0.101169,0.272667,2,2
822713,120,0,0.4373634463,0,3
822714,120,0.217933,0.288163,3,4
822714,134,0,0.113186,0,1
822715,120,0,0.444165,1,3
822715,134,0.082654,0.808273,3,4
822716,120,0,0.5191512,1,4
822716,134,0.53650504,0.97047004,4,7
822717,120,0.28549,0.484444,2,3
822717,143,0.210946,1.143940918,2,9
822718,120,0.0306282,0.7621252,2,8
822718,143,0.222183,1.251185278,4,12
822719,120,0,0.351614,2,4
822719,143,0.101169,0.291479,3,3
822720,120,0,3.379396,2,6
822720,143,0.289679,0.6921614,3,8
822721,118,0.264842,0.646288,4,8
822721,120,0.212293,1.2806184,3,12
822722,120,0,0.136785,2,2
822722,136,0,0.4446873,1,4
822723,118,0.101169,1.0639712,3,10
822723,120,0,0.9294312,0,5
822724,118,0.08433,1.0613846,2,9
822724,120,0,1.921098654,2,11
822725,120,0.210946,0.4444393,3,4
822725,136,0.0306282,0.3132792,2,4
822726,120,0.065873,0.521067,1,4
822726,136,0,0.614817,0,5
822727,120,0.30398,1.0773522,3,7
822727,146,0.527466,0.567947,3,3
822728,120,0.221155,0.621111,3,5
822728,146,0.487533,1.051945,3,7
822729,120,0,0.052455,1,1
822729,135,0.450067,0.8798917742,3,5
822730,120,0.3410136707,0.6683788707,4,7
822730,146,0.960095,1.2019524,4,5
822731,120,0,1.23336,2,6
822731,135,0.624942,1.622028039,5,8
822732,120,0,1.042438279,2,5
822732,135,0.163,0.3700176,1,4
822733,120,0,0.6673395552,1,4
822733,121,0,0.224046,2,1
822734,120,0.06939267068,0.5712906707,2,5
822734,121,0.133081,0.9301340807,3,6
822735,120,0.124437,0.8987913811,2,7
822735,121,0,0.926436,0,6
822736,120,0.6196548,1.0036548,3,8
822736,121,0,0.591642,1,4
822737,110,0.622318,0.967242,3,4
822737,120,1.0071972,1.1083662,3,4
822738,110,0.369251,1.056579097,2,6
822738,120,0.246629,1.247970693,3,6
822739,110,0,0.419796,1,3
822739,120,0,0.662993,1,3
822740,120,0,0.1317972,1,2
822740,142,0.304844,0.569013,1,3
822741,120,0,0.322465,1,4
822741,142,0.3806873,1.588711729,3,11
822742,120,0,0.081468,0,1
822742,158,0.227252,0.5823481816,4,5
822743,120,0,0.886715039,1,6
822743,142,0.148971,0.7572472959,1,5
822744,120,0.21335,1.105776,2,6
822744,158,0.85059,1.302242,3,4
822745,120,0.227769,0.359515,2,3
822745,144,0.7838422,0.9379355,4,6
822746,120,0.147537,0.3657121816,2,6
822746,158,0,1.252098,2,4
822747,120,0.161677,1.487643,3,10
822747,144,0.0306282,1.2245435,2,7
822748,120,0,1.2218117,1,12
822748,144,0,0.7098642,2,7
822749,120,0,0.309938,0,2
822749,144,0,0.335419,0,3
822750,120,0,0.172847,2,2
822750,137,0,0.246007,0,2
822751,120,0,0.714484,0,6
822751,137,0,0.987596,2,9
822752,120,0.263401,0.77185,2,7
822752,137,0,1.152051659,2,10
822753,120,0.624856,1.416848,2,6
822753,138,0.0529243,0.8193373,1,5
822754,120,0,0.2620772,2,4
822754,138,1.038419,1.979043881,3,8
822755,120,0.101169,0.2218582,2,4
822755,138,0.4773864781,0.8869844781,2,5
822756,119,0,0.460013,1,2
822756,120,0.066069,0.6524602,1,6
822757,119,0.513849,2.094366093,4,11
822757,120,0,0.481778,0,5
822758,119,0.051012,0.2446652,2,4
822758,120,0.065873,0.993253,2,8
822766,136,0,0.4710244,1,6
822766,141,0,0.088792,1,2
822769,136,0.065873,0.366011,2,3
822769,141,0,0.5195012,0,5
822770,136,0.138002,2.091469,3,14
822770,141,0.116885,0.116885,2,2
822771,118,0,0,0,0
822771,141,0.704972,1.043512,2,5
822772,118,0,0.8746588707,1,7
822772,141,0.064407,1.2608287,3,10
822773,118,0,0.684768,1,6
822773,141,0.5881409816,1.252477982,4,8
822774,141,0.70457,1.2032286,4,10
822774,147,0.718946,1.600695,7,12
822775,141,0,0.30312,0,1
822775,147,0,0.595682,1,4
822776,111,0,0.574915,0,4
822776,141,0.113186,1.889814,2,8
822777,141,0.22755,0.842406,2,8
822777,147,0.263155,0.5519614,2,6
822778,111,0.156132,0.460876,3,4
822778,141,0,0.8609159816,1,3
822779,111,0.131746,0.764262,3,5
822779,141,0,0.0306282,0,1
822780,111,1.386914,2.309877,4,9
822780,141,0,0.956596,2,3
822781,138,0,0.3946432,0,4
822781,141,0,0.4268602,1,6
822782,138,0,0.2864296594,0,3
822782,141,0,0.426384,1,3
822783,138,0.2232989816,0.3613009816,2,2
822783,141,0.834431,0.918761,5,4
822784,139,0.194479,1.348187958,1,6
822784,141,0.163,0.5524543,2,6
822785,139,0.065873,0.7999722,2,10
822785,141,0.29328,0.29328,3,3
822786,141,0.328421,0.328421,3,3
822786,145,0.210834,0.55378,4,5
822787,139,0.025654,0.550185,2,4
822787,141,0.065873,0.3779733,2,4
822788,139,0,0.3798012,0,6
822788,141,0,0.161677,0,1
822789,141,0.500232,0.566105,3,3
822789,145,0.412493,0.8637336,4,7
822790,141,0.298992,0.63292,2,3
822790,145,0,0.529373,2,3
822791,121,0,0.704309,0,5
822791,141,0,0.297921,1,2
822792,121,0.086187,0.804677,3,6
822792,141,0,0.4079454,1,3
822793,121,0,0.523615,1,6
822793,141,0.534936,0.9348493811,4,9
822794,140,0.7012092,1.9828742,3,9
822794,141,0.569983,0.92357,4,7
822795,140,0,0.7096200682,1,7
822795,141,0.782543,0.834998,4,5
822796,140,0.453815,1.25455,3,7
822796,141,0,0.065873,2,1
822797,140,0.163,0.634405039,2,4
822797,141,0.4234207919,0.8140917919,2,7
822798,117,0.202227,0.4033452,2,4
822798,141,0.065873,0.6468182,3,7
822799,117,0.065873,0.9553054,3,8
822799,141,0.081468,0.442699,2,4
822800,117,0.953454,1.3294632,6,8
822800,141,0,0.196752,2,1
822801,141,0.359967,0.677368,3,4
822801,147,0.244525,0.244525,2,1
822802,141,0,0.330235,2,3
822802,147,0,0.652137,2,3
822803,141,0.101169,0.313193,2,3
822803,147,0.448255,0.7345412,6,7
822804,141,0,0.2046223,0,3
822804,143,0.419134,1.0119612,2,7
822805,141,0.126504,0.3115222,2,4
822805,143,0.28839,0.732714,1,3
822806,141,0,0.398374,0,3
822806,143,0.280437,0.381606,3,3
822807,110,0.167238,1.098118,2,7
822807,141,0,0.409492,2,4
822808,110,0.065873,0.237032,2,3
822808,141,0,0.396071,0,4
822809,141,0,0.19239,0,1
822809,146,0.248911,0.4741203807,1,5
822810,110,0,1.720948903,1,9
822810,141,0,0.1550652,0,2
822811,141,0,0.0612564,1,2
822811,146,0.8413372,0.8719654,3,4
822812,141,0.42303,0.524199,2,2
822812,146,0,0.4621225,0,4
822813,134,0.323406,1.865675093,2,8
822813,141,0,0.248911,1,1
822814,134,0.025654,0.648608,1,6
822814,141,0.124437,0.434109,2,3
822815,139,0.487402,2.711059,4,11
822815,141,0.583169,0.853649,2,3
822816,134,0,0.3839832,1,3
822816,141,0.255974,0.613423,3,4
822817,139,0.051012,0.582703,2,7
822817,141,0.205441,0.419796,2,3
822818,139,0,1.0198566,2,8
822818,141,0.101169,0.328915,2,3
822819,108,0.324677,0.785288,3,6
822819,141,0,0.3431812,1,4
822820,108,1.221695,1.559977,1,4
822820,141,0,0.9031303,0,6
822821,111,0,0.548739,0,4
822821,141,0.396474,0.598812,3,5
822822,108,0,1.216781894,1,7
822822,141,0.707099,1.06595,1,4
822823,111,0,0.4546282,0,4
822823,141,0,0.314851,0,3
822824,114,0.142063,0.2764553,3,3
822824,141,0.3524444,0.5956764,4,4
822825,111,0.359967,0.8616084911,2,7
822825,141,0.572211,0.9383372,4,8
822826,114,0.285998,0.692528,3,7
822826,141,0.082654,0.559512,3,5
822827,114,0,1.1545704,1,8
822827,141,0.529779,1.188927,5,10
822828,141,0,0,0,0
822828,142,0.45566,0.75334,3,3
822829,141,0.28698,0.8853662,4,9
822829,142,0.108021,0.458886,3,5
822830,141,0.6997633,0.7641703,4,4
822830,142,0.108021,0.831865,1,6
822831,119,0.387544,0.738619,2,5
822831,141,0.327713,0.903451,2,6
822832,119,0,1.044273,1,9
822832,141,0,0.720315,2,4
822833,119,0,1.847975,1,8
822833,141,0.142063,0.493164,2,4
822834,115,0,0.8787129816,1,6
822834,141,0,0.064407,2,1
822835,115,0.082654,0.5181912,2,5
822835,141,0.19561,0.419656,4,3
822836,115,0.424958,1.416284,5,7
822836,141,0,0.3459878707,2,3
822837,133,0.143839,0.363972,2,3
822837,141,0.265424,0.766394,1,4
822838,133,0.657555,1.544273,3,11
822838,141,0.5072666,0.9953272,3,8
822839,133,0,1.583671,0,9
822839,141,0.28839,0.403809,1,3
822848,139,0.7716857675,1.511277767,4,6
822848,140,0.281841,0.638984,3,4
822850,139,0.130774,0.3517122,3,5
822850,140,0,0.602636,0,4
822851,133,0.161677,0.399589,1,3
822851,140,0,0.2230052,2,3
822852,139,0.2659896,1.0163006,3,7
822852,140,0.325215,0.6071205,2,7
822853,139,0.402403,0.402403,3,3
822853,140,0,0.107284,1,1
822854,133,0.528407,1.094397146,3,5
822854,140,0.258081,0.713455,3,6
822855,133,0.0529243,0.5399595,3,8
822855,140,0.194479,0.194479,1,1
822856,108,0.121092,0.679106,1,6
822856,140,0.196752,0.386438,1,3
822857,108,0.03499268222,1.441322082,2,11
822857,140,0.612434,0.88439,4,4
822858,108,0.3019362,0.4860292,4,6
822858,140,0,0.273809,0,3
822859,120,0.434359,1.694495,2,5
822859,140,0.494342,0.810688,2,4
822860,120,0.081468,0.081468,1,1
822860,140,0.112265,0.283763,2,2
822861,120,0.1512119816,0.3128889816,3,2
822861,140,0,0.101169,1,2
822862,110,0,1.615213,2,9
822862,140,0,0.978692,1,5
822863,110,0,0.243232,0,2
822863,140,0,0.875741,2,3
822864,110,0.0306282,0.4963702,3,5
822864,140,0.246459,0.605146,3,5
822865,137,0.776691,1.137217093,4,5
822865,140,0,0.3348067764,1,2
822866,137,0,0.424281,0,4
822866,140,0.040481,0.26865,1,3
822867,137,0.338522,0.5921554,3,6
822867,140,0.457836,1.145609259,3,10
822868,136,0.246812,0.312685,1,2
822868,140,0,0.101169,2,1
822869,136,0.065873,0.55813,2,5
822869,140,0.1860053,0.8473423,2,7
822870,136,0.210946,0.569633,2,4
822870,140,0,0.6581372,1,6
822871,140,0.221662,0.8538347,1,5
822871,145,0,0.39725,2,3
822872,136,0.172488,0.7691974,2,5
822872,140,0.347069,0.7134406707,1,4
822873,140,0.703543,0.9235093,6,7
822873,145,0.0306282,0.2461346,2,4
822874,140,0,0.319836,2,4
822874,145,0,0.394176134,1,3
822875,117,0.22209,0.5434552,3,3
822875,140,0.224046,0.808382,3,7
822876,117,0.0484644,0.5005757811,2,4
822876,140,0.373852,0.60277,2,2
822877,108,0.267686,0.9183921455,2,6
822877,140,0.300275039,0.6690496887,2,4
822878,117,0.246812,0.860334,2,6
822878,140,0,0.8287612,1,5
822879,116,0.0950352,0.4052376063,3,6
822879,140,0.3187812807,0.6035812807,5,6
822880,108,0.453613,0.841325,3,5
822880,140,0.453815,1.0742572,2,7
822881,108,0.509421,1.246962,3,8
822881,140,0.389897,1.130543,2,4
822882,116,0,0.2051053,1,3
822882,140,0.040481,0.7575845,1,6
822883,135,0.051012,0.5504,1,4
822883,140,0,0.5525772,0,5
822884,116,0.412581,0.528,2,4
822884,140,0,0.96047,0,6
822885,135,0,0.493308,0,5
822885,140,0.08433,1.289798,3,9
822886,135,0,0.3963872,1,5
822886,140,0,0.1317972,0,2
822887,140,0.101169,0.167042,3,2
822887,142,0,0.101169,2,1
822888,140,0,0.538308,2,6
822888,142,0.8263142258,1.441145226,4,7
822889,140,0.107284,0.7429174,1,8
822889,142,0,0.8219223,1,6
822890,114,0.4697132,1.0121556,6,11
822890,140,0.1513181455,0.4702341455,3,4
822891,114,0,0.6658984,2,5
822891,140,0.101169,0.202338,2,2
822892,114,0.082654,0.311572,2,2
822892,140,0,0.396445,0,3
822893,118,0,0.2202182,1,2
822893,140,0,0.277487,1,3
822894,118,0.3007546,0.7590856,5,6
822894,140,0,1.11603,1,4
822895,118,0,0.1328016633,2,3
822895,140,0,0.3694952,1,4
822896,117,0.329878,0.431047,3,3
822896,140,0.20114,0.365338,2,3
822897,117,0.584868,1.176593,5,8
822897,140,0,0,2,0
822898,117,0,0.179255,0,2
822898,140,0.3343682,1.0059204,3,8
822899,117,0.2415742,0.3565324,3,4
822899,140,0.1970389066,1.249464907,2,6
822900,109,0.121092,0.383717,2,3
822900,140,0.5520810286,0.9522420286,3,6
822901,109,0,0.101169,1,1
822901,140,0.155238,0.256407,1,2
822902,112,0.101169,0.8932074781,1,7
822902,140,0,0.327395,0,4
822903,109,0.406646,0.8018304,1,4
822903,140,0,1.285019,1,4
822904,112,0,0.167042,0,2
822904,140,0.30398,1.095748146,2,7
822905,112,0,0.4482898805,1,3
822905,140,0.5106590795,0.5949890795,1,2
822906,140,0,0.503692,1,4
822906,147,0.076666,0.492089,4,4
822907,140,0,0.354088,2,3
822907,147,0.106354,0.305308,3,4
822908,140,0.28839,0.946444,2,7
822908,147,0.196752,0.4447912,2,4
822909,133,0.345209,0.9921126536,2,6
822909,140,0,0.330087,0,2
822910,133,0.051012,0.148164,1,2
822910,140,0,0.3393852,1,5
822911,133,0.161677,0.8218962,1,6
822911,140,0.224046,1.530576,1,10
822912,134,0.169958,0.5779886,2,6
822912,140,0.150424,0.2067062,2,3
822913,134,0,0.7279982,2,3
822913,140,0.309461,1.9010874,3,8
822914,134,0,0.703222,1,4
822914,140,0.038506,0.1582806822,1,3
822915,136,0.064407,0.591306,1,6
822915,140,0.227769,1.507113,1,6
822916,136,0,0.86555,1,3
822916,140,0,0.246267,0,2
822917,113,0,0.5508433,0,4
822917,140,0.1811000286,0.509692122,1,3
822918,136,0,1.119629,1,10
822918,140,0.143839,0.510034,1,5
822919,113,0.138002,0.642371,1,5
822919,140,0,0.104888,0,2
822920,113,0,0.377353,1,4
822920,140,0,0.5317752,1,6
822929,121,0.101169,0.2461346,2,4
822929,139,0,0.038506,2,1
822931,121,0.398076,0.8264502,3,8
822931,139,0.161677,0.669959,3,5
822932,121,0,0.1825596,1,4
822932,139,0,0.3625805206,0,2
822933,135,0,0.29324,2,2
822933,139,0.7890392,1.1754702,3,6
822934,139,0.890868,1.647389,4,8
822934,141,0.236895,0.645506,3,5
822935,135,0,0.5616390807,1,5
822935,139,0.097152,0.894036,2,7
822936,135,0.065873,0.131746,2,2
822936,139,0.246812,0.665786,2,3
822937,139,0,0.488713,0,2
822937,141,0.16798,0.366934,3,3
822938,139,0.255828,1.077820603,3,7
822938,141,0,0.03315698156,2,1
822939,110,0.275144,0.615484,3,5
822939,139,0.08433,0.224155,2,4
822940,110,0.051012,0.135342,1,2
822940,139,0,0.6124583,2,4
822941,110,0,0.7187502,2,6
822941,139,0.051012,0.5034143,3,6
822942,110,0.84018,1.510583,3,6
822942,139,0.081468,0.7769352,2,7
822943,139,0,0.3647122,1,5
822943,145,0.08433,0.544973,3,5
822944,139,0.082654,0.234835,3,3
822944,145,1.3685102,1.5043442,6,6
822945,139,0,0.8138594,1,7
822945,145,0.629961,0.9755536,4,6
822946,139,0.707099,0.7377272,2,2
822946,140,0.910708,1.639538668,3,8
822947,139,0.320235,0.4996002,4,6
822947,140,0.354459,0.563226,2,4
822948,114,0.101169,0.245008,1,2
822948,139,0,0,0,0
822949,139,0,0.391088,0,3
822949,140,0.6657741063,1.204872106,3,7
822950,114,0.150917,0.795463,3,6
822950,139,0.0306282,0.0306282,1,1
822951,136,0.30398,1.4127882,1,7
822951,139,0.101169,0.48664,3,4
822952,114,0,0.0612564,2,2
822952,139,0.294758,1.514380329,3,5
822953,136,0.234525,0.850196275,1,7
822953,139,0,0.101169,1,1
822954,139,0,0.474618,1,2
822954,147,0.206289,0.258744,3,3
822955,136,0,1.110488093,0,6
822955,139,0.333928,0.4587952,1,3
822956,139,0,0.323524,1,3
822956,147,0,0.163,1,1
822957,139,0,0.8586822,0,4
822957,147,0.081468,0.5069072,3,5
822958,139,0,0.22732,1,2
822958,147,0,0.256183,1,3
822959,109,0.331563,0.498605,5,5
822959,139,0.1949873,0.5615803,2,4
822960,109,0.101169,0.5889532,2,7
822960,139,0,0.253144,0,3
822961,118,0,0.101169,1,1
822961,139,0.074217,0.4812083,2,4
822962,109,0,0.9306262,1,4
822962,139,0,0.5142784,1,6
822963,118,0.30398,0.564332,2,3
822963,139,0.040481,0.3463049816,2,4
822964,118,0.082654,0.427089,2,5
822964,139,0.0529243,0.4424833,2,3
822965,118,0.8545982,1.3718584,3,7
822965,139,0.497919,1.231026,4,7
822966,120,0.084782,0.388522,1,3
822966,139,0,0.491719,1,4
822967,120,0.925598,1.096997,3,5
822967,139,0.243232,0.657196,3,5
822968,120,0.178569,0.6312943,2,5
822968,139,0,0.6756530934,1,4
822969,111,0.15439,0.8960646536,3,5
822969,139,0,0.2410233,0,3
822970,111,0.234525,0.234525,2,1
822970,139,0.255974,0.587917,2,5
822971,116,0.854449,1.0724332,3,6
822971,139,0,0.4062705178,2,5
822972,111,0.251863,0.824868,3,4
822972,139,1.0090514,1.2558068,5,8
822973,116,0,0.531118,2,3
822973,139,0.104379,0.156834,2,3
822974,116,0.294791,0.518837,3,3
822974,139,0.687362,1.226809,4,7
822975,108,0,1.793721,2,8
822975,139,0.182544,2.921043,4,8
822976,108,0,0.8814102,2,6
822976,139,0.323002,0.954382,1,7
822977,110,0.286909,0.553019,2,5
822977,139,1.107766,1.365658,4,7
822978,108,0.505426,0.946245,2,5
822978,139,0.101169,0.586227,2,7
822979,110,0.517516,0.847024,2,4
822979,139,0,0.563063,1,4
822980,110,0,1.544670979,2,5
822980,139,0.259731,0.5300663,2,4
822981,139,0.320061,0.647621,5,4
822981,146,0.7671980286,0.8942210286,6,7
822982,139,0.1274127742,0.9436317742,1,6
822982,146,0.272107,0.677113,3,5
822983,139,0,0.357127,0,2
822983,146,0,0.8439374,0,6
822984,139,0,0.930059,1,5
822984,141,0.142063,0.4459642,1,5
822985,139,0.0950352,0.0950352,3,2
822985,141,0.101169,0.300138,1,2
822986,139,0.28839,0.485142,2,2
822986,141,0.0306282,0.3592183455,3,4
822987,137,0.101169,0.2818735,3,4
822987,139,0,0.6680959066,1,4
822988,137,0.6205095206,1.523396521,3,9
822988,139,0.051012,1.24615,1,7
822989,139,0.26301,0.8092794213,2,5
822989,142,0.541304,0.642473,4,4
822990,137,0.263401,0.263401,3,2
822990,139,0.228918,1.0011065,3,7
822991,139,0,0.279675,0,2
822991,142,0.1811000286,0.5482180286,3,3
822992,139,0,0.6330528,1,5
822992,142,0,0.498196,1,6
822993,113,0,0.372623,1,2
822993,139,0.284126,0.52208,2,5
822994,113,0,0.3971233455,0,4
822994,139,0.234525,1.155058,2,6
822995,113,0.434359,1.1584664,2,7
822995,139,0,0.5473929816,2,4
822996,139,0.0306282,0.6499792,3,6
822996,147,0.101169,0.3481172,1,5
822997,139,0.433711,0.7100804,3,5
822997,147,0,0.082654,2,1
822998,139,0.383339,0.449212,3,3
822998,147,0.052455,0.249207,2,2
822999,112,0.209609,0.3823002,3,4
822999,139,0.214132,0.765023,3,5
823000,112,1.244636,1.427273,2,4
823000,139,0.082654,0.2864392,2,4
823002,112,0.025654,0.2659942,2,4
823002,139,0.082654,0.531509,1,4
823010,134,0.171498,0.9535673,2,4
823010,138,0.487898,0.8569096,3,5
823011,134,0.877776,1.271611278,5,9
823011,138,0.101169,0.1624254,2,3
823013,134,0.02221127824,0.702484031,1,6
823013,138,0,0.5398793811,0,4
823014,110,0.284748,0.748799,5,7
823014,138,0,0.631875,1,4
823015,110,0,0.783572,2,3
823015,138,0,0.4370740286,0,2
823016,110,0.097152,0.308757,3,4
823016,138,0.662685,1.62139,3,7
823017,138,0,0.603276,0,5
823017,143,0.334453,0.8539614463,4,6
823018,138,0.03315698156,0.7139946497,3,5
823018,143,0.198969,0.3361384782,2,4
823019,138,0,0.765253,1,5
823019,143,0.27993,0.4316502,3,4
823020,115,0.29448,1.198398,2,7
823020,138,0,1.2677763,2,9
823021,115,0,0.266568,2,3
823021,138,0.194479,1.056386093,2,8
823022,112,0.445708,0.7980975178,3,7
823022,138,0,0.482091,1,4
823023,112,0.305063,0.490562,2,4
823023,138,0,0.064407,0,1
823024,115,0,0.445182,0,3
823024,138,0.3103228937,0.3761958937,2,2
823025,112,0.291019,1.139394093,4,8
823025,138,0,0.249981,1,2
823026,112,0,0.8010420934,1,4
823026,138,0,1.423581,1,10
823027,113,0,0.126504,1,1
823027,138,0.065873,0.065873,2,1
823028,113,0.10512,0.6637134548,2,7
823028,138,0,1.0266574,0,6
823029,138,0,0.844062,1,7
823029,144,0.467073,1.331721603,3,8
823030,138,0.2816450934,0.6192592934,2,5
823030,144,0.182954,1.01833,4,9
823031,113,0,0.5625136033,1,5
823031,138,0,0.3032952,1,3
823032,138,0.051012,0.9445660807,2,7
823032,158,0.075052,1.455337,2,6
823033,138,0.372623,0.970737,3,7
823033,144,0.172488,0.370809,1,3
823034,138,0.163,1.45023,2,6
823034,158,0.22209,0.686266,2,4
823035,138,0.082654,1.347732421,1,8
823035,158,0,0.412001,0,2
823036,138,0,0.272667,1,2
823036,158,0.434359,0.9397210457,3,6
823037,138,0.088517,0.221598,2,2
823037,146,0,0.6186354,1,6
823038,138,0.1811000286,0.5216642286,1,5
823038,146,0.121092,0.7865983,2,8
823039,138,0,0.453168,1,3
823039,146,1.520005671,1.837619071,4,6
823040,109,0.142063,0.444335,1,5
823040,138,0,0.052455,1,1
823041,109,0,1.245840859,1,9
823041,138,0.051012,1.144433,1,4
823042,109,0.02221127824,1.116448478,2,8
823042,138,0.0529243,1.2933275,2,6
823043,109,0.283988,0.515626,2,3
823043,138,0,0.17049,2,2
823044,135,0.133081,0.634971,1,5
823044,138,0,0.2750332,1,4
823045,135,0.069961,0.905041,2,8
823045,138,0.535528,0.685731,2,4
823046,135,0,0.757691,0,5
823046,138,0,0.239171,0,2
823047,113,0.304922,0.837296,4,6
823047,138,0,0.052455,0,1
823048,113,0.525504,0.9830404152,3,6
823048,138,0.934441,2.282525,1,7
823049,113,0.3636280934,1.241461239,3,9
823049,138,0,0.3663185,1,4
823050,138,0,0.457533,2,5
823050,140,0,0.878699,1,5
823051,138,0.228918,0.3143631455,2,2
823051,140,0.447448,0.5483674,3,4
823052,138,0.144598,0.4701893,1,4
823052,140,0.03315698156,0.1351809816,2,3
823053,112,0,0.065873,2,1
823053,138,0,0.474001,2,5
823054,112,0.1905274,1.3161754,4,10
823054,138,0.401217,0.6536022,2,4
823055,112,0,0.101169,0,1
823055,138,0,0.331264,0,3
823056,134,0,0.9461070807,2,6
823056,138,0.144598,0.144598,2,1
823057,134,0,0.741917984,2,6
823057,138,0,0.0306282,2,1
823058,118,0.295753,0.794448,2,6
823058,138,0,0.4183834,0,4
823059,134,0,0.74034,2,5
823059,138,0,0.101333,2,1
823060,118,0.406646,0.8332080807,1,5
823060,138,0.08433,1.370998,1,10
823061,118,0.9822358,1.2664778,4,7
823061,138,0,0.944541,2,6
823062,138,0,0.7372752421,2,2
823062,158,0,0.9723387675,1,5
823063,138,0.20114,0.915311,2,5
823063,158,0.101169,0.3724902,1,5
823064,138,0.221155,1.4782632,2,11
823064,158,0.198969,1.5523785,2,11
823065,119,0.333928,0.9066631455,2,6
823065,138,0.455469,0.539799,4,3
823066,119,1.33722,2.145377,5,9
823066,138,0.347069,0.431399,2,2
823067,119,0,0.197488,0,2
823067,138,0.101169,0.5259706,2,5
823068,136,0.557946,1.212518,4,10
823068,138,1.434322,1.8004062,5,8
823069,136,0.2407510934,0.9840070934,3,6
823069,138,0,0.65723,0,4
823070,136,0.255974,0.808004,1,7
823070,138,0,0.660653,1,4
823071,114,0,0.2728906,2,4
823071,138,0.3103228937,0.8392188937,1,4
823072,114,0,0.3071292,0,3
823072,138,0.455179,0.539509,4,4
823073,114,0.065873,0.2180232816,1,4
823073,138,0.981866,2.349802039,3,9
823074,111,0,0.1009194,0,2
823074,138,0.814386,1.286412,5,9
823075,111,0,0.360646,0,2
823075,138,0.025654,0.7894076633,1,7
823076,111,0,0.732080239,1,5
823076,138,0,0.3106332,1,4
823077,121,0.210946,0.312115,2,2
823077,138,0.1008582,0.1667312,3,3
823078,121,0.2403742959,1.590700296,3,5
823078,138,0.064407,0.231449,3,3
823079,138,0,1.517638079,1,6
823079,139,0.433711,1.231643,2,3
823080,121,0,0.210946,0,1
823080,138,0,0.6907284,1,5
823081,138,0,0.725383,1,4
823081,139,0.1155987675,0.9171877675,2,6
823082,138,0,0.341213,1,3
823082,139,0,1.342546,2,8
823090,136,0.622318,0.981287,2,5
823090,140,0,0.218054,2,3
823091,133,0,0.220263,1,3
823091,136,0.4649872,1.2559102,3,6
823092,136,0.388958,1.08478,3,6
823092,140,0,0.6091182,1,5
823093,133,0.2726630934,0.3541310934,3,3
823093,136,0,0.4572533,2,3
823094,133,0.694059,0.948063,4,6
823094,136,0,0.41189,1,3
823095,133,0.681368,1.729999,2,8
823095,136,0.1513181455,0.9210071741,4,8
823096,136,0.3996323,0.9949873,4,7
823096,143,0.101169,0.25335,2,3
823097,136,0.126504,0.4896362,1,6
823097,143,0,1.684018697,0,7
823098,136,0,0.152181,2,2
823098,143,0.932677,1.284068,4,8
823099,112,0,0.03063508068,0,1
823099,136,0,1.574507,2,7
823100,112,0.138002,0.694821,1,5
823100,136,0.202227,0.2551513,2,2
823101,112,0.622318,1.1214102,3,5
823101,136,0.477936,1.6225283,5,10
823102,136,0,0.2709441455,0,3
823102,139,0.202409,0.6923162,3,7
823103,136,0,0.969296,2,4
823103,139,0,0.091527,1,2
823104,136,0.220944,1.037891,1,7
823104,139,0,0.350466,1,3
823105,116,0.371457,0.538499,3,4
823105,136,0.389897,1.251647,1,7
823106,116,0.094239,0.6398250934,1,5
823106,136,0.259731,0.363198,2,3
823107,136,0,0.1277802,1,2
823107,142,0,0.4372742,1,2
823108,116,1.139834,1.641365,2,5
823108,136,0.051012,0.695437,2,5
823109,136,1.119977,1.221146,2,3
823109,142,0.239568,1.155715,2,6
823110,113,0.306839,0.537419,3,4
823110,136,0.395503,1.2726918,4,11
823111,136,0,0.760855,2,6
823111,142,0,0.101169,2,1
823112,113,0,0.1811000286,1,1
823112,136,0.094239,0.6250992,3,4
823113,136,0.0306282,0.3343682,2,3
823113,137,0.262846,0.626582,2,5
823114,113,0,0.6926956,2,2
823114,136,0,0.7019562,1,7
823115,136,0.197815,0.197815,3,2
823115,137,0,0.373172,2,2
823116,136,0.144598,0.7201753455,2,8
823116,137,0.161677,0.5243956594,2,4
823117,136,0,0.3074472,2,3
823117,141,0.390174,0.545412,3,4
823118,136,0,0.4090255,0,4
823118,141,0.0529243,0.1540933,2,2
823119,108,0,0.339402,2,2
823119,136,0.064407,0.412205,1,3
823120,136,0,0.8278390934,2,6
823120,141,0.622318,0.797704,1,3
823121,108,0.309237,1.223962107,3,6
823121,136,0,0.333928,2,1
823122,108,1.163032523,1.163032523,3,2
823122,136,1.578216,2.021617415,2,5
823123,111,0.101169,0.268211,1,3
823123,136,0.205905,0.205905,3,2
823124,111,0.5925724,0.7555724,4,5
823124,136,0,0.126504,1,1
823125,110,0.9968792,1.1267312,6,5
823125,136,0.4504493,0.7412083,3,5
823126,111,0.221111,1.15431,2,6
823126,136,0,0.4813463,1,5
823127,110,0.1930624,0.8249824,2,7
823127,136,0,0.298222,1,3
823128,110,0,0.161677,1,1
823128,136,0.228918,0.6197600934,2,5
823129,121,0,0.691726,1,5
823129,136,0,0.142063,0,1
823130,121,0.210946,0.4975482,2,3
823130,136,0.581411,1.3458134,3,8
823131,121,0.848618,0.980364,3,4
823131,136,0.2804743,0.5835613,3,7
823132,109,0.0950352,0.3190812,3,3
823132,136,0,0,0,0
823133,109,0.6350960795,0.7595330795,3,3
823133,136,0.08544514554,0.3677141741,1,3
823134,136,0,0.511916,2,3
823134,145,0.207693,0.33726,4,3
823135,109,0,0.515976,0,4
823135,136,0.08433,0.7697472,3,7
823136,136,0.124437,1.288667,2,7
823136,145,0.246007,1.2308812,3,9
823137,136,0.101169,1.279819,3,5
823137,145,0,0.891241,1,4
823138,135,0,0.7186102,1,5
823138,136,0.5987128937,2.694068094,4,9
823139,135,0.051012,0.6673562,2,4
823139,136,0,0.463047,1,3
823140,135,0,0.214549,2,2
823140,136,0,0.55312,1,3
823141,136,0,0.1554954,2,3
823141,144,0.424958,0.942867,4,7
823142,136,0,0.498194,1,6
823142,144,0.220944,0.448713,2,2
823143,136,0.133081,0.884381,1,7
823143,144,0,0.567556,2,3
823144,118,0.1993606594,0.2652336594,3,3
823144,136,0.121092,0.3591464,2,3
823145,118,0.2574732,1.0284212,3,8
823145,136,0,1.539411546,2,7
823146,118,0.333928,1.3864172,2,9
823146,136,0,0.184993,2,2
823147,133,0.0529243,0.4020901,2,6
823147,136,0.140972,0.8177911741,3,8
823148,133,0.152803,0.376164,3,4
823148,136,0.573856,1.305717,6,7
823149,133,0,0.511443,0,5
823149,136,0,0.6608502,0,6
823150,136,0.500885,1.0108916,2,6
823150,140,0.251517,0.9496633,4,8
823151,136,0,1.579572,2,6
823151,140,0.303396,1.272927,2,6
823152,136,0.469937,0.79593,2,4
823152,140,0,0.6754362,1,6
823153,117,0.148164,0.148164,2,2
823153,136,0,0.3436286,1,3
823154,117,0,0.8111553414,0,6
823154,136,0,0.038506,1,1
823155,117,0,1.568403,2,8
823155,136,1.917099,2.374424,1,4
823156,117,0,1.327850578,2,10
823156,136,0.463682,1.176925,4,8
823157,136,0.540725,0.65761,6,6
823157,147,0.255974,0.7343482,2,5
823158,136,0.025654,0.404019,2,4
823158,147,0.167042,0.4516932,3,6
823159,136,0,1.829139239,0,7
823159,147,0.8944872,1.1154312,5,6
823160,114,0,0.081468,1,1
823160,136,0.202227,0.7003266633,1,4
823161,114,0,0.468717,3,4
823161,136,0.563926,0.745218,3,5
823162,114,0,0.961373,2,6
823162,136,0,0.8374728,2,5
823163,114,0.228918,1.307319,2,4
823163,136,0,0.788622,0,4
823172,137,0.124437,0.4719550934,1,4
823172,138,0.025654,0.718373,2,4
823174,137,0.025654,0.455542,1,5
823174,138,0.30312,0.4349172,3,3
823175,137,0.5124112,0.9501974934,4,8
823175,138,0.220584,0.9605482782,4,8
823176,109,0.133081,0.635318,3,4
823176,137,0,0.876435,1,7
823177,109,0.305063,1.677805,3,7
823177,137,0,0.4663578,1,4
823178,109,0.3540192,0.9384216,6,10
823178,137,0.3666555,1.3932545,7,11
823179,109,0,0.2045222,1,3
823179,137,0.216893,1.199441,1,6
823180,113,1.15204,3.051224979,4,10
823180,137,0.54647,1.314360659,3,7
823181,113,0.183823,0.2654632,4,4
823181,137,0,0.7078954324,1,5
823182,115,0.659963,1.247892,3,5
823182,137,0,0.9607977742,2,5
823183,113,0.2010720934,0.335398075,2,3
823183,137,0.5353630286,0.5353630286,4,3
823184,115,0.249718,0.4593052,3,5
823184,137,0.621185,1.448947921,3,7
823185,115,0.287184,0.3688242,3,4
823185,137,0.417957,1.039342397,3,6
823186,117,0,0.911958,2,3
823186,137,0.0484644,0.4429734,3,4
823187,117,0.5382228805,0.5382228805,3,2
823187,137,0,0.3213313,0,4
823188,116,0.7758696707,1.034047871,5,8
823188,137,0.290363,1.075544,4,8
823189,117,0.813575,1.297578,3,6
823189,137,0,0.838045,1,6
823190,116,0.730778,1.015040868,5,6
823190,137,0.051012,1.529343128,3,8
823191,116,0,0.025654,1,1
823191,137,0.126504,0.4578385,2,5
823192,137,0.2028585206,0.7591232443,3,5
823192,158,0.911114,1.823992843,4,9
823193,137,0,0.2866022,1,2
823193,158,0,0.5935386682,0,4
823194,108,0.210946,0.438619,2,3
823194,137,0,1.111686,2,5
823195,137,0,0.1975223,1,2
823195,158,0.101169,0.639895,3,7
823196,108,0.658405,0.914812,4,4
823196,137,0,0.1601952,2,2
823197,108,0.61172,1.332352721,4,8
823197,137,0,0.567489,2,3
823198,115,0.1571322,0.3180404,4,5
823198,137,0,0.182307,1,2
823199,115,0.540767,0.803613,4,6
823199,137,0,0.1846966,1,2
823200,115,0.393583,0.582262,5,6
823200,137,0,1.088111903,2,5
823201,115,0,0.32349,2,3
823201,137,0,0.690757,0,4
823202,137,0.216893,1.0303552,1,7
823202,141,0,0.271956,2,2
823203,137,0,0.5144116,2,5
823203,141,0,0.412516,0,4
823204,137,0,0,1,0
823204,144,0.03063508068,0.03063508068,1,1
823205,137,0,0.0835525,2,2
823205,141,0,0.1624254,2,3
823206,137,0.28839,1.0042643,1,7
823206,144,0.094239,0.447574,1,5
823207,137,0,0.113186,0,1
823207,144,0,1.104570687,0,8
823208,133,0.255828,0.255828,2,2
823208,137,0.438619,1.975796,4,10
823209,133,0.440671,1.0518602,4,7
823209,137,0.434359,0.8648132,1,6
823210,133,0,0.586896,1,2
823210,137,0.143839,0.457514,2,4
823211,112,0.025654,0.2146576782,1,5
823211,137,1.452608,1.773883,5,7
823212,112,0,0.3066156,1,4
823212,137,0,0.1976702,0,3
823213,112,0,1.331151,2,4
823213,137,0.453815,1.6300682,2,8
823214,120,0.435137,1.863739645,3,9
823214,137,0.076666,0.95394,2,7
823215,120,0.051012,0.6198320286,3,5
823215,137,0.787642,1.2381883,4,8
823216,109,0,0.3341530934,2,2
823216,137,0.622318,2.19916,2,8
823217,109,0.32338,0.703791,1,3
823217,137,0,0.261895,0,3
823218,120,0.171498,0.330818,2,4
823218,137,0.040481,0.3737891455,2,5
823219,109,0,0.617549,2,2
823219,137,0.2209524,0.6902834934,3,6
823220,137,0.4091,0.49343,4,3
823220,145,0.456988,1.334971,4,7
823221,134,0.228689,0.7677292,3,7
823221,137,0,1.2044642,3,9
823222,137,0.417236,0.587284,4,5
823222,145,0.126504,0.717488,2,6
823223,137,0.215177,0.316346,3,2
823223,145,0.097152,0.163025,3,2
823224,134,0,1.215690446,2,8
823224,137,0.185499,0.6421792,3,7
823225,134,0,0.232915,2,3
823225,137,0,0.065873,0,1
823226,135,0.406646,0.5384432,1,3
823226,137,0,0.201215,0,3
823227,135,0,0.101169,1,1
823227,137,0.3067,0.419886,3,3
823228,135,0,0.2161272,1,3
823228,137,0,0.253646,1,4
823229,137,0.101169,0.3467282,3,4
823229,146,0.065873,0.617617,2,4
823230,137,0.161677,1.092287655,2,5
823230,146,0,0.174181,2,3
823231,119,0.532905,1.1079602,2,6
823231,137,0.330087,0.7009,4,5
823232,137,0.269859,0.9579554286,4,9
823232,146,0.051012,0.3815724633,3,5
823233,119,0.7064156816,0.9304616816,4,5
823233,137,0.353355,0.7875176,2,7
823234,137,0.20114,0.3988102,3,4
823234,143,1.306477,1.594784615,2,6
823235,137,0.0306282,0.4442183063,1,4
823235,143,0,0.335515,0,4
823236,119,0.951873,2.022529,4,7
823236,137,0,0.234525,2,1
823237,137,0,0.2185720205,1,2
823237,143,1.262081,1.879917668,4,8
823238,121,0.28839,0.328871,1,2
823238,137,0,0.749837,2,6
823239,121,0.113186,0.683245,1,5
823239,137,0.221155,0.411465,2,3
823240,121,0.4097426033,2.201851803,2,11
823240,137,0.26098,0.639077,3,4
823241,137,1.0181532,1.3337212,4,6
823241,147,0.3648356,0.8910936,3,6
823242,121,0,0.583478,0,4
823242,137,0.434359,0.706979,2,3
823243,137,0.27048,0.27048,2,1
823243,147,0.2611006,0.6960496,2,5
823244,137,0,0.997064,0,6
823244,147,0,0.6465853845,1,7
823250,120,0.615855,1.2185492,3,8
823250,135,0.2149888805,0.7349687399,2,4
823251,120,0,0.619944,0,4
823251,135,0.0306282,0.7620932205,3,7
823253,135,0.305063,0.472105,3,4
823253,147,0.476045,0.843735,5,6
823254,120,0,1.221695,2,1
823254,135,0.075052,0.50569,3,4
823255,134,0,0.237371,0,2
823255,135,0.559206,2.062751164,2,7
823256,135,0.025654,0.2179592,2,3
823256,147,0.052455,0.237991,1,3
823257,135,0.238557,0.781413,2,6
823257,147,1.262465,1.957292982,3,6
823258,135,0,0.084782,2,1
823258,142,0,0.527232,2,5
823259,134,0.1311184,0.3369044,3,4
823259,135,0.1395820934,0.9286212934,3,3
823260,134,0.133081,1.197737093,4,8
823260,135,0.6495813764,1.228421672,5,10
823261,135,0,0.3364004,0,4
823261,142,0,0.372405,2,3
823262,135,0,0.202879,1,2
823262,142,0.08433,0.3709322,1,3
823263,135,0.864571,1.706464,5,9
823263,158,0.727626,1.347419,4,5
823264,135,0.882848,1.2989903,3,5
823264,158,0.0484644,0.4145734,2,3
823265,135,0.24175,0.292762,4,3
823265,158,0,0.7312052,2,6
823266,117,0,0.3218113811,2,3
823266,135,0.133081,0.456083,2,2
823267,117,0,0.3951844,2,3
823267,135,0.0306282,0.3666703455,1,5
823268,117,0.0306282,0.2637392,2,4
823268,135,0.148737,0.4442716,4,6
823269,135,0,0.4255552,2,5
823269,137,1.057841582,1.216460582,6,6
823270,135,0.359574,2.014769,4,7
823270,137,0.498454,0.766665,5,7
823271,135,2.170273,2.864786,6,8
823271,137,0,0.1550652,0,2
823272,135,0,0.2900386,1,3
823272,137,0.2318197463,0.6370777463,2,5
823273,115,0,0.611417,0,6
823273,135,0.121092,0.121092,2,1
823274,135,0.052455,1.247419,2,8
823274,141,0.648066,1.304766,4,5
823275,115,0.133081,0.198954,2,2
823275,135,0.387544,1.2592352,2,6
823276,135,0.605052,2.4784903,4,10
823276,141,0,1.2853224,1,6
823277,109,0,0.241728,0,2
823277,135,0,0.1317972,2,2
823278,135,0.196752,0.558273,1,4
823278,141,0.066069,0.258707,2,4
823279,109,0.051012,0.5910343,2,6
823279,135,0.086187,0.786706,3,6
823280,109,0.709068,0.943822,3,5
823280,135,0.142063,1.203784,2,5
823281,119,0,1.188534,2,7
823281,135,0.0835525,2.5920815,2,7
823282,109,0.097152,0.198321,2,2
823282,135,0,0.284812,2,3
823283,119,0,0.420159,1,2
823283,135,0,0.798609,1,4
823284,135,0,0.5932752959,0,4
823284,144,0,0.101169,0,1
823285,119,0.843262,1.362995,3,6
823285,135,0,0.388197,1,3
823286,135,0.138002,0.268282,1,3
823286,144,0,0.349468,2,4
823287,113,0.3735454934,0.9076714934,4,8
823287,135,0.133081,0.4566894,2,4
823288,135,0.220944,0.5907142,2,4
823288,144,0.259731,0.43518,2,3
823289,113,0.5122253,0.8126233,6,7
823289,135,0.427101,1.087398,4,7
823290,113,0.604827,2.444888425,7,15
823290,135,0.28839,1.1911482,2,6
823291,121,0.065873,0.593074,3,7
823291,135,0.46411,1.235112,4,8
823292,121,0.025654,0.6653542,2,5
823292,135,0,0.0612564,1,2
823293,121,0,0,1,0
823293,135,0,0.5153734,0,6
823294,135,0,0.1828092,0,3
823294,143,0.674906,1.285784329,4,6
823295,135,0,0.107284,2,1
823295,143,0.144598,0.745821,3,7
823296,135,0,0.1744672,2,2
823296,143,0.065873,0.317188,2,4
823297,133,0.101169,0.834164,3,6
823297,135,0.622318,1.144821,2,5
823298,133,0.1317972,0.3449762807,2,5
823298,135,0.362584,0.4966792,3,6
823299,119,0,0.723418,0,4
823299,135,0,0.2273802,2,2
823300,133,0.604708,1.192615076,3,5
823300,135,0.622318,1.0165566,1,4
823301,119,0.622318,0.957701,2,3
823301,135,0.392309,0.782675,3,6
823302,119,0.434359,1.076866,2,5
823302,135,0.2036669816,0.8560682816,2,8
823303,135,0.133081,0.1637092,1,2
823303,138,0.429362,1.012274671,2,7
823304,135,0,0.4982690934,1,4
823304,138,0.500885,1.21065,3,6
823305,135,0,0.500003,2,4
823305,138,0,1.0649812,1,6
823306,135,0,0.5809852,1,5
823306,138,0.121092,0.2707254,1,3
823307,135,0.722101,1.65897,3,5
823307,145,0,0.395706,2,3
823308,135,0.259815,0.688732,3,7
823308,145,1.197110792,2.267677792,3,8
823309,135,0,0.342385,1,2
823309,145,0,0.283191,2,3
823310,112,0,0.200183,1,2
823310,135,0.6878763,1.744352393,5,9
823311,112,0.10512,1.173808,3,7
823311,135,0.428354,0.872329,3,6
823312,112,0.161677,0.5360023,2,5
823312,135,0.701246,0.767119,4,4
823313,135,0.064407,0.5632593063,3,6
823313,136,0.325215,0.3558432,4,3
823314,135,0.266294,0.786441,3,7
823314,136,0.758411,1.52387,2,6
823315,135,0,0.230071,1,3
823315,136,0.244525,0.2751532,2,2
823316,115,0,0.144806,2,2
823316,135,0,0.255974,0,1
823317,115,0.244525,1.214596,2,6
823317,135,0.107284,0.274326,1,3
823318,115,1.312810106,2.606738106,9,12
823318,135,0.409429,0.791774,2,5
823319,115,0.2627391816,0.926112761,6,10
823319,135,0.720453,1.151383,4,7
823320,135,0.220944,1.167175,2,7
823320,137,0,0.3459292,2,4
823321,135,0,0.761219,1,5
823321,137,0,0.34662,0,1
823322,135,0.163919,0.6410972,2,5
823322,137,0,0.950747,0,3
823323,116,0,1.922382,2,8
823323,135,0.614668,0.889933,3,4
823324,116,0.28549,0.28549,1,1
823324,135,0.209354,1.585994,3,7
823325,116,0.025654,0.3395662,1,5
823325,135,0,0.3012590934,0,2
823335,108,0,1.078793059,2,9
823335,134,0.140925,1.199181,4,8
823336,108,0,0.0816402,1,2
823336,134,0,0.1208643063,1,2
823337,134,0.645487,1.008081,3,6
823337,137,0,0.796178,1,4
823338,108,0.966251,0.966251,5,3
823338,134,0.163,1.2063024,3,6
823339,134,0,1.089938194,2,6
823339,137,0.224046,0.6260612,3,5
823340,134,0.150424,0.8121972807,3,4
823340,137,0.133081,0.6450414,2,5
823341,116,0.01365646331,0.2429520633,1,5
823341,134,0.133081,0.521687,1,4
823342,116,0.2903592,0.7462512807,3,6
823342,134,0,0.2479116,0,3
823343,116,0.163,0.704132,2,5
823343,134,1.428418,2.016050106,7,10
823344,111,0.194479,1.041481093,3,7
823344,134,0.418178,1.492957,3,8
823345,121,0,0.498219,0,3
823345,134,0,0.7567334,1,4
823346,111,0.7879956,1.1977118,3,7
823346,134,0,1.2593572,2,8
823347,111,0.0306282,0.1609082,2,3
823347,134,0.025654,1.363940397,2,5
823348,121,0.606076,0.6367042,3,3
823348,134,0.124437,0.124437,1,1
823349,121,0.1303174781,0.2853826781,2,3
823349,134,0.19239,0.4339642,2,3
823350,109,0.3877712,1.9749255,4,13
823350,134,0,0.1492036594,3,2
823351,109,0,0.163,0,1
823351,134,0,0.3884953,1,4
823352,112,0,0.129852,2,1
823352,134,0.6366282258,1.367195426,2,6
823353,109,0,0.5468024,2,7
823353,134,1.183286,1.3792222,2,5
823354,112,0,0.1132822,1,2
823354,134,0,1.0011035,2,7
823355,112,0.394252,0.394252,2,2
823355,134,0.8494740795,1.296159079,3,6
823356,134,0.3044384,1.2837974,4,6
823356,158,0.084782,0.250423,2,3
823357,134,0,0.147061,2,2
823357,158,0.210946,0.530501,3,2
823358,134,0.453815,0.6846262,2,4
823358,158,0.228918,0.842019,3,4
823359,134,0.163,1.180869,3,7
823359,144,0,2.1847142,2,11
823360,134,0.08433,0.251372,1,3
823360,144,0,0.2753390286,2,2
823361,134,0.065873,0.278562,2,3
823361,144,0.107284,0.816922,3,3
823362,113,0,0.9231326033,1,7
823362,134,0.065873,0.440699,3,4
823363,113,1.483725397,1.953168397,2,5
823363,134,0.0529243,0.1949873,3,2
823364,113,1.28368,1.796028146,4,8
823364,134,0,0.101169,1,1
823365,134,0.698146,0.7287742,4,4
823365,136,0.101169,0.322113,2,2
823366,134,0,0.3439272627,2,3
823366,136,0,0.1317972,1,2
823367,134,0.194479,0.557653,1,4
823367,136,0.9116906,2.1763646,3,7
823368,134,0.144598,0.42959,2,4
823368,146,0.064407,0.710647,2,6
823369,134,0,1.374882,1,5
823369,146,0.583169,1.293865,3,5
823370,134,0,0.954576,1,4
823370,146,0.07017870934,0.7390697093,2,4
823371,119,0.52614,1.112378421,3,6
823371,134,0,0.6203116536,2,4
823372,119,0.311717,1.1597692,5,10
823372,134,0,0.695139,2,5
823373,134,0,0.318362,0,2
823373,142,0,0.2605974781,2,3
823374,119,0.653936,0.80756,4,6
823374,134,0.214549,0.9103072,4,6
823375,134,0,0.2122417093,0,2
823375,142,0,1.0292723,1,6
823376,112,0.690185,1.087564,3,6
823376,134,0,0.5897162286,2,5
823377,134,0,0.293685,2,4
823377,142,0.101169,0.486154,3,5
823378,112,0.266797,0.351579,2,3
823378,134,0,0.6911027675,1,5
823379,112,0,0.8301413967,0,3
823379,134,0.406398,1.007399,2,6
823380,112,0,0.20114,1,1
823380,134,0,0.1850182,1,3
823381,134,0,0.064407,2,1
823381,143,0,0.1496334,1,2
823382,134,0,0,1,0
823382,143,0,0.9759402,1,6
823383,115,0.163,0.945645,2,7
823383,134,0,0.7921112175,0,4
823384,134,0,0.5816169093,2,7
823384,143,0,0.415149,1,2
823385,115,0.113186,0.113186,1,1
823385,134,0,0.1769721455,2,3
823386,115,0.47215,0.8565492,3,5
823386,134,0.194479,0.592814,1,3
823387,113,0,0.5858222,2,6
823387,134,1.154094776,1.409439976,6,7
823388,113,0.385541,1.545462967,2,12
823388,134,0.097152,0.2991866822,1,4
823389,113,0.460013,1.145746,3,6
823389,134,0.234525,0.2829894,2,2
823390,134,0,1.933633282,1,10
823390,138,0,1.659982,0,8
823391,134,0.299959,0.5365911816,4,6
823391,138,0.150112,1.378996,3,10
823392,134,0.144598,0.825301,1,5
823392,138,0.7610390934,1.165335093,4,5
823393,134,0,0.287963,0,2
823393,139,0.08693,1.132963093,1,8
823394,134,0,0.5852416,3,6
823394,139,0.025654,2.588257307,3,14
823395,134,0.163919,0.6270931764,2,6
823395,138,0.065873,0.341226,1,3
823396,120,0.165641,0.703619,3,6
823396,134,0.172488,0.5589880807,2,4
823397,134,0,0.2157024,2,3
823397,139,0.202409,1.96339,4,9
823398,120,0,0.4051904,2,6
823398,134,1.457393,2.152655,4,9
823399,120,0,0.5362093455,1,5
823399,134,0,0.558788,2,6
823400,120,0,1.2945312,0,8
823400,134,0,0.447265,1,3
823401,134,0.2495110205,0.9030910205,3,7
823401,135,0.161677,0.6233522,2,5
823402,134,0.2665,0.8186513,2,6
823402,135,0.064407,1.413731,3,6
823403,134,0.0306282,0.0306282,1,1
823403,135,0.1625373675,0.5091803675,3,4
823404,110,0,0.914742,2,4
823404,134,0,0.415027,0,4
823405,110,0,0.4866003,1,5
823405,134,0.126504,0.9030344286,2,7
823406,110,0,0.788147,1,5
823406,134,0.517516,0.925873,3,4
823414,117,0,0.493455,2,4
823414,143,0.051012,0.3662491455,3,4
823415,143,0.3083072,1.0292522,4,7
823415,144,0,0.5138572,0,5
823416,117,0.150424,1.155219821,2,9
823416,143,0.08433,0.586155,2,3
823417,143,0,0.08433,2,1
823417,144,0,0.08544514554,1,1
823418,143,0.065873,0.7771414,2,7
823418,144,0.064407,0.155934,1,3
823419,143,1.033609,1.285919,3,3
823419,144,0,0.47126,2,4
823420,138,0,0.2654296594,0,3
823420,143,0,0.453841,2,5
823421,138,0.101169,0.614559,2,7
823421,143,0.082654,0.147061,2,2
823422,138,0,0.198954,1,2
823422,143,0,0.101169,1,1
823423,143,0.082654,0.780507,2,7
823423,146,0.101169,0.4818402,3,5
823424,143,0.209712,0.5287983,3,5
823424,146,0.326533,0.716092,2,4
823425,141,0.716174,1.145069146,8,9
823425,143,0,1.0679702,1,8
823426,141,0.556081,0.954021,5,7
823426,143,0.9913290205,1.843557221,5,11
823427,143,1.192061,1.2405254,5,5
823427,146,0,0.763541,2,3
823428,141,0.08433,1.732816918,3,10
823428,143,0.5049232816,0.8270999638,5,7
823429,120,0,1.609738762,3,8
823429,143,0,2.532563146,3,6
823430,120,0.104617,0.6542353,3,6
823430,143,0,0.622318,0,1
823431,120,0,0.3998972,1,4
823431,143,0.399335,0.760185,2,4
823432,120,0.161677,0.360631,2,3
823432,143,0.311219,0.601978,2,4
823433,143,0.224046,1.286267,2,6
823433,147,0.3244679816,0.6794209816,3,5
823434,143,0.260352,0.7155032,3,6
823434,147,0.08433,0.5777844,1,4
823435,143,0.101169,0.6369782,2,5
823435,147,0.245767,0.4683956594,4,4
823436,119,0.1149582,0.3938162,2,6
823436,143,0.2168433,0.5583263,3,5
823437,119,0.094239,0.195408,2,2
823437,143,0.08433,0.08433,1,1
823438,119,0.082654,0.757324,3,6
823438,143,0.121092,0.579224,1,4
823439,121,0.541138,1.434656318,5,9
823439,143,0.348352,0.9322095,3,8
823440,121,0.065873,0.4478642,3,5
823440,143,0,0.203875,1,2
823441,121,0.412422,0.6554725781,4,4
823441,143,0,0.32756,2,2
823442,134,0,0.348428,1,4
823442,143,0.2520743,1.304719393,5,10
823444,134,0.150655,0.9963100934,2,8
823444,143,0.5481442,0.9401884,4,7
823445,134,0,0.328014,1,3
823445,143,0,0.354025,1,2
823446,134,0,1.743717226,2,7
823446,143,0.597396,1.0925753,4,6
823447,121,0.227407,0.64747,2,5
823447,143,0.101169,0.4858752,1,6
823448,121,0.2623134,0.4641454,3,5
823448,143,0.124437,0.590094,2,3
823449,121,0.17274,0.4873562,2,3
823449,143,0,0.271956,1,2
823450,143,0,0.276207,2,3
823450,146,0,0.3429572,2,3
823451,143,0.574085,1.1578402,3,6
823451,146,0,0.5932610807,2,5
823452,143,0,0.6936989536,0,5
823452,146,0,0.89591,1,4
823453,143,0.064407,0.298657,2,3
823453,145,1.038419,2.027225,2,6
823454,143,0.393496,1.238635146,2,10
823454,145,0,0.489044,1,3
823455,143,0.15439,0.8776523,3,6
823455,145,0,0.202338,2,2
823456,135,0,0.0306282,1,1
823456,143,0,0.6394442918,1,3
823457,135,0.065873,0.740619,3,7
823457,143,0,0.124811,2,2
823458,114,0.3876371741,0.9486221741,4,6
823458,143,0.124437,0.124437,2,1
823459,114,0.101169,0.2218582,2,4
823459,143,0.124437,0.34839,3,3
823460,135,0,0.745321,0,5
823460,143,0.225709,0.550386,3,4
823461,114,0,0.453417,2,2
823461,143,0,1.279866,1,6
823462,113,0.410155,0.594248,3,4
823462,143,0.416387,0.974938,3,6
823463,115,0,0.051012,1,1
823463,143,0,0.255974,2,1
823464,113,1.458715397,1.606228597,5,7
823464,143,0.126504,0.192573,1,2
823465,113,0.453815,0.8355787675,1,3
823465,143,0.333928,0.980876,2,4
823466,115,0,0.734638,1,6
823466,143,0.104617,0.435694,1,4
823467,133,0.622318,1.213773146,1,7
823467,143,0.131942,1.131622,2,9
823468,115,0.648294,0.947762,4,5
823468,143,0.1149582,0.4007252,2,5
823469,133,0.1716847764,1.589437776,3,10
823469,143,0.06736941518,0.1516994152,3,2
823470,133,0.37272,0.637547,3,5
823470,143,0.9318511063,1.402219106,6,9
823471,137,0.221662,1.382577,3,6
823471,143,0.03315698156,1.430586182,2,6
823472,137,0.150424,0.4190833,2,4
823472,143,0.101169,0.714774,3,4
823473,137,0,0.4039592,1,5
823473,143,0.161677,0.944601,2,6
823474,143,0,0.088517,1,1
823474,144,0.749311,0.964791,4,7
823475,143,0.758411,1.342063954,1,4
823475,144,0.54907,1.364956,4,6
823476,143,0,0.423635,1,3
823476,144,0.28839,1.61622,2,4
823477,112,0.349754,1.219307546,2,7
823477,143,0,0.378393,1,3
823478,112,0,1.684117146,0,7
823478,143,0,0.758249,1,6
823479,109,0,0.5450394781,2,4
823479,143,0.07023,0.6872672,3,6
823480,109,0.065873,0.298788,1,4
823480,143,0.234525,0.4029644,1,4
823481,112,0,1.962964093,1,7
823481,143,0.47493,1.183311,1,4
823482,109,0,0.124437,1,1
823482,143,0,0.753692,1,5
823483,120,0,0.4502144,1,4
823483,143,0,1.308059,1,3
823484,120,0,0.319223,1,4
823484,143,0.5106590795,0.6792961602,2,3
823485,120,0,0.9617242,2,7
823485,143,0.263356,0.9624902,1,6
823486,140,0,0.294746,0,3
823486,143,0,0.33289,1,3
823487,140,0.163,0.294746,2,3
823487,143,0.226393,0.8495102,2,8
823488,140,0,1.3209065,1,9
823488,143,0.367882,1.090236,4,5
823497,115,0.198969,0.471075,2,5
823497,147,0.101169,0.4265882,1,4
823500,115,0.150424,0.505846,3,3
823500,147,0,0.3696998805,1,2
823501,111,0.220944,1.477999,2,6
823501,147,0,1.241005,1,5
823502,111,0.101169,0.2738486,1,3
823502,147,0,0.065873,2,1
823503,117,0.09819165939,0.2028086594,2,2
823503,147,0.163,1.220328881,1,4
823504,111,0.291071,1.332736,4,7
823504,147,0.533019,0.599088,5,5
823505,117,0,0.7045571455,2,5
823505,147,0.205441,0.564397,1,3
823506,117,0.333928,0.756943,2,3
823506,147,0.2321259816,0.8193899816,3,7
823507,141,0,0.148723,1,2
823507,147,0,0.08433,2,1
823508,136,1.104608654,1.823233854,5,11
823508,147,0.0306282,0.7018412,2,5
823509,141,0.758411,1.83185,3,5
823509,147,0.581136,1.035819307,5,8
823510,141,0.2874493,1.0027806,3,6
823510,147,0,0.189686,1,2
823511,136,0.129567,0.230736,3,2
823511,147,0,0.116885,1,3
823512,136,0.104888,0.775575,3,7
823512,147,0.535528,0.561182,3,3
823513,144,0,0.820742,1,3
823513,147,0.065873,0.065873,2,1
823514,144,0,0.387987,1,5
823514,147,0.910708,0.910708,4,2
823515,144,0.113186,0.40996,2,3
823515,147,0.285156,0.551953,3,4
823516,138,2.12254,3.1432145,4,11
823516,147,1.304349,1.873307,4,7
823517,138,0.142063,0.207936,2,2
823517,147,0.399997,0.917028,3,5
823518,134,0.065873,2.521033,2,10
823518,147,0.0306282,0.5208522,4,4
823519,134,0.138002,0.7902981455,3,6
823519,147,0.163,0.228873,2,2
823520,138,0.0715106,0.8410816,1,7
823520,147,1.2839422,1.8550862,5,7
823521,119,0.3415432959,0.5073412959,3,4
823521,147,0.3012142,0.9558282,5,8
823522,134,0.305063,0.9780493934,3,7
823522,147,0.572361,0.9319272,4,5
823523,119,0.275947,0.837255,2,8
823523,147,0.622318,0.8081842,3,3
823524,119,0.0484644,1.0659184,1,8
823524,147,0.1395820934,0.7139260934,3,7
823525,142,0.832877,1.534639,4,9
823525,147,0.265424,0.5020986633,2,4
823526,142,0.290777,1.102862796,5,12
823526,147,0.509285,0.8897693,6,7
823527,142,0.074217,0.7383196152,2,6
823527,147,0.266797,0.367966,4,3
823528,116,0.0965012,0.1623742,3,3
823528,147,0.5616169816,1.283160282,4,9
823529,116,0.361037,0.774307,3,6
823529,147,0.804318,1.1791712,4,8
823530,116,0.101333,0.378152,2,3
823530,147,0.613927,0.613927,4,3
823531,113,0.246812,0.470312,2,3
823531,147,0,0,0,0
823532,113,0.196752,1.826608671,1,10
823532,147,0.210946,0.377988,3,3
823533,145,0.214012,0.2752684,2,4
823533,147,0.064407,0.20647,1,2
823534,113,0,0.7014604,1,5
823534,147,0.434359,0.8319816,2,5
823535,145,0,2.8874865,1,21
823535,147,0.7825393974,2.722179597,2,20
823536,145,0.389559,2.004346441,4,12
823536,147,0.661274,0.794355,3,4
823537,111,0.4543142,1.0141832,4,7
823537,147,0,0.3956675,1,4
823538,111,0.2314864781,1.524844149,3,10
823538,147,0.101169,0.600246,1,6
823539,111,0.628838,1.267025682,4,7
823539,147,0.535957,0.824856,4,6
823540,114,0.3287622432,0.6112232432,2,6
823540,147,0.5624460934,1.041825393,4,7
823541,114,0,0.5719836594,1,4
823541,147,0.142063,0.662206,2,4
823542,114,0.094239,0.367896,2,3
823542,147,0.094239,0.238078,3,2
823544,139,0.28839,0.793217,2,3
823544,147,0.107284,0.477212,1,4
823545,141,0.163,0.9311055455,1,8
823545,147,0,0.6319892,2,5
823546,139,0.07023,0.461412,2,5
823546,147,0,0.546834,1,3
823547,141,0,0.2011182,0,3
823547,147,0.08544514554,0.1556751455,3,2
823548,141,0,1.257874,1,4
823548,147,0.622318,1.177769,2,3
823549,141,0.228918,0.8064474,2,6
823549,147,0.086187,0.405154,2,3
823550,140,0.768366122,1.441623122,7,11
823550,147,0.286817,0.286817,2,2
823551,140,0,1.023449,1,3
823551,147,0,0.142063,0,1
823552,110,0,0.6607994,0,3
823552,147,0.751458,1.126632,4,7
823553,140,0.333061,0.8526054781,3,7
823553,147,0,0.4477010934,1,2
823554,110,0,0.488763,2,4
823554,147,0,0.439887,1,3
823555,110,0.512436,0.9604232,3,7
823555,147,0.051012,1.113963961,2,6
823556,118,0.33745,1.805032,4,11
823556,147,0,0.221598,2,2
823557,110,0.255974,0.936339,1,7
823557,147,0.227673,0.328842,3,3
823558,118,0.343203,0.746965,2,5
823558,147,0,0.3000574,1,3
823559,118,0.2910192,0.9736982,4,8
823559,147,0.3690516536,0.5320516536,1,2
823560,108,0.628103,1.152341,6,8
823560,147,0,0.3437496822,2,4
823561,108,0.198969,0.7146141816,2,7
823561,147,0.025654,0.3821290934,2,3
823562,108,0.28839,1.0280194,1,9
823562,147,1.2593633,1.5075725,4,7
823563,108,0.1905274,1.9653332,4,12
823563,147,0.3534544,1.2367964,3,8
823564,133,0,1.256717894,2,10
823564,147,0.225606,0.6554004,2,6
823565,133,0.194479,0.6905204,3,6
823565,147,0,0.366875,2,3
823566,146,0.723082,1.725136296,5,9
823566,147,0,0.697843,2,7
823567,133,1.1899224,1.7420664,5,9
823567,147,0.086187,0.498943,3,4
823568,146,1.265500018,1.580464418,3,5
823568,147,0,0.5712942,2,6
823569,146,1.163447,3.02954361,6,14
823569,147,0.112265,1.316574767,3,9
823577,121,0.99195,1.219623,3,4
823577,137,0,0.4157852,1,3
823578,121,0,0.150424,1,1
823578,137,0.262846,0.8070848,3,8
823579,121,0.173547,0.447204,3,4
823579,137,0.1483420205,1.654690221,2,12
823580,117,0,0.150203,1,2
823580,121,0.161677,0.9131236,2,7
823581,121,0.101333,0.335213,2,3
823581,158,0.259731,1.4472382,3,6
823582,117,0.106354,0.832146,2,9
823582,121,0,0.44161,0,3
823583,117,0.224046,0.6406396707,2,4
823583,121,0.08433,0.426821,3,5
823584,121,0,0.5862673811,1,3
823584,158,0.835576,1.966352678,2,8
823585,121,0.7520154184,1.014366418,5,4
823585,158,0.4992672205,0.7963954205,5,7
823586,121,2.020882,2.488235,3,6
823586,135,0.163,0.264169,2,2
823587,121,0.35539,0.538806,3,4
823587,135,0.313561,1.186411,4,6
823588,120,0,0.536745,1,4
823588,121,0,0.5847472,2,4
823589,121,0,0.0715106,0,1
823589,135,0.670777,1.995111,3,9
823590,120,0.051012,0.247231,2,3
823590,121,0,0.3180452,1,3
823591,120,0.41871,0.824908,2,6
823591,121,0,0.4741448,1,6
823592,121,0.066069,0.3727964,3,4
823592,146,0.413138,0.413138,2,2
823593,121,0.228918,0.580762,2,4
823593,146,0.255041,1.048348,2,7
823594,121,0.228918,0.7289664,2,5
823594,146,0.205744,0.4829335,5,7
823595,121,0.56014,1.0294483,4,7
823595,146,0.126504,0.766225,2,6
823596,121,0,1.1409062,1,7
823596,144,0.112265,0.323211,1,2
823597,121,0.373852,1.475428767,3,9
823597,144,0.294791,0.581459,4,5
823598,121,0.5446871455,0.6999251455,4,5
823598,144,0,0.384844,0,4
823599,119,0,0.830585,2,6
823599,121,0,0.4758242,1,4
823600,119,0.453815,0.907038,2,5
823600,121,0,0.949226,2,5
823601,119,0.6699097742,0.6699097742,2,2
823601,121,0.426608,1.710851,3,10
823602,111,0.3630903811,0.8907057811,4,9
823602,121,0,0.169024,1,2
823603,111,0.2033078,0.6476004594,5,8
823603,121,1.230361,2.139295,4,6
823604,111,1.141032,2.547762678,4,14
823604,121,0.07023,0.9860713,2,7
823605,118,0,0.097152,0,1
823605,121,0.126504,0.9367547,3,8
823606,118,0,0.6489790934,0,4
823606,121,0,0.391416,2,4
823607,118,0.259731,0.8340640852,2,6
823607,121,0.171498,3.314121346,2,12
823608,121,0.2415742,0.7923969093,4,6
823608,143,0.1395820934,0.8317110934,1,8
823609,121,0.4857590807,1.100526081,5,9
823609,143,0.0306282,0.1936532,2,3
823610,121,0.331677,0.234525,4,1
823610,143,0,0.5212022807,0,5
823611,112,0,0.784406,0,3
823611,121,0.28839,1.2750252,2,6
823612,112,0,0.507048,2,5
823612,121,0.255658,0.526741,4,4
823613,112,0.30826,0.5629342,2,3
823613,121,0,0.4027274,2,3
823614,112,0,0.106354,1,2
823614,121,1.175292,1.670226,5,6
823615,121,0,0.4300270822,2,6
823615,144,0,0.514066,0,2
823616,121,0.108021,0.4384852,3,4
823616,144,0.3333550205,0.6473990205,3,4
823617,121,0,0.409429,0,2
823617,144,0.459561,2.075466311,4,9
823618,121,0.3053732,0.5938732,5,7
823618,138,0.5976506,0.8768868,2,7
823619,121,0,0.328044,2,3
823619,138,0,0.6329030934,1,5
823620,121,0.32338,0.771034,1,6
823620,138,0.113186,1.044589393,1,9
823621,121,0,1.285675,2,8
823621,146,0.28839,0.8933339816,3,5
823622,121,0.434359,0.5550482,3,4
823622,146,0.199107,1.0104823,3,7
823623,121,0.5409132,0.9394062,3,8
823623,146,0.2679131805,0.5078881805,2,5
823624,113,0.593094,0.9901791455,4,7
823624,121,0.352578,1.1217762,5,9
823625,113,0.245767,0.4973392,2,4
823625,121,0,0.101169,2,1
823626,113,0.084782,0.879056,3,7
823626,121,0.330597,1.108634,4,6
823627,121,0.418974,0.9378236,2,7
823627,147,0.07023,0.5440413455,2,6
823628,121,0.124437,1.001321,2,6
823628,147,0.3761821455,0.6661951455,3,5
823629,121,0.389897,0.6474739816,2,5
823629,147,0,0.4223872,2,5
823630,116,0.065873,1.1475146,2,10
823630,121,0,0.1667242,1,4
823631,116,0.364878,0.5573313,2,5
823631,121,0.052455,0.6062533,4,5
823632,116,0.198969,1.067909,2,7
823632,121,0.808268,2.16163,4,10
823633,120,0,2.039935,0,9
823633,121,0.03315698156,0.4140958993,1,4
823634,120,0,0.1840427,0,3
823634,121,0.391557,0.553234,2,3
823635,115,2.246309,2.407986,3,3
823635,121,0.3609,1.373654439,4,7
823636,120,0,0.578954,1,5
823636,121,0,0.459306,2,4
823637,115,0.434359,0.88017,2,3
823637,121,0,0.08544514554,2,1
823638,115,0.517251,0.974464,3,5
823638,121,0.4974159816,0.9162819816,3,6
823639,121,0,0.1160733455,2,2
823639,142,0,0.367669,0,4
823640,121,0,0.1427034,1,2
823640,142,0.142063,0.899149,3,5
823641,121,0.3607841741,0.3607841741,4,3
823641,142,0.0529243,0.5270367,1,5
823642,121,0.260548,0.260548,2,2
823642,133,0.6154590286,1.023303229,2,7
823643,121,0.08544514554,0.7356701455,1,5
823643,133,0,0.4692755,1,4
823644,121,0.163919,0.810862,2,6
823644,133,0,0.8936213178,2,8
823645,109,0.097152,1.223264693,3,8
823645,121,0,0.209712,1,2
823646,109,0.232494,0.9654522,3,10
823646,121,0.113186,0.398448,1,4
823647,121,0.42303,0.7655062,2,6
823647,134,0.065873,2.247907,2,10
823648,109,0.681368,1.829457,2,8
823648,121,0.131746,0.961255039,3,7
823649,121,0.572361,1.191714967,3,9
823649,134,0,0.479157,0,4
823651,121,0,0.354067,0,2
823651,134,0,0.4397273,1,5
823660,116,0.157377,0.5510540707,4,6
823660,142,0.589539,0.8755611764,6,7
823661,116,0.220944,0.548752,1,4
823661,142,0.3335510205,0.4347200205,3,3
823662,142,0.205441,0.4031112,3,4
823662,145,0,0.2955064,2,4
823663,116,0.436121,0.587819,3,4
823663,142,0,0.052455,1,1
823664,142,0.126504,0.937658,3,4
823664,144,0.065873,0.8909040934,1,6
823665,142,0.121092,0.7940434,3,7
823665,145,0.7729646594,1.97567194,3,8
823666,142,0.11415,1.118018,3,9
823666,145,0.6183756781,0.9766120781,6,9
823667,142,0.069961,0.3848736,2,4
823667,144,0.097152,0.163025,1,2
823668,142,0.1395820934,0.7062177022,1,6
823668,144,0.065873,0.5885842,1,5
823669,142,0,0.432561,0,3
823669,143,0,0.877823,0,7
823670,142,0,0.9309463,2,5
823670,143,0.084782,0.622084,2,5
823671,142,0,0.6497067675,2,3
823671,143,0.9018250934,1.033622293,5,6
823672,110,0.419228,1.585699,3,9
823672,142,0.263025,0.263025,4,3
823673,110,0,0.9345462,0,6
823673,142,0.2641926033,0.4087906033,3,3
823674,118,0.07023,0.7864894,3,8
823674,142,0.132938,0.5501538805,3,4
823675,110,0.08433,2.214604146,2,8
823675,142,0.748822,1.43019,4,3
823676,118,0.7785730934,0.9668393934,5,7
823676,142,1.038419,2.292407,2,5
823677,118,0.1571322,0.2583012,3,3
823677,142,0.075052,0.2502782,3,3
823678,133,0,0.419905,0,3
823678,142,0.467009,0.61919,3,4
823679,133,0,0.3319972,1,3
823679,142,0,0.2988392,1,4
823680,133,0.1716847764,0.7520417764,2,5
823680,142,0,0.678535,2,5
823681,108,0,0.286832,2,3
823681,142,0.065873,0.5192786,2,7
823682,108,0.943196,1.4389972,4,9
823682,142,0.329166,0.380178,2,3
823683,114,0.352797,1.521385,2,6
823683,142,0.4065130934,1.015608093,4,8
823684,114,0.434359,1.142904,3,4
823684,142,1.281526,2.3139464,6,13
823685,108,0,0.4077149764,2,5
823685,142,0.2360692,0.4899354,3,7
823686,115,0.1483420205,0.2727790205,2,2
823686,142,0.758411,1.171735,1,4
823687,114,0.324677,1.004447,3,7
823687,142,0.28839,0.531622,1,3
823688,115,0,0.5558193822,1,5
823688,142,0.1794283,0.6960203,4,5
823689,115,0,0.3613142,2,3
823689,142,0.124437,0.225606,3,2
823690,119,0.210946,0.7254346,3,5
823690,142,0,0,2,0
823691,119,0.6177227764,0.7718160764,3,4
823691,142,0.723487,1.223236,4,6
823692,119,0.142063,0.597717,1,6
823692,142,1.150956,1.475088,8,9
823693,138,0.2876721455,0.4509620089,3,5
823693,142,0.768922,1.2038604,6,9
823694,138,0,0.148527,1,2
823694,142,0.8209406594,1.028876659,3,5
823695,138,0.611773,1.881418,4,8
823695,142,0.952293,1.275673,6,6
823696,118,0.458365,1.3932576,4,9
823696,142,0.738671,1.3890112,4,8
823697,118,0.231638,0.2622662,3,3
823697,142,0.238052,0.616245,4,4
823698,118,0,0.9513466,1,4
823698,142,0.124437,0.176892,2,2
823699,118,0.434359,0.552687,1,3
823699,142,0.318872,0.858089,3,5
823700,142,0.376588,0.860305,2,5
823700,145,0.2415742,0.5564252,2,5
823701,142,0.38367,0.50906,3,2
823701,145,0.1669131455,0.2999941455,4,3
823702,142,0.2681,0.767597,3,6
823702,145,0.210946,0.640478,2,4
823703,117,0,1.0422242,0,7
823703,142,0.3374944,0.6096564,5,7
823704,117,0,0.4374562,1,6
823704,142,0.082654,0.2199083,2,3
823705,117,0.01365646331,0.1644327811,2,3
823705,142,0,0.052455,1,1
823706,142,0.3368544,0.3897787,2,3
823706,158,0,0.465454,1,4
823707,142,0,0.152181,2,2
823707,158,0.13028,0.3473464312,2,6
823708,142,0.3275760934,0.797796747,3,4
823708,158,0.2273802,0.4994394911,3,5
823709,142,0,0.148971,2,1
823709,146,0.138002,0.8754314064,2,9
823710,142,0.5564099035,1.323161903,3,5
823710,146,0.978075,2.103535146,4,13
823711,141,0.097152,0.36972,3,4
823711,142,0.0529243,0.2533276455,2,4
823712,142,0,0.0965012,1,2
823712,146,0.10512,0.5617133,3,5
823713,141,0,0.335419,1,3
823713,142,0.553425,1.0857596,5,9
823714,141,0,0.744326,1,5
823714,142,0.210946,0.5084832,2,5
823715,141,0.1352452,0.825628739,4,8
823715,142,0,0.0306282,0,1
823716,136,0.086187,0.086187,3,1
823716,142,0.210946,0.715266,1,3
823717,136,0,0.115419,1,2
823717,142,0.3915179066,0.8850419066,4,6
823718,113,0.52614,3.0355,3,16
823718,142,0.22938,0.379583,4,4
823719,136,0.121092,0.513589,1,3
823719,142,0,1.162856,2,2
823720,113,0,1.528894857,1,7
823720,142,0.065873,0.22755,2,2
823721,113,0.171498,1.390452,2,9
823721,142,0,0.3628802,2,4
823722,111,0,0.603817,0,6
823722,142,0.133081,1.093351,3,6
823723,111,0.8866900934,1.342640093,4,6
823723,142,0.082654,0.504604,1,6
823724,116,0.319555,0.8344680807,2,7
823724,142,0.7046554,1.4230254,5,10
823725,111,0,0.217996,0,3
823725,142,0.124437,0.3574032,3,4
823726,116,0.081468,0.7338333,3,5
823726,142,0.78842,1.2464646,4,8
823727,116,0,0.823405,1,6
823727,142,0.619675,1.111869,4,6
823728,116,0.17274,1.603894,3,6
823728,142,0,1.4782212,2,9
823729,139,0.19727,0.3615642,2,4
823729,142,0.3690516536,0.9340798536,2,7
823730,139,0.069961,0.662951,2,6
823730,142,0,1.853972101,2,7
823732,139,0.1395820934,1.217826093,3,7
823732,142,0,1.5543503,2,6
823738,112,0.3867113178,1.398230518,3,8
823738,158,0.082654,1.660244,4,6
823739,112,0,0.0306282,2,1
823739,158,0.191565039,1.745957039,2,10
823740,140,0.081468,0.514542,1,5
823740,158,0,0.655255,1,5
823741,140,0.4012614,0.5223534,4,4
823741,158,0,0.412756,1,3
823742,112,0.292462,0.869772,4,7
823742,158,0.234525,1.226791,3,7
823743,144,0,0.290675,0,3
823743,158,0.194479,0.257617,2,2
823744,140,0,1.068503,1,9
823744,158,0,0.407888,0,4
823745,144,0,0.3852973,0,4
823745,158,0,0.5609735682,0,6
823746,144,0,0.4407503,1,5
823746,158,0.101169,0.264194,3,3
823747,136,0.1970389066,1.262289762,2,10
823747,158,0.516879,0.8628082,4,7
823748,136,0.08433,1.722029603,3,10
823748,158,0,0.7432569816,2,5
823749,136,0.143839,0.7632147742,1,7
823749,158,0.163,0.9754040707,2,10
823750,142,0.426596,1.7690634,4,8
823750,158,0.133081,1.821585,3,9
823751,142,0.06378518156,1.589087275,3,9
823751,158,0.791441,2.172767982,5,10
823752,142,0,1.2074503,1,9
823752,158,0.065873,0.22755,1,2
823753,134,0.215331,1.0213814,3,8
823753,158,0,1.170645,1,5
823754,134,0.419013,0.881552,4,6
823754,158,1.198092,2.7372272,4,13
823755,115,0.227769,0.713859,2,4
823755,158,0.158201,1.1988902,4,8
823756,134,0.265812,0.662629,4,6
823756,158,0.6527220795,1.115229479,3,7
823757,134,0.265088,0.4807092,3,5
823757,158,0,0.405819,2,4
823758,115,0,0.0950352,1,2
823758,158,0.097152,0.966083,3,4
823759,115,0,0.420824,0,3
823759,158,0.126504,0.471796,1,4
823760,121,0,0.728469,0,2
823760,158,0,0.3413332,2,5
823761,121,0.418258,1.508835081,4,7
823761,158,0.676772,1.2405606,3,7
823762,121,0.514783,0.5454112,3,4
823762,158,0,0.448866,1,4
823763,146,0.2646577093,0.5400107093,3,4
823763,158,0.389623,0.9870946033,5,8
823764,146,0,0.4353252,1,4
823764,158,0.851236,0.921466,3,3
823765,113,0.7071,0.7071,3,2
823765,158,0.224046,0.696913,2,3
823766,146,0.346825,1.116676,4,7
823766,158,0.2010720934,1.301737,1,8
823767,113,0.082654,0.309047,3,3
823767,158,0.113186,0.528759,2,5
823768,113,1.982972,2.359687321,2,6
823768,158,0.155238,0.559648,2,3
823769,112,0,1.497906208,1,6
823769,158,0.518689,1.330469146,4,8
823770,112,0.133081,0.9931117,1,10
823770,158,0,0.7356794,2,8
823771,113,0.482957,0.5358813,3,3
823771,158,0,0.1160733455,2,2
823772,114,0.37272,1.2596994,3,8
823772,158,0.347069,0.7802882205,3,5
823773,112,0,0.4037532,0,4
823773,158,0,1.3351332,2,6
823774,114,0.082654,0.658821339,2,6
823774,158,0.150424,1.210395,1,8
823775,114,0,0.368136,0,4
823775,158,0,0.325854,2,3
823776,143,0,0.703848,1,2
823776,158,0,1.2996533,2,11
823777,143,0.0816402,0.2338212,3,4
823777,158,0.1317972,0.4237542,2,5
823778,143,0,0,1,0
823778,158,0.2161086,0.7899196,4,7
823779,137,0.227769,1.399309,1,8
823779,158,0.325596,0.6555353,4,5
823780,137,0.453417,0.851309,4,5
823780,158,0.0715106,0.5797106,1,6
823781,137,0.08433,0.3717793,3,3
823781,158,0.925438,1.155618,2,5
823782,137,0,0.5785483967,1,1
823782,158,0.163,1.151094756,1,6
823783,138,1.185936,1.451412,6,9
823783,158,0,0.6026864,0,6
823784,138,0.387544,0.453417,2,2
823784,158,0,0.5581997455,0,6
823785,138,0,0.283299,1,2
823785,158,0.228918,0.228918,3,1
823786,119,0.133234,0.455347,2,3
823786,158,0.406646,1.364383,2,5
823787,119,0.240991,1.394382,3,9
823787,158,0.093794,0.4563822,2,6
823788,119,0,1.8406135,0,8
823788,158,0,0.215964,2,3
823789,135,0,0.5393426707,2,2
823789,158,0.234525,1.037429816,3,7
823790,135,0,0.9133073366,1,7
823790,158,0.711523,1.001294,4,5
823791,135,0.453815,0.931571,1,5
823791,158,0.348483,0.780669,3,7
823792,147,0.346708,0.862777,2,5
823792,158,0.7804672258,1.584857404,3,8
823793,147,1.099457,1.200626,5,5
823793,158,0.406646,0.73359,2,4
823794,147,0.0484644,0.2942314,2,3
823794,158,0.0529243,1.0871743,2,5
823795,109,0.052455,0.753137,2,6
823795,158,0,0.9836563816,2,10
823796,109,0.306768,0.727612,2,5
823796,158,0,0.552271,2,4
823797,134,0,0.3021102,0,4
823797,158,0,0.590523,2,3
823798,109,0.300275039,1.174020039,1,7
823798,158,0.210946,0.823867,2,4
823799,134,0.2826,0.922381,4,5
823799,158,0.220133,0.326683,2,4
823800,134,0.320025,0.575584,3,6
823800,158,0.221155,0.7488646,1,7
823801,141,0.2329730807,0.4184720807,3,5
823801,158,0.458113,0.9609610807,5,8
823802,141,0,0.09102676746,3,1
823802,158,0,0.834481,2,6
823803,141,0,0.584562,1,3
823803,158,0.372201,0.982813,3,8
823804,120,0,0.088517,1,1
823804,158,0.4151542,0.9435192,5,7
823805,120,0,0.691572,2,3
823805,158,0.218244,1.11632,3,9
823806,139,0.097152,0.444221,1,2
823806,158,0,0.3613542,0,4
823807,139,0.5924104,0.9502916,4,7
823807,158,0.5198041455,1.470119174,3,7
823808,120,0.0306282,0.6679412,1,8
823808,158,0.509093,1.1065104,4,8
823809,139,0.107284,0.4263652,2,4
823809,158,0.101169,0.5039826286,1,5
823810,145,0.515159,0.8136922,3,4
823810,158,0.493563,1.535662,4,8
823811,145,0,0.6069434,2,6
823811,158,0,0.5129814,2,6
823812,145,0.70692,1.087577,4,6
823812,158,0,0.2380228707,0,3
823818,121,0.101169,0.622812,3,4
823818,146,0,1.2897135,1,5
823820,121,0.08433,1.43311,3,10
823820,146,0.28549,0.850058,2,6
823821,121,0.142063,0.8992224,1,7
823821,146,0.48298,0.9428,5,7
823822,112,0.9819,1.687371,4,8
823822,146,0,0,2,0
823823,112,0,0.3645562,1,2
823823,146,0.715305,1.805133,4,7
823824,112,0.0306282,0.5077016,3,7
823824,146,0.08433,0.715531,3,5
823825,111,0.066069,0.423652,3,6
823825,146,0.1225226,0.7184006,3,4
823826,111,0.256797,1.0921623,5,11
823826,146,0.664917,1.428554,4,8
823827,120,0,0.6997351063,1,6
823827,146,0.109984,0.5480653,2,5
823828,111,1.257563242,2.500261388,3,9
823828,146,0.790357,1.762279039,3,9
823829,134,0.167238,0.322459,3,4
823829,146,0.7182831463,1.138366046,5,7
823830,120,0.909326,1.6450182,4,8
823830,146,0.257708,0.408173,3,5
823831,120,0,0.555073,1,3
823831,146,0,0.101169,2,1
823832,134,0.473443,0.675781,4,4
823832,146,0.4424833,1.3591223,3,8
823833,134,0.2294332959,1.054022696,3,10
823833,146,0.025654,0.240831,3,2
823834,108,0,0.22251,0,2
823834,146,0,0.447368,1,4
823835,108,0.179975,0.484965,2,3
823835,146,0.3048815781,1.298418578,4,8
823836,108,0.707099,1.1486293,3,5
823836,146,0.133081,0.5884203,3,5
823837,143,0,0.407937,0,3
823837,146,0.6130974213,1.114427621,3,9
823838,143,0.210946,0.2415742,3,2
823838,146,0,0.391918,2,2
823839,143,0.3022410934,1.038592393,2,8
823839,146,0.351287039,0.484368039,2,3
823840,135,0.220944,0.9594814,3,6
823840,146,0.3975952,0.8076862934,4,8
823841,135,0,0.7138602,2,6
823841,146,0,0.5440712,2,4
823842,114,0.32756,0.531318,3,5
823842,146,0.075052,0.4630322,3,6
823843,135,0.025654,0.163656,2,2
823843,146,0.659579,1.326406,4,6
823844,114,0.707099,1.026341,2,3
823844,146,0.453815,1.1063494,2,6
823845,114,0,0.4649872,2,2
823845,146,0.276819,0.342692,3,3
823846,136,0,0.210946,0,1
823846,146,0,0.4177636781,2,4
823847,136,0.448578,0.745223,4,4
823847,146,0.3060688808,0.6013448808,2,4
823848,136,0.065873,0.888332,1,6
823848,146,0.330087,0.4841803,2,4
823849,140,0.921411,1.1821102,4,6
823849,146,0,0.4894620934,1,2
823850,140,0,0,0,0
823850,146,0.194479,0.628086,2,6
823851,140,0.126504,0.192377,2,2
823851,146,0,0.449763,1,3
823852,137,0,0.498919,0,3
823852,146,0,0.521945,0,6
823853,137,0,1.0565672,2,6
823853,146,0.598984,0.943164,2,4
823854,137,0.434359,0.640145,2,3
823854,146,0.101169,0.721582,1,6
823855,109,0.124437,0.291479,1,3
823855,146,0.2366,0.681757,3,5
823856,109,0.5441982,0.9184422,2,6
823856,146,0.477245,0.811173,3,4
823857,139,0.101169,1.134242,3,5
823857,146,0,0.588105,0,5
823858,109,0,1.223067039,0,8
823858,146,0.221155,0.8335663811,3,5
823859,139,0.33572,1.510489,3,7
823859,146,0,0.329338,2,3
823860,139,0,1.8555193,1,5
823860,146,0.2753390286,0.3059672286,2,3
823861,121,0.223656,0.353508,2,3
823861,146,0.258829,0.81081,3,6
823862,121,0.0529243,0.4497413,3,4
823862,146,0,0.408329,0,4
823863,121,0.295276,0.403297,2,3
823863,146,0.090061,0.1895374,4,4
823864,144,0.108021,0.4830502,3,5
823864,146,0,0.133081,0,1
823865,144,0,0.786632,2,5
823865,146,0.57098,2.315263106,4,8
823866,144,0,0.1258431675,1,3
823866,146,0.08433,0.3168568,1,6
823867,144,0.133081,0.133081,1,1
823867,146,0.386516,0.548193,3,3
823868,120,0.604708,2.032356,3,7
823868,146,0.389897,0.706812,2,3
823869,120,0.217411,0.882092,3,6
823869,146,0.3776972,1.2731562,3,8
823870,110,0.228918,0.842256,1,5
823870,146,0.475302,1.654482,4,9
823871,120,0.626749,0.8881263,4,5
823871,146,0,0.463583,2,5
823872,110,0.333928,0.7030962,1,5
823872,146,0,0.3377352782,1,4
823873,110,0.3596984,1.1655304,4,8
823873,146,0.196752,2.634789,1,11
823874,143,0,0.448605,1,4
823874,146,0.33572,1.4028312,2,9
823875,143,0,0,2,1
823875,146,0.2077,0.349763,1,2
823876,143,0,0.7498710934,0,4
823876,146,0.121092,0.3064299816,2,4
823877,143,0,0,1,0
823877,146,0.052455,0.588796,3,6
823878,138,0.221662,0.3943532,2,3
823878,146,0.630345,1.115644,4,8
823879,138,0,0.351987,0,3
823879,146,0.06127016136,1.131996161,3,9
823880,138,0.26964,0.917461,4,5
823880,146,0.234229075,0.833691075,4,8
823881,146,0,0.749235,2,4
823881,158,0,0.1843,1,3
823882,146,0.10512,1.090571044,3,11
823882,158,0.097152,0.593365,3,4
823883,146,0,0.2680821455,2,3
823883,158,0.101169,1.027852,4,8
823884,113,0.205441,0.4601152,1,3
823884,146,0.405149,0.869189,3,5
823885,113,0.08433,0.8602768937,3,4
823885,146,0.101169,0.153624,3,2
823886,113,0,0.729411,0,5
823886,146,0,0.4143130934,1,4
823887,113,0.336416,0.839964,4,6
823887,146,0.2485047742,1.107795855,2,7
823888,145,0.161677,0.4674492,2,4
823888,146,0.025654,0.4346444934,2,4
823889,145,0,0.231021,0,2
823889,146,0,0.263356,0,1
823890,145,0.082654,1.037612,3,6
823890,146,0,0.28549,2,1
823891,115,0.0306282,0.9525786633,2,7
823891,146,0,0.306955,1,3
823892,115,0,0.1779692,0,3
823892,146,0.051012,0.3200635,3,5
823893,115,0,0.0965012,0,2
823893,146,0.2275081455,0.4834821455,3,3
823900,113,0.370272,0.421284,2,3
823900,119,0.434359,1.111278372,1,7
823901,113,0.621185,1.339062,2,7
823901,119,0.4064064633,0.4064064633,4,3
823902,113,0.3503223178,0.4831167178,2,4
823902,119,0.160112,0.414905,3,5
823903,119,0.379729,0.8927020205,2,5
823903,120,0.08693,0.409932,3,2
823904,119,0,0.5176001816,1,3
823904,120,2.448665018,3.213246018,6,9
823905,119,1.038419,1.702775982,2,7
823905,120,0.279223,0.4110202,3,4
823906,119,0,0.6950433,0,6
823906,138,0,0.394144,0,5
823907,119,0.33572,0.8137,3,3
823907,138,0,0.908066,2,5
823908,119,0.255974,0.4057714,2,3
823908,138,0,0.051012,1,1
823909,119,0,0.271046,2,3
823909,134,0.051012,0.531189,2,4
823910,119,0.025654,0.7524227675,3,6
823910,134,0.163919,0.5021060807,2,5
823911,119,1.031411,2.467603,7,12
823911,134,0.221662,1.596137093,4,9
823912,119,0.052455,0.197053,1,2
823912,158,0,0.4986243,2,4
823913,119,0.2796929066,1.032815907,2,6
823913,158,0,0.249185,1,3
823914,119,0.1726796,0.4517058,2,7
823914,158,0.124437,0.5677472,2,4
823915,119,0.884813,2.082991,4,8
823915,158,0.317179,0.317179,4,2
823916,118,0.143839,1.108155,2,4
823916,119,0,0.5924702,2,6
823917,118,0.185951,0.310762,3,4
823917,119,0.2300431455,0.3970851455,4,4
823918,118,0.453815,0.8198622,2,5
823918,119,0,1.462613,2,5
823919,111,0.367606,0.9056493,3,10
823919,119,0.065873,1.719606,2,9
823920,111,0.2417626,0.7966416,4,9
823920,119,0,0.0790926,0,2
823921,119,1.13237,1.855184,3,7
823921,136,0.0306282,0.3810122,3,4
823922,111,0,0.518384,0,2
823922,119,0.517516,0.938987,2,3
823923,119,0,0.4873464,1,6
823923,136,0.025654,0.126823,2,2
823924,119,0,0.522228,1,3
823924,136,0.234525,0.544625,2,4
823925,109,0.273809,0.466199,3,4
823925,119,0,0.4598742,0,4
823926,109,0,0.7757331455,1,7
823926,119,0.086187,0.281595,1,3
823927,109,0.5432634633,1.058687463,3,6
823927,119,0,0.591868,1,5
823928,115,0.0484644,0.4059824,2,4
823928,119,0,0.167042,2,2
823929,115,0.441837,1.373528435,5,11
823929,119,0.08433,0.435554,1,4
823930,115,0.9477252,1.2254042,4,6
823930,119,0.101169,0.839954,3,5
823931,119,0.142063,0.6832994,3,6
823931,135,0.143839,1.160875,3,11
823932,119,0,0.2110706822,1,3
823932,135,0,0.3365984,2,4
823933,119,0,0.3280683,1,3
823933,135,0.0529243,0.3048813,2,3
823934,110,0,0.659143,2,3
823934,119,0,0.1976702,1,3
823935,119,0,0.7048202,1,6
823935,135,0.133081,0.663895,2,4
823936,110,0,0.493347,2,5
823936,119,0.194479,0.743439,2,5
823937,110,0.817444,1.521707,5,10
823937,119,0.124437,0.3474422,2,4
823938,119,0.3141332,0.7748842,3,6
823938,139,0,0.434359,2,1
823939,119,0.262846,0.8042223,2,7
823939,139,0.153624,0.623953,2,5
823940,119,0.787743,1.339767,4,6
823940,139,0,0.243232,2,2
823941,108,1.975034,2.6848702,4,11
823941,119,0.520625,1.059529,2,6
823942,108,0.32338,0.3796622,2,3
823942,119,0.074217,0.5468932,2,7
823943,108,0.298932,0.525325,4,4
823943,119,0.0529243,0.0529243,2,1
823944,119,0.522915,1.039396859,3,8
823944,143,1.438605,2.618521,7,13
823945,119,0,0.4734612782,2,4
823945,143,0.516401,1.4614002,2,6
823946,119,0.08433,0.455093,2,5
823946,143,0,0.9295807,1,5
823947,115,0,0.288134,2,3
823947,119,0.065873,0.3770170807,2,4
823948,115,0,1.750236,2,8
823948,119,0.19239,0.488038,1,3
823949,115,0.255974,0.6349972,2,4
823949,119,0,0.5495178,1,6
823950,119,0.08433,1.014472088,2,10
823950,137,0.584783,0.878425,2,4
823951,119,0.161677,1.5326012,2,7
823951,137,0.1581482,0.4848824,3,6
823952,119,0.097152,0.343159,1,3
823952,137,0,0.269829,0,3
823953,119,0.4344747675,1.641851767,4,9
823953,137,0.283988,0.678635,1,4
823954,119,0.2251072,0.5576785178,3,5
823954,144,0,0.387544,1,1
823955,119,0,0.256819,0,3
823955,144,0.32756,0.5357223,2,4
823956,119,0.2799241455,1.427832567,3,7
823956,146,0.064407,0.8143739895,2,3
823957,119,0.052455,0.336249,1,3
823957,144,0.535692,0.872924,2,4
823958,119,0.065873,0.372148,3,3
823958,146,0.344027,0.5893413,3,4
823959,112,0,0.5023170205,1,4
823959,119,0,2.007264671,1,8
823960,112,0.1191452,0.8469258594,3,6
823960,119,0,0.21341,2,3
823961,119,0,0.22988,2,1
823961,146,0.1343259816,0.2354949816,2,3
823962,112,0.265424,0.680638,1,4
823962,119,0.52614,0.728478,1,3
823963,119,0,0,2,0
823963,121,0.30374,0.514211,3,4
823964,119,0.273657,0.459156,3,4
823964,121,0.210946,0.525497,2,3
823965,119,0,0.506359,1,4
823965,121,0.08433,0.3028561455,2,3
823966,119,0,0.6810832,2,6
823966,140,0.826863,1.378107,5,6
823967,119,0,0.39351,0,2
823967,140,0.100663,0.613909,3,5
823968,119,0.4751723,0.4751723,3,3
823968,140,0.144598,0.928488,1,5
823969,114,0,0.6037182,2,6
823969,119,0.3143912,0.8521532,3,7
823970,114,0,1.2892542,0,6
823970,119,0,0.101169,1,1
823971,109,0.143839,0.998126,1,8
823971,119,0.234525,1.2248,3,6
823972,114,0.142063,0.9563224,2,6
823972,119,0.35539,0.718282,2,6
823973,109,0.155238,0.586816,1,5
823973,119,0,0.277897,2,3
823974,109,0.121092,0.6763217633,1,5
823974,119,0,0.779226,0,7
823982,108,0.193075,0.9570132,2,6
823982,147,0,0.22755,0,2
823983,108,0,0.5134972,0,3
823983,147,0,0.3752337,1,5
823984,108,0.4850800286,1.427638474,3,9
823984,147,0,0.542061,2,3
823985,108,0,0.4315,2,2
823985,143,0,0.8677376033,2,7
823986,108,0.065873,0.363261,3,4
823986,143,0,0.539727,0,2
823987,108,0.040481,0.357993,3,4
823987,143,0,0,2,0
823988,108,0,0.6282872,1,5
823988,114,0,0.920854,2,4
823989,108,0,0.9320262,1,8
823989,114,0.9653593967,1.515411417,5,10
823990,108,0,0.470064,2,4
823990,118,0,0.276819,1,2
823991,108,0,0.7146922,0,7
823991,118,0,0.088517,0,1
823992,108,0.08544514554,0.3679061455,1,5
823992,114,0,0.264842,2,2
823993,108,0.143839,0.470783,3,4
823993,118,0,0.064407,2,1
823994,108,1.273021,1.662248,7,9
823994,140,0,0.347069,1,1
823995,108,0.758411,1.303907463,1,6
823995,140,0,0.252448,1,3
823996,108,0,0.12752,2,1
823996,158,0,0.4909717,2,5
823997,108,0,0.2969744,0,4
823997,140,0.517516,1.006311,1,5
823998,108,0.08544514554,0.3668562262,2,5
823998,140,0.255974,0.7949415067,1,5
823999,108,0.155238,0.695591,1,3
823999,158,0.025654,1.461099,3,8
824000,108,0,1.1018732,1,7
824000,158,0,0.4450452,2,4
824001,108,0.722809,1.174213,5,9
824001,117,0,0.473426,1,2
824002,108,0.08433,0.16866,1,2
824002,117,0.196752,0.658869,3,6
824003,108,0,0.957986,2,8
824003,117,0.28839,0.389559,1,2
824004,108,0.0306282,0.2134374,2,4
824004,138,0.066069,0.40768,2,5
824005,108,0,1.015363,2,3
824005,138,0,0.282769,2,2
824006,108,0.7182306707,1.048996871,5,7
824006,138,0.025654,0.2818882,3,4
824007,108,0.910175,1.704945,5,11
824007,116,0,0.59637,0,2
824008,108,0.2522262,2.0204034,3,13
824008,116,0.0306282,0.8018732,3,5
824009,108,0,0.429941,2,5
824009,116,0.0484644,0.2003958,1,4
824010,108,0,0.2665,2,2
824010,111,0,0.453815,0,1
824011,108,0,0.223953,0,2
824011,133,0.142063,0.8296802,2,5
824012,108,0,0.286114,1,2
824012,111,0.510052,0.8583193,3,6
824013,108,0.357143,0.5916530807,3,5
824013,111,0,0.268211,1,3
824014,108,0.124437,0.381955,2,3
824014,133,0.2010720934,0.6485760697,1,4
824015,108,0.142063,1.018095,1,6
824015,133,1.258619,1.2892472,2,3
824016,108,0.28839,0.9930813,2,6
824016,110,0,0.911169,2,6
824017,108,0.0715106,0.3533566,2,4
824017,110,0,0.3160356,2,2
824018,108,0.940548,1.006421,4,4
824018,110,0.417957,1.0129134,2,9
824019,108,0.368318,0.450972,2,3
824019,139,0,0.357143,0,2
824020,108,0.1726796,3.788092444,2,24
824020,139,0.283303,2.1423142,2,16
824021,108,0.33572,1.316673,3,9
824021,139,0.3055370286,1.240758429,2,7
824022,108,0.172488,0.7156574,1,6
824022,117,0.236706,0.9298632,3,8
824023,108,0.10512,0.8294468278,2,8
824023,117,0,1.8221862,1,4
824024,108,0.6028562,1.1602962,3,8
824024,115,0.33572,0.8212107,3,7
824025,108,0,0.4176877,2,6
824025,117,0,0.372365,1,3
824026,108,0,0.445201,1,2
824026,115,0.1815454,0.5196676,3,7
824027,108,0.101169,0.706006,2,6
824027,115,0.342917,0.342917,4,2
824028,108,0,0.159033,0,2
824028,140,0.347069,0.7711555455,1,7
824029,108,0.32151,0.5010944,3,6
824029,140,0,0.7567392959,1,5
824030,108,0.101333,0.949714,2,6
824030,140,0.069961,0.7140006707,1,5
824031,108,0.052455,0.421652,4,4
824031,133,0,0.4265552,0,4
824032,108,0,0.389264,2,3
824032,133,0.0306282,0.7456082,3,5
824033,108,0,0.9000877675,2,7
824033,133,0,0.214549,1,2
824034,108,0.650501,1.004752,3,4
824034,119,0,0.1248672,0,2
824035,108,0.220944,0.6646762,2,5
824035,133,0,0.108308,1,2
824036,108,0.353009,1.537936,2,7
824036,145,0.758411,1.081645,2,2
824037,108,0.121092,0.886748,3,4
824037,119,0,0.1976702,1,3
824038,108,0,0.818211,2,5
824038,119,0,0.5994231455,1,6
824039,108,0.263356,0.826603,3,5
824039,145,0,0.423818,2,2
824040,108,0.2067540286,0.2726270286,3,3
824040,145,0,0,0,0
824041,108,0,0.273399,2,2
824041,121,0,0.1550652,1,2
824042,108,0,0.2321259816,1,2
824042,121,0.03499268222,0.4785547756,2,3
824043,108,0,0,1,0
824043,121,0,0.7196614,2,4
824044,108,0.1277802,1.972229859,3,12
824044,141,0.265424,0.432466,3,3
824045,108,0.113186,0.737311,1,7
824045,141,0.17274,0.506668,1,2
824046,108,0.165576,0.2606112,3,4
824046,141,0.339465,1.354794081,4,10
824047,108,0,0.5517643,0,3
824047,135,0.223656,1.489956,3,7
824048,108,0.622318,1.3340792,3,8
824048,135,0.973092,1.65107,4,8
824049,108,0.36167,0.984144,2,6
824049,135,0,0.327562,0,3
824050,108,1.84433,2.291637,2,5
824050,144,0,0.972174,2,8
824051,108,0,1.340919,1,6
824051,144,0.228918,0.515735,3,3
824052,108,0,0.2707152,1,3
824052,144,0.066069,0.8229372,2,7
824053,108,0.407265,0.7271057811,3,5
824053,136,0.7195840807,0.9119350807,6,7
824054,108,0.9565043178,1.551925318,4,10
824054,136,0,0.527413,1,5
824056,108,0.231721,0.4414082,4,5
824056,136,0,0.101169,3,1
824062,109,0.1013887,0.439831,3,6
824062,118,0.306986,0.580791,4,5
824063,109,0.507132,1.7890022,1,11
824063,118,0,0.309423,1,3
824064,109,0,0.1802104,1,3
824064,118,0.175449,0.540022,3,5
824065,118,0.051012,0.8028486033,2,6
824065,141,0.491817,1.57332,4,8
824066,118,0,0.0306282,1,1
824066,141,0,0.55328,2,5
824067,118,0.1815454,0.4973157,2,5
824067,141,0.135109,0.356053,2,3
824068,118,0.2235,0.518522,2,4
824068,146,0,0.264738,2,3
824069,118,0.294791,0.4265882,4,4
824069,146,0.333928,1.296213,2,5
824070,118,0.161677,0.3539822,1,3
824070,146,0.2651532,0.7154064,2,6
824071,116,0.084782,0.868777,3,3
824071,118,0.265424,0.4928042,2,3
824072,116,0,0.4170112,1,3
824072,118,0,0.189008,1,3
824073,116,0.065873,0.337168,1,4
824073,118,0.144598,0.992334,1,8
824074,118,0,0.1533314633,2,3
824074,133,0.3425729816,1.284721282,3,10
824075,118,1.166499,1.26637,3,5
824075,133,0,0.364779,2,3
824076,118,0,0.750035,1,4
824076,133,0.188391,0.3279730934,1,2
824077,118,0,0.648875,2,4
824077,133,0.228918,0.712556,2,5
824078,112,0.082654,1.111062,1,8
824078,118,0,0.788908,1,5
824079,112,0.161677,0.623696,2,4
824079,118,0.082654,0.537506,2,6
824080,118,0.171498,0.409859,3,3
824080,142,0.3423512,0.5307422,5,5
824081,112,0.276501,0.7419571455,2,7
824081,118,0.969245,1.7295643,3,8
824082,118,0.1697751455,0.3841751455,2,5
824082,142,0.101169,0.4281954,3,5
824083,118,0.064407,0.555098,3,5
824083,137,0.1773313967,0.3437535967,1,4
824084,118,0.205441,0.34928,3,2
824084,142,0.142063,0.8494081063,2,6
824085,118,0.706648,1.009768,3,3
824085,137,0.18432,0.18432,2,2
824086,118,0,0.473501,1,5
824086,135,0,0.762351,2,5
824087,118,0.245767,0.878117,4,7
824087,137,0.335721,0.4485924,4,5
824088,118,0.1149582,0.3172962,2,4
824088,135,0,0.427839,1,3
824089,118,0,0.432475,2,3
824089,143,0.451841,0.791353,3,6
824090,118,0.069961,0.2676312,2,4
824090,135,0.0715106,1.9549466,3,6
824091,118,0.416238,0.8838746594,3,7
824091,143,0.224046,0.8158132,2,7
824092,118,0,0.198954,0,2
824092,143,0.6042023967,0.9164813967,3,4
824093,118,0,0.101169,0,1
824093,139,0,0.831809,0,4
824094,118,0,0.601457,0,3
824094,139,0,0.3495442,0,3
824095,118,0,1.256657018,2,5
824095,138,0,0.109984,2,2
824096,118,0.2398182,1.1368142,3,8
824096,139,0.300123,0.72475,5,7
824097,118,0,0.776708,2,3
824097,138,0.065873,0.63504,2,5
824098,118,0.602455,1.837724,5,9
824098,138,0.555083,1.232223,2,7
824099,117,0,0.568872,1,3
824099,118,0.065873,0.514189,1,4
824100,117,0.1488083,0.2926473,4,4
824100,118,0,0.10491,2,2
824101,118,0,0.106354,0,2
824101,140,1.2997,1.562546,5,6
824102,117,0.389107,1.201930803,3,10
824102,118,0.4024386,0.9432180807,5,12
824103,118,0.758411,2.139918671,3,5
824103,140,0.101169,0.3818443,4,4
824104,118,0.234525,0.404777,2,3
824104,147,0.08433,1.298605,1,5
824105,118,0.163,0.664041,2,5
824105,140,0,0.531083,1,2
824106,118,0.1798626033,0.4158920184,1,4
824106,147,0,0.2971466,1,5
824107,118,0.333928,0.676609,1,4
824107,147,0,0.08433,0,1
824108,118,0,0.9630074357,2,8
824108,136,0,0.372603,1,3
824109,118,0.107284,0.4046434781,2,4
824109,136,0.34429,0.8736544,3,8
824110,118,0,0.437711,1,3
824110,136,0,0.150203,0,2
824111,111,0.052455,0.4749,2,3
824111,118,0,0.150655,0,2
824112,111,0,0,1,0
824112,118,0.2866022,0.6816366,3,7
824113,116,0.2267260934,0.6457490934,3,6
824113,118,0.121092,1.054335093,3,7
824114,111,0,0.53891,1,2
824114,118,0.13028,0.948488,3,8
824115,116,0.094239,0.1248672,2,2
824115,118,0.08544514554,0.5345261455,3,5
824116,116,0,0.8643242,1,5
824116,118,1.038419,2.215563,3,10
824117,114,0,0.9204463,2,7
824117,118,0,1.0194325,2,6
824118,114,0.5744891455,0.7972681455,5,7
824118,118,0.101169,0.687576,3,5
824119,114,0.193589,0.640561,3,6
824119,118,0.0965012,0.3806272,2,4
824120,114,0,0.1740163,1,2
824120,118,0.234525,0.733531,2,7
824121,108,0,1.908707,2,8
824121,118,0.33572,1.308828029,3,6
824122,108,0,0.313482,2,2
824122,118,0.333928,1.421808415,2,7
824123,110,0,0.3705805,2,4
824123,118,0.0529243,0.3105413,2,3
824124,108,0.458571,0.509583,3,3
824124,118,0.101169,0.6713018805,3,4
824125,110,0,1.5203322,3,9
824125,118,0.108308,1.210611603,4,7
824126,118,0.069961,0.82325,1,4
824126,145,0,0.451725,1,4
824127,110,0.052455,0.559049,3,4
824127,118,0.32879,0.5843854219,3,6
824128,118,0.389559,0.389559,2,2
824128,145,0,0,1,0
824129,118,0.064407,0.1865622,1,4
824129,145,0,0.533684,2,4
824130,118,0.255974,0.357143,1,2
824130,145,0.488713,1.084749,4,4
824131,118,0,1.2851402,2,7
824131,158,0,0.782563,2,5
824132,118,0.638367,1.172118029,4,8
824132,158,0.051012,0.271023,1,3
824133,118,0,0.227769,0,1
824133,142,0.274119,0.5762572,4,6
824134,118,0.143839,0.463324,3,6
824134,158,0.0562822,0.8308233063,3,8
824135,118,0.143839,0.169493,2,2
824135,142,0.259731,0.421408,2,2
824136,118,0.622318,1.510603,2,5
824136,142,2.410399223,2.979467223,9,11
824142,109,0.892598,1.469533,4,9
824142,117,0,0.3022573,2,4
824144,117,0.1686626,0.6137055,3,8
824144,145,0.161677,0.297315,1,4
824145,109,0.570913,1.23356,3,6
824145,117,0.097152,0.612484,2,6
824146,109,0.121092,0.459632,2,4
824146,117,0,0.19031,2,2
824147,117,0.025654,0.352907,3,4
824147,145,0.330087,0.5980862,3,5
824148,117,0.0830832,1.0715682,4,9
824148,145,0,1.216787,2,6
824149,117,0.245008,0.346177,3,3
824149,145,0.401022,0.823012,4,5
824150,117,0.298439,0.4501592,4,4
824150,133,0.433711,1.838134,3,7
824151,117,0.064407,0.386009,3,5
824151,133,0.989976,1.500426,4,6
824152,117,0.216893,0.591907,2,4
824152,133,0.736708,1.2413782,2,5
824153,108,0.51357,0.921765,2,5
824153,117,0.1021388,0.6741664594,3,6
824154,108,0,0.487047,2,5
824154,117,0.7073040822,0.9670350822,6,6
824155,108,0.215735,1.074675,3,7
824155,117,0.398037,0.751721,3,6
824156,117,0,0.12752,2,1
824156,136,0.323234,1.444748,3,6
824157,117,0.500232,1.2562064,3,5
824157,136,0,0.590609,0,5
824158,117,0.142063,0.942934,1,7
824158,141,0.142063,0.6248612,2,7
824159,117,0.052455,0.519635,3,5
824159,136,0.246629,0.5137682,2,5
824160,117,0.0965012,0.7466503455,2,7
824160,141,0.594929,0.6255572,5,5
824161,117,0,0.0529243,1,1
824161,141,0,0.0950352,2,2
824162,117,0.2570572214,0.4008714214,1,3
824162,140,0.0484644,0.7578734,1,4
824163,117,0.196752,0.2950733178,1,2
824163,140,0,1.899723463,2,8
824164,117,0.30374,0.30374,2,2
824164,140,0.512436,1.2416632,4,10
824165,117,0.167238,0.832393,4,7
824165,146,0.2230182,0.5732496,2,6
824166,117,0.3843551463,0.5935451463,3,4
824166,146,0,0.4244363,2,4
824167,117,0.672197,1.278706,3,7
824167,146,0,0.856024,2,6
824168,110,0,0.457364,0,4
824168,117,0.3984517742,0.7170227742,5,6
824169,110,0.1936282,0.6188205,3,7
824169,117,0.2831539816,0.851891075,4,7
824170,110,0,0.6627304,2,6
824170,117,0,0.781182,2,6
824171,117,0.08433,0.7014712,3,4
824171,139,0.356435,0.8579800807,3,7
824172,117,0.1726912,0.4702852,3,5
824172,139,0.4218854,0.6474914,3,5
824173,117,0.380411,0.380411,2,2
824173,139,0.7532542,0.9202962,4,5
824174,117,0.064407,0.807789,3,6
824174,142,0.547362,0.762817,5,5
824175,117,2.050745,2.173581,6,7
824175,142,0.194479,0.9835182,2,3
824176,117,0.161677,1.4326196,1,7
824176,142,0,0,0,0
824177,114,0.12752,0.5154212,1,5
824177,117,0.639241,0.7178193,3,5
824178,116,0,0.08433,0,1
824178,117,1.066539,1.354393146,5,6
824179,114,0.088517,0.23058,2,2
824179,117,0.348499,0.6360892,5,7
824180,114,0,0,1,0
824180,117,0.248911,0.5366941455,1,4
824181,116,0.0306282,0.6881746,2,7
824181,117,0,0.24733,2,2
824182,116,0.494751,0.924462,2,5
824182,117,0,1.3746172,2,8
824183,117,0,0.490453,2,4
824183,133,0.228918,0.587874,1,3
824184,117,0.278809,0.977451,2,7
824184,133,0.373852,1.1851696,3,8
824185,117,0,0.2228287455,1,3
824185,134,0,0.3480604,0,4
824186,117,0.293325,0.558714,3,6
824186,133,0,0.9200533811,1,7
824187,117,0.1949873,0.7866295,3,8
824187,158,0.244331,0.310204,2,3
824188,117,0.347069,1.114235,3,5
824188,134,0,0.09631046331,2,2
824189,117,0,0.3836504,2,4
824189,134,0.4828234,0.9910314,4,4
824190,117,0.040481,0.115533,1,2
824190,158,0.081468,0.8049478,3,9
824191,117,0,0.7484850682,2,7
824191,158,0.255974,1.2161362,2,6
824192,117,0.124437,0.654755,1,6
824192,140,0.1977357093,0.4659467093,4,7
824193,117,0,0.025654,2,1
824193,140,0,0.143839,0,1
824194,117,0.051012,0.663961,2,5
824194,140,0.4586962,0.9877892,5,8
824195,117,0.353771,0.551259,2,3
824195,136,0.585449,1.439916843,4,7
824196,117,0.946668,1.638804,6,7
824196,136,0.382478,1.02216,4,8
824197,117,0,0.439709,2,4
824197,136,0.7312706707,1.082716697,4,6
824198,117,0,0.347501,2,3
824198,119,0,0.052455,1,1
824199,117,0,0.280903,0,3
824199,136,0,0.183823,1,2
824200,117,0,0.438595,0,3
824200,119,0.284881,0.528026,2,4
824201,117,0.477829,0.477829,3,2
824201,119,0,0.2269906682,0,3
824202,117,0.2792202123,0.4063496123,2,4
824202,147,0.142063,0.818268,2,6
824203,117,0.401593,1.8471752,4,11
824203,147,0.161677,1.0891402,3,9
824204,117,0.300275039,0.366148039,2,2
824204,147,0.358245,0.9530679969,5,5
824205,117,0.228928,1.400573093,3,9
824205,138,0,0.9205342,1,6
824206,117,0,0.381917,1,3
824206,138,0.259731,1.0217572,1,6
824207,117,0,0.499206,1,3
824207,138,0.101169,0.327562,1,3
824208,115,0.831029,1.051973,2,2
824208,117,0.1760094,0.8723504,5,9
824209,115,0.082654,0.210174,2,2
824209,117,1.358855397,2.119919378,3,8
824210,115,0.07023,0.669555,2,5
824210,117,0.172488,0.817111226,2,6
824211,111,0.346708,1.082422,1,6
824211,117,0.355422,0.4895172,2,5
824212,111,0,0.074217,1,1
824212,117,0.040481,0.471512,1,5
824213,108,0.104617,1.25179,2,7
824213,117,0,1.491910146,2,7
824214,111,0,0,1,0
824214,117,0.142063,0.607749,2,4
824215,108,0.405688,1.624117146,3,8
824215,117,0,0.2275081455,1,2
824216,108,0.065873,1.035684,2,7
824216,117,0,0.234525,2,1
824218,108,0.069961,0.896968,2,6
824218,117,0,0.3470072,1,5
824226,116,0.2792202123,0.2792202123,2,1
824226,142,0.178138,0.41003,3,4
824228,116,0,0.177516,1,2
824228,142,0.482869,0.7923062,4,5
824229,116,0.051012,0.5715252,1,8
824229,142,0.53826,0.53826,4,3
824230,116,0.161677,0.5823657675,3,5
824230,119,0.17274,0.3957582,2,3
824231,116,0,0.1414413,2,2
824231,119,0,0.371008,0,3
824232,116,0.2605082,0.9776272,3,6
824232,119,0.45103,0.980421,3,8
824233,116,0,0.074217,1,1
824233,139,0.08544514554,0.5573191455,3,3
824234,116,0.065873,0.4482647,2,7
824234,139,0.4150574,0.7690664,4,7
824235,116,0,0.257596,2,3
824235,139,0,0.374366,1,3
824236,116,0.259731,1.0898922,2,9
824236,145,0.194518,0.9365536033,4,7
824237,116,0.622318,1.4529893,2,7
824237,145,0.821608,1.189411,4,5
824238,114,0.113186,0.179059,1,2
824238,116,0,0.667607,2,7
824239,116,0,0.6836420634,2,5
824239,145,0.126504,0.6175141463,1,5
824240,114,0.0529243,0.6268393,1,5
824240,116,1.631909,1.839845,4,6
824241,114,0.5699,1.142575,4,7
824241,116,0.170993,1.289770122,4,11
824242,110,0.388559,0.739658,3,5
824242,116,0.221155,0.967117,3,4
824243,110,0.1994903178,0.3978113178,3,4
824243,116,0.142063,0.57191,1,4
824244,116,0,0.065873,0,1
824244,118,0,0.1637092,1,2
824245,110,0.596036,1.075264,2,6
824245,116,0,0.052455,1,1
824246,116,0.22988,0.270361,2,2
824246,118,0.28839,0.5924654,2,6
824247,116,0.183987,0.7440012,4,7
824247,118,0.082654,0.808255,2,6
824248,116,0.142063,0.7989793,1,6
824248,118,0.194479,0.875627,2,5
824249,116,0.124437,0.485997,2,5
824249,143,0.220944,0.526458,1,3
824250,116,0,0.149607,1,2
824250,143,0,0,1,0
824251,116,0,0.341828,0,4
824251,133,0.283988,0.428292,2,2
824252,116,0.3044384,0.6871936,3,6
824252,143,0.133081,0.133081,3,1
824253,116,0.2509526707,0.3753896707,2,2
824253,133,0.336542,0.690567,4,4
824254,116,0.197053,0.394569,3,4
824254,133,0.807116,0.96,4,5
824255,116,0.169527,0.35335,2,4
824255,117,0.1373836,1.1378,3,10
824256,116,0.303396,1.182392,2,9
824256,117,0.240895,0.772057,4,4
824257,116,0,0.285926,2,2
824257,117,0,0.454943,1,2
824258,116,0.265088,0.9931948594,4,7
824258,117,0,0.359582,1,2
824259,116,0,0.8365347,2,5
824259,147,0,0.955283,0,4
824260,116,0.08433,0.4379861455,2,5
824260,145,0,0.4983815,2,6
824261,116,0.306986,1.095769422,2,8
824261,147,0.322671,0.7385112,4,7
824262,116,0.295648,0.46269,3,4
824262,147,0.066069,0.231645,1,3
824263,116,0.1800630934,0.5913690934,3,7
824263,145,0.6548870934,0.6548870934,3,2
824264,116,0,0.1976702,0,3
824264,145,0.0306282,0.6453098,3,7
824265,116,0.094239,0.2671404,1,3
824265,142,0,0,2,0
824266,116,0,0.7755013178,1,4
824266,142,0.333928,1.151107146,3,6
824267,116,0.434359,1.068627,1,6
824267,142,0.9772201463,0.9772201463,5,4
824268,116,0.391932,0.853765,6,8
824268,136,0.08433,1.177046,3,8
824269,116,0,0.7057023,2,6
824269,136,0,0.8861386,1,5
824270,108,0.101169,0.4526382,2,6
824270,116,0.782732,0.782732,3,3
824271,116,0,0.124437,0,1
824271,136,0,0.661055,2,4
824272,108,0.596531,0.9660612,3,7
824272,116,0.124437,0.534614,2,5
824273,114,0.101169,0.8167294,3,6
824273,116,0,0.5281933,2,6
824274,114,0.6494164,1.0192694,7,8
824274,116,0,0.144598,0,1
824275,108,0,0.982100039,2,6
824275,116,0,1.490624,1,5
824276,114,0,0.3261434,1,3
824276,116,0.142063,0.410163,3,3
824277,114,0,0.2957694219,1,3
824277,116,0.159739,1.042226,3,7
824278,116,0.459857,0.7938114,2,4
824278,141,0.064407,0.2770174633,2,4
824279,116,0.107284,0.387791,3,5
824279,141,0.272466,1.005890478,3,7
824280,116,0.124437,0.208767,2,2
824280,141,0,0,1,0
824281,111,0,0.8559573178,0,8
824281,116,0.2507932,0.5741472,3,4
824282,111,0,0.702762,1,5
824282,116,0.5238522707,0.6250212707,3,4
824283,111,0.228918,1.486713,2,8
824283,116,0,0.3158902,1,4
824284,116,0.082654,0.332597,1,4
824284,140,0,0.636855,0,4
824285,116,0,0.430107,1,3
824285,140,0,0.025654,1,1
824286,116,0,0.3001131455,0,4
824286,158,0,0.694548,1,5
824287,116,0.133081,0.60697,1,4
824287,140,0.30398,0.654924,2,4
824288,116,0,0.3397332,0,4
824288,158,0.165576,0.839397,3,7
824289,116,0.777196,1.565181,2,7
824289,118,0.101169,1.2636274,2,8
824290,116,0,0.9989320668,0,6
824290,158,0,0.4599563,2,5
824291,116,0,0.365423,2,3
824291,118,0.319555,0.6904177781,2,6
824292,116,0.5253117742,1.062231774,2,6
824292,118,0.333928,1.083458446,1,9
824293,116,0.389559,0.7778092,2,6
824293,146,0.349974,0.8375061455,4,8
824294,116,0,1.195537,1,5
824294,146,0.221662,0.695107,1,5
824295,116,0.310248,0.8217762,2,8
824295,138,0.6762186,1.300100982,2,9
824296,116,0.32589,0.708807,5,7
824296,138,0.142063,0.3044372,2,4
824297,116,0.142063,0.2774378,1,5
824297,146,0.294758,0.402042,4,3
824299,116,0,0.2327166,0,4
824299,138,0,0.538319,1,4
824309,115,0.088517,0.4739302,3,4
824309,138,0.355617,0.456786,2,3
824310,115,0.583219,0.725282,4,4
824310,138,0,0.08433,1,1
824311,115,0.207465,0.418411,4,4
824311,138,0.124437,0.4014073,2,3
824312,110,0.455909,1.069340982,5,7
824312,115,0,0.629625,3,4
824313,110,0,0.101169,2,1
824313,115,1.237373,1.416612146,3,5
824314,110,1.372002146,1.675742146,4,6
824314,115,0.08433,0.340304,2,2
824315,114,0,0.389879,0,5
824315,115,0,1.099825,2,7
824316,114,0.260179,0.768134,2,6
824316,115,0,0.1122684,1,3
824317,114,0.0306282,0.2570574,2,4
824317,115,0,0.280424,1,3
824318,115,0.286114,0.9234171764,4,7
824318,119,0,0.0306282,1,1
824319,115,0,0.4851575653,1,2
824319,119,0,0.163221,0,2
824320,115,0.064407,0.23776,3,3
824320,119,0,0.194871,0,3
824321,115,0.30398,0.405149,3,2
824321,139,0.100663,0.488113,2,3
824322,115,0,0,1,0
824322,139,0.514429,1.133944621,4,9
824323,115,0.160308,0.4497309675,3,6
824323,118,0.681171,1.137608,3,5
824324,115,0.0715106,0.1373836,3,2
824324,139,0,0.1317972,1,2
824325,115,0.1039363,0.3400055,2,4
824325,118,0.294758,0.8754705455,2,9
824326,115,0.379893,0.732655,3,5
824326,118,0.412509039,1.588692436,2,8
824327,115,0.981455,1.746218,5,9
824327,120,0.874193,1.862036,6,9
824328,115,0.065873,0.525371,2,4
824328,120,0.052455,0.08309008068,1,2
824329,115,0.221155,0.4396811455,2,3
824329,120,0.158735,0.860857,2,6
824330,113,0.6726802,0.7738492,5,5
824330,115,0.39552,0.7641710205,5,5
824331,113,0.088517,0.5689863811,1,5
824331,115,0,0.2369172,2,3
824332,113,0.260352,0.344682,3,3
824332,115,0,0.192696,0,3
824333,115,0.662128,1.197091239,3,7
824333,137,0,0.5140064782,1,6
824334,115,0.347477,1.935343018,4,7
824334,137,0,0.1976702,2,3
824335,115,0,0.167042,1,2
824335,146,0,0.6156300213,2,5
824336,115,0.175262,0.2237264,3,3
824336,137,0.1158901063,0.9966471063,4,6
824337,115,0.0306282,0.1856934,2,3
824337,146,0,0.6163912,1,5
824338,115,0.285239,0.946883,4,7
824338,146,0.453815,0.587049,2,2
824339,115,0.563154,0.944301,5,8
824339,146,0,0.3285562,1,4
824340,111,0,0.567855,2,5
824340,115,1.008931018,1.243334018,3,4
824341,111,0.1317972,0.3966754,3,5
824341,115,0,1.4930702,2,9
824342,115,0,0.20777,0,1
824342,134,0,0.2512982,0,2
824343,115,0.600864,1.026609174,4,8
824343,134,0,0.5443020205,2,4
824344,111,0,0.392633,1,4
824344,115,0.20919,0.20919,3,2
824345,115,0,0.15439,1,2
824345,134,0.185499,0.185499,3,2
824346,112,0,0.08433,1,1
824346,115,0.554984,0.9490024781,4,6
824347,112,0.848352,1.133614,5,6
824347,115,0.082654,0.3184228,2,5
824348,112,0.143839,0.3187712,2,3
824348,115,0,0.340304,2,2
824349,115,0.676846,1.1476492,6,9
824349,158,0.387544,0.731945,3,4
824350,115,0.211246,0.488867,3,6
824350,158,0.441978,0.938592,2,6
824351,115,0.758411,1.817964,3,10
824351,158,0.456595,0.825917,4,7
824352,115,0,1.356463,0,5
824352,137,0.382958,0.566781,3,4
824353,115,0.101169,1.0402282,2,9
824353,137,0,0.08433,1,1
824354,115,0.210946,0.4792003455,2,5
824354,137,0,0.416006,2,3
824355,115,2.517265,3.393028,3,8
824355,140,0.6280899866,1.151642987,2,4
824356,115,0,0,0,0
824356,140,0.097152,0.520434,1,4
824357,115,0.760896,1.402916,5,7
824357,140,0.30499,0.9898640934,2,7
824358,109,0.107284,1.2126072,2,4
824358,115,0.126504,1.1974262,1,8
824359,109,0.228918,0.75461,3,5
824359,115,0,0.573205,2,5
824360,109,0,0.2853024,0,3
824360,115,0.763248,1.040560346,3,6
824361,115,0.2509526707,0.8078486707,2,6
824361,121,0.143839,0.245008,3,2
824362,115,0,1.152054859,2,7
824362,121,0,0.510779,2,4
824363,115,0,0.630361,2,6
824363,121,0.250941,0.8350172,3,10
824364,115,0.389897,1.053563,3,5
824364,144,2.493521,4.195254,3,10
824365,115,0.140972,0.34331,3,4
824365,144,0.051012,0.6820511063,1,4
824366,115,0.224046,0.4498717,3,4
824366,144,0,0.435997,1,4
824367,115,0.234525,0.483035,2,4
824367,135,0,0.205786,0,2
824368,115,0.2527182,0.7547052,4,8
824368,135,0.0306282,0.6313148,3,6
824369,115,0.6444213967,0.6444213967,3,2
824369,135,0,0.615094,1,4
824370,115,0.086187,1.426825146,3,6
824370,119,0.19239,1.1288003,2,7
824371,115,0.208767,1.0145082,4,6
824371,119,0.2674820205,0.9715136238,1,7
824372,115,0.94821,1.065095,4,5
824372,119,0.02221127824,0.3474262782,1,3
824373,115,0,0,2,0
824373,119,0,0.17113,0,2
824374,115,0.143839,1.248223,2,5
824374,117,0.0306282,0.6323244,2,6
824375,115,0.2883539,0.5767369,4,6
824375,117,0.040481,0.257069,3,4
824376,115,0,0.235258,2,2
824376,117,0.0306282,0.5133798,2,6
824377,115,0.065873,1.480704018,3,4
824377,143,0.0529243,0.5625329682,1,4
824378,115,0.434359,1.0331442,3,6
824378,143,0.108021,0.423545,2,4
824379,115,0.984287,1.2395232,3,7
824379,143,0.214355,0.488174,2,5
824385,114,0.222332,0.541545,3,5
824385,116,0.438545,1.083537,2,7
824387,114,0.2934742,1.213966422,4,10
824387,116,0.2188344781,0.6531934781,3,3
824388,114,0,1.075003409,0,11
824388,141,1.204239,2.430823397,6,11
824389,114,0,0.7474324,0,4
824389,116,0,0.1992882,2,3
824390,114,0.295648,1.009821293,3,7
824390,141,0.101169,0.187356,1,2
824391,114,0,0.3157703,1,3
824391,141,0,0.555173,1,3
824392,114,0.065873,0.675989,1,4
824392,118,0,0.2916420934,0,3
824393,114,0.894668,1.169529,5,5
824393,118,0,0.922441,1,4
824394,114,0.194479,1.041438,2,7
824394,137,0.226393,0.7684642,4,8
824395,114,0,0.4236032,2,5
824395,137,0,0.5818642,2,4
824396,114,0.444324,1.185606029,3,6
824396,118,0,0.084782,1,1
824397,114,0,0.184201,2,3
824397,135,0,0.126823,2,2
824398,114,0,0.2006454,0,3
824398,137,0.082654,1.015604,2,8
824399,114,0.1926712959,0.9471669917,4,6
824399,135,0.397911,0.5829292,4,6
824400,114,0,0.4753182,1,4
824400,135,0.39141,0.62566,3,4
824401,114,0,1.119650093,0,4
824401,121,0.4496641375,1.423254047,5,10
824402,114,0.3103228937,1.293871136,1,6
824402,121,0,2.653983,2,7
824403,114,0,0.202338,0,2
824403,121,0.832626,1.719479,4,9
824404,109,0.01365646331,0.1516584633,1,2
824404,114,0.040481,0.5450982,2,6
824405,109,0.622318,1.166178,2,4
824405,114,0.488007,0.562224,3,3
824406,114,0.9422881455,1.204408691,4,8
824406,142,0.50736,1.051175293,2,6
824407,109,0.3701661063,0.9679171063,3,9
824407,114,0.688387,0.75426,2,3
824408,114,0.084782,0.557867,2,6
824408,142,0,0.6997652,2,8
824409,114,0.281742,1.314369,3,7
824409,142,0,0.143839,2,1
824410,114,0.052455,0.517639,3,5
824410,142,0,0.556084,2,6
824411,114,0.266713,0.9565893,3,8
824411,134,0.396706,0.748235,3,6
824412,114,0,0.257896,1,2
824412,134,0.384156,1.1187726,4,9
824413,114,0,0.9011004,2,7
824413,145,1.042399,1.8859274,3,6
824414,114,0.133081,0.3848966594,2,4
824414,134,0.6722837675,0.8323113675,5,6
824415,114,0,0.6736612,1,5
824415,145,0.065873,0.5072852934,3,5
824416,114,0,0.1980978,1,3
824416,145,0,0.2904050205,1,2
824417,114,0.064407,0.165576,2,2
824417,145,0.277105,1.909635,4,9
824418,114,0,0.206333,1,3
824418,140,0.255974,0.942071,1,5
824419,114,0,0.3178216682,2,3
824419,140,0.34662,0.7109243286,3,5
824420,114,0.093794,0.263134,1,4
824420,140,0.130271,0.7089382,2,8
824421,114,0.80251,1.3461034,3,7
824421,136,0,0.4243572,1,5
824422,114,0,0.08433,2,1
824422,136,1.299089,2.994142,5,9
824423,114,0,0.894247,2,3
824423,136,0.332067,0.5839603,3,4
824424,114,0.76923,2.5468405,5,10
824424,116,0.6571633,1.6383951,3,8
824425,114,0,0.7541754,1,7
824425,116,0,0,1,0
824426,114,0,0.412756,2,3
824426,116,0.793816,1.400099,2,6
824427,114,0,1.542999081,2,7
824427,147,0.60051,2.212641,2,7
824428,114,0.333928,0.8041822959,2,3
824428,147,0.387046,0.963453,3,6
824429,114,0.142063,0.8459054,2,7
824429,147,0.5482384,0.8401834,6,6
824430,111,0.9384685232,1.277260523,6,7
824430,114,0,1.890353,2,3
824431,111,0.142063,1.354237,2,5
824431,114,0,0.9352254,2,7
824432,114,0,0.136785,2,2
824432,120,0,0.423016,1,3
824433,111,0.0484644,0.0994764,2,2
824433,114,0.348628,0.529197,3,4
824434,114,0.330959,0.533186,4,3
824434,120,0.830423,0.830423,4,4
824435,113,0,0.101169,1,1
824435,114,0.065873,1.147942,3,6
824436,113,0,0.530111,0,5
824436,114,0.293557,0.9539173,4,8
824437,114,0.064407,0.462444,1,3
824437,120,0,0,1,0
824438,108,0.1053793,0.6849313,3,7
824438,114,0,0.136785,2,2
824439,113,0.245491,1.013942,4,6
824439,114,0.065873,0.7016302782,3,8
824440,114,0,0.5947002,1,5
824440,142,1.536119,2.032489,3,4
824441,108,0,0.7914179885,2,6
824441,114,0.03063508068,0.137227544,3,4
824442,108,0.086187,0.654998,2,5
824442,114,0.142063,0.611847,1,3
824443,114,0.107284,1.116599,2,8
824443,142,0.409283,1.167939,2,5
824444,114,0,0.949116,2,4
824444,142,0.051012,0.667983,3,6
824445,114,0,1.8449248,0,14
824445,139,0.025654,2.883053456,1,32
824446,114,1.356818,2.0096812,5,10
824446,139,0.350043,0.7568672,4,7
824447,114,0,0.9891832,2,8
824447,139,0.065873,0.596664,1,5
824448,114,0.28839,0.806657,2,5
824448,117,0.052455,0.4343443,2,4
824449,114,0.548121,0.73362,3,4
824449,117,0.0711092,0.3376276,3,6
824450,114,0,0.5454730934,1,4
824450,117,0.339354,0.9039252,3,8
824451,110,0,0.5568142,1,7
824451,114,0,0.1277928,1,3
824452,110,0.46266,0.852902,4,6
824452,114,0.253595,0.8102212,3,7
824453,110,0,0.6220104,1,6
824453,114,0,0.4730603,1,4
824454,110,1.221695,2.21031,2,6
824454,114,0,0.260408,0,3
824455,114,0.3879272,3.253647293,3,14
824455,118,0,0.5748862,1,6
824456,114,0,0.1317972,1,2
824456,118,0.227769,0.359515,3,3
824457,114,0.389897,1.123857,2,6
824457,118,0.451138,1.212766,3,7
824458,112,0.142063,0.580306,2,5
824458,114,0,0.6208612,1,5
824459,112,0.1386726594,1.115212659,3,9
824459,114,0.500232,0.812106,3,5
824460,112,0.08544514554,0.6336847455,3,6
824460,114,0.515827,1.7286973,3,11
824468,113,0.888174,1.617498,3,7
824468,158,0.1317972,0.9503372,3,10
824469,113,0,1.191996081,2,8
824469,158,0,1.38466,2,4
824470,113,0,0.28839,1,1
824470,135,0.09023610627,0.6377932518,2,7
824471,113,0.4065539195,0.8209509195,2,7
824471,158,0.6445004,0.8726694,4,5
824472,113,0.198969,0.937726,1,7
824472,135,0,0,1,0
824473,113,0.2024149795,0.949990961,4,9
824473,135,0.277757,0.735735,4,4
824474,113,0.1637092,1.0648452,3,8
824474,138,0,0.7214099816,2,6
824475,113,0.142063,0.63623,1,6
824475,138,0,0.31858,0,3
824476,113,0.28549,0.9010673455,2,6
824476,138,0,0.620016,1,5
824477,113,0.234525,0.741739,3,6
824477,146,0.0306282,0.4750732,3,5
824478,113,0.573671,0.787803,4,5
824478,138,0.093794,0.1928239816,1,3
824479,113,0.133081,0.23425,1,2
824479,146,0.25126,0.317133,4,4
824480,113,0.3094372,0.5833139,4,6
824480,146,0.5262214,0.9888116911,6,8
824481,113,0,0.143839,0,1
824481,133,0.707099,0.997429,2,5
824482,113,0.194479,0.194479,2,1
824482,133,0.221662,0.5104684,3,5
824483,113,0.101169,0.618504,1,6
824483,134,0,1.276463,2,8
824484,113,0.133081,1.002074982,2,7
824484,133,0,0.3970572,0,5
824485,113,0.0529243,0.1372543,2,2
824485,134,0.661147,1.520218,4,8
824486,113,0.182544,1.500350029,3,10
824486,134,0.401593,0.799968,4,5
824487,113,0,0.512518,1,3
824487,114,0,1.148886496,2,7
824488,113,0,1.755325093,2,9
824488,134,0.224046,1.090256426,2,5
824489,113,0.5120932,0.8716594,4,7
824489,114,0,0.461318,1,4
824490,113,0.572228,1.176633081,4,7
824490,114,1.286102,1.53111,4,4
824491,112,0.0715106,0.6436849,1,6
824491,113,0.142063,0.687289,3,5
824492,112,0.052455,0.118328,2,2
824492,113,0.353355,0.705453,2,8
824493,112,0.229557,0.559254,4,6
824493,113,0.2426103,0.6965679,5,7
824494,113,0.116885,0.142539,2,3
824494,143,0,0.6631742,1,8
824495,113,1.586154,2.146438,8,9
824495,143,0.28839,0.594834,2,3
824496,113,0.161677,1.172332546,2,9
824496,143,0.051012,0.751429,2,4
824497,110,0.939391,1.005264,6,6
824497,113,0,0.2602104,1,4
824498,110,0.0306282,0.4927794286,2,6
824498,113,0.961294,1.2405592,5,9
824499,110,0.094239,1.307203,2,6
824499,113,1.341662397,1.533961819,1,2
824500,113,0.052455,0.528733,2,5
824500,158,0,0.07017870934,1,1
824501,113,0,0.343796,2,4
824501,158,0.064407,0.940574,3,8
824502,113,0.5162402934,0.7599482934,5,9
824502,158,0,0.6654172,2,5
824503,113,0,0.552836,0,4
824503,121,0,0.1787946,2,2
824504,113,0,0.9984122035,1,6
824504,121,0,1.368509,2,11
824505,113,0,1.348091,2,3
824505,121,0.27048,0.979219,3,2
824506,109,0,0.641266,2,6
824506,113,0.307875,2.017845,3,14
824507,109,0.3569043,0.8563133,2,7
824507,113,2.246115,2.3411502,4,6
824508,109,0.357143,0.4721012,2,5
824508,113,0.5294389816,1.001497182,3,8
824509,113,0,0.101169,1,1
824509,118,0,1.4135582,1,6
824510,113,0,0.6385722,2,5
824510,118,0.052455,0.523304,2,4
824511,113,0,0.4294127455,1,4
824511,118,0.195408,0.468581,4,4
824512,113,0.535044,1.328871,4,10
824512,144,0,0.5351716,1,5
824513,113,0,0.441221,1,4
824513,144,0,0.361724,1,4
824514,113,0,0.4847392,2,4
824514,138,0.025654,0.025654,2,1
824515,113,0,0.4005757675,0,4
824515,144,0,0.0562822,2,2
824516,113,0.367606,0.7015294,4,6
824516,138,0.263356,0.6968952,1,6
824517,113,0.5271163,1.2244449,4,9
824517,120,0.403885,0.609671,2,4
824518,113,0.150424,0.233078,2,2
824518,138,0,0.48015,1,2
824519,113,0.684418,0.684418,5,4
824519,120,0.2674820205,1.877670021,2,9
824520,113,0,0.422306,1,6
824520,117,0,0.9096814213,1,3
824521,113,0.4247545206,2.082535521,3,8
824521,120,0.172428,1.288126493,3,9
824522,113,0.1483420205,0.3379320205,3,2
824522,117,0.785318,0.9713233,3,4
824523,113,0.161677,0.420389,2,4
824523,117,0.198969,0.3626782,2,3
824524,113,0.0715106,0.3982856,2,4
824524,115,0.08544514554,0.3517391455,2,3
824525,113,0,0.51752,1,4
824525,115,0,0.1443735696,1,3
824526,113,0.477783,0.7295986594,2,5
824526,115,0,0.3078002,0,4
824527,113,0.20226,0.645781,4,6
824527,116,0.097152,0.5027582,2,6
824528,113,0,0.8261461816,0,6
824528,116,0.442722,0.857896,4,5
824529,113,0.224046,1.587183,3,8
824529,116,0.025654,0.9957602,1,7
824530,113,0.126504,0.610237,1,6
824530,137,0.193075,0.193075,3,2
824531,113,0.255974,0.943681,1,5
824531,137,0,0.065873,0,1
824532,113,0.063138,0.5723472,1,6
824532,137,0.135109,0.199516,3,3
824533,108,0,1.516197615,1,8
824533,113,0.08433,0.925589,1,7
824534,108,0,0.6749451742,2,3
824534,113,0,0.2679002,0,4
824535,108,0,0.9566672214,1,6
824535,113,0.378478,0.909932,2,6
824536,113,0.0715106,0.8178396,2,7
824536,134,0.312279,0.7299782,3,6
824537,113,0,1.725068,2,7
824537,134,0,1.055266,1,8
824538,111,0.052455,0.207041,2,3
824538,113,0.101333,0.703566,2,6
824539,113,0.124437,0.418999,1,4
824539,134,0.216893,1.476952,1,6
824540,111,0.210946,2.3869972,3,13
824540,113,1.797776,3.122773346,5,13
824541,111,0.580319,1.434267,3,8
824541,113,0.142063,0.776313,1,8
824549,134,0.155238,0.6618456,3,4
824549,145,0,0.7108822934,2,7
824551,134,0.453815,0.9224133,2,5
824551,145,0.609043,1.324007776,4,8
824552,142,0.48078,0.9635208697,3,6
824552,145,0.126504,0.9493394,2,5
824553,142,0.221111,0.8894593455,4,10
824553,145,0,0,0,0
824554,142,0,0.343278,1,4
824554,145,0.1311184,0.1821304,2,3
824555,140,1.234659021,1.688877021,6,8
824555,145,0,0.6064302,1,4
824556,140,0.202227,1.084637,2,5
824556,145,0.284992,0.841411,4,7
824557,140,0.5785483967,1.730857397,2,11
824557,145,0.486982,1.631894,5,6
824558,121,0.417166,0.953189,4,5
824558,145,0.133666,0.309523,4,5
824559,121,0.3431827764,0.7574507764,3,5
824559,145,0.313248,0.3661723,3,3
824560,121,0.299923,0.534173,3,4
824560,145,0.265509,1.1047404,4,9
824561,113,0.399813,0.832157,3,7
824561,145,0.8844516,1.339370693,7,8
824562,113,0.333928,0.796152,2,3
824562,145,0.616815,0.872695,4,4
824563,113,0.7682826707,1.129848871,4,8
824563,145,0.376907,0.7667417579,3,6
824564,114,0,0.828907,0,5
824564,145,0,0.9043732,2,4
824565,114,0.171498,0.9622999631,2,8
824565,145,0.832259,1.055557982,4,4
824566,114,0,0.3464833,0,3
824566,145,0,0.336443,2,2
824567,145,0.260458,0.931934,5,8
824567,147,0,0.6825052,2,6
824568,145,0,0.39634,2,3
824568,147,0.101333,0.7956429795,4,6
824569,145,0.45494,0.8191202934,2,6
824569,147,0.387544,0.611635,2,3
824570,145,0.064407,0.764594,3,6
824570,147,0.03063508068,0.7737630807,3,6
824571,117,0,0.289504,1,2
824571,145,0.1367094213,0.3915024213,2,4
824572,117,0,0.4512862,1,4
824572,145,0.622318,1.882201,3,6
824573,117,0.727626,1.649639,3,6
824573,145,0,0.1686302,2,2
824574,133,0,0.220944,0,1
824574,145,0,0.389055,2,2
824575,133,0.8906352912,1.129806291,2,4
824575,145,0,0.3147102,2,3
824576,133,0.28549,0.47788,2,2
824576,145,0,1.0178734,2,5
824577,111,0.28839,0.776214,1,4
824577,145,0.348483,0.41289,3,3
824578,111,0.100663,1.489513306,2,8
824578,145,0.21335,0.2949902,1,3
824579,111,0.46731,1.355199,4,7
824579,145,0.2185003,0.7520613,4,8
824580,118,0.207693,0.6552044,3,9
824580,145,0,0,2,0
824581,118,0.0306282,0.3600495,2,5
824581,145,0,0.2998364,1,4
824582,118,0,0.2199083,1,3
824582,145,0,0.91328,2,4
824583,114,0,0.3227723,2,3
824583,145,0.040481,0.4569595206,2,4
824584,114,0.0306282,0.1271294,2,3
824584,145,0,0.2620772,1,4
824585,114,0.443245,1.4070622,4,10
824585,145,0.08433,0.4755867675,3,5
824586,119,0.065873,0.462049688,1,5
824586,145,0.248911,1.207778,3,5
824587,119,0,0.354007,1,4
824587,145,0.24733,0.7621023,3,6
824588,119,0.144598,0.811286,2,5
824588,145,0.040481,0.255658,1,2
824589,144,0.228918,0.4519362,1,3
824589,145,0.133081,1.3791176,2,7
824590,144,0.143839,0.194851,1,2
824590,145,0.124437,0.427039,1,4
824591,144,0.622318,1.31196,1,7
824591,145,0.113186,0.1744492807,2,3
824592,116,0.622318,0.961565,1,4
824592,145,0.064407,0.161559,2,2
824593,116,0.588776,0.874266,4,3
824593,145,0,0.232387,0,2
824594,116,0.20777,1.0548034,2,11
824594,145,0.441077,0.847723,5,4
824595,142,0.133081,0.5211742,2,4
824595,145,0.228918,0.6924813,3,6
824596,142,0.101169,2.040991229,2,7
824596,145,0.121092,0.975033,1,4
824597,142,0.967385,1.5675816,4,7
824597,145,0.112265,0.456947,3,4
824598,142,0.517516,0.517516,2,1
824598,145,0.906306,1.007475,2,3
824599,112,1.212595,1.5618032,5,8
824599,145,1.166718,2.131143439,7,14
824600,112,0.203875,1.133798,2,5
824600,145,0.490044,1.23045,3,7
824601,112,0,0.9355941455,1,7
824601,145,0.2486156594,0.6267036409,4,6
824602,118,0.1891644213,0.6060378426,3,6
824602,145,0.259731,0.310743,2,2
824603,118,0.243232,1.005270081,3,9
824603,145,0.112265,0.909334,2,7
824604,118,0.3413143,0.4071873,2,3
824604,145,0.263356,0.802663,1,4
824605,136,0.535528,0.7891822,4,5
824605,145,0,0.358194,1,3
824606,136,0,0,0,0
824606,145,0,0.361256,2,4
824607,136,0,0.3665323178,1,4
824607,145,0,0.550032,0,4
824608,108,0.3397216,1.028615,5,10
824608,145,0.165576,0.515064,4,5
824609,108,0.2479534,0.7227544,4,7
824609,145,0.08544514554,0.8098581455,2,5
824610,108,2.072099,2.625315,4,7
824610,145,0,0.201215,2,3
824611,120,0.194479,1.2826023,3,9
824611,145,0.69283,1.017762,4,7
824612,120,0.1975223,0.4189013,4,5
824612,145,0.09819165939,0.3630186594,4,4
824613,120,0.64472,1.596483182,7,12
824613,145,0,0.7550721816,2,7
824614,139,0.220944,1.111473,3,5
824614,145,2.717139,3.274898,6,6
824615,139,0,0.0816402,2,2
824615,145,0.163,0.800264,1,6
824616,139,0.2054550934,1.041688093,4,11
824616,145,0.2570572214,0.85232025,3,5
824617,110,0,0.46634,2,3
824617,145,0.276908,0.6442,2,5
824618,110,0,0.50161,1,3
824618,145,0.084782,0.865949122,2,9
824619,110,0,0.3351455,1,4
824619,145,0.28839,0.4229545,2,4
824620,141,0,0,1,0
824620,145,0,1.3135284,1,8
824621,141,0,0.255974,1,1
824621,145,0.138002,0.567156,2,5
824622,141,0.228918,0.8103975959,1,5
824622,145,0.03063508068,0.5683420807,2,5
824632,112,0,0.281623,0,2
824632,158,0.412827,0.937164,2,6
824633,112,0,0.308376,2,2
824633,158,0.2452753,1.055620693,3,10
824634,112,0.3474162,0.9168702,5,8
824634,158,0.434639,0.85881,5,6
824635,112,0.978413,1.668018478,3,9
824635,158,0,1.041027,1,2
824636,112,0.101169,0.303507,3,3
824636,113,0,0.673235,1,5
824637,112,0.418974,0.567501,3,4
824637,113,1.510085,1.5585494,2,3
824638,112,0.530381,0.9743933,5,9
824638,113,0.25546,0.798141,3,7
824639,112,0.0484644,0.8075074,2,9
824639,145,0.475628227,0.769542227,5,6
824640,112,0.171498,0.660211,3,3
824640,145,0.133081,0.1637092,3,2
824641,112,0.64273,0.926718,4,4
824641,145,0.517516,2.178244,3,10
824642,112,0.434359,0.9834684,3,6
824642,138,0,0.7119962,0,2
824643,112,0.08433,0.2529602,1,3
824643,138,0,0.262625,0,2
824644,112,0.335271,0.7354752,3,8
824644,138,0,0.4004812,1,3
824645,112,0.193075,0.398516,2,3
824645,119,0,0.286114,0,2
824646,112,0,0.2081623,0,2
824646,119,0.408489,1.241448,3,8
824647,112,1.8632562,2.9226852,4,9
824647,119,0.0529243,0.4360525,1,6
824648,112,1.090786,2.2197293,5,11
824648,147,0.3322591764,0.6558141764,4,4
824649,112,0.131746,0.484128,3,8
824649,147,0.101169,0.8006083,3,7
824650,112,0,0.227992,1,3
824650,116,0.0484644,0.2197167,2,4
824651,112,0.308376,0.435199,2,4
824651,147,0,0.387283,1,3
824652,112,0.194479,1.491326,1,6
824652,116,0,1.069937,0,8
824653,112,0,0.2617372934,1,4
824653,142,0.709701,1.127959,6,6
824654,112,0.17274,0.574103,3,5
824654,116,0.0306282,0.2855412,3,4
824655,112,0.06458676746,0.939661871,2,7
824655,142,0.8887552,1.898702382,5,13
824656,112,0,0.315301,1,3
824656,138,0.19239,0.6031783,2,6
824657,112,0.808268,0.9255993,2,4
824657,142,0.244525,0.328855,2,2
824658,112,0,2.631678982,1,15
824658,138,0.052455,0.6456212,2,5
824659,112,0.18959,1.027085,1,3
824659,138,0.88977,2.1506893,5,14
824660,112,0,0.133081,0,1
824660,135,0,0.1609453,1,2
824661,112,0,1.3342278,1,9
824661,135,0,0.6648863,2,5
824662,112,0.647083,1.185439,4,6
824662,135,0.727626,1.740206982,3,6
824663,112,0.07023,0.3949342959,2,3
824663,141,0.5413127764,0.9319117764,4,6
824664,112,0.086187,0.6644209816,3,6
824664,141,0.226084,0.811433,3,6
824665,112,0.8675703,1.6858848,6,14
824665,141,0,0.9234192,1,6
824666,112,0,0.654516,1,5
824666,115,0,0.0484644,2,1
824667,112,0,0.6026397675,2,6
824667,115,0,0.485371,0,2
824668,112,0,0.3946432,1,4
824668,115,0.7116293967,1.088331597,2,7
824669,112,0.389227,0.8032243,3,8
824669,137,0.19239,0.345601,3,5
824670,112,0.6419758937,0.8747620393,4,6
824670,137,0.2674820205,0.8122900205,2,6
824671,112,0.220944,0.523099,1,4
824671,133,0,0.6511345049,1,6
824672,112,0.430453,1.052771,2,3
824672,133,0,0.101169,1,1
824673,112,0,0.372623,0,2
824673,137,0,0.1352452,0,2
824674,112,0.101169,0.256407,3,2
824674,117,0.311768,0.601781,4,6
824675,112,0,0.479011,2,3
824675,133,0.290759,0.60782,3,5
824676,112,0,0.512541,1,3
824676,117,0.163,0.50045,2,3
824677,112,0.08433,0.38831,3,2
824677,158,0,0.133081,0,1
824678,112,0.144598,1.098175,2,7
824678,158,0,0.3524752,1,3
824679,112,0.360732,0.805536,2,7
824679,117,0.2936,1.275299,4,7
824680,112,0.101169,1.026212494,2,7
824680,158,0.086187,0.3738224,1,4
824681,112,0.129567,1.237839,3,4
824681,113,0.03105238114,1.126551381,2,10
824682,112,0.191927,0.4208,3,4
824682,113,0.347069,1.1691263,1,8
824683,112,0.4958630934,1.164371393,3,7
824683,113,0.194479,1.0273944,2,6
824684,112,0.792326,1.0588752,4,7
824684,113,0.040481,0.4550753,1,3
824685,109,0.330087,0.5873633811,3,4
824685,112,0.08433,0.1149582,3,2
824686,109,0.224046,0.3094911455,2,2
824686,112,0,0.7552982,1,6
824687,109,0.758411,0.8113353,1,2
824687,112,0.727626,1.360481,2,5
824688,112,0.42009,1.313008,4,9
824688,143,0,0.164307,2,2
824689,112,0.454943,0.8191971455,3,5
824689,143,0.842988,1.438946379,3,5
824690,112,0.194479,0.395694,2,4
824690,143,0.124437,1.169933,2,6
824691,112,0,0.786492,1,6
824691,121,0.342814,0.727719,2,6
824692,112,0.400767,0.693254,4,4
824692,143,1.1880782,1.6624892,3,5
824693,112,0.622031,0.622031,2,2
824693,121,0.205441,1.649296749,2,9
824694,112,0.03315698156,0.3788511816,1,5
824694,121,0,0.3740684,1,3
824695,112,0,0.776631,0,6
824695,134,0.282769,0.8082092,3,6
824696,112,1.982972,2.084141,3,3
824696,134,0.064407,1.5284673,3,7
824697,112,0.51393,1.1599782,4,5
824697,134,0.694749,0.9374058152,4,6
824698,108,0,0.450418,2,4
824698,112,0.133081,0.9706743,2,7
824699,108,0.142063,0.7011349816,2,6
824699,112,0,0.8571983,1,5
824700,112,0.26826,1.536108,2,6
824700,120,0,0.851639,2,6
824701,112,0.429362,1.741183,2,7
824701,120,0.08544514554,1.229608146,1,5
824702,108,0,0.605444,0,4
824702,112,0.08433,0.08433,1,1
824704,112,0,0.849444,0,4
824704,120,0.2904050205,0.6071472205,3,5
824713,108,0.6361062421,1.259212242,2,6
824713,111,0.2794466,0.7510549178,4,7
824714,108,0.52473,0.738158,3,6
824714,111,0.385157,1.248723093,2,7
824715,108,0,0.313049,2,4
824715,111,0.082654,0.724274,2,6
824716,111,0.486234,0.688572,4,4
824716,136,0.276115,0.596099,2,5
824717,111,0.47493,0.549982,2,2
824717,136,0,0.382308,2,3
824718,111,0.622318,1.085157,3,3
824718,137,0,0.752588,1,5
824719,111,0,0.37447,1,2
824719,136,0,0.1993606594,2,2
824720,111,0,0.944463,1,5
824720,137,0.440826,1.023049,2,7
824721,111,0.404744,0.6150864,3,5
824721,137,0,0.1680118,2,3
824722,109,0,0,2,0
824722,111,0.065873,1.577081,2,8
824723,109,0.785318,1.164371689,4,4
824723,111,0,0.051012,1,1
824724,111,0.707099,0.89549,2,2
824724,133,0.453815,1.041012,1,5
824725,109,0.245008,1.458002,2,8
824725,111,0.165576,0.44025,2,4
824726,111,0.143839,0.279181,2,3
824726,133,0,0.401292,2,4
824727,111,0.301577,0.946138,3,8
824727,133,0.9322062,1.5430492,3,9
824728,111,0,0.40108,1,3
824728,145,0.135342,1.226129,4,6
824729,111,0.2599983178,0.6401695178,2,5
824729,145,0.171498,0.920376,3,6
824730,111,0.268211,0.365363,3,4
824730,141,0.247744,0.51059,3,4
824731,111,0,0.632936,2,5
824731,145,0.082654,0.620622,3,3
824732,110,0.101169,0.720361,1,4
824732,111,0.707099,1.116644,2,4
824733,111,0.387544,2.1005213,3,10
824733,141,0.9056772184,0.9056772184,4,3
824734,111,0,0.171498,2,1
824734,141,0.387544,0.675934,1,2
824735,110,0.0306282,0.0816402,2,2
824735,111,0.082654,0.224717,3,2
824736,110,0.1603091463,0.4548961463,2,5
824736,111,0.220165,0.876924,2,4
824737,111,0,0.590783,1,5
824737,139,0,0,1,0
824738,111,0.234525,0.458379,3,4
824738,139,0.066069,0.3595432,1,4
824739,111,0.8495,1.304694,2,5
824739,139,0,0.740447,2,3
824740,111,0.17274,0.817498,2,6
824740,120,0.312115,1.497887,4,5
824741,111,0.662629,0.744097,3,3
824741,120,0,1.0004622,2,6
824742,111,0,0.427042,2,4
824742,120,0.264842,0.675334,3,4
824743,111,0.0529243,0.5843248629,1,6
824743,147,0.0529243,0.1540933,2,2
824744,111,0.228918,0.937394,3,4
824744,147,0,0.3690286,2,5
824745,111,0.10512,1.1116,2,5
824745,147,0,0.73948,1,7
824746,111,0.621457,1.257869,1,6
824746,141,0,0.404395,0,3
824747,111,0,0.414515,2,4
824747,147,0.088517,0.545842,1,4
824748,111,0,0.4239734,0,6
824748,141,0.150091,0.4074382,4,6
824749,111,0.28839,0.490728,3,3
824749,140,0.185499,1.089173029,3,7
824750,111,0.5719386,1.2080342,4,10
824750,141,0,0.495329,1,6
824751,111,0,0.320047,2,3
824751,140,0.194479,0.5544959816,2,6
824752,111,0.5999489816,1.205479282,3,8
824752,140,0,0.025654,0,1
824753,110,0.103467,0.270509,2,4
824753,111,0.700131,0.824568,5,4
824754,110,0,0.3325704,1,4
824754,111,0.144598,0.359429,1,3
824755,110,0,0.671596,1,3
824755,111,0,0.5098363811,1,5
824756,111,0,1.463641478,1,6
824756,144,0,0.608893,1,4
824757,111,0.434359,2.249153534,2,7
824757,144,0,0.19239,1,1
824758,111,0,1.045490894,2,6
824758,144,0.2028585206,0.7237455206,2,6
824759,111,0,0.466409,1,3
824759,142,0,0,1,0
824760,111,0,0.7009753178,2,7
824760,142,0.161677,0.494187,3,5
824761,111,0,0.498815,1,5
824761,142,0,0.4018642,2,4
824762,111,0,0.08544514554,2,1
824762,143,0,0.064407,1,1
824763,111,0,0.394135,2,3
824763,143,0,0.255559,0,3
824764,111,0,0.187542,0,3
824764,143,0.051012,0.3626152,2,5
824765,111,0.275353,1.295329,3,7
824765,139,0.144598,0.46495,2,4
824766,111,0,0.15439,1,2
824766,139,0,0.215331,1,2
824767,111,1.038419,1.769636,1,6
824767,139,0,0.4032103,1,3
824768,111,0.628838,0.767678,3,4
824768,139,0,0.720871,2,7
824769,111,0.052455,1.536444,3,11
824769,117,0.8356214,1.2177684,6,8
824770,111,0.126504,0.126504,1,1
824770,147,0,0.207936,2,2
824771,111,0.113186,0.8312824,2,6
824771,117,0.138002,1.694435093,1,5
824772,111,0,0.425168,1,5
824772,117,0,0.1317972,0,2
824773,111,0.10512,0.551513,2,5
824773,147,0,1.0451202,2,5
824774,111,0.094239,0.403344,1,4
824774,147,0.281176,0.5831182,2,5
824775,111,0.122685,1.284704597,2,8
824775,116,0.12752,0.553954,1,5
824776,111,0,0.7681034934,0,4
824776,116,0,0.9312142632,2,6
824777,111,0,0.4850806,1,7
824777,116,0.389559,1.733278,4,12
824778,111,0,0.281651,1,3
824778,116,0,0.211663,0,3
824779,111,0.758411,1.0958782,1,4
824779,158,0.45566,1.4271632,2,10
824780,111,0,0.38783,1,3
824780,158,0,0.603955,2,3
824781,111,0,0.364525,0,2
824781,135,0.4507079219,0.7876049035,3,6
824782,111,0,0.404158,1,2
824782,135,0,0.4756922,1,5
824783,111,0,1.170723,0,5
824783,158,0,0.568284,1,3
824786,111,0.622318,1.0311283,1,6
824786,135,0.3190182,0.7191272,2,6
824791,110,0,0.7756777,0,7
824791,114,0.3690516536,0.5723626536,2,3
824792,110,0.0306282,0.6676922,2,6
824792,114,0,0.328719,2,3
824793,110,0,1.552847,2,5
824793,114,0.126504,0.7913684,2,8
824794,110,0.2135736,0.5952768,3,7
824794,111,0,0,2,0
824795,110,0,0.3519765,2,4
824795,111,0.395857,1.007578,2,8
824796,110,0,0.4021422,1,4
824796,111,0,0.5087477764,2,4
824797,110,0.434359,1.3878656,2,9
824797,111,0,0.4918674633,2,5
824798,110,0,0.150203,0,2
824798,139,0.2665,0.543596,3,5
824799,110,0.1866141455,0.4366881455,3,6
824799,139,0.546882,0.6717492,4,5
824800,110,0.0484644,0.2253564,1,3
824800,139,0,0.2031162,0,2
824801,110,0,0.410759,1,3
824801,147,0.22067,1.903851029,3,7
824802,110,0,0.3631241455,1,3
824802,147,0.269035,0.370204,2,3
824803,110,0.465172,0.9505582,4,7
824803,147,0.559206,1.1511395,3,6
824804,108,0,0.7147012,0,6
824804,110,0,0.766101,2,4
824805,108,0.188391,0.7715539594,2,8
824805,110,0,0.668573,0,4
824806,108,0.433711,0.7895542,2,4
824806,110,0,0.1596392,1,3
824807,110,0.101169,0.720749,1,5
824807,143,0,0.3292864781,1,2
824808,110,0.247764,1.662404,4,7
824808,143,0.0306282,1.611376871,1,7
824809,110,0,1.0821872,2,8
824809,143,0.205441,0.4265752,1,4
824810,110,0.172488,0.609815,4,4
824810,144,0.206977,0.469602,3,4
824811,110,0,0.744255,2,5
824811,144,0.251957,0.404138,3,4
824812,110,1.2015033,1.2539583,6,6
824812,144,1.269905478,2.198019478,5,6
824813,110,0.218676,0.4739383,3,5
824813,118,0,0.6711453,1,6
824814,110,0,1.534822,2,8
824814,118,0,1.1896024,1,5
824815,110,0.623899,0.725068,3,4
824815,112,0.2594104,0.5689104,2,4
824816,110,0.08544514554,0.7411714238,2,10
824816,112,0,0.661959,2,4
824817,110,0,0.61607,1,6
824817,118,0,0.3848912,0,3
824818,110,0.517308,0.85748,2,5
824818,145,0,0.838202,2,5
824819,110,0,0.088517,2,1
824819,145,0.36982,1.8975322,3,13
824820,110,0.259731,0.5730073,2,4
824820,112,0.727626,1.349944,1,2
824821,110,0,0.133234,2,1
824821,120,0.082654,0.648588,2,6
824822,110,0.1970389066,0.3804701066,2,4
824822,145,0.714993,0.7481499816,7,7
824823,110,0.48002,0.56435,4,3
824823,135,0,0.369523,1,4
824824,110,0.150424,1.3501566,3,7
824824,120,0.984403,2.097292021,3,10
824825,110,0.980803,1.717478,3,9
824825,120,0.147765,0.147765,4,2
824826,110,0,0.6955932,1,6
824826,135,0,0.56258,0,4
824827,110,0,0.1986674,1,3
824827,136,0,0.222332,1,2
824828,110,0.224046,0.5912192,2,6
824828,135,0.038506,0.139675,1,2
824829,110,0.3712551463,1.228059346,3,6
824829,136,2.141145,2.356322,3,3
824830,110,0,0.167717,2,2
824830,136,0.23425,1.9954262,2,8
824831,110,0,0.4702822,1,5
824831,136,0,0.150203,1,2
824832,110,0.202227,0.4961142,1,4
824832,141,1.304405,2.835040106,2,7
824833,110,0.33572,0.6437442,1,5
824833,141,0.025654,0.27297,3,3
824834,110,0,1.109144,2,5
824834,141,0,0.131746,1,2
824835,110,0,0.3114568594,1,4
824835,141,0.622318,1.047548793,1,5
824836,110,0.227769,0.448439,1,2
824836,139,0.5106590795,2.456997079,1,7
824837,110,0,0.13028,1,2
824837,139,0.2509526707,1.045631671,1,4
824838,110,0.320983,0.9607913,4,7
824838,139,0.228918,0.8746002,4,5
824839,110,0,0.8073572,0,6
824839,116,0.1550652,1.197233868,3,10
824840,110,0.800884,1.590244,3,6
824840,116,0,0.9773992,0,6
824841,110,0,0.101169,1,1
824841,147,0.644657,0.96677,3,4
824842,110,0,1.013402,2,6
824842,116,0.478491,0.76841,3,4
824843,110,0,0.299679,0,2
824843,147,0.5577586594,0.6102136594,4,5
824844,110,0,0.3498282,0,5
824844,147,0,0.295276,0,2
824845,110,0.088517,0.607356,2,4
824845,133,0.7817610795,2.182805379,4,14
824846,110,0,0.3721374,2,5
824846,133,0.51029,1.586256,4,10
824847,110,0,0.5137955,0,4
824847,133,0,0.5510819816,2,6
824848,110,0.27993,1.1892956,2,8
824848,117,0.097152,0.65578,2,5
824849,110,0.08433,0.4812774782,1,7
824849,117,0.088517,0.5568882,3,5
824850,110,0.4986186536,1.370592099,4,9
824850,117,0.34662,0.835154,1,5
824851,110,0.104617,0.590381,1,7
824851,111,0.2395013811,0.7373503811,2,5
824852,110,0,0.1340952,1,3
824852,111,0,0.081468,2,1
824853,109,0,0.631754,2,4
824853,110,0.434359,0.647048,3,3
824854,110,0,0.4433011455,0,4
824854,111,0.065873,0.578588,2,5
824855,109,0,0.34034,1,3
824855,110,0.281742,0.9524072,3,6
824856,109,0.49638,1.04133,3,8
824856,110,0.086187,0.359531,3,4
824857,110,0.101169,0.667043,2,6
824857,137,0.064407,0.483033,2,6
824858,110,0,0.5328789816,0,5
824858,137,0.101169,0.4863662,1,6
824859,110,1.101607,1.9093022,3,9
824859,137,0,0.1923052,2,2
824860,110,0.410305,0.4409332,3,4
824860,140,0.434359,0.8422302,2,6
824861,110,0.051012,0.26276,1,4
824861,140,0,0.6419302,1,6
824862,110,0,0.546752,0,4
824862,142,0.250941,0.8711337,3,7
824863,110,0.3184307764,0.9663475764,3,7
824863,140,0.28839,2.227016982,2,12
824864,110,2.08223,3.506626721,6,13
824864,142,0.4649872,1.3161152,4,6
824865,110,0,0.476237,1,2
824865,142,0.5988956,1.0578426,4,7
824871,139,0.2581782,0.5215392,4,6
824871,144,0,0.6771492,2,4
824874,115,0,0.4471786,1,4
824874,144,0,0.3346082,0,3
824875,139,1.100898,1.518581,3,8
824875,144,0.2368782,0.4423192,3,4
824876,115,0.142063,0.212024,1,2
824876,144,0.269399,0.635395,3,6
824877,115,0.198954,0.198954,3,2
824877,144,0.216374,2.19014,3,7
824878,119,0,0.32228,2,3
824878,144,0.7969182,0.9585952,3,3
824879,119,0,0.650566,1,5
824879,144,0,0.4915592,0,6
824880,109,0.1303174781,0.7949386781,3,6
824880,144,0,0.182637,0,2
824881,119,0.5253117742,0.7879301549,3,5
824881,144,1.048262422,1.142028622,4,5
824882,109,0,0.2893589707,0,4
824882,144,0.30398,0.564704,1,4
824883,121,0.252619,0.882588,4,6
824883,144,0.541506,0.845246,5,6
824884,109,0,0.3646916594,1,3
824884,144,0.207693,1.1333842,4,10
824885,144,0,0.0306282,1,1
824885,146,0,0.5339042,0,6
824886,121,0,0.36916,2,2
824886,144,0,0.065873,0,1
824887,121,0.781352,1.1989393,5,8
824887,144,0.167382,1.565805,2,10
824888,144,0,0.101169,1,1
824888,146,0.3011821063,0.5907583063,4,6
824889,144,0,0,1,0
824889,146,0.107284,0.488458,1,5
824890,120,0.065873,0.439887,3,3
824890,144,0.498459,0.946804,3,6
824891,120,0.245491,0.602634,3,4
824891,144,0.08433,0.57128,1,6
824892,120,0.196734,0.3771783,3,4
824892,144,0.121092,0.777371,1,6
824893,135,0.373852,0.8117873178,2,4
824893,144,0,0.293865,0,4
824894,120,0.1808456594,0.4133036594,2,4
824894,144,0,0.144598,1,1
824895,135,0.221307,1.430232603,4,7
824895,144,0,0.272299,0,3
824896,135,0.1277870807,0.5441382807,2,5
824896,144,0,0.705056,2,5
824897,140,0.069961,0.536367,2,5
824897,144,0,0.201436,0,2
824898,135,0,0.3307512,0,4
824898,144,0.7071,1.144017,4,5
824899,140,0.221662,0.5088363,1,4
824899,144,0,0.735179,0,5
824900,121,1.210447,1.5449,7,7
824900,144,0.2499632066,0.7057332066,4,4
824901,140,1.578216,1.644089,1,2
824901,144,0,0.7095728,1,6
824902,121,0.234525,1.196556691,2,9
824902,144,0.9100967675,1.112222967,5,5
824903,121,0,0.065873,2,1
824903,144,0,1.016105,2,9
824904,121,0.148502,0.272939,3,3
824904,144,0,0.482329,1,5
824905,138,0,0.082654,1,1
824905,144,0,0.262439,0,2
824906,138,0,0.450779,1,3
824906,144,0.689038,1.18077,3,4
824907,138,0.524541,1.089927318,5,6
824907,144,0,0.2476081816,0,4
824908,144,0,0.7378002,0,5
824908,158,0,1.1153766,0,8
824909,144,0,0.407779,1,3
824909,158,0.450067,0.740867,3,5
824910,144,0,0.2010720934,2,1
824910,158,0,0.512736,1,4
824911,137,0.616952,1.490685,3,8
824911,144,0.205441,0.390977,3,3
824912,137,0.4861126707,0.9930996707,3,5
824912,144,0,1.2309252,0,3
824913,137,0.30826,0.700757,1,3
824913,144,0.094239,0.195408,1,2
824914,134,0.235905,0.746344,3,6
824914,144,0.774106,0.901651,5,6
824915,134,0,0.2471221455,2,2
824915,144,0,0.1753334633,2,2
824916,134,0,0.9407861816,1,9
824916,144,0.397899,0.6125003,2,3
824917,141,0,0.5817462,1,5
824917,144,0.220944,0.8976526,1,7
824918,141,0,0.6842610937,1,6
824918,144,0.462414,0.462414,5,5
824919,141,0,1.6323965,1,7
824919,144,0.1540933,0.7011437455,4,7
824920,120,0.358429,0.422836,3,3
824920,144,0,0.2635432,1,4
824921,120,0.360646,0.57702,3,4
824921,144,0,0.101169,0,1
824922,120,0,0.4592210807,3,3
824922,144,0,0.0306282,1,1
824923,111,0.333928,1.529572,2,6
824923,144,0.163,0.502771,2,4
824924,111,0.163,0.163,3,1
824924,144,0.065873,0.2660576,2,4
824925,111,0.0715106,0.5967508,1,5
824925,144,0.248607,0.436182,3,4
824926,112,0.0306282,0.5052616,1,6
824926,144,0.260456,0.518073,1,3
824927,112,0,0.2117282286,2,2
824927,144,0.167042,0.7677171741,3,6
824928,112,0.85924,1.142539,3,5
824928,144,0.2595462,0.4706992,3,5
824929,116,0.133081,0.912699,1,5
824929,144,0.264169,0.4783840205,3,4
824930,116,0,0.4967441455,1,6
824930,144,0.358962,0.7425992,3,5
824931,116,0.306839,0.9158882782,3,8
824931,144,0,1.029953229,2,8
824932,143,0,0.2625202,1,3
824932,144,0,1.136081,2,6
824933,143,0,0.4433573,1,5
824933,144,0,0.5073436,2,8
824934,143,0.3099493,0.5153903,4,4
824934,144,0.4150962,0.6407022,5,6
824935,144,0,0.03063508068,1,1
824935,146,0,0.5209392,1,4
824936,144,0,0.551031,1,3
824936,146,0,0.4632518,1,6
824937,144,0.240895,1.124555,1,5
824937,146,0.1851544633,0.9881604633,4,7
824938,114,0,0.79708,1,5
824938,144,0,0.4547998805,2,4
824939,114,0.334038,0.916254,3,6
824939,144,0.341494,1.0482112,5,10
824940,133,0.0484644,0.4497858633,2,4
824940,144,0.622318,0.7188260807,1,3
824941,114,0.064407,0.377968,3,3
824941,144,0,0.1807402,2,2
824942,133,0.101169,0.7307343,2,7
824942,144,0,0.7190928937,0,5
824943,133,0.440326,0.8112224633,3,6
824943,144,0.339077,0.712929,3,3
824944,118,0,0.506197,0,5
824944,144,0.097152,0.6785134,3,4
824945,118,0.2937226707,0.5597509665,1,3
824945,144,0,0.1494255,2,3
824946,118,0.587797,1.423487,3,6
824946,144,0,0.051012,2,1
824956,133,0,0.349968,0,4
824956,141,0.5776600934,0.8676730934,3,6
824957,133,0.194963,0.353698,2,4
824957,141,0.142063,0.255249,3,2
824958,133,0.09819165939,0.3703839376,2,4
824958,141,0,2.14358165,2,14
824959,110,0.1382769816,0.5831589816,2,6
824959,133,0.4124794,1.4066044,4,8
824960,110,0,0.384155,2,2
824960,133,0.562303,0.638969,5,6
824961,110,0,0.619512,0,3
824961,133,0.19031,0.3676713,3,4
824962,133,0.36692,0.6403132,2,6
824962,142,0.436737,0.9054593,6,8
824963,133,0.025654,0.240482,2,3
824963,142,1.328284,2.169694279,3,7
824964,133,0,0,0,0
824964,142,0.434359,0.540713,3,3
824965,133,0.303396,0.554938,2,5
824965,140,0.161677,0.336817,1,4
824966,133,0.434359,0.9353354934,2,6
824966,140,0,0.486892,1,3
824967,133,0.5253117742,0.8185077742,1,5
824967,139,0.1976702,0.3145552,5,5
824968,133,0,0.171498,2,1
824968,140,0.6271374781,1.126552478,4,8
824969,133,0.5275053974,1.116487676,2,8
824969,139,0.19239,1.306954,2,6
824970,133,0.433711,1.011451,2,5
824970,139,0.3671586,0.8118620633,3,7
824971,116,0.210946,0.530993,3,4
824971,133,0.585716,1.082986668,3,6
824972,116,1.170894603,2.026897748,4,9
824972,133,0.153174,0.153174,2,2
824973,111,0.846462,1.0387672,5,5
824973,133,0.08433,1.392139,2,7
824974,111,0,0.6144023,1,4
824974,133,0.0306282,0.2295972,2,2
824975,116,0,0.382333,0,3
824975,133,0.399083,1.043448,3,5
824976,111,0.5556589066,0.7821779066,4,5
824976,133,1.158569,1.373413,5,5
824977,111,0,1.010105,0,5
824977,133,0.0306282,0.2865082,1,3
824978,120,0.621457,0.9128331063,2,4
824978,133,0.751491,1.707909093,4,6
824979,120,0.126504,0.3444882,1,4
824979,133,0,0.051012,2,1
824980,133,0.1997457093,1.502933909,3,10
824980,146,0.642812,0.793467,4,5
824981,120,0.094239,1.310926,2,6
824981,133,0.722626,1.221962,4,4
824982,133,0.107284,1.445942346,1,11
824982,146,0.1975223,0.6502205,2,8
824983,133,0.259731,2.137534,2,7
824983,146,0.19239,1.1580142,2,6
824984,119,0.161878,0.372349,1,3
824984,133,0.435756,1.379134978,2,10
824985,119,0.133234,1.086252,1,6
824985,133,0.112265,0.412388,2,4
824986,119,0.432608,1.117168397,2,7
824986,133,0.5106590795,0.9745450795,2,5
824987,108,0.113186,0.401576,3,2
824987,133,0.2936,0.580628,3,4
824988,108,0,0.515915,1,2
824988,133,0.163,0.836722,2,6
824989,108,0.373852,0.690476,3,4
824989,133,0,0,1,0
824990,108,0.0529243,0.7501987,3,6
824990,133,0.434359,1.090234325,3,6
824991,133,0.2956474,0.7275104934,4,7
824991,134,0.084782,0.621658,1,5
824992,133,0,0.621045,1,5
824992,134,0,1.48429,1,6
824993,133,0.351206,0.541516,4,5
824993,134,0,0.643412,2,4
824994,115,0.53488,1.3908282,4,8
824994,133,0.210624,1.0481923,4,9
824995,115,0,1.116141,1,4
824995,133,0.406646,1.206629,2,7
824996,133,0.188391,5.451419106,2,26
824996,158,0.428909,4.402176094,2,23
824997,115,0,0.571144,1,3
824997,133,0,0.131746,2,2
824998,133,0.9283192934,1.735227293,9,9
824998,158,1.28415,3.199610896,7,16
824999,133,0.101169,0.284992,1,3
824999,158,0.314125,0.532801,4,5
825000,133,0.101169,1.3839803,2,9
825000,147,0.678867,1.2282062,5,8
825001,133,0.382629,0.872965,4,4
825001,147,0.101169,1.5649182,1,8
825002,133,0.254152,0.338482,3,3
825002,147,0.065873,1.030794,3,7
825003,133,0.221155,0.5233960934,1,3
825003,136,0,0.1798626033,2,2
825004,133,0.622318,1.262111381,2,6
825004,136,0.065873,0.218054,2,3
825005,133,0.10512,0.9283201455,2,5
825005,136,0.161677,0.22755,2,2
825006,133,0.075052,1.076194,3,6
825006,137,0.210946,1.919946,2,4
825007,133,0.6106755232,0.9010347232,2,4
825007,137,0,0.716882,2,4
825008,133,0.6417366822,0.8077068822,7,8
825008,138,0.958553,0.9891812,5,5
825009,133,0.297641,1.264793,2,7
825009,137,0,0.3948576,1,6
825010,133,0.1603091463,0.4137872085,1,5
825010,138,0.517516,0.851143,2,4
825011,133,0.21335,0.8366166,1,8
825011,138,0.088517,2.030810682,2,12
825012,114,0.300275039,0.483084239,2,4
825012,133,0.434992,1.2340703,3,6
825013,114,0,0.478563,1,3
825013,133,0.2366,0.721072,3,7
825014,114,0.230769,0.774715,4,4
825014,133,0,0.08433,1,1
825015,118,0,0.433911,0,5
825015,133,0,0,1,0
825016,118,0,1.1043352,1,8
825016,133,0.409656,0.475529,2,3
825017,118,0,0.8041555178,1,8
825017,133,0.353771,0.5174802,3,3
825018,133,0.3102249066,0.3408531066,4,3
825018,145,0.8199302,0.9149654,5,6
825019,133,0.237371,0.709281,3,5
825019,145,0.1716847764,0.9838191579,3,8
825020,133,0.893388,2.202319321,3,7
825020,145,0.323406,0.765822,4,7
825021,133,0,0.8157813,0,5
825021,140,0,0.432608,1,4
825022,133,0.3955510934,0.8873632934,3,6
825022,140,0.163,0.3785064,1,4
825023,133,0.1705616707,1.588743764,4,9
825023,140,0.254173,1.182909,3,9
825024,133,0.1947502,0.3738092,3,5
825024,140,0,1.0236643,0,6
825025,117,0.082654,1.983095426,3,7
825025,133,0.531749,2.593543,4,13
825026,117,0.064407,0.1355162,1,3
825026,133,0.5253117742,2.861885074,3,6
825027,117,0.169112,0.244164,3,3
825027,133,0.065873,0.7786071455,3,8
825037,109,0.163919,0.480543,2,4
825037,143,0.0306282,0.4284302,1,5
825038,109,0,1.9381062,2,6
825038,143,0.0715106,0.733567,1,8
825039,109,0.154711,0.2919653,2,3
825039,112,0.0484644,0.5441974,3,6
825040,109,0.0484644,0.5808694,2,5
825040,143,0.150203,1.1409872,3,8
825041,109,0.167238,0.7649682,3,10
825041,112,0.1789828633,0.3282518633,5,6
825042,109,0.065873,0.330042,1,3
825042,112,0.3765416356,1.217259636,4,8
825043,109,0.412676,1.520121523,5,9
825043,113,0.210946,0.805792,3,7
825044,109,0.202227,0.7002122911,3,7
825044,113,1.388256,1.555462,4,4
825045,109,0.417957,1.197463021,2,6
825045,113,1.166723,2.734311021,4,14
825046,109,0.065873,0.2858393,3,4
825046,115,0.163,0.603486,1,4
825047,109,0.7836274,1.619869621,5,8
825047,115,1.329396,1.827873021,5,7
825048,109,0,0.910281,1,3
825048,115,0,0.262846,1,2
825049,109,0,1.263135,1,7
825049,119,0.264825,0.6151092,4,7
825050,109,0,0.178959,0,2
825050,119,0,0.3477612,1,5
825051,109,0.272667,0.6814862,3,6
825051,119,0.124437,0.4532934,3,5
825052,109,0.121092,0.869759,3,6
825052,135,0,0.7308924,2,6
825053,109,0.2512982,0.7127046,3,5
825053,135,0.228918,0.501217,1,4
825054,109,0.228918,1.033579229,1,7
825054,135,0.246007,0.473557,3,4
825055,109,0.052455,0.936245,2,5
825055,133,0.101169,0.857994,2,6
825056,109,0,0.456961,2,4
825056,133,0.133081,0.968765,3,6
825057,109,0.881147,0.881147,3,3
825057,138,0,0.5431876,2,6
825058,109,0.290737,1.082920922,2,6
825058,133,1.06135,1.260304,2,4
825059,109,0,0.823283,1,7
825059,138,0,1.0533644,1,7
825060,109,2.554957,3.429045659,4,8
825060,138,0.133081,0.518509,2,3
825061,109,0.065873,0.472151,1,4
825061,158,0.268567,0.92372,4,8
825062,109,0.243232,0.493426,4,4
825062,158,0.247864,1.620629,3,11
825063,109,0,0.3333550205,1,2
825063,158,0.0306282,0.2161272,1,3
825064,109,0,0.405581,0,3
825064,137,0,0.131746,1,2
825065,109,0.367885,0.4469776,2,4
825065,137,0.08433,0.652645,1,5
825066,109,0.81907,1.1416552,4,6
825066,137,0.066069,1.0080544,1,11
825067,109,0,0.07023,0,1
825067,142,0,0.581535,1,5
825068,109,0,0.257482,0,3
825068,142,0.101169,1.076769502,1,7
825069,109,0,0.669648,0,2
825069,142,0.347504,0.5748910807,4,4
825070,108,0.142063,0.30374,1,2
825070,109,0.222261,0.5821616,2,4
825071,108,0,0.6367762,2,7
825071,109,0,0.065873,0,1
825072,108,0.621457,0.7841853178,2,3
825072,109,0.081468,0.7843246822,2,6
825073,109,0.210946,1.0089404,2,8
825073,120,0,0.705474,1,6
825074,109,1.126047,1.231167,4,5
825074,120,0,0.441905,1,4
825075,109,0.259731,0.476624,2,2
825075,120,0.025654,0.126823,1,2
825076,109,0.161677,0.161677,1,1
825076,119,0.6439999631,0.7860629631,3,4
825077,109,0,0.34928,1,2
825077,119,0,0.642457,1,5
825078,109,0.051012,0.3732832,1,5
825078,119,0.1145334,0.3000324,4,4
825079,109,0.922129,1.463280093,5,9
825079,119,0.064407,0.715106,3,6
825080,109,0,0.0529243,1,1
825080,115,0.172488,0.5835644633,1,5
825081,109,0,0.476645,0,4
825081,115,0,0.1141807,0,3
825082,109,0,0.487898,0,1
825082,115,0.210946,0.485677,1,4
825083,109,0.294042,1.367161,4,8
825083,115,0,0.097152,1,1
825084,109,0,0.0816402,1,2
825084,137,0.0790926,0.1047466,3,3
825085,109,0.121092,0.222261,2,2
825085,121,0.205441,0.256453,3,2
825086,109,0.422686,0.829581,3,6
825086,137,0.28839,0.611637,2,4
825087,109,0.150424,0.617344,1,3
825087,137,0,0.3440792,0,4
825088,109,0.0529243,0.6300583,3,3
825088,121,0.065873,1.0743404,2,8
825089,109,0.143839,0.4767544,2,6
825089,121,0.598062,0.89371,4,5
825090,109,0.10512,0.257301,2,3
825090,134,0,0.4663904,2,6
825091,109,0,0.2328552,1,2
825091,134,0,0.101169,0,1
825092,109,0,0.5557412,1,5
825092,134,0.647972,1.135377,2,6
825093,109,0,0.715933,0,3
825093,135,0,0.3989664,0,5
825094,109,0,0.5893005301,0,6
825094,135,0,0.133081,0,1
825095,109,0,1.1327224,2,7
825095,135,0.342385,0.61368,3,5
825096,109,0.167042,0.4394202,4,5
825096,145,0.216893,0.52261,3,3
825097,109,0.8498413,1.507309203,5,5
825097,145,0,1.000146081,2,7
825098,109,0,0.5720004,0,5
825098,141,0,0.7418262934,0,5
825099,109,0.2101414,1.2619434,2,8
825099,145,0.052455,0.7530273,2,7
825100,109,0.313248,1.2094579,2,8
825100,141,0,0.3134464,2,6
825101,109,0,0.601401,0,3
825101,141,0,0.194963,0,2
825102,109,0.0306282,0.5569968594,2,5
825102,144,0,0.6970632,1,7
825103,109,0.2033262807,0.3748242807,3,4
825103,144,0.550479,0.774525,4,4
825104,109,0.101169,0.7322312,1,6
825104,144,0,0.088517,1,1
825105,109,0,0.785916,1,6
825105,144,1.244636,1.32729,2,3
825106,109,0,0.1072942,0,3
825106,116,0.228918,0.299148,1,2
825107,109,0.7014655206,1.034074521,4,6
825107,116,0.4519232,0.9948742,5,8
825108,109,0,0.431303,0,5
825108,116,0.091493,0.341399,3,5
