batter_id,mean_expected_recognition_probability,median_expected_recognition_probability,mean_boundary_distance,median_boundary_distance,miss_above_pct,miss_below_pct,miss_inside_pct,miss_outside_pct,two_strike_pct,strike_three_pct,early_game_pct,late_game_pct,one_challenge_pct,two_challenge_pct,opportunity_difficulty
457705,0.245005886364,0.104949248158,1.25095488582,1.23818713991,0.2,0.2,0.2,0.4,0.2,0.2,0.4,0.2,0.2,0.8,EASIER_THAN_AVERAGE
467793,0.160425926731,0.160425926731,0.608769663528,0.608769663528,0,0,0.5,0.5,0,0,1,0,0,1,AVERAGE
500743,0.161585877275,0.138817819452,1.02849409886,0.723827314247,0.2,0.2,0.1,0.5,0.05,0.05,0.25,0.35,0.4,0.6,AVERAGE
502671,0.192826747191,0.137207969992,1.02126673189,0.828954812526,0.0277777777778,0.416666666667,0.222222222222,0.416666666667,0.0833333333333,0.0833333333333,0.416666666667,0.194444444444,0.25,0.75,AVERAGE
506702,0.263665448259,0.161581989434,2.01608273537,1.84644203769,0.75,0,0,0.25,0.25,0.25,0.25,0.25,0.25,0.75,EASIER_THAN_AVERAGE
514888,0.210753733956,0.152927656781,0.822346972183,0.580143859356,0.116279069767,0.279069767442,0.162790697674,0.488372093023,0.186046511628,0.186046511628,0.53488372093,0.186046511628,0.255813953488,0.744186046512,EASIER_THAN_AVERAGE
516782,0.326413407685,0.183385904131,1.72607610004,1.19193255919,0.454545454545,0.181818181818,0.0909090909091,0.272727272727,0.363636363636,0.363636363636,0.272727272727,0.272727272727,0.363636363636,0.636363636364,EASIER_THAN_AVERAGE
518595,0.108365216387,0.108365216387,1.42534680953,1.42534680953,0.5,0,0,0.5,0,0,0,0,1,0,AVERAGE
518692,0.177545314968,0.151661824512,0.831245657056,0.664859149991,0.228571428571,0.257142857143,0.285714285714,0.342857142857,0.142857142857,0.142857142857,0.371428571429,0.257142857143,0.285714285714,0.714285714286,AVERAGE
519317,0.133036633738,0.0697368898594,0.439751488079,0.306901799466,0.25,0.25,0.25,0.25,0.25,0.25,0.25,0.25,0.25,0.75,AVERAGE
521692,0.132859264905,0.087943792406,0.991351693155,0.803930465241,0.269230769231,0.153846153846,0.192307692308,0.5,0.0384615384615,0.0384615384615,0.307692307692,0.384615384615,0.307692307692,0.692307692308,AVERAGE
542303,0.181697928905,0.1282319073,1.09884964423,0.709348441624,0.424242424242,0.181818181818,0,0.424242424242,0.030303030303,0.030303030303,0.333333333333,0.242424242424,0.151515151515,0.848484848485,AVERAGE
543309,0.222384450737,0.125713479038,1.26365857885,1.06137378351,0.230769230769,0.0769230769231,0,0.692307692308,0.153846153846,0.153846153846,0.384615384615,0.384615384615,0.230769230769,0.769230769231,EASIER_THAN_AVERAGE
543510,0.119088903409,0.0821105192474,0.917369085257,0.663136560294,0.25,0.166666666667,0,0.583333333333,0,0,0.25,0.333333333333,0.416666666667,0.583333333333,AVERAGE
543760,0.170349079947,0.136375729225,1.16273321984,1.12451300598,0.222222222222,0.148148148148,0.111111111111,0.592592592593,0,0,0.222222222222,0.481481481481,0.37037037037,0.62962962963,AVERAGE
543807,0.221617220928,0.158145295195,1.33371460054,1.0505855939,0.111111111111,0.333333333333,0.25,0.416666666667,0.138888888889,0.138888888889,0.333333333333,0.333333333333,0.333333333333,0.666666666667,EASIER_THAN_AVERAGE
543877,0.145911030206,0.117746776615,0.85653159024,0.674586864729,0.352941176471,0.176470588235,0.294117647059,0.235294117647,0.0588235294118,0.0588235294118,0.294117647059,0.352941176471,0.470588235294,0.529411764706,AVERAGE
545121,0.199731083645,0.116390264398,1.11862935389,0.928089056731,0.0740740740741,0.518518518519,0.185185185185,0.259259259259,0.037037037037,0.037037037037,0.222222222222,0.518518518519,0.518518518519,0.481481481481,AVERAGE
545341,0.172108678633,0.129996775745,1.04572700564,0.964879981945,0.133333333333,0.2,0.2,0.533333333333,0.0666666666667,0.0666666666667,0.2,0.466666666667,0.533333333333,0.466666666667,AVERAGE
545361,0.22177863803,0.152229860404,1.04742995578,0.916894954582,0.315068493151,0.109589041096,0.0821917808219,0.547945205479,0.178082191781,0.178082191781,0.315068493151,0.424657534247,0.342465753425,0.657534246575,EASIER_THAN_AVERAGE
547180,0.206254723471,0.184645832288,0.87989729046,0.714477040251,0.0645161290323,0.387096774194,0.290322580645,0.290322580645,0.129032258065,0.129032258065,0.387096774194,0.129032258065,0.354838709677,0.645161290323,AVERAGE
553869,0.198237831406,0.143696428254,0.713167160266,0.409733851582,0.272727272727,0.272727272727,0.0909090909091,0.454545454545,0.181818181818,0.181818181818,0.636363636364,0.181818181818,0.545454545455,0.454545454545,AVERAGE
553993,0.210736236174,0.147117956829,1.08205036849,0.968921544341,0.25,0.159090909091,0.0681818181818,0.568181818182,0.136363636364,0.136363636364,0.340909090909,0.227272727273,0.386363636364,0.613636363636,EASIER_THAN_AVERAGE
571448,0.208314451435,0.1659170345,1.09094861999,0.670412028395,0.184210526316,0.184210526316,0.0263157894737,0.605263157895,0.0789473684211,0.0789473684211,0.210526315789,0.421052631579,0.315789473684,0.684210526316,EASIER_THAN_AVERAGE
571771,0.121737705956,0.108180073634,1.21653655144,1.24556880987,0.5,0.166666666667,0,0.333333333333,0,0,0.5,0.333333333333,0.166666666667,0.833333333333,AVERAGE
571912,0.135881426066,0.0997049758474,0.41877189024,0.285062467019,0,0.25,0.25,0.5,0,0,0.25,0.5,0.5,0.5,AVERAGE
571970,0.228223392792,0.110036300791,0.703133272589,0.53526499899,0.241379310345,0.344827586207,0.172413793103,0.275862068966,0.172413793103,0.172413793103,0.241379310345,0.344827586207,0.310344827586,0.689655172414,EASIER_THAN_AVERAGE
572233,0.16560130664,0.12224439726,1.00402488446,0.725891427867,0.185185185185,0.111111111111,0,0.703703703704,0.0740740740741,0.0740740740741,0.296296296296,0.296296296296,0.185185185185,0.814814814815,AVERAGE
573262,0.144619274051,0.152223747956,0.92373105139,0.661827917104,0.315789473684,0.210526315789,0,0.473684210526,0,0,0.105263157895,0.368421052632,0.210526315789,0.789473684211,AVERAGE
575929,0.231974477078,0.16151923431,1.08838331972,0.671853075458,0.166666666667,0.366666666667,0.0666666666667,0.5,0.2,0.2,0.366666666667,0.266666666667,0.333333333333,0.666666666667,EASIER_THAN_AVERAGE
592206,0.182748659762,0.0830235877558,0.651250656537,0.402669140922,0,0.2,0.2,0.6,0.4,0.4,0.4,0.2,0.2,0.8,AVERAGE
592450,0.252618311759,0.187512669673,0.99465068141,0.789700803773,0.173913043478,0.478260869565,0.130434782609,0.391304347826,0.173913043478,0.173913043478,0.565217391304,0.130434782609,0.304347826087,0.695652173913,EASIER_THAN_AVERAGE
592518,0.173243686382,0.117353184745,1.15287375713,1.02098136443,0.0625,0.28125,0.125,0.5625,0.0625,0.0625,0.4375,0.34375,0.28125,0.71875,AVERAGE
592626,0.25450057713,0.169983273343,1.19268964532,0.721837966473,0.1875,0.25,0.125,0.4375,0.3125,0.3125,0.625,0.1875,0,1,EASIER_THAN_AVERAGE
592663,0.168159839261,0.136760595416,0.932741179169,0.719004912834,0.379310344828,0.103448275862,0.137931034483,0.413793103448,0.137931034483,0.137931034483,0.344827586207,0.344827586207,0.51724137931,0.48275862069,AVERAGE
592885,0.231239947342,0.181848769121,0.77750687543,0.577816035785,0.146341463415,0.390243902439,0.317073170732,0.19512195122,0.121951219512,0.121951219512,0.341463414634,0.414634146341,0.341463414634,0.658536585366,EASIER_THAN_AVERAGE
593428,0.214179091628,0.181840761885,1.12255732756,0.805497739595,0.109090909091,0.4,0.0909090909091,0.454545454545,0.0363636363636,0.0363636363636,0.181818181818,0.363636363636,0.272727272727,0.727272727273,EASIER_THAN_AVERAGE
593871,0.256154005863,0.222223590467,1.03898057966,0.909845057116,0.272727272727,0.363636363636,0,0.363636363636,0.272727272727,0.272727272727,0.454545454545,0.181818181818,0.181818181818,0.818181818182,EASIER_THAN_AVERAGE
595879,0.213784794741,0.119031812912,0.919621825466,0.921308197053,0.375,0.125,0.25,0.375,0.125,0.125,0.125,0.5,0.375,0.625,EASIER_THAN_AVERAGE
595978,0.240306218998,0.128853297325,1.29816007709,1.44714897919,0,0.384615384615,0.0769230769231,0.692307692308,0.153846153846,0.153846153846,0.538461538462,0.230769230769,0.307692307692,0.692307692308,EASIER_THAN_AVERAGE
596019,0.143888880499,0.0936368603998,1.104548336,0.792234538826,0.444444444444,0.194444444444,0.194444444444,0.277777777778,0.0833333333333,0.0833333333333,0.666666666667,0.194444444444,0.277777777778,0.722222222222,AVERAGE
596103,0.161331674827,0.080086902878,1.07433245934,0.792029163354,0.4,0.2,0,0.4,0.2,0.2,0.6,0.2,0.2,0.8,AVERAGE
596115,0.197800752872,0.0914679766208,0.727663000866,0.506127190096,0.117647058824,0.411764705882,0.176470588235,0.411764705882,0.294117647059,0.294117647059,0.352941176471,0.176470588235,0.352941176471,0.647058823529,AVERAGE
596117,0.173830291237,0.173830291237,0.455591322024,0.455591322024,0,0.5,0,0.5,0,0,1,0,0,1,AVERAGE
596142,0.210888648091,0.203410760689,0.953109019881,0.806283466351,0.125,0.166666666667,0.0833333333333,0.625,0.208333333333,0.208333333333,0.375,0.166666666667,0.25,0.75,EASIER_THAN_AVERAGE
596146,0.162548034215,0.152485209877,0.889507875626,0.585554331158,0,0.166666666667,0.166666666667,0.666666666667,0.166666666667,0.166666666667,0.5,0.166666666667,0.5,0.5,AVERAGE
602104,0.260457150603,0.186094326997,1.24457243226,0.745531297614,0,0.25,0.75,0.25,0.25,0.25,0.5,0.25,0,1,EASIER_THAN_AVERAGE
605137,0.21495088701,0.20075741096,1.26347615711,1.08540325893,0.2,0.3,0.3,0.233333333333,0.0333333333333,0.0333333333333,0.3,0.4,0.233333333333,0.766666666667,EASIER_THAN_AVERAGE
605141,0.150997296627,0.119222994827,1.05396743824,0.854998238836,0.468085106383,0.0425531914894,0.0425531914894,0.510638297872,0.0851063829787,0.0851063829787,0.36170212766,0.255319148936,0.255319148936,0.744680851064,AVERAGE
605170,0.218162969931,0.140459783376,1.14737297923,0.928873543642,0.333333333333,0.333333333333,0,0.407407407407,0.037037037037,0.037037037037,0.222222222222,0.444444444444,0.444444444444,0.555555555556,EASIER_THAN_AVERAGE
605244,0.146244383269,0.146244383269,2.86586909065,2.86586909065,0,0,0,1,0,0,1,0,0,1,AVERAGE
606115,0.128748189127,0.128748189127,1.31066660899,1.31066660899,1,0,0,0,0,0,0,1,1,0,AVERAGE
606192,0.191518253199,0.146870418148,1.10816771598,0.815710588041,0.37037037037,0.111111111111,0.148148148148,0.444444444444,0.111111111111,0.111111111111,0.185185185185,0.333333333333,0.259259259259,0.740740740741,AVERAGE
606466,0.183681926894,0.143846724317,1.16826721211,0.903531732772,0.352941176471,0.205882352941,0.0588235294118,0.470588235294,0.0588235294118,0.0588235294118,0.176470588235,0.558823529412,0.382352941176,0.617647058824,AVERAGE
606992,0.189276953997,0.149892047381,0.625697043724,0.627291980861,0,0.5,0.5,0.25,0.25,0.25,0.5,0,0.5,0.5,AVERAGE
607043,0.16113605253,0.11046910397,0.823947221488,0.631078214771,0.111111111111,0.444444444444,0.111111111111,0.37037037037,0.037037037037,0.037037037037,0.407407407407,0.259259259259,0.185185185185,0.814814814815,AVERAGE
607208,0.186959124462,0.119339198218,0.795931688675,0.60104950875,0.0645161290323,0.58064516129,0.161290322581,0.290322580645,0.225806451613,0.225806451613,0.645161290323,0.225806451613,0.129032258065,0.870967741935,AVERAGE
608070,0.181549404458,0.127706686344,1.12199868879,0.9586704773,0.382352941176,0.117647058824,0.147058823529,0.411764705882,0.0294117647059,0.0294117647059,0.264705882353,0.411764705882,0.411764705882,0.588235294118,AVERAGE
608324,0.15326579263,0.114484612641,0.992702844241,0.899151915268,0.259259259259,0.259259259259,0.111111111111,0.388888888889,0.0185185185185,0.0185185185185,0.314814814815,0.240740740741,0.222222222222,0.777777777778,AVERAGE
608348,0.194024356097,0.15127360199,0.955265297391,0.792749744789,0.133333333333,0.2,0.133333333333,0.566666666667,0.0666666666667,0.0666666666667,0.333333333333,0.266666666667,0.1,0.9,AVERAGE
608369,0.191103256579,0.152944933391,1.00020382479,0.713606937406,0.04,0.48,0.2,0.36,0.08,0.08,0.6,0.16,0.2,0.8,AVERAGE
608701,0.272045613951,0.177881706751,1.44829305196,1.02744758816,0.277777777778,0.111111111111,0.277777777778,0.388888888889,0.222222222222,0.222222222222,0.444444444444,0.111111111111,0.222222222222,0.777777777778,EASIER_THAN_AVERAGE
608841,0.433445663261,0.433445663261,0.259987853918,0.259987853918,1,0,0,0,1,1,0,0,0,1,EASIER_THAN_AVERAGE
609280,0.183797729141,0.174084087292,0.837904277816,0.459853097663,0.25,0.25,0.125,0.5,0,0,0.125,0.375,0.375,0.625,AVERAGE
620443,0.194140931243,0.169789051515,0.963601566018,1.03275780439,0.111111111111,0.166666666667,0.333333333333,0.5,0.166666666667,0.166666666667,0.555555555556,0.166666666667,0.277777777778,0.722222222222,AVERAGE
621020,0.161305106678,0.141975328251,0.899892931749,0.614091262595,0.222222222222,0.277777777778,0,0.555555555556,0.0555555555556,0.0555555555556,0.333333333333,0.388888888889,0.333333333333,0.666666666667,AVERAGE
621043,0.259944806444,0.2258121476,0.99344879547,0.937664197522,0,0.428571428571,0.142857142857,0.428571428571,0.285714285714,0.285714285714,0.428571428571,0.285714285714,0.142857142857,0.857142857143,EASIER_THAN_AVERAGE
621438,0.221787521487,0.145488129085,0.834549148423,0.757510556718,0.214285714286,0.285714285714,0,0.571428571429,0.142857142857,0.142857142857,0.214285714286,0.428571428571,0.428571428571,0.571428571429,EASIER_THAN_AVERAGE
621439,0.224102380407,0.154147279813,1.16542305522,0.864370946478,0.16,0.36,0.32,0.32,0.2,0.2,0.48,0.24,0.28,0.72,EASIER_THAN_AVERAGE
621493,0.196324153088,0.143665656464,1.10270820303,0.869246365541,0.313725490196,0.0980392156863,0.156862745098,0.43137254902,0.137254901961,0.137254901961,0.392156862745,0.294117647059,0.333333333333,0.666666666667,AVERAGE
621566,0.136276886838,0.133547314633,0.710579118071,0.402759453258,0.105263157895,0.631578947368,0.0526315789474,0.263157894737,0.0526315789474,0.0526315789474,0.421052631579,0.263157894737,0.263157894737,0.736842105263,AVERAGE
622268,0.215638364267,0.100816669465,0.981579728656,0.729902097129,0,0.666666666667,0.166666666667,0.5,0.166666666667,0.166666666667,0.5,0.333333333333,0.166666666667,0.833333333333,EASIER_THAN_AVERAGE
622761,0.204431789291,0.169207651627,0.803799167653,0.613955927204,0,0.25,0.0833333333333,0.666666666667,0.166666666667,0.166666666667,0.333333333333,0.333333333333,0.166666666667,0.833333333333,AVERAGE
623168,0.17463111894,0.171398961867,1.87903478369,1.88228852177,0.25,0.25,0,0.5,0,0,0.25,0.5,0.5,0.5,AVERAGE
623205,0.0770938813122,0.0770938813122,1.09315435214,1.09315435214,1,0,0,0,0,0,0,0,0,1,HARDER_THAN_AVERAGE
624413,0.199033141741,0.134266632021,1.07434568192,0.74190453359,0.078125,0.546875,0.09375,0.390625,0.109375,0.109375,0.34375,0.21875,0.28125,0.71875,AVERAGE
624424,0.26537919242,0.231038829775,1.01503299616,1.00450828743,0.157894736842,0.473684210526,0.157894736842,0.263157894737,0.210526315789,0.210526315789,0.105263157895,0.578947368421,0.473684210526,0.526315789474,EASIER_THAN_AVERAGE
624428,0.26824215265,0.301938874785,0.993627615369,0.779579482588,0.142857142857,0.428571428571,0.142857142857,0.571428571429,0.142857142857,0.142857142857,0,0.571428571429,0.428571428571,0.571428571429,EASIER_THAN_AVERAGE
624431,0.207254596738,0.150298306313,1.07925823772,0.855692079869,0.285714285714,0.142857142857,0.0714285714286,0.5,0.142857142857,0.142857142857,0.357142857143,0.214285714286,0.214285714286,0.785714285714,AVERAGE
624512,0.0576719521002,0.0576719521002,0.704455412754,0.704455412754,0,0,0,1,0,0,0.5,0,0.5,0.5,HARDER_THAN_AVERAGE
624585,0.221816041969,0.150915318957,0.777498741641,0.382200870042,0.0666666666667,0.466666666667,0.133333333333,0.466666666667,0.2,0.2,0.266666666667,0.133333333333,0.2,0.8,EASIER_THAN_AVERAGE
624641,0.121367211146,0.0840917373045,0.881459099557,0.773333187206,0.363636363636,0.0909090909091,0.454545454545,0.0909090909091,0.0909090909091,0.0909090909091,0.272727272727,0.454545454545,0.454545454545,0.545454545455,AVERAGE
630105,0.203045194351,0.139629937053,0.917650475233,0.877885444912,0.1875,0.25,0.25,0.375,0.125,0.125,0.25,0.25,0.25,0.75,AVERAGE
640459,0.21745725402,0.193471154947,1.03742326444,1.04890016843,0.25,0.75,0,0,0,0,0,0.75,0.5,0.5,EASIER_THAN_AVERAGE
640492,0.135230226694,0.135230226694,0.44128501787,0.44128501787,0,0,1,0,0,0,0,0,0,1,AVERAGE
640902,0.218563265011,0.172407892498,1.37324347512,1.45931393627,0.153846153846,0.384615384615,0.307692307692,0.307692307692,0.0769230769231,0.0769230769231,0.538461538462,0.230769230769,0.230769230769,0.769230769231,EASIER_THAN_AVERAGE
641343,0.212977970437,0.169794486525,0.998020057012,0.783580731631,0.302325581395,0.279069767442,0.162790697674,0.372093023256,0.116279069767,0.116279069767,0.372093023256,0.302325581395,0.372093023256,0.627906976744,EASIER_THAN_AVERAGE
641355,0.196968344944,0.158828872883,0.763964685583,0.639988130191,0.294117647059,0.176470588235,0.0588235294118,0.470588235294,0.117647058824,0.117647058824,0.294117647059,0.294117647059,0.176470588235,0.823529411765,AVERAGE
641487,0.216170662726,0.163561373455,0.724984455907,0.746095355468,0.166666666667,0.333333333333,0.388888888889,0.277777777778,0.111111111111,0.111111111111,0.166666666667,0.5,0.444444444444,0.555555555556,EASIER_THAN_AVERAGE
641555,0.111680192034,0.111680192034,0.749997415955,0.749997415955,0.5,0,0,0.5,0,0,0,0.5,1,0,AVERAGE
641584,0.169208766739,0.183138705449,0.959067008808,0.703002640191,0.166666666667,0.166666666667,0.166666666667,0.5,0,0,0.166666666667,0,0.666666666667,0.333333333333,AVERAGE
641598,0.235601969397,0.154171465375,0.847049708134,0.803960679645,0,0.454545454545,0.272727272727,0.363636363636,0.181818181818,0.181818181818,0.272727272727,0.272727272727,0.0909090909091,0.909090909091,EASIER_THAN_AVERAGE
641680,0.132512707279,0.102262660638,0.786641678759,0.497297381608,0.285714285714,0.214285714286,0.285714285714,0.285714285714,0,0,0.214285714286,0.285714285714,0.357142857143,0.642857142857,AVERAGE
641857,0.236831257891,0.163361285228,1.13521148625,0.994460265738,0.166666666667,0.416666666667,0.333333333333,0.166666666667,0.0833333333333,0.0833333333333,0.166666666667,0.541666666667,0.5,0.5,EASIER_THAN_AVERAGE
641933,0.180351326997,0.0877047501348,1.11308762332,0.864975330165,0.357142857143,0.178571428571,0.107142857143,0.392857142857,0.0714285714286,0.0714285714286,0.321428571429,0.321428571429,0.428571428571,0.571428571429,AVERAGE
642086,0.25162133495,0.18214082832,1.02741873273,0.8940880315,0.125,0.5,0.1875,0.25,0.25,0.25,0.25,0.3125,0.25,0.75,EASIER_THAN_AVERAGE
642133,0.302010482191,0.302010482191,0.564503091649,0.564503091649,0,1,0,0,0,0,0,1,0,1,EASIER_THAN_AVERAGE
642201,0.215127527619,0.108859851554,1.29447587958,0.922696355865,0.153846153846,0.230769230769,0.153846153846,0.461538461538,0.153846153846,0.153846153846,0.153846153846,0.461538461538,0.461538461538,0.538461538462,EASIER_THAN_AVERAGE
642215,0.173057389812,0.147492912347,0.910637681875,0.911672486268,0,0.5,0.0714285714286,0.5,0.0714285714286,0.0714285714286,0.285714285714,0.285714285714,0.571428571429,0.428571428571,AVERAGE
642350,0.120539923288,0.11515585295,0.871552542725,0.673446068812,0.1875,0.1875,0.3125,0.3125,0,0,0.3125,0.4375,0.4375,0.5625,AVERAGE
642708,0.159197129227,0.170249915783,0.992172460017,0.559700324526,0,0.625,0.125,0.375,0.125,0.125,0.5,0.375,0.25,0.75,AVERAGE
642715,0.177934635442,0.127352006167,0.914418118142,0.683974667063,0.176470588235,0.235294117647,0.235294117647,0.411764705882,0.176470588235,0.176470588235,0.558823529412,0.235294117647,0.205882352941,0.794117647059,AVERAGE
642851,0.177116394561,0.168862911076,0.985260074181,0.488549715431,0,0.25,0.625,0.25,0,0,0.375,0.125,0.125,0.875,AVERAGE
643217,0.165597096357,0.117897967916,1.05379312442,0.681663868044,0.5,0.3125,0.0625,0.25,0,0,0.375,0.3125,0.5,0.5,AVERAGE
643289,0.152207674148,0.0858699571062,0.925704275371,0.604742310284,0.395348837209,0.093023255814,0.093023255814,0.511627906977,0.0697674418605,0.0697674418605,0.395348837209,0.302325581395,0.255813953488,0.744186046512,AVERAGE
643376,0.185488793077,0.143952106726,0.646263717169,0.643098956855,0.111111111111,0.444444444444,0,0.555555555556,0.111111111111,0.111111111111,0.222222222222,0.444444444444,0.111111111111,0.888888888889,AVERAGE
643396,0.187639844032,0.0667047842772,0.625564955491,0.582600648765,0.454545454545,0,0.0909090909091,0.545454545455,0.181818181818,0.181818181818,0.454545454545,0.272727272727,0.272727272727,0.727272727273,AVERAGE
643446,0.147038080432,0.122359749585,0.734125450659,0.319370933377,0.368421052632,0.0526315789474,0.0526315789474,0.578947368421,0,0,0.157894736842,0.210526315789,0.263157894737,0.736842105263,AVERAGE
644433,0.341316892598,0.341316892598,0.923797901982,0.923797901982,0,1,0,0,0.5,0.5,0.5,0.5,0,1,EASIER_THAN_AVERAGE
645277,0.182251627679,0.161510618249,1.47881428049,1.2767809767,0.535714285714,0.0357142857143,0,0.571428571429,0.0714285714286,0.0714285714286,0.357142857143,0.214285714286,0.25,0.75,AVERAGE
645302,0.164054494175,0.106972580615,0.842717797242,0.585425605019,0.1,0.4,0.2,0.3,0.1,0.1,0.4,0.4,0.1,0.9,AVERAGE
645305,0.069416676074,0.069416676074,0.67604564902,0.67604564902,0,0,0,1,0,0,1,0,0,1,HARDER_THAN_AVERAGE
646240,0.174009122273,0.0932413688981,0.933352037342,0.672400735804,0.318181818182,0.318181818182,0.0909090909091,0.272727272727,0.181818181818,0.181818181818,0.545454545455,0.181818181818,0.181818181818,0.818181818182,AVERAGE
647304,0.148156236757,0.144731936822,0.82425755035,0.691672285034,0.291666666667,0.208333333333,0.208333333333,0.375,0.0416666666667,0.0416666666667,0.291666666667,0.208333333333,0.375,0.625,AVERAGE
649966,0.169852196309,0.140960834294,0.82695770357,0.705902043148,0,0.333333333333,0.333333333333,0.5,0,0,0.166666666667,0.333333333333,0.5,0.5,AVERAGE
650333,0.134208171896,0.0868149667708,0.938118868723,0.629801852626,0.642857142857,0.142857142857,0.047619047619,0.214285714286,0,0,0.428571428571,0.333333333333,0.261904761905,0.738095238095,AVERAGE
650391,0.16426199488,0.166504019455,1.07678435895,0.995730732723,0,0.75,0,0.25,0.25,0.25,0.75,0,0.25,0.75,AVERAGE
650402,0.164202717725,0.130678857502,0.761913614917,0.634073627018,0.421052631579,0.131578947368,0.0789473684211,0.394736842105,0.131578947368,0.131578947368,0.447368421053,0.421052631579,0.131578947368,0.868421052632,AVERAGE
650489,0.139144117637,0.121203741999,1.2016728955,0.992936103094,0.2,0.12,0.04,0.68,0.04,0.04,0.36,0.32,0.4,0.6,AVERAGE
650490,0.162332256793,0.112607276706,0.97598587221,0.710852205033,0.176470588235,0.176470588235,0.352941176471,0.294117647059,0.0392156862745,0.0392156862745,0.372549019608,0.313725490196,0.294117647059,0.705882352941,AVERAGE
650559,0.267807441211,0.280383819716,1.54059808649,2.12628891513,0,0.666666666667,0,0.333333333333,0,0,0.333333333333,0.333333333333,0.333333333333,0.666666666667,EASIER_THAN_AVERAGE
650859,0.168433733533,0.137877308469,0.92386761001,0.898203187123,0.409090909091,0.272727272727,0.0454545454545,0.5,0.0454545454545,0.0454545454545,0.363636363636,0.409090909091,0.227272727273,0.772727272727,AVERAGE
650968,0.236145244272,0.146711648401,1.1098394587,0.465354098544,0,0.4,0.4,0.4,0,0,0.2,0.4,0.4,0.6,EASIER_THAN_AVERAGE
655316,0.195945106989,0.135560140249,0.890954001289,0.593508131998,0.137931034483,0.241379310345,0.0689655172414,0.586206896552,0.172413793103,0.172413793103,0.344827586207,0.275862068966,0.206896551724,0.793103448276,AVERAGE
656305,0.210687174236,0.172323642151,0.891982229125,0.55025334057,0.2,0.16,0.2,0.48,0.16,0.16,0.52,0.16,0.2,0.8,EASIER_THAN_AVERAGE
656413,0.271042776723,0.236350575807,1.48455834752,1.48467703912,0.25,0.25,0,0.5,0,0,0,0.75,0.5,0.5,EASIER_THAN_AVERAGE
656484,0.282603020572,0.288279383143,1.05392728873,0.861136843316,0,0.363636363636,0.454545454545,0.181818181818,0.181818181818,0.181818181818,0.272727272727,0.272727272727,0.363636363636,0.636363636364,EASIER_THAN_AVERAGE
656537,0.302945189107,0.264185368926,1.14102720947,0.936395958294,0.0909090909091,0.363636363636,0.0909090909091,0.636363636364,0.272727272727,0.272727272727,0,0.272727272727,0.181818181818,0.818181818182,EASIER_THAN_AVERAGE
656555,0.21887663231,0.172735736137,0.987185169824,0.587299354444,0.2,0.4,0.05,0.4,0.15,0.15,0.25,0.3,0.4,0.6,EASIER_THAN_AVERAGE
656577,0.0667412129243,0.0667412129243,0.132652847988,0.132652847988,0.5,0,0,0.5,0,0,0.5,0,0.5,0.5,HARDER_THAN_AVERAGE
656582,0.108628809274,0.0783709911919,0.249511965367,0.200250413648,0.666666666667,0.333333333333,0.333333333333,0,0,0,0.333333333333,0.333333333333,0,1,AVERAGE
656716,0.196215567774,0.12863206488,1.16484131549,1.04941500192,0.375,0.125,0.125,0.375,0.125,0.125,0.125,0.375,0.25,0.75,AVERAGE
656775,0.19765610497,0.112679588414,1.33557351902,1.13782202413,0.6875,0.0625,0.0625,0.1875,0.03125,0.03125,0.21875,0.40625,0.34375,0.65625,AVERAGE
656811,0.234600122394,0.188278002351,1.14658173947,1.02456779252,0.24,0.4,0.32,0.16,0.04,0.04,0.28,0.4,0.4,0.6,EASIER_THAN_AVERAGE
656941,0.201262896771,0.173033701711,1.00019513322,1.02257245311,0.162790697674,0.46511627907,0.116279069767,0.279069767442,0.046511627907,0.046511627907,0.441860465116,0.279069767442,0.232558139535,0.767441860465,AVERAGE
656976,0.286798926321,0.140160081582,0.711047080341,0.260228720761,0,0.5,0.75,0,0,0,0.25,0.25,0,1,EASIER_THAN_AVERAGE
657041,0.180865479945,0.160082778448,0.723690651318,0.755949569718,0.28125,0.40625,0.125,0.3125,0.03125,0.03125,0.34375,0.4375,0.28125,0.71875,AVERAGE
657136,0.193478382459,0.135602606272,1.13663960652,0.966488014257,0.294117647059,0.176470588235,0.176470588235,0.352941176471,0.117647058824,0.117647058824,0.352941176471,0.235294117647,0.235294117647,0.764705882353,AVERAGE
657656,0.141037708227,0.105739119762,1.02475432882,0.95779738724,0.333333333333,0.111111111111,0,0.555555555556,0.111111111111,0.111111111111,0.444444444444,0.111111111111,0.222222222222,0.777777777778,AVERAGE
657757,0.145477117933,0.106912520353,0.946197555989,0.655709645908,0.151515151515,0.30303030303,0.121212121212,0.484848484848,0.121212121212,0.121212121212,0.454545454545,0.121212121212,0.242424242424,0.757575757576,AVERAGE
660162,0.315204550546,0.284141889614,1.39688187065,1.14921099,0.2,0.4,0.1,0.4,0.4,0.4,0.2,0.6,0.4,0.6,EASIER_THAN_AVERAGE
660271,0.176749895744,0.155356114583,0.914644007699,0.701024425353,0.28,0.28,0.16,0.32,0.12,0.12,0.44,0.36,0.2,0.8,AVERAGE
660670,0.221912023818,0.140376119262,1.24584943436,0.925349994215,0.441176470588,0.0882352941176,0.176470588235,0.352941176471,0.147058823529,0.147058823529,0.323529411765,0.441176470588,0.235294117647,0.764705882353,EASIER_THAN_AVERAGE
660688,0.178639385114,0.152702501151,1.11136471172,0.708581018884,0.363636363636,0,0,0.636363636364,0,0,0.363636363636,0.454545454545,0.363636363636,0.636363636364,AVERAGE
660710,0.222592618873,0.22091551535,1.07495058454,0.674772220342,0.181818181818,0.545454545455,0.272727272727,0.363636363636,0.0909090909091,0.0909090909091,0.363636363636,0.272727272727,0.272727272727,0.727272727273,EASIER_THAN_AVERAGE
660821,0.221087621279,0.155880817284,1.26538330274,1.10395300947,0.0588235294118,0.411764705882,0.117647058824,0.470588235294,0.117647058824,0.117647058824,0.352941176471,0.294117647059,0.352941176471,0.647058823529,EASIER_THAN_AVERAGE
660844,0.188750744552,0.133882713308,1.01685144875,1.2636399486,0.615384615385,0.0769230769231,0.153846153846,0.153846153846,0.153846153846,0.153846153846,0.230769230769,0.307692307692,0.307692307692,0.692307692308,AVERAGE
661388,0.150408725785,0.12417448975,0.892447830035,0.704250036654,0.272727272727,0.113636363636,0.25,0.431818181818,0.0681818181818,0.0681818181818,0.386363636364,0.227272727273,0.363636363636,0.636363636364,AVERAGE
661531,0.285309333843,0.240168042906,1.17095765016,1.19179712589,0.166666666667,0.333333333333,0,0.666666666667,0.166666666667,0.166666666667,0.333333333333,0.166666666667,0,1,EASIER_THAN_AVERAGE
662139,0.177536974218,0.132698419587,1.11603278911,0.734532238753,0.607142857143,0.0357142857143,0.25,0.142857142857,0,0,0.428571428571,0.178571428571,0.25,0.75,AVERAGE
663330,0.223325911489,0.182174659153,2.02257081344,1.50097395267,0.333333333333,0.111111111111,0.111111111111,0.444444444444,0.111111111111,0.111111111111,0.333333333333,0.555555555556,0.444444444444,0.555555555556,EASIER_THAN_AVERAGE
663368,0.165020424037,0.13958916787,0.967128214377,1.05062158652,0.333333333333,0.333333333333,0.111111111111,0.222222222222,0,0,0.333333333333,0.444444444444,0.444444444444,0.555555555556,AVERAGE
663457,0.197270505537,0.196923268072,1.11787852474,1.13879610112,0.357142857143,0.214285714286,0.214285714286,0.214285714286,0,0,0.357142857143,0.285714285714,0.357142857143,0.642857142857,AVERAGE
663494,0.196213248105,0.136453905771,1.28545310814,0.769053160741,0.642857142857,0.214285714286,0.142857142857,0,0,0,0.142857142857,0.5,0.142857142857,0.857142857143,AVERAGE
663538,0.182226105053,0.137076159521,1.02660478307,0.831721499865,0.114285714286,0.342857142857,0.2,0.457142857143,0.114285714286,0.114285714286,0.457142857143,0.257142857143,0.171428571429,0.828571428571,AVERAGE
663584,0.474561914973,0.474561914973,0.280762006309,0.280762006309,0,0,0,1,1,1,0,0,0,1,EASIER_THAN_AVERAGE
663586,0.224032388527,0.164737529147,0.910371198379,0.555531509332,0.235294117647,0.294117647059,0.0882352941176,0.588235294118,0.264705882353,0.264705882353,0.382352941176,0.382352941176,0.176470588235,0.823529411765,EASIER_THAN_AVERAGE
663604,0.135272335139,0.104205055743,0.766775168175,0.706704440247,0,0.166666666667,0.166666666667,0.666666666667,0,0,0.333333333333,0.333333333333,0.166666666667,0.833333333333,AVERAGE
663611,0.324235729621,0.227296688209,1.18741941804,1.00690335419,0.333333333333,0.166666666667,0,0.5,0.5,0.5,0.333333333333,0,0,1,EASIER_THAN_AVERAGE
663616,0.1709356143,0.119915174099,0.786675473615,0.670488265806,0.117647058824,0.588235294118,0.0588235294118,0.352941176471,0,0,0.411764705882,0.176470588235,0.294117647059,0.705882352941,AVERAGE
663624,0.421382143723,0.421382143723,2.25773224011,2.25773224011,0,0,0,1,0,0,0,1,0,1,EASIER_THAN_AVERAGE
663647,0.253622862706,0.195756516517,1.01957654634,1.09502368271,0.0555555555556,0.333333333333,0,0.722222222222,0.166666666667,0.166666666667,0.222222222222,0.388888888889,0.111111111111,0.888888888889,EASIER_THAN_AVERAGE
663656,0.218303766359,0.166423839214,1.26800525846,0.963119940834,0.0714285714286,0.428571428571,0.0714285714286,0.5,0.142857142857,0.142857142857,0.285714285714,0.25,0.25,0.75,EASIER_THAN_AVERAGE
663662,0.371649074388,0.341724383273,1.52957899475,1.42163675994,0.25,0.5,0,0.5,0.25,0.25,0,0.75,0.25,0.75,EASIER_THAN_AVERAGE
663697,0.135098237321,0.101940157759,0.743996964776,0.509679898226,0.166666666667,0.166666666667,0.333333333333,0.333333333333,0.166666666667,0.166666666667,0,0.666666666667,0.5,0.5,AVERAGE
663698,0.249760155106,0.225509287255,1.53046428457,1.56459956032,0.166666666667,0.166666666667,0,0.666666666667,0,0,0.166666666667,0.5,0.166666666667,0.833333333333,EASIER_THAN_AVERAGE
663728,0.322946556281,0.341566375017,0.949243927216,0.84828646927,0.16,0.32,0.12,0.52,0.36,0.36,0.4,0.28,0.24,0.76,EASIER_THAN_AVERAGE
663743,0.219447961605,0.151662743532,0.883370724533,0.587441086385,0.1,0.5,0.05,0.35,0.15,0.15,0.3,0.55,0.15,0.85,EASIER_THAN_AVERAGE
663757,0.233729120664,0.126846463961,1.01835275401,0.709991448058,0.51724137931,0.137931034483,0.275862068966,0.172413793103,0.206896551724,0.206896551724,0.448275862069,0.310344827586,0.379310344828,0.620689655172,EASIER_THAN_AVERAGE
663837,0.174228624779,0.131073617327,0.886220204863,0.912746193301,0.260869565217,0.304347826087,0.130434782609,0.391304347826,0.0869565217391,0.0869565217391,0.260869565217,0.347826086957,0.173913043478,0.826086956522,AVERAGE
663853,0.255266542417,0.255266542417,1.69747546164,1.69747546164,0,0,1,0,0,0,1,0,0,1,EASIER_THAN_AVERAGE
663886,0.244803675529,0.213844365034,0.930912756948,0.518717212911,0.0967741935484,0.41935483871,0.129032258065,0.354838709677,0.161290322581,0.161290322581,0.258064516129,0.548387096774,0.387096774194,0.612903225806,EASIER_THAN_AVERAGE
663967,0.24924314657,0.162217794685,1.05087613895,0.65771711697,0.6,0,0,0.4,0.2,0.2,0.2,0.4,0,1,EASIER_THAN_AVERAGE
663968,0.198850089809,0.180948003764,0.961910214382,0.662594328914,0.363636363636,0.363636363636,0,0.318181818182,0.0454545454545,0.0454545454545,0.545454545455,0.272727272727,0.227272727273,0.772727272727,AVERAGE
663993,0.176424759761,0.139279799489,1.07294751792,0.915062100771,0.212121212121,0.242424242424,0.363636363636,0.212121212121,0.030303030303,0.030303030303,0.272727272727,0.333333333333,0.242424242424,0.757575757576,AVERAGE
664023,0.194675235561,0.136620097054,0.862279687312,0.573716738395,0.268292682927,0.219512195122,0.219512195122,0.365853658537,0.121951219512,0.121951219512,0.219512195122,0.365853658537,0.243902439024,0.756097560976,AVERAGE
664034,0.193596115501,0.131237207886,1.13991097254,0.878068548602,0.384615384615,0.153846153846,0.115384615385,0.346153846154,0.0769230769231,0.0769230769231,0.384615384615,0.423076923077,0.307692307692,0.692307692308,AVERAGE
664040,0.213197561038,0.128758215678,1.21728108193,1.0334790661,0.242424242424,0.393939393939,0.0909090909091,0.484848484848,0.0606060606061,0.0606060606061,0.30303030303,0.272727272727,0.454545454545,0.545454545455,EASIER_THAN_AVERAGE
664056,0.141255780545,0.126526801409,0.783574875733,0.532842347965,0,0.4,0.4,0.2,0,0,0.4,0.6,0.2,0.8,AVERAGE
664059,0.137062746563,0.137062746563,1.00473856968,1.00473856968,0,0,1,0,0,0,0,1,0,1,AVERAGE
664238,0.296308245258,0.296308245258,0.844502285568,0.844502285568,0,0.5,1,0,0,0,0.5,0,0.5,0.5,EASIER_THAN_AVERAGE
664702,0.180703931131,0.103237972093,1.03682543899,0.663325126107,0.375,0.125,0.166666666667,0.416666666667,0.0833333333333,0.0833333333333,0.166666666667,0.541666666667,0.5,0.5,AVERAGE
664728,0.149626335515,0.121693002933,1.1505180848,0.958792214021,0.5,0.1875,0,0.3125,0,0,0.125,0.4375,0.1875,0.8125,AVERAGE
664731,0.14047751944,0.14047751944,1.22212701757,1.22212701757,0,0,0,1,0,0,1,0,0,1,AVERAGE
664761,0.223764608192,0.158146153719,1.06167751061,0.873070647521,0,0.394736842105,0.342105263158,0.315789473684,0.0789473684211,0.0789473684211,0.368421052632,0.210526315789,0.210526315789,0.789473684211,EASIER_THAN_AVERAGE
664770,0.127841726787,0.0931815444002,0.870407184239,0.623429814246,0.230769230769,0.307692307692,0.307692307692,0.153846153846,0,0,0.230769230769,0.461538461538,0.615384615385,0.384615384615,AVERAGE
664774,0.110811538886,0.0983067281878,0.589709883417,0.465179554363,0.363636363636,0.181818181818,0.181818181818,0.363636363636,0,0,0.363636363636,0.272727272727,0.363636363636,0.636363636364,AVERAGE
664954,0.236075925375,0.199817659395,1.14520486376,1.49509886222,0.25,0.375,0.125,0.25,0.125,0.125,0.125,0.5,0.125,0.875,EASIER_THAN_AVERAGE
664983,0.162291771644,0.117525187531,0.932739153253,0.753175007638,0.36,0.44,0.12,0.2,0.12,0.12,0.56,0.2,0.24,0.76,AVERAGE
665019,0.136384939801,0.106225931232,0.836872948751,0.771995781348,0.409090909091,0.363636363636,0.136363636364,0.136363636364,0.0454545454545,0.0454545454545,0.5,0.272727272727,0.272727272727,0.727272727273,AVERAGE
665052,0.230399323557,0.180169631217,0.816114912889,0.482189995388,0.166666666667,0.416666666667,0.166666666667,0.333333333333,0.166666666667,0.166666666667,0.333333333333,0.5,0.416666666667,0.583333333333,EASIER_THAN_AVERAGE
665161,0.133321555437,0.0982650218729,1.19887753545,0.817184924057,0.266666666667,0.0666666666667,0.0666666666667,0.6,0,0,0.6,0.0666666666667,0.4,0.6,AVERAGE
665487,0.201902328234,0.133060066173,0.868717777608,0.792940033679,0.2,0.3,0.2,0.3,0.1,0.1,0.366666666667,0.3,0.133333333333,0.866666666667,AVERAGE
665489,0.153789745337,0.105742159216,1.08142064638,1.02741195129,0.222222222222,0.305555555556,0.0555555555556,0.5,0.0833333333333,0.0833333333333,0.416666666667,0.305555555556,0.305555555556,0.694444444444,AVERAGE
665506,0.0827420419128,0.0827420419128,0.556439712891,0.556439712891,0,0.5,0,0.5,0,0,0,1,0.5,0.5,HARDER_THAN_AVERAGE
665561,0.164074672096,0.0963249826757,0.985739110533,0.7921168674,0.5,0.1,0,0.5,0,0,0.3,0.4,0.2,0.8,AVERAGE
665742,0.208407976838,0.13428667751,1.11175307043,0.884734284117,0.037037037037,0.481481481481,0.0740740740741,0.407407407407,0.148148148148,0.148148148148,0.592592592593,0.148148148148,0.296296296296,0.703703703704,EASIER_THAN_AVERAGE
665750,0.247565274933,0.193876879702,1.23063123373,1.1148407457,0.21875,0.3125,0.125,0.375,0.125,0.125,0.34375,0.375,0.1875,0.8125,EASIER_THAN_AVERAGE
665804,0.128686872132,0.116358182123,0.685089207589,0.594798973411,0.111111111111,0.277777777778,0.0555555555556,0.555555555556,0,0,0.333333333333,0.222222222222,0.111111111111,0.888888888889,AVERAGE
665828,0.31514822233,0.31514822233,0.840363694651,0.840363694651,0,1,0,0,0,0,0,0,0,1,EASIER_THAN_AVERAGE
665833,0.259812739216,0.203227177163,1.18870524048,0.974164654771,0.192307692308,0.346153846154,0.230769230769,0.269230769231,0.230769230769,0.230769230769,0.346153846154,0.384615384615,0.269230769231,0.730769230769,EASIER_THAN_AVERAGE
665861,0.195536090248,0.195536090248,1.29122798028,1.29122798028,0,0.5,0,0.5,0,0,0.5,0.5,0.5,0.5,AVERAGE
665862,0.178961280487,0.12795061648,0.85047471695,0.556207645318,0.333333333333,0.238095238095,0.0952380952381,0.380952380952,0.142857142857,0.142857142857,0.428571428571,0.190476190476,0.428571428571,0.571428571429,AVERAGE
665877,0.204784671981,0.158718591345,1.09388334063,0.916734823018,0.692307692308,0.0769230769231,0.0769230769231,0.269230769231,0.0384615384615,0.0384615384615,0.230769230769,0.346153846154,0.115384615385,0.884615384615,AVERAGE
665923,0.263382934406,0.217379430184,1.02560104965,0.995999310642,0.318181818182,0.136363636364,0.0909090909091,0.590909090909,0.272727272727,0.272727272727,0.181818181818,0.454545454545,0.227272727273,0.772727272727,EASIER_THAN_AVERAGE
665926,0.178163241166,0.124052446315,0.850245846758,0.724824815028,0.318181818182,0.227272727273,0.136363636364,0.409090909091,0.136363636364,0.136363636364,0.409090909091,0.318181818182,0.318181818182,0.681818181818,AVERAGE
665953,0.107011466316,0.062870667357,0.582267718361,0.447333276987,0.2,0.2,0,0.6,0.0666666666667,0.0666666666667,0.466666666667,0.133333333333,0.333333333333,0.666666666667,AVERAGE
665966,0.143319763315,0.0958818180131,1.42603427582,1.22644185576,0.571428571429,0.0714285714286,0.0714285714286,0.285714285714,0.0714285714286,0.0714285714286,0.357142857143,0.0714285714286,0.428571428571,0.571428571429,AVERAGE
666018,0.204462869738,0.167101231664,1.02298490082,0.840636666318,0.441860465116,0.279069767442,0.0697674418605,0.279069767442,0.162790697674,0.162790697674,0.418604651163,0.279069767442,0.302325581395,0.697674418605,AVERAGE
666023,0.230869711367,0.206900217703,0.617158985636,0.389280573973,0.4,0.3,0.1,0.4,0.3,0.3,0.5,0,0.2,0.8,EASIER_THAN_AVERAGE
666126,0.172242770471,0.128892102275,1.00422250842,0.93540752322,0.28125,0.3125,0.25,0.1875,0.0625,0.0625,0.40625,0.3125,0.1875,0.8125,AVERAGE
666139,0.202100218639,0.137186371883,0.992318014056,0.852818034958,0.454545454545,0.363636363636,0,0.363636363636,0.0909090909091,0.0909090909091,0.181818181818,0.363636363636,0.272727272727,0.727272727273,AVERAGE
666152,0.20655753636,0.155989364185,1.06136179838,0.664544530439,0.136363636364,0.545454545455,0.227272727273,0.136363636364,0,0,0.454545454545,0.227272727273,0.409090909091,0.590909090909,AVERAGE
666160,0.149292958925,0.114796774926,0.830092876881,0.697925977427,0.181818181818,0.454545454545,0.181818181818,0.181818181818,0,0,0.181818181818,0.363636363636,0.181818181818,0.818181818182,AVERAGE
666163,0.187455507362,0.187455507362,1.18101530563,1.18101530563,0,1,0,0,0,0,0,0,0,1,AVERAGE
666176,0.205529054061,0.130643489948,1.00376154575,0.7867234834,0.166666666667,0.266666666667,0.0666666666667,0.566666666667,0.2,0.2,0.3,0.333333333333,0.4,0.6,AVERAGE
666181,0.23210267595,0.201239496116,1.12249584953,0.953467603525,0,0.75,0.125,0.375,0.125,0.125,0.375,0.25,0.25,0.75,EASIER_THAN_AVERAGE
666182,0.145101632199,0.0871788250162,0.967177945888,0.741239847789,0.394736842105,0.157894736842,0.184210526316,0.368421052632,0.0263157894737,0.0263157894737,0.447368421053,0.263157894737,0.263157894737,0.736842105263,AVERAGE
666185,0.150438551044,0.150438551044,1.25016434049,1.25016434049,0,0,0,1,0,0,0,1,0,1,AVERAGE
666211,0.215118409605,0.141353290874,1.06667070385,0.761751076428,0.333333333333,0.266666666667,0.133333333333,0.266666666667,0.2,0.2,0.266666666667,0.333333333333,0.466666666667,0.533333333333,EASIER_THAN_AVERAGE
666310,0.253227203597,0.216234797302,1.05025060989,1.05094465828,0.222222222222,0.333333333333,0.111111111111,0.333333333333,0.222222222222,0.222222222222,0.333333333333,0.444444444444,0.333333333333,0.666666666667,EASIER_THAN_AVERAGE
666397,0.208997618356,0.211642114478,0.883626918508,0.655327121705,0.277777777778,0.222222222222,0.166666666667,0.333333333333,0.0555555555556,0.0555555555556,0.388888888889,0.444444444444,0.444444444444,0.555555555556,EASIER_THAN_AVERAGE
666464,0.0950693035815,0.0950693035815,0.690788184552,0.690788184552,0,1,0,0,0,0,0,0,0,1,HARDER_THAN_AVERAGE
666624,0.296546345006,0.290761267359,1.50391367296,1.58797128949,0.2,0.4,0,0.7,0.2,0.2,0.2,0.2,0.3,0.7,EASIER_THAN_AVERAGE
666969,0.224818588833,0.193781293044,1.02045891334,0.911469620146,0.142857142857,0.428571428571,0.190476190476,0.333333333333,0.0952380952381,0.0952380952381,0.380952380952,0.190476190476,0.238095238095,0.761904761905,EASIER_THAN_AVERAGE
666971,0.147223216603,0.128016697421,0.796841903877,0.500380129402,0,0.222222222222,0.222222222222,0.666666666667,0,0,0.333333333333,0.333333333333,0.222222222222,0.777777777778,AVERAGE
667452,0.413322008801,0.413322008801,2.5904201124,2.5904201124,1,0,0,1,0,0,0,0,0,1,EASIER_THAN_AVERAGE
667472,0.195593395153,0.159356660015,1.34569011455,1.29282369005,0.32,0.08,0.2,0.4,0.08,0.08,0.36,0.32,0.2,0.8,AVERAGE
667670,0.172579583793,0.127040613484,0.792912623687,0.532689395669,0,0.578947368421,0,0.473684210526,0.0526315789474,0.0526315789474,0.368421052632,0.473684210526,0.473684210526,0.526315789474,AVERAGE
668227,0.154564182617,0.117348396503,0.925005035717,0.766303968145,0.270833333333,0.291666666667,0.125,0.333333333333,0.0625,0.0625,0.395833333333,0.291666666667,0.229166666667,0.770833333333,AVERAGE
668670,0.274765223944,0.264219023151,1.21158229283,0.952901563132,0.125,0.125,0,0.75,0.375,0.375,0.5,0.25,0.25,0.75,EASIER_THAN_AVERAGE
668709,0.280315112657,0.223698968736,1.00825144918,0.754029346599,0.161290322581,0.516129032258,0.161290322581,0.322580645161,0.290322580645,0.290322580645,0.354838709677,0.290322580645,0.225806451613,0.774193548387,EASIER_THAN_AVERAGE
668715,0.209524567913,0.138805322402,1.13370586453,0.830902928099,0.285714285714,0.214285714286,0.178571428571,0.392857142857,0.178571428571,0.178571428571,0.25,0.357142857143,0.178571428571,0.821428571429,EASIER_THAN_AVERAGE
668723,0.210082235785,0.116469355122,0.944407362045,0.750321633337,0.2,0.133333333333,0.133333333333,0.533333333333,0.266666666667,0.266666666667,0.4,0.133333333333,0.333333333333,0.666666666667,EASIER_THAN_AVERAGE
668800,0.173082219598,0.0884118710159,1.0586839952,0.882507618152,0.333333333333,0.333333333333,0,0.666666666667,0,0,0,0.666666666667,0.333333333333,0.666666666667,AVERAGE
668804,0.232463448465,0.141831076072,1.16512603984,0.961988433551,0.105263157895,0.5,0.0789473684211,0.342105263158,0.184210526316,0.184210526316,0.368421052632,0.210526315789,0.315789473684,0.684210526316,EASIER_THAN_AVERAGE
668885,0.191297863365,0.15010499192,0.959833217241,0.897840724789,0.208333333333,0.25,0.0416666666667,0.541666666667,0.0833333333333,0.0833333333333,0.291666666667,0.416666666667,0.458333333333,0.541666666667,AVERAGE
668901,0.181785857651,0.116266325791,1.06969523972,1.05355073256,0.047619047619,0.428571428571,0.142857142857,0.428571428571,0.0952380952381,0.0952380952381,0.380952380952,0.285714285714,0.238095238095,0.761904761905,AVERAGE
668904,0.198433139272,0.138973032408,1.20345615299,0.918144056761,0.214285714286,0.357142857143,0.0714285714286,0.428571428571,0.0357142857143,0.0357142857143,0.25,0.25,0.25,0.75,AVERAGE
668930,0.166738099454,0.129735347861,1.00596545201,0.7386202247,0.322580645161,0.290322580645,0.129032258065,0.354838709677,0.0322580645161,0.0322580645161,0.387096774194,0.258064516129,0.354838709677,0.645161290323,AVERAGE
668939,0.226241257402,0.179589441069,1.03919760209,0.802345321194,0.08,0.24,0.2,0.52,0.12,0.12,0.44,0.36,0.28,0.72,EASIER_THAN_AVERAGE
668942,0.161360406431,0.122288855266,0.674896059124,0.312733894877,0,0.5,0,0.5,0,0,0.166666666667,0.5,0.5,0.5,AVERAGE
668952,0.190195036941,0.1406172332,0.958126991047,0.716737220372,0.1,0.4,0.4,0.3,0.1,0.1,0.4,0.4,0.3,0.7,AVERAGE
669003,0.235554621729,0.164751952669,0.975156443799,0.755216308485,0.176470588235,0.323529411765,0.264705882353,0.235294117647,0.205882352941,0.205882352941,0.382352941176,0.294117647059,0.411764705882,0.588235294118,EASIER_THAN_AVERAGE
669004,0.237388185391,0.158255127998,0.934024963865,0.956799143187,0.5,0,0.333333333333,0.333333333333,0.166666666667,0.166666666667,0.5,0.166666666667,0.166666666667,0.833333333333,EASIER_THAN_AVERAGE
669016,0.161298093819,0.124698174651,0.832891119158,0.750216192106,0.115384615385,0.307692307692,0.269230769231,0.307692307692,0,0,0.153846153846,0.346153846154,0.384615384615,0.615384615385,AVERAGE
669065,0.190816144079,0.175921596167,1.05374817657,1.08538426844,0.24,0.44,0.04,0.36,0.08,0.08,0.4,0.16,0.36,0.64,AVERAGE
669127,0.154691569073,0.120005294962,0.977426987793,0.989453629446,0.25,0.25,0.0833333333333,0.416666666667,0.0833333333333,0.0833333333333,0.666666666667,0.0833333333333,0.25,0.75,AVERAGE
669134,0.197142080021,0.166569704521,1.01269697658,0.477383222818,0.166666666667,0.25,0.0833333333333,0.5,0,0,0.333333333333,0.333333333333,0.25,0.75,AVERAGE
669208,0.211496652012,0.211496652012,2.21957942639,2.21957942639,1,0,0,0,0,0,0,0,0,1,EASIER_THAN_AVERAGE
669221,0.186195771851,0.153205612988,1.00964851054,0.694950927266,0.2,0.2,0.2,0.4,0.2,0.2,0.8,0,0,1,AVERAGE
669224,0.157778679875,0.0969551680705,0.853249549771,0.771999515345,0.0769230769231,0.384615384615,0.230769230769,0.307692307692,0.0769230769231,0.0769230769231,0.230769230769,0.307692307692,0.230769230769,0.769230769231,AVERAGE
669236,0.198591993253,0.0974325121813,1.41893065895,0.63486530914,0.428571428571,0.142857142857,0,0.571428571429,0,0,0.142857142857,0.571428571429,0.142857142857,0.857142857143,AVERAGE
669242,0.223630772002,0.159274890039,1.08555327567,0.974051915221,0.3125,0.1875,0.25,0.375,0.1875,0.1875,0.25,0.375,0.4375,0.5625,EASIER_THAN_AVERAGE
669257,0.195819595472,0.127464468743,0.868215179788,0.718438928427,0.333333333333,0.2,0.0666666666667,0.4,0.133333333333,0.133333333333,0.4,0.133333333333,0.266666666667,0.733333333333,AVERAGE
669288,0.234019685718,0.234019685718,3.13434005481,3.13434005481,0,1,0,0,0,0,0,0,1,0,EASIER_THAN_AVERAGE
669289,0.309924742852,0.207592271321,1.55836798945,0.851894399852,0.25,0.25,0.25,0.25,0,0,0,0.25,0,1,EASIER_THAN_AVERAGE
669326,0.251377512107,0.163825688813,1.0353886421,0.120313264142,0,0.666666666667,0.333333333333,0,0,0,0.333333333333,0,0.666666666667,0.333333333333,EASIER_THAN_AVERAGE
669357,0.180362704802,0.122873879799,0.758833207855,0.418074616603,0.5,0.416666666667,0.0833333333333,0.0833333333333,0.0833333333333,0.0833333333333,0.333333333333,0.5,0.166666666667,0.833333333333,AVERAGE
669364,0.189037501461,0.137569128176,0.939273221954,0.833568679607,0.137254901961,0.392156862745,0.21568627451,0.313725490196,0.0980392156863,0.0980392156863,0.372549019608,0.254901960784,0.411764705882,0.588235294118,AVERAGE
669369,0.101434159892,0.101434159892,0.242413902885,0.242413902885,0.5,0.5,0,0.5,0,0,0,1,0,1,AVERAGE
669384,0.119548491109,0.119548491109,0.757655271566,0.757655271566,1,0,0,0,0,0,0,0,0,1,AVERAGE
669392,0.159288467853,0.127589882002,0.943989491035,0.958428466464,0.444444444444,0.111111111111,0,0.444444444444,0.111111111111,0.111111111111,0.222222222222,0.333333333333,0.333333333333,0.666666666667,AVERAGE
669394,0.227467148338,0.140380045713,0.962623522985,0.731802118926,0.0975609756098,0.512195121951,0.170731707317,0.341463414634,0.219512195122,0.219512195122,0.414634146341,0.219512195122,0.219512195122,0.780487804878,EASIER_THAN_AVERAGE
669397,0.144226665045,0.110041755503,1.54044467019,1.17810155801,0.6,0,0,0.4,0,0,0.4,0.6,0.4,0.6,AVERAGE
669398,0.450375089473,0.450375089473,1.78976770894,1.78976770894,0,0.5,0,0.5,0,0,0,0,0.5,0.5,EASIER_THAN_AVERAGE
669477,0.168292882878,0.1227762704,1.17289596463,1.09689833341,0.15,0.2,0.15,0.6,0.15,0.15,0.55,0.15,0.05,0.95,AVERAGE
669699,0.0998067096877,0.0847384792405,0.711102717085,0.612418462969,0.25,0,0.25,0.5,0,0,0,0.25,1,0,AVERAGE
669701,0.193916085806,0.154276560253,1.12814483794,0.916518742042,0.125,0,0.375,0.5,0.125,0.125,0.125,0.25,0.125,0.875,AVERAGE
669707,0.200941870979,0.127978496522,0.844191567831,0.786978020267,0.107142857143,0.25,0.25,0.428571428571,0.214285714286,0.214285714286,0.392857142857,0.357142857143,0.214285714286,0.785714285714,AVERAGE
669720,0.160361163873,0.150035300664,1.31449226028,1.22207033478,0,0.428571428571,0,0.714285714286,0,0,0.142857142857,0.142857142857,0,1,AVERAGE
669743,0.195299187321,0.147603375126,0.92206983884,0.54901924373,0.416666666667,0.166666666667,0,0.416666666667,0.25,0.25,0.25,0.333333333333,0.333333333333,0.666666666667,AVERAGE
669899,0.202389904072,0.219595654093,0.541034409438,0.536866392203,0,0.166666666667,0.333333333333,0.5,0.166666666667,0.166666666667,0,0.5,0.5,0.5,AVERAGE
669911,0.339914491818,0.339914491818,0.224114305723,0.224114305723,0,1,0,0,1,1,0,0,0,1,EASIER_THAN_AVERAGE
670032,0.268896356934,0.20417975784,0.812441864447,0.691510416096,0,0.4375,0.5,0.125,0.25,0.25,0.1875,0.4375,0.5,0.5,EASIER_THAN_AVERAGE
670042,0.218499130616,0.196282842164,0.845004698842,0.699392559082,0.238095238095,0.285714285714,0.285714285714,0.190476190476,0.142857142857,0.142857142857,0.333333333333,0.333333333333,0.190476190476,0.809523809524,EASIER_THAN_AVERAGE
670097,0.218339104603,0.154128480435,0.874203320562,0.737190404929,0.5,0.5,0,0.25,0,0,0.25,0.75,0.25,0.75,EASIER_THAN_AVERAGE
670156,0.142669158967,0.142669158967,0.758416408616,0.758416408616,0,0,1,0,0,0,0,0,0,1,AVERAGE
670224,0.339397370663,0.237517365756,2.50398044548,2.18086458547,0,0.666666666667,0,0.666666666667,0.333333333333,0.333333333333,0.333333333333,0,0.333333333333,0.666666666667,EASIER_THAN_AVERAGE
670231,0.200212211286,0.117236482904,0.966364382073,1.00707149592,0,0.4,0.2,0.6,0,0,0.2,0.4,0.2,0.8,AVERAGE
670242,0.123072820513,0.124565929837,1.49032127654,2.0099170642,0.333333333333,0,0,0.666666666667,0,0,0.333333333333,0.333333333333,0.666666666667,0.333333333333,AVERAGE
670541,0.150236763518,0.133141321588,0.90440515747,0.609665018579,0.304347826087,0.260869565217,0.173913043478,0.347826086957,0.0434782608696,0.0434782608696,0.521739130435,0.130434782609,0.391304347826,0.608695652174,AVERAGE
670623,0.188328058584,0.159617891942,1.00191098407,0.71368718271,0.173913043478,0.260869565217,0.0434782608696,0.565217391304,0.108695652174,0.108695652174,0.5,0.195652173913,0.347826086957,0.652173913043,AVERAGE
670764,0.172700012781,0.119282716143,0.877280752727,0.727958233532,0.333333333333,0.25,0.0833333333333,0.416666666667,0.0416666666667,0.0416666666667,0.125,0.375,0.416666666667,0.583333333333,AVERAGE
670770,0.249736754779,0.17578136345,1.09143893807,0.957481440412,0.5,0.1875,0,0.5,0.1875,0.1875,0.1875,0.3125,0.125,0.875,EASIER_THAN_AVERAGE
671056,0.160972252923,0.119032236592,1.00669429608,0.983998674928,0.255813953488,0.162790697674,0.186046511628,0.395348837209,0.093023255814,0.093023255814,0.395348837209,0.232558139535,0.255813953488,0.744186046512,AVERAGE
671083,0.270229783234,0.24506577969,1.4385094709,0.364798416975,0.4,0,0,0.8,0.2,0.2,0.4,0.2,0.4,0.6,EASIER_THAN_AVERAGE
671218,0.191185650767,0.116935133124,0.718147432576,0.563995300335,0.12,0.28,0.16,0.44,0.2,0.2,0.32,0.36,0.44,0.56,AVERAGE
671277,0.235358710907,0.169008187746,1.08418315059,0.90784849484,0.130434782609,0.521739130435,0.260869565217,0.173913043478,0.0869565217391,0.0869565217391,0.304347826087,0.347826086957,0.391304347826,0.608695652174,EASIER_THAN_AVERAGE
671286,0.299530023631,0.299530023631,0.986356472629,0.986356472629,0,0.5,1,0,0,0,0.5,0,0.5,0.5,EASIER_THAN_AVERAGE
671289,0.188744364929,0.146305898078,1.34289345344,1.28470461047,0.333333333333,0.222222222222,0.111111111111,0.333333333333,0.0555555555556,0.0555555555556,0.333333333333,0.277777777778,0.444444444444,0.555555555556,AVERAGE
671655,0.0908710456582,0.0908710456582,0.0454437751974,0.0454437751974,0,1,0,0,0,0,0,0,0,1,HARDER_THAN_AVERAGE
671732,0.210172704893,0.139369377577,1.0160807655,0.901475177948,0.178571428571,0.321428571429,0.25,0.25,0.214285714286,0.214285714286,0.178571428571,0.464285714286,0.357142857143,0.642857142857,EASIER_THAN_AVERAGE
671739,0.211837636714,0.13491390404,0.947270039298,0.597795026962,0.142857142857,0.428571428571,0.0714285714286,0.357142857143,0.0714285714286,0.0714285714286,0.357142857143,0.285714285714,0.214285714286,0.785714285714,EASIER_THAN_AVERAGE
671976,0.22168254991,0.175778273133,1.02701982955,0.92801006537,0.4,0.1,0.3,0.2,0.2,0.2,0.3,0.2,0.3,0.7,EASIER_THAN_AVERAGE
672012,0.196777460315,0.145867056583,0.976580877888,0.99371058363,0.333333333333,0,0.666666666667,0,0.333333333333,0.333333333333,0,0,0.666666666667,0.333333333333,AVERAGE
672016,0.268978805124,0.204639745721,0.774126108785,0.524278562362,0.2,0.4,0.2,0.2,0.2,0.2,0.4,0.4,0.2,0.8,EASIER_THAN_AVERAGE
672275,0.217594673278,0.156563877226,0.887369895249,0.59779199697,0.15,0.25,0.15,0.45,0.15,0.15,0.3,0.35,0.2,0.8,EASIER_THAN_AVERAGE
672284,0.203357230546,0.147530122618,1.26810339188,0.940144832477,0.25,0.25,0.25,0.25,0,0,0.25,0,0,1,AVERAGE
672356,0.154087182372,0.101291181405,1.32006194026,1.24235481661,0.307692307692,0.0769230769231,0.384615384615,0.230769230769,0,0,0.384615384615,0.230769230769,0.307692307692,0.692307692308,AVERAGE
672386,0.179975849737,0.128641819792,1.16539921941,0.986230238059,0.25,0.1,0.25,0.45,0.05,0.05,0.3,0.15,0.35,0.65,AVERAGE
672515,0.173766355186,0.1422384007,1.16154672562,1.05898114217,0.469387755102,0.102040816327,0.102040816327,0.367346938776,0.0408163265306,0.0408163265306,0.326530612245,0.30612244898,0.326530612245,0.673469387755,AVERAGE
672569,0.0392744010324,0.0392744010324,0.381528935318,0.381528935318,0,0,0,1,0,0,1,0,1,0,HARDER_THAN_AVERAGE
672580,0.210071797295,0.178642343298,1.12302120419,0.977896590397,0.0769230769231,0.410256410256,0.153846153846,0.435897435897,0.128205128205,0.128205128205,0.512820512821,0.153846153846,0.25641025641,0.74358974359,EASIER_THAN_AVERAGE
672613,0.141609057951,0.141609057951,1.27865381237,1.27865381237,0.5,0,0.5,0,0,0,0,1,0.5,0.5,AVERAGE
672640,0.191655684059,0.146240108978,1.10669629213,0.938963013345,0.211538461538,0.384615384615,0.0769230769231,0.384615384615,0.0192307692308,0.0192307692308,0.230769230769,0.326923076923,0.307692307692,0.692307692308,AVERAGE
672642,0.253050354308,0.253050354308,1.02958561875,1.02958561875,0,0,0,1,1,1,0,0,1,0,EASIER_THAN_AVERAGE
672695,0.209703862078,0.163343348178,0.978894041341,0.855127819313,0.0566037735849,0.528301886792,0.0566037735849,0.415094339623,0.11320754717,0.11320754717,0.301886792453,0.264150943396,0.245283018868,0.754716981132,EASIER_THAN_AVERAGE
672724,0.216184040579,0.165596571945,0.986498041136,0.67544806713,0.15,0.3,0.15,0.45,0.2,0.2,0.25,0.5,0.4,0.6,EASIER_THAN_AVERAGE
672761,0.20308144082,0.12299661628,0.716238755898,0.492370984536,0,0.272727272727,0.454545454545,0.363636363636,0.181818181818,0.181818181818,0.363636363636,0.272727272727,0.272727272727,0.727272727273,AVERAGE
672820,0.109088184343,0.0939269202287,0.647960933749,0.554441581352,0.153846153846,0.0769230769231,0.0769230769231,0.692307692308,0.0769230769231,0.0769230769231,0.307692307692,0.384615384615,0.538461538462,0.461538461538,AVERAGE
672960,0.208960873884,0.160261406843,1.06737703531,1.02703971189,0.0666666666667,0.333333333333,0.133333333333,0.488888888889,0.111111111111,0.111111111111,0.377777777778,0.222222222222,0.355555555556,0.644444444444,EASIER_THAN_AVERAGE
673237,0.188836543765,0.18490683317,0.718300100149,0.664363109914,0.333333333333,0.333333333333,0.333333333333,0.166666666667,0.166666666667,0.166666666667,0.5,0.333333333333,0.5,0.5,AVERAGE
673357,0.311525139033,0.294160329499,1.30709798117,1.36582743162,0.0833333333333,0.333333333333,0.0833333333333,0.583333333333,0.333333333333,0.333333333333,0.583333333333,0.0833333333333,0,1,EASIER_THAN_AVERAGE
673490,0.233712009799,0.208051717014,0.853609998745,0.522222500536,0.428571428571,0,0.428571428571,0.285714285714,0.214285714286,0.214285714286,0.285714285714,0.5,0.214285714286,0.785714285714,EASIER_THAN_AVERAGE
673548,0.200984395896,0.178663679142,0.962403506034,0.782093569847,0.254901960784,0.274509803922,0.137254901961,0.352941176471,0.0980392156863,0.0980392156863,0.294117647059,0.254901960784,0.254901960784,0.745098039216,AVERAGE
673962,0.212314713397,0.178665513286,0.979368379976,0.819232992977,0.137931034483,0.344827586207,0.0689655172414,0.48275862069,0.241379310345,0.241379310345,0.344827586207,0.310344827586,0.241379310345,0.758620689655,EASIER_THAN_AVERAGE
675659,0.0684248878395,0.0684248878395,1.26249883659,1.26249883659,0,0,0,1,0,0,1,0,0,1,HARDER_THAN_AVERAGE
675961,0.212582414124,0.130581696923,1.02389209588,0.998815992909,0.444444444444,0,0,0.777777777778,0.111111111111,0.111111111111,0.111111111111,0.444444444444,0.222222222222,0.777777777778,EASIER_THAN_AVERAGE
676356,0.232514547996,0.172214061327,1.3219220657,1.24153082116,0.375,0.291666666667,0.0416666666667,0.375,0.125,0.125,0.291666666667,0.208333333333,0.25,0.75,EASIER_THAN_AVERAGE
676369,0.16387073832,0.119677365206,1.31439037415,1.18389554591,0.428571428571,0,0.142857142857,0.428571428571,0.142857142857,0.142857142857,0.571428571429,0,0,1,AVERAGE
676391,0.128077479949,0.11288570465,0.990371375629,0.945132123311,0.291666666667,0.25,0,0.583333333333,0,0,0.333333333333,0.166666666667,0.416666666667,0.583333333333,AVERAGE
676439,0.245239973163,0.256526733575,0.730509521224,0.568408985191,0.15,0.8,0.05,0.1,0.25,0.25,0.3,0.2,0.2,0.8,EASIER_THAN_AVERAGE
676475,0.1652076674,0.123502198073,0.934475957814,0.688651680032,0.351351351351,0.135135135135,0.135135135135,0.432432432432,0.135135135135,0.135135135135,0.540540540541,0.0810810810811,0.189189189189,0.810810810811,AVERAGE
676551,0.0487531677462,0.0487531677462,0.50493907345,0.50493907345,1,0,0,0,0,0,0,1,1,0,HARDER_THAN_AVERAGE
676572,0.174231833042,0.162535951007,1.07370751685,0.809329658218,0,0.555555555556,0.111111111111,0.333333333333,0.222222222222,0.222222222222,0.222222222222,0.777777777778,0.555555555556,0.444444444444,AVERAGE
676609,0.194046815193,0.172397872011,0.996265176248,0.964134092455,0.125,0.3125,0.15625,0.53125,0.09375,0.09375,0.4375,0.3125,0.34375,0.65625,AVERAGE
676694,0.10808676048,0.115142356038,0.643399599703,0.62595938941,0.166666666667,0.166666666667,0.166666666667,0.5,0,0,0.166666666667,0.5,0.166666666667,0.833333333333,AVERAGE
676724,0.192437783943,0.15160142132,0.920017344267,0.589245161275,0.25,0.25,0.4,0.1,0.1,0.1,0.3,0.3,0.4,0.6,AVERAGE
676914,0.181276782291,0.148249680459,1.13208318385,1.03463476915,0.454545454545,0.0909090909091,0.0909090909091,0.409090909091,0.0454545454545,0.0454545454545,0.363636363636,0.272727272727,0.227272727273,0.772727272727,AVERAGE
677060,0.244374265115,0.244374265115,1.65795517733,1.65795517733,0,0,0,1,0,0,0,1,1,0,EASIER_THAN_AVERAGE
677347,0.0755773510903,0.0755773510903,0.483985403034,0.483985403034,0.5,0.5,0,0,0,0,0,0.5,0,1,HARDER_THAN_AVERAGE
677587,0.154093604007,0.0871492681072,0.813032957866,0.6455273589,0.268292682927,0.341463414634,0.0975609756098,0.317073170732,0.0487804878049,0.0487804878049,0.439024390244,0.219512195122,0.317073170732,0.682926829268,AVERAGE
677588,0.171004715452,0.122258346509,0.959703194885,0.607508549226,0.214285714286,0,0,0.785714285714,0.142857142857,0.142857142857,0.142857142857,0.357142857143,0.357142857143,0.642857142857,AVERAGE
677592,0.53597904378,0.53597904378,1.75960257036,1.75960257036,0,1,0,1,1,1,0,0,1,0,EASIER_THAN_AVERAGE
677594,0.185724062726,0.168340018015,1.02253327591,0.789192297317,0.0540540540541,0.594594594595,0.135135135135,0.297297297297,0.0810810810811,0.0810810810811,0.297297297297,0.243243243243,0.324324324324,0.675675675676,AVERAGE
677595,0.237026903396,0.168763792672,0.180730960595,0.125173769251,0.333333333333,0.333333333333,0.666666666667,0,0,0,0.333333333333,0.666666666667,0.666666666667,0.333333333333,EASIER_THAN_AVERAGE
677649,0.148030478184,0.133444630022,0.768849573512,0.496808927236,0.34375,0.0625,0.0625,0.5625,0.09375,0.09375,0.28125,0.40625,0.28125,0.71875,AVERAGE
677800,0.235970224645,0.166958262539,1.22547092381,1.06572089092,0.487804878049,0.219512195122,0.0975609756098,0.317073170732,0.19512195122,0.19512195122,0.536585365854,0.0975609756098,0.317073170732,0.682926829268,EASIER_THAN_AVERAGE
677870,0.205085010273,0.153217970046,0.926389394995,0.762097492749,0.25,0.291666666667,0.0833333333333,0.416666666667,0.291666666667,0.291666666667,0.166666666667,0.375,0.458333333333,0.541666666667,AVERAGE
677942,0.182064648114,0.127452255788,1.17306145017,0.939621034121,0.32,0.12,0.28,0.32,0.08,0.08,0.36,0.36,0.32,0.68,AVERAGE
677950,0.172647601048,0.162695612272,0.672665464418,0.355738984788,0.25,0.25,0.25,0.375,0.125,0.125,0.375,0.25,0.125,0.875,AVERAGE
677951,0.177304023173,0.0989371939906,0.770314098812,0.603125841155,0.119047619048,0.214285714286,0.142857142857,0.595238095238,0.119047619048,0.119047619048,0.404761904762,0.309523809524,0.285714285714,0.714285714286,AVERAGE
677956,0.11072304728,0.11072304728,0.468633093174,0.468633093174,0,0,0,1,0,0,0,1,1,0,AVERAGE
678009,0.2505463605,0.2505463605,1.68614568614,1.68614568614,0,1,0,0.5,0,0,0,0,0.5,0.5,EASIER_THAN_AVERAGE
678011,0.186123763374,0.12949669227,1.16065944094,0.977987049862,0.333333333333,0.266666666667,0,0.466666666667,0.133333333333,0.133333333333,0.466666666667,0.266666666667,0.333333333333,0.666666666667,AVERAGE
678218,0.257854654371,0.200971967551,1.00750532718,0.822495771395,0.25,0.375,0.125,0.375,0.25,0.25,0.0625,0.375,0.3125,0.6875,EASIER_THAN_AVERAGE
678246,0.229541860873,0.169532537638,1.11416206063,0.967450114277,0.191489361702,0.276595744681,0.063829787234,0.553191489362,0.148936170213,0.148936170213,0.36170212766,0.276595744681,0.234042553191,0.765957446809,EASIER_THAN_AVERAGE
678391,0.169684157611,0.0991499315745,1.21866861008,1.11161393659,0.684210526316,0.105263157895,0.157894736842,0.105263157895,0.105263157895,0.105263157895,0.157894736842,0.263157894737,0.368421052632,0.631578947368,AVERAGE
678489,0.22793495803,0.137516381304,0.992631855883,1.06733879734,0.666666666667,0.0666666666667,0.0666666666667,0.333333333333,0.133333333333,0.133333333333,0.266666666667,0.466666666667,0.2,0.8,EASIER_THAN_AVERAGE
678545,0.116330118585,0.0996304129011,0.789816926942,0.644839194823,0.416666666667,0.25,0.0833333333333,0.25,0.0833333333333,0.0833333333333,0.416666666667,0.166666666667,0.0833333333333,0.916666666667,AVERAGE
678554,0.190029143929,0.134636162375,1.06490780375,0.807842607928,0.3125,0.1875,0.0625,0.5,0.09375,0.09375,0.375,0.28125,0.40625,0.59375,AVERAGE
678577,0.374168365009,0.374168365009,1.9535289267,1.9535289267,0.5,0,0,0.5,0.5,0.5,0,1,0.5,0.5,EASIER_THAN_AVERAGE
678662,0.166603497269,0.106026397125,1.03601247864,0.696911027641,0.142857142857,0.214285714286,0.107142857143,0.678571428571,0.142857142857,0.142857142857,0.285714285714,0.142857142857,0.535714285714,0.464285714286,AVERAGE
678882,0.178828975253,0.129492379418,1.391752823,1.05807786729,0.178571428571,0.25,0.142857142857,0.464285714286,0.107142857143,0.107142857143,0.357142857143,0.214285714286,0.285714285714,0.714285714286,AVERAGE
679529,0.176866139036,0.136517838076,1.01826814451,0.83411920945,0.166666666667,0.208333333333,0.104166666667,0.5625,0.0833333333333,0.0833333333333,0.270833333333,0.416666666667,0.1875,0.8125,AVERAGE
679822,0.18166950322,0.141904678206,0.963197281742,0.773159359425,0.526315789474,0.105263157895,0.0526315789474,0.315789473684,0.105263157895,0.105263157895,0.263157894737,0.421052631579,0.157894736842,0.842105263158,AVERAGE
679845,0.166753717863,0.109521036784,0.926054681032,0.65189477532,0.172413793103,0.241379310345,0.103448275862,0.51724137931,0.103448275862,0.103448275862,0.379310344828,0.275862068966,0.310344827586,0.689655172414,AVERAGE
680474,0.296917198897,0.230267527317,1.6846853,1.34251985512,0.333333333333,0.333333333333,0.222222222222,0.111111111111,0,0,0.111111111111,0.333333333333,0.333333333333,0.666666666667,EASIER_THAN_AVERAGE
680574,0.220618671075,0.143460166669,1.10551006377,1.0677241643,0.3,0.32,0.12,0.32,0.1,0.1,0.26,0.34,0.2,0.8,EASIER_THAN_AVERAGE
680664,0.0960085777088,0.0960085777088,0.114741667764,0.114741667764,0,1,0,0,0,0,1,0,0,1,HARDER_THAN_AVERAGE
680700,0.222997267211,0.144523204285,1.13316146053,0.850805885369,0.541666666667,0.0833333333333,0.166666666667,0.291666666667,0.166666666667,0.166666666667,0.291666666667,0.291666666667,0.291666666667,0.708333333333,EASIER_THAN_AVERAGE
680718,0.0346996435501,0.0346996435501,0.108962296858,0.108962296858,1,0,0,0,0,0,0,0,0,1,HARDER_THAN_AVERAGE
680728,0.242331776665,0.147698258787,0.716240001598,0.343204391972,0.363636363636,0.363636363636,0.181818181818,0.0909090909091,0.363636363636,0.363636363636,0.181818181818,0.272727272727,0.272727272727,0.727272727273,EASIER_THAN_AVERAGE
680737,0.0843772726184,0.0843772726184,1.03195248331,1.03195248331,0,0,0,1,0,0,0,1,1,0,HARDER_THAN_AVERAGE
680757,0.175136804497,0.124749064646,1.22037407272,1.04190329365,0.462962962963,0.203703703704,0.0925925925926,0.296296296296,0.0555555555556,0.0555555555556,0.277777777778,0.333333333333,0.277777777778,0.722222222222,AVERAGE
680776,0.201405425937,0.164929487621,1.17240160025,1.19362863086,0.2,0.52,0.08,0.28,0.08,0.08,0.28,0.44,0.16,0.84,AVERAGE
680777,0.265106719756,0.24931867649,1.09116624757,0.80326593426,0.0689655172414,0.413793103448,0.0689655172414,0.586206896552,0.241379310345,0.241379310345,0.310344827586,0.344827586207,0.344827586207,0.655172413793,EASIER_THAN_AVERAGE
680779,0.141268862791,0.104755149847,0.970570507328,0.85029769981,0.272727272727,0.272727272727,0.272727272727,0.181818181818,0.0909090909091,0.0909090909091,0.272727272727,0.363636363636,0.363636363636,0.636363636364,AVERAGE
680869,0.245608086136,0.169531020021,1.13837521637,1.20060355118,0,0.310344827586,0.172413793103,0.51724137931,0.137931034483,0.137931034483,0.275862068966,0.379310344828,0.51724137931,0.48275862069,EASIER_THAN_AVERAGE
680977,0.155650000497,0.104017484608,0.487866110845,0.436202160305,0.25,0.375,0.0625,0.375,0.0625,0.0625,0.1875,0.3125,0.5625,0.4375,AVERAGE
681047,0.182880567193,0.0963054737059,0.643975502267,0.550809370116,0.4,0,0.2,0.4,0.1,0.1,0.3,0.5,0.2,0.8,AVERAGE
681082,0.194012182493,0.130519137251,0.927126926635,0.705381145138,0.186046511628,0.302325581395,0.0232558139535,0.488372093023,0.0697674418605,0.0697674418605,0.325581395349,0.418604651163,0.279069767442,0.720930232558,AVERAGE
681146,0.0695396801234,0.0695396801234,0.439439367416,0.439439367416,1,0,0,0,0,0,1,0,0,1,HARDER_THAN_AVERAGE
681198,0.171574653278,0.112655134922,0.979725435503,0.713103001756,0.037037037037,0.555555555556,0.037037037037,0.481481481481,0.037037037037,0.037037037037,0.444444444444,0.148148148148,0.185185185185,0.814814814815,AVERAGE
681230,0.13158455537,0.13158455537,0.715363615886,0.715363615886,0,0,1,0,0,0,0,1,0,1,AVERAGE
681297,0.285559545655,0.154986491011,1.09485485557,0.804611036358,0.047619047619,0.571428571429,0.0952380952381,0.333333333333,0.238095238095,0.238095238095,0.333333333333,0.285714285714,0.238095238095,0.761904761905,EASIER_THAN_AVERAGE
681351,0.230242029131,0.197149513991,1.179961037,1.23293489853,0.2,0.45,0,0.4,0.1,0.1,0.3,0.35,0.2,0.8,EASIER_THAN_AVERAGE
681393,0.194428423492,0.148561861195,1.01498913498,0.806644625733,0.304347826087,0.0434782608696,0.0434782608696,0.608695652174,0.217391304348,0.217391304348,0.304347826087,0.260869565217,0.260869565217,0.739130434783,AVERAGE
681481,0.123334784001,0.0927483081983,0.559397801611,0.446320103182,0.285714285714,0.285714285714,0.285714285714,0.285714285714,0.0714285714286,0.0714285714286,0.357142857143,0.285714285714,0.142857142857,0.857142857143,AVERAGE
681508,0.222982707375,0.153436921113,1.19514179661,1.09534122814,0.153846153846,0.461538461538,0.0769230769231,0.384615384615,0.153846153846,0.153846153846,0.384615384615,0.307692307692,0.230769230769,0.769230769231,EASIER_THAN_AVERAGE
681546,0.172025747157,0.113240288133,1.04369296432,1.06816503539,0.272727272727,0.181818181818,0,0.545454545455,0.0909090909091,0.0909090909091,0.181818181818,0.181818181818,0.363636363636,0.636363636364,AVERAGE
681624,0.173491872931,0.113774781689,1.03311761758,0.78178491791,0.4,0.0666666666667,0.133333333333,0.444444444444,0.0888888888889,0.0888888888889,0.444444444444,0.311111111111,0.2,0.8,AVERAGE
681715,0.20754272916,0.149461904816,0.948999401658,0.545511643865,0.0952380952381,0.452380952381,0.119047619048,0.428571428571,0.119047619048,0.119047619048,0.452380952381,0.261904761905,0.285714285714,0.714285714286,AVERAGE
681807,0.184154653827,0.0815754587802,0.550515888509,0.412179364421,0.352941176471,0.294117647059,0.235294117647,0.117647058824,0.235294117647,0.235294117647,0.529411764706,0.235294117647,0.352941176471,0.647058823529,AVERAGE
681987,0.228979060954,0.228979060954,2.11676416502,2.11676416502,0,0.5,0.5,0.5,0,0,0.5,0,0,1,EASIER_THAN_AVERAGE
682177,0.174511028585,0.178157257436,0.948090120813,0.656958344329,0.1,0.4,0.1,0.6,0.1,0.1,0.3,0.5,0.4,0.6,AVERAGE
682515,0.18550521479,0.18550521479,1.54487662817,1.54487662817,1,0,0,0,0,0,0,0,1,0,AVERAGE
682622,0.206728381023,0.0917966638816,1.19062956636,0.676348565643,0,0.333333333333,0,0.666666666667,0.166666666667,0.166666666667,0.166666666667,0.166666666667,0.5,0.5,AVERAGE
682626,0.171705152015,0.144382267141,0.906811178884,0.512765968893,0.206896551724,0.206896551724,0.103448275862,0.551724137931,0.103448275862,0.103448275862,0.344827586207,0.344827586207,0.413793103448,0.586206896552,AVERAGE
682634,0.161411258517,0.197999779853,0.787946021782,0.515957370146,0,0,0.666666666667,0.333333333333,0,0,0.333333333333,0,0,1,AVERAGE
682641,0.372568740434,0.372568740434,0.879627361778,0.879627361778,0,0,0,1,1,1,1,0,0,1,EASIER_THAN_AVERAGE
682657,0.172157953973,0.107862387184,1.22013998887,0.795229397232,0.363636363636,0.136363636364,0.181818181818,0.409090909091,0.0454545454545,0.0454545454545,0.181818181818,0.454545454545,0.318181818182,0.681818181818,AVERAGE
682663,0.123020478319,0.0830981260259,1.41820642535,1.4820559234,0,0,0.666666666667,0.333333333333,0,0,0,0,0.333333333333,0.666666666667,AVERAGE
682668,0.10684261106,0.0836073172487,0.954460731334,0.950372345927,0.666666666667,0,0,0.416666666667,0,0,0.0833333333333,0.666666666667,0.416666666667,0.583333333333,AVERAGE
682674,0.137952832847,0.102140495495,1.51564882688,1.49720943189,0,0.142857142857,0.142857142857,0.714285714286,0,0,0.428571428571,0.285714285714,0.285714285714,0.714285714286,AVERAGE
682729,0.0471835081433,0.0471835081433,0.734681431121,0.734681431121,0,0,0,1,0,0,1,0,0,1,HARDER_THAN_AVERAGE
682818,0.181480322541,0.10982419378,1.04786745245,1.07860785996,0.333333333333,0.166666666667,0.166666666667,0.333333333333,0,0,0,0.333333333333,0.5,0.5,AVERAGE
682829,0.20056842019,0.145295718551,0.657019808732,0.560081691741,0.0731707317073,0.487804878049,0.292682926829,0.170731707317,0.146341463415,0.146341463415,0.317073170732,0.365853658537,0.365853658537,0.634146341463,AVERAGE
682848,0.152680415278,0.10747167735,0.678922738571,0.879544207311,0.2,0,0.2,0.6,0.2,0.2,0,0.6,0.8,0.2,AVERAGE
682877,0.134274430353,0.121244899908,0.903435433279,1.08182875975,0,0.285714285714,0.142857142857,0.571428571429,0,0,0.571428571429,0.142857142857,0.428571428571,0.571428571429,AVERAGE
682927,0.137223757892,0.11136531752,2.00299881677,1.81056105348,0.75,0,0,0.25,0,0,0.25,0.5,0.75,0.25,AVERAGE
682928,0.199461343128,0.165811365304,0.971503389715,0.728165053172,0.235294117647,0.470588235294,0.147058823529,0.205882352941,0.0588235294118,0.0588235294118,0.441176470588,0.176470588235,0.264705882353,0.735294117647,AVERAGE
682985,0.239419238215,0.193178442141,1.08523902897,1.05264029494,0.28125,0.28125,0.03125,0.46875,0.21875,0.21875,0.34375,0.28125,0.125,0.875,EASIER_THAN_AVERAGE
682987,0.185360964232,0.0994767503784,1.0390790279,0.947623799708,0.111111111111,0,0.222222222222,0.666666666667,0.111111111111,0.111111111111,0.333333333333,0.333333333333,0.222222222222,0.777777777778,AVERAGE
682988,0.217577355482,0.217577355482,1.21752778024,1.21752778024,0.5,0,0,0.5,0,0,0,0.5,0.5,0.5,EASIER_THAN_AVERAGE
682997,0.188125302087,0.136426026135,0.91724230938,0.934732497285,0.25,0,0.25,0.5,0.25,0.25,0.25,0.5,0.5,0.5,AVERAGE
682998,0.148692435688,0.128971611905,0.986952684074,0.856110428175,0.441176470588,0.205882352941,0.0882352941176,0.294117647059,0.0882352941176,0.0882352941176,0.352941176471,0.176470588235,0.235294117647,0.764705882353,AVERAGE
683002,0.173733412593,0.131180101034,1.22226868251,0.919974369763,0.153846153846,0.423076923077,0.115384615385,0.307692307692,0.115384615385,0.115384615385,0.423076923077,0.269230769231,0.269230769231,0.730769230769,AVERAGE
683011,0.183731044428,0.1317321506,1.08095842479,0.886505896643,0.235294117647,0.352941176471,0.117647058824,0.352941176471,0.117647058824,0.117647058824,0.352941176471,0.235294117647,0.352941176471,0.647058823529,AVERAGE
683021,0.370284996001,0.370284996001,1.02308660413,1.02308660413,0,1,0,0,0,0,0,1,1,0,EASIER_THAN_AVERAGE
683083,0.15334159399,0.133012344136,0.736705888432,0.621410675227,0.378378378378,0.135135135135,0.27027027027,0.216216216216,0.027027027027,0.027027027027,0.297297297297,0.378378378378,0.405405405405,0.594594594595,AVERAGE
683146,0.20109091413,0.124474519543,1.15036748047,0.961846182505,0.315789473684,0.263157894737,0.263157894737,0.263157894737,0.105263157895,0.105263157895,0.0526315789474,0.368421052632,0.578947368421,0.421052631579,AVERAGE
683227,0.171694301381,0.0954213478974,0.449493016436,0.489151933363,0.222222222222,0.111111111111,0.333333333333,0.333333333333,0.111111111111,0.111111111111,0.333333333333,0.555555555556,0.333333333333,0.666666666667,AVERAGE
683357,0.242185261077,0.169588529659,1.03531270821,0.941034078223,0.12,0.36,0.32,0.24,0.16,0.16,0.44,0.16,0.16,0.84,EASIER_THAN_AVERAGE
683679,0.186628540545,0.0647049106778,0.375803251572,0.337804226578,0.4,0.2,0,0.4,0.2,0.2,0.2,0.6,0.2,0.8,AVERAGE
683734,0.196410402524,0.158741883824,1.00784314701,0.915402762081,0.151515151515,0.181818181818,0.121212121212,0.545454545455,0.0909090909091,0.0909090909091,0.30303030303,0.242424242424,0.272727272727,0.727272727273,AVERAGE
683737,0.152246230433,0.111272892767,0.705326640291,0.520026372124,0.28125,0.25,0.03125,0.46875,0.09375,0.09375,0.5,0.25,0.0625,0.9375,AVERAGE
683748,0.160900856405,0.135218093162,1.14755951508,0.64449657293,0.75,0.166666666667,0.166666666667,0.0833333333333,0.0833333333333,0.0833333333333,0.25,0.166666666667,0.25,0.75,AVERAGE
683766,0.301835903798,0.409738019781,0.864165790387,0.571413992251,0.1,0.6,0.2,0.3,0.5,0.5,0.2,0.3,0.6,0.4,EASIER_THAN_AVERAGE
683953,0.28229216719,0.227974290669,1.10138098987,0.879262309353,0,0.538461538462,0.0769230769231,0.461538461538,0.269230769231,0.269230769231,0.5,0.269230769231,0.461538461538,0.538461538462,EASIER_THAN_AVERAGE
685133,0.221205217746,0.146768556386,0.775414078374,0.554601167373,0.04,0.44,0.28,0.32,0.12,0.12,0.44,0.28,0.08,0.92,EASIER_THAN_AVERAGE
686217,0.178197998492,0.1523292997,0.95737904199,0.747380844943,0.4,0.16,0.24,0.24,0.08,0.08,0.28,0.32,0.24,0.76,AVERAGE
686452,0.175396320803,0.0955234582437,0.984407018191,0.657914537427,0.384615384615,0.230769230769,0.153846153846,0.230769230769,0.153846153846,0.153846153846,0.384615384615,0.0769230769231,0.307692307692,0.692307692308,AVERAGE
686469,0.178595343024,0.14722295828,1.16717062616,0.914412136079,0.0869565217391,0.434782608696,0.130434782609,0.347826086957,0,0,0.521739130435,0.217391304348,0.304347826087,0.695652173913,AVERAGE
686475,0.119986177591,0.060284679225,0.275000669881,0.236078580086,0.428571428571,0.142857142857,0.428571428571,0.142857142857,0.142857142857,0.142857142857,0.142857142857,0.428571428571,0.285714285714,0.714285714286,AVERAGE
686527,0.179696566134,0.0983384036581,0.748760984064,0.437022675123,0.260869565217,0.347826086957,0.130434782609,0.304347826087,0.130434782609,0.130434782609,0.347826086957,0.260869565217,0.304347826087,0.695652173913,AVERAGE
686554,0.220997742412,0.220997742412,2.62180315869,2.62180315869,1,0,0,0,0,0,0,1,1,0,EASIER_THAN_AVERAGE
686555,0.170285927637,0.153696119919,1.00855536853,0.768586094544,0.428571428571,0.142857142857,0.171428571429,0.257142857143,0.142857142857,0.142857142857,0.228571428571,0.285714285714,0.228571428571,0.771428571429,AVERAGE
686611,0.229772877609,0.204652081799,1.00691023362,0.930569643843,0.173913043478,0.434782608696,0.173913043478,0.304347826087,0.217391304348,0.217391304348,0.130434782609,0.434782608696,0.347826086957,0.652173913043,EASIER_THAN_AVERAGE
686668,0.251018910649,0.215299643896,1.27279038315,0.722812145929,0,0.285714285714,0,0.714285714286,0.285714285714,0.285714285714,0.428571428571,0,0.428571428571,0.571428571429,EASIER_THAN_AVERAGE
686681,0.224983366027,0.169996853343,0.894012441638,0.791227018512,0.15,0.4,0.1,0.35,0.15,0.15,0.25,0.45,0.35,0.65,EASIER_THAN_AVERAGE
686765,0.2332877977,0.150842570887,1.12012562643,0.893311077513,0.12,0.52,0.24,0.2,0.08,0.08,0.36,0.32,0.16,0.84,EASIER_THAN_AVERAGE
686780,0.169036916784,0.119064400277,0.822526777983,0.541989446163,0.0714285714286,0.214285714286,0.0714285714286,0.714285714286,0,0,0.142857142857,0.142857142857,0.142857142857,0.857142857143,AVERAGE
686797,0.149870270171,0.134157670806,1.0690988256,0.850815323325,0.16,0.36,0.2,0.28,0,0,0.28,0.24,0.36,0.64,AVERAGE
686823,0.233769609778,0.233769609778,1.53376671208,1.53376671208,0,0.5,0.5,0,0,0,0,0.5,0,1,EASIER_THAN_AVERAGE
686894,0.166878494348,0.0863291515148,1.10200673439,1.00641498962,0.2,0,0.4,0.4,0,0,0.2,0.4,0.6,0.4,AVERAGE
686948,0.179867800011,0.161316439471,0.748535225791,0.514346292395,0.375,0.166666666667,0.166666666667,0.416666666667,0.166666666667,0.166666666667,0.541666666667,0.125,0.166666666667,0.833333333333,AVERAGE
687093,0.240484564403,0.132606526781,0.919209460827,0.688717433333,0.111111111111,0.296296296296,0.148148148148,0.444444444444,0.148148148148,0.148148148148,0.111111111111,0.481481481481,0.222222222222,0.777777777778,EASIER_THAN_AVERAGE
687221,0.237330694695,0.203638327686,0.715236660841,0.29126108206,0.454545454545,0.0909090909091,0,0.454545454545,0.272727272727,0.272727272727,0.0909090909091,0.272727272727,0.0909090909091,0.909090909091,EASIER_THAN_AVERAGE
687231,0.244908399437,0.19431400085,1.20084507366,0.766912002759,0.266666666667,0.133333333333,0.133333333333,0.466666666667,0.333333333333,0.333333333333,0.133333333333,0.333333333333,0.2,0.8,EASIER_THAN_AVERAGE
687263,0.180618382399,0.11915759747,1.14564260477,0.853719193198,0.046511627907,0.279069767442,0.093023255814,0.674418604651,0.0697674418605,0.0697674418605,0.418604651163,0.302325581395,0.209302325581,0.790697674419,AVERAGE
687282,0.105914000837,0.092612854418,0.824693638557,0.85682813911,0.25,0.125,0.25,0.5,0,0,0.125,0.625,0.625,0.375,AVERAGE
687363,0.211473860635,0.112660703673,0.779207303327,0.619281880092,0.583333333333,0.25,0,0.25,0.0833333333333,0.0833333333333,0.166666666667,0.416666666667,0.333333333333,0.666666666667,EASIER_THAN_AVERAGE
687401,0.158622918715,0.126516881484,1.03475502633,0.610775882399,0.407407407407,0.148148148148,0.259259259259,0.296296296296,0,0,0.222222222222,0.37037037037,0.259259259259,0.740740740741,AVERAGE
687462,0.174779297091,0.123312027612,1.21530403734,0.666516758143,0.588235294118,0.0882352941176,0.147058823529,0.205882352941,0.0588235294118,0.0588235294118,0.323529411765,0.294117647059,0.470588235294,0.529411764706,AVERAGE
687515,0.364771742305,0.307531448994,0.750021478239,0.424505845801,0.333333333333,0.333333333333,0.333333333333,0.333333333333,0.666666666667,0.666666666667,0.333333333333,0.333333333333,0.333333333333,0.666666666667,EASIER_THAN_AVERAGE
687529,0.266787181042,0.265539364789,1.37107155186,0.897608638352,0.5,0,0,0.75,0.25,0.25,0.75,0.25,0,1,EASIER_THAN_AVERAGE
687551,0.202257460059,0.161794215385,1.02539597621,0.889874163258,0.5,0.230769230769,0.230769230769,0.0769230769231,0.115384615385,0.115384615385,0.192307692308,0.346153846154,0.346153846154,0.653846153846,AVERAGE
687597,0.277256921568,0.212077365332,0.933360125436,0.789930371135,0.0714285714286,0.714285714286,0.0714285714286,0.285714285714,0.214285714286,0.214285714286,0.214285714286,0.357142857143,0.285714285714,0.714285714286,EASIER_THAN_AVERAGE
687605,0.207292204162,0.1938721784,1.27572300129,1.24278793648,0,0.75,0.25,0.25,0,0,0,0,0.75,0.25,AVERAGE
687637,0.178285089339,0.129412652092,0.836078565296,0.582059441142,0.0434782608696,0.434782608696,0.0869565217391,0.478260869565,0.130434782609,0.130434782609,0.304347826087,0.217391304348,0.478260869565,0.521739130435,AVERAGE
687749,0.183059188551,0.15190482315,1.13154062992,0.980457982178,0.285714285714,0.285714285714,0.142857142857,0.285714285714,0.142857142857,0.142857142857,0.285714285714,0.428571428571,0.714285714286,0.285714285714,AVERAGE
687859,0.14083615292,0.106593335184,0.990100919767,0.956037798131,0.4,0.133333333333,0.2,0.266666666667,0,0,0.4,0.333333333333,0.333333333333,0.666666666667,AVERAGE
687952,0.152146378974,0.12913557909,0.724636690588,0.534841729939,0.1,0.3,0.3,0.4,0.1,0.1,0.5,0.2,0.1,0.9,AVERAGE
687957,0.28188143564,0.240991052009,1.25030456165,1.36087942354,0.25,0.625,0,0.125,0,0,0.125,0.375,0.625,0.375,EASIER_THAN_AVERAGE
688363,0.174721296398,0.164968966837,0.544907980091,0.561554923886,0.4,0.266666666667,0,0.466666666667,0.133333333333,0.133333333333,0.2,0.466666666667,0.533333333333,0.466666666667,AVERAGE
689414,0.189052192693,0.143641450247,1.36080884764,1.14550073948,0.375,0.15625,0.03125,0.53125,0,0,0.15625,0.28125,0.25,0.75,AVERAGE
690022,0.179088200443,0.179088200443,0.783855740194,0.783855740194,0,1,0,1,0,0,0,1,0,1,AVERAGE
690924,0.17909590644,0.142134002522,0.923189357212,1.15353874286,0.166666666667,0.166666666667,0.166666666667,0.5,0.166666666667,0.166666666667,0.166666666667,0.333333333333,0.666666666667,0.333333333333,AVERAGE
690976,0.204355173364,0.13347441042,0.984807487187,0.82879640534,0.428571428571,0.214285714286,0.107142857143,0.285714285714,0.142857142857,0.142857142857,0.285714285714,0.321428571429,0.25,0.75,AVERAGE
690984,0.177260592868,0.136148403848,0.577525558955,0.53645990311,0.333333333333,0.111111111111,0,0.666666666667,0.111111111111,0.111111111111,0.222222222222,0.444444444444,0.333333333333,0.666666666667,AVERAGE
690993,0.193831965675,0.15258499695,0.85406838624,0.640590971392,0.125,0.40625,0.15625,0.375,0.03125,0.03125,0.3125,0.21875,0.09375,0.90625,AVERAGE
691002,0.208547016368,0.0611238177963,1.00394068568,1.0143052667,0,0.25,0.25,0.5,0.25,0.25,0.5,0,0.5,0.5,EASIER_THAN_AVERAGE
691011,0.278819225422,0.118052152744,1.43992577058,1.01575766439,0.142857142857,0.571428571429,0,0.428571428571,0.285714285714,0.285714285714,0.714285714286,0.142857142857,0.285714285714,0.714285714286,EASIER_THAN_AVERAGE
691016,0.195447190494,0.163212227085,0.721149326201,0.545650994579,0.103448275862,0.586206896552,0.310344827586,0.0689655172414,0.0344827586207,0.0344827586207,0.241379310345,0.344827586207,0.275862068966,0.724137931034,AVERAGE
691019,0.156870926569,0.184725350392,0.495259952661,0.488525135495,0.571428571429,0.142857142857,0.142857142857,0.142857142857,0.285714285714,0.285714285714,0.142857142857,0.428571428571,0.714285714286,0.285714285714,AVERAGE
691023,0.190916702549,0.148639316385,1.22548674324,1.07659548063,0,0.352941176471,0.117647058824,0.647058823529,0.117647058824,0.117647058824,0.352941176471,0.382352941176,0.264705882353,0.735294117647,AVERAGE
691026,0.19864698235,0.108722569425,1.09800793397,0.888147175788,0.595238095238,0,0.0714285714286,0.357142857143,0.119047619048,0.119047619048,0.261904761905,0.357142857143,0.190476190476,0.809523809524,AVERAGE
691176,0.200466343037,0.130236176282,1.01544803776,0.571884478542,0.357142857143,0.142857142857,0.142857142857,0.428571428571,0.142857142857,0.142857142857,0.142857142857,0.5,0.5,0.5,AVERAGE
691182,0.251516990954,0.223959986322,1.50035851474,1.71438185781,0.5,0.25,0,0.25,0,0,0,0.25,0.5,0.5,EASIER_THAN_AVERAGE
691373,0.10144241221,0.10144241221,0.561255918116,0.561255918116,1,0,0,0,0,0,0,1,0.5,0.5,AVERAGE
691406,0.186741969004,0.149332281237,1.05283302888,0.694594661091,0.136363636364,0.227272727273,0.227272727273,0.477272727273,0.0681818181818,0.0681818181818,0.454545454545,0.136363636364,0.113636363636,0.886363636364,AVERAGE
691458,0.179493858592,0.117631786299,1.16401164428,1.30841433197,0,0,0.5,0.5,0.125,0.125,0.25,0.125,0.25,0.75,AVERAGE
691594,0.173274098815,0.121570019358,0.98073558218,0.499690019995,0.130434782609,0.347826086957,0.0434782608696,0.521739130435,0.0869565217391,0.0869565217391,0.347826086957,0.260869565217,0.217391304348,0.782608695652,AVERAGE
691718,0.235195110578,0.139070884913,0.940327265176,0.729703470631,0.375,0.25,0.0833333333333,0.333333333333,0.208333333333,0.208333333333,0.25,0.583333333333,0.25,0.75,EASIER_THAN_AVERAGE
691720,0.24957626554,0.169058144529,1.07803374651,0.920395982711,0.0697674418605,0.325581395349,0.093023255814,0.604651162791,0.279069767442,0.279069767442,0.372093023256,0.255813953488,0.255813953488,0.744186046512,EASIER_THAN_AVERAGE
691723,0.25651759914,0.196864379363,1.38948087962,0.958897511095,0.105263157895,0.394736842105,0.0789473684211,0.552631578947,0.157894736842,0.157894736842,0.342105263158,0.315789473684,0.342105263158,0.657894736842,EASIER_THAN_AVERAGE
691728,0.100900409875,0.100900409875,1.03209425206,1.03209425206,0,1,0,0.5,0,0,0.5,0.5,0.5,0.5,AVERAGE
691740,0.191747701143,0.172860629737,0.971611874573,0.86241096357,0,0.555555555556,0,0.444444444444,0,0,0.333333333333,0.222222222222,0.222222222222,0.777777777778,AVERAGE
691777,0.197160282219,0.163854664385,1.18448080826,0.877104466637,0.047619047619,0.428571428571,0.0952380952381,0.52380952381,0,0,0.380952380952,0.380952380952,0.238095238095,0.761904761905,AVERAGE
691781,0.306355545222,0.245973396123,1.71396853109,1.72922870593,0,0.666666666667,0.0555555555556,0.388888888889,0.222222222222,0.222222222222,0.388888888889,0.333333333333,0.333333333333,0.666666666667,EASIER_THAN_AVERAGE
691783,0.281658348193,0.255172528633,0.7020076025,0.66044674911,0.272727272727,0.363636363636,0.363636363636,0.0909090909091,0.181818181818,0.181818181818,0.272727272727,0.181818181818,0.363636363636,0.636363636364,EASIER_THAN_AVERAGE
691785,0.173959140637,0.107703643001,0.625235733442,0.413759792798,0.0625,0.5625,0.25,0.1875,0.125,0.125,0.25,0.4375,0.25,0.75,AVERAGE
691788,0.221405360243,0.179978423818,0.919607985229,0.824093578855,0.166666666667,0.555555555556,0.111111111111,0.166666666667,0.0555555555556,0.0555555555556,0.166666666667,0.388888888889,0.0555555555556,0.944444444444,EASIER_THAN_AVERAGE
691858,0.104398643275,0.104398643275,1.73490046136,1.73490046136,0,0,0,1,0,0,0,0,0,1,AVERAGE
691907,0.299231471546,0.231830682142,1.03305002621,0.636165713589,0.4,0.2,0.2,0.4,0.2,0.2,0.6,0.2,0.2,0.8,EASIER_THAN_AVERAGE
693304,0.175855007565,0.122929992287,1.07802324554,0.98906982387,0.527777777778,0,0.222222222222,0.305555555556,0.138888888889,0.138888888889,0.416666666667,0.25,0.333333333333,0.666666666667,AVERAGE
693307,0.18676404952,0.137948336967,0.955885554082,0.776343276284,0.175,0.175,0.1,0.575,0.125,0.125,0.275,0.425,0.25,0.75,AVERAGE
693409,0.175756189194,0.151345938373,0.842965807022,1.0172194648,0.666666666667,0,0.333333333333,0,0,0,0,0.666666666667,0.333333333333,0.666666666667,AVERAGE
694025,0.177449853864,0.23362706103,0.779913264222,0.385452238873,0,1,0,0,0,0,0.333333333333,0.333333333333,0.333333333333,0.666666666667,AVERAGE
694192,0.186526170446,0.118694514583,1.07793234657,0.950951948793,0.161290322581,0.354838709677,0.225806451613,0.322580645161,0.0322580645161,0.0322580645161,0.354838709677,0.387096774194,0.322580645161,0.677419354839,AVERAGE
694197,0.200898122115,0.130763471459,1.09558660203,0.845108896044,0.277777777778,0.277777777778,0.222222222222,0.333333333333,0,0,0.277777777778,0.444444444444,0.277777777778,0.722222222222,AVERAGE
694203,0.269328939629,0.196011391548,1.26660657292,0.635084294391,0.222222222222,0.555555555556,0,0.333333333333,0.111111111111,0.111111111111,0.444444444444,0.333333333333,0.222222222222,0.777777777778,EASIER_THAN_AVERAGE
694208,0.211175662558,0.163075904307,1.30258926078,0.624776369535,0.733333333333,0.133333333333,0.266666666667,0.0666666666667,0.133333333333,0.133333333333,0.466666666667,0.266666666667,0.266666666667,0.733333333333,EASIER_THAN_AVERAGE
694212,0.201624039867,0.182776816761,1.01690214079,0.720237451169,0.105263157895,0.157894736842,0.157894736842,0.578947368421,0.105263157895,0.105263157895,0.368421052632,0.473684210526,0.263157894737,0.736842105263,AVERAGE
694224,0.126402851149,0.126402851149,3.55345946133,3.55345946133,0,0,0,1,0,0,1,0,0,1,AVERAGE
694249,0.161899038835,0.135823130395,0.913833900646,0.789959119284,0.105263157895,0.368421052632,0.210526315789,0.368421052632,0.105263157895,0.105263157895,0.473684210526,0.210526315789,0.263157894737,0.736842105263,AVERAGE
694362,0.152904633222,0.148378818926,0.718104460802,0.583433346011,0.444444444444,0.111111111111,0.111111111111,0.333333333333,0,0,0.222222222222,0.555555555556,0.111111111111,0.888888888889,AVERAGE
694371,0.244601211814,0.156678080986,1.31861230059,0.965936632977,0.2,0.4,0.2,0.3,0.1,0.1,0.3,0.4,0.2,0.8,EASIER_THAN_AVERAGE
694374,0.176355868959,0.120496902299,1.09354928053,0.83391301794,0.333333333333,0.25,0.0416666666667,0.375,0.125,0.125,0.208333333333,0.416666666667,0.25,0.75,AVERAGE
694376,0.172408514785,0.16155192175,0.648854402186,0.159361978268,0.5,0.166666666667,0,0.333333333333,0.166666666667,0.166666666667,0,0.666666666667,0.666666666667,0.333333333333,AVERAGE
694377,0.209329719704,0.143635786928,1.33651908125,1.30594596417,0.272727272727,0.0909090909091,0,0.636363636364,0.0909090909091,0.0909090909091,0.272727272727,0.363636363636,0.454545454545,0.545454545455,EASIER_THAN_AVERAGE
694378,0.132000444845,0.148155858463,1.30781892284,0.697194683564,0.285714285714,0,0.285714285714,0.428571428571,0,0,0.428571428571,0.285714285714,0.285714285714,0.714285714286,AVERAGE
694384,0.192092141501,0.145794088769,0.868203408258,0.659054395803,0.25641025641,0.230769230769,0.0512820512821,0.564102564103,0.0769230769231,0.0769230769231,0.282051282051,0.435897435897,0.333333333333,0.666666666667,AVERAGE
694388,0.207254442727,0.206839611693,0.911973821008,0.910843537262,0.125,0.25,0.375,0.25,0.125,0.125,0.5,0.25,0.125,0.875,AVERAGE
694410,0.209512052006,0.149316235309,1.07132287111,0.706073283813,0.2,0.4,0,0.4,0.2,0.2,0.4,0.4,0.2,0.8,EASIER_THAN_AVERAGE
694497,0.240417068646,0.185414986695,0.895893968479,0.705387356042,0.0789473684211,0.394736842105,0.131578947368,0.447368421053,0.105263157895,0.105263157895,0.236842105263,0.368421052632,0.342105263158,0.657894736842,EASIER_THAN_AVERAGE
694514,0.157025413428,0.125904729025,0.704682893579,0.438680169033,0,0.5,0.166666666667,0.333333333333,0,0,0.166666666667,0.5,0,1,AVERAGE
694671,0.162675915805,0.0879278830952,1.07814365907,0.830366943305,0.25,0.166666666667,0.0833333333333,0.555555555556,0.111111111111,0.111111111111,0.472222222222,0.138888888889,0.166666666667,0.833333333333,AVERAGE
694673,0.167064010583,0.132362994893,0.883326457562,0.872418714691,0.333333333333,0.166666666667,0.166666666667,0.333333333333,0.333333333333,0.333333333333,0.666666666667,0.166666666667,0.5,0.5,AVERAGE
694728,0.12073443307,0.0893731125662,0.683555903565,0.803992630683,0.3125,0.1875,0.0625,0.4375,0,0,0.375,0.25,0.4375,0.5625,AVERAGE
695020,0.0575996168745,0.0571366088941,0.55035274554,0.59253172868,0.333333333333,0,0,0.666666666667,0,0,0.666666666667,0,0.333333333333,0.666666666667,HARDER_THAN_AVERAGE
695238,0.258486827803,0.174022047811,0.503677193433,0.341245068102,0.166666666667,0.5,0.333333333333,0,0.166666666667,0.166666666667,0.166666666667,0.5,0,1,EASIER_THAN_AVERAGE
695336,0.180677364317,0.0730446418307,0.546976444502,0.499138821786,0.5,0.25,0,0.25,0.25,0.25,0.5,0,0,1,AVERAGE
695490,0.174806513964,0.187171827545,1.40960826166,1.49743187193,0.25,0.25,0,0.5,0,0,0,0.25,0,1,AVERAGE
695491,0.256000736621,0.136718820303,1.1685096126,0.865523330796,0.285714285714,0.428571428571,0.142857142857,0.142857142857,0.285714285714,0.285714285714,0.142857142857,0.428571428571,0.428571428571,0.571428571429,EASIER_THAN_AVERAGE
695506,0.303708096319,0.206831291007,1.23331328417,0.990655174292,0,0.842105263158,0.105263157895,0.157894736842,0.105263157895,0.105263157895,0.263157894737,0.473684210526,0.473684210526,0.526315789474,EASIER_THAN_AVERAGE
695508,0.249595566172,0.196319625382,0.649541729457,0.757686363776,0,0.333333333333,0,0.666666666667,0.333333333333,0.333333333333,0.666666666667,0.333333333333,0.333333333333,0.666666666667,EASIER_THAN_AVERAGE
695578,0.205365051354,0.156031685389,0.934049114717,0.66310428336,0.125,0.4,0.225,0.3,0.15,0.15,0.5,0.2,0.3,0.7,AVERAGE
695600,0.221398738182,0.170013465621,0.709790855974,0.5806241083,0.136363636364,0.340909090909,0.159090909091,0.431818181818,0.227272727273,0.227272727273,0.363636363636,0.25,0.204545454545,0.795454545455,EASIER_THAN_AVERAGE
695657,0.235809169808,0.152971284635,0.855678951146,0.527617549712,0.2,0.5,0.25,0.2,0.2,0.2,0.3,0.35,0.45,0.55,EASIER_THAN_AVERAGE
695670,0.194109762259,0.119345257226,1.08111309707,0.822903779544,0.142857142857,0.428571428571,0,0.428571428571,0.142857142857,0.142857142857,0.285714285714,0.428571428571,0.428571428571,0.571428571429,AVERAGE
695681,0.244081775241,0.172960697657,0.789817740104,0.783461194898,0.4,0.6,0,0,0.2,0.2,0,0.6,0.2,0.8,EASIER_THAN_AVERAGE
695720,0.187577624797,0.10007895752,0.832956614862,0.559101608083,0.0833333333333,0.416666666667,0.0833333333333,0.583333333333,0.166666666667,0.166666666667,0.333333333333,0.25,0.25,0.75,AVERAGE
695731,0.266827254455,0.217812275337,1.2774865206,1.18214368682,0.136363636364,0.454545454545,0.0454545454545,0.363636363636,0.0909090909091,0.0909090909091,0.227272727273,0.409090909091,0.590909090909,0.409090909091,EASIER_THAN_AVERAGE
695734,0.151631240209,0.134088288891,1.08761984004,0.97570316584,0.533333333333,0.166666666667,0.0333333333333,0.3,0,0,0.233333333333,0.3,0.366666666667,0.633333333333,AVERAGE
696030,0.182945774215,0.121640538859,0.99001200022,0.877988638019,0.526315789474,0.157894736842,0,0.315789473684,0.157894736842,0.157894736842,0.263157894737,0.315789473684,0.105263157895,0.894736842105,AVERAGE
696100,0.178866144021,0.145037697076,1.39437487985,1.21099301096,0.153846153846,0.230769230769,0.0384615384615,0.653846153846,0.0384615384615,0.0384615384615,0.5,0.346153846154,0.307692307692,0.692307692308,AVERAGE
696135,0.0824369777372,0.0824369777372,0.5314866312,0.5314866312,0,0.5,0,0.5,0,0,1,0,0,1,HARDER_THAN_AVERAGE
696285,0.202090818678,0.123671005191,1.11545623969,0.826073762865,0.255319148936,0.297872340426,0.106382978723,0.425531914894,0.106382978723,0.106382978723,0.255319148936,0.31914893617,0.382978723404,0.617021276596,AVERAGE
699013,0.21372040393,0.14769394637,0.832170557065,0.598516841759,0.321428571429,0.357142857143,0.178571428571,0.214285714286,0.25,0.25,0.392857142857,0.392857142857,0.428571428571,0.571428571429,EASIER_THAN_AVERAGE
699024,0.369594490801,0.369594490801,1.68892484432,1.68892484432,0,1,0,0,0,0,0.5,0,0.5,0.5,EASIER_THAN_AVERAGE
699302,0.160160861449,0.144543824162,1.17420128987,1.02890868545,0.4,0.4,0.2,0.2,0,0,0,0.4,0.4,0.6,AVERAGE
699393,0.179151267053,0.0940946655437,1.00169182006,0.769972872773,0.461538461538,0.230769230769,0.0769230769231,0.230769230769,0.153846153846,0.153846153846,0.230769230769,0.384615384615,0.0769230769231,0.923076923077,AVERAGE
699625,0.166650767731,0.125097807379,0.778391918114,0.497799717801,0.222222222222,0.333333333333,0.222222222222,0.222222222222,0,0,0.333333333333,0.222222222222,0.111111111111,0.888888888889,AVERAGE
699912,0.243348404549,0.160773214811,0.967613909029,0.944381211079,0,0.466666666667,0.266666666667,0.333333333333,0.333333333333,0.333333333333,0.133333333333,0.4,0.4,0.6,EASIER_THAN_AVERAGE
700246,0.0919364869449,0.0919364869449,0.937478215472,0.937478215472,0,0,0.5,0.5,0,0,0.5,0.5,0.5,0.5,HARDER_THAN_AVERAGE
700250,0.187249672606,0.142994266144,0.832562318606,0.717053894369,0.228571428571,0.342857142857,0.0857142857143,0.4,0.142857142857,0.142857142857,0.314285714286,0.371428571429,0.371428571429,0.628571428571,AVERAGE
700337,0.130414755929,0.0888463055232,0.921320067579,0.766086385769,0.333333333333,0.0833333333333,0.25,0.333333333333,0,0,0.0833333333333,0.25,0.583333333333,0.416666666667,AVERAGE
700932,0.191591631973,0.176055157755,1.03830735489,0.974164115151,0.294117647059,0.352941176471,0.294117647059,0.176470588235,0.117647058824,0.117647058824,0.529411764706,0.235294117647,0.352941176471,0.647058823529,AVERAGE
701162,0.217937589934,0.107763387593,0.785044091137,0.69234419893,0.125,0.125,0,0.875,0.375,0.375,0.125,0.5,0.5,0.5,EASIER_THAN_AVERAGE
701305,0.170259333862,0.112608968974,0.727761267476,0.598258140628,0,0.333333333333,0.166666666667,0.5,0.166666666667,0.166666666667,0,0.333333333333,0.166666666667,0.833333333333,AVERAGE
701350,0.274488076316,0.205037510266,1.0747389106,0.808413418336,0,0.75,0.375,0.125,0.125,0.125,0.5,0.25,0.25,0.75,EASIER_THAN_AVERAGE
701358,0.159826990508,0.115656733389,0.973976033911,0.780596121922,0.0740740740741,0.333333333333,0.185185185185,0.444444444444,0.0740740740741,0.0740740740741,0.111111111111,0.407407407407,0.481481481481,0.518518518519,AVERAGE
701398,0.262480848845,0.209397971502,1.26421659301,0.945479988055,0.0408163265306,0.489795918367,0.122448979592,0.469387755102,0.142857142857,0.142857142857,0.34693877551,0.367346938776,0.244897959184,0.755102040816,EASIER_THAN_AVERAGE
701538,0.189481126418,0.131747733641,0.873980624849,1.06786630046,0.15,0.3,0.15,0.5,0.15,0.15,0.15,0.3,0.3,0.7,AVERAGE
701649,0.19174959769,0.19174959769,1.44394616693,1.44394616693,0,0,0,1,0,0,1,0,0,1,AVERAGE
701675,0.169033003725,0.107990027141,0.886202027663,0.771001403188,0.473684210526,0,0.210526315789,0.368421052632,0.157894736842,0.157894736842,0.263157894737,0.368421052632,0.210526315789,0.789473684211,AVERAGE
701678,0.147585225433,0.141740248093,1.11498134637,0.867930257487,0.380952380952,0.285714285714,0.142857142857,0.285714285714,0,0,0.47619047619,0.238095238095,0.142857142857,0.857142857143,AVERAGE
701762,0.26620812999,0.155629140625,1.22450526604,0.932745511514,0.153846153846,0.410256410256,0.153846153846,0.384615384615,0.153846153846,0.153846153846,0.358974358974,0.307692307692,0.307692307692,0.692307692308,EASIER_THAN_AVERAGE
701785,0.207090527395,0.0951594308567,0.41212081383,0.367587728775,0.5,0.25,0.125,0.125,0.125,0.125,0.125,0.5,0.625,0.375,AVERAGE
701807,0.21157238621,0.194425477356,0.656722485868,0.423177101493,0.212121212121,0.363636363636,0.151515151515,0.333333333333,0.0909090909091,0.0909090909091,0.333333333333,0.242424242424,0.181818181818,0.818181818182,EASIER_THAN_AVERAGE
701852,0.202161028468,0.133673557292,0.435266795772,0.323342129323,0.375,0.25,0.125,0.375,0.125,0.125,0.25,0.375,0,1,AVERAGE
702176,0.0860010802575,0.0839987449451,0.835849414217,1.0876179319,0.4,0,0,0.6,0,0,0.4,0.4,0.4,0.6,HARDER_THAN_AVERAGE
702222,0.18176276103,0.134457327166,1.17835502481,1.07447502392,0.1,0.3,0.35,0.3,0.05,0.05,0.3,0.35,0.35,0.65,AVERAGE
702284,0.191240323744,0.133829221596,1.03996338218,0.926941720093,0.25641025641,0.153846153846,0.179487179487,0.461538461538,0.102564102564,0.102564102564,0.333333333333,0.461538461538,0.282051282051,0.717948717949,AVERAGE
702332,0.215362913254,0.14588146862,1.14131341721,0.857025321031,0.394736842105,0.0789473684211,0.131578947368,0.394736842105,0.0789473684211,0.0789473684211,0.236842105263,0.5,0.289473684211,0.710526315789,EASIER_THAN_AVERAGE
702616,0.184125231607,0.106113683089,0.776169076567,0.502078082074,0.421052631579,0.368421052632,0,0.210526315789,0.105263157895,0.105263157895,0.210526315789,0.421052631579,0.315789473684,0.684210526316,AVERAGE
703520,0.184787481104,0.0890098619922,0.519965220107,0.503529480693,0.285714285714,0.285714285714,0.428571428571,0.142857142857,0.142857142857,0.142857142857,0.142857142857,0.428571428571,0.428571428571,0.571428571429,AVERAGE
703601,0.152926658696,0.111141245044,0.443253437515,0.390905134578,0.25,0,0.125,0.75,0,0,0.25,0.375,0.25,0.75,AVERAGE
703607,0.164854827994,0.0977982694914,0.652370129563,0.557291285057,0.148148148148,0.444444444444,0.148148148148,0.333333333333,0.111111111111,0.111111111111,0.185185185185,0.407407407407,0.222222222222,0.777777777778,AVERAGE
800050,0.189879367829,0.145182393082,0.834793711331,0.617761549898,0.161290322581,0.41935483871,0.161290322581,0.354838709677,0,0,0.354838709677,0.387096774194,0.354838709677,0.645161290323,AVERAGE
800325,0.139342384112,0.110720079905,0.924901782978,0.780916408942,0.5625,0.0625,0.125,0.3125,0,0,0.0625,0.25,0.6875,0.3125,AVERAGE
801126,0.136887553048,0.135215761402,1.8575338748,1.88467069873,0.5,0,0,0.5,0,0,0.5,0,0.75,0.25,AVERAGE
801501,0.260360867582,0.260360867582,1.8224569912,1.8224569912,0.5,0,0,0.5,0,0,0,0.5,0.5,0.5,EASIER_THAN_AVERAGE
802139,0.152652121348,0.134314269898,0.875421425348,0.594867087194,0.452380952381,0.119047619048,0.0714285714286,0.404761904762,0.047619047619,0.047619047619,0.380952380952,0.309523809524,0.119047619048,0.880952380952,AVERAGE
802415,0.200910530689,0.134488458735,0.783988933306,0.525243851929,0.222222222222,0.407407407407,0.333333333333,0.0740740740741,0.148148148148,0.148148148148,0.259259259259,0.296296296296,0.222222222222,0.777777777778,AVERAGE
803011,0.202399034291,0.169491315306,1.21630908703,1.01958957698,0.216216216216,0.243243243243,0.0540540540541,0.540540540541,0.108108108108,0.108108108108,0.405405405405,0.216216216216,0.243243243243,0.756756756757,AVERAGE
804606,0.217885489357,0.14002399199,0.657283641186,0.5667584565,0.111111111111,0.555555555556,0.444444444444,0.111111111111,0.111111111111,0.111111111111,0.111111111111,0.333333333333,0.333333333333,0.666666666667,EASIER_THAN_AVERAGE
804668,0.437718758275,0.437718758275,1.05276164007,1.05276164007,0,0.5,1,0,0.5,0.5,0,0.5,1,0,EASIER_THAN_AVERAGE
805249,0.0974565763763,0.0974565763763,0.584287155046,0.584287155046,1,0,0,0,0,0,0,1,0,1,HARDER_THAN_AVERAGE
805300,0.227956423025,0.189346052346,1.15822059987,1.20698502938,0.297297297297,0.351351351351,0.189189189189,0.27027027027,0.135135135135,0.135135135135,0.324324324324,0.297297297297,0.297297297297,0.702702702703,EASIER_THAN_AVERAGE
805347,0.187897765657,0.204417619685,1.12036206449,1.10267513328,0.125,0.625,0.125,0.125,0,0,0.125,0.75,0.25,0.75,AVERAGE
805367,0.126635422001,0.0989116414844,0.84015996709,0.593619227003,0.416666666667,0.15,0.133333333333,0.35,0.0166666666667,0.0166666666667,0.433333333333,0.233333333333,0.316666666667,0.683333333333,AVERAGE
805672,0.182682311699,0.182682311699,1.04953548741,1.04953548741,0.5,0.5,0,0,0,0,0,0,0,1,AVERAGE
805779,0.173469369117,0.12790929592,1.27605981482,1.16556587526,0.0454545454545,0.454545454545,0.181818181818,0.363636363636,0,0,0.363636363636,0.227272727273,0.136363636364,0.863636363636,AVERAGE
805805,0.195026932822,0.127372051176,1.09486780249,1.2558430653,0,0.5,0,0.5,0.25,0.25,0.5,0.5,0.5,0.5,AVERAGE
805808,0.231394255578,0.163266007402,0.989944785836,0.791506849523,0.196078431373,0.450980392157,0.156862745098,0.274509803922,0.0980392156863,0.0980392156863,0.392156862745,0.274509803922,0.176470588235,0.823529411765,EASIER_THAN_AVERAGE
805811,0.286676655087,0.233236081344,1.12173772672,0.983565128346,0,0.606060606061,0.121212121212,0.272727272727,0.151515151515,0.151515151515,0.424242424242,0.212121212121,0.212121212121,0.787878787879,EASIER_THAN_AVERAGE
805904,0.218547412282,0.173747090585,1.3672566976,1.21631668371,0,0.5,0.166666666667,0.333333333333,0,0,0.333333333333,0.333333333333,0.333333333333,0.666666666667,EASIER_THAN_AVERAGE
805999,0.234699343757,0.142718832839,1.29491629914,0.95034246454,0.285714285714,0.314285714286,0.0285714285714,0.457142857143,0.114285714286,0.114285714286,0.314285714286,0.342857142857,0.371428571429,0.628571428571,EASIER_THAN_AVERAGE
806068,0.346701773271,0.316002766085,1.39778324859,0.795757592031,0.142857142857,0.428571428571,0,0.428571428571,0.285714285714,0.285714285714,0.428571428571,0.571428571429,0,1,EASIER_THAN_AVERAGE
806146,0.320508334428,0.270187234318,1.23733718804,1.13294899776,0.0714285714286,0.642857142857,0.285714285714,0.214285714286,0.214285714286,0.214285714286,0.357142857143,0.285714285714,0.285714285714,0.714285714286,EASIER_THAN_AVERAGE
806198,0.256810275578,0.155244647496,1.00561180582,0.961776200858,0.142857142857,0.357142857143,0.142857142857,0.428571428571,0.214285714286,0.214285714286,0.285714285714,0.428571428571,0.428571428571,0.571428571429,EASIER_THAN_AVERAGE
806367,0.148149321156,0.137688821564,0.491857809424,0.549287959585,0,0.25,0.25,0.5,0,0,0.5,0,0.5,0.5,AVERAGE
807712,0.210558489975,0.155479167413,0.996563861386,0.875118604085,0.0416666666667,0.458333333333,0.0416666666667,0.520833333333,0.166666666667,0.166666666667,0.333333333333,0.229166666667,0.270833333333,0.729166666667,EASIER_THAN_AVERAGE
807713,0.11046661616,0.0955162875262,0.995036056207,0.78983888157,0.333333333333,0.166666666667,0.0833333333333,0.416666666667,0,0,0.5,0.166666666667,0.166666666667,0.833333333333,AVERAGE
807726,0.527905395651,0.527905395651,1.52630574554,1.52630574554,0,1,0,0,0,0,0,1,0,1,EASIER_THAN_AVERAGE
807727,0.23550877054,0.0854407089416,0.689546847317,0.483817869936,0.25,0.25,0,0.5,0.25,0.25,0,0.25,0.25,0.75,EASIER_THAN_AVERAGE
807799,0.156388750209,0.104344418626,1.2697018934,1.26914733837,0.5,0.0555555555556,0.111111111111,0.333333333333,0,0,0.5,0.222222222222,0.277777777778,0.722222222222,AVERAGE
808959,0.185305839751,0.139895380042,1.0609738389,0.855392064505,0.0882352941176,0.264705882353,0.176470588235,0.5,0.147058823529,0.147058823529,0.352941176471,0.294117647059,0.411764705882,0.588235294118,AVERAGE
808975,0.131523818742,0.0942210694679,0.845220576545,0.757715430753,0.3,0.1,0.4,0.3,0,0,0.3,0.4,0.3,0.7,AVERAGE
808982,0.14904436262,0.0986617553102,0.88385218065,0.849616359991,0.19512195122,0.243902439024,0.146341463415,0.463414634146,0.0731707317073,0.0731707317073,0.487804878049,0.317073170732,0.317073170732,0.682926829268,AVERAGE
810938,0.192988052972,0.12438857055,0.78059110068,0.631703868504,0.111111111111,0.407407407407,0.185185185185,0.37037037037,0.185185185185,0.185185185185,0.185185185185,0.259259259259,0.407407407407,0.592592592593,AVERAGE
811965,0.121801023496,0.114400775774,0.96628049856,0.840750282549,0.25,0,0.5,0.25,0,0,0.25,0.75,0.25,0.75,AVERAGE
813841,0.214473381668,0.177963713003,1.04072437284,0.793932973011,0,0.444444444444,0,0.555555555556,0.111111111111,0.111111111111,0.222222222222,0.666666666667,0.444444444444,0.555555555556,EASIER_THAN_AVERAGE
814430,0.267851454601,0.267851454601,1.26357493071,1.26357493071,0,0,0,1,0.5,0.5,1,0,0,1,EASIER_THAN_AVERAGE
814439,0.321346129289,0.195999218101,1.34136586134,1.1678957263,0.0454545454545,0.5,0.136363636364,0.318181818182,0.227272727273,0.227272727273,0.227272727273,0.318181818182,0.454545454545,0.545454545455,EASIER_THAN_AVERAGE
815873,0.136694195379,0.136694195379,1.18096531605,1.18096531605,0.5,0.5,0,0,0,0,0.5,0,0,1,AVERAGE
823550,0.142746674071,0.103610355716,0.637104779303,0.63705200993,0.0909090909091,0.363636363636,0.181818181818,0.363636363636,0,0,0.454545454545,0.181818181818,0.363636363636,0.636363636364,AVERAGE
828599,0.206535553019,0.182758589716,1.05508748835,1.45811632502,0.4,0.2,0,0.4,0.4,0.4,0.2,0.4,0.8,0.2,AVERAGE
