batter_id,batter_name,opportunities,recognized,not_recognized,raw_recognition_rate,expected_recognized,expected_recognition_rate,recognized_above_expected,raw_minus_expected_rate,posterior_log_odds_effect,adjusted_recognition_rate,adjusted_effect,uncertainty_lower,uncertainty_upper,adjusted_rate_lower,adjusted_rate_upper,uncertainty_width,publication_eligible,ranking_support_eligible,shrinkage_method,rank_eligible,tier,mean_expected_recognition_probability,median_expected_recognition_probability,mean_boundary_distance,median_boundary_distance,miss_above_pct,miss_below_pct,miss_inside_pct,miss_outside_pct,two_strike_pct,strike_three_pct,early_game_pct,late_game_pct,one_challenge_pct,two_challenge_pct,opportunity_difficulty,challenges,overturned,confirmed,challenge_success_rate,legal_offensive_challenge_opportunities,all_offensive_challenges,challenge_aggressiveness_rate,false_challenges,false_challenge_rate,incorrect_calls_available,incorrect_calls_recognized,incorrect_calls_missed,expected_missed_recognition,all_observed_batters,first_opportunity_date,last_opportunity_date,active_months,first_half_opportunities,second_half_opportunities,support_classification,temporal_support
547180,Bryce Harper,31,21,10,0.677419354839,6.39389642759,0.206254723471,14.6061035724,0.471164631368,1.89577344616,0.572937494039,0.366682770568,0.223057591853,0.502491251722,0.429312315323,0.708745975193,0.27943365987,True,True,NORMAL_RANDOM_EFFECT_EMPIRICAL_BAYES,True,ABOVE_EXPECTED,0.206254723471,0.184645832288,0.87989729046,0.714477040251,0.0645161290323,0.387096774194,0.290322580645,0.290322580645,0.129032258065,0.129032258065,0.387096774194,0.129032258065,0.354838709677,0.645161290323,AVERAGE,45,21,24,0.466666666667,267,45,0.168539325843,24,0.533333333333,31,21,10,24.6061035724,True,2026-04-20,2026-09-07,6,13,18,RANKING_ELIGIBLE,6 active months; 13/18 split-half opportunities
668901,Mark Vientos,21,13,8,0.619047619048,3.81750301068,0.181785857651,9.18249698932,0.437261761396,1.69627236324,0.478112870711,0.29632701306,0.138733761978,0.462992920633,0.320519619629,0.644778778284,0.324259158655,True,False,NORMAL_RANDOM_EFFECT_EMPIRICAL_BAYES,False,ABOVE_EXPECTED,0.181785857651,0.116266325791,1.06969523972,1.05355073256,0.047619047619,0.428571428571,0.142857142857,0.428571428571,0.0952380952381,0.0952380952381,0.380952380952,0.285714285714,0.238095238095,0.761904761905,AVERAGE,23,13,10,0.565217391304,122,23,0.188524590164,10,0.434782608696,21,13,8,17.1824969893,True,2026-03-31,2026-09-02,5,13,8,PUBLICATION_ELIGIBLE,5 active months; 13/8 split-half opportunities
676914,Davis Schneider,22,13,9,0.590909090909,3.9880892104,0.181276782291,9.0119107896,0.409632308618,1.56425495043,0.467144577245,0.285867794954,0.125061287145,0.451666695806,0.306338069436,0.632943478097,0.326605408661,True,False,NORMAL_RANDOM_EFFECT_EMPIRICAL_BAYES,False,ABOVE_EXPECTED,0.181276782291,0.148249680459,1.13208318385,1.03463476915,0.454545454545,0.0909090909091,0.0909090909091,0.409090909091,0.0454545454545,0.0454545454545,0.363636363636,0.272727272727,0.227272727273,0.772727272727,AVERAGE,16,13,3,0.8125,124,16,0.129032258065,3,0.1875,22,13,9,18.0119107896,True,2026-04-08,2026-08-09,5,15,7,PUBLICATION_ELIGIBLE,5 active months; 15/7 split-half opportunities
596142,Gary Sánchez,24,14,10,0.583333333333,5.06132755417,0.210888648091,8.93867244583,0.372444685243,1.47618108404,0.476902424265,0.266013776174,0.11561862304,0.417645406903,0.326507271131,0.628534054993,0.302026783863,True,False,NORMAL_RANDOM_EFFECT_EMPIRICAL_BAYES,False,ABOVE_EXPECTED,0.210888648091,0.203410760689,0.953109019881,0.806283466351,0.125,0.166666666667,0.0833333333333,0.625,0.208333333333,0.208333333333,0.375,0.166666666667,0.25,0.75,EASIER_THAN_AVERAGE,36,14,22,0.388888888889,221,36,0.162895927602,22,0.611111111111,24,14,10,18.9386724458,True,2026-03-31,2026-08-13,6,14,10,PUBLICATION_ELIGIBLE,6 active months; 14/10 split-half opportunities
676609,José Caballero,32,17,15,0.53125,6.20949808619,0.194046815193,10.7905019138,0.337203184807,1.43717062515,0.452736003286,0.258689188093,0.123642322081,0.401018554854,0.317689137274,0.595065370047,0.277376232773,True,True,NORMAL_RANDOM_EFFECT_EMPIRICAL_BAYES,True,ABOVE_EXPECTED,0.194046815193,0.172397872011,0.996265176248,0.964134092455,0.125,0.3125,0.15625,0.53125,0.09375,0.09375,0.4375,0.3125,0.34375,0.65625,AVERAGE,30,17,13,0.566666666667,244,30,0.122950819672,13,0.433333333333,32,17,15,25.7905019138,True,2026-03-25,2026-09-09,7,22,10,RANKING_ELIGIBLE,7 active months; 22/10 split-half opportunities
694384,Nolan Schanuel,39,20,19,0.512820512821,7.49159351855,0.192092141501,12.5084064815,0.320728371319,1.43525783648,0.44822297055,0.256130829049,0.130520525904,0.387471142492,0.322612667405,0.579563283993,0.256950616588,True,True,NORMAL_RANDOM_EFFECT_EMPIRICAL_BAYES,True,ABOVE_EXPECTED,0.192092141501,0.145794088769,0.868203408258,0.659054395803,0.25641025641,0.230769230769,0.0512820512821,0.564102564103,0.0769230769231,0.0769230769231,0.282051282051,0.435897435897,0.333333333333,0.666666666667,AVERAGE,36,20,16,0.555555555556,296,36,0.121621621622,16,0.444444444444,39,20,19,31.5084064815,True,2026-03-30,2026-08-19,6,15,24,RANKING_ELIGIBLE,6 active months; 15/24 split-half opportunities
701398,Sal Stewart,49,27,22,0.551020408163,12.8615615934,0.262480848845,14.1384384066,0.288539559319,1.30285340447,0.504871717139,0.242390868294,0.127913963853,0.357767850253,0.390394812697,0.620248699097,0.2298538864,True,True,NORMAL_RANDOM_EFFECT_EMPIRICAL_BAYES,True,ABOVE_EXPECTED,0.262480848845,0.209397971502,1.26421659301,0.945479988055,0.0408163265306,0.489795918367,0.122448979592,0.469387755102,0.142857142857,0.142857142857,0.34693877551,0.367346938776,0.244897959184,0.755102040816,EASIER_THAN_AVERAGE,47,27,20,0.574468085106,367,47,0.128065395095,20,0.425531914894,49,27,22,36.1384384066,True,2026-04-03,2026-09-08,6,32,17,RANKING_ELIGIBLE,6 active months; 32/17 split-half opportunities
514888,Jose Altuve,43,20,23,0.46511627907,9.0624105601,0.210753733956,10.9375894399,0.254362545114,1.22103480264,0.414643648059,0.203889914103,0.0899492416948,0.327280939696,0.300702975651,0.538034673651,0.237331698001,True,True,NORMAL_RANDOM_EFFECT_EMPIRICAL_BAYES,True,ABOVE_EXPECTED,0.210753733956,0.152927656781,0.822346972183,0.580143859356,0.116279069767,0.279069767442,0.162790697674,0.488372093023,0.186046511628,0.186046511628,0.53488372093,0.186046511628,0.255813953488,0.744186046512,EASIER_THAN_AVERAGE,33,20,13,0.606060606061,285,33,0.115789473684,13,0.393939393939,43,20,23,33.9375894399,True,2026-03-30,2026-08-29,6,21,22,RANKING_ELIGIBLE,6 active months; 21/22 split-half opportunities
665923,Esteury Ruiz,22,12,10,0.545454545455,5.79442455694,0.263382934406,6.20557544306,0.282071611048,1.06448149116,0.461037996212,0.197655061806,0.0439682941648,0.355083903113,0.307351228571,0.618466837519,0.311115608948,True,False,NORMAL_RANDOM_EFFECT_EMPIRICAL_BAYES,False,ABOVE_EXPECTED,0.263382934406,0.217379430184,1.02560104965,0.995999310642,0.318181818182,0.136363636364,0.0909090909091,0.590909090909,0.272727272727,0.272727272727,0.181818181818,0.454545454545,0.227272727273,0.772727272727,EASIER_THAN_AVERAGE,17,12,5,0.705882352941,112,17,0.151785714286,5,0.294117647059,22,12,10,16.2055754431,True,2026-05-08,2026-08-28,4,4,18,PUBLICATION_ELIGIBLE,4 active months; 4/18 split-half opportunities
808959,Munetaka Murakami,34,14,20,0.411764705882,6.30039855153,0.185305839751,7.69960144847,0.226458866132,1.02780891323,0.35720527696,0.17189943721,0.0490367331738,0.309495339717,0.234342572925,0.494801179468,0.260458606544,True,True,NORMAL_RANDOM_EFFECT_EMPIRICAL_BAYES,True,ABOVE_EXPECTED,0.185305839751,0.139895380042,1.0609738389,0.855392064505,0.0882352941176,0.264705882353,0.176470588235,0.5,0.147058823529,0.147058823529,0.352941176471,0.294117647059,0.411764705882,0.588235294118,AVERAGE,29,14,15,0.48275862069,323,29,0.0897832817337,15,0.51724137931,34,14,20,27.6996014485,True,2026-03-29,2026-09-09,6,21,13,RANKING_ELIGIBLE,6 active months; 21/13 split-half opportunities
572233,Christian Walker,27,11,16,0.407407407407,4.47123527928,0.16560130664,6.52876472072,0.241806100767,1.08600361389,0.334303430877,0.168702124237,0.0417450820383,0.318055890675,0.207346388678,0.483657197316,0.276310808637,True,False,NORMAL_RANDOM_EFFECT_EMPIRICAL_BAYES,False,ABOVE_EXPECTED,0.16560130664,0.12224439726,1.00402488446,0.725891427867,0.185185185185,0.111111111111,0,0.703703703704,0.0740740740741,0.0740740740741,0.296296296296,0.296296296296,0.185185185185,0.814814814815,AVERAGE,22,11,11,0.5,250,22,0.088,11,0.5,27,11,16,22.5287647207,True,2026-03-26,2026-09-01,7,13,14,PUBLICATION_ELIGIBLE,7 active months; 13/14 split-half opportunities
668709,JJ Bleday,31,15,16,0.483870967742,8.68976849236,0.280315112657,6.31023150764,0.203555855085,0.850094575134,0.435128986477,0.15481387382,0.0228654536116,0.295117929449,0.303180566268,0.575433042106,0.272252475838,True,True,NORMAL_RANDOM_EFFECT_EMPIRICAL_BAYES,True,ABOVE_EXPECTED,0.280315112657,0.223698968736,1.00825144918,0.754029346599,0.161290322581,0.516129032258,0.161290322581,0.322580645161,0.290322580645,0.290322580645,0.354838709677,0.290322580645,0.225806451613,0.774193548387,EASIER_THAN_AVERAGE,25,15,10,0.6,263,25,0.0950570342205,10,0.4,31,15,16,22.3102315076,True,2026-05-03,2026-08-29,4,12,19,RANKING_ELIGIBLE,4 active months; 12/19 split-half opportunities
668885,Austin Martin,24,10,14,0.416666666667,4.59114872077,0.191297863365,5.40885127923,0.225368803301,0.938007538813,0.345471026618,0.154173163253,0.0190183790382,0.310697382716,0.210316242404,0.501995246081,0.291679003678,True,False,NORMAL_RANDOM_EFFECT_EMPIRICAL_BAYES,False,ABOVE_EXPECTED,0.191297863365,0.15010499192,0.959833217241,0.897840724789,0.208333333333,0.25,0.0416666666667,0.541666666667,0.0833333333333,0.0833333333333,0.291666666667,0.416666666667,0.458333333333,0.541666666667,AVERAGE,19,10,9,0.526315789474,213,19,0.0892018779343,9,0.473684210526,24,10,14,19.4088512792,True,2026-04-01,2026-08-07,5,17,7,PUBLICATION_ELIGIBLE,5 active months; 17/7 split-half opportunities
606192,Teoscar Hernández,27,11,16,0.407407407407,5.17099283637,0.191518253199,5.82900716363,0.215889154209,0.916313506319,0.345270926241,0.153752673042,0.0217269441371,0.305416489315,0.213245197336,0.496934742514,0.283689545178,True,False,NORMAL_RANDOM_EFFECT_EMPIRICAL_BAYES,False,ABOVE_EXPECTED,0.191518253199,0.146870418148,1.10816771598,0.815710588041,0.37037037037,0.111111111111,0.148148148148,0.444444444444,0.111111111111,0.111111111111,0.185185185185,0.333333333333,0.259259259259,0.740740740741,AVERAGE,19,11,8,0.578947368421,259,19,0.0733590733591,8,0.421052631579,27,11,16,21.8290071636,True,2026-03-30,2026-08-26,6,13,14,PUBLICATION_ELIGIBLE,6 active months; 13/14 split-half opportunities
701358,Cam Smith,27,10,17,0.37037037037,4.31532874372,0.159826990508,5.68467125628,0.210543379862,0.941251649824,0.305605971376,0.145778980868,0.0212886632054,0.300195136977,0.181115653714,0.460022127486,0.278906473772,True,False,NORMAL_RANDOM_EFFECT_EMPIRICAL_BAYES,False,ABOVE_EXPECTED,0.159826990508,0.115656733389,0.973976033911,0.780596121922,0.0740740740741,0.333333333333,0.185185185185,0.444444444444,0.0740740740741,0.0740740740741,0.111111111111,0.407407407407,0.481481481481,0.518518518519,AVERAGE,27,10,17,0.37037037037,264,27,0.102272727273,17,0.62962962963,27,10,17,22.6846712563,True,2026-04-08,2026-09-02,6,15,12,PUBLICATION_ELIGIBLE,6 active months; 15/12 split-half opportunities
671218,Heliot Ramos,25,10,15,0.4,4.77964126917,0.191185650767,5.22035873083,0.208814349233,0.904892884757,0.333939441111,0.142753790344,0.0143631250579,0.292536891967,0.205548775825,0.483722542733,0.278173766909,True,False,NORMAL_RANDOM_EFFECT_EMPIRICAL_BAYES,False,ABOVE_EXPECTED,0.191185650767,0.116935133124,0.718147432576,0.563995300335,0.12,0.28,0.16,0.44,0.2,0.2,0.32,0.36,0.44,0.56,AVERAGE,17,10,7,0.588235294118,213,17,0.0798122065728,7,0.411764705882,25,10,15,20.2203587308,True,2026-03-25,2026-09-04,6,10,15,PUBLICATION_ELIGIBLE,6 active months; 10/15 split-half opportunities
702332,Caleb Durbin,38,15,23,0.394736842105,8.18379070366,0.215362913254,6.81620929634,0.179373928851,0.83308160825,0.354379194567,0.139016281313,0.0246695218947,0.270924368153,0.240032435149,0.486287281407,0.246254846258,True,True,NORMAL_RANDOM_EFFECT_EMPIRICAL_BAYES,True,ABOVE_EXPECTED,0.215362913254,0.14588146862,1.14131341721,0.857025321031,0.394736842105,0.0789473684211,0.131578947368,0.394736842105,0.0789473684211,0.0789473684211,0.236842105263,0.5,0.289473684211,0.710526315789,EASIER_THAN_AVERAGE,26,15,11,0.576923076923,328,26,0.0792682926829,11,0.423076923077,38,15,23,29.8162092963,True,2026-04-01,2026-09-09,6,15,23,RANKING_ELIGIBLE,6 active months; 15/23 split-half opportunities
605137,Josh Bell,30,12,18,0.4,6.44852661029,0.21495088701,5.55147338971,0.18504911299,0.763275120515,0.353166179253,0.138215292243,0.00716208108231,0.287267801233,0.222112968092,0.502218688242,0.28010572015,True,True,NORMAL_RANDOM_EFFECT_EMPIRICAL_BAYES,True,ABOVE_EXPECTED,0.21495088701,0.20075741096,1.26347615711,1.08540325893,0.2,0.3,0.3,0.233333333333,0.0333333333333,0.0333333333333,0.3,0.4,0.233333333333,0.766666666667,EASIER_THAN_AVERAGE,19,12,7,0.631578947368,253,19,0.0750988142292,7,0.368421052632,30,12,18,23.5514733897,True,2026-03-26,2026-09-05,7,16,14,RANKING_ELIGIBLE,7 active months; 16/14 split-half opportunities
676391,Ernie Clement,24,8,16,0.333333333333,3.07385951878,0.128077479949,4.92614048122,0.205255853384,0.924806144156,0.260654426057,0.132576946108,0.0100958306438,0.292300510819,0.138173310593,0.420377990768,0.282204680175,True,False,NORMAL_RANDOM_EFFECT_EMPIRICAL_BAYES,False,ABOVE_EXPECTED,0.128077479949,0.11288570465,0.990371375629,0.945132123311,0.291666666667,0.25,0,0.583333333333,0,0,0.333333333333,0.166666666667,0.416666666667,0.583333333333,AVERAGE,13,8,5,0.615384615385,228,13,0.0570175438596,5,0.384615384615,24,8,16,20.9261404812,True,2026-04-01,2026-09-03,6,9,15,PUBLICATION_ELIGIBLE,6 active months; 9/15 split-half opportunities
542303,Marcell Ozuna,33,12,21,0.363636363636,5.99603165387,0.181697928905,6.00396834613,0.181938434731,0.879093560555,0.313857983298,0.132160054393,0.0193003550127,0.269467623465,0.200998283918,0.45116555237,0.250167268452,True,True,NORMAL_RANDOM_EFFECT_EMPIRICAL_BAYES,True,ABOVE_EXPECTED,0.181697928905,0.1282319073,1.09884964423,0.709348441624,0.424242424242,0.181818181818,0,0.424242424242,0.030303030303,0.030303030303,0.333333333333,0.242424242424,0.151515151515,0.848484848485,AVERAGE,23,12,11,0.521739130435,222,23,0.103603603604,11,0.478260869565,33,12,21,27.0039683461,True,2026-04-01,2026-08-01,5,22,11,RANKING_ELIGIBLE,5 active months; 22/11 split-half opportunities
671732,Lawrence Butler,28,11,17,0.392857142857,5.88483573701,0.210172704893,5.11516426299,0.182684437964,0.81387424009,0.339498145452,0.129325440559,0.00629481491955,0.273757882058,0.216467519813,0.483930586951,0.267463067138,True,False,NORMAL_RANDOM_EFFECT_EMPIRICAL_BAYES,False,ABOVE_EXPECTED,0.210172704893,0.139369377577,1.0160807655,0.901475177948,0.178571428571,0.321428571429,0.25,0.25,0.214285714286,0.214285714286,0.178571428571,0.464285714286,0.357142857143,0.642857142857,EASIER_THAN_AVERAGE,21,11,10,0.52380952381,266,21,0.0789473684211,10,0.47619047619,28,11,17,22.115164263,True,2026-03-27,2026-09-01,7,13,15,PUBLICATION_ELIGIBLE,7 active months; 13/15 split-half opportunities
665862,Jazz Chisholm Jr.,21,8,13,0.380952380952,3.75818689022,0.178961280487,4.24181310978,0.201991100466,0.836809810681,0.306702879699,0.127741599212,-0.00377519365472,0.292620892933,0.175186086832,0.47158217342,0.296396086588,True,False,NORMAL_RANDOM_EFFECT_EMPIRICAL_BAYES,False,AVERAGE_OR_UNCERTAIN,0.178961280487,0.12795061648,0.85047471695,0.556207645318,0.333333333333,0.238095238095,0.0952380952381,0.380952380952,0.142857142857,0.142857142857,0.428571428571,0.190476190476,0.428571428571,0.571428571429,AVERAGE,22,8,14,0.363636363636,301,22,0.0730897009967,14,0.636363636364,21,8,13,17.2418131098,True,2026-03-27,2026-08-22,5,12,9,PUBLICATION_ELIGIBLE,5 active months; 12/9 split-half opportunities
664702,Myles Straw,24,9,15,0.375,4.33689434714,0.180703931131,4.66310565286,0.194296068869,0.891460794,0.305992009906,0.125288078775,0.00529950585653,0.274055079753,0.186003436988,0.454759010884,0.268755573896,True,False,NORMAL_RANDOM_EFFECT_EMPIRICAL_BAYES,False,ABOVE_EXPECTED,0.180703931131,0.103237972093,1.03682543899,0.663325126107,0.375,0.125,0.166666666667,0.416666666667,0.0833333333333,0.0833333333333,0.166666666667,0.541666666667,0.5,0.5,AVERAGE,13,9,4,0.692307692308,226,13,0.0575221238938,4,0.307692307692,24,9,15,19.6631056529,True,2026-04-20,2026-09-07,6,9,15,PUBLICATION_ELIGIBLE,6 active months; 9/15 split-half opportunities
682626,Francisco Alvarez,29,10,19,0.344827586207,4.97944940843,0.171705152015,5.02055059157,0.173122434192,0.784329752516,0.293834426284,0.12212927427,0.00196090326635,0.269705339172,0.173666055281,0.441410491187,0.267744435906,True,False,NORMAL_RANDOM_EFFECT_EMPIRICAL_BAYES,False,ABOVE_EXPECTED,0.171705152015,0.144382267141,0.906811178884,0.512765968893,0.206896551724,0.206896551724,0.103448275862,0.551724137931,0.103448275862,0.103448275862,0.344827586207,0.344827586207,0.413793103448,0.586206896552,AVERAGE,22,10,12,0.454545454545,255,22,0.0862745098039,12,0.545454545455,29,10,19,24.0205505916,True,2026-03-26,2026-09-04,7,11,18,PUBLICATION_ELIGIBLE,7 active months; 11/18 split-half opportunities
679845,Nick Loftin,29,10,19,0.344827586207,4.83585781802,0.166753717863,5.16414218198,0.178073868344,0.876545694081,0.28832737051,0.121573652647,0.0105626675201,0.259376887904,0.177316385383,0.426130605767,0.248814220384,True,False,NORMAL_RANDOM_EFFECT_EMPIRICAL_BAYES,False,ABOVE_EXPECTED,0.166753717863,0.109521036784,0.926054681032,0.65189477532,0.172413793103,0.241379310345,0.103448275862,0.51724137931,0.103448275862,0.103448275862,0.379310344828,0.275862068966,0.310344827586,0.689655172414,AVERAGE,21,10,11,0.47619047619,302,21,0.0695364238411,11,0.52380952381,29,10,19,24.164142182,True,2026-05-13,2026-09-09,5,9,20,PUBLICATION_ELIGIBLE,5 active months; 9/20 split-half opportunities
682928,CJ Abrams,34,12,22,0.352941176471,6.78168566635,0.199461343128,5.21831433365,0.153479833343,0.729014948537,0.313005498923,0.113544155795,0,0.244626595638,0.199461343128,0.444087938766,0.244626595638,True,True,NORMAL_RANDOM_EFFECT_EMPIRICAL_BAYES,True,AVERAGE_OR_UNCERTAIN,0.199461343128,0.165811365304,0.971503389715,0.728165053172,0.235294117647,0.470588235294,0.147058823529,0.205882352941,0.0588235294118,0.0588235294118,0.441176470588,0.176470588235,0.264705882353,0.735294117647,AVERAGE,14,12,2,0.857142857143,325,14,0.0430769230769,2,0.142857142857,34,12,22,27.2183143336,True,2026-03-26,2026-09-08,7,19,15,RANKING_ELIGIBLE,7 active months; 19/15 split-half opportunities
521692,Salvador Perez,26,8,18,0.307692307692,3.45434088753,0.132859264905,4.54565911247,0.174833042787,0.843183452439,0.246240159455,0.11338089455,0.00161723943682,0.259502542951,0.134476504342,0.392361807856,0.257885303514,True,False,NORMAL_RANDOM_EFFECT_EMPIRICAL_BAYES,False,ABOVE_EXPECTED,0.132859264905,0.087943792406,0.991351693155,0.803930465241,0.269230769231,0.153846153846,0.192307692308,0.5,0.0384615384615,0.0384615384615,0.307692307692,0.384615384615,0.307692307692,0.692307692308,AVERAGE,9,8,1,0.888888888889,247,9,0.0364372469636,1,0.111111111111,26,8,18,22.5456591125,True,2026-04-06,2026-09-08,6,8,18,PUBLICATION_ELIGIBLE,6 active months; 8/18 split-half opportunities
663728,Cal Raleigh,25,12,13,0.48,8.07366390702,0.322946556281,3.92633609298,0.157053443719,0.626432986473,0.436214664839,0.113268108558,-0.0258891380449,0.255369212072,0.297057418236,0.578315768353,0.281258350117,True,False,NORMAL_RANDOM_EFFECT_EMPIRICAL_BAYES,False,AVERAGE_OR_UNCERTAIN,0.322946556281,0.341566375017,0.949243927216,0.84828646927,0.16,0.32,0.12,0.52,0.36,0.36,0.4,0.28,0.24,0.76,EASIER_THAN_AVERAGE,19,12,7,0.631578947368,235,19,0.0808510638298,7,0.368421052632,25,12,13,16.926336093,True,2026-03-26,2026-09-09,7,7,18,PUBLICATION_ELIGIBLE,7 active months; 7/18 split-half opportunities
665742,Juan Soto,27,10,17,0.37037037037,5.62701537462,0.208407976838,4.37298462538,0.161962393532,0.736271093847,0.319556183806,0.111148206968,-0.00791026267722,0.253861729316,0.200497714161,0.462269706153,0.261771991993,True,False,NORMAL_RANDOM_EFFECT_EMPIRICAL_BAYES,False,AVERAGE_OR_UNCERTAIN,0.208407976838,0.13428667751,1.11175307043,0.884734284117,0.037037037037,0.481481481481,0.0740740740741,0.407407407407,0.148148148148,0.148148148148,0.592592592593,0.148148148148,0.296296296296,0.703703703704,EASIER_THAN_AVERAGE,18,10,8,0.555555555556,254,18,0.0708661417323,8,0.444444444444,27,10,17,21.3729846254,True,2026-04-26,2026-09-07,6,9,18,PUBLICATION_ELIGIBLE,6 active months; 9/18 split-half opportunities
543760,Marcus Semien,27,9,18,0.333333333333,4.59942515856,0.170349079947,4.40057484144,0.162984253387,0.742175312784,0.280989391466,0.110640311519,-0.00741830971786,0.259495839868,0.162930770229,0.429844919815,0.266914149586,True,False,NORMAL_RANDOM_EFFECT_EMPIRICAL_BAYES,False,AVERAGE_OR_UNCERTAIN,0.170349079947,0.136375729225,1.16273321984,1.12451300598,0.222222222222,0.148148148148,0.111111111111,0.592592592593,0,0,0.222222222222,0.481481481481,0.37037037037,0.62962962963,AVERAGE,17,9,8,0.529411764706,232,17,0.073275862069,8,0.470588235294,27,9,18,22.4005748414,True,2026-03-28,2026-09-08,7,13,14,PUBLICATION_ELIGIBLE,7 active months; 13/14 split-half opportunities
686555,Isaac Collins,35,11,24,0.314285714286,5.96000746729,0.170285927637,5.03999253271,0.143999786649,0.694796350677,0.27600490738,0.105718979743,-0.00385750343025,0.239982294012,0.166428424207,0.410268221649,0.243839797442,True,True,NORMAL_RANDOM_EFFECT_EMPIRICAL_BAYES,True,AVERAGE_OR_UNCERTAIN,0.170285927637,0.153696119919,1.00855536853,0.768586094544,0.428571428571,0.142857142857,0.171428571429,0.257142857143,0.142857142857,0.142857142857,0.228571428571,0.285714285714,0.228571428571,0.771428571429,AVERAGE,29,11,18,0.379310344828,354,29,0.0819209039548,18,0.620689655172,35,11,24,29.0399925327,True,2026-04-01,2026-09-04,6,15,20,RANKING_ELIGIBLE,6 active months; 15/20 split-half opportunities
670764,Taylor Walls,24,8,16,0.333333333333,4.14480030674,0.172700012781,3.85519969326,0.160633320552,0.699638095337,0.277805575705,0.105105562924,-0.016719412967,0.258664265876,0.155980599814,0.431364278657,0.275383678843,True,False,NORMAL_RANDOM_EFFECT_EMPIRICAL_BAYES,False,AVERAGE_OR_UNCERTAIN,0.172700012781,0.119282716143,0.877280752727,0.727958233532,0.333333333333,0.25,0.0833333333333,0.416666666667,0.0416666666667,0.0416666666667,0.125,0.375,0.416666666667,0.583333333333,AVERAGE,18,8,10,0.444444444444,273,18,0.0659340659341,10,0.555555555556,24,8,16,19.8551996933,True,2026-04-14,2026-08-31,5,7,17,PUBLICATION_ELIGIBLE,5 active months; 7/17 split-half opportunities
805808,Kevin McGonigle,51,18,33,0.352941176471,11.8011070345,0.231394255578,6.19889296552,0.121546920892,0.624005180195,0.329909727514,0.0985154719361,0,0.206415093616,0.231394255578,0.437809349195,0.206415093616,True,True,NORMAL_RANDOM_EFFECT_EMPIRICAL_BAYES,True,AVERAGE_OR_UNCERTAIN,0.231394255578,0.163266007402,0.989944785836,0.791506849523,0.196078431373,0.450980392157,0.156862745098,0.274509803922,0.0980392156863,0.0980392156863,0.392156862745,0.274509803922,0.176470588235,0.823529411765,EASIER_THAN_AVERAGE,28,18,10,0.642857142857,389,28,0.0719794344473,10,0.357142857143,51,18,33,39.1988929655,True,2026-03-26,2026-09-08,7,32,19,RANKING_ELIGIBLE,7 active months; 32/19 split-half opportunities
807712,Luke Keaschall,48,16,32,0.333333333333,10.1068075188,0.210558489975,5.89319248121,0.122774843359,0.617748762387,0.308643409681,0.0980849197064,-0.00213123132966,0.211240570828,0.208427258645,0.421799060803,0.213371802158,True,True,NORMAL_RANDOM_EFFECT_EMPIRICAL_BAYES,True,AVERAGE_OR_UNCERTAIN,0.210558489975,0.155479167413,0.996563861386,0.875118604085,0.0416666666667,0.458333333333,0.0416666666667,0.520833333333,0.166666666667,0.166666666667,0.333333333333,0.229166666667,0.270833333333,0.729166666667,EASIER_THAN_AVERAGE,29,16,13,0.551724137931,337,29,0.0860534124629,13,0.448275862069,48,16,32,37.8931924812,True,2026-03-28,2026-09-08,7,19,29,RANKING_ELIGIBLE,7 active months; 19/29 split-half opportunities
592518,Manny Machado,32,10,22,0.3125,5.54379796421,0.173243686382,4.45620203579,0.139256313618,0.688125466604,0.271253773497,0.0980100871153,-0.00908060217899,0.230229481531,0.164163084203,0.403473167913,0.23931008371,True,True,NORMAL_RANDOM_EFFECT_EMPIRICAL_BAYES,True,AVERAGE_OR_UNCERTAIN,0.173243686382,0.117353184745,1.15287375713,1.02098136443,0.0625,0.28125,0.125,0.5625,0.0625,0.0625,0.4375,0.34375,0.28125,0.71875,AVERAGE,27,10,17,0.37037037037,336,27,0.0803571428571,17,0.62962962963,32,10,22,26.4562020358,True,2026-03-26,2026-08-30,6,21,11,RANKING_ELIGIBLE,6 active months; 21/11 split-half opportunities
663538,Nico Hoerner,35,11,24,0.314285714286,6.37791367685,0.182226105053,4.62208632315,0.132059609233,0.621956735645,0.279743418161,0.0975173131082,-0.0120432632783,0.231689941409,0.170182841775,0.413916046462,0.243733204687,True,True,NORMAL_RANDOM_EFFECT_EMPIRICAL_BAYES,True,AVERAGE_OR_UNCERTAIN,0.182226105053,0.137076159521,1.02660478307,0.831721499865,0.114285714286,0.342857142857,0.2,0.457142857143,0.114285714286,0.114285714286,0.457142857143,0.257142857143,0.171428571429,0.828571428571,AVERAGE,21,11,10,0.52380952381,418,21,0.0502392344498,10,0.47619047619,35,11,24,28.6220863231,True,2026-03-26,2026-09-02,7,20,15,RANKING_ELIGIBLE,7 active months; 20/15 split-half opportunities
607208,Trea Turner,31,10,21,0.322580645161,5.79573285831,0.186959124462,4.20426714169,0.1356215207,0.637780546665,0.282903413934,0.0959442894723,-0.0153734314489,0.234143959253,0.171585693013,0.421103083714,0.249517390702,True,True,NORMAL_RANDOM_EFFECT_EMPIRICAL_BAYES,True,AVERAGE_OR_UNCERTAIN,0.186959124462,0.119339198218,0.795931688675,0.60104950875,0.0645161290323,0.58064516129,0.161290322581,0.290322580645,0.225806451613,0.225806451613,0.645161290323,0.225806451613,0.129032258065,0.870967741935,AVERAGE,22,10,12,0.454545454545,336,22,0.0654761904762,12,0.545454545455,31,10,21,25.2042671417,True,2026-04-05,2026-09-02,6,12,19,RANKING_ELIGIBLE,6 active months; 12/19 split-half opportunities
593428,Xander Bogaerts,55,18,37,0.327272727273,11.7798500395,0.214179091628,6.22014996047,0.113093635645,0.557526713744,0.307402102969,0.0932230113408,-0.00449540938319,0.205816888186,0.209683682245,0.419995979814,0.21031229757,True,True,NORMAL_RANDOM_EFFECT_EMPIRICAL_BAYES,True,AVERAGE_OR_UNCERTAIN,0.214179091628,0.181840761885,1.12255732756,0.805497739595,0.109090909091,0.4,0.0909090909091,0.454545454545,0.0363636363636,0.0363636363636,0.181818181818,0.363636363636,0.272727272727,0.727272727273,EASIER_THAN_AVERAGE,32,18,14,0.5625,399,32,0.0802005012531,14,0.4375,55,18,37,43.2201499605,True,2026-04-03,2026-09-09,6,24,31,RANKING_ELIGIBLE,6 active months; 24/31 split-half opportunities
700250,Ben Rice,35,11,24,0.314285714286,6.5537385412,0.187249672606,4.4462614588,0.12703604168,0.627058142375,0.279906578084,0.0926569054787,-0.0134607242877,0.221680386473,0.173788948318,0.408930059078,0.23514111076,True,True,NORMAL_RANDOM_EFFECT_EMPIRICAL_BAYES,True,AVERAGE_OR_UNCERTAIN,0.187249672606,0.142994266144,0.832562318606,0.717053894369,0.228571428571,0.342857142857,0.0857142857143,0.4,0.142857142857,0.142857142857,0.314285714286,0.371428571429,0.371428571429,0.628571428571,AVERAGE,22,11,11,0.5,364,22,0.0604395604396,11,0.5,35,11,24,28.4462614588,True,2026-03-25,2026-09-05,7,17,18,RANKING_ELIGIBLE,7 active months; 17/18 split-half opportunities
691718,Pete Crow-Armstrong,24,9,15,0.375,5.64468265387,0.235195110578,3.35531734613,0.139804889422,0.609396878421,0.327743113387,0.0925480028096,-0.0303686531429,0.235931693168,0.204826457435,0.471126803746,0.266300346311,True,False,NORMAL_RANDOM_EFFECT_EMPIRICAL_BAYES,False,AVERAGE_OR_UNCERTAIN,0.235195110578,0.139070884913,0.940327265176,0.729703470631,0.375,0.25,0.0833333333333,0.333333333333,0.208333333333,0.208333333333,0.25,0.583333333333,0.25,0.75,EASIER_THAN_AVERAGE,18,9,9,0.5,336,18,0.0535714285714,9,0.5,24,9,15,18.3553173461,True,2026-04-14,2026-08-30,5,5,19,PUBLICATION_ELIGIBLE,5 active months; 5/19 split-half opportunities
803011,Sam Antonacci,37,12,25,0.324324324324,7.48876426878,0.202399034291,4.51123573122,0.121925290033,0.566913780295,0.294369524739,0.0919704904474,-0.0168973932676,0.223034291264,0.185501641024,0.425433325555,0.239931684531,True,True,NORMAL_RANDOM_EFFECT_EMPIRICAL_BAYES,True,AVERAGE_OR_UNCERTAIN,0.202399034291,0.169491315306,1.21630908703,1.01958957698,0.216216216216,0.243243243243,0.0540540540541,0.540540540541,0.108108108108,0.108108108108,0.405405405405,0.216216216216,0.243243243243,0.756756756757,AVERAGE,28,12,16,0.428571428571,329,28,0.0851063829787,16,0.571428571429,37,12,25,29.5112357312,True,2026-04-23,2026-09-03,6,18,19,RANKING_ELIGIBLE,6 active months; 18/19 split-half opportunities
686765,Nick Sogard,25,9,16,0.36,5.83219494249,0.2332877977,3.16780505751,0.1267122023,0.560181380609,0.316812877503,0.0835250798038,-0.0344833662502,0.22899874994,0.198804431449,0.46228654764,0.263482116191,True,False,NORMAL_RANDOM_EFFECT_EMPIRICAL_BAYES,False,AVERAGE_OR_UNCERTAIN,0.2332877977,0.150842570887,1.12012562643,0.893311077513,0.12,0.52,0.24,0.2,0.08,0.08,0.36,0.32,0.16,0.84,EASIER_THAN_AVERAGE,14,9,5,0.642857142857,190,14,0.0736842105263,5,0.357142857143,25,9,16,19.1678050575,True,2026-05-20,2026-09-09,3,4,21,PUBLICATION_ELIGIBLE,3 active months; 4/21 split-half opportunities
656555,Rhys Hoskins,20,7,13,0.35,4.37753264621,0.21887663231,2.62246735379,0.13112336769,0.506220601122,0.30128449784,0.0824078655294,-0.0494046760553,0.247953309158,0.169471956255,0.466829941468,0.297357985213,True,False,NORMAL_RANDOM_EFFECT_EMPIRICAL_BAYES,False,AVERAGE_OR_UNCERTAIN,0.21887663231,0.172735736137,0.987185169824,0.587299354444,0.2,0.4,0.05,0.4,0.15,0.15,0.25,0.3,0.4,0.6,EASIER_THAN_AVERAGE,13,7,6,0.538461538462,196,13,0.0663265306122,6,0.461538461538,20,7,13,15.6224673538,True,2026-03-27,2026-07-23,5,16,4,PUBLICATION_ELIGIBLE,5 active months; 16/4 split-half opportunities
500743,Miguel Rojas,20,6,14,0.3,3.2317175455,0.161585877275,2.7682824545,0.138414122725,0.576106552735,0.243596300174,0.0820104228992,-0.0371739541873,0.242434388198,0.124411923088,0.404020265473,0.279608342386,True,False,NORMAL_RANDOM_EFFECT_EMPIRICAL_BAYES,False,AVERAGE_OR_UNCERTAIN,0.161585877275,0.138817819452,1.02849409886,0.723827314247,0.2,0.2,0.1,0.5,0.05,0.05,0.25,0.35,0.4,0.6,AVERAGE,12,6,6,0.5,120,12,0.1,6,0.5,20,6,14,16.7682824545,True,2026-03-30,2026-08-27,6,12,8,PUBLICATION_ELIGIBLE,6 active months; 12/8 split-half opportunities
656775,Cedric Mullins,32,10,22,0.3125,6.32499535903,0.19765610497,3.67500464097,0.11484389503,0.549630071298,0.27886664359,0.0812105386204,-0.0266229449082,0.213693319054,0.171033160061,0.411349424024,0.240316263962,True,True,NORMAL_RANDOM_EFFECT_EMPIRICAL_BAYES,True,AVERAGE_OR_UNCERTAIN,0.19765610497,0.112679588414,1.33557351902,1.13782202413,0.6875,0.0625,0.0625,0.1875,0.03125,0.03125,0.21875,0.40625,0.34375,0.65625,AVERAGE,12,10,2,0.833333333333,234,12,0.0512820512821,2,0.166666666667,32,10,22,25.675004641,True,2026-03-29,2026-09-05,7,15,17,RANKING_ELIGIBLE,7 active months; 15/17 split-half opportunities
694671,Wyatt Langford,36,10,26,0.277777777778,5.85633296897,0.162675915805,4.14366703103,0.115101861973,0.626830126269,0.243732962813,0.0810570470085,-0.0147988861534,0.202176111062,0.147877029651,0.364852026867,0.216974997216,True,True,NORMAL_RANDOM_EFFECT_EMPIRICAL_BAYES,True,AVERAGE_OR_UNCERTAIN,0.162675915805,0.0879278830952,1.07814365907,0.830366943305,0.25,0.166666666667,0.0833333333333,0.555555555556,0.111111111111,0.111111111111,0.472222222222,0.138888888889,0.166666666667,0.833333333333,AVERAGE,21,10,11,0.47619047619,238,21,0.0882352941176,11,0.52380952381,36,10,26,30.143667031,True,2026-03-26,2026-09-08,6,17,19,RANKING_ELIGIBLE,6 active months; 17/19 split-half opportunities
805811,Bryce Eldridge,33,13,20,0.393939393939,9.46032961789,0.286676655087,3.53967038211,0.107262738852,0.476274577481,0.366646118341,0.0799694632533,-0.0368778291653,0.213160748547,0.249798825922,0.499837403634,0.250038577712,True,True,NORMAL_RANDOM_EFFECT_EMPIRICAL_BAYES,True,AVERAGE_OR_UNCERTAIN,0.286676655087,0.233236081344,1.12173772672,0.983565128346,0,0.606060606061,0.121212121212,0.272727272727,0.151515151515,0.151515151515,0.424242424242,0.212121212121,0.212121212121,0.787878787879,EASIER_THAN_AVERAGE,19,13,6,0.684210526316,267,19,0.0711610486891,6,0.315789473684,33,13,20,23.5396703821,True,2026-05-09,2026-09-04,5,16,17,RANKING_ELIGIBLE,5 active months; 16/17 split-half opportunities
805999,A.J. Ewing,35,12,23,0.342857142857,8.2144770315,0.234699343757,3.7855229685,0.1081577991,0.521091959043,0.313962296604,0.0792629528465,-0.0282465114214,0.207539113663,0.206452832336,0.44223845742,0.235785625084,True,True,NORMAL_RANDOM_EFFECT_EMPIRICAL_BAYES,True,AVERAGE_OR_UNCERTAIN,0.234699343757,0.142718832839,1.29491629914,0.95034246454,0.285714285714,0.314285714286,0.0285714285714,0.457142857143,0.114285714286,0.114285714286,0.314285714286,0.342857142857,0.371428571429,0.628571428571,EASIER_THAN_AVERAGE,23,12,11,0.521739130435,240,23,0.0958333333333,11,0.478260869565,35,12,23,26.7855229685,True,2026-05-16,2026-09-05,5,13,22,RANKING_ELIGIBLE,5 active months; 13/22 split-half opportunities
672695,Geraldo Perdomo,53,16,37,0.301886792453,11.1143046902,0.209703862078,4.88569530985,0.0921829303745,0.476761363751,0.283730319951,0.0740264578732,-0.0186646954687,0.182431524613,0.19103916661,0.392135386691,0.201096220082,True,True,NORMAL_RANDOM_EFFECT_EMPIRICAL_BAYES,True,AVERAGE_OR_UNCERTAIN,0.209703862078,0.163343348178,0.978894041341,0.855127819313,0.0566037735849,0.528301886792,0.0566037735849,0.415094339623,0.11320754717,0.11320754717,0.301886792453,0.264150943396,0.245283018868,0.754716981132,EASIER_THAN_AVERAGE,30,16,14,0.533333333333,542,30,0.0553505535055,14,0.466666666667,53,16,37,41.8856953098,True,2026-04-03,2026-09-01,6,24,29,RANKING_ELIGIBLE,6 active months; 24/29 split-half opportunities
672580,Maikel Garcia,39,12,27,0.307692307692,8.19280009452,0.210071797295,3.80719990548,0.0976205103969,0.462179456111,0.28385208721,0.0737802899142,-0.031328163671,0.200106287719,0.178743633624,0.410178085015,0.23143445139,True,True,NORMAL_RANDOM_EFFECT_EMPIRICAL_BAYES,True,AVERAGE_OR_UNCERTAIN,0.210071797295,0.178642343298,1.12302120419,0.977896590397,0.0769230769231,0.410256410256,0.153846153846,0.435897435897,0.128205128205,0.128205128205,0.512820512821,0.153846153846,0.25641025641,0.74358974359,EASIER_THAN_AVERAGE,19,12,7,0.631578947368,272,19,0.0698529411765,7,0.368421052632,39,12,27,30.8071999055,True,2026-03-27,2026-08-18,5,37,2,RANKING_ELIGIBLE,5 active months; 37/2 split-half opportunities
699013,Esmerlyn Valdez,28,9,19,0.321428571429,5.98417131005,0.21372040393,3.01582868995,0.107708167498,0.480715821052,0.287490197883,0.0737697939532,-0.0412125264263,0.21625723009,0.172507877504,0.42997763402,0.257469756516,True,False,NORMAL_RANDOM_EFFECT_EMPIRICAL_BAYES,False,AVERAGE_OR_UNCERTAIN,0.21372040393,0.14769394637,0.832170557065,0.598516841759,0.321428571429,0.357142857143,0.178571428571,0.214285714286,0.25,0.25,0.392857142857,0.392857142857,0.428571428571,0.571428571429,EASIER_THAN_AVERAGE,16,9,7,0.5625,193,16,0.0829015544041,7,0.4375,28,9,19,22.01582869,True,2026-05-22,2026-09-08,5,1,27,PUBLICATION_ELIGIBLE,5 active months; 1/27 split-half opportunities
687263,Zach Neto,43,12,31,0.279069767442,7.76659044317,0.180618382399,4.23340955683,0.0984513850426,0.540406608902,0.253592121819,0.0729737394199,-0.0189576319692,0.186742865669,0.16166075043,0.367361248069,0.205700497639,True,True,NORMAL_RANDOM_EFFECT_EMPIRICAL_BAYES,True,AVERAGE_OR_UNCERTAIN,0.180618382399,0.11915759747,1.14564260477,0.853719193198,0.046511627907,0.279069767442,0.093023255814,0.674418604651,0.0697674418605,0.0697674418605,0.418604651163,0.302325581395,0.209302325581,0.790697674419,AVERAGE,25,12,13,0.48,318,25,0.0786163522013,13,0.52,43,12,31,35.2334095568,True,2026-03-26,2026-09-09,7,25,18,RANKING_ELIGIBLE,7 active months; 25/18 split-half opportunities
672386,Alejandro Kirk,20,6,14,0.3,3.59951699475,0.179975849737,2.40048300525,0.120024150263,0.487171049595,0.251469817209,0.0714939674716,-0.0493850727945,0.23155500384,0.130590776943,0.411530853577,0.280940076634,True,False,NORMAL_RANDOM_EFFECT_EMPIRICAL_BAYES,False,AVERAGE_OR_UNCERTAIN,0.179975849737,0.128641819792,1.16539921941,0.986230238059,0.25,0.1,0.25,0.45,0.05,0.05,0.3,0.15,0.35,0.65,AVERAGE,14,6,8,0.428571428571,189,14,0.0740740740741,8,0.571428571429,20,6,14,16.4004830053,True,2026-06-14,2026-09-09,4,2,18,PUBLICATION_ELIGIBLE,4 active months; 2/18 split-half opportunities
672515,Gabriel Moreno,49,13,36,0.265306122449,8.5145514041,0.173766355186,4.4854485959,0.0915397672633,0.506321631915,0.244095311032,0.0703289558465,-0.0179182172952,0.180770773352,0.155848137891,0.354537128537,0.198688990647,True,True,NORMAL_RANDOM_EFFECT_EMPIRICAL_BAYES,True,AVERAGE_OR_UNCERTAIN,0.173766355186,0.1422384007,1.16154672562,1.05898114217,0.469387755102,0.102040816327,0.102040816327,0.367346938776,0.0408163265306,0.0408163265306,0.326530612245,0.30612244898,0.326530612245,0.673469387755,AVERAGE,20,13,7,0.65,441,20,0.0453514739229,7,0.35,49,13,36,40.4854485959,True,2026-03-27,2026-09-07,7,19,30,RANKING_ELIGIBLE,7 active months; 19/30 split-half opportunities
671056,Iván Herrera,43,11,32,0.255813953488,6.92180687568,0.160972252923,4.07819312432,0.0948417005655,0.538160737976,0.230459201525,0.0694869486023,-0.0196841595298,0.181449965624,0.141288093393,0.342422218547,0.201134125154,True,True,NORMAL_RANDOM_EFFECT_EMPIRICAL_BAYES,True,AVERAGE_OR_UNCERTAIN,0.160972252923,0.119032236592,1.00669429608,0.983998674928,0.255813953488,0.162790697674,0.186046511628,0.395348837209,0.093023255814,0.093023255814,0.395348837209,0.232558139535,0.255813953488,0.744186046512,AVERAGE,22,11,11,0.5,470,22,0.0468085106383,11,0.5,43,11,32,36.0781931243,True,2026-03-31,2026-09-07,7,25,18,RANKING_ELIGIBLE,7 active months; 25/18 split-half opportunities
608324,Alex Bregman,54,13,41,0.240740740741,8.27635280203,0.15326579263,4.72364719797,0.0874749481105,0.52113065519,0.220479405635,0.0672136130046,-0.0146189820808,0.171456508629,0.138646810549,0.32472230126,0.18607549071,True,True,NORMAL_RANDOM_EFFECT_EMPIRICAL_BAYES,True,AVERAGE_OR_UNCERTAIN,0.15326579263,0.114484612641,0.992702844241,0.899151915268,0.259259259259,0.259259259259,0.111111111111,0.388888888889,0.0185185185185,0.0185185185185,0.314814814815,0.240740740741,0.222222222222,0.777777777778,AVERAGE,26,13,13,0.5,502,26,0.0517928286853,13,0.5,54,13,41,45.723647198,True,2026-03-28,2026-09-09,7,22,32,RANKING_ELIGIBLE,7 active months; 22/32 split-half opportunities
647304,Josh Naylor,24,6,18,0.25,3.55574968217,0.148156236757,2.44425031783,0.101843763243,0.448821509461,0.210491106664,0.0623348699071,-0.0447180908602,0.215015115926,0.103438145897,0.363171352683,0.259733206786,True,False,NORMAL_RANDOM_EFFECT_EMPIRICAL_BAYES,False,AVERAGE_OR_UNCERTAIN,0.148156236757,0.144731936822,0.82425755035,0.691672285034,0.291666666667,0.208333333333,0.208333333333,0.375,0.0416666666667,0.0416666666667,0.291666666667,0.208333333333,0.375,0.625,AVERAGE,24,6,18,0.25,243,24,0.0987654320988,18,0.75,24,6,18,20.4442503178,True,2026-04-01,2026-08-21,5,14,10,PUBLICATION_ELIGIBLE,5 active months; 14/10 split-half opportunities
650489,Willi Castro,25,6,19,0.24,3.47860294093,0.139144117637,2.52139705907,0.100855882363,0.474404092685,0.200410812757,0.0612666951199,-0.0401830733609,0.20530862241,0.0989610442764,0.344452740048,0.245491695771,True,False,NORMAL_RANDOM_EFFECT_EMPIRICAL_BAYES,False,AVERAGE_OR_UNCERTAIN,0.139144117637,0.121203741999,1.2016728955,0.992936103094,0.2,0.12,0.04,0.68,0.04,0.04,0.36,0.32,0.4,0.6,AVERAGE,24,6,18,0.25,207,24,0.115942028986,18,0.75,25,6,19,21.5213970591,True,2026-04-01,2026-08-29,5,9,16,PUBLICATION_ELIGIBLE,5 active months; 9/16 split-half opportunities
690993,Colt Keith,32,9,23,0.28125,6.20262290159,0.193831965675,2.79737709841,0.0874180343253,0.421727791155,0.254261368178,0.0604294025031,-0.0437587531074,0.188866605502,0.150073212567,0.382698571177,0.232625358609,True,True,NORMAL_RANDOM_EFFECT_EMPIRICAL_BAYES,True,AVERAGE_OR_UNCERTAIN,0.193831965675,0.15258499695,0.85406838624,0.640590971392,0.125,0.40625,0.15625,0.375,0.03125,0.03125,0.3125,0.21875,0.09375,0.90625,AVERAGE,16,9,7,0.5625,266,16,0.0601503759398,7,0.4375,32,9,23,25.7973770984,True,2026-04-04,2026-09-07,6,12,20,RANKING_ELIGIBLE,6 active months; 12/20 split-half opportunities
656941,Kyle Schwarber,43,12,31,0.279069767442,8.65430456117,0.201262896771,3.34569543883,0.0778068706705,0.388870075622,0.259808589863,0.0585456930915,-0.0370062587607,0.176348236818,0.164256638011,0.377611133589,0.213354495578,True,True,NORMAL_RANDOM_EFFECT_EMPIRICAL_BAYES,True,AVERAGE_OR_UNCERTAIN,0.201262896771,0.173033701711,1.00019513322,1.02257245311,0.162790697674,0.46511627907,0.116279069767,0.279069767442,0.046511627907,0.046511627907,0.441860465116,0.279069767442,0.232558139535,0.767441860465,AVERAGE,25,12,13,0.48,385,25,0.0649350649351,13,0.52,43,12,31,34.3456954388,True,2026-03-28,2026-09-01,7,26,17,RANKING_ELIGIBLE,7 active months; 26/17 split-half opportunities
656811,Ryan O'Hearn,25,8,17,0.32,5.86500305985,0.234600122394,2.13499694015,0.0853998776058,0.348777825775,0.291060941893,0.0564608194991,-0.0638779355603,0.205941595997,0.170722186834,0.440541718391,0.269819531558,True,False,NORMAL_RANDOM_EFFECT_EMPIRICAL_BAYES,False,AVERAGE_OR_UNCERTAIN,0.234600122394,0.188278002351,1.14658173947,1.02456779252,0.24,0.4,0.32,0.16,0.04,0.04,0.28,0.4,0.4,0.6,EASIER_THAN_AVERAGE,17,8,9,0.470588235294,240,17,0.0708333333333,9,0.529411764706,25,8,17,19.1349969401,True,2026-03-26,2026-07-31,5,14,11,PUBLICATION_ELIGIBLE,5 active months; 14/11 split-half opportunities
681198,TJ Rumfield,27,7,20,0.259259259259,4.6325156385,0.171574653278,2.3674843615,0.0876846059814,0.40422982385,0.227942728182,0.0563680749045,-0.0492648230591,0.197023064771,0.122309830219,0.368597718049,0.24628788783,True,False,NORMAL_RANDOM_EFFECT_EMPIRICAL_BAYES,False,AVERAGE_OR_UNCERTAIN,0.171574653278,0.112655134922,0.979725435503,0.713103001756,0.037037037037,0.555555555556,0.037037037037,0.481481481481,0.037037037037,0.037037037037,0.444444444444,0.148148148148,0.185185185185,0.814814814815,AVERAGE,14,7,7,0.5,242,14,0.0578512396694,7,0.5,27,7,20,22.3674843615,True,2026-04-08,2026-08-25,5,12,15,PUBLICATION_ELIGIBLE,5 active months; 12/15 split-half opportunities
681624,Andy Pages,45,11,34,0.244444444444,7.80713428192,0.173491872931,3.19286571808,0.0709525715129,0.39259393674,0.225602037448,0.0521101645165,-0.03537966214,0.163318701902,0.138112210792,0.336810574834,0.198698364042,True,True,NORMAL_RANDOM_EFFECT_EMPIRICAL_BAYES,True,AVERAGE_OR_UNCERTAIN,0.173491872931,0.113774781689,1.03311761758,0.78178491791,0.4,0.0666666666667,0.133333333333,0.444444444444,0.0888888888889,0.0888888888889,0.444444444444,0.311111111111,0.2,0.8,AVERAGE,25,11,14,0.44,334,25,0.0748502994012,14,0.56,45,11,34,37.1928657181,True,2026-03-26,2026-08-21,6,20,25,RANKING_ELIGIBLE,6 active months; 20/25 split-half opportunities
660670,Ronald Acuña Jr.,34,10,24,0.294117647059,7.5450088098,0.221912023818,2.4549911902,0.0722056232412,0.340046674162,0.273443915993,0.0515318921757,-0.0537009288683,0.178759097326,0.168211094949,0.400671121143,0.232460026194,True,True,NORMAL_RANDOM_EFFECT_EMPIRICAL_BAYES,True,AVERAGE_OR_UNCERTAIN,0.221912023818,0.140376119262,1.24584943436,0.925349994215,0.441176470588,0.0882352941176,0.176470588235,0.352941176471,0.147058823529,0.147058823529,0.323529411765,0.441176470588,0.235294117647,0.764705882353,EASIER_THAN_AVERAGE,22,10,12,0.454545454545,180,22,0.122222222222,12,0.545454545455,34,10,24,26.4549911902,True,2026-03-31,2026-09-07,7,20,14,RANKING_ELIGIBLE,7 active months; 20/14 split-half opportunities
665019,Kody Clemens,22,5,17,0.227272727273,3.00046867561,0.136384939801,1.99953132439,0.0908877874721,0.424344219156,0.18685392739,0.0504689875895,-0.0464243419227,0.19395540477,0.0899605978779,0.33034034457,0.240379746692,True,False,NORMAL_RANDOM_EFFECT_EMPIRICAL_BAYES,False,AVERAGE_OR_UNCERTAIN,0.136384939801,0.106225931232,0.836872948751,0.771995781348,0.409090909091,0.363636363636,0.136363636364,0.136363636364,0.0454545454545,0.0454545454545,0.5,0.272727272727,0.272727272727,0.727272727273,AVERAGE,16,5,11,0.3125,275,16,0.0581818181818,11,0.6875,22,5,17,18.9995313244,True,2026-03-28,2026-09-08,7,12,10,PUBLICATION_ELIGIBLE,7 active months; 12/10 split-half opportunities
664761,Alec Bohm,38,11,27,0.289473684211,8.50305511131,0.223764608192,2.49694488869,0.0657090760183,0.311875253222,0.27177482555,0.0480102173582,-0.0543463670112,0.169969077553,0.169418241181,0.393733685745,0.224315444564,True,True,NORMAL_RANDOM_EFFECT_EMPIRICAL_BAYES,True,AVERAGE_OR_UNCERTAIN,0.223764608192,0.158146153719,1.06167751061,0.873070647521,0,0.394736842105,0.342105263158,0.315789473684,0.0789473684211,0.0789473684211,0.368421052632,0.210526315789,0.210526315789,0.789473684211,EASIER_THAN_AVERAGE,19,10,9,0.526315789474,330,19,0.0575757575758,9,0.473684210526,38,11,27,29.4969448887,True,2026-03-29,2026-09-05,7,19,19,RANKING_ELIGIBLE,7 active months; 19/19 split-half opportunities
665489,Vladimir Guerrero Jr.,36,8,28,0.222222222222,5.53643083213,0.153789745337,2.46356916787,0.0684324768852,0.368063609058,0.199778161648,0.0459884163112,-0.0427768337429,0.164770943569,0.111012911594,0.318560688906,0.207547777311,True,True,NORMAL_RANDOM_EFFECT_EMPIRICAL_BAYES,True,AVERAGE_OR_UNCERTAIN,0.153789745337,0.105742159216,1.08142064638,1.02741195129,0.222222222222,0.305555555556,0.0555555555556,0.5,0.0833333333333,0.0833333333333,0.416666666667,0.305555555556,0.305555555556,0.694444444444,AVERAGE,19,8,11,0.421052631579,279,19,0.0681003584229,11,0.578947368421,36,8,28,30.4635691679,True,2026-04-11,2026-09-06,6,18,18,RANKING_ELIGIBLE,6 active months; 18/18 split-half opportunities
686681,Michael Massey,20,6,14,0.3,4.49966732053,0.224983366027,1.50033267947,0.0750166339733,0.28807871634,0.269760134977,0.04477676895,-0.0782977777998,0.203992658918,0.146685588227,0.428976024945,0.282290436718,True,False,NORMAL_RANDOM_EFFECT_EMPIRICAL_BAYES,False,AVERAGE_OR_UNCERTAIN,0.224983366027,0.169996853343,0.894012441638,0.791227018512,0.15,0.4,0.1,0.35,0.15,0.15,0.25,0.45,0.35,0.65,EASIER_THAN_AVERAGE,7,6,1,0.857142857143,209,7,0.0334928229665,1,0.142857142857,20,6,14,15.5003326795,True,2026-04-16,2026-09-02,6,9,11,PUBLICATION_ELIGIBLE,6 active months; 9/11 split-half opportunities
605141,Mookie Betts,47,10,37,0.212765957447,7.09687294147,0.150997296627,2.90312705853,0.0617686608198,0.351009751656,0.1956747804,0.0446774837733,-0.0363378979811,0.153274798472,0.114659398646,0.304272095099,0.189612696453,True,True,NORMAL_RANDOM_EFFECT_EMPIRICAL_BAYES,True,AVERAGE_OR_UNCERTAIN,0.150997296627,0.119222994827,1.05396743824,0.854998238836,0.468085106383,0.0425531914894,0.0425531914894,0.510638297872,0.0851063829787,0.0851063829787,0.36170212766,0.255319148936,0.255319148936,0.744680851064,AVERAGE,16,10,6,0.625,331,16,0.0483383685801,6,0.375,47,10,37,39.9031270585,True,2026-03-31,2026-09-09,6,15,32,RANKING_ELIGIBLE,6 active months; 15/32 split-half opportunities
666182,Bo Bichette,38,8,30,0.210526315789,5.51386202357,0.145101632199,2.48613797643,0.0654246835903,0.364413251743,0.18924122573,0.0441395935305,-0.0399411168675,0.158181037156,0.105160515332,0.303282669355,0.198122154023,True,True,NORMAL_RANDOM_EFFECT_EMPIRICAL_BAYES,True,AVERAGE_OR_UNCERTAIN,0.145101632199,0.0871788250162,0.967177945888,0.741239847789,0.394736842105,0.157894736842,0.184210526316,0.368421052632,0.0263157894737,0.0263157894737,0.447368421053,0.263157894737,0.263157894737,0.736842105263,AVERAGE,18,8,10,0.444444444444,334,18,0.0538922155689,10,0.555555555556,38,8,30,32.4861379764,True,2026-03-29,2026-09-09,7,17,21,RANKING_ELIGIBLE,7 active months; 17/21 split-half opportunities
687551,Drew Gilbert,26,7,19,0.269230769231,5.25869396153,0.202257460059,1.74130603847,0.0669733091718,0.300119200162,0.243544118876,0.0412866588173,-0.0623189405583,0.18113769661,0.139938519501,0.383395156669,0.243456637168,True,False,NORMAL_RANDOM_EFFECT_EMPIRICAL_BAYES,False,AVERAGE_OR_UNCERTAIN,0.202257460059,0.161794215385,1.02539597621,0.889874163258,0.5,0.230769230769,0.230769230769,0.0769230769231,0.115384615385,0.115384615385,0.192307692308,0.346153846154,0.346153846154,0.653846153846,AVERAGE,10,7,3,0.7,250,10,0.04,3,0.3,26,7,19,20.7413060385,True,2026-04-25,2026-09-06,6,8,18,PUBLICATION_ELIGIBLE,6 active months; 8/18 split-half opportunities
668804,Bryan Reynolds,38,11,27,0.289473684211,8.83361104168,0.232463448465,2.16638895832,0.0570102357451,0.279926243174,0.273191929124,0.0407284806588,-0.0570249684284,0.159116254371,0.175438480037,0.391579702836,0.216141222799,True,True,NORMAL_RANDOM_EFFECT_EMPIRICAL_BAYES,True,AVERAGE_OR_UNCERTAIN,0.232463448465,0.141831076072,1.16512603984,0.961988433551,0.105263157895,0.5,0.0789473684211,0.342105263158,0.184210526316,0.184210526316,0.368421052632,0.210526315789,0.315789473684,0.684210526316,EASIER_THAN_AVERAGE,20,11,9,0.55,313,20,0.0638977635783,9,0.45,38,11,27,29.1663889583,True,2026-03-28,2026-09-03,7,29,9,RANKING_ELIGIBLE,7 active months; 29/9 split-half opportunities
668227,Randy Arozarena,48,10,38,0.208333333333,7.4190807656,0.154564182617,2.5809192344,0.0537691507167,0.298819597057,0.193476719487,0.0389125368704,-0.0420767833151,0.146456295006,0.112487399302,0.301020477622,0.188533078321,True,True,NORMAL_RANDOM_EFFECT_EMPIRICAL_BAYES,True,AVERAGE_OR_UNCERTAIN,0.154564182617,0.117348396503,0.925005035717,0.766303968145,0.270833333333,0.291666666667,0.125,0.333333333333,0.0625,0.0625,0.395833333333,0.291666666667,0.229166666667,0.770833333333,AVERAGE,26,10,16,0.384615384615,414,26,0.0628019323671,16,0.615384615385,48,10,38,40.5809192344,True,2026-03-28,2026-09-09,7,20,28,RANKING_ELIGIBLE,7 active months; 20/28 split-half opportunities
660271,Shohei Ohtani,25,6,19,0.24,4.41874739359,0.176749895744,1.58125260641,0.0632501042564,0.269276274983,0.215056626442,0.0383067306988,-0.06632587095,0.183151644454,0.110424024794,0.359901540198,0.249477515404,True,False,NORMAL_RANDOM_EFFECT_EMPIRICAL_BAYES,False,AVERAGE_OR_UNCERTAIN,0.176749895744,0.155356114583,0.914644007699,0.701024425353,0.28,0.28,0.16,0.32,0.12,0.12,0.44,0.36,0.2,0.8,AVERAGE,13,6,7,0.461538461538,315,13,0.0412698412698,7,0.538461538462,25,6,19,20.5812526064,True,2026-03-26,2026-09-07,7,8,17,PUBLICATION_ELIGIBLE,7 active months; 8/17 split-half opportunities
670623,Isaac Paredes,46,11,35,0.239130434783,8.66309069488,0.188328058584,2.33690930512,0.0508023761983,0.267383645526,0.225402493731,0.0370744351468,-0.0497342689157,0.147410696982,0.138593789669,0.335738755567,0.197144965898,True,True,NORMAL_RANDOM_EFFECT_EMPIRICAL_BAYES,True,AVERAGE_OR_UNCERTAIN,0.188328058584,0.159617891942,1.00191098407,0.71368718271,0.173913043478,0.260869565217,0.0434782608696,0.565217391304,0.108695652174,0.108695652174,0.5,0.195652173913,0.347826086957,0.652173913043,AVERAGE,15,11,4,0.733333333333,424,15,0.0353773584906,4,0.266666666667,46,11,35,37.3369093051,True,2026-03-29,2026-09-03,7,24,22,RANKING_ELIGIBLE,7 active months; 24/22 split-half opportunities
703607,Henry Bolte,27,6,21,0.222222222222,4.45108035583,0.164854827994,1.54891964417,0.0573673942287,0.268316204817,0.198979487337,0.0341246593433,-0.060747601299,0.166333818993,0.104107226695,0.331188646986,0.227081420292,True,False,NORMAL_RANDOM_EFFECT_EMPIRICAL_BAYES,False,AVERAGE_OR_UNCERTAIN,0.164854827994,0.0977982694914,0.652370129563,0.557291285057,0.148148148148,0.444444444444,0.148148148148,0.333333333333,0.111111111111,0.111111111111,0.185185185185,0.407407407407,0.222222222222,0.777777777778,AVERAGE,12,6,6,0.5,193,12,0.0621761658031,6,0.5,27,6,21,22.5489196442,True,2026-05-13,2026-09-06,5,6,21,PUBLICATION_ELIGIBLE,5 active months; 6/21 split-half opportunities
683002,Gunnar Henderson,26,6,20,0.230769230769,4.51706872743,0.173733412593,1.48293127257,0.0570358181759,0.252370985891,0.207642099699,0.0339086871058,-0.0655652539997,0.172918600647,0.108168158594,0.346652013241,0.238483854647,True,False,NORMAL_RANDOM_EFFECT_EMPIRICAL_BAYES,False,AVERAGE_OR_UNCERTAIN,0.173733412593,0.131180101034,1.22226868251,0.919974369763,0.153846153846,0.423076923077,0.115384615385,0.307692307692,0.115384615385,0.115384615385,0.423076923077,0.269230769231,0.269230769231,0.730769230769,AVERAGE,17,6,11,0.352941176471,372,17,0.0456989247312,11,0.647058823529,26,6,20,21.4829312726,True,2026-03-31,2026-09-04,7,15,11,PUBLICATION_ELIGIBLE,7 active months; 15/11 split-half opportunities
663757,Trent Grisham,29,8,21,0.275862068966,6.77814449924,0.233729120664,1.22185550076,0.042132948302,0.182357721701,0.261126078578,0.0273969579144,-0.0803092944297,0.16016225402,0.153419826234,0.393891374684,0.24047154845,True,False,NORMAL_RANDOM_EFFECT_EMPIRICAL_BAYES,False,AVERAGE_OR_UNCERTAIN,0.233729120664,0.126846463961,1.01835275401,0.709991448058,0.51724137931,0.137931034483,0.275862068966,0.172413793103,0.206896551724,0.206896551724,0.448275862069,0.310344827586,0.379310344828,0.620689655172,EASIER_THAN_AVERAGE,17,8,9,0.470588235294,344,17,0.0494186046512,9,0.529411764706,29,8,21,22.2218555008,True,2026-03-27,2026-08-29,6,18,11,PUBLICATION_ELIGIBLE,6 active months; 18/11 split-half opportunities
677587,Brayan Rocchio,41,8,33,0.19512195122,6.31783776427,0.154093604007,1.68216223573,0.0410283472129,0.237622460043,0.180729758723,0.0266361547168,-0.0498683096163,0.130516908285,0.10422529439,0.284610512292,0.180385217902,True,True,NORMAL_RANDOM_EFFECT_EMPIRICAL_BAYES,True,AVERAGE_OR_UNCERTAIN,0.154093604007,0.0871492681072,0.813032957866,0.6455273589,0.268292682927,0.341463414634,0.0975609756098,0.317073170732,0.0487804878049,0.0487804878049,0.439024390244,0.219512195122,0.317073170732,0.682926829268,AVERAGE,16,8,8,0.5,284,16,0.056338028169,8,0.5,41,8,33,34.6821622357,True,2026-03-31,2026-09-04,7,21,20,RANKING_ELIGIBLE,7 active months; 21/20 split-half opportunities
575929,Willson Contreras,30,8,22,0.266666666667,6.95923431234,0.231974477078,1.04076568766,0.0346921895885,0.151848355158,0.254062446483,0.0220879694048,-0.0815653927872,0.150852185379,0.150409084291,0.382826662457,0.232417578166,True,True,NORMAL_RANDOM_EFFECT_EMPIRICAL_BAYES,True,AVERAGE_OR_UNCERTAIN,0.231974477078,0.16151923431,1.08838331972,0.671853075458,0.166666666667,0.366666666667,0.0666666666667,0.5,0.2,0.2,0.366666666667,0.266666666667,0.333333333333,0.666666666667,EASIER_THAN_AVERAGE,22,8,14,0.363636363636,283,22,0.0777385159011,14,0.636363636364,30,8,22,23.0407656877,True,2026-04-03,2026-08-29,5,18,12,RANKING_ELIGIBLE,5 active months; 18/12 split-half opportunities
800050,Chase DeLauter,31,7,24,0.225806451613,5.88626040271,0.189879367829,1.11373959729,0.0359270837837,0.159978343001,0.211568616446,0.0216892486173,-0.0732100324746,0.148763186409,0.116669335355,0.338642554238,0.221973218883,True,True,NORMAL_RANDOM_EFFECT_EMPIRICAL_BAYES,True,AVERAGE_OR_UNCERTAIN,0.189879367829,0.145182393082,0.834793711331,0.617761549898,0.161290322581,0.41935483871,0.161290322581,0.354838709677,0,0,0.354838709677,0.387096774194,0.354838709677,0.645161290323,AVERAGE,18,7,11,0.388888888889,288,18,0.0625,11,0.611111111111,31,7,24,25.1137395973,True,2026-04-05,2026-09-09,6,13,18,RANKING_ELIGIBLE,6 active months; 13/18 split-half opportunities
679529,Spencer Torkelson,48,10,38,0.208333333333,8.48957467374,0.176866139036,1.51042532626,0.0314671942971,0.159838561296,0.198543172408,0.0216770333719,-0.059712442769,0.126986714831,0.117153696267,0.303852853867,0.1866991576,True,True,NORMAL_RANDOM_EFFECT_EMPIRICAL_BAYES,True,AVERAGE_OR_UNCERTAIN,0.176866139036,0.136517838076,1.01826814451,0.83411920945,0.166666666667,0.208333333333,0.104166666667,0.5625,0.0833333333333,0.0833333333333,0.270833333333,0.416666666667,0.1875,0.8125,AVERAGE,21,10,11,0.47619047619,394,21,0.0532994923858,11,0.52380952381,48,10,38,39.5104253263,True,2026-03-28,2026-09-04,7,20,28,RANKING_ELIGIBLE,7 active months; 20/28 split-half opportunities
683737,Michael Busch,32,6,26,0.1875,4.87187937386,0.152246230433,1.12812062614,0.0352537695669,0.172802515105,0.172755201069,0.0205089706363,-0.0637204927012,0.139542206011,0.0885257377319,0.291788436444,0.203262698712,True,True,NORMAL_RANDOM_EFFECT_EMPIRICAL_BAYES,True,AVERAGE_OR_UNCERTAIN,0.152246230433,0.111272892767,0.705326640291,0.520026372124,0.28125,0.25,0.03125,0.46875,0.09375,0.09375,0.5,0.25,0.0625,0.9375,AVERAGE,18,6,12,0.333333333333,385,18,0.0467532467532,12,0.666666666667,32,6,26,27.1281206261,True,2026-04-14,2026-09-06,6,15,17,RANKING_ELIGIBLE,6 active months; 15/17 split-half opportunities
678882,Ceddanne Rafaela,28,6,22,0.214285714286,5.00721130707,0.178828975253,0.992788692929,0.0354567390332,0.153858688893,0.198955078428,0.0201261031752,-0.0741039478883,0.150179445598,0.104725027364,0.32900842085,0.224283393486,True,False,NORMAL_RANDOM_EFFECT_EMPIRICAL_BAYES,False,AVERAGE_OR_UNCERTAIN,0.178828975253,0.129492379418,1.391752823,1.05807786729,0.178571428571,0.25,0.142857142857,0.464285714286,0.107142857143,0.107142857143,0.357142857143,0.214285714286,0.285714285714,0.714285714286,AVERAGE,24,6,18,0.25,279,24,0.0860215053763,18,0.75,28,6,22,22.9927886929,True,2026-04-10,2026-08-29,5,15,13,PUBLICATION_ELIGIBLE,5 active months; 15/13 split-half opportunities
686527,Dominic Canzone,23,5,18,0.217391304348,4.13302102108,0.179696566134,0.866978978919,0.0376947382139,0.160300488239,0.199695518818,0.019998952684,-0.0776478238628,0.155441825155,0.102048742271,0.335138391289,0.233089649018,True,False,NORMAL_RANDOM_EFFECT_EMPIRICAL_BAYES,False,AVERAGE_OR_UNCERTAIN,0.179696566134,0.0983384036581,0.748760984064,0.437022675123,0.260869565217,0.347826086957,0.130434782609,0.304347826087,0.130434782609,0.130434782609,0.347826086957,0.260869565217,0.304347826087,0.695652173913,AVERAGE,11,5,6,0.454545454545,274,11,0.0401459854015,6,0.545454545455,23,5,18,18.8669789789,True,2026-04-04,2026-08-29,5,10,13,PUBLICATION_ELIGIBLE,5 active months; 10/13 split-half opportunities
641933,Tyler O'Neill,28,6,22,0.214285714286,5.04983715591,0.180351326997,0.950162844091,0.033934387289,0.16949857797,0.199458051297,0.0191067243007,-0.0686461816224,0.13434880333,0.111705145374,0.314700130327,0.202994984952,True,False,NORMAL_RANDOM_EFFECT_EMPIRICAL_BAYES,False,AVERAGE_OR_UNCERTAIN,0.180351326997,0.0877047501348,1.11308762332,0.864975330165,0.357142857143,0.178571428571,0.107142857143,0.392857142857,0.0714285714286,0.0714285714286,0.321428571429,0.321428571429,0.428571428571,0.571428571429,AVERAGE,9,6,3,0.666666666667,155,9,0.058064516129,3,0.333333333333,28,6,22,22.9501628441,True,2026-03-28,2026-08-17,6,15,13,PUBLICATION_ELIGIBLE,6 active months; 15/13 split-half opportunities
680869,Zack Gelof,29,8,21,0.275862068966,7.12263449795,0.245608086136,0.877365502049,0.0302539828293,0.120089976213,0.264449307547,0.0188412214111,-0.0912314896504,0.154948230409,0.154376596486,0.400556316546,0.24617972006,True,False,NORMAL_RANDOM_EFFECT_EMPIRICAL_BAYES,False,AVERAGE_OR_UNCERTAIN,0.245608086136,0.169531020021,1.13837521637,1.20060355118,0,0.310344827586,0.172413793103,0.51724137931,0.137931034483,0.137931034483,0.275862068966,0.379310344828,0.51724137931,0.48275862069,EASIER_THAN_AVERAGE,11,8,3,0.727272727273,234,11,0.0470085470085,3,0.272727272727,29,8,21,21.877365502,True,2026-04-14,2026-09-08,6,13,16,PUBLICATION_ELIGIBLE,6 active months; 13/16 split-half opportunities
678246,Miguel Vargas,47,12,35,0.255319148936,10.788467461,0.229541860873,1.21153253896,0.025777288063,0.119164673244,0.247606475621,0.0180646147476,-0.0717055211348,0.129308689766,0.157836339738,0.35885055064,0.201014210901,True,True,NORMAL_RANDOM_EFFECT_EMPIRICAL_BAYES,True,AVERAGE_OR_UNCERTAIN,0.229541860873,0.169532537638,1.11416206063,0.967450114277,0.191489361702,0.276595744681,0.063829787234,0.553191489362,0.148936170213,0.148936170213,0.36170212766,0.276595744681,0.234042553191,0.765957446809,EASIER_THAN_AVERAGE,22,12,10,0.545454545455,333,22,0.0660660660661,10,0.454545454545,47,12,35,36.211532539,True,2026-03-26,2026-09-09,7,19,28,RANKING_ELIGIBLE,7 active months; 19/28 split-half opportunities
689414,Liam Hicks,32,7,25,0.21875,6.04967016616,0.189052192693,0.950329833835,0.0296978073073,0.125745830911,0.206378749261,0.0173265565687,-0.0756064050605,0.145066770813,0.113445787632,0.334118963506,0.220673175874,True,True,NORMAL_RANDOM_EFFECT_EMPIRICAL_BAYES,True,AVERAGE_OR_UNCERTAIN,0.189052192693,0.143641450247,1.36080884764,1.14550073948,0.375,0.15625,0.03125,0.53125,0,0,0.15625,0.28125,0.25,0.75,AVERAGE,12,7,5,0.583333333333,342,12,0.0350877192982,5,0.416666666667,32,7,25,25.9503298338,True,2026-04-03,2026-09-08,6,18,14,RANKING_ELIGIBLE,6 active months; 18/14 split-half opportunities
642715,Willy Adames,34,7,27,0.205882352941,6.04977760502,0.177934635442,0.950222394976,0.0279477174993,0.123743635231,0.194465642901,0.0165310074589,-0.0734335931867,0.139377429388,0.104501042255,0.31731206483,0.212811022575,True,True,NORMAL_RANDOM_EFFECT_EMPIRICAL_BAYES,True,AVERAGE_OR_UNCERTAIN,0.177934635442,0.127352006167,0.914418118142,0.683974667063,0.176470588235,0.235294117647,0.235294117647,0.411764705882,0.176470588235,0.176470588235,0.558823529412,0.235294117647,0.205882352941,0.794117647059,AVERAGE,17,7,10,0.411764705882,306,17,0.0555555555556,10,0.588235294118,34,7,27,27.950222395,True,2026-04-03,2026-08-23,5,22,12,RANKING_ELIGIBLE,5 active months; 22/12 split-half opportunities
683953,Travis Bazzana,26,8,18,0.307692307692,7.33959634695,0.28229216719,0.660403653052,0.025400140502,0.095350202146,0.297882999324,0.0155908321338,-0.104478965601,0.156193865444,0.177813201589,0.438486032635,0.260672831046,True,False,NORMAL_RANDOM_EFFECT_EMPIRICAL_BAYES,False,AVERAGE_OR_UNCERTAIN,0.28229216719,0.227974290669,1.10138098987,0.879262309353,0,0.538461538462,0.0769230769231,0.461538461538,0.269230769231,0.269230769231,0.5,0.269230769231,0.461538461538,0.538461538462,EASIER_THAN_AVERAGE,17,8,9,0.470588235294,285,17,0.059649122807,9,0.529411764706,26,8,18,18.6604036531,True,2026-05-01,2026-09-03,5,9,17,PUBLICATION_ELIGIBLE,5 active months; 9/17 split-half opportunities
682998,Corbin Carroll,34,6,28,0.176470588235,5.0555428134,0.148692435688,0.9444571866,0.0277781525471,0.122720868086,0.164033619599,0.015341183911,-0.0668592662923,0.136263844185,0.081833169396,0.284956279873,0.203123110477,True,True,NORMAL_RANDOM_EFFECT_EMPIRICAL_BAYES,True,AVERAGE_OR_UNCERTAIN,0.148692435688,0.128971611905,0.986952684074,0.856110428175,0.441176470588,0.205882352941,0.0882352941176,0.294117647059,0.0882352941176,0.0882352941176,0.352941176471,0.176470588235,0.235294117647,0.764705882353,AVERAGE,8,6,2,0.75,365,8,0.0219178082192,2,0.25,34,6,28,28.9444571866,True,2026-03-26,2026-09-05,7,15,19,RANKING_ELIGIBLE,7 active months; 15/19 split-half opportunities
669477,Casey Schmitt,20,4,16,0.2,3.36585765755,0.168292882878,0.634142342448,0.0317071171224,0.116824159138,0.182680627732,0.0143877448547,-0.081789912503,0.157212752945,0.0865029703746,0.325505635822,0.239002665448,True,False,NORMAL_RANDOM_EFFECT_EMPIRICAL_BAYES,False,AVERAGE_OR_UNCERTAIN,0.168292882878,0.1227762704,1.17289596463,1.09689833341,0.15,0.2,0.15,0.6,0.15,0.15,0.55,0.15,0.05,0.95,AVERAGE,12,4,8,0.333333333333,201,12,0.0597014925373,8,0.666666666667,20,4,16,16.6341423424,True,2026-03-31,2026-07-10,5,15,5,PUBLICATION_ELIGIBLE,5 active months; 15/5 split-half opportunities
691406,Junior Caminero,44,9,35,0.204545454545,8.21664663617,0.186741969004,0.783353363831,0.0178034855416,0.0813696647687,0.19739688834,0.0106549193366,-0.0712905451663,0.117470664864,0.115451423838,0.304212633867,0.18876121003,True,True,NORMAL_RANDOM_EFFECT_EMPIRICAL_BAYES,True,AVERAGE_OR_UNCERTAIN,0.186741969004,0.149332281237,1.05283302888,0.694594661091,0.136363636364,0.227272727273,0.227272727273,0.477272727273,0.0681818181818,0.0681818181818,0.454545454545,0.136363636364,0.113636363636,0.886363636364,AVERAGE,23,9,14,0.391304347826,378,23,0.0608465608466,14,0.608695652174,44,9,35,35.7833533638,True,2026-04-07,2026-09-09,6,21,23,RANKING_ELIGIBLE,6 active months; 21/23 split-half opportunities
693304,Nick Gonzales,36,7,29,0.194444444444,6.33078027233,0.175855007565,0.669219727671,0.0185894368797,0.0800910076666,0.185957030075,0.0101020225099,-0.0747455626491,0.123789904249,0.101109444916,0.299644911814,0.198535466898,True,True,NORMAL_RANDOM_EFFECT_EMPIRICAL_BAYES,True,AVERAGE_OR_UNCERTAIN,0.175855007565,0.122929992287,1.07802324554,0.98906982387,0.527777777778,0,0.222222222222,0.305555555556,0.138888888889,0.138888888889,0.416666666667,0.25,0.333333333333,0.666666666667,AVERAGE,13,7,6,0.538461538462,219,13,0.0593607305936,6,0.461538461538,36,7,29,29.6692197277,True,2026-03-26,2026-09-09,7,14,22,RANKING_ELIGIBLE,7 active months; 14/22 split-half opportunities
669394,Jake Burger,41,10,31,0.243902439024,9.32615308184,0.227467148338,0.673846918156,0.0164352906867,0.0687688478689,0.237447172403,0.00998002406518,-0.0814787268008,0.124157860277,0.145988421537,0.351625008615,0.205636587078,True,True,NORMAL_RANDOM_EFFECT_EMPIRICAL_BAYES,True,AVERAGE_OR_UNCERTAIN,0.227467148338,0.140380045713,0.962623522985,0.731802118926,0.0975609756098,0.512195121951,0.170731707317,0.341463414634,0.219512195122,0.219512195122,0.414634146341,0.219512195122,0.219512195122,0.780487804878,EASIER_THAN_AVERAGE,16,10,6,0.625,309,16,0.0517799352751,6,0.375,41,10,31,31.6738469182,True,2026-03-26,2026-09-08,7,25,16,RANKING_ELIGIBLE,7 active months; 25/16 split-half opportunities
687093,Vaughn Grissom,27,7,20,0.259259259259,6.49308323889,0.240484564403,0.506916761114,0.0187746948561,0.0696192381516,0.250367527204,0.00988296280063,-0.0934392730376,0.142336300156,0.147045291366,0.38282086456,0.235775573194,True,False,NORMAL_RANDOM_EFFECT_EMPIRICAL_BAYES,False,AVERAGE_OR_UNCERTAIN,0.240484564403,0.132606526781,0.919209460827,0.688717433333,0.111111111111,0.296296296296,0.148148148148,0.444444444444,0.148148148148,0.148148148148,0.111111111111,0.481481481481,0.222222222222,0.777777777778,EASIER_THAN_AVERAGE,11,7,4,0.636363636364,254,11,0.0433070866142,4,0.363636363636,27,7,20,20.5069167611,True,2026-04-12,2026-08-26,5,13,14,PUBLICATION_ELIGIBLE,5 active months; 13/14 split-half opportunities
673548,Seiya Suzuki,51,11,40,0.21568627451,10.2502041907,0.200984395896,0.749795809321,0.0147018786141,0.0608842569139,0.209857805221,0.0088734093255,-0.0744364004796,0.114248361825,0.126547995416,0.315232757721,0.188684762305,True,True,NORMAL_RANDOM_EFFECT_EMPIRICAL_BAYES,True,AVERAGE_OR_UNCERTAIN,0.200984395896,0.178663679142,0.962403506034,0.782093569847,0.254901960784,0.274509803922,0.137254901961,0.352941176471,0.0980392156863,0.0980392156863,0.294117647059,0.254901960784,0.254901960784,0.745098039216,AVERAGE,15,11,4,0.733333333333,447,15,0.0335570469799,4,0.266666666667,51,11,40,40.7497958093,True,2026-04-12,2026-09-02,6,21,30,RANKING_ELIGIBLE,6 active months; 21/30 split-half opportunities
677942,Blaze Alexander,25,5,20,0.2,4.55161620285,0.182064648114,0.448383797153,0.0179353518861,0.0600353167955,0.189797800635,0.00773315252093,-0.0866314419584,0.140756414655,0.0954332061555,0.322821062769,0.227387856613,True,False,NORMAL_RANDOM_EFFECT_EMPIRICAL_BAYES,False,AVERAGE_OR_UNCERTAIN,0.182064648114,0.127452255788,1.17306145017,0.939621034121,0.32,0.12,0.28,0.32,0.08,0.08,0.36,0.36,0.32,0.68,AVERAGE,11,5,6,0.454545454545,102,11,0.107843137255,6,0.545454545455,25,5,20,20.4483837972,True,2026-03-31,2026-09-06,7,13,12,PUBLICATION_ELIGIBLE,7 active months; 13/12 split-half opportunities
621439,Byron Buxton,25,6,19,0.24,5.60255951017,0.224102380407,0.397440489831,0.0158976195933,0.0501261124059,0.231458894286,0.00735651387939,-0.0996664273783,0.145052423186,0.124435953028,0.369154803592,0.244718850564,True,False,NORMAL_RANDOM_EFFECT_EMPIRICAL_BAYES,False,AVERAGE_OR_UNCERTAIN,0.224102380407,0.154147279813,1.16542305522,0.864370946478,0.16,0.36,0.32,0.32,0.2,0.2,0.48,0.24,0.28,0.72,EASIER_THAN_AVERAGE,11,6,5,0.545454545455,175,11,0.0628571428571,5,0.454545454545,25,6,19,19.3974404898,True,2026-03-29,2026-08-24,6,13,12,PUBLICATION_ELIGIBLE,6 active months; 13/12 split-half opportunities
691023,Jordan Walker,34,7,27,0.205882352941,6.49116788667,0.190916702549,0.508832113325,0.0149656503919,0.0508867764936,0.198020593009,0.00710389046014,-0.0838229766626,0.130170125953,0.107093725887,0.321086828502,0.213993102616,True,True,NORMAL_RANDOM_EFFECT_EMPIRICAL_BAYES,True,AVERAGE_OR_UNCERTAIN,0.190916702549,0.148639316385,1.22548674324,1.07659548063,0,0.352941176471,0.117647058824,0.647058823529,0.117647058824,0.117647058824,0.352941176471,0.382352941176,0.264705882353,0.735294117647,AVERAGE,18,7,11,0.388888888889,297,18,0.0606060606061,11,0.611111111111,34,7,27,27.5088321133,True,2026-03-26,2026-09-07,7,15,19,RANKING_ELIGIBLE,7 active months; 15/19 split-half opportunities
641857,Ryan McMahon,24,6,18,0.25,5.68395018939,0.236831257891,0.316049810608,0.0131687421087,0.0360546134257,0.2422627031,0.00543144520837,-0.10484683634,0.148821078172,0.131984421551,0.385652336063,0.253667914512,True,False,NORMAL_RANDOM_EFFECT_EMPIRICAL_BAYES,False,AVERAGE_OR_UNCERTAIN,0.236831257891,0.163361285228,1.13521148625,0.994460265738,0.166666666667,0.416666666667,0.333333333333,0.166666666667,0.0833333333333,0.0833333333333,0.166666666667,0.541666666667,0.5,0.5,EASIER_THAN_AVERAGE,7,6,1,0.857142857143,226,7,0.0309734513274,1,0.142857142857,24,6,18,18.3160498106,True,2026-04-13,2026-09-06,6,13,11,PUBLICATION_ELIGIBLE,6 active months; 13/11 split-half opportunities
680777,Ryan Jeffers,29,8,21,0.275862068966,7.68809487292,0.265106719756,0.311905127081,0.0107553492097,0.0295804205497,0.270027925341,0.00492120558543,-0.108463215704,0.142071651794,0.156643504052,0.40717837155,0.250534867498,True,False,NORMAL_RANDOM_EFFECT_EMPIRICAL_BAYES,False,AVERAGE_OR_UNCERTAIN,0.265106719756,0.24931867649,1.09116624757,0.80326593426,0.0689655172414,0.413793103448,0.0689655172414,0.586206896552,0.241379310345,0.241379310345,0.310344827586,0.344827586207,0.344827586207,0.655172413793,EASIER_THAN_AVERAGE,12,8,4,0.666666666667,270,12,0.0444444444444,4,0.333333333333,29,8,21,21.3119051271,True,2026-03-26,2026-09-02,6,17,12,PUBLICATION_ELIGIBLE,6 active months; 17/12 split-half opportunities
682985,Riley Greene,32,8,24,0.25,7.66141562289,0.239419238215,0.33858437711,0.0105807617847,0.0304567661618,0.244167366579,0.0047481283639,-0.0985282721799,0.135299229281,0.140890966035,0.374718467497,0.233827501461,True,True,NORMAL_RANDOM_EFFECT_EMPIRICAL_BAYES,True,AVERAGE_OR_UNCERTAIN,0.239419238215,0.193178442141,1.08523902897,1.05264029494,0.28125,0.28125,0.03125,0.46875,0.21875,0.21875,0.34375,0.28125,0.125,0.875,EASIER_THAN_AVERAGE,12,8,4,0.666666666667,297,12,0.040404040404,4,0.333333333333,32,8,24,24.3385843771,True,2026-04-07,2026-09-06,6,17,15,RANKING_ELIGIBLE,6 active months; 17/15 split-half opportunities
696100,Hunter Goodman,26,5,21,0.192307692308,4.65051974455,0.178866144021,0.349480255448,0.0134415482864,0.0362966103392,0.183529361747,0.00466321772608,-0.0868685284552,0.137654159406,0.091997615566,0.316520303427,0.224522687861,True,False,NORMAL_RANDOM_EFFECT_EMPIRICAL_BAYES,False,AVERAGE_OR_UNCERTAIN,0.178866144021,0.145037697076,1.39437487985,1.21099301096,0.153846153846,0.230769230769,0.0384615384615,0.653846153846,0.0384615384615,0.0384615384615,0.5,0.346153846154,0.307692307692,0.692307692308,AVERAGE,12,5,7,0.416666666667,209,12,0.0574162679426,7,0.583333333333,26,5,21,21.3494802554,True,2026-03-31,2026-09-09,7,13,13,PUBLICATION_ELIGIBLE,7 active months; 13/13 split-half opportunities
643289,Mauricio Dubón,43,7,36,0.162790697674,6.54492998838,0.152207674148,0.455070011621,0.0105830235261,0.0431660883258,0.15667495426,0.00446728011176,-0.0643158116055,0.101337716061,0.0878918625429,0.253545390209,0.165653527667,True,True,NORMAL_RANDOM_EFFECT_EMPIRICAL_BAYES,True,AVERAGE_OR_UNCERTAIN,0.152207674148,0.0858699571062,0.925704275371,0.604742310284,0.395348837209,0.093023255814,0.093023255814,0.511627906977,0.0697674418605,0.0697674418605,0.395348837209,0.302325581395,0.255813953488,0.744186046512,AVERAGE,16,7,9,0.4375,260,16,0.0615384615385,9,0.5625,43,7,36,36.4550700116,True,2026-03-30,2026-09-08,7,19,24,RANKING_ELIGIBLE,7 active months; 19/24 split-half opportunities
592450,Aaron Judge,23,6,17,0.260869565217,5.81022117045,0.252618311759,0.189778829546,0.00825125345851,0.0171808542851,0.255020326899,0.00240201514002,-0.104821859481,0.139484698634,0.147796452278,0.392103010393,0.244306558115,True,False,NORMAL_RANDOM_EFFECT_EMPIRICAL_BAYES,False,AVERAGE_OR_UNCERTAIN,0.252618311759,0.187512669673,0.99465068141,0.789700803773,0.173913043478,0.478260869565,0.130434782609,0.391304347826,0.173913043478,0.173913043478,0.565217391304,0.130434782609,0.304347826087,0.695652173913,EASIER_THAN_AVERAGE,8,6,2,0.75,180,8,0.0444444444444,2,0.25,23,6,17,17.1897788295,True,2026-03-25,2026-05-24,3,23,0,PUBLICATION_ELIGIBLE,3 active months; 23/0 split-half opportunities
691723,Coby Mayo,38,10,28,0.263157894737,9.74766876733,0.25651759914,0.252331232672,0.00664029559663,0.0148832630809,0.258730449407,0.0022128502672,-0.0932370277803,0.119580430816,0.16328057136,0.376098029956,0.212817458596,True,True,NORMAL_RANDOM_EFFECT_EMPIRICAL_BAYES,True,AVERAGE_OR_UNCERTAIN,0.25651759914,0.196864379363,1.38948087962,0.958897511095,0.105263157895,0.394736842105,0.0789473684211,0.552631578947,0.157894736842,0.157894736842,0.342105263158,0.315789473684,0.342105263158,0.657894736842,EASIER_THAN_AVERAGE,17,10,7,0.588235294118,277,17,0.0613718411552,7,0.411764705882,38,10,28,28.2523312327,True,2026-04-01,2026-09-04,6,20,18,RANKING_ELIGIBLE,6 active months; 20/18 split-half opportunities
686797,Brooks Lee,25,4,21,0.16,3.74675675427,0.149870270171,0.253243245734,0.0101297298294,0.0166563154587,0.151771889361,0.00190161918995,-0.0804287909181,0.129602546318,0.0694414792526,0.279472816489,0.210031337236,True,False,NORMAL_RANDOM_EFFECT_EMPIRICAL_BAYES,False,AVERAGE_OR_UNCERTAIN,0.149870270171,0.134157670806,1.0690988256,0.850815323325,0.16,0.36,0.2,0.28,0,0,0.28,0.24,0.36,0.64,AVERAGE,7,4,3,0.571428571429,236,7,0.0296610169492,3,0.428571428571,25,4,21,21.2532432457,True,2026-03-26,2026-09-07,6,12,13,PUBLICATION_ELIGIBLE,6 active months; 12/13 split-half opportunities
608369,Corey Seager,25,5,20,0.2,4.77758141448,0.191103256579,0.222418585516,0.00889674342065,0.0101020975648,0.192500440072,0.00139718349266,-0.0951188153816,0.140162930225,0.0959844411977,0.331266186805,0.235281745607,True,False,NORMAL_RANDOM_EFFECT_EMPIRICAL_BAYES,False,AVERAGE_OR_UNCERTAIN,0.191103256579,0.152944933391,1.00020382479,0.713606937406,0.04,0.48,0.2,0.36,0.08,0.08,0.6,0.16,0.2,0.8,AVERAGE,7,5,2,0.714285714286,109,7,0.0642201834862,2,0.285714285714,25,5,20,20.2224185855,True,2026-03-28,2026-09-08,6,17,8,PUBLICATION_ELIGIBLE,6 active months; 17/8 split-half opportunities
666018,Jonathan Aranda,43,9,34,0.209302325581,8.79190339873,0.204462869738,0.208096601268,0.00483945584344,0.00241303940168,0.204816430182,0.00035356044363,-0.0866694022199,0.113284699728,0.117793467518,0.317747569466,0.199954101948,True,True,NORMAL_RANDOM_EFFECT_EMPIRICAL_BAYES,True,AVERAGE_OR_UNCERTAIN,0.204462869738,0.167101231664,1.02298490082,0.840636666318,0.441860465116,0.279069767442,0.0697674418605,0.279069767442,0.162790697674,0.162790697674,0.418604651163,0.279069767442,0.302325581395,0.697674418605,AVERAGE,22,9,13,0.409090909091,361,22,0.0609418282548,13,0.590909090909,43,9,34,34.2080966013,True,2026-03-26,2026-09-02,7,18,25,RANKING_ELIGIBLE,7 active months; 18/25 split-half opportunities
667472,Dane Myers,25,5,20,0.2,4.88983487882,0.195593395153,0.110165121178,0.00440660484713,-0.0103978293136,0.194221015408,-0.00137237974489,-0.0946402987672,0.13376732531,0.100953096386,0.329360720463,0.228407624077,True,False,NORMAL_RANDOM_EFFECT_EMPIRICAL_BAYES,False,AVERAGE_OR_UNCERTAIN,0.195593395153,0.159356660015,1.34569011455,1.29282369005,0.32,0.08,0.2,0.4,0.08,0.08,0.36,0.32,0.2,0.8,AVERAGE,10,5,5,0.5,220,10,0.0454545454545,5,0.5,25,5,20,20.1101651212,True,2026-03-26,2026-09-08,7,10,15,PUBLICATION_ELIGIBLE,7 active months; 10/15 split-half opportunities
571448,Nolan Arenado,38,8,30,0.210526315789,7.91594915452,0.208314451435,0.0840508454781,0.00221186435469,-0.0112994505702,0.206828172128,-0.00148627930724,-0.0867491719779,0.111047459167,0.121565279457,0.319361910602,0.197796631145,True,True,NORMAL_RANDOM_EFFECT_EMPIRICAL_BAYES,True,AVERAGE_OR_UNCERTAIN,0.208314451435,0.1659170345,1.09094861999,0.670412028395,0.184210526316,0.184210526316,0.0263157894737,0.605263157895,0.0789473684211,0.0789473684211,0.210526315789,0.421052631579,0.315789473684,0.684210526316,EASIER_THAN_AVERAGE,12,8,4,0.666666666667,367,12,0.0326975476839,4,0.333333333333,38,8,30,30.0840508455,True,2026-04-05,2026-09-08,6,13,25,RANKING_ELIGIBLE,6 active months; 13/25 split-half opportunities
665750,Leody Taveras,32,8,24,0.25,7.92208879786,0.247565274933,0.0779112021407,0.0024347250669,-0.0111289590719,0.245822415459,-0.00174285947422,-0.103554565802,0.130588547255,0.144010709132,0.378153822188,0.234143113056,True,True,NORMAL_RANDOM_EFFECT_EMPIRICAL_BAYES,True,AVERAGE_OR_UNCERTAIN,0.247565274933,0.193876879702,1.23063123373,1.1148407457,0.21875,0.3125,0.125,0.375,0.125,0.125,0.34375,0.375,0.1875,0.8125,EASIER_THAN_AVERAGE,18,8,10,0.444444444444,254,18,0.0708661417323,10,0.555555555556,32,8,24,24.0779112021,True,2026-04-04,2026-09-09,6,17,15,RANKING_ELIGIBLE,6 active months; 17/15 split-half opportunities
665926,Andrés Giménez,22,4,18,0.181818181818,3.91959130566,0.178163241166,0.0804086943398,0.00365494065181,-0.0161170127336,0.176381992802,-0.00178124836459,-0.086684177677,0.126352907392,0.0914790634893,0.304516148559,0.213037085069,True,False,NORMAL_RANDOM_EFFECT_EMPIRICAL_BAYES,False,AVERAGE_OR_UNCERTAIN,0.178163241166,0.124052446315,0.850245846758,0.724824815028,0.318181818182,0.227272727273,0.136363636364,0.409090909091,0.136363636364,0.136363636364,0.409090909091,0.318181818182,0.318181818182,0.681818181818,AVERAGE,14,4,10,0.285714285714,211,14,0.0663507109005,10,0.714285714286,22,4,18,18.0804086943,True,2026-03-28,2026-09-06,7,13,9,PUBLICATION_ELIGIBLE,7 active months; 13/9 split-half opportunities
681297,Colton Cowser,21,6,15,0.285714285714,5.99675045876,0.285559545655,0.00324954123661,0.000154740058886,-0.0182819220024,0.282940840149,-0.00261870550643,-0.11743532094,0.139479647006,0.168124224715,0.425039192662,0.256914967947,True,False,NORMAL_RANDOM_EFFECT_EMPIRICAL_BAYES,False,AVERAGE_OR_UNCERTAIN,0.285559545655,0.154986491011,1.09485485557,0.804611036358,0.047619047619,0.571428571429,0.0952380952381,0.333333333333,0.238095238095,0.238095238095,0.333333333333,0.285714285714,0.238095238095,0.761904761905,EASIER_THAN_AVERAGE,12,6,6,0.5,251,12,0.0478087649402,6,0.5,21,6,15,15.0032495412,True,2026-03-28,2026-08-30,6,11,10,PUBLICATION_ELIGIBLE,6 active months; 11/10 split-half opportunities
662139,Daulton Varsho,28,5,23,0.178571428571,4.9710352781,0.177536974218,0.0289647218961,0.00103445435343,-0.0271652366768,0.17402255479,-0.00351441942756,-0.0919735987095,0.123631529539,0.0855633755085,0.301168503757,0.215605128249,True,False,NORMAL_RANDOM_EFFECT_EMPIRICAL_BAYES,False,AVERAGE_OR_UNCERTAIN,0.177536974218,0.132698419587,1.11603278911,0.734532238753,0.607142857143,0.0357142857143,0.25,0.142857142857,0,0,0.428571428571,0.178571428571,0.25,0.75,AVERAGE,8,5,3,0.625,231,8,0.034632034632,3,0.375,28,5,23,23.0289647219,True,2026-03-29,2026-08-29,6,14,14,PUBLICATION_ELIGIBLE,6 active months; 14/14 split-half opportunities
683357,Owen Caissie,25,6,19,0.24,6.05463152693,0.242185261077,-0.0546315269335,-0.00218526107734,-0.0366385419801,0.237203024865,-0.00498223621204,-0.103811549309,0.127674288539,0.138373711768,0.369859549617,0.231485837849,True,False,NORMAL_RANDOM_EFFECT_EMPIRICAL_BAYES,False,AVERAGE_OR_UNCERTAIN,0.242185261077,0.169588529659,1.03531270821,0.941034078223,0.12,0.36,0.32,0.24,0.16,0.16,0.44,0.16,0.16,0.84,EASIER_THAN_AVERAGE,10,6,4,0.6,210,10,0.047619047619,4,0.4,25,6,19,18.9453684731,True,2026-03-27,2026-08-24,5,17,8,PUBLICATION_ELIGIBLE,5 active months; 17/8 split-half opportunities
664983,Jake McCarthy,25,4,21,0.16,4.0572942911,0.162291771644,-0.0572942910999,-0.002291771644,-0.0490645053767,0.156465707915,-0.00582606372899,-0.0891571184381,0.121596220447,0.0731346532059,0.283887992091,0.210753338886,True,False,NORMAL_RANDOM_EFFECT_EMPIRICAL_BAYES,False,AVERAGE_OR_UNCERTAIN,0.162291771644,0.117525187531,0.932739153253,0.753175007638,0.36,0.44,0.12,0.2,0.12,0.12,0.56,0.2,0.24,0.76,AVERAGE,5,4,1,0.8,172,5,0.0290697674419,1,0.2,25,4,21,20.9427057089,True,2026-03-29,2026-09-04,7,11,14,PUBLICATION_ELIGIBLE,7 active months; 11/14 split-half opportunities
663656,Kyle Tucker,28,6,22,0.214285714286,6.11250545806,0.218303766359,-0.112505458061,-0.00401805207361,-0.0492979676732,0.211571268567,-0.00673249779207,-0.100048813874,0.123008590345,0.118254952485,0.341312356704,0.223057404219,True,False,NORMAL_RANDOM_EFFECT_EMPIRICAL_BAYES,False,AVERAGE_OR_UNCERTAIN,0.218303766359,0.166423839214,1.26800525846,0.963119940834,0.0714285714286,0.428571428571,0.0714285714286,0.5,0.142857142857,0.142857142857,0.285714285714,0.25,0.25,0.75,EASIER_THAN_AVERAGE,13,6,7,0.461538461538,255,13,0.0509803921569,7,0.538461538462,28,6,22,21.8874945419,True,2026-03-26,2026-09-09,7,15,13,PUBLICATION_ELIGIBLE,7 active months; 15/13 split-half opportunities
686469,Vinnie Pasquantino,23,4,19,0.173913043478,4.10769288954,0.178595343024,-0.107692889542,-0.0046822995453,-0.0588201439051,0.171113376752,-0.00748196627194,-0.0976799756256,0.129257040697,0.0809153673979,0.307852383721,0.226937016323,True,False,NORMAL_RANDOM_EFFECT_EMPIRICAL_BAYES,False,AVERAGE_OR_UNCERTAIN,0.178595343024,0.14722295828,1.16717062616,0.914412136079,0.0869565217391,0.434782608696,0.130434782609,0.347826086957,0,0,0.521739130435,0.217391304348,0.304347826087,0.695652173913,AVERAGE,5,4,1,0.8,244,5,0.0204918032787,1,0.2,23,4,19,18.8923071105,True,2026-03-28,2026-09-07,7,16,7,PUBLICATION_ELIGIBLE,7 active months; 16/7 split-half opportunities
701678,Hao-Yu Lee,21,3,18,0.142857142857,3.0992897341,0.147585225433,-0.0992897340959,-0.004728082576,-0.0667898143601,0.139857751226,-0.00772747420688,-0.0896357103608,0.130258941903,0.0579495150724,0.277844167336,0.219894652264,True,False,NORMAL_RANDOM_EFFECT_EMPIRICAL_BAYES,False,AVERAGE_OR_UNCERTAIN,0.147585225433,0.141740248093,1.11498134637,0.867930257487,0.380952380952,0.285714285714,0.142857142857,0.285714285714,0,0,0.47619047619,0.238095238095,0.142857142857,0.857142857143,AVERAGE,6,3,3,0.5,186,6,0.0322580645161,3,0.5,21,3,18,17.9007102659,True,2026-04-19,2026-09-09,5,10,11,PUBLICATION_ELIGIBLE,5 active months; 10/11 split-half opportunities
680757,Steven Kwan,54,9,45,0.166666666667,9.45738744285,0.175136804497,-0.457387442849,-0.00847013783054,-0.078417991667,0.165126497648,-0.0100103068494,-0.080998222293,0.08690737495,0.0941385822042,0.262044179447,0.167905597243,True,True,NORMAL_RANDOM_EFFECT_EMPIRICAL_BAYES,True,AVERAGE_OR_UNCERTAIN,0.175136804497,0.124749064646,1.22037407272,1.04190329365,0.462962962963,0.203703703704,0.0925925925926,0.296296296296,0.0555555555556,0.0555555555556,0.277777777778,0.333333333333,0.277777777778,0.722222222222,AVERAGE,16,9,7,0.5625,540,16,0.0296296296296,7,0.4375,54,9,45,44.5426125572,True,2026-03-26,2026-09-04,7,25,29,RANKING_ELIGIBLE,7 active months; 25/29 split-half opportunities
693307,Dillon Dingler,40,7,33,0.175,7.47056198082,0.18676404952,-0.470561980817,-0.0117640495204,-0.0950241203286,0.174198271931,-0.0125657775895,-0.0925446265429,0.0975495151478,0.0942194229775,0.284313564668,0.190094141691,True,True,NORMAL_RANDOM_EFFECT_EMPIRICAL_BAYES,True,AVERAGE_OR_UNCERTAIN,0.18676404952,0.137948336967,0.955885554082,0.776343276284,0.175,0.175,0.1,0.575,0.125,0.125,0.275,0.425,0.25,0.75,AVERAGE,16,7,9,0.4375,340,16,0.0470588235294,9,0.5625,40,7,33,32.5294380192,True,2026-04-04,2026-09-06,6,20,20,RANKING_ELIGIBLE,6 active months; 20/20 split-half opportunities
669364,Xavier Edwards,51,9,42,0.176470588235,9.64091257452,0.189037501461,-0.640912574522,-0.0125669132259,-0.103839310939,0.176369702101,-0.0126677993598,-0.0852285077077,0.0818022452566,0.103808993753,0.270839746718,0.167030752964,True,True,NORMAL_RANDOM_EFFECT_EMPIRICAL_BAYES,True,AVERAGE_OR_UNCERTAIN,0.189037501461,0.137569128176,0.939273221954,0.833568679607,0.137254901961,0.392156862745,0.21568627451,0.313725490196,0.0980392156863,0.0980392156863,0.372549019608,0.254901960784,0.411764705882,0.588235294118,AVERAGE,14,9,5,0.642857142857,342,14,0.0409356725146,5,0.357142857143,51,9,42,41.3590874255,True,2026-03-28,2026-08-30,6,26,25,RANKING_ELIGIBLE,6 active months; 26/25 split-half opportunities
672724,Oswald Peraza,20,4,16,0.2,4.32368081159,0.216184040579,-0.323680811588,-0.0161840405794,-0.102606154899,0.202212723865,-0.0139713167144,-0.115200545283,0.130392677679,0.100983495296,0.346576718259,0.245593222962,True,False,NORMAL_RANDOM_EFFECT_EMPIRICAL_BAYES,False,AVERAGE_OR_UNCERTAIN,0.216184040579,0.165596571945,0.986498041136,0.67544806713,0.15,0.3,0.15,0.45,0.2,0.2,0.25,0.5,0.4,0.6,EASIER_THAN_AVERAGE,12,4,8,0.333333333333,155,12,0.0774193548387,8,0.666666666667,20,4,16,15.6763191884,True,2026-04-14,2026-08-29,5,11,9,PUBLICATION_ELIGIBLE,5 active months; 11/9 split-half opportunities
661388,William Contreras,44,6,38,0.136363636364,6.61798393455,0.150408725785,-0.617983934548,-0.0140450894216,-0.126299890698,0.136230321979,-0.0141784038062,-0.0810350090983,0.0839414562645,0.0693737166869,0.23435018205,0.164976465363,True,True,NORMAL_RANDOM_EFFECT_EMPIRICAL_BAYES,True,AVERAGE_OR_UNCERTAIN,0.150408725785,0.12417448975,0.892447830035,0.704250036654,0.272727272727,0.113636363636,0.25,0.431818181818,0.0681818181818,0.0681818181818,0.386363636364,0.227272727273,0.363636363636,0.636363636364,AVERAGE,8,6,2,0.75,296,8,0.027027027027,2,0.25,44,6,38,37.3820160655,True,2026-04-10,2026-09-09,6,14,30,RANKING_ELIGIBLE,6 active months; 14/30 split-half opportunities
663968,Jake Mangum,22,4,18,0.181818181818,4.37470197579,0.198850089809,-0.374701975795,-0.0170319079907,-0.110995899766,0.184209034687,-0.0146410551221,-0.110723178832,0.123421830393,0.0881269109772,0.322271920202,0.234145009225,True,False,NORMAL_RANDOM_EFFECT_EMPIRICAL_BAYES,False,AVERAGE_OR_UNCERTAIN,0.198850089809,0.180948003764,0.961910214382,0.662594328914,0.363636363636,0.363636363636,0,0.318181818182,0.0454545454545,0.0454545454545,0.545454545455,0.272727272727,0.227272727273,0.772727272727,AVERAGE,9,4,5,0.444444444444,188,9,0.0478723404255,5,0.555555555556,22,4,18,17.6252980242,True,2026-04-13,2026-08-29,4,5,17,PUBLICATION_ELIGIBLE,4 active months; 5/17 split-half opportunities
666126,Carlos Cortes,32,5,27,0.15625,5.51176865507,0.172242770471,-0.511768655066,-0.0159927704708,-0.123706914642,0.156763313542,-0.0154794569291,-0.0955667861315,0.10261406455,0.0766759843393,0.27485683502,0.198180850681,True,True,NORMAL_RANDOM_EFFECT_EMPIRICAL_BAYES,True,AVERAGE_OR_UNCERTAIN,0.172242770471,0.128892102275,1.00422250842,0.93540752322,0.28125,0.3125,0.25,0.1875,0.0625,0.0625,0.40625,0.3125,0.1875,0.8125,AVERAGE,12,5,7,0.416666666667,223,12,0.0538116591928,7,0.583333333333,32,5,27,26.4882313449,True,2026-04-05,2026-09-09,6,17,15,RANKING_ELIGIBLE,6 active months; 17/15 split-half opportunities
671277,Luis García Jr.,23,5,18,0.217391304348,5.41325035087,0.235358710907,-0.41325035087,-0.0179674065596,-0.116129782495,0.219492977893,-0.0158657330147,-0.113292112461,0.125080499027,0.122066598446,0.360439209935,0.238372611488,True,False,NORMAL_RANDOM_EFFECT_EMPIRICAL_BAYES,False,AVERAGE_OR_UNCERTAIN,0.235358710907,0.169008187746,1.08418315059,0.90784849484,0.130434782609,0.521739130435,0.260869565217,0.173913043478,0.0869565217391,0.0869565217391,0.304347826087,0.347826086957,0.391304347826,0.608695652174,EASIER_THAN_AVERAGE,11,5,6,0.454545454545,224,11,0.0491071428571,6,0.545454545455,23,5,18,17.5867496491,True,2026-04-17,2026-08-26,5,9,14,PUBLICATION_ELIGIBLE,5 active months; 9/14 split-half opportunities
663743,Nick Fortes,20,4,16,0.2,4.3889592321,0.219447961605,-0.388959232097,-0.0194479616048,-0.114673759698,0.203293422356,-0.0161545392484,-0.120837080181,0.131215882181,0.0986108814236,0.350663843786,0.252052962362,True,False,NORMAL_RANDOM_EFFECT_EMPIRICAL_BAYES,False,AVERAGE_OR_UNCERTAIN,0.219447961605,0.151662743532,0.883370724533,0.587441086385,0.1,0.5,0.05,0.35,0.15,0.15,0.3,0.55,0.15,0.85,EASIER_THAN_AVERAGE,8,4,4,0.5,148,8,0.0540540540541,4,0.5,20,4,16,15.6110407679,True,2026-03-28,2026-08-16,6,11,9,PUBLICATION_ELIGIBLE,6 active months; 11/9 split-half opportunities
685133,Wade Meckler,25,5,20,0.2,5.53013044366,0.221205217746,-0.530130443661,-0.0212052177464,-0.133664604875,0.204303296959,-0.0169019207879,-0.109982847679,0.10941549886,0.111222370068,0.330620716606,0.219398346538,True,False,NORMAL_RANDOM_EFFECT_EMPIRICAL_BAYES,False,AVERAGE_OR_UNCERTAIN,0.221205217746,0.146768556386,0.775414078374,0.554601167373,0.04,0.44,0.28,0.32,0.12,0.12,0.44,0.28,0.08,0.92,EASIER_THAN_AVERAGE,11,5,6,0.454545454545,164,11,0.0670731707317,6,0.545454545455,25,5,20,19.4698695563,True,2026-05-27,2026-09-08,5,3,22,PUBLICATION_ELIGIBLE,5 active months; 3/22 split-half opportunities
681393,Connor Norby,23,4,19,0.173913043478,4.47185374031,0.194428423492,-0.471853740309,-0.0205153800134,-0.136880913356,0.176977829779,-0.017450593713,-0.107341637364,0.118092332302,0.0870867861274,0.312520755794,0.225433969667,True,False,NORMAL_RANDOM_EFFECT_EMPIRICAL_BAYES,False,AVERAGE_OR_UNCERTAIN,0.194428423492,0.148561861195,1.01498913498,0.806644625733,0.304347826087,0.0434782608696,0.0434782608696,0.608695652174,0.217391304348,0.217391304348,0.304347826087,0.260869565217,0.260869565217,0.739130434783,AVERAGE,10,4,6,0.4,144,10,0.0694444444444,6,0.6,23,4,19,18.5281462597,True,2026-04-01,2026-09-06,4,16,7,PUBLICATION_ELIGIBLE,4 active months; 16/7 split-half opportunities
808982,Jung Hoo Lee,41,5,36,0.121951219512,6.1108188674,0.14904436262,-1.1108188674,-0.0270931431074,-0.217579581299,0.125837481828,-0.0232068807915,-0.0874518463316,0.0746570751489,0.0615925162881,0.223701437769,0.16210892148,True,True,NORMAL_RANDOM_EFFECT_EMPIRICAL_BAYES,True,AVERAGE_OR_UNCERTAIN,0.14904436262,0.0986617553102,0.88385218065,0.849616359991,0.19512195122,0.243902439024,0.146341463415,0.463414634146,0.0731707317073,0.0731707317073,0.487804878049,0.317073170732,0.317073170732,0.682926829268,AVERAGE,13,5,8,0.384615384615,342,13,0.0380116959064,8,0.615384615385,41,5,36,34.8891811326,True,2026-03-28,2026-09-09,7,23,18,RANKING_ELIGIBLE,7 active months; 23/18 split-half opportunities
702222,Justin Crawford,20,3,17,0.15,3.63525522061,0.18176276103,-0.635255220606,-0.0317627610303,-0.186890314946,0.158453160758,-0.0233096002722,-0.111731323123,0.11500502147,0.0700314379076,0.2967677825,0.226736344593,True,False,NORMAL_RANDOM_EFFECT_EMPIRICAL_BAYES,False,AVERAGE_OR_UNCERTAIN,0.18176276103,0.134457327166,1.17835502481,1.07447502392,0.1,0.3,0.35,0.3,0.05,0.05,0.3,0.35,0.35,0.65,AVERAGE,11,3,8,0.272727272727,222,11,0.0495495495495,8,0.727272727273,20,3,17,16.3647447794,True,2026-03-29,2026-08-18,6,12,8,PUBLICATION_ELIGIBLE,6 active months; 12/8 split-half opportunities
641343,Jake Bauers,43,8,35,0.186046511628,9.15805272877,0.212977970437,-1.15805272877,-0.0269314588087,-0.174819316046,0.188721470553,-0.0242564998831,-0.105071978132,0.0831313867827,0.107905992305,0.296109357219,0.188203364915,True,True,NORMAL_RANDOM_EFFECT_EMPIRICAL_BAYES,True,AVERAGE_OR_UNCERTAIN,0.212977970437,0.169794486525,0.998020057012,0.783580731631,0.302325581395,0.279069767442,0.162790697674,0.372093023256,0.116279069767,0.116279069767,0.372093023256,0.302325581395,0.372093023256,0.627906976744,EASIER_THAN_AVERAGE,13,8,5,0.615384615385,356,13,0.0365168539326,5,0.384615384615,43,8,35,33.8419472712,True,2026-04-06,2026-09-08,6,19,24,RANKING_ELIGIBLE,6 active months; 19/24 split-half opportunities
682657,Angel Martínez,22,3,19,0.136363636364,3.78747498741,0.172157953973,-0.787474987413,-0.0357943176097,-0.226799178268,0.147488003227,-0.0246699507464,-0.1039497298,0.0974936318412,0.0682082241729,0.269651585814,0.201443361642,True,False,NORMAL_RANDOM_EFFECT_EMPIRICAL_BAYES,False,AVERAGE_OR_UNCERTAIN,0.172157953973,0.107862387184,1.22013998887,0.795229397232,0.363636363636,0.136363636364,0.181818181818,0.409090909091,0.0454545454545,0.0454545454545,0.181818181818,0.454545454545,0.318181818182,0.681818181818,AVERAGE,8,3,5,0.375,202,8,0.039603960396,5,0.625,22,3,19,18.2125250126,True,2026-04-03,2026-09-07,5,13,9,PUBLICATION_ELIGIBLE,5 active months; 13/9 split-half opportunities
676475,Alec Burleson,37,5,32,0.135135135135,6.1126836938,0.1652076674,-1.1126836938,-0.0300725322648,-0.230950809441,0.140451302738,-0.0247563646623,-0.0923097735679,0.0778246999313,0.072897893832,0.243032367331,0.170134473499,True,True,NORMAL_RANDOM_EFFECT_EMPIRICAL_BAYES,True,AVERAGE_OR_UNCERTAIN,0.1652076674,0.123502198073,0.934475957814,0.688651680032,0.351351351351,0.135135135135,0.135135135135,0.432432432432,0.135135135135,0.135135135135,0.540540540541,0.0810810810811,0.189189189189,0.810810810811,AVERAGE,9,5,4,0.555555555556,283,9,0.0318021201413,4,0.444444444444,37,5,32,30.8873163062,True,2026-03-26,2026-09-04,7,20,17,RANKING_ELIGIBLE,7 active months; 20/17 split-half opportunities
669065,Kyle Stowers,25,4,21,0.16,4.77040360197,0.190816144079,-0.770403601974,-0.030816144079,-0.186498191161,0.165429875017,-0.0253862690624,-0.114718912103,0.112606574864,0.0760972319761,0.303422718943,0.227325486967,True,False,NORMAL_RANDOM_EFFECT_EMPIRICAL_BAYES,False,AVERAGE_OR_UNCERTAIN,0.190816144079,0.175921596167,1.05374817657,1.08538426844,0.24,0.44,0.04,0.36,0.08,0.08,0.4,0.16,0.36,0.64,AVERAGE,11,4,7,0.363636363636,177,11,0.0621468926554,7,0.636363636364,25,4,21,20.229596398,True,2026-05-04,2026-09-03,5,12,13,PUBLICATION_ELIGIBLE,5 active months; 12/13 split-half opportunities
701807,Carson Benge,33,6,27,0.181818181818,6.98188874492,0.21157238621,-0.981888744916,-0.0297542043914,-0.180602363365,0.185718068479,-0.0258543177302,-0.115300519732,0.0973800405434,0.0962718664778,0.308952426753,0.212680560275,True,True,NORMAL_RANDOM_EFFECT_EMPIRICAL_BAYES,True,AVERAGE_OR_UNCERTAIN,0.21157238621,0.194425477356,0.656722485868,0.423177101493,0.212121212121,0.363636363636,0.151515151515,0.333333333333,0.0909090909091,0.0909090909091,0.333333333333,0.242424242424,0.181818181818,0.818181818182,EASIER_THAN_AVERAGE,9,6,3,0.666666666667,384,9,0.0234375,3,0.333333333333,33,6,27,26.0181112551,True,2026-03-28,2026-09-07,7,15,18,RANKING_ELIGIBLE,7 active months; 15/18 split-half opportunities
666969,Adolis García,21,4,17,0.190476190476,4.7211903655,0.224818588833,-0.721190365502,-0.0343423983572,-0.183098963332,0.198897759228,-0.0259208296058,-0.126923840066,0.119597774747,0.0978947487674,0.344416363581,0.246521614813,True,False,NORMAL_RANDOM_EFFECT_EMPIRICAL_BAYES,False,AVERAGE_OR_UNCERTAIN,0.224818588833,0.193781293044,1.02045891334,0.911469620146,0.142857142857,0.428571428571,0.190476190476,0.333333333333,0.0952380952381,0.0952380952381,0.380952380952,0.190476190476,0.238095238095,0.761904761905,EASIER_THAN_AVERAGE,9,4,5,0.444444444444,183,9,0.0491803278689,5,0.555555555556,21,4,17,16.2788096345,True,2026-03-31,2026-05-30,3,21,0,PUBLICATION_ELIGIBLE,3 active months; 21/0 split-half opportunities
695578,James Wood,40,7,33,0.175,8.21460205416,0.205365051354,-1.21460205416,-0.030365051354,-0.201192008293,0.179434384574,-0.0259306667804,-0.105552944938,0.0793989771647,0.0998121064161,0.284764028519,0.184951922103,True,True,NORMAL_RANDOM_EFFECT_EMPIRICAL_BAYES,True,AVERAGE_OR_UNCERTAIN,0.205365051354,0.156031685389,0.934049114717,0.66310428336,0.125,0.4,0.225,0.3,0.15,0.15,0.5,0.2,0.3,0.7,AVERAGE,22,7,15,0.318181818182,416,22,0.0528846153846,15,0.681818181818,40,7,33,31.7853979458,True,2026-03-26,2026-09-08,7,22,18,RANKING_ELIGIBLE,7 active months; 22/18 split-half opportunities
646240,Rafael Devers,22,3,19,0.136363636364,3.82820069001,0.174009122273,-0.82820069001,-0.0376454859095,-0.230591939476,0.147764628477,-0.0262444937964,-0.107468339674,0.100321825383,0.0665407825987,0.274330947656,0.207790165057,True,False,NORMAL_RANDOM_EFFECT_EMPIRICAL_BAYES,False,AVERAGE_OR_UNCERTAIN,0.174009122273,0.0932413688981,0.933352037342,0.672400735804,0.318181818182,0.318181818182,0.0909090909091,0.272727272727,0.181818181818,0.181818181818,0.545454545455,0.181818181818,0.181818181818,0.818181818182,AVERAGE,10,3,7,0.3,354,10,0.0282485875706,7,0.7,22,3,19,18.17179931,True,2026-03-31,2026-09-02,7,9,13,PUBLICATION_ELIGIBLE,7 active months; 9/13 split-half opportunities
701538,Jackson Merrill,20,3,17,0.15,3.78962252837,0.189481126418,-0.789622528369,-0.0394811264185,-0.227410589244,0.162899779602,-0.0265813468161,-0.113527649918,0.105142442279,0.0759534765007,0.294623568697,0.218670092197,True,False,NORMAL_RANDOM_EFFECT_EMPIRICAL_BAYES,False,AVERAGE_OR_UNCERTAIN,0.189481126418,0.131747733641,0.873980624849,1.06786630046,0.15,0.3,0.15,0.5,0.15,0.15,0.15,0.3,0.3,0.7,AVERAGE,4,3,1,0.75,221,4,0.0180995475113,1,0.25,20,3,17,16.2103774716,True,2026-03-30,2026-09-09,7,8,12,PUBLICATION_ELIGIBLE,7 active months; 8/12 split-half opportunities
682829,Elly De La Cruz,41,7,34,0.170731707317,8.22330522778,0.20056842019,-1.22330522778,-0.0298367128726,-0.195502834258,0.17389158456,-0.0266768356299,-0.105489199955,0.0839955999329,0.0950792202348,0.284564020123,0.189484799888,True,True,NORMAL_RANDOM_EFFECT_EMPIRICAL_BAYES,True,AVERAGE_OR_UNCERTAIN,0.20056842019,0.145295718551,0.657019808732,0.560081691741,0.0731707317073,0.487804878049,0.292682926829,0.170731707317,0.146341463415,0.146341463415,0.317073170732,0.365853658537,0.365853658537,0.634146341463,AVERAGE,15,7,8,0.466666666667,442,15,0.0339366515837,8,0.533333333333,41,7,34,32.7766947722,True,2026-03-28,2026-09-05,7,16,25,RANKING_ELIGIBLE,7 active months; 16/25 split-half opportunities
650402,Gleyber Torres,38,5,33,0.131578947368,6.23970327356,0.164202717725,-1.23970327356,-0.0326237703569,-0.237987106943,0.136845717148,-0.0273570005775,-0.0972394407646,0.0777422942622,0.0669632769607,0.241945011988,0.174981735027,True,True,NORMAL_RANDOM_EFFECT_EMPIRICAL_BAYES,True,AVERAGE_OR_UNCERTAIN,0.164202717725,0.130678857502,0.761913614917,0.634073627018,0.421052631579,0.131578947368,0.0789473684211,0.394736842105,0.131578947368,0.131578947368,0.447368421053,0.421052631579,0.131578947368,0.868421052632,AVERAGE,11,5,6,0.454545454545,254,11,0.0433070866142,6,0.545454545455,38,5,33,31.7602967264,True,2026-03-28,2026-09-07,6,16,22,RANKING_ELIGIBLE,6 active months; 16/22 split-half opportunities
677951,Bobby Witt Jr.,42,6,36,0.142857142857,7.44676897326,0.177304023173,-1.44676897326,-0.0344468803157,-0.264977327816,0.14972114059,-0.0275828825824,-0.0944665951049,0.0640858915385,0.082837428068,0.241389914711,0.158552486643,True,True,NORMAL_RANDOM_EFFECT_EMPIRICAL_BAYES,True,AVERAGE_OR_UNCERTAIN,0.177304023173,0.0989371939906,0.770314098812,0.603125841155,0.119047619048,0.214285714286,0.142857142857,0.595238095238,0.119047619048,0.119047619048,0.404761904762,0.309523809524,0.285714285714,0.714285714286,AVERAGE,14,6,8,0.428571428571,334,14,0.0419161676647,8,0.571428571429,42,6,36,34.5532310267,True,2026-03-29,2026-08-29,6,27,15,RANKING_ELIGIBLE,6 active months; 27/15 split-half opportunities
802139,JJ Wetherholt,42,5,37,0.119047619048,6.41138909663,0.152652121348,-1.41138909663,-0.0336045023008,-0.262011697077,0.124532500144,-0.0281196212048,-0.0915874728649,0.0692982141112,0.0610646484835,0.22195033546,0.160885686976,True,True,NORMAL_RANDOM_EFFECT_EMPIRICAL_BAYES,True,AVERAGE_OR_UNCERTAIN,0.152652121348,0.134314269898,0.875421425348,0.594867087194,0.452380952381,0.119047619048,0.0714285714286,0.404761904762,0.047619047619,0.047619047619,0.380952380952,0.309523809524,0.119047619048,0.880952380952,AVERAGE,9,5,4,0.555555555556,408,9,0.0220588235294,4,0.444444444444,42,5,37,35.5886109034,True,2026-04-08,2026-08-26,5,18,24,RANKING_ELIGIBLE,5 active months; 18/24 split-half opportunities
518692,Freddie Freeman,35,5,30,0.142857142857,6.21408602388,0.177545314968,-1.21408602388,-0.0346881721109,-0.240862028784,0.149010385007,-0.0285349299614,-0.102234985615,0.0822729033447,0.0753103293526,0.259818218313,0.18450788896,True,True,NORMAL_RANDOM_EFFECT_EMPIRICAL_BAYES,True,AVERAGE_OR_UNCERTAIN,0.177545314968,0.151661824512,0.831245657056,0.664859149991,0.228571428571,0.257142857143,0.285714285714,0.342857142857,0.142857142857,0.142857142857,0.371428571429,0.257142857143,0.285714285714,0.714285714286,AVERAGE,6,5,1,0.833333333333,257,6,0.0233463035019,1,0.166666666667,35,5,30,28.7859139761,True,2026-03-28,2026-09-05,7,21,14,RANKING_ELIGIBLE,7 active months; 21/14 split-half opportunities
701762,Nick Kurtz,39,9,30,0.230769230769,10.3821170696,0.26620812999,-1.38211706962,-0.0354388992211,-0.206845561573,0.236598108595,-0.0296100213949,-0.119819666197,0.0823892992704,0.146388463793,0.348597429261,0.202208965467,True,True,NORMAL_RANDOM_EFFECT_EMPIRICAL_BAYES,True,AVERAGE_OR_UNCERTAIN,0.26620812999,0.155629140625,1.22450526604,0.932745511514,0.153846153846,0.410256410256,0.153846153846,0.384615384615,0.153846153846,0.153846153846,0.358974358974,0.307692307692,0.307692307692,0.692307692308,EASIER_THAN_AVERAGE,11,9,2,0.818181818182,275,11,0.04,2,0.181818181818,39,9,30,28.6178829304,True,2026-03-27,2026-07-05,5,33,6,RANKING_ELIGIBLE,5 active months; 33/6 split-half opportunities
695731,Braden Montgomery,22,5,17,0.227272727273,5.87019959801,0.266827254455,-0.870199598008,-0.0395545271822,-0.193073432193,0.237081391907,-0.0297458625475,-0.140922400524,0.116411195054,0.125904853931,0.383238449509,0.257333595578,True,False,NORMAL_RANDOM_EFFECT_EMPIRICAL_BAYES,False,AVERAGE_OR_UNCERTAIN,0.266827254455,0.217812275337,1.2774865206,1.18214368682,0.136363636364,0.454545454545,0.0454545454545,0.363636363636,0.0909090909091,0.0909090909091,0.227272727273,0.409090909091,0.590909090909,0.409090909091,EASIER_THAN_AVERAGE,7,5,2,0.714285714286,119,7,0.0588235294118,2,0.285714285714,22,5,17,16.129800402,True,2026-06-16,2026-09-02,4,4,18,PUBLICATION_ELIGIBLE,4 active months; 4/18 split-half opportunities
606466,Ketel Marte,34,5,29,0.147058823529,6.24518551439,0.183681926894,-1.24518551439,-0.0366231033644,-0.241250480258,0.153466846627,-0.0302150802667,-0.10724044733,0.0836465346427,0.076441479564,0.267328461537,0.190886981973,True,True,NORMAL_RANDOM_EFFECT_EMPIRICAL_BAYES,True,AVERAGE_OR_UNCERTAIN,0.183681926894,0.143846724317,1.16826721211,0.903531732772,0.352941176471,0.205882352941,0.0588235294118,0.470588235294,0.0588235294118,0.0588235294118,0.176470588235,0.558823529412,0.382352941176,0.617647058824,AVERAGE,11,5,6,0.454545454545,307,11,0.0358306188925,6,0.545454545455,34,5,29,27.7548144856,True,2026-03-27,2026-09-01,7,16,18,RANKING_ELIGIBLE,7 active months; 16/18 split-half opportunities
691594,Javier Sanoja,23,3,20,0.130434782609,3.98530427275,0.173274098815,-0.985304272752,-0.0428393162066,-0.2620620966,0.142942083544,-0.0303320152714,-0.110052099381,0.0951011861453,0.0632219994343,0.268375284961,0.205153285526,True,False,NORMAL_RANDOM_EFFECT_EMPIRICAL_BAYES,False,AVERAGE_OR_UNCERTAIN,0.173274098815,0.121570019358,0.98073558218,0.499690019995,0.130434782609,0.347826086957,0.0434782608696,0.521739130435,0.0869565217391,0.0869565217391,0.347826086957,0.260869565217,0.217391304348,0.782608695652,AVERAGE,6,3,3,0.5,226,6,0.0265486725664,3,0.5,23,3,20,19.0146957272,True,2026-05-01,2026-09-07,5,3,20,PUBLICATION_ELIGIBLE,5 active months; 3/20 split-half opportunities
645277,Ozzie Albies,28,4,24,0.142857142857,5.103045575,0.182251627679,-1.103045575,-0.0393944848214,-0.252734248354,0.151897587592,-0.0303540400863,-0.109270635318,0.0911579521254,0.0729809923608,0.273409579804,0.200428587443,True,False,NORMAL_RANDOM_EFFECT_EMPIRICAL_BAYES,False,AVERAGE_OR_UNCERTAIN,0.182251627679,0.161510618249,1.47881428049,1.2767809767,0.535714285714,0.0357142857143,0,0.571428571429,0.0714285714286,0.0714285714286,0.357142857143,0.214285714286,0.25,0.75,AVERAGE,9,4,5,0.444444444444,214,9,0.0420560747664,5,0.555555555556,28,4,24,22.896954425,True,2026-03-27,2026-09-05,7,15,13,PUBLICATION_ELIGIBLE,7 active months; 15/13 split-half opportunities
702284,Cole Young,39,6,33,0.153846153846,7.458372626,0.191240323744,-1.458372626,-0.0373941698974,-0.252177735585,0.160054261578,-0.0311860621655,-0.105909583632,0.0743976279547,0.0853307401113,0.265637951698,0.180307211587,True,True,NORMAL_RANDOM_EFFECT_EMPIRICAL_BAYES,True,AVERAGE_OR_UNCERTAIN,0.191240323744,0.133829221596,1.03996338218,0.926941720093,0.25641025641,0.153846153846,0.179487179487,0.461538461538,0.102564102564,0.102564102564,0.333333333333,0.461538461538,0.282051282051,0.717948717949,AVERAGE,12,6,6,0.5,339,12,0.0353982300885,6,0.5,39,6,33,31.541627374,True,2026-04-04,2026-09-09,6,14,25,RANKING_ELIGIBLE,6 active months; 14/25 split-half opportunities
680776,Jarren Duran,25,4,21,0.16,5.03513564842,0.201405425937,-1.03513564842,-0.0414054259367,-0.241107350028,0.169883297422,-0.0315221285149,-0.119041486581,0.0995881878959,0.0823639393555,0.300993613833,0.218629674477,True,False,NORMAL_RANDOM_EFFECT_EMPIRICAL_BAYES,False,AVERAGE_OR_UNCERTAIN,0.201405425937,0.164929487621,1.17240160025,1.19362863086,0.2,0.52,0.08,0.28,0.08,0.08,0.28,0.44,0.16,0.84,AVERAGE,9,4,5,0.444444444444,272,9,0.0330882352941,5,0.555555555556,25,4,21,19.9648643516,True,2026-04-01,2026-09-09,6,13,12,PUBLICATION_ELIGIBLE,6 active months; 13/12 split-half opportunities
805300,Jakob Marsee,37,7,30,0.189189189189,8.43438765192,0.227956423025,-1.43438765192,-0.0387672338358,-0.22790742078,0.195224855251,-0.032731567774,-0.119729218866,0.0828083340115,0.108227204159,0.310764757036,0.202537552877,True,True,NORMAL_RANDOM_EFFECT_EMPIRICAL_BAYES,True,AVERAGE_OR_UNCERTAIN,0.227956423025,0.189346052346,1.15822059987,1.20698502938,0.297297297297,0.351351351351,0.189189189189,0.27027027027,0.135135135135,0.135135135135,0.324324324324,0.297297297297,0.297297297297,0.702702702703,EASIER_THAN_AVERAGE,12,7,5,0.583333333333,386,12,0.0310880829016,5,0.416666666667,37,7,30,28.5656123481,True,2026-03-31,2026-09-08,7,19,18,RANKING_ELIGIBLE,7 active months; 19/18 split-half opportunities
672640,Otto Lopez,52,8,44,0.153846153846,9.96609557105,0.191655684059,-1.96609557105,-0.0378095302124,-0.265137790663,0.15877118209,-0.0328845019681,-0.102637723972,0.0593567499877,0.0890179600863,0.251012434046,0.16199447396,True,True,NORMAL_RANDOM_EFFECT_EMPIRICAL_BAYES,True,AVERAGE_OR_UNCERTAIN,0.191655684059,0.146240108978,1.10669629213,0.938963013345,0.211538461538,0.384615384615,0.0769230769231,0.384615384615,0.0192307692308,0.0192307692308,0.230769230769,0.326923076923,0.307692307692,0.692307692308,AVERAGE,17,8,9,0.470588235294,425,17,0.04,9,0.529411764706,52,8,44,42.033904429,True,2026-03-31,2026-09-09,7,26,26,RANKING_ELIGIBLE,7 active months; 26/26 split-half opportunities
676439,Hunter Feduccia,20,4,16,0.2,4.90479946327,0.245239973163,-0.904799463268,-0.0452399731634,-0.216585007491,0.21159874764,-0.033641225523,-0.142717560091,0.121764170314,0.102522413073,0.367004143478,0.264481730405,True,False,NORMAL_RANDOM_EFFECT_EMPIRICAL_BAYES,False,AVERAGE_OR_UNCERTAIN,0.245239973163,0.256526733575,0.730509521224,0.568408985191,0.15,0.8,0.05,0.1,0.25,0.25,0.3,0.2,0.2,0.8,EASIER_THAN_AVERAGE,6,4,2,0.666666666667,156,6,0.0384615384615,2,0.333333333333,20,4,16,15.0952005367,True,2026-03-28,2026-09-07,7,7,13,PUBLICATION_ELIGIBLE,7 active months; 7/13 split-half opportunities
691720,Kyle Karros,43,9,34,0.209302325581,10.7317794182,0.24957626554,-1.73177941823,-0.0402739399588,-0.240080041032,0.215770439628,-0.0338058259123,-0.119378090629,0.0709561663707,0.130198174911,0.320532431911,0.190334257,True,True,NORMAL_RANDOM_EFFECT_EMPIRICAL_BAYES,True,AVERAGE_OR_UNCERTAIN,0.24957626554,0.169058144529,1.07803374651,0.920395982711,0.0697674418605,0.325581395349,0.093023255814,0.604651162791,0.279069767442,0.279069767442,0.372093023256,0.255813953488,0.255813953488,0.744186046512,EASIER_THAN_AVERAGE,15,9,6,0.6,252,15,0.0595238095238,6,0.4,43,9,34,32.2682205818,True,2026-03-27,2026-09-08,7,25,18,RANKING_ELIGIBLE,7 active months; 25/18 split-half opportunities
621493,Taylor Ward,51,8,43,0.156862745098,10.0125318075,0.196324153088,-2.01253180747,-0.0394614079895,-0.277784427251,0.16234585204,-0.0339783010477,-0.102984629956,0.0589648798713,0.0933395231312,0.255289032959,0.161949509828,True,True,NORMAL_RANDOM_EFFECT_EMPIRICAL_BAYES,True,AVERAGE_OR_UNCERTAIN,0.196324153088,0.143665656464,1.10270820303,0.869246365541,0.313725490196,0.0980392156863,0.156862745098,0.43137254902,0.137254901961,0.137254901961,0.392156862745,0.294117647059,0.333333333333,0.666666666667,AVERAGE,15,8,7,0.533333333333,542,15,0.0276752767528,7,0.466666666667,51,8,43,40.9874681925,True,2026-03-29,2026-08-30,6,31,20,RANKING_ELIGIBLE,6 active months; 31/20 split-half opportunities
687401,Joey Ortiz,27,3,24,0.111111111111,4.28281880532,0.158622918715,-1.28281880532,-0.0475118076044,-0.315637098821,0.124482843338,-0.034140075377,-0.104212464006,0.0794738418761,0.0544104547091,0.238096760592,0.183686305883,True,False,NORMAL_RANDOM_EFFECT_EMPIRICAL_BAYES,False,AVERAGE_OR_UNCERTAIN,0.158622918715,0.126516881484,1.03475502633,0.610775882399,0.407407407407,0.148148148148,0.259259259259,0.296296296296,0,0,0.222222222222,0.37037037037,0.259259259259,0.740740740741,AVERAGE,6,3,3,0.5,267,6,0.0224719101124,3,0.5,27,3,24,22.7171811947,True,2026-03-26,2026-09-02,7,14,13,PUBLICATION_ELIGIBLE,7 active months; 14/13 split-half opportunities
607043,Brandon Nimmo,27,3,24,0.111111111111,4.35067341832,0.16113605253,-1.35067341832,-0.0500249414194,-0.333604010551,0.125953045136,-0.035183007394,-0.105011575281,0.0774504337293,0.0561244772495,0.23858648626,0.18246200901,True,False,NORMAL_RANDOM_EFFECT_EMPIRICAL_BAYES,False,AVERAGE_OR_UNCERTAIN,0.16113605253,0.11046910397,0.823947221488,0.631078214771,0.111111111111,0.444444444444,0.111111111111,0.37037037037,0.037037037037,0.037037037037,0.407407407407,0.259259259259,0.185185185185,0.814814814815,AVERAGE,10,3,7,0.3,312,10,0.0320512820513,7,0.7,27,3,24,22.6493265817,True,2026-03-28,2026-09-09,7,11,16,PUBLICATION_ELIGIBLE,7 active months; 11/16 split-half opportunities
814439,Ryan Waldschmidt,22,6,16,0.272727272727,7.06961484436,0.321346129289,-1.06961484436,-0.048618856562,-0.219850373798,0.285740759324,-0.0356053699654,-0.154747235808,0.110649980978,0.166598893481,0.431996110267,0.265397216786,True,False,NORMAL_RANDOM_EFFECT_EMPIRICAL_BAYES,False,AVERAGE_OR_UNCERTAIN,0.321346129289,0.195999218101,1.34136586134,1.1678957263,0.0454545454545,0.5,0.136363636364,0.318181818182,0.227272727273,0.227272727273,0.227272727273,0.318181818182,0.454545454545,0.545454545455,EASIER_THAN_AVERAGE,9,6,3,0.666666666667,200,9,0.045,3,0.333333333333,22,6,16,14.9303851556,True,2026-05-15,2026-09-04,5,9,13,PUBLICATION_ELIGIBLE,5 active months; 9/13 split-half opportunities
656305,Matt Chapman,25,4,21,0.16,5.26717935589,0.210687174236,-1.26717935589,-0.0506871742356,-0.296765670967,0.174634064171,-0.0360531100643,-0.120626985732,0.086420961041,0.0900601885036,0.297108135277,0.207047946773,True,False,NORMAL_RANDOM_EFFECT_EMPIRICAL_BAYES,False,AVERAGE_OR_UNCERTAIN,0.210687174236,0.172323642151,0.891982229125,0.55025334057,0.2,0.16,0.2,0.48,0.16,0.16,0.52,0.16,0.2,0.8,EASIER_THAN_AVERAGE,12,4,8,0.333333333333,256,12,0.046875,8,0.666666666667,25,4,21,19.7328206441,True,2026-03-25,2026-06-25,4,20,5,PUBLICATION_ELIGIBLE,4 active months; 20/5 split-half opportunities
686611,Dylan Crews,23,4,19,0.173913043478,5.28477618502,0.229772877609,-1.28477618502,-0.0558598341311,-0.302485235319,0.190340048294,-0.0394328293158,-0.13125334373,0.0929512865545,0.0985195338794,0.322724164164,0.224204630285,True,False,NORMAL_RANDOM_EFFECT_EMPIRICAL_BAYES,False,AVERAGE_OR_UNCERTAIN,0.229772877609,0.204652081799,1.00691023362,0.930569643843,0.173913043478,0.434782608696,0.173913043478,0.304347826087,0.217391304348,0.217391304348,0.130434782609,0.434782608696,0.347826086957,0.652173913043,EASIER_THAN_AVERAGE,7,4,3,0.571428571429,177,7,0.0395480225989,3,0.428571428571,23,4,19,17.715223815,True,2026-05-24,2026-09-08,5,2,21,PUBLICATION_ELIGIBLE,5 active months; 2/21 split-half opportunities
677649,Ezequiel Duran,32,3,29,0.09375,4.73697530187,0.148030478184,-1.73697530187,-0.0542804781836,-0.389540643511,0.108256180626,-0.0397742975576,-0.101554424282,0.0644549493199,0.0464760539016,0.212485427503,0.166009373602,True,True,NORMAL_RANDOM_EFFECT_EMPIRICAL_BAYES,True,AVERAGE_OR_UNCERTAIN,0.148030478184,0.133444630022,0.768849573512,0.496808927236,0.34375,0.0625,0.0625,0.5625,0.09375,0.09375,0.28125,0.40625,0.28125,0.71875,AVERAGE,6,3,3,0.5,289,6,0.0207612456747,3,0.5,32,3,29,27.2630246981,True,2026-05-08,2026-09-08,5,9,23,RANKING_ELIGIBLE,5 active months; 9/23 split-half opportunities
663886,Tyler Stephenson,31,6,25,0.193548387097,7.58891394139,0.244803675529,-1.58891394139,-0.0512552884319,-0.269701189927,0.203111884102,-0.0416917914265,-0.136850373798,0.0896096627961,0.107953301731,0.334413338325,0.226460036594,True,True,NORMAL_RANDOM_EFFECT_EMPIRICAL_BAYES,True,AVERAGE_OR_UNCERTAIN,0.244803675529,0.213844365034,0.930912756948,0.518717212911,0.0967741935484,0.41935483871,0.129032258065,0.354838709677,0.161290322581,0.161290322581,0.258064516129,0.548387096774,0.387096774194,0.612903225806,EASIER_THAN_AVERAGE,7,6,1,0.857142857143,278,7,0.0251798561151,1,0.142857142857,31,6,25,23.4110860586,True,2026-03-26,2026-09-07,7,16,15,RANKING_ELIGIBLE,7 active months; 16/15 split-half opportunities
687462,Spencer Horwitz,34,4,30,0.117647058824,5.94249610108,0.174779297091,-1.94249610108,-0.0571322382671,-0.401594656699,0.132509219207,-0.0422700778834,-0.10786619047,0.0579894149112,0.0669131066209,0.232768712002,0.165855605381,True,True,NORMAL_RANDOM_EFFECT_EMPIRICAL_BAYES,True,AVERAGE_OR_UNCERTAIN,0.174779297091,0.123312027612,1.21530403734,0.666516758143,0.588235294118,0.0882352941176,0.147058823529,0.205882352941,0.0588235294118,0.0588235294118,0.323529411765,0.294117647059,0.470588235294,0.529411764706,AVERAGE,18,4,14,0.222222222222,293,18,0.061433447099,14,0.777777777778,34,4,30,28.0575038989,True,2026-04-05,2026-09-09,5,24,10,RANKING_ELIGIBLE,5 active months; 24/10 split-half opportunities
678662,Ezequiel Tovar,28,3,25,0.107142857143,4.66489792352,0.166603497269,-1.66489792352,-0.0594606401257,-0.384389177387,0.124319446941,-0.0422840503277,-0.112074599852,0.0690616984036,0.0545288974166,0.235665195672,0.181136298256,True,False,NORMAL_RANDOM_EFFECT_EMPIRICAL_BAYES,False,AVERAGE_OR_UNCERTAIN,0.166603497269,0.106026397125,1.03601247864,0.696911027641,0.142857142857,0.214285714286,0.107142857143,0.678571428571,0.142857142857,0.142857142857,0.285714285714,0.142857142857,0.535714285714,0.464285714286,AVERAGE,6,3,3,0.5,144,6,0.0416666666667,3,0.5,28,3,25,23.3351020765,True,2026-03-27,2026-08-27,6,22,6,PUBLICATION_ELIGIBLE,6 active months; 22/6 split-half opportunities
657041,Lane Thomas,32,4,28,0.125,5.78769535825,0.180865479945,-1.78769535825,-0.0558654799454,-0.351242351372,0.137436097233,-0.0434293827129,-0.117349719007,0.0724919593139,0.0635157609385,0.253357439259,0.189841678321,True,True,NORMAL_RANDOM_EFFECT_EMPIRICAL_BAYES,True,AVERAGE_OR_UNCERTAIN,0.180865479945,0.160082778448,0.723690651318,0.755949569718,0.28125,0.40625,0.125,0.3125,0.03125,0.03125,0.34375,0.4375,0.28125,0.71875,AVERAGE,8,4,4,0.5,285,8,0.0280701754386,4,0.5,32,4,28,26.2123046417,True,2026-03-29,2026-09-07,7,14,18,RANKING_ELIGIBLE,7 active months; 14/18 split-half opportunities
691016,Tyler Soderstrom,29,4,25,0.137931034483,5.66796852431,0.195447190494,-1.66796852431,-0.0575161560108,-0.337374870123,0.15125839088,-0.0441887996141,-0.124185291359,0.0783696448418,0.0712618991349,0.273816835335,0.2025549362,True,False,NORMAL_RANDOM_EFFECT_EMPIRICAL_BAYES,False,AVERAGE_OR_UNCERTAIN,0.195447190494,0.163212227085,0.721149326201,0.545650994579,0.103448275862,0.586206896552,0.310344827586,0.0689655172414,0.0344827586207,0.0344827586207,0.241379310345,0.344827586207,0.275862068966,0.724137931034,AVERAGE,6,4,2,0.666666666667,252,6,0.0238095238095,2,0.333333333333,29,4,25,23.3320314757,True,2026-03-27,2026-08-10,6,18,11,PUBLICATION_ELIGIBLE,6 active months; 18/11 split-half opportunities
691026,Masyn Winn,42,6,36,0.142857142857,8.34317325871,0.19864698235,-2.34317325871,-0.055789839493,-0.378740928101,0.154136378549,-0.0445106038011,-0.114402319386,0.0527154819744,0.0842446629637,0.251362464325,0.167117801361,True,True,NORMAL_RANDOM_EFFECT_EMPIRICAL_BAYES,True,AVERAGE_OR_UNCERTAIN,0.19864698235,0.108722569425,1.09800793397,0.888147175788,0.595238095238,0,0.0714285714286,0.357142857143,0.119047619048,0.119047619048,0.261904761905,0.357142857143,0.190476190476,0.809523809524,AVERAGE,9,6,3,0.666666666667,400,9,0.0225,3,0.333333333333,42,6,36,33.6568267413,True,2026-03-28,2026-08-11,6,28,14,RANKING_ELIGIBLE,6 active months; 28/14 split-half opportunities
650333,Luis Arraez,42,3,39,0.0714285714286,5.63674321965,0.134208171896,-2.63674321965,-0.0627796004679,-0.526807529416,0.0878469035362,-0.0463612683602,-0.0956385218769,0.0362810328045,0.0385696500196,0.170489204701,0.131919554681,True,True,NORMAL_RANDOM_EFFECT_EMPIRICAL_BAYES,True,AVERAGE_OR_UNCERTAIN,0.134208171896,0.0868149667708,0.938118868723,0.629801852626,0.642857142857,0.142857142857,0.047619047619,0.214285714286,0,0,0.428571428571,0.333333333333,0.261904761905,0.738095238095,AVERAGE,5,3,2,0.6,396,5,0.0126262626263,2,0.4,42,3,39,36.3632567803,True,2026-03-25,2026-09-07,7,20,22,RANKING_ELIGIBLE,7 active months; 20/22 split-half opportunities
672275,Patrick Bailey,20,3,17,0.15,4.35189346556,0.217594673278,-1.35189346556,-0.0675946732778,-0.333641420873,0.171205342176,-0.0463893311022,-0.141515160758,0.0992696716153,0.0760795125195,0.316864344893,0.240784832374,True,False,NORMAL_RANDOM_EFFECT_EMPIRICAL_BAYES,False,AVERAGE_OR_UNCERTAIN,0.217594673278,0.156563877226,0.887369895249,0.59779199697,0.15,0.25,0.15,0.45,0.15,0.15,0.3,0.35,0.2,0.8,EASIER_THAN_AVERAGE,7,3,4,0.428571428571,171,7,0.0409356725146,4,0.571428571429,20,3,17,15.6481065344,True,2026-03-25,2026-09-07,7,9,11,PUBLICATION_ELIGIBLE,7 active months; 9/11 split-half opportunities
676356,Jonny DeLuca,24,4,20,0.166666666667,5.5803491519,0.232514547996,-1.5803491519,-0.0658478813291,-0.345959152196,0.185123712145,-0.0473908358504,-0.139315073477,0.0872419842452,0.093199474519,0.319756532241,0.226557057722,True,False,NORMAL_RANDOM_EFFECT_EMPIRICAL_BAYES,False,AVERAGE_OR_UNCERTAIN,0.232514547996,0.172214061327,1.3219220657,1.24153082116,0.375,0.291666666667,0.0416666666667,0.375,0.125,0.125,0.291666666667,0.208333333333,0.25,0.75,EASIER_THAN_AVERAGE,7,4,3,0.571428571429,158,7,0.0443037974684,3,0.428571428571,24,4,20,18.4196508481,True,2026-04-14,2026-09-08,6,11,13,PUBLICATION_ELIGIBLE,6 active months; 11/13 split-half opportunities
668715,Spencer Steer,28,4,24,0.142857142857,5.86668790156,0.209524567913,-1.86668790156,-0.0666674250556,-0.394473100921,0.161580039443,-0.0479445284699,-0.128484804773,0.0688020084629,0.0810397631397,0.278326576376,0.197286813236,True,False,NORMAL_RANDOM_EFFECT_EMPIRICAL_BAYES,False,AVERAGE_OR_UNCERTAIN,0.209524567913,0.138805322402,1.13370586453,0.830902928099,0.285714285714,0.214285714286,0.178571428571,0.392857142857,0.178571428571,0.178571428571,0.25,0.357142857143,0.178571428571,0.821428571429,EASIER_THAN_AVERAGE,6,4,2,0.666666666667,261,6,0.0229885057471,2,0.333333333333,28,4,24,22.1333120984,True,2026-03-26,2026-07-24,5,18,10,PUBLICATION_ELIGIBLE,5 active months; 18/10 split-half opportunities
805367,Chase Meidroth,60,4,56,0.0666666666667,7.59812532007,0.126635422001,-3.59812532007,-0.0599687553345,-0.565123756517,0.0785215733673,-0.0481138486338,-0.0904318189492,0.0216834911621,0.036203603052,0.148318913163,0.112115310111,True,True,NORMAL_RANDOM_EFFECT_EMPIRICAL_BAYES,True,AVERAGE_OR_UNCERTAIN,0.126635422001,0.0989116414844,0.84015996709,0.593619227003,0.416666666667,0.15,0.133333333333,0.35,0.0166666666667,0.0166666666667,0.433333333333,0.233333333333,0.316666666667,0.683333333333,AVERAGE,11,4,7,0.363636363636,468,11,0.0235042735043,7,0.636363636364,60,4,56,52.4018746799,True,2026-04-03,2026-09-09,6,32,28,RANKING_ELIGIBLE,6 active months; 32/28 split-half opportunities
650859,Luis Rengifo,22,2,20,0.0909090909091,3.70554213774,0.168433733533,-1.70554213774,-0.0775246426244,-0.455086618759,0.118873048475,-0.0495606850581,-0.119808055755,0.0709274827389,0.048625677778,0.239361216272,0.190735538494,True,False,NORMAL_RANDOM_EFFECT_EMPIRICAL_BAYES,False,AVERAGE_OR_UNCERTAIN,0.168433733533,0.137877308469,0.92386761001,0.898203187123,0.409090909091,0.272727272727,0.0454545454545,0.5,0.0454545454545,0.0454545454545,0.363636363636,0.409090909091,0.227272727273,0.772727272727,AVERAGE,6,2,4,0.333333333333,190,6,0.0315789473684,4,0.666666666667,22,2,20,18.2944578623,True,2026-04-16,2026-08-28,5,13,9,PUBLICATION_ELIGIBLE,5 active months; 13/9 split-half opportunities
668930,Brice Turang,31,3,28,0.0967741935484,5.16888108309,0.166738099454,-2.16888108309,-0.069963905906,-0.466331745779,0.116367351317,-0.0503707481372,-0.114992106477,0.0564370030331,0.0517459929778,0.223175102488,0.17142910951,True,True,NORMAL_RANDOM_EFFECT_EMPIRICAL_BAYES,True,AVERAGE_OR_UNCERTAIN,0.166738099454,0.129735347861,1.00596545201,0.7386202247,0.322580645161,0.290322580645,0.129032258065,0.354838709677,0.0322580645161,0.0322580645161,0.387096774194,0.258064516129,0.354838709677,0.645161290323,AVERAGE,4,3,1,0.75,427,4,0.00936768149883,1,0.25,31,3,28,25.8311189169,True,2026-03-26,2026-08-30,6,14,17,RANKING_ELIGIBLE,6 active months; 14/17 split-half opportunities
665487,Fernando Tatis Jr.,30,4,26,0.133333333333,6.05706984703,0.201902328234,-2.05706984703,-0.0685689949012,-0.410617345508,0.150990176419,-0.0509121518152,-0.128707107407,0.0642364146492,0.0731952208278,0.266138742884,0.192943522056,True,True,NORMAL_RANDOM_EFFECT_EMPIRICAL_BAYES,True,AVERAGE_OR_UNCERTAIN,0.201902328234,0.133060066173,0.868717777608,0.792940033679,0.2,0.3,0.2,0.3,0.1,0.1,0.366666666667,0.3,0.133333333333,0.866666666667,AVERAGE,6,4,2,0.666666666667,320,6,0.01875,2,0.333333333333,30,4,26,23.942930153,True,2026-03-28,2026-09-08,7,13,17,RANKING_ELIGIBLE,7 active months; 13/17 split-half opportunities
695600,Carter Jensen,44,7,37,0.159090909091,9.74154448,0.221398738182,-2.74154448,-0.0623078290908,-0.386517324254,0.170050749207,-0.0513479889752,-0.127381823273,0.0514402822027,0.094016914909,0.272839020384,0.178822105475,True,True,NORMAL_RANDOM_EFFECT_EMPIRICAL_BAYES,True,AVERAGE_OR_UNCERTAIN,0.221398738182,0.170013465621,0.709790855974,0.5806241083,0.136363636364,0.340909090909,0.159090909091,0.431818181818,0.227272727273,0.227272727273,0.363636363636,0.25,0.204545454545,0.795454545455,EASIER_THAN_AVERAGE,11,7,4,0.636363636364,334,11,0.0329341317365,4,0.363636363636,44,7,37,34.25845552,True,2026-04-04,2026-09-09,6,19,25,RANKING_ELIGIBLE,6 active months; 19/25 split-half opportunities
670042,Luke Raley,21,3,18,0.142857142857,4.58848174293,0.218499130616,-1.58848174293,-0.0756419877587,-0.37721654239,0.166211645194,-0.0522874854222,-0.144121679366,0.089582177425,0.0743774512503,0.308081308041,0.233703856791,True,False,NORMAL_RANDOM_EFFECT_EMPIRICAL_BAYES,False,AVERAGE_OR_UNCERTAIN,0.218499130616,0.196282842164,0.845004698842,0.699392559082,0.238095238095,0.285714285714,0.285714285714,0.190476190476,0.142857142857,0.142857142857,0.333333333333,0.333333333333,0.190476190476,0.809523809524,EASIER_THAN_AVERAGE,5,3,2,0.6,120,5,0.0416666666667,2,0.4,21,3,18,16.4115182571,True,2026-03-26,2026-07-24,5,15,6,PUBLICATION_ELIGIBLE,5 active months; 15/6 split-half opportunities
805779,Jacob Wilson,22,2,20,0.0909090909091,3.81632612057,0.173469369117,-1.81632612057,-0.0825602782079,-0.470818257165,0.11988965414,-0.0535797149773,-0.125109854039,0.0712121362404,0.0483595150782,0.244681505357,0.196321990279,True,False,NORMAL_RANDOM_EFFECT_EMPIRICAL_BAYES,False,AVERAGE_OR_UNCERTAIN,0.173469369117,0.12790929592,1.27605981482,1.16556587526,0.0454545454545,0.454545454545,0.181818181818,0.363636363636,0,0,0.363636363636,0.227272727273,0.136363636364,0.863636363636,AVERAGE,7,2,5,0.285714285714,157,7,0.0445859872611,5,0.714285714286,22,2,20,18.1836738794,True,2026-03-27,2026-08-09,6,16,6,PUBLICATION_ELIGIBLE,6 active months; 16/6 split-half opportunities
683083,Nasim Nuñez,37,3,34,0.0810810810811,5.67363897764,0.15334159399,-2.67363897764,-0.0722605129092,-0.529193814022,0.0997244643127,-0.0536171296776,-0.10979060701,0.0418685018279,0.0435509869806,0.195210095818,0.151659108838,True,True,NORMAL_RANDOM_EFFECT_EMPIRICAL_BAYES,True,AVERAGE_OR_UNCERTAIN,0.15334159399,0.133012344136,0.736705888432,0.621410675227,0.378378378378,0.135135135135,0.27027027027,0.216216216216,0.027027027027,0.027027027027,0.297297297297,0.378378378378,0.405405405405,0.594594594595,AVERAGE,12,3,9,0.25,294,12,0.0408163265306,9,0.75,37,3,34,31.3263610224,True,2026-04-08,2026-08-26,5,18,19,RANKING_ELIGIBLE,5 active months; 18/19 split-half opportunities
664023,Ian Happ,41,5,36,0.121951219512,7.98168465801,0.194675235561,-2.98168465801,-0.0727240160491,-0.512401646394,0.138998517514,-0.0556767180475,-0.119852129218,0.0381572744854,0.0748231063429,0.232832510047,0.158009403704,True,True,NORMAL_RANDOM_EFFECT_EMPIRICAL_BAYES,True,AVERAGE_OR_UNCERTAIN,0.194675235561,0.136620097054,0.862279687312,0.573716738395,0.268292682927,0.219512195122,0.219512195122,0.365853658537,0.121951219512,0.121951219512,0.219512195122,0.365853658537,0.243902439024,0.756097560976,AVERAGE,12,5,7,0.416666666667,403,12,0.029776674938,7,0.583333333333,41,5,36,33.018315342,True,2026-04-01,2026-09-08,6,15,26,RANKING_ELIGIBLE,6 active months; 15/26 split-half opportunities
673962,Josh Jung,29,4,25,0.137931034483,6.15712668851,0.212314713397,-2.15712668851,-0.0743836789143,-0.417929192267,0.156430881135,-0.0558838322618,-0.137161999957,0.0663177052021,0.0751527134399,0.278632418599,0.203479705159,True,False,NORMAL_RANDOM_EFFECT_EMPIRICAL_BAYES,False,AVERAGE_OR_UNCERTAIN,0.212314713397,0.178665513286,0.979368379976,0.819232992977,0.137931034483,0.344827586207,0.0689655172414,0.48275862069,0.241379310345,0.241379310345,0.344827586207,0.310344827586,0.241379310345,0.758620689655,EASIER_THAN_AVERAGE,10,4,6,0.4,250,10,0.04,6,0.6,29,4,25,22.8428733115,True,2026-03-30,2026-07-17,5,19,10,PUBLICATION_ELIGIBLE,5 active months; 19/10 split-half opportunities
810938,Ben Williamson,27,3,24,0.111111111111,5.21067743024,0.192988052972,-2.21067743024,-0.0818769418607,-0.494049263424,0.136617331383,-0.0563707215887,-0.129636747748,0.057658102251,0.0633513052243,0.250646155223,0.187294849999,True,False,NORMAL_RANDOM_EFFECT_EMPIRICAL_BAYES,False,AVERAGE_OR_UNCERTAIN,0.192988052972,0.12438857055,0.78059110068,0.631703868504,0.111111111111,0.407407407407,0.185185185185,0.37037037037,0.185185185185,0.185185185185,0.185185185185,0.259259259259,0.407407407407,0.592592592593,AVERAGE,5,3,2,0.6,222,5,0.0225225225225,2,0.4,27,3,24,21.7893225698,True,2026-03-26,2026-08-05,6,17,10,PUBLICATION_ELIGIBLE,6 active months; 17/10 split-half opportunities
669016,Brandon Marsh,26,2,24,0.0769230769231,4.19375043928,0.161298093819,-2.19375043928,-0.0843750168954,-0.532708935834,0.104780294031,-0.0565177997871,-0.119084093498,0.0551512688796,0.0422140003206,0.216449362698,0.174235362377,True,False,NORMAL_RANDOM_EFFECT_EMPIRICAL_BAYES,False,AVERAGE_OR_UNCERTAIN,0.161298093819,0.124698174651,0.832891119158,0.750216192106,0.115384615385,0.307692307692,0.269230769231,0.307692307692,0,0,0.153846153846,0.346153846154,0.384615384615,0.615384615385,AVERAGE,3,2,1,0.666666666667,269,3,0.0111524163569,1,0.333333333333,26,2,24,21.8062495607,True,2026-03-28,2026-09-04,7,8,18,PUBLICATION_ELIGIBLE,7 active months; 8/18 split-half opportunities
657757,Gavin Sheets,33,2,31,0.0606060606061,4.80074489178,0.145477117933,-2.80074489178,-0.0848710573267,-0.630564280436,0.0874327036523,-0.0580444142805,-0.109575492257,0.0349793776145,0.0359016256753,0.180456495547,0.144554869872,True,True,NORMAL_RANDOM_EFFECT_EMPIRICAL_BAYES,True,AVERAGE_OR_UNCERTAIN,0.145477117933,0.106912520353,0.946197555989,0.655709645908,0.151515151515,0.30303030303,0.121212121212,0.484848484848,0.121212121212,0.121212121212,0.454545454545,0.121212121212,0.242424242424,0.757575757576,AVERAGE,6,2,4,0.333333333333,308,6,0.0194805194805,4,0.666666666667,33,2,31,28.1992551082,True,2026-03-28,2026-08-22,6,18,15,RANKING_ELIGIBLE,6 active months; 18/15 split-half opportunities
695734,Daylen Lile,30,2,28,0.0666666666667,4.54893720626,0.151631240209,-2.54893720626,-0.084964573542,-0.583849099948,0.093236155921,-0.0583950842876,-0.114610172852,0.0445205566426,0.0370210673564,0.196151796851,0.159130729495,True,True,NORMAL_RANDOM_EFFECT_EMPIRICAL_BAYES,True,AVERAGE_OR_UNCERTAIN,0.151631240209,0.134088288891,1.08761984004,0.97570316584,0.533333333333,0.166666666667,0.0333333333333,0.3,0,0,0.233333333333,0.3,0.366666666667,0.633333333333,AVERAGE,4,2,2,0.5,243,4,0.0164609053498,2,0.5,30,2,28,25.4510627937,True,2026-04-01,2026-09-05,6,18,12,RANKING_ELIGIBLE,6 active months; 18/12 split-half opportunities
676724,Jared Young,20,2,18,0.1,3.84875567886,0.192437783943,-1.84875567886,-0.0924377839432,-0.485674446963,0.133968798403,-0.0584689855398,-0.137425557507,0.0738214774,0.0550122264364,0.266259261343,0.211247034907,True,False,NORMAL_RANDOM_EFFECT_EMPIRICAL_BAYES,False,AVERAGE_OR_UNCERTAIN,0.192437783943,0.15160142132,0.920017344267,0.589245161275,0.25,0.25,0.4,0.1,0.1,0.1,0.3,0.3,0.4,0.6,AVERAGE,8,3,5,0.375,172,8,0.046511627907,5,0.625,20,2,18,16.1512443211,True,2026-04-10,2026-09-05,6,9,11,PUBLICATION_ELIGIBLE,6 active months; 9/11 split-half opportunities
668904,Royce Lewis,28,3,25,0.107142857143,5.5561278996,0.198433139272,-2.5561278996,-0.0912902821287,-0.560478041299,0.135874970585,-0.0625581686867,-0.13306457803,0.0458005592005,0.065368561242,0.244233698472,0.17886513723,True,False,NORMAL_RANDOM_EFFECT_EMPIRICAL_BAYES,False,AVERAGE_OR_UNCERTAIN,0.198433139272,0.138973032408,1.20345615299,0.918144056761,0.214285714286,0.357142857143,0.0714285714286,0.428571428571,0.0357142857143,0.0357142857143,0.25,0.25,0.25,0.75,AVERAGE,6,3,3,0.5,220,6,0.0272727272727,3,0.5,28,3,25,22.4438721004,True,2026-03-26,2026-09-05,7,9,19,PUBLICATION_ELIGIBLE,7 active months; 9/19 split-half opportunities
663993,Nathaniel Lowe,33,3,30,0.0909090909091,5.82201707212,0.176424759761,-2.82201707212,-0.0855156688521,-0.553765663867,0.113294640692,-0.063130119069,-0.126929631798,0.0419647502819,0.0494951279629,0.218389510043,0.16889438208,True,True,NORMAL_RANDOM_EFFECT_EMPIRICAL_BAYES,True,AVERAGE_OR_UNCERTAIN,0.176424759761,0.139279799489,1.07294751792,0.915062100771,0.212121212121,0.242424242424,0.363636363636,0.212121212121,0.030303030303,0.030303030303,0.272727272727,0.333333333333,0.242424242424,0.757575757576,AVERAGE,8,3,5,0.375,281,8,0.0284697508897,5,0.625,33,3,30,27.1779829279,True,2026-04-01,2026-09-03,6,19,14,RANKING_ELIGIBLE,6 active months; 19/14 split-half opportunities
624413,Pete Alonso,64,8,56,0.125,12.7381210714,0.199033141741,-4.73812107142,-0.0740331417409,-0.528373569158,0.135691117586,-0.0633420241545,-0.122259485815,0.0170451836483,0.0767736559263,0.216078325389,0.139304669463,True,True,NORMAL_RANDOM_EFFECT_EMPIRICAL_BAYES,True,AVERAGE_OR_UNCERTAIN,0.199033141741,0.134266632021,1.07434568192,0.74190453359,0.078125,0.546875,0.09375,0.390625,0.109375,0.109375,0.34375,0.21875,0.28125,0.71875,AVERAGE,15,8,7,0.533333333333,413,15,0.0363196125908,7,0.466666666667,64,8,56,51.2618789286,True,2026-03-29,2026-09-09,7,38,26,RANKING_ELIGIBLE,7 active months; 38/26 split-half opportunities
670541,Yordan Alvarez,23,1,22,0.0434782608696,3.45544556091,0.150236763518,-2.45544556091,-0.106758502648,-0.674061762094,0.0863515310204,-0.0638852324973,-0.118561418925,0.0431791995714,0.0316753445924,0.193415963089,0.161740618497,True,False,NORMAL_RANDOM_EFFECT_EMPIRICAL_BAYES,False,AVERAGE_OR_UNCERTAIN,0.150236763518,0.133141321588,0.90440515747,0.609665018579,0.304347826087,0.260869565217,0.173913043478,0.347826086957,0.0434782608696,0.0434782608696,0.521739130435,0.130434782609,0.391304347826,0.608695652174,AVERAGE,2,1,1,0.5,364,2,0.00549450549451,1,0.5,23,1,22,19.5445544391,True,2026-04-07,2026-09-03,6,11,12,PUBLICATION_ELIGIBLE,6 active months; 11/12 split-half opportunities
608348,Carson Kelly,30,3,27,0.1,5.8207306829,0.194024356097,-2.8207306829,-0.0940243560967,-0.608737405312,0.129100856696,-0.0649234994004,-0.130040953729,0.0392521513931,0.0639834023676,0.23327650749,0.169293105122,True,True,NORMAL_RANDOM_EFFECT_EMPIRICAL_BAYES,True,AVERAGE_OR_UNCERTAIN,0.194024356097,0.15127360199,0.955265297391,0.792749744789,0.133333333333,0.2,0.133333333333,0.566666666667,0.0666666666667,0.0666666666667,0.333333333333,0.266666666667,0.1,0.9,AVERAGE,4,3,1,0.75,246,4,0.0162601626016,1,0.25,30,3,27,24.1792693171,True,2026-03-28,2026-09-06,7,9,21,RANKING_ELIGIBLE,7 active months; 9/21 split-half opportunities
691777,Max Muncy,21,2,19,0.0952380952381,4.1403659266,0.197160282219,-2.1403659266,-0.101922186981,-0.540770311038,0.131910374556,-0.0652499076634,-0.142475242935,0.0623347510264,0.0546850392845,0.259495033246,0.204809993961,True,False,NORMAL_RANDOM_EFFECT_EMPIRICAL_BAYES,False,AVERAGE_OR_UNCERTAIN,0.197160282219,0.163854664385,1.18448080826,0.877104466637,0.047619047619,0.428571428571,0.0952380952381,0.52380952381,0,0,0.380952380952,0.380952380952,0.238095238095,0.761904761905,AVERAGE,4,2,2,0.5,158,4,0.0253164556962,2,0.5,21,2,19,16.8596340734,True,2026-03-28,2026-09-07,6,7,14,PUBLICATION_ELIGIBLE,6 active months; 7/14 split-half opportunities
686217,Sal Frelick,25,2,23,0.08,4.45494996231,0.178197998492,-2.45494996231,-0.0981979984923,-0.579867117563,0.112427232661,-0.0657707658317,-0.132606129604,0.0512150167578,0.045591868888,0.22941301525,0.183821146362,True,False,NORMAL_RANDOM_EFFECT_EMPIRICAL_BAYES,False,AVERAGE_OR_UNCERTAIN,0.178197998492,0.1523292997,0.95737904199,0.747380844943,0.4,0.16,0.24,0.24,0.08,0.08,0.28,0.32,0.24,0.76,AVERAGE,7,2,5,0.285714285714,256,7,0.02734375,5,0.714285714286,25,2,23,20.5450500377,True,2026-03-26,2026-09-09,7,20,5,PUBLICATION_ELIGIBLE,7 active months; 20/5 split-half opportunities
592663,J.T. Realmuto,29,2,27,0.0689655172414,4.87663533857,0.168159839261,-2.87663533857,-0.0991943220196,-0.664848525518,0.102259360907,-0.0659004783538,-0.124044763146,0.0329944742243,0.0441150761147,0.201154313485,0.157039237371,True,False,NORMAL_RANDOM_EFFECT_EMPIRICAL_BAYES,False,AVERAGE_OR_UNCERTAIN,0.168159839261,0.136760595416,0.932741179169,0.719004912834,0.379310344828,0.103448275862,0.137931034483,0.413793103448,0.137931034483,0.137931034483,0.344827586207,0.344827586207,0.51724137931,0.48275862069,AVERAGE,6,2,4,0.333333333333,270,6,0.0222222222222,4,0.666666666667,29,2,27,24.1233646614,True,2026-05-12,2026-09-09,5,9,20,PUBLICATION_ELIGIBLE,5 active months; 9/20 split-half opportunities
678554,Curtis Mead,32,3,29,0.09375,6.08093260573,0.190029143929,-3.08093260573,-0.0962791439289,-0.644204735755,0.123257065301,-0.0667720786279,-0.130247349169,0.031163766931,0.05978179476,0.22119291086,0.1614111161,True,True,NORMAL_RANDOM_EFFECT_EMPIRICAL_BAYES,True,AVERAGE_OR_UNCERTAIN,0.190029143929,0.134636162375,1.06490780375,0.807842607928,0.3125,0.1875,0.0625,0.5,0.09375,0.09375,0.375,0.28125,0.40625,0.59375,AVERAGE,10,3,7,0.3,277,10,0.0361010830325,7,0.7,32,3,29,25.9190673943,True,2026-04-10,2026-07-19,4,21,11,RANKING_ELIGIBLE,4 active months; 21/11 split-half opportunities
592885,Christian Yelich,41,6,35,0.146341463415,9.48083784101,0.231239947342,-3.48083784101,-0.0848984839271,-0.510030226238,0.163139370648,-0.068100576694,-0.143136799033,0.0356369685528,0.0881031483087,0.266876915894,0.178773767586,True,True,NORMAL_RANDOM_EFFECT_EMPIRICAL_BAYES,True,AVERAGE_OR_UNCERTAIN,0.231239947342,0.181848769121,0.77750687543,0.577816035785,0.146341463415,0.390243902439,0.317073170732,0.19512195122,0.121951219512,0.121951219512,0.341463414634,0.414634146341,0.341463414634,0.658536585366,EASIER_THAN_AVERAGE,8,6,2,0.75,270,8,0.0296296296296,2,0.25,41,6,35,31.519162159,True,2026-03-28,2026-09-09,7,15,26,RANKING_ELIGIBLE,7 active months; 15/26 split-half opportunities
690976,Alex Freeland,28,3,25,0.107142857143,5.72194485418,0.204355173364,-2.72194485418,-0.0972123162208,-0.570008628172,0.136191038326,-0.0681641350379,-0.141941673332,0.0440149439771,0.0624135000316,0.248370117341,0.185956617309,True,False,NORMAL_RANDOM_EFFECT_EMPIRICAL_BAYES,False,AVERAGE_OR_UNCERTAIN,0.204355173364,0.13347441042,0.984807487187,0.82879640534,0.428571428571,0.214285714286,0.107142857143,0.285714285714,0.142857142857,0.142857142857,0.285714285714,0.321428571429,0.25,0.75,AVERAGE,5,3,2,0.6,201,5,0.0248756218905,2,0.4,28,3,25,22.2780551458,True,2026-04-04,2026-09-08,5,18,10,PUBLICATION_ELIGIBLE,5 active months; 18/10 split-half opportunities
677800,Wilyer Abreu,41,6,35,0.146341463415,9.67477921043,0.235970224645,-3.67477921043,-0.0896287612299,-0.551584333527,0.16533854304,-0.0706316816048,-0.144472346049,0.0293526604513,0.0914978785952,0.265322885096,0.173825006501,True,True,NORMAL_RANDOM_EFFECT_EMPIRICAL_BAYES,True,AVERAGE_OR_UNCERTAIN,0.235970224645,0.166958262539,1.22547092381,1.06572089092,0.487804878049,0.219512195122,0.0975609756098,0.317073170732,0.19512195122,0.19512195122,0.536585365854,0.0975609756098,0.317073170732,0.682926829268,EASIER_THAN_AVERAGE,10,6,4,0.6,363,10,0.0275482093664,4,0.4,41,6,35,31.3252207896,True,2026-03-26,2026-09-07,7,22,19,RANKING_ELIGIBLE,7 active months; 22/19 split-half opportunities
666176,Jo Adell,30,3,27,0.1,6.16587162184,0.205529054061,-3.16587162184,-0.105529054061,-0.682421747531,0.134201696621,-0.0713273574405,-0.138087943517,0.0291534226213,0.0674411105448,0.234682476683,0.167241366138,True,True,NORMAL_RANDOM_EFFECT_EMPIRICAL_BAYES,True,AVERAGE_OR_UNCERTAIN,0.205529054061,0.130643489948,1.00376154575,0.7867234834,0.166666666667,0.266666666667,0.0666666666667,0.566666666667,0.2,0.2,0.3,0.333333333333,0.4,0.6,AVERAGE,7,3,4,0.428571428571,272,7,0.0257352941176,4,0.571428571429,30,3,27,23.8341283782,True,2026-04-04,2026-09-09,6,14,16,RANKING_ELIGIBLE,6 active months; 14/16 split-half opportunities
696285,Jacob Young,47,5,42,0.106382978723,9.49826847787,0.202090818678,-4.49826847787,-0.0957078399547,-0.699148221849,0.128093185974,-0.0739976327044,-0.132806438424,0.00958957323955,0.0692843802543,0.211680391918,0.142396011663,True,True,NORMAL_RANDOM_EFFECT_EMPIRICAL_BAYES,True,AVERAGE_OR_UNCERTAIN,0.202090818678,0.123671005191,1.11545623969,0.826073762865,0.255319148936,0.297872340426,0.106382978723,0.425531914894,0.106382978723,0.106382978723,0.255319148936,0.31914893617,0.382978723404,0.617021276596,AVERAGE,6,5,1,0.833333333333,330,6,0.0181818181818,1,0.166666666667,47,5,42,37.5017315221,True,2026-04-01,2026-09-09,6,25,22,RANKING_ELIGIBLE,6 active months; 25/22 split-half opportunities
605170,Victor Caratini,27,3,24,0.111111111111,5.89040018813,0.218162969931,-2.89040018813,-0.10705185882,-0.606493102379,0.143777286274,-0.0743856836566,-0.151024271418,0.0407938555855,0.0671386985131,0.258956825516,0.191818127003,True,False,NORMAL_RANDOM_EFFECT_EMPIRICAL_BAYES,False,AVERAGE_OR_UNCERTAIN,0.218162969931,0.140459783376,1.14737297923,0.928873543642,0.333333333333,0.333333333333,0,0.407407407407,0.037037037037,0.037037037037,0.222222222222,0.444444444444,0.444444444444,0.555555555556,EASIER_THAN_AVERAGE,7,3,4,0.428571428571,252,7,0.0277777777778,4,0.571428571429,27,3,24,21.1095998119,True,2026-04-01,2026-08-01,5,17,10,PUBLICATION_ELIGIBLE,5 active months; 17/10 split-half opportunities
553993,Eugenio Suárez,44,5,39,0.113636363636,9.27239439166,0.210736236174,-4.27239439166,-0.0970998725378,-0.646377534908,0.134523131635,-0.0762131045391,-0.140988429988,0.0170554034989,0.0697478061863,0.227791639673,0.158043833487,True,True,NORMAL_RANDOM_EFFECT_EMPIRICAL_BAYES,True,AVERAGE_OR_UNCERTAIN,0.210736236174,0.147117956829,1.08205036849,0.968921544341,0.25,0.159090909091,0.0681818181818,0.568181818182,0.136363636364,0.136363636364,0.340909090909,0.227272727273,0.386363636364,0.613636363636,EASIER_THAN_AVERAGE,11,5,6,0.454545454545,309,11,0.0355987055016,6,0.545454545455,44,5,39,34.7276056083,True,2026-03-28,2026-09-08,7,17,27,RANKING_ELIGIBLE,7 active months; 17/27 split-half opportunities
677870,Leo Jiménez,24,2,22,0.0833333333333,4.92204024656,0.205085010273,-2.92204024656,-0.12175167694,-0.686050050864,0.125930155336,-0.0791548549375,-0.150436760706,0.037219937746,0.0546482495678,0.242304948019,0.187656698452,True,False,NORMAL_RANDOM_EFFECT_EMPIRICAL_BAYES,False,AVERAGE_OR_UNCERTAIN,0.205085010273,0.153217970046,0.926389394995,0.762097492749,0.25,0.291666666667,0.0833333333333,0.416666666667,0.291666666667,0.291666666667,0.166666666667,0.375,0.458333333333,0.541666666667,AVERAGE,4,2,2,0.5,137,4,0.029197080292,2,0.5,24,2,22,19.0779597534,True,2026-04-25,2026-08-31,5,14,10,PUBLICATION_ELIGIBLE,5 active months; 14/10 split-half opportunities
663837,Matt Vierling,23,1,22,0.0434782608696,4.00725836992,0.174228624779,-3.00725836992,-0.13075036391,-0.777726962237,0.0942916089533,-0.0799370158261,-0.138071304465,0.0289245090127,0.0361573203141,0.203153133792,0.166995813478,True,False,NORMAL_RANDOM_EFFECT_EMPIRICAL_BAYES,False,AVERAGE_OR_UNCERTAIN,0.174228624779,0.131073617327,0.886220204863,0.912746193301,0.260869565217,0.304347826087,0.130434782609,0.391304347826,0.0869565217391,0.0869565217391,0.260869565217,0.347826086957,0.173913043478,0.826086956522,AVERAGE,2,1,1,0.5,197,2,0.010152284264,1,0.5,23,1,22,18.9927416301,True,2026-03-28,2026-07-21,5,15,8,PUBLICATION_ELIGIBLE,5 active months; 15/8 split-half opportunities
695657,Colson Montgomery,20,2,18,0.1,4.71618339617,0.235809169808,-2.71618339617,-0.135809169808,-0.708114040878,0.154994190194,-0.0808149796146,-0.160236856152,0.0404802652653,0.0755723136569,0.276289435074,0.200717121417,True,False,NORMAL_RANDOM_EFFECT_EMPIRICAL_BAYES,False,AVERAGE_OR_UNCERTAIN,0.235809169808,0.152971284635,0.855678951146,0.527617549712,0.2,0.5,0.25,0.2,0.2,0.2,0.3,0.35,0.45,0.55,EASIER_THAN_AVERAGE,3,2,1,0.666666666667,237,3,0.0126582278481,1,0.333333333333,20,2,18,15.2838166038,True,2026-03-31,2026-09-09,7,9,11,PUBLICATION_ELIGIBLE,7 active months; 9/11 split-half opportunities
694374,Tim Tawa,24,1,23,0.0416666666667,4.23254085503,0.176355868959,-3.23254085503,-0.134689202293,-0.834854061241,0.0950522310927,-0.0813036378667,-0.138280590111,0.021195320295,0.0380752788488,0.197551189254,0.159475910406,True,False,NORMAL_RANDOM_EFFECT_EMPIRICAL_BAYES,False,AVERAGE_OR_UNCERTAIN,0.176355868959,0.120496902299,1.09354928053,0.83391301794,0.333333333333,0.25,0.0416666666667,0.375,0.125,0.125,0.208333333333,0.416666666667,0.25,0.75,AVERAGE,2,1,1,0.5,177,2,0.0112994350282,1,0.5,24,1,23,19.767459145,True,2026-03-26,2026-09-08,6,8,16,PUBLICATION_ELIGIBLE,6 active months; 8/16 split-half opportunities
543807,George Springer,36,4,32,0.111111111111,7.9782199534,0.221617220928,-3.9782199534,-0.110506109817,-0.71138271607,0.140250034868,-0.08136718606,-0.147761177912,0.016915174146,0.0738560430158,0.238532395074,0.164676352058,True,True,NORMAL_RANDOM_EFFECT_EMPIRICAL_BAYES,True,AVERAGE_OR_UNCERTAIN,0.221617220928,0.158145295195,1.33371460054,1.0505855939,0.111111111111,0.333333333333,0.25,0.416666666667,0.138888888889,0.138888888889,0.333333333333,0.333333333333,0.333333333333,0.666666666667,EASIER_THAN_AVERAGE,8,4,4,0.5,231,8,0.034632034632,4,0.5,36,4,32,28.0217800466,True,2026-03-28,2026-09-07,7,19,17,RANKING_ELIGIBLE,7 active months; 19/17 split-half opportunities
680574,Matt McLain,50,6,44,0.12,11.0309335537,0.220618671075,-5.03093355374,-0.100618671075,-0.671851703707,0.139219990773,-0.0813986803019,-0.144937343596,0.00645455129957,0.0756813274786,0.227073222374,0.151391894896,True,True,NORMAL_RANDOM_EFFECT_EMPIRICAL_BAYES,True,AVERAGE_OR_UNCERTAIN,0.220618671075,0.143460166669,1.10551006377,1.0677241643,0.3,0.32,0.12,0.32,0.1,0.1,0.26,0.34,0.2,0.8,EASIER_THAN_AVERAGE,6,6,0,1,331,6,0.0181268882175,0,0,50,6,44,38.9690664463,True,2026-03-28,2026-09-08,7,30,20,RANKING_ELIGIBLE,7 active months; 30/20 split-half opportunities
545121,Ildemaro Vargas,27,2,25,0.0740740740741,5.3927392584,0.199731083645,-3.3927392584,-0.125657009571,-0.770382095627,0.117508229941,-0.0822228537032,-0.147711583795,0.0219811001845,0.0520194998499,0.221712183829,0.169692683979,True,False,NORMAL_RANDOM_EFFECT_EMPIRICAL_BAYES,False,AVERAGE_OR_UNCERTAIN,0.199731083645,0.116390264398,1.11862935389,0.928089056731,0.0740740740741,0.518518518519,0.185185185185,0.259259259259,0.037037037037,0.037037037037,0.222222222222,0.518518518519,0.518518518519,0.481481481481,AVERAGE,5,2,3,0.4,271,5,0.0184501845018,3,0.6,27,2,25,21.6072607416,True,2026-04-13,2026-09-06,6,12,15,PUBLICATION_ELIGIBLE,6 active months; 12/15 split-half opportunities
687637,Dylan Beavers,23,1,22,0.0434782608696,4.10055705481,0.178285089339,-3.10055705481,-0.13480682847,-0.795113217715,0.0956531452404,-0.082631944099,-0.14141902285,0.026972360013,0.0368660664894,0.205257449352,0.168391382863,True,False,NORMAL_RANDOM_EFFECT_EMPIRICAL_BAYES,False,AVERAGE_OR_UNCERTAIN,0.178285089339,0.129412652092,0.836078565296,0.582059441142,0.0434782608696,0.434782608696,0.0869565217391,0.478260869565,0.130434782609,0.130434782609,0.304347826087,0.217391304348,0.478260869565,0.521739130435,AVERAGE,9,1,8,0.111111111111,226,9,0.0398230088496,8,0.888888888889,23,1,22,18.8994429452,True,2026-03-29,2026-09-06,5,8,15,PUBLICATION_ELIGIBLE,5 active months; 8/15 split-half opportunities
681351,Logan O'Hoppe,20,2,18,0.1,4.60484058262,0.230242029131,-2.60484058262,-0.130242029131,-0.632469778827,0.146829127216,-0.083412901915,-0.167301434441,0.0517533342742,0.0629405946904,0.281995363405,0.219054768715,True,False,NORMAL_RANDOM_EFFECT_EMPIRICAL_BAYES,False,AVERAGE_OR_UNCERTAIN,0.230242029131,0.197149513991,1.179961037,1.23293489853,0.2,0.45,0,0.4,0.1,0.1,0.3,0.35,0.2,0.8,EASIER_THAN_AVERAGE,7,2,5,0.285714285714,127,7,0.0551181102362,5,0.714285714286,20,2,18,15.3951594174,True,2026-03-31,2026-09-01,6,14,6,PUBLICATION_ELIGIBLE,6 active months; 14/6 split-half opportunities
571970,Max Muncy,29,3,26,0.103448275862,6.61847839098,0.228223392792,-3.61847839098,-0.12477511693,-0.74433344167,0.142824230047,-0.085399162745,-0.158044789685,0.0204739683207,0.0701786031079,0.248697361113,0.178518758005,True,False,NORMAL_RANDOM_EFFECT_EMPIRICAL_BAYES,False,AVERAGE_OR_UNCERTAIN,0.228223392792,0.110036300791,0.703133272589,0.53526499899,0.241379310345,0.344827586207,0.172413793103,0.275862068966,0.172413793103,0.172413793103,0.241379310345,0.344827586207,0.310344827586,0.689655172414,EASIER_THAN_AVERAGE,7,3,4,0.428571428571,308,7,0.0227272727273,4,0.571428571429,29,3,26,22.381521609,True,2026-03-26,2026-08-25,6,15,14,PUBLICATION_ELIGIBLE,6 active months; 15/14 split-half opportunities
665877,José Fermín,26,2,24,0.0769230769231,5.32440147149,0.204784671981,-3.32440147149,-0.127861595057,-0.739883301765,0.119233419093,-0.0855512528878,-0.153298199657,0.0265704489998,0.0514864723231,0.23135512098,0.179868648657,True,False,NORMAL_RANDOM_EFFECT_EMPIRICAL_BAYES,False,AVERAGE_OR_UNCERTAIN,0.204784671981,0.158718591345,1.09388334063,0.916734823018,0.692307692308,0.0769230769231,0.0769230769231,0.269230769231,0.0384615384615,0.0384615384615,0.230769230769,0.346153846154,0.115384615385,0.884615384615,AVERAGE,10,2,8,0.2,298,10,0.0335570469799,8,0.8,26,2,24,20.6755985285,True,2026-04-20,2026-09-09,6,8,18,PUBLICATION_ELIGIBLE,6 active months; 8/18 split-half opportunities
669707,Jared Triolo,28,2,26,0.0714285714286,5.62637238742,0.200941870979,-3.62637238742,-0.129513299551,-0.804349111517,0.115225466135,-0.0857164048447,-0.149703605808,0.0159887896766,0.0512382651717,0.216930660656,0.165692395484,True,False,NORMAL_RANDOM_EFFECT_EMPIRICAL_BAYES,False,AVERAGE_OR_UNCERTAIN,0.200941870979,0.127978496522,0.844191567831,0.786978020267,0.107142857143,0.25,0.25,0.428571428571,0.214285714286,0.214285714286,0.392857142857,0.357142857143,0.214285714286,0.785714285714,AVERAGE,2,2,0,1,214,2,0.00934579439252,0,0,28,2,26,22.3736276126,True,2026-03-28,2026-09-03,6,7,21,PUBLICATION_ELIGIBLE,6 active months; 7/21 split-half opportunities
686948,Drake Baldwin,24,1,23,0.0416666666667,4.31682720027,0.179867800011,-3.31682720027,-0.138201133345,-0.813773587566,0.0923035288639,-0.0875642711474,-0.145310852153,0.0239663123603,0.0345569478588,0.203834112372,0.169277164513,True,False,NORMAL_RANDOM_EFFECT_EMPIRICAL_BAYES,False,AVERAGE_OR_UNCERTAIN,0.179867800011,0.161316439471,0.748535225791,0.514346292395,0.375,0.166666666667,0.166666666667,0.416666666667,0.166666666667,0.166666666667,0.541666666667,0.125,0.166666666667,0.833333333333,AVERAGE,1,1,0,1,266,1,0.00375939849624,0,0,24,1,23,19.6831727997,True,2026-03-31,2026-09-08,7,11,13,PUBLICATION_ELIGIBLE,7 active months; 11/13 split-half opportunities
596019,Francisco Lindor,36,0,36,0,5.17999969797,0.143888880499,-5.17999969797,-0.143888880499,-1.21068288875,0.0529596080279,-0.0909292724711,-0.124758809199,-0.02175674621,0.0191300713001,0.122132134289,0.103002062989,True,True,NORMAL_RANDOM_EFFECT_EMPIRICAL_BAYES,True,BELOW_EXPECTED,0.143888880499,0.0936368603998,1.104548336,0.792234538826,0.444444444444,0.194444444444,0.194444444444,0.277777777778,0.0833333333333,0.0833333333333,0.666666666667,0.194444444444,0.277777777778,0.722222222222,AVERAGE,1,0,1,0,237,1,0.0042194092827,1,1,36,0,36,30.820000302,True,2026-03-26,2026-09-08,6,6,30,RANKING_ELIGIBLE,6 active months; 6/30 split-half opportunities
680700,Richie Palacios,24,2,22,0.0833333333333,5.35193441306,0.222997267211,-3.35193441306,-0.139663933878,-0.755230407147,0.130966120906,-0.0920311463054,-0.166396531619,0.0270485863759,0.0566007355922,0.250045853587,0.193445117995,True,False,NORMAL_RANDOM_EFFECT_EMPIRICAL_BAYES,False,AVERAGE_OR_UNCERTAIN,0.222997267211,0.144523204285,1.13316146053,0.850805885369,0.541666666667,0.0833333333333,0.166666666667,0.291666666667,0.166666666667,0.166666666667,0.291666666667,0.291666666667,0.291666666667,0.708333333333,EASIER_THAN_AVERAGE,6,2,4,0.333333333333,210,6,0.0285714285714,4,0.666666666667,24,2,22,18.6480655869,True,2026-03-28,2026-09-09,7,18,6,PUBLICATION_ELIGIBLE,7 active months; 18/6 split-half opportunities
681082,Bryson Stott,43,3,40,0.0697674418605,8.34252384718,0.194012182493,-5.34252384718,-0.124244740632,-0.893282624681,0.100802588099,-0.0932095943932,-0.146742731368,-0.00784465387131,0.0472694511249,0.186167528621,0.138898077496,True,True,NORMAL_RANDOM_EFFECT_EMPIRICAL_BAYES,True,BELOW_EXPECTED,0.194012182493,0.130519137251,0.927126926635,0.705381145138,0.186046511628,0.302325581395,0.0232558139535,0.488372093023,0.0697674418605,0.0697674418605,0.325581395349,0.418604651163,0.279069767442,0.720930232558,AVERAGE,7,3,4,0.428571428571,479,7,0.0146137787056,4,0.571428571429,43,3,40,34.6574761528,True,2026-04-01,2026-09-08,6,13,30,RANKING_ELIGIBLE,6 active months; 13/30 split-half opportunities
677594,Julio Rodríguez,37,2,35,0.0540540540541,6.87179032086,0.185724062726,-4.87179032086,-0.131670008672,-0.899903218423,0.0900165897433,-0.0957074729826,-0.147814565476,-0.00415025874928,0.0379094972499,0.181573803977,0.143664306727,True,True,NORMAL_RANDOM_EFFECT_EMPIRICAL_BAYES,True,BELOW_EXPECTED,0.185724062726,0.168340018015,1.02253327591,0.789192297317,0.0540540540541,0.594594594595,0.135135135135,0.297297297297,0.0810810810811,0.0810810810811,0.297297297297,0.243243243243,0.324324324324,0.675675675676,AVERAGE,5,2,3,0.4,289,5,0.0173010380623,3,0.6,37,2,35,30.1282096791,True,2026-03-30,2026-08-29,6,21,16,RANKING_ELIGIBLE,6 active months; 21/16 split-half opportunities
668939,Adley Rutschman,25,2,23,0.08,5.65603143505,0.226241257402,-3.65603143505,-0.146241257402,-0.822548777672,0.130469082551,-0.0957721748508,-0.165772858205,0.0154028186233,0.0604683991967,0.241644076025,0.181175676829,True,False,NORMAL_RANDOM_EFFECT_EMPIRICAL_BAYES,False,AVERAGE_OR_UNCERTAIN,0.226241257402,0.179589441069,1.03919760209,0.802345321194,0.08,0.24,0.2,0.52,0.12,0.12,0.44,0.36,0.28,0.72,EASIER_THAN_AVERAGE,6,2,4,0.333333333333,297,6,0.020202020202,4,0.666666666667,25,2,23,19.343968565,True,2026-03-26,2026-09-04,7,12,13,PUBLICATION_ELIGIBLE,7 active months; 12/13 split-half opportunities
545361,Mike Trout,73,8,65,0.109589041096,16.1898405762,0.22177863803,-8.1898405762,-0.112189596934,-0.815919155471,0.125775888597,-0.0960027494331,-0.149218740086,-0.0227988743763,0.0725598979438,0.198979763654,0.12641986571,True,True,NORMAL_RANDOM_EFFECT_EMPIRICAL_BAYES,True,BELOW_EXPECTED,0.22177863803,0.152229860404,1.04742995578,0.916894954582,0.315068493151,0.109589041096,0.0821917808219,0.547945205479,0.178082191781,0.178082191781,0.315068493151,0.424657534247,0.342465753425,0.657534246575,EASIER_THAN_AVERAGE,12,8,4,0.666666666667,428,12,0.0280373831776,4,0.333333333333,73,8,65,56.8101594238,True,2026-03-27,2026-09-09,7,36,37,RANKING_ELIGIBLE,7 active months; 36/37 split-half opportunities
664034,Ty France,26,1,25,0.0384615384615,5.03349900303,0.193596115501,-4.03349900303,-0.15513457704,-0.95368580717,0.0952910947678,-0.0983050207335,-0.155351988942,0.00199609383085,0.0382441265589,0.195592209332,0.157348082773,True,False,NORMAL_RANDOM_EFFECT_EMPIRICAL_BAYES,False,AVERAGE_OR_UNCERTAIN,0.193596115501,0.131237207886,1.13991097254,0.878068548602,0.384615384615,0.153846153846,0.115384615385,0.346153846154,0.0769230769231,0.0769230769231,0.384615384615,0.423076923077,0.307692307692,0.692307692308,AVERAGE,4,1,3,0.25,180,4,0.0222222222222,3,0.75,26,1,25,20.966500997,True,2026-04-23,2026-09-09,6,9,17,PUBLICATION_ELIGIBLE,6 active months; 9/17 split-half opportunities
666152,David Hamilton,22,1,21,0.0454545454545,4.54426579992,0.20655753636,-3.54426579992,-0.161102990906,-0.875349831944,0.106529917199,-0.100027619161,-0.164889635679,0.0155416673958,0.0416679006817,0.222099203756,0.180431303074,True,False,NORMAL_RANDOM_EFFECT_EMPIRICAL_BAYES,False,AVERAGE_OR_UNCERTAIN,0.20655753636,0.155989364185,1.06136179838,0.664544530439,0.136363636364,0.545454545455,0.227272727273,0.136363636364,0,0,0.454545454545,0.227272727273,0.409090909091,0.590909090909,AVERAGE,3,1,2,0.333333333333,237,3,0.0126582278481,2,0.666666666667,22,1,21,17.4557342001,True,2026-04-14,2026-09-04,6,10,12,PUBLICATION_ELIGIBLE,6 active months; 10/12 split-half opportunities
681715,Heriberto Hernández,42,3,39,0.0714285714286,8.71679462474,0.20754272916,-5.71679462474,-0.136114157732,-0.960967046048,0.106297780643,-0.101244948518,-0.156409085118,-0.0156829707302,0.0511336440427,0.19185975843,0.140726114388,True,True,NORMAL_RANDOM_EFFECT_EMPIRICAL_BAYES,True,BELOW_EXPECTED,0.20754272916,0.149461904816,0.948999401658,0.545511643865,0.0952380952381,0.452380952381,0.119047619048,0.428571428571,0.119047619048,0.119047619048,0.452380952381,0.261904761905,0.285714285714,0.714285714286,AVERAGE,12,3,9,0.25,240,12,0.05,9,0.75,42,3,39,33.2832053753,True,2026-04-04,2026-09-07,6,14,28,RANKING_ELIGIBLE,6 active months; 14/28 split-half opportunities
694497,Evan Carter,38,4,34,0.105263157895,9.13584860856,0.240417068646,-5.13584860856,-0.135153910752,-0.837897480093,0.1384237689,-0.101993299746,-0.168906878572,-0.00442589476432,0.0715101900742,0.235991173882,0.164480983808,True,True,NORMAL_RANDOM_EFFECT_EMPIRICAL_BAYES,True,BELOW_EXPECTED,0.240417068646,0.185414986695,0.895893968479,0.705387356042,0.0789473684211,0.394736842105,0.131578947368,0.447368421053,0.105263157895,0.105263157895,0.236842105263,0.368421052632,0.342105263158,0.657894736842,EASIER_THAN_AVERAGE,11,4,7,0.363636363636,328,11,0.0335365853659,7,0.636363636364,38,4,34,28.8641513914,True,2026-03-28,2026-09-04,7,20,18,RANKING_ELIGIBLE,7 active months; 20/18 split-half opportunities
655316,Andruw Monasterio,29,1,28,0.0344827586207,5.68240810268,0.195945106989,-4.68240810268,-0.161462348368,-1.02125224375,0.0887632305422,-0.107181876447,-0.160638222627,-0.0102472437058,0.0353068843619,0.185697863283,0.150390978921,True,False,NORMAL_RANDOM_EFFECT_EMPIRICAL_BAYES,False,BELOW_EXPECTED,0.195945106989,0.135560140249,0.890954001289,0.593508131998,0.137931034483,0.241379310345,0.0689655172414,0.586206896552,0.172413793103,0.172413793103,0.344827586207,0.275862068966,0.206896551724,0.793103448276,AVERAGE,6,1,5,0.166666666667,226,6,0.0265486725664,5,0.833333333333,29,1,28,23.3175918973,True,2026-04-14,2026-08-29,5,12,17,PUBLICATION_ELIGIBLE,5 active months; 12/17 split-half opportunities
502671,Paul Goldschmidt,36,1,35,0.0277777777778,6.94176289888,0.192826747191,-5.94176289888,-0.165048969413,-1.15780284923,0.0776008575738,-0.115225889617,-0.161525030336,-0.0309796772941,0.0313017168548,0.161847069897,0.130545353042,True,True,NORMAL_RANDOM_EFFECT_EMPIRICAL_BAYES,True,BELOW_EXPECTED,0.192826747191,0.137207969992,1.02126673189,0.828954812526,0.0277777777778,0.416666666667,0.222222222222,0.416666666667,0.0833333333333,0.0833333333333,0.416666666667,0.194444444444,0.25,0.75,AVERAGE,6,1,5,0.166666666667,244,6,0.0245901639344,5,0.833333333333,36,1,35,29.0582371011,True,2026-04-13,2026-09-05,6,18,18,RANKING_ELIGIBLE,6 active months; 18/18 split-half opportunities
650490,Yandy Díaz,51,0,51,0,8.27894509646,0.162332256793,-8.27894509646,-0.162332256793,-1.50182556887,0.0468578015599,-0.115474455233,-0.14433346679,-0.057335654,0.0179987900035,0.104996602793,0.0869978127898,True,True,NORMAL_RANDOM_EFFECT_EMPIRICAL_BAYES,True,BELOW_EXPECTED,0.162332256793,0.112607276706,0.97598587221,0.710852205033,0.176470588235,0.176470588235,0.352941176471,0.294117647059,0.0392156862745,0.0392156862745,0.372549019608,0.313725490196,0.294117647059,0.705882352941,AVERAGE,0,0,0,,378,0,0,0,,51,0,51,42.7210549035,True,2026-03-31,2026-09-06,7,22,29,RANKING_ELIGIBLE,7 active months; 22/29 split-half opportunities
608070,José Ramírez,34,0,34,0,6.17267975159,0.181549404458,-6.17267975159,-0.181549404458,-1.37275995311,0.0648888588297,-0.116660545629,-0.156114405919,-0.041817631028,0.0254349985397,0.13973177343,0.114296774891,True,True,NORMAL_RANDOM_EFFECT_EMPIRICAL_BAYES,True,BELOW_EXPECTED,0.181549404458,0.127706686344,1.12199868879,0.9586704773,0.382352941176,0.117647058824,0.147058823529,0.411764705882,0.0294117647059,0.0294117647059,0.264705882353,0.411764705882,0.411764705882,0.588235294118,AVERAGE,4,0,4,0,299,4,0.0133779264214,4,1,34,0,34,27.8273202484,True,2026-03-27,2026-09-04,7,23,11,RANKING_ELIGIBLE,7 active months; 23/11 split-half opportunities
694192,Jackson Chourio,31,0,31,0,5.78231128383,0.186526170446,-5.78231128383,-0.186526170446,-1.2981256631,0.066541618213,-0.119984552233,-0.161564423601,-0.037153442972,0.0249617468452,0.149372727474,0.124410980629,True,True,NORMAL_RANDOM_EFFECT_EMPIRICAL_BAYES,True,BELOW_EXPECTED,0.186526170446,0.118694514583,1.07793234657,0.950951948793,0.161290322581,0.354838709677,0.225806451613,0.322580645161,0.0322580645161,0.0322580645161,0.354838709677,0.387096774194,0.322580645161,0.677419354839,AVERAGE,3,0,3,0,316,3,0.00949367088608,3,1,31,0,31,25.2176887162,True,2026-05-04,2026-09-05,5,11,20,RANKING_ELIGIBLE,5 active months; 11/20 split-half opportunities
672960,Kazuma Okamoto,45,2,43,0.0444444444444,9.40323932476,0.208960873884,-7.40323932476,-0.164516429439,-1.19922069849,0.0857159747233,-0.12324489916,-0.170568814961,-0.0447810866664,0.0383920589227,0.164179787217,0.125787728295,True,True,NORMAL_RANDOM_EFFECT_EMPIRICAL_BAYES,True,BELOW_EXPECTED,0.208960873884,0.160261406843,1.06737703531,1.02703971189,0.0666666666667,0.333333333333,0.133333333333,0.488888888889,0.111111111111,0.111111111111,0.377777777778,0.222222222222,0.355555555556,0.644444444444,EASIER_THAN_AVERAGE,7,2,5,0.285714285714,359,7,0.0194986072423,5,0.714285714286,45,2,43,35.5967606752,True,2026-03-27,2026-09-08,7,28,17,RANKING_ELIGIBLE,7 active months; 28/17 split-half opportunities
802415,Chandler Simpson,27,0,27,0,5.4245843286,0.200910530689,-5.4245843286,-0.200910530689,-1.30209741374,0.0776367028581,-0.123273827831,-0.170636454236,-0.0352042291524,0.0302740764526,0.165706301537,0.135432225084,True,False,NORMAL_RANDOM_EFFECT_EMPIRICAL_BAYES,False,BELOW_EXPECTED,0.200910530689,0.134488458735,0.783988933306,0.525243851929,0.222222222222,0.407407407407,0.333333333333,0.0740740740741,0.148148148148,0.148148148148,0.259259259259,0.296296296296,0.222222222222,0.777777777778,AVERAGE,5,0,5,0,318,5,0.0157232704403,5,1,27,0,27,21.5754156714,True,2026-04-05,2026-09-06,6,16,11,PUBLICATION_ELIGIBLE,6 active months; 16/11 split-half opportunities
664040,Brandon Lowe,33,1,32,0.030303030303,7.03551951425,0.213197561038,-6.03551951425,-0.182894530735,-1.20954065895,0.0880383253242,-0.125159235714,-0.176699816024,-0.0372068138976,0.0364977450139,0.17599074714,0.139493002126,True,True,NORMAL_RANDOM_EFFECT_EMPIRICAL_BAYES,True,BELOW_EXPECTED,0.213197561038,0.128758215678,1.21728108193,1.0334790661,0.242424242424,0.393939393939,0.0909090909091,0.484848484848,0.0606060606061,0.0606060606061,0.30303030303,0.272727272727,0.454545454545,0.545454545455,EASIER_THAN_AVERAGE,2,1,1,0.5,276,2,0.00724637681159,1,0.5,33,1,32,25.9644804858,True,2026-04-14,2026-09-06,6,17,16,RANKING_ELIGIBLE,6 active months; 17/16 split-half opportunities
669003,Garrett Mitchell,34,2,32,0.0588235294118,8.00885713878,0.235554621729,-6.00885713878,-0.176731092317,-1.10797793087,0.109724601509,-0.12583002022,-0.185305935571,-0.0316196026892,0.0502486861583,0.20393501904,0.153686332881,True,True,NORMAL_RANDOM_EFFECT_EMPIRICAL_BAYES,True,BELOW_EXPECTED,0.235554621729,0.164751952669,0.975156443799,0.755216308485,0.176470588235,0.323529411765,0.264705882353,0.235294117647,0.205882352941,0.205882352941,0.382352941176,0.294117647059,0.411764705882,0.588235294118,EASIER_THAN_AVERAGE,8,2,6,0.25,292,8,0.027397260274,6,0.75,34,2,32,25.9911428612,True,2026-03-30,2026-09-05,7,12,22,RANKING_ELIGIBLE,7 active months; 12/22 split-half opportunities
683734,Andrew Vaughn,33,0,33,0,6.4815432833,0.196410402524,-6.4815432833,-0.196410402524,-1.36391867647,0.0656693847115,-0.130741017813,-0.171680452759,-0.0495566441257,0.0247299497658,0.146853758399,0.122123808633,True,True,NORMAL_RANDOM_EFFECT_EMPIRICAL_BAYES,True,BELOW_EXPECTED,0.196410402524,0.158741883824,1.00784314701,0.915402762081,0.151515151515,0.181818181818,0.121212121212,0.545454545455,0.0909090909091,0.0909090909091,0.30303030303,0.242424242424,0.272727272727,0.727272727273,AVERAGE,0,0,0,,266,0,0,0,,33,0,33,26.5184567167,True,2026-05-04,2026-09-09,5,9,24,RANKING_ELIGIBLE,5 active months; 9/24 split-half opportunities
663586,Austin Riley,34,1,33,0.0294117647059,7.61710120993,0.224032388527,-6.61710120993,-0.194620623822,-1.27135849076,0.0884786164413,-0.135553772086,-0.186701802383,-0.0466589610736,0.0373305861448,0.177373427454,0.140042841309,True,True,NORMAL_RANDOM_EFFECT_EMPIRICAL_BAYES,True,BELOW_EXPECTED,0.224032388527,0.164737529147,0.910371198379,0.555531509332,0.235294117647,0.294117647059,0.0882352941176,0.588235294118,0.264705882353,0.264705882353,0.382352941176,0.382352941176,0.176470588235,0.823529411765,EASIER_THAN_AVERAGE,5,1,4,0.2,316,5,0.0158227848101,4,0.8,34,1,33,26.3828987901,True,2026-03-31,2026-09-07,7,16,18,RANKING_ELIGIBLE,7 active months; 16/18 split-half opportunities
665833,Oneil Cruz,26,1,25,0.0384615384615,6.75513121962,0.259812739216,-5.75513121962,-0.221351200755,-1.16825768333,0.108853491105,-0.150959248112,-0.215190199161,-0.0390087266827,0.0446225400554,0.220804012534,0.176181472478,True,False,NORMAL_RANDOM_EFFECT_EMPIRICAL_BAYES,False,BELOW_EXPECTED,0.259812739216,0.203227177163,1.18870524048,0.974164654771,0.192307692308,0.346153846154,0.230769230769,0.269230769231,0.230769230769,0.230769230769,0.346153846154,0.384615384615,0.269230769231,0.730769230769,EASIER_THAN_AVERAGE,6,1,5,0.166666666667,243,6,0.0246913580247,5,0.833333333333,26,1,25,19.2448687804,True,2026-03-26,2026-09-06,6,20,6,PUBLICATION_ELIGIBLE,6 active months; 20/6 split-half opportunities
